rho_th,IA_th,count_in,count_in_CI,count_out,r2_in,r2in_CI,r2_out,r2out_CI
6.679758371319622e-05,0.03708275780345828,0.1,0.2262157162854099,439.9,0.0,0.0,0.5850953876972198,0.03563167202279835
0.001720719986434023,0.03708275780345828,0.1,0.2262157162854099,439.9,0.0,0.0,0.5850953876972198,0.03563167202279835
0.0033746423891548496,0.03708275780345828,0.1,0.2262157162854099,439.9,0.0,0.0,0.5850953876972198,0.03563167202279835
0.005028564791875676,0.03708275780345828,0.1,0.2262157162854099,439.9,0.0,0.0,0.5850953876972198,0.03563167202279835
0.006682487194596503,0.03708275780345828,0.1,0.2262157162854099,439.9,0.0,0.0,0.5850953876972198,0.03563167202279835
0.00833640959731733,0.03708275780345828,0.0,0.0,440.0,0.0,0.0,0.5851635694503784,0.03565623725107814
0.009990332000038156,0.03708275780345828,0.0,0.0,440.0,0.0,0.0,0.5851635694503784,0.03565623725107814
0.011644254402758982,0.03708275780345828,0.0,0.0,440.0,0.0,0.0,0.5851635694503784,0.03565623725107814
0.01329817680547981,0.03708275780345828,0.0,0.0,440.0,0.0,0.0,0.5851635694503784,0.03565623725107814
0.014952099208200637,0.03708275780345828,0.0,0.0,440.0,0.0,0.0,0.5851635694503784,0.03565623725107814
0.016606021610921465,0.03708275780345828,0.0,0.0,440.0,0.0,0.0,0.5851635694503784,0.03565623725107814
0.01825994401364229,0.03708275780345828,0.0,0.0,440.0,0.0,0.0,0.5851635694503784,0.03565623725107814
0.019913866416363116,0.03708275780345828,0.0,0.0,440.0,0.0,0.0,0.5851635694503784,0.03565623725107814
0.021567788819083944,0.03708275780345828,0.0,0.0,440.0,0.0,0.0,0.5851635694503784,0.03565623725107814
0.023221711221804768,0.03708275780345828,0.0,0.0,440.0,0.0,0.0,0.5851635694503784,0.03565623725107814
0.024875633624525596,0.03708275780345828,0.0,0.0,440.0,0.0,0.0,0.5851635694503784,0.03565623725107814
0.026529556027246423,0.03708275780345828,0.0,0.0,440.0,0.0,0.0,0.5851635694503784,0.03565623725107814
0.02818347842996725,0.03708275780345828,0.0,0.0,440.0,0.0,0.0,0.5851635694503784,0.03565623725107814
0.029837400832688078,0.03708275780345828,0.0,0.0,440.0,0.0,0.0,0.5851635694503784,0.03565623725107814
0.0314913232354089,0.03708275780345828,0.0,0.0,440.0,0.0,0.0,0.5851635694503784,0.03565623725107814
0.03314524563812973,0.03708275780345828,0.0,0.0,440.0,0.0,0.0,0.5851635694503784,0.03565623725107814
0.03479916804085056,0.03708275780345828,0.0,0.0,440.0,0.0,0.0,0.5851635694503784,0.03565623725107814
0.03645309044357138,0.03708275780345828,0.0,0.0,440.0,0.0,0.0,0.5851635694503784,0.03565623725107814
0.03810701284629221,0.03708275780345828,0.0,0.0,440.0,0.0,0.0,0.5851635694503784,0.03565623725107814
0.03976093524901304,0.03708275780345828,0.0,0.0,440.0,0.0,0.0,0.5851635694503784,0.03565623725107814
0.04141485765173386,0.03708275780345828,0.0,0.0,440.0,0.0,0.0,0.5851635694503784,0.03565623725107814
0.04306878005445469,0.03708275780345828,0.0,0.0,440.0,0.0,0.0,0.5851635694503784,0.03565623725107814
0.044722702457175516,0.03708275780345828,0.0,0.0,440.0,0.0,0.0,0.5851635694503784,0.03565623725107814
0.04637662485989634,0.03708275780345828,0.0,0.0,440.0,0.0,0.0,0.5851635694503784,0.03565623725107814
0.04803054726261717,0.03708275780345828,0.0,0.0,440.0,0.0,0.0,0.5851635694503784,0.03565623725107814
0.049684469665337995,0.03708275780345828,0.0,0.0,440.0,0.0,0.0,0.5851635694503784,0.03565623725107814
0.051338392068058826,0.03708275780345828,0.0,0.0,440.0,0.0,0.0,0.5851635694503784,0.03565623725107814
0.05299231447077965,0.03708275780345828,0.0,0.0,440.0,0.0,0.0,0.5851635694503784,0.03565623725107814
0.054646236873500474,0.03708275780345828,0.0,0.0,440.0,0.0,0.0,0.5851635694503784,0.03565623725107814
0.056300159276221305,0.03708275780345828,0.0,0.0,440.0,0.0,0.0,0.5851635694503784,0.03565623725107814
0.05795408167894213,0.03708275780345828,0.0,0.0,440.0,0.0,0.0,0.5851635694503784,0.03565623725107814
0.05960800408166296,0.03708275780345828,0.0,0.0,440.0,0.0,0.0,0.5851635694503784,0.03565623725107814
0.061261926484383784,0.03708275780345828,0.0,0.0,440.0,0.0,0.0,0.5851635694503784,0.03565623725107814
0.06291584888710461,0.03708275780345828,0.0,0.0,440.0,0.0,0.0,0.5851635694503784,0.03565623725107814
0.06456977128982544,0.03708275780345828,0.0,0.0,440.0,0.0,0.0,0.5851635694503784,0.03565623725107814
6.679758371319622e-05,0.11050874762597425,1.2,1.6102152697457568,438.8,-405.31491866111753,915.7409321789388,0.5842975378036499,0.035885249735171015
0.001720719986434023,0.11050874762597425,1.1,1.6330066029712864,438.9,-405.31491866111753,915.7409321789388,0.5842958450317383,0.035883674869023566
0.0033746423891548496,0.11050874762597425,1.0,1.6520460089561035,439.0,-405.31491866111753,915.7409321789388,0.5842965304851532,0.03588309531815201
0.005028564791875676,0.11050874762597425,1.0,1.6520460089561035,439.0,-405.31491866111753,915.7409321789388,0.5842965304851532,0.03588309531815201
0.006682487194596503,0.11050874762597425,1.0,1.6520460089561035,439.0,-405.31491866111753,915.7409321789388,0.5842965304851532,0.03588309531815201
0.00833640959731733,0.11050874762597425,0.9,1.5978083629438575,439.1,-427.936865234375,911.5320204837062,0.584365862607956,0.03590719980447988
0.009990332000038156,0.11050874762597425,0.2,0.4524314325708198,439.8,-23.0777587890625,52.205517347296876,0.5850205421447754,0.035605455665044417
0.011644254402758982,0.11050874762597425,0.0,0.0,440.0,0.0,0.0,0.5851635694503784,0.03565623725107814
0.01329817680547981,0.11050874762597425,0.0,0.0,440.0,0.0,0.0,0.5851635694503784,0.03565623725107814
0.014952099208200637,0.11050874762597425,0.0,0.0,440.0,0.0,0.0,0.5851635694503784,0.03565623725107814
0.016606021610921465,0.11050874762597425,0.0,0.0,440.0,0.0,0.0,0.5851635694503784,0.03565623725107814
0.01825994401364229,0.11050874762597425,0.0,0.0,440.0,0.0,0.0,0.5851635694503784,0.03565623725107814
0.019913866416363116,0.11050874762597425,0.0,0.0,440.0,0.0,0.0,0.5851635694503784,0.03565623725107814
0.021567788819083944,0.11050874762597425,0.0,0.0,440.0,0.0,0.0,0.5851635694503784,0.03565623725107814
0.023221711221804768,0.11050874762597425,0.0,0.0,440.0,0.0,0.0,0.5851635694503784,0.03565623725107814
0.024875633624525596,0.11050874762597425,0.0,0.0,440.0,0.0,0.0,0.5851635694503784,0.03565623725107814
0.026529556027246423,0.11050874762597425,0.0,0.0,440.0,0.0,0.0,0.5851635694503784,0.03565623725107814
0.02818347842996725,0.11050874762597425,0.0,0.0,440.0,0.0,0.0,0.5851635694503784,0.03565623725107814
0.029837400832688078,0.11050874762597425,0.0,0.0,440.0,0.0,0.0,0.5851635694503784,0.03565623725107814
0.0314913232354089,0.11050874762597425,0.0,0.0,440.0,0.0,0.0,0.5851635694503784,0.03565623725107814
0.03314524563812973,0.11050874762597425,0.0,0.0,440.0,0.0,0.0,0.5851635694503784,0.03565623725107814
0.03479916804085056,0.11050874762597425,0.0,0.0,440.0,0.0,0.0,0.5851635694503784,0.03565623725107814
0.03645309044357138,0.11050874762597425,0.0,0.0,440.0,0.0,0.0,0.5851635694503784,0.03565623725107814
0.03810701284629221,0.11050874762597425,0.0,0.0,440.0,0.0,0.0,0.5851635694503784,0.03565623725107814
0.03976093524901304,0.11050874762597425,0.0,0.0,440.0,0.0,0.0,0.5851635694503784,0.03565623725107814
0.04141485765173386,0.11050874762597425,0.0,0.0,440.0,0.0,0.0,0.5851635694503784,0.03565623725107814
0.04306878005445469,0.11050874762597425,0.0,0.0,440.0,0.0,0.0,0.5851635694503784,0.03565623725107814
0.044722702457175516,0.11050874762597425,0.0,0.0,440.0,0.0,0.0,0.5851635694503784,0.03565623725107814
0.04637662485989634,0.11050874762597425,0.0,0.0,440.0,0.0,0.0,0.5851635694503784,0.03565623725107814
0.04803054726261717,0.11050874762597425,0.0,0.0,440.0,0.0,0.0,0.5851635694503784,0.03565623725107814
0.049684469665337995,0.11050874762597425,0.0,0.0,440.0,0.0,0.0,0.5851635694503784,0.03565623725107814
0.051338392068058826,0.11050874762597425,0.0,0.0,440.0,0.0,0.0,0.5851635694503784,0.03565623725107814
0.05299231447077965,0.11050874762597425,0.0,0.0,440.0,0.0,0.0,0.5851635694503784,0.03565623725107814
0.054646236873500474,0.11050874762597425,0.0,0.0,440.0,0.0,0.0,0.5851635694503784,0.03565623725107814
0.056300159276221305,0.11050874762597425,0.0,0.0,440.0,0.0,0.0,0.5851635694503784,0.03565623725107814
0.05795408167894213,0.11050874762597425,0.0,0.0,440.0,0.0,0.0,0.5851635694503784,0.03565623725107814
0.05960800408166296,0.11050874762597425,0.0,0.0,440.0,0.0,0.0,0.5851635694503784,0.03565623725107814
0.061261926484383784,0.11050874762597425,0.0,0.0,440.0,0.0,0.0,0.5851635694503784,0.03565623725107814
0.06291584888710461,0.11050874762597425,0.0,0.0,440.0,0.0,0.0,0.5851635694503784,0.03565623725107814
0.06456977128982544,0.11050874762597425,0.0,0.0,440.0,0.0,0.0,0.5851635694503784,0.03565623725107814
6.679758371319622e-05,0.1839347374484902,4.1,2.0636803469798077,435.9,-84.76983925104142,178.41142219787397,0.5853132247924805,0.036649173655369925
0.001720719986434023,0.1839347374484902,3.2,2.257124548916433,436.8,-81.25815410614014,179.12312383692483,0.5847638785839081,0.03700813278066351
0.0033746423891548496,0.1839347374484902,2.6,2.3653699144533338,437.4,-81.20737402439117,179.13616866622033,0.5840920150279999,0.03681598490199235
0.005028564791875676,0.1839347374484902,2.2,2.403523503785257,437.8,-81.17894966602326,179.14348106985216,0.5831816136837006,0.03679170382805061
0.006682487194596503,0.1839347374484902,2.2,2.403523503785257,437.8,-81.17894966602326,179.14348106985216,0.5831816136837006,0.03679170382805061
0.00833640959731733,0.1839347374484902,2.1,2.3952293382929084,437.9,-103.8008962392807,180.94225731434383,0.5832509458065033,0.036816407253185655
0.009990332000038156,0.1839347374484902,1.4,1.3985588336774573,438.6,-31.833238768577576,52.6538305588892,0.5839235007762908,0.03649565143129935
0.011644254402758982,0.1839347374484902,1.1,1.2818890589506562,438.9,-8.798553323745727,16.62706765674057,0.5841696739196778,0.03638310434650479
0.01329817680547981,0.1839347374484902,0.7,1.0690537669255165,439.3,-8.567896556854247,16.686356304114053,0.5845474064350128,0.03578709508450086
0.014952099208200637,0.1839347374484902,0.4,0.9048628651416396,439.6,-1.153028392791748,2.608331437728002,0.5848252594470977,0.035667289222974095
0.016606021610921465,0.1839347374484902,0.4,0.9048628651416396,439.6,-1.153028392791748,2.608331437728002,0.5848252594470977,0.035667289222974095
0.01825994401364229,0.1839347374484902,0.4,0.9048628651416396,439.6,-1.153028392791748,2.608331437728002,0.5848252594470977,0.035667289222974095
0.019913866416363116,0.1839347374484902,0.4,0.9048628651416396,439.6,-1.153028392791748,2.608331437728002,0.5848252594470977,0.035667289222974095
0.021567788819083944,0.1839347374484902,0.4,0.9048628651416396,439.6,-1.153028392791748,2.608331437728002,0.5848252594470977,0.035667289222974095
0.023221711221804768,0.1839347374484902,0.4,0.9048628651416396,439.6,-1.153028392791748,2.608331437728002,0.5848252594470977,0.035667289222974095
0.024875633624525596,0.1839347374484902,0.4,0.9048628651416396,439.6,-1.153028392791748,2.608331437728002,0.5848252594470977,0.035667289222974095
0.026529556027246423,0.1839347374484902,0.4,0.9048628651416396,439.6,-1.153028392791748,2.608331437728002,0.5848252594470977,0.035667289222974095
0.02818347842996725,0.1839347374484902,0.4,0.9048628651416396,439.6,-1.153028392791748,2.608331437728002,0.5848252594470977,0.035667289222974095
0.029837400832688078,0.1839347374484902,0.0,0.0,440.0,0.0,0.0,0.5851635694503784,0.03565623725107814
0.0314913232354089,0.1839347374484902,0.0,0.0,440.0,0.0,0.0,0.5851635694503784,0.03565623725107814
0.03314524563812973,0.1839347374484902,0.0,0.0,440.0,0.0,0.0,0.5851635694503784,0.03565623725107814
0.03479916804085056,0.1839347374484902,0.0,0.0,440.0,0.0,0.0,0.5851635694503784,0.03565623725107814
0.03645309044357138,0.1839347374484902,0.0,0.0,440.0,0.0,0.0,0.5851635694503784,0.03565623725107814
0.03810701284629221,0.1839347374484902,0.0,0.0,440.0,0.0,0.0,0.5851635694503784,0.03565623725107814
0.03976093524901304,0.1839347374484902,0.0,0.0,440.0,0.0,0.0,0.5851635694503784,0.03565623725107814
0.04141485765173386,0.1839347374484902,0.0,0.0,440.0,0.0,0.0,0.5851635694503784,0.03565623725107814
0.04306878005445469,0.1839347374484902,0.0,0.0,440.0,0.0,0.0,0.5851635694503784,0.03565623725107814
0.044722702457175516,0.1839347374484902,0.0,0.0,440.0,0.0,0.0,0.5851635694503784,0.03565623725107814
0.04637662485989634,0.1839347374484902,0.0,0.0,440.0,0.0,0.0,0.5851635694503784,0.03565623725107814
0.04803054726261717,0.1839347374484902,0.0,0.0,440.0,0.0,0.0,0.5851635694503784,0.03565623725107814
0.049684469665337995,0.1839347374484902,0.0,0.0,440.0,0.0,0.0,0.5851635694503784,0.03565623725107814
0.051338392068058826,0.1839347374484902,0.0,0.0,440.0,0.0,0.0,0.5851635694503784,0.03565623725107814
0.05299231447077965,0.1839347374484902,0.0,0.0,440.0,0.0,0.0,0.5851635694503784,0.03565623725107814
0.054646236873500474,0.1839347374484902,0.0,0.0,440.0,0.0,0.0,0.5851635694503784,0.03565623725107814
0.056300159276221305,0.1839347374484902,0.0,0.0,440.0,0.0,0.0,0.5851635694503784,0.03565623725107814
0.05795408167894213,0.1839347374484902,0.0,0.0,440.0,0.0,0.0,0.5851635694503784,0.03565623725107814
0.05960800408166296,0.1839347374484902,0.0,0.0,440.0,0.0,0.0,0.5851635694503784,0.03565623725107814
0.061261926484383784,0.1839347374484902,0.0,0.0,440.0,0.0,0.0,0.5851635694503784,0.03565623725107814
0.06291584888710461,0.1839347374484902,0.0,0.0,440.0,0.0,0.0,0.5851635694503784,0.03565623725107814
0.06456977128982544,0.1839347374484902,0.0,0.0,440.0,0.0,0.0,0.5851635694503784,0.03565623725107814
6.679758371319622e-05,0.2573607272710062,8.6,3.523934572529752,431.4,-1.3058678030967712,2.90445030122441,0.5860410213470459,0.036250020449823665
0.001720719986434023,0.2573607272710062,5.4,3.130906874440239,434.6,-4.955142730474472,7.9717769086304795,0.5850639998912811,0.036584111751861666
0.0033746423891548496,0.2573607272710062,3.5,2.6391833566631155,436.5,-5.0167246699333194,7.946994352449567,0.584203565120697,0.036521947704208184
0.005028564791875676,0.2573607272710062,3.0,2.5682098897793564,437.0,-4.986031985282898,7.957705117304076,0.5833575785160064,0.03647120923990182
0.006682487194596503,0.2573607272710062,2.7,2.2381514646757803,437.3,-84.6544184923172,178.41905096277463,0.5828130602836609,0.03661829070102518
0.00833640959731733,0.2573607272710062,2.6,2.2419589266818685,437.4,-107.27636506557465,179.97684132594156,0.5828823924064637,0.03664350753511103
0.009990332000038156,0.2573607272710062,1.9,1.2818890589506562,438.1,-35.30870759487152,52.042523995931404,0.5835549473762512,0.03632510499472898
0.011644254402758982,0.2573607272710062,1.6,1.2251901112232686,438.4,-12.274022150039674,17.42116729703321,0.5838011205196381,0.036213452421562174
0.01329817680547981,0.2573607272710062,1.2,1.1082261533949223,438.8,-12.043365383148194,17.503822305207056,0.5841788530349732,0.03561682667563611
0.014952099208200637,0.2573607272710062,0.8,1.0556733426652465,439.2,-4.628497219085693,8.00363984302592,0.5845373392105102,0.03551657337075796
0.016606021610921465,0.2573607272710062,0.8,1.0556733426652465,439.2,-4.628497219085693,8.00363984302592,0.5845373392105102,0.03551657337075796
0.01825994401364229,0.2573607272710062,0.8,1.0556733426652465,439.2,-4.628497219085693,8.00363984302592,0.5845373392105102,0.03551657337075796
0.019913866416363116,0.2573607272710062,0.8,1.0556733426652465,439.2,-4.628497219085693,8.00363984302592,0.5845373392105102,0.03551657337075796
0.021567788819083944,0.2573607272710062,0.8,1.0556733426652465,439.2,-4.628497219085693,8.00363984302592,0.5845373392105102,0.03551657337075796
0.023221711221804768,0.2573607272710062,0.8,1.0556733426652465,439.2,-4.628497219085693,8.00363984302592,0.5845373392105102,0.03551657337075796
0.024875633624525596,0.2573607272710062,0.8,1.0556733426652465,439.2,-4.628497219085693,8.00363984302592,0.5845373392105102,0.03551657337075796
0.026529556027246423,0.2573607272710062,0.7,1.0690537669255165,439.3,-4.628497219085693,8.00363984302592,0.5846144258975983,0.03544984414303055
0.02818347842996725,0.2573607272710062,0.4,0.9048628651416396,439.6,-1.153028392791748,2.608331437728002,0.5848252594470977,0.035667289222974095
0.029837400832688078,0.2573607272710062,0.0,0.0,440.0,0.0,0.0,0.5851635694503784,0.03565623725107814
0.0314913232354089,0.2573607272710062,0.0,0.0,440.0,0.0,0.0,0.5851635694503784,0.03565623725107814
0.03314524563812973,0.2573607272710062,0.0,0.0,440.0,0.0,0.0,0.5851635694503784,0.03565623725107814
0.03479916804085056,0.2573607272710062,0.0,0.0,440.0,0.0,0.0,0.5851635694503784,0.03565623725107814
0.03645309044357138,0.2573607272710062,0.0,0.0,440.0,0.0,0.0,0.5851635694503784,0.03565623725107814
0.03810701284629221,0.2573607272710062,0.0,0.0,440.0,0.0,0.0,0.5851635694503784,0.03565623725107814
0.03976093524901304,0.2573607272710062,0.0,0.0,440.0,0.0,0.0,0.5851635694503784,0.03565623725107814
0.04141485765173386,0.2573607272710062,0.0,0.0,440.0,0.0,0.0,0.5851635694503784,0.03565623725107814
0.04306878005445469,0.2573607272710062,0.0,0.0,440.0,0.0,0.0,0.5851635694503784,0.03565623725107814
0.044722702457175516,0.2573607272710062,0.0,0.0,440.0,0.0,0.0,0.5851635694503784,0.03565623725107814
0.04637662485989634,0.2573607272710062,0.0,0.0,440.0,0.0,0.0,0.5851635694503784,0.03565623725107814
0.04803054726261717,0.2573607272710062,0.0,0.0,440.0,0.0,0.0,0.5851635694503784,0.03565623725107814
0.049684469665337995,0.2573607272710062,0.0,0.0,440.0,0.0,0.0,0.5851635694503784,0.03565623725107814
0.051338392068058826,0.2573607272710062,0.0,0.0,440.0,0.0,0.0,0.5851635694503784,0.03565623725107814
0.05299231447077965,0.2573607272710062,0.0,0.0,440.0,0.0,0.0,0.5851635694503784,0.03565623725107814
0.054646236873500474,0.2573607272710062,0.0,0.0,440.0,0.0,0.0,0.5851635694503784,0.03565623725107814
0.056300159276221305,0.2573607272710062,0.0,0.0,440.0,0.0,0.0,0.5851635694503784,0.03565623725107814
0.05795408167894213,0.2573607272710062,0.0,0.0,440.0,0.0,0.0,0.5851635694503784,0.03565623725107814
0.05960800408166296,0.2573607272710062,0.0,0.0,440.0,0.0,0.0,0.5851635694503784,0.03565623725107814
0.061261926484383784,0.2573607272710062,0.0,0.0,440.0,0.0,0.0,0.5851635694503784,0.03565623725107814
0.06291584888710461,0.2573607272710062,0.0,0.0,440.0,0.0,0.0,0.5851635694503784,0.03565623725107814
0.06456977128982544,0.2573607272710062,0.0,0.0,440.0,0.0,0.0,0.5851635694503784,0.03565623725107814
6.679758371319622e-05,0.33078671709352214,23.6,4.373503848184592,416.4,0.3054780840873718,0.24583121050431136,0.5920579612255097,0.037493865232013424
0.001720719986434023,0.33078671709352214,13.6,3.7732769421210395,426.4,0.204469758272171,0.30809324735545474,0.5859180390834808,0.035550689040857196
0.0033746423891548496,0.33078671709352214,9.2,4.872835656643653,430.8,-18.43463491201401,37.862865909293696,0.5837431669235229,0.036121263916223445
0.005028564791875676,0.33078671709352214,7.2,5.222050972266262,432.8,-23.264981681108473,37.94728232975125,0.581583297252655,0.036433003389732134
0.006682487194596503,0.33078671709352214,6.6,4.807047007570513,433.4,-22.51239467263222,38.16187026846533,0.5812059462070465,0.03631901931751227
0.00833640959731733,0.33078671709352214,6.5,4.842989147725692,433.5,-22.513501912355423,38.1614907746233,0.5812756955623627,0.036345866466412254
0.009990332000038156,0.33078671709352214,5.4,4.321187326125479,434.6,-22.463226711750032,38.17856027765467,0.5822815299034119,0.0355313740398011
0.011644254402758982,0.33078671709352214,4.5,4.282194397214671,435.5,-5.921940314769745,10.263975830801648,0.5829338312149048,0.03480349304348441
0.01329817680547981,0.33078671709352214,4.1,4.4026587037332385,435.9,-5.691283547878266,10.323263557066305,0.5833115637302398,0.03418771535889142
0.014952099208200637,0.33078671709352214,3.7,4.46167133085447,436.3,-5.7519778370857235,10.305212728607746,0.583667916059494,0.03411359596254133
0.016606021610921465,0.33078671709352214,3.7,4.46167133085447,436.3,-5.7519778370857235,10.305212728607746,0.583667916059494,0.03411359596254133
0.01825994401364229,0.33078671709352214,3.7,4.46167133085447,436.3,-5.7519778370857235,10.305212728607746,0.583667916059494,0.03411359596254133
0.019913866416363116,0.33078671709352214,3.6,4.412334179552689,436.4,-15.81489440202713,32.84225336772746,0.5837389528751373,0.034177389744020716
0.021567788819083944,0.33078671709352214,3.6,4.412334179552689,436.4,-15.81489440202713,32.84225336772746,0.5837389528751373,0.034177389744020716
0.023221711221804768,0.33078671709352214,3.6,4.412334179552689,436.4,-15.81489440202713,32.84225336772746,0.5837389528751373,0.034177389744020716
0.024875633624525596,0.33078671709352214,3.6,4.412334179552689,436.4,-15.81489440202713,32.84225336772746,0.5837389528751373,0.034177389744020716
0.026529556027246423,0.33078671709352214,2.8,4.420059310964231,437.2,-1.2075121998786926,2.5987038137787675,0.58431755900383,0.03457760898235446
0.02818347842996725,0.33078671709352214,2.5,3.7589341350069625,437.5,-1.2085881173610686,2.598400579710651,0.5845554649829865,0.0348041707013677
0.029837400832688078,0.33078671709352214,2.1,3.7770423127237973,437.9,-0.05555972456932068,0.1454072951471236,0.584893774986267,0.03479433615790515
0.0314913232354089,0.33078671709352214,1.9,3.807031209934444,438.1,0.00746045708656311,0.016876726436534366,0.5850820481777191,0.03475688372431162
0.03314524563812973,0.33078671709352214,1.8,3.827140875941004,438.2,0.00746045708656311,0.016876726436534366,0.5844658672809601,0.0349850624125219
0.03479916804085056,0.33078671709352214,1.8,3.827140875941004,438.2,0.00746045708656311,0.016876726436534366,0.5844658672809601,0.0349850624125219
0.03645309044357138,0.33078671709352214,1.8,3.827140875941004,438.2,0.00746045708656311,0.016876726436534366,0.5844658672809601,0.0349850624125219
0.03810701284629221,0.33078671709352214,1.7,3.845667176851969,438.3,0.00746045708656311,0.016876726436534366,0.5845091342926025,0.035001479874598604
0.03976093524901304,0.33078671709352214,1.6,3.6194514605665584,438.4,0.023217779397964478,0.052522265970671674,0.5843083143234253,0.034810717372964824
0.04141485765173386,0.33078671709352214,1.6,3.6194514605665584,438.4,0.023217779397964478,0.052522265970671674,0.5843083143234253,0.034810717372964824
0.04306878005445469,0.33078671709352214,0.0,0.0,440.0,0.0,0.0,0.5851635694503784,0.03565623725107814
0.044722702457175516,0.33078671709352214,0.0,0.0,440.0,0.0,0.0,0.5851635694503784,0.03565623725107814
0.04637662485989634,0.33078671709352214,0.0,0.0,440.0,0.0,0.0,0.5851635694503784,0.03565623725107814
0.04803054726261717,0.33078671709352214,0.0,0.0,440.0,0.0,0.0,0.5851635694503784,0.03565623725107814
0.049684469665337995,0.33078671709352214,0.0,0.0,440.0,0.0,0.0,0.5851635694503784,0.03565623725107814
0.051338392068058826,0.33078671709352214,0.0,0.0,440.0,0.0,0.0,0.5851635694503784,0.03565623725107814
0.05299231447077965,0.33078671709352214,0.0,0.0,440.0,0.0,0.0,0.5851635694503784,0.03565623725107814
0.054646236873500474,0.33078671709352214,0.0,0.0,440.0,0.0,0.0,0.5851635694503784,0.03565623725107814
0.056300159276221305,0.33078671709352214,0.0,0.0,440.0,0.0,0.0,0.5851635694503784,0.03565623725107814
0.05795408167894213,0.33078671709352214,0.0,0.0,440.0,0.0,0.0,0.5851635694503784,0.03565623725107814
0.05960800408166296,0.33078671709352214,0.0,0.0,440.0,0.0,0.0,0.5851635694503784,0.03565623725107814
0.061261926484383784,0.33078671709352214,0.0,0.0,440.0,0.0,0.0,0.5851635694503784,0.03565623725107814
0.06291584888710461,0.33078671709352214,0.0,0.0,440.0,0.0,0.0,0.5851635694503784,0.03565623725107814
0.06456977128982544,0.33078671709352214,0.0,0.0,440.0,0.0,0.0,0.5851635694503784,0.03565623725107814
6.679758371319622e-05,0.4042127069160381,55.9,9.799490298106589,384.1,0.2668741881847382,0.20738556241238001,0.6059442162513733,0.029118415582018317
0.001720719986434023,0.4042127069160381,39.3,7.7344605690568455,400.7,0.18212388157844545,0.21749071710369255,0.5964648485183716,0.02796612398005375
0.0033746423891548496,0.4042127069160381,29.1,10.856521460778655,410.9,0.11812219023704529,0.14165024917510988,0.5862057685852051,0.02981170633718005
0.005028564791875676,0.4042127069160381,23.9,12.151478774199632,416.1,-1.2577172100543976,2.0481397449319534,0.5819638311862946,0.030549236016735076
0.006682487194596503,0.4042127069160381,21.2,10.947012509799324,418.8,-2.41780971288681,3.381486319121818,0.5788415610790253,0.034025827261185186
0.00833640959731733,0.4042127069160381,19.9,11.13574803341428,420.1,-2.3940182447433473,3.3894840961486548,0.5794533729553223,0.034092761534540245
0.009990332000038156,0.4042127069160381,17.9,9.88614156850399,422.1,-2.4380232751369477,3.373455308805026,0.5809548616409301,0.03309165232084437
0.011644254402758982,0.4042127069160381,16.2,8.668651315659654,423.8,-1.6527831077575683,3.16140349958704,0.5822571516036987,0.03197665258001665
0.01329817680547981,0.4042127069160381,15.5,7.93906519136553,424.5,-1.6563035547733307,3.1604435398938207,0.5828805088996887,0.03164423973893453
0.014952099208200637,0.4042127069160381,15.0,7.915754503559638,425.0,-2.104420381784439,3.1442367720802737,0.5833363175392151,0.03146055245391557
0.016606021610921465,0.4042127069160381,15.0,7.915754503559638,425.0,-2.104420381784439,3.1442367720802737,0.5833363175392151,0.03146055245391557
0.01825994401364229,0.4042127069160381,15.0,7.915754503559638,425.0,-2.104420381784439,3.1442367720802737,0.5833363175392151,0.03146055245391557
0.019913866416363116,0.4042127069160381,14.4,7.624510025868938,425.6,-2.1084799230098725,3.1427428469246124,0.5837795853614807,0.03137696292553079
0.021567788819083944,0.4042127069160381,13.5,7.654653165704284,426.5,-2.1295240223407745,3.135436543199054,0.5843745648860932,0.031179898469881687
0.023221711221804768,0.4042127069160381,13.5,7.654653165704284,426.5,-2.1295240223407745,3.135436543199054,0.5843745648860932,0.031179898469881687
0.024875633624525596,0.4042127069160381,13.5,7.654653165704284,426.5,-2.1295240223407745,3.135436543199054,0.5843745648860932,0.031179898469881687
0.026529556027246423,0.4042127069160381,12.5,7.359257711325339,427.5,-1.7815088212490082,3.1199334916175983,0.5843995153903961,0.031787301789295556
0.02818347842996725,0.4042127069160381,11.7,7.225144098939772,428.3,-1.7999275922775269,3.1144847075513304,0.5848176717758179,0.032116472746649236
0.029837400832688078,0.4042127069160381,11.3,7.457498056994649,428.7,-139.26191728115083,314.0336349515004,0.5851620495319366,0.03209328470569142
0.0314913232354089,0.4042127069160381,10.2,7.651309792246823,429.8,-139.6166192114353,313.9448382724551,0.586118471622467,0.03185897547739624
0.03314524563812973,0.4042127069160381,10.1,7.715323123019116,429.9,-139.55059352517128,313.9614899176726,0.5855007886886596,0.032128850633429504
0.03479916804085056,0.4042127069160381,10.0,7.7853854977672015,430.0,-139.55059352517128,313.9614899176726,0.5855853676795959,0.03208843572771967
0.03645309044357138,0.4042127069160381,9.5,7.609954078921875,430.5,-139.5172614634037,313.9699038592484,0.5858918786048889,0.032352249193245176
0.03810701284629221,0.4042127069160381,8.7,7.682828078885646,431.3,-205.91439713835717,332.5648125807472,0.5862768888473511,0.03267773636809271
0.03976093524901304,0.4042127069160381,7.4,8.087717179554646,432.6,-139.1753844320774,314.0554003355136,0.5867303431034088,0.03269998113178318
0.04141485765173386,0.4042127069160381,7.4,8.087717179554646,432.6,-139.1753844320774,314.0554003355136,0.5867303431034088,0.03269998113178318
0.04306878005445469,0.4042127069160381,5.8,7.0800660652637815,434.2,-139.18357781171798,314.0533344049874,0.5875929057598114,0.03371919357242308
0.044722702457175516,0.4042127069160381,5.8,7.0800660652637815,434.2,-139.18357781171798,314.0533344049874,0.5875929057598114,0.03371919357242308
0.04637662485989634,0.4042127069160381,5.7,7.114115633111494,434.3,-139.09283567667006,314.07611792293426,0.5876782715320588,0.03363572890810361
0.04803054726261717,0.4042127069160381,5.6,7.051095452916772,434.4,-139.09390667676925,314.07584813321836,0.5877622187137603,0.03366402884549253
0.049684469665337995,0.4042127069160381,5.5,7.091701350130924,434.5,-139.09390667676925,314.07584813321836,0.5878411054611206,0.03358765449210801
0.051338392068058826,0.4042127069160381,5.4,7.034949117430388,434.6,-139.09521967172623,314.07551740909963,0.5879237413406372,0.03361648990577551
0.05299231447077965,0.4042127069160381,5.1,6.972028889051041,434.9,-138.87667298316956,314.13005644862665,0.588160902261734,0.03368871834975405
0.054646236873500474,0.4042127069160381,4.9,6.996452231790465,435.1,-138.8794958949089,314.1293466539985,0.5883155405521393,0.03379347785583348
0.056300159276221305,0.4042127069160381,3.5,5.32395162573177,436.5,-139.84260988235474,313.8944570400598,0.5882997691631318,0.03336709233264152
0.05795408167894213,0.4042127069160381,1.6,3.6194514605665584,438.4,-0.031146228313446045,0.07045766347515112,0.5881678104400635,0.031291362817669824
0.05960800408166296,0.4042127069160381,1.6,3.6194514605665584,438.4,-0.031146228313446045,0.07045766347515112,0.5881678104400635,0.031291362817669824
0.061261926484383784,0.4042127069160381,1.6,3.6194514605665584,438.4,-0.031146228313446045,0.07045766347515112,0.5881678104400635,0.031291362817669824
0.06291584888710461,0.4042127069160381,0.6,1.3572942977124596,439.4,-19.967184448242186,45.16890932162005,0.5845927894115448,0.0365695005067372
0.06456977128982544,0.4042127069160381,0.1,0.2262157162854099,439.9,0.0,0.0,0.5850649774074554,0.03581232503029039
6.679758371319622e-05,0.4776386967385541,107.1,17.883763680800637,332.9,0.3440000355243683,0.1619100224889432,0.613641893863678,0.028295915008073224
0.001720719986434023,0.4776386967385541,83.3,17.664954677155464,356.7,0.279997193813324,0.17121104422108666,0.6008531928062439,0.024908694099923044
0.0033746423891548496,0.4776386967385541,67.2,20.73246436567168,372.8,0.170967173576355,0.13477395797446548,0.5876697838306427,0.03145001892372175
0.005028564791875676,0.4776386967385541,56.6,21.159736514826054,383.4,0.10192683339118958,0.2174644764113787,0.5787850797176362,0.033020941816286266
0.006682487194596503,0.4776386967385541,52.6,20.368349422270697,387.4,0.08911887407302857,0.22011806970642514,0.5754311323165894,0.035462853122237216
0.00833640959731733,0.4776386967385541,49.4,18.85492879451075,390.6,-0.25669403076171876,0.5501216628023773,0.5750540912151336,0.03800407549790047
0.009990332000038156,0.4776386967385541,46.2,17.041583960167547,393.8,-0.2579890787601471,0.5503269742107456,0.5765603423118592,0.03646147940278081
0.011644254402758982,0.4776386967385541,43.3,15.91765119005437,396.7,-0.2565282046794891,0.5512974411306596,0.5789087176322937,0.034921386471062146
0.01329817680547981,0.4776386967385541,41.7,14.757288782272424,398.3,-0.21983847618103028,0.4714498020428186,0.5777880609035492,0.0348176158575255
0.014952099208200637,0.4776386967385541,39.7,13.747969487811545,400.3,-0.14970778226852416,0.3083471787133756,0.5794324696063995,0.033971416096502415
0.016606021610921465,0.4776386967385541,39.0,13.664794146809335,401.0,-1.993517279624939,4.347035054531808,0.5796910166740418,0.03339010609168948
0.01825994401364229,0.4776386967385541,39.0,13.664794146809335,401.0,-1.993517279624939,4.347035054531808,0.5796910166740418,0.03339010609168948
0.019913866416363116,0.4776386967385541,38.0,12.154052075344428,402.0,-1.9938480377197265,4.346948762288867,0.5793351829051971,0.033387552777924004
0.021567788819083944,0.4776386967385541,36.7,10.228742178399292,403.3,-1.9984355568885803,4.345841418804316,0.5804935693740845,0.033617922833528976
0.023221711221804768,0.4776386967385541,36.7,10.228742178399292,403.3,-1.9984355568885803,4.345841418804316,0.5804935693740845,0.033617922833528976
0.024875633624525596,0.4776386967385541,36.7,10.228742178399292,403.3,-1.9984355568885803,4.345841418804316,0.5804935693740845,0.033617922833528976
0.026529556027246423,0.4776386967385541,35.7,10.339320411190212,404.3,-1.9755957901477814,4.3505498587478355,0.5804894626140594,0.03378915025683186
0.02818347842996725,0.4776386967385541,33.6,9.704745042609295,406.4,-1.9752200186252593,4.350796615946528,0.5823442280292511,0.03367261866608166
0.029837400832688078,0.4776386967385541,28.7,9.030072503546302,411.3,-1.9756230473518372,4.350786623864638,0.5815965890884399,0.03396902924886127
0.0314913232354089,0.4776386967385541,27.1,8.318192468813475,412.9,-1.983384609222412,4.348757469057467,0.5828455209732055,0.03348727435361538
0.03314524563812973,0.4776386967385541,26.6,7.866757919001586,413.4,-1.9850468516349793,4.3483772272217065,0.5825787901878356,0.033140441745083175
0.03479916804085056,0.4776386967385541,25.9,7.766739592465741,414.1,-1.9835191905498504,4.348801347807403,0.5826779842376709,0.0329062550595744
0.03645309044357138,0.4776386967385541,23.2,8.042597066388112,416.8,-1.9316474497318268,4.3609971575371445,0.5818741261959076,0.03232722627408079
0.03810701284629221,0.4776386967385541,20.6,7.0268620367970875,419.4,-28.351396715641023,59.41335519788124,0.5823610246181488,0.032803958227591364
0.03976093524901304,0.4776386967385541,18.5,7.351527396469863,421.5,-12.90946272611618,24.746225362685546,0.5826850473880768,0.032543931603677835
0.04141485765173386,0.4776386967385541,17.4,8.343786442657768,422.6,-12.904074037075043,24.74782004128195,0.5824792981147766,0.03244852036221927
0.04306878005445469,0.4776386967385541,15.7,7.098112653372892,424.3,-12.982250517606735,24.75868205796867,0.5835488557815551,0.03354588920923492
0.044722702457175516,0.4776386967385541,14.0,7.041412094555906,426.0,-13.027448958158493,24.74541506698146,0.5849279820919037,0.03325725546090253
0.04637662485989634,0.4776386967385541,13.5,7.075647676230056,426.5,-13.020769047737122,24.747331570446367,0.5854091107845306,0.03316833328468628
0.04803054726261717,0.4776386967385541,12.4,7.0672048992124585,427.6,-11.305768275260926,24.77493563720099,0.5863318026065827,0.033239236295925366
0.049684469665337995,0.4776386967385541,11.5,6.687301175166158,428.5,-11.302638131380082,24.775738094855868,0.5857632756233215,0.03337014909697387
0.051338392068058826,0.4776386967385541,9.6,7.304584526657715,430.4,-11.29496323466301,24.777688315050465,0.585053688287735,0.03387974459278826
0.05299231447077965,0.4776386967385541,8.2,7.0559321486630155,431.8,-11.01385388970375,24.840107424825625,0.5860061705112457,0.034722922633713064
0.054646236873500474,0.4776386967385541,7.9,7.1332718189377955,432.1,-11.018216407299041,24.83900314435111,0.5862266480922699,0.03490941952901665
0.056300159276221305,0.4776386967385541,6.2,5.7009552170713995,433.8,-11.970571035146714,24.690934388415045,0.5864781677722931,0.03429115212836254
0.05795408167894213,0.4776386967385541,3.2,3.721689707608231,436.8,-11.023627412319183,24.83765532757516,0.5872190654277801,0.03133536934443347
0.05960800408166296,0.4776386967385541,1.9,3.6076501527873415,438.1,-151.58073118925094,342.8211576686271,0.5879509270191192,0.03107837890918194
0.061261926484383784,0.4776386967385541,1.9,3.6076501527873415,438.1,-151.58073118925094,342.8211576686271,0.5879509270191192,0.03107837890918194
0.06291584888710461,0.4776386967385541,0.6,1.3572942977124596,439.4,-19.967184448242186,45.16890932162005,0.5845927894115448,0.0365695005067372
0.06456977128982544,0.4776386967385541,0.1,0.2262157162854099,439.9,0.0,0.0,0.5850649774074554,0.03581232503029039
6.679758371319622e-05,0.55106468656107,177.2,12.04974771668081,262.8,0.3827411711215973,0.11319830021201176,0.5954635858535766,0.03696890749135959
0.001720719986434023,0.55106468656107,148.6,11.994885561274119,291.4,0.2901388704776764,0.12662176999092828,0.5785032033920288,0.033231839148252985
0.0033746423891548496,0.55106468656107,127.1,14.415817276382565,312.9,0.1999213218688965,0.12070932542412727,0.5616577506065369,0.0409797037709525
0.005028564791875676,0.55106468656107,110.7,16.527514196700018,329.3,0.1831025242805481,0.19494844334379643,0.547814404964447,0.04111848276997658
0.006682487194596503,0.55106468656107,103.5,15.651810028234365,336.5,0.05150650143623352,0.10116072042534195,0.5467078626155853,0.04225476084920557
0.00833640959731733,0.55106468656107,98.9,12.992696814809449,341.1,0.021103262901306152,0.06483969824313382,0.5487222075462341,0.0442551218836363
0.009990332000038156,0.55106468656107,93.4,11.755480832162409,346.6,0.02318180799484253,0.06747598476032773,0.5494906723499298,0.0387087788890756
0.011644254402758982,0.55106468656107,89.7,10.508417368259778,350.3,0.025705492496490477,0.06958270770746738,0.5528357803821564,0.03741526081999009
0.01329817680547981,0.55106468656107,87.2,9.041084983034299,352.8,0.027727389335632326,0.069565886526437,0.5529603362083435,0.0369662393899004
0.014952099208200637,0.55106468656107,83.8,8.805317407466477,356.2,0.02468429207801819,0.07142897351786465,0.5548559427261353,0.03450711591309729
0.016606021610921465,0.55106468656107,82.3,8.644019283876771,357.7,0.022287100553512573,0.07294574865695751,0.5553023338317871,0.033220726600703826
0.01825994401364229,0.55106468656107,82.0,8.623933350162053,358.0,0.022408437728881837,0.0730176215397938,0.5555218458175659,0.03330693496966829
0.019913866416363116,0.55106468656107,80.7,8.001842495232664,359.3,0.023500818014144897,0.07327624712095215,0.5550327360630035,0.03293117581130065
0.021567788819083944,0.55106468656107,79.4,8.323317559646277,360.6,0.020542949438095093,0.07637787941554784,0.5563357949256897,0.033496470802795976
0.023221711221804768,0.55106468656107,78.8,8.429212988703402,361.2,0.021661382913589478,0.07740561004450014,0.5560661613941192,0.033638369610616115
0.024875633624525596,0.55106468656107,76.6,9.97631542067565,363.4,0.01691935658454895,0.07760222349300379,0.5542344987392426,0.035960965318574054
0.026529556027246423,0.55106468656107,74.4,10.394988909176266,365.6,0.01764092445373535,0.07917671911241701,0.5559110164642334,0.035177840411711486
0.02818347842996725,0.55106468656107,67.3,8.484681099742387,372.7,0.013167983293533326,0.08052733032637709,0.5603696823120117,0.0335113601499546
0.029837400832688078,0.55106468656107,61.2,12.223093841571806,378.8,0.004201096296310425,0.0780322435979559,0.5604381561279297,0.03401452843172323
0.0314913232354089,0.55106468656107,58.9,13.166583860202282,381.1,-0.000630730390548706,0.07751996470120377,0.5629077315330505,0.03332005714955506
0.03314524563812973,0.55106468656107,56.6,12.779797679931415,383.4,-0.0016811490058898926,0.07408305882098533,0.5643068015575409,0.03326685616395904
0.03479916804085056,0.55106468656107,52.8,12.361860421453779,387.2,-0.01093788743019104,0.09244800867009548,0.5669774174690246,0.03355011841418256
0.03645309044357138,0.55106468656107,48.8,12.51726963445935,391.2,-8.808970451354981e-05,0.10045227237759202,0.5665428280830384,0.03211022846929602
0.03810701284629221,0.55106468656107,44.7,11.696565467580031,395.3,-0.006677663326263428,0.10479526731549073,0.5682848691940308,0.03270738052702592
0.03976093524901304,0.55106468656107,41.9,11.333133957084208,398.1,0.0005487203598022461,0.10938296711168938,0.5693108141422272,0.0321665679349537
0.04141485765173386,0.55106468656107,38.0,11.250299895044968,402.0,-1.2785172820091248,2.8209113013917086,0.5711838483810425,0.031822884627971185
0.04306878005445469,0.55106468656107,31.0,11.087391023478204,409.0,-316.0228824138641,714.8639645321113,0.5766399741172791,0.03381474200674003
0.044722702457175516,0.55106468656107,28.7,11.204974907271819,411.3,-316.0276872098446,714.8627575867838,0.5787176370620728,0.03335084075250907
0.04637662485989634,0.55106468656107,25.4,10.067093591662026,414.6,-84.83961518406868,191.62139441462224,0.5793277144432067,0.03360004066149421
0.04803054726261717,0.55106468656107,21.8,9.789911835742203,418.2,-1.1118922293186189,2.428721317549908,0.5822047114372253,0.0322314804032913
0.049684469665337995,0.55106468656107,18.3,8.709549895751124,421.7,-1.6172056019306182,3.588643549133027,0.5835395872592926,0.03382457260777393
0.051338392068058826,0.55106468656107,13.9,8.345489916766013,426.1,-6.944242519140244,11.03064333680576,0.5828085362911224,0.03417094688235212
0.05299231447077965,0.55106468656107,11.5,8.296289842220487,428.5,-2.147534281015396,4.707540626054194,0.5845814287662506,0.03526190274532672
0.054646236873500474,0.55106468656107,10.5,8.378129454358218,429.5,-2.154522627592087,4.705759750232644,0.5851434648036957,0.035671771487268654
0.056300159276221305,0.55106468656107,7.4,7.171034241722803,432.6,-3.0672848522663116,4.954268725497548,0.5854617774486541,0.03497739189434379
0.05795408167894213,0.55106468656107,3.2,3.721689707608231,436.8,-11.023627412319183,24.83765532757516,0.5872190654277801,0.03133536934443347
0.05960800408166296,0.55106468656107,1.9,3.6076501527873415,438.1,-151.58073118925094,342.8211576686271,0.5879509270191192,0.03107837890918194
0.061261926484383784,0.55106468656107,1.9,3.6076501527873415,438.1,-151.58073118925094,342.8211576686271,0.5879509270191192,0.03107837890918194
0.06291584888710461,0.55106468656107,0.6,1.3572942977124596,439.4,-19.967184448242186,45.16890932162005,0.5845927894115448,0.0365695005067372
0.06456977128982544,0.55106468656107,0.1,0.2262157162854099,439.9,0.0,0.0,0.5850649774074554,0.03581232503029039
6.679758371319622e-05,0.624490676383586,237.5,10.844993150154941,202.5,0.46746585369110105,0.08695245673754541,0.5680394768714905,0.04489135534900123
0.001720719986434023,0.624490676383586,205.6,14.469948998011338,234.4,0.43716453313827514,0.10521352758524653,0.5442761600017547,0.047054049600470105
0.0033746423891548496,0.624490676383586,178.1,18.9098839660114,261.9,0.40334978699684143,0.14352223551435403,0.5192236363887787,0.05601383922833365
0.005028564791875676,0.624490676383586,158.0,17.561489964549715,282.0,0.4212968468666077,0.18967527922827432,0.5075722157955169,0.054386075675291315
0.006682487194596503,0.624490676383586,142.6,16.919026817387735,297.4,0.2516622245311737,0.2287840818622257,0.5107284367084504,0.0479495811345916
0.00833640959731733,0.624490676383586,132.5,13.945892616442437,307.5,0.14258223176002502,0.20153468530793123,0.5123076021671296,0.05232298532244452
0.009990332000038156,0.624490676383586,125.3,12.022584405272067,314.7,0.10554147958755493,0.15295469437079123,0.5162583947181701,0.04220170689262066
0.011644254402758982,0.624490676383586,120.2,10.71072956713271,319.8,0.04835634827613831,0.10285814800594552,0.5200277388095855,0.03812062525612229
0.01329817680547981,0.624490676383586,117.2,9.221663011053296,322.8,0.01679965853691101,0.05102328088444455,0.5216095209121704,0.03817768368201244
0.014952099208200637,0.624490676383586,112.2,9.240142081775153,327.8,0.008254987001419068,0.052072464907407516,0.5245976984500885,0.035027127596411814
0.016606021610921465,0.624490676383586,105.9,7.475774399461886,334.1,0.00039731860160827635,0.0541123617058332,0.5315981566905975,0.03566045917373995
0.01825994401364229,0.624490676383586,103.9,7.069215998794787,336.1,-0.0022699594497680663,0.053817072392617786,0.5326713263988495,0.03582747221707305
0.019913866416363116,0.624490676383586,100.3,6.993200714369921,339.7,0.00011255741119384766,0.054914264771645335,0.5342906713485718,0.03693566811642371
0.021567788819083944,0.624490676383586,97.9,9.432890970540619,342.1,-0.0008795261383056641,0.06067278325636485,0.5354978084564209,0.03797408088337972
0.023221711221804768,0.624490676383586,96.1,9.360277990222983,343.9,0.0013272285461425782,0.06136881860653554,0.5355919361114502,0.038131991993139325
0.024875633624525596,0.624490676383586,92.7,9.333511689143217,347.3,0.0002583444118499756,0.05995385933116958,0.5363438129425049,0.039547029466977544
0.026529556027246423,0.624490676383586,89.7,9.241680336473214,350.3,-0.0007184863090515137,0.059435584921890036,0.5394511878490448,0.038159242087468404
0.02818347842996725,0.624490676383586,79.3,13.497537738362793,360.7,-0.009145760536193847,0.06282910701988621,0.5467357754707336,0.038976736197580235
0.029837400832688078,0.624490676383586,73.0,17.303818327851097,367.0,-0.016200178861618043,0.0637143405404722,0.5473977327346802,0.03931263292628072
0.0314913232354089,0.624490676383586,69.9,17.890121335307736,370.1,-0.023728734254837035,0.0604905666884792,0.5508962213993073,0.03969146165597781
0.03314524563812973,0.624490676383586,67.3,17.005678599056377,372.7,-0.02559353709220886,0.058513283882471866,0.5531729221343994,0.03941073746961899
0.03479916804085056,0.624490676383586,62.5,15.62999818157414,377.5,-0.03647581338882446,0.07743593847939255,0.5575168550014495,0.03782837495982768
0.03645309044357138,0.624490676383586,58.5,15.864695969307222,381.5,-0.025781410932540893,0.08594778271940683,0.5574356138706207,0.035959807496498436
0.03810701284629221,0.624490676383586,54.4,14.391144638004286,385.6,-0.03314548134803772,0.0882903150857825,0.5596294343471527,0.03619761375571683
0.03976093524901304,0.624490676383586,50.6,13.974200081718179,389.4,-0.022328442335128783,0.0895757990572262,0.561886340379715,0.035606126946018495
0.04141485765173386,0.624490676383586,45.8,13.655636831478596,394.2,-1.2582798600196838,2.850731942618267,0.5649955868721008,0.03507686172779927
0.04306878005445469,0.624490676383586,38.5,14.746496499221466,401.5,-316.00987632870675,714.8672281375257,0.570960283279419,0.03706113289860373
0.044722702457175516,0.624490676383586,34.8,15.249020051737874,405.2,-316.0415996015072,714.8592576373192,0.5738430500030518,0.03675502318773681
0.04637662485989634,0.624490676383586,30.6,14.622396008540273,409.4,-84.86328576803207,191.61543599646296,0.5749861061573028,0.036635272045085515
0.04803054726261717,0.624490676383586,26.3,14.660647911569983,413.7,-1.12872171998024,2.4236052640150563,0.5783822715282441,0.035124756845492135
0.049684469665337995,0.624490676383586,22.3,13.121594908429861,417.7,-1.6324123680591582,3.5841506798539293,0.5803797781467438,0.036467167582126536
0.051338392068058826,0.624490676383586,16.4,13.152541343619191,423.6,-6.943431454896927,11.030928710395388,0.5807040870189667,0.037266899196217576
0.05299231447077965,0.624490676383586,14.0,13.378852978868153,426.0,-2.1467232167720796,4.707739411663805,0.5824769794940948,0.038325093125832675
0.054646236873500474,0.624490676383586,12.2,11.835500200929506,427.8,-2.1546960413455962,4.705717177076739,0.5837982773780823,0.0375791650716736
0.056300159276221305,0.624490676383586,7.4,7.171034241722803,432.6,-3.0672848522663116,4.954268725497548,0.5854617774486541,0.03497739189434379
0.05795408167894213,0.624490676383586,3.2,3.721689707608231,436.8,-11.023627412319183,24.83765532757516,0.5872190654277801,0.03133536934443347
0.05960800408166296,0.624490676383586,1.9,3.6076501527873415,438.1,-151.58073118925094,342.8211576686271,0.5879509270191192,0.03107837890918194
0.061261926484383784,0.624490676383586,1.9,3.6076501527873415,438.1,-151.58073118925094,342.8211576686271,0.5879509270191192,0.03107837890918194
0.06291584888710461,0.624490676383586,0.6,1.3572942977124596,439.4,-19.967184448242186,45.16890932162005,0.5845927894115448,0.0365695005067372
0.06456977128982544,0.624490676383586,0.1,0.2262157162854099,439.9,0.0,0.0,0.5850649774074554,0.03581232503029039
6.679758371319622e-05,0.697916666206102,275.3,13.619154746808189,164.7,0.5225019097328186,0.05960757691187365,0.5556846618652344,0.07152091878190249
0.001720719986434023,0.697916666206102,237.9,17.037079069504735,202.1,0.5090515315532684,0.08884227554782867,0.5218505561351776,0.07193639745689674
0.0033746423891548496,0.697916666206102,203.7,22.91885141042474,236.3,0.5038499951362609,0.1371787752664623,0.4856661319732666,0.07529972435216957
0.005028564791875676,0.697916666206102,177.5,22.188239758562556,262.5,0.5018565356731415,0.20879362649900024,0.4819555521011353,0.07293688118110232
0.006682487194596503,0.697916666206102,156.3,21.046168142901365,283.7,0.3834627032279968,0.21502480929468676,0.49476318359375,0.060265940328342454
0.00833640959731733,0.697916666206102,142.0,15.383407956691402,298.0,0.20620108246803284,0.2239290684634981,0.501651382446289,0.055627220988570814
0.009990332000038156,0.697916666206102,133.1,14.7742321562328,306.9,0.10605557560920716,0.16224145710836038,0.5098607122898102,0.04377150408034716
0.011644254402758982,0.697916666206102,127.6,13.273035666867539,312.4,0.04631066918373108,0.10152196117413773,0.51475288271904,0.040145147616127363
0.01329817680547981,0.697916666206102,123.3,11.275793926892863,316.7,0.0114560067653656,0.05043682375021657,0.5133110642433166,0.03701172652409551
0.014952099208200637,0.697916666206102,118.1,10.735386402607695,321.9,0.003301095962524414,0.05110628912879146,0.5171424627304078,0.03338037197723352
0.016606021610921465,0.697916666206102,111.7,10.223181870215859,328.3,-0.004582321643829346,0.052949542330723534,0.5245635807514191,0.034993007588757195
0.01825994401364229,0.697916666206102,108.5,9.533620050804528,331.5,-0.006567132472991943,0.05161834245625524,0.525639533996582,0.03740424208317667
0.019913866416363116,0.697916666206102,104.0,9.393931259482647,336.0,-0.004265373945236206,0.053008491332955515,0.528898972272873,0.03834430510043928
0.021567788819083944,0.697916666206102,100.5,10.949349589815709,339.5,-0.005082833766937256,0.0588333484236311,0.5314763069152832,0.03976525214906644
0.023221711221804768,0.697916666206102,98.4,10.70754390417607,341.6,-0.001944565773010254,0.06031931880990081,0.5321128308773041,0.03984175329794786
0.024875633624525596,0.697916666206102,94.0,9.430178074236572,346.0,-0.0014367341995239259,0.05913837388075436,0.5344897449016571,0.04014543031941969
0.026529556027246423,0.697916666206102,89.8,9.295358879423778,350.2,-0.0011847257614135743,0.0597062813697819,0.5392873048782348,0.03836476011641582
0.02818347842996725,0.697916666206102,79.4,13.577969062457802,360.6,-0.009611999988555909,0.06304982001670116,0.5465718924999237,0.03919528832309979
0.029837400832688078,0.697916666206102,73.0,17.303818327851097,367.0,-0.016200178861618043,0.0637143405404722,0.5473977327346802,0.03931263292628072
0.0314913232354089,0.697916666206102,69.9,17.890121335307736,370.1,-0.023728734254837035,0.0604905666884792,0.5508962213993073,0.03969146165597781
0.03314524563812973,0.697916666206102,67.3,17.005678599056377,372.7,-0.02559353709220886,0.058513283882471866,0.5531729221343994,0.03941073746961899
0.03479916804085056,0.697916666206102,62.5,15.62999818157414,377.5,-0.03647581338882446,0.07743593847939255,0.5575168550014495,0.03782837495982768
0.03645309044357138,0.697916666206102,58.5,15.864695969307222,381.5,-0.025781410932540893,0.08594778271940683,0.5574356138706207,0.035959807496498436
0.03810701284629221,0.697916666206102,54.4,14.391144638004286,385.6,-0.03314548134803772,0.0882903150857825,0.5596294343471527,0.03619761375571683
0.03976093524901304,0.697916666206102,50.6,13.974200081718179,389.4,-0.022328442335128783,0.0895757990572262,0.561886340379715,0.035606126946018495
0.04141485765173386,0.697916666206102,45.8,13.655636831478596,394.2,-1.2582798600196838,2.850731942618267,0.5649955868721008,0.03507686172779927
0.04306878005445469,0.697916666206102,38.5,14.746496499221466,401.5,-316.00987632870675,714.8672281375257,0.570960283279419,0.03706113289860373
0.044722702457175516,0.697916666206102,34.8,15.249020051737874,405.2,-316.0415996015072,714.8592576373192,0.5738430500030518,0.03675502318773681
0.04637662485989634,0.697916666206102,30.6,14.622396008540273,409.4,-84.86328576803207,191.61543599646296,0.5749861061573028,0.036635272045085515
0.04803054726261717,0.697916666206102,26.3,14.660647911569983,413.7,-1.12872171998024,2.4236052640150563,0.5783822715282441,0.035124756845492135
0.049684469665337995,0.697916666206102,22.3,13.121594908429861,417.7,-1.6324123680591582,3.5841506798539293,0.5803797781467438,0.036467167582126536
0.051338392068058826,0.697916666206102,16.4,13.152541343619191,423.6,-6.943431454896927,11.030928710395388,0.5807040870189667,0.037266899196217576
0.05299231447077965,0.697916666206102,14.0,13.378852978868153,426.0,-2.1467232167720796,4.707739411663805,0.5824769794940948,0.038325093125832675
0.054646236873500474,0.697916666206102,12.2,11.835500200929506,427.8,-2.1546960413455962,4.705717177076739,0.5837982773780823,0.0375791650716736
0.056300159276221305,0.697916666206102,7.4,7.171034241722803,432.6,-3.0672848522663116,4.954268725497548,0.5854617774486541,0.03497739189434379
0.05795408167894213,0.697916666206102,3.2,3.721689707608231,436.8,-11.023627412319183,24.83765532757516,0.5872190654277801,0.03133536934443347
0.05960800408166296,0.697916666206102,1.9,3.6076501527873415,438.1,-151.58073118925094,342.8211576686271,0.5879509270191192,0.03107837890918194
0.061261926484383784,0.697916666206102,1.9,3.6076501527873415,438.1,-151.58073118925094,342.8211576686271,0.5879509270191192,0.03107837890918194
0.06291584888710461,0.697916666206102,0.6,1.3572942977124596,439.4,-19.967184448242186,45.16890932162005,0.5845927894115448,0.0365695005067372
0.06456977128982544,0.697916666206102,0.1,0.2262157162854099,439.9,0.0,0.0,0.5850649774074554,0.03581232503029039
6.679758371319622e-05,0.771342656028618,309.3,14.508602832853896,130.7,0.5565224170684815,0.06302624281155028,0.5284330189228058,0.07247297051908441
0.001720719986434023,0.771342656028618,266.9,17.530542299618972,173.10000000000002,0.5543898820877076,0.09174751530181946,0.48239004611968994,0.06484141421818923
0.0033746423891548496,0.771342656028618,227.2,24.01819615458462,212.8,0.5633568286895752,0.14548057649076726,0.44600342512130736,0.06925427009708718
0.005028564791875676,0.771342656028618,193.0,24.59413272472195,247.0,0.5575064361095429,0.2055382330944917,0.453460294008255,0.06776210337940088
0.006682487194596503,0.771342656028618,168.0,24.0281369715351,272.0,0.4416958153247833,0.23895203544779103,0.47722744941711426,0.0562254883080542
0.00833640959731733,0.771342656028618,149.5,17.016374626121113,290.5,0.30114296078681946,0.25354741504272993,0.48884486556053164,0.05611916237345818
0.009990332000038156,0.771342656028618,138.5,15.53878592875417,301.5,0.19573518633842468,0.22275383653151806,0.4987659454345703,0.04529793227872063
0.011644254402758982,0.771342656028618,132.0,12.796693359710837,308.0,0.14947829842567445,0.21121354697936323,0.5063495874404907,0.04246152751182458
0.01329817680547981,0.771342656028618,126.3,10.344818295451546,313.7,0.03889322280883789,0.09721269083376287,0.5098104417324066,0.036964855441798686
0.014952099208200637,0.771342656028618,120.6,9.267178065315882,319.4,0.002996188402175903,0.05124354265652366,0.5147774338722229,0.03383627771078528
0.016606021610921465,0.771342656028618,114.2,9.159796869084143,325.8,-0.004989522695541382,0.05298096290360459,0.522321742773056,0.03559804425019673
0.01825994401364229,0.771342656028618,110.8,8.25196568048543,329.2,-0.006722939014434814,0.051586978813527695,0.52373166680336,0.03804622615337369
0.019913866416363116,0.771342656028618,105.9,8.593881833901333,334.1,-0.004565227031707764,0.05290527911216036,0.5276985704898834,0.03898839268824758
0.021567788819083944,0.771342656028618,102.0,10.382948166125926,338.0,-0.002736431360244751,0.05763160127987665,0.5309905409812927,0.03960821300547747
0.023221711221804768,0.771342656028618,99.2,10.716036900874562,340.8,-0.0005867362022399902,0.05847455280304521,0.5320198655128479,0.039525753711665654
0.024875633624525596,0.771342656028618,94.2,9.536899743808894,345.8,-0.0006796956062316894,0.058777518147031194,0.534619128704071,0.03997379369235456
0.026529556027246423,0.771342656028618,89.8,9.295358879423778,350.2,-0.0011847257614135743,0.0597062813697819,0.5392873048782348,0.03836476011641582
0.02818347842996725,0.771342656028618,79.4,13.577969062457802,360.6,-0.009611999988555909,0.06304982001670116,0.5465718924999237,0.03919528832309979
0.029837400832688078,0.771342656028618,73.0,17.303818327851097,367.0,-0.016200178861618043,0.0637143405404722,0.5473977327346802,0.03931263292628072
0.0314913232354089,0.771342656028618,69.9,17.890121335307736,370.1,-0.023728734254837035,0.0604905666884792,0.5508962213993073,0.03969146165597781
0.03314524563812973,0.771342656028618,67.3,17.005678599056377,372.7,-0.02559353709220886,0.058513283882471866,0.5531729221343994,0.03941073746961899
0.03479916804085056,0.771342656028618,62.5,15.62999818157414,377.5,-0.03647581338882446,0.07743593847939255,0.5575168550014495,0.03782837495982768
0.03645309044357138,0.771342656028618,58.5,15.864695969307222,381.5,-0.025781410932540893,0.08594778271940683,0.5574356138706207,0.035959807496498436
0.03810701284629221,0.771342656028618,54.4,14.391144638004286,385.6,-0.03314548134803772,0.0882903150857825,0.5596294343471527,0.03619761375571683
0.03976093524901304,0.771342656028618,50.6,13.974200081718179,389.4,-0.022328442335128783,0.0895757990572262,0.561886340379715,0.035606126946018495
0.04141485765173386,0.771342656028618,45.8,13.655636831478596,394.2,-1.2582798600196838,2.850731942618267,0.5649955868721008,0.03507686172779927
0.04306878005445469,0.771342656028618,38.5,14.746496499221466,401.5,-316.00987632870675,714.8672281375257,0.570960283279419,0.03706113289860373
0.044722702457175516,0.771342656028618,34.8,15.249020051737874,405.2,-316.0415996015072,714.8592576373192,0.5738430500030518,0.03675502318773681
0.04637662485989634,0.771342656028618,30.6,14.622396008540273,409.4,-84.86328576803207,191.61543599646296,0.5749861061573028,0.036635272045085515
0.04803054726261717,0.771342656028618,26.3,14.660647911569983,413.7,-1.12872171998024,2.4236052640150563,0.5783822715282441,0.035124756845492135
0.049684469665337995,0.771342656028618,22.3,13.121594908429861,417.7,-1.6324123680591582,3.5841506798539293,0.5803797781467438,0.036467167582126536
0.051338392068058826,0.771342656028618,16.4,13.152541343619191,423.6,-6.943431454896927,11.030928710395388,0.5807040870189667,0.037266899196217576
0.05299231447077965,0.771342656028618,14.0,13.378852978868153,426.0,-2.1467232167720796,4.707739411663805,0.5824769794940948,0.038325093125832675
0.054646236873500474,0.771342656028618,12.2,11.835500200929506,427.8,-2.1546960413455962,4.705717177076739,0.5837982773780823,0.0375791650716736
0.056300159276221305,0.771342656028618,7.4,7.171034241722803,432.6,-3.0672848522663116,4.954268725497548,0.5854617774486541,0.03497739189434379
0.05795408167894213,0.771342656028618,3.2,3.721689707608231,436.8,-11.023627412319183,24.83765532757516,0.5872190654277801,0.03133536934443347
0.05960800408166296,0.771342656028618,1.9,3.6076501527873415,438.1,-151.58073118925094,342.8211576686271,0.5879509270191192,0.03107837890918194
0.061261926484383784,0.771342656028618,1.9,3.6076501527873415,438.1,-151.58073118925094,342.8211576686271,0.5879509270191192,0.03107837890918194
0.06291584888710461,0.771342656028618,0.6,1.3572942977124596,439.4,-19.967184448242186,45.16890932162005,0.5845927894115448,0.0365695005067372
0.06456977128982544,0.771342656028618,0.1,0.2262157162854099,439.9,0.0,0.0,0.5850649774074554,0.03581232503029039
6.679758371319622e-05,0.8447686458511339,341.1,11.212076938440413,98.89999999999998,0.5709040462970734,0.05789285652440409,0.529519522190094,0.07012588353737384
0.001720719986434023,0.8447686458511339,294.6,14.371376029757455,145.39999999999998,0.5744394302368164,0.0836942031137537,0.4552420020103455,0.06385786728966035
0.0033746423891548496,0.8447686458511339,245.2,21.46547569591384,194.8,0.5863543391227722,0.137315439246027,0.4133143603801727,0.06495844362791503
0.005028564791875676,0.8447686458511339,205.3,23.51882023260262,234.7,0.576303380727768,0.20052674422410058,0.42448967695236206,0.0687461085672602
0.006682487194596503,0.8447686458511339,177.5,23.439388258058504,262.5,0.46653857827186584,0.2442321693185792,0.4619675397872925,0.060292169136710844
0.00833640959731733,0.8447686458511339,156.6,16.996146782801645,283.4,0.35096513032913207,0.25288442974853387,0.4794386029243469,0.05744900536343113
0.009990332000038156,0.8447686458511339,141.3,15.871145906951108,298.7,0.21990538239479065,0.24319193584610116,0.49420090317726134,0.04852287072409201
0.011644254402758982,0.8447686458511339,134.2,12.751291194847353,305.8,0.15514274835586547,0.2224685968871756,0.5018920361995697,0.04409667205725702
0.01329817680547981,0.8447686458511339,128.2,10.25511247160525,311.8,0.04146161675453186,0.16237776664652906,0.506387609243393,0.038128465377630316
0.014952099208200637,0.8447686458511339,122.2,9.362403842202166,317.8,-0.019474905729293824,0.07869192370450209,0.512464851140976,0.035264509320317876
0.016606021610921465,0.8447686458511339,115.1,9.095322260706858,324.9,-0.023065942525863647,0.076835807487419,0.5211100161075592,0.037239661519103996
0.01825994401364229,0.8447686458511339,111.7,8.329122183596084,328.3,-0.02488597631454468,0.07583067541733231,0.5225339114665986,0.03957570346744546
0.019913866416363116,0.8447686458511339,106.3,8.644019283876771,333.7,-0.015789353847503663,0.06591928069243537,0.5273666262626648,0.039390902618936074
0.021567788819083944,0.8447686458511339,102.0,10.382948166125926,338.0,-0.002736431360244751,0.05763160127987665,0.5309905409812927,0.03960821300547747
0.023221711221804768,0.8447686458511339,99.2,10.716036900874562,340.8,-0.0005867362022399902,0.05847455280304521,0.5320198655128479,0.039525753711665654
0.024875633624525596,0.8447686458511339,94.2,9.536899743808894,345.8,-0.0006796956062316894,0.058777518147031194,0.534619128704071,0.03997379369235456
0.026529556027246423,0.8447686458511339,89.8,9.295358879423778,350.2,-0.0011847257614135743,0.0597062813697819,0.5392873048782348,0.03836476011641582
0.02818347842996725,0.8447686458511339,79.4,13.577969062457802,360.6,-0.009611999988555909,0.06304982001670116,0.5465718924999237,0.03919528832309979
0.029837400832688078,0.8447686458511339,73.0,17.303818327851097,367.0,-0.016200178861618043,0.0637143405404722,0.5473977327346802,0.03931263292628072
0.0314913232354089,0.8447686458511339,69.9,17.890121335307736,370.1,-0.023728734254837035,0.0604905666884792,0.5508962213993073,0.03969146165597781
0.03314524563812973,0.8447686458511339,67.3,17.005678599056377,372.7,-0.02559353709220886,0.058513283882471866,0.5531729221343994,0.03941073746961899
0.03479916804085056,0.8447686458511339,62.5,15.62999818157414,377.5,-0.03647581338882446,0.07743593847939255,0.5575168550014495,0.03782837495982768
0.03645309044357138,0.8447686458511339,58.5,15.864695969307222,381.5,-0.025781410932540893,0.08594778271940683,0.5574356138706207,0.035959807496498436
0.03810701284629221,0.8447686458511339,54.4,14.391144638004286,385.6,-0.03314548134803772,0.0882903150857825,0.5596294343471527,0.03619761375571683
0.03976093524901304,0.8447686458511339,50.6,13.974200081718179,389.4,-0.022328442335128783,0.0895757990572262,0.561886340379715,0.035606126946018495
0.04141485765173386,0.8447686458511339,45.8,13.655636831478596,394.2,-1.2582798600196838,2.850731942618267,0.5649955868721008,0.03507686172779927
0.04306878005445469,0.8447686458511339,38.5,14.746496499221466,401.5,-316.00987632870675,714.8672281375257,0.570960283279419,0.03706113289860373
0.044722702457175516,0.8447686458511339,34.8,15.249020051737874,405.2,-316.0415996015072,714.8592576373192,0.5738430500030518,0.03675502318773681
0.04637662485989634,0.8447686458511339,30.6,14.622396008540273,409.4,-84.86328576803207,191.61543599646296,0.5749861061573028,0.036635272045085515
0.04803054726261717,0.8447686458511339,26.3,14.660647911569983,413.7,-1.12872171998024,2.4236052640150563,0.5783822715282441,0.035124756845492135
0.049684469665337995,0.8447686458511339,22.3,13.121594908429861,417.7,-1.6324123680591582,3.5841506798539293,0.5803797781467438,0.036467167582126536
0.051338392068058826,0.8447686458511339,16.4,13.152541343619191,423.6,-6.943431454896927,11.030928710395388,0.5807040870189667,0.037266899196217576
0.05299231447077965,0.8447686458511339,14.0,13.378852978868153,426.0,-2.1467232167720796,4.707739411663805,0.5824769794940948,0.038325093125832675
0.054646236873500474,0.8447686458511339,12.2,11.835500200929506,427.8,-2.1546960413455962,4.705717177076739,0.5837982773780823,0.0375791650716736
0.056300159276221305,0.8447686458511339,7.4,7.171034241722803,432.6,-3.0672848522663116,4.954268725497548,0.5854617774486541,0.03497739189434379
0.05795408167894213,0.8447686458511339,3.2,3.721689707608231,436.8,-11.023627412319183,24.83765532757516,0.5872190654277801,0.03133536934443347
0.05960800408166296,0.8447686458511339,1.9,3.6076501527873415,438.1,-151.58073118925094,342.8211576686271,0.5879509270191192,0.03107837890918194
0.061261926484383784,0.8447686458511339,1.9,3.6076501527873415,438.1,-151.58073118925094,342.8211576686271,0.5879509270191192,0.03107837890918194
0.06291584888710461,0.8447686458511339,0.6,1.3572942977124596,439.4,-19.967184448242186,45.16890932162005,0.5845927894115448,0.0365695005067372
0.06456977128982544,0.8447686458511339,0.1,0.2262157162854099,439.9,0.0,0.0,0.5850649774074554,0.03581232503029039
6.679758371319622e-05,0.9181946356736499,362.2,12.19981262383149,77.80000000000001,0.576702880859375,0.0509823957982631,0.5099524259567261,0.07341713703738266
0.001720719986434023,0.9181946356736499,312.4,15.321186675678906,127.60000000000002,0.5794941306114196,0.0784452636398559,0.4229152262210846,0.05976820568513794
0.0033746423891548496,0.9181946356736499,258.1,19.965877662759695,181.89999999999998,0.5960541486740112,0.12878596107408188,0.3840515732765198,0.0695297451392235
0.005028564791875676,0.9181946356736499,213.7,22.04633064134094,226.3,0.5885836720466614,0.1866251010515401,0.4113843083381653,0.07508864923920626
0.006682487194596503,0.9181946356736499,181.6,23.047867490448215,258.4,0.4723543405532837,0.2468697248706304,0.4545803189277649,0.06472275490263718
0.00833640959731733,0.9181946356736499,159.2,16.971372509543695,280.8,0.35630791783332827,0.25621581469295296,0.4775980234146118,0.05863696493072269
0.009990332000038156,0.9181946356736499,143.2,15.991600566291666,296.8,0.2600132703781128,0.25656154538254555,0.49403043985366824,0.04871067278353918
0.011644254402758982,0.9181946356736499,135.4,12.815341616407121,304.6,0.1631918728351593,0.22965452715220427,0.502423083782196,0.04313015224856083
0.01329817680547981,0.9181946356736499,128.8,10.11555024647257,311.2,0.052746248245239255,0.18567401886147428,0.5057500779628754,0.03776942083005014
0.014952099208200637,0.9181946356736499,122.3,9.448550230792467,317.7,-0.021103960275650025,0.07972289511243157,0.5123920500278473,0.03525654284577118
0.016606021610921465,0.9181946356736499,115.1,9.095322260706858,324.9,-0.023065942525863647,0.076835807487419,0.5211100161075592,0.037239661519103996
0.01825994401364229,0.9181946356736499,111.7,8.329122183596084,328.3,-0.02488597631454468,0.07583067541733231,0.5225339114665986,0.03957570346744546
0.019913866416363116,0.9181946356736499,106.3,8.644019283876771,333.7,-0.015789353847503663,0.06591928069243537,0.5273666262626648,0.039390902618936074
0.021567788819083944,0.9181946356736499,102.0,10.382948166125926,338.0,-0.002736431360244751,0.05763160127987665,0.5309905409812927,0.03960821300547747
0.023221711221804768,0.9181946356736499,99.2,10.716036900874562,340.8,-0.0005867362022399902,0.05847455280304521,0.5320198655128479,0.039525753711665654
0.024875633624525596,0.9181946356736499,94.2,9.536899743808894,345.8,-0.0006796956062316894,0.058777518147031194,0.534619128704071,0.03997379369235456
0.026529556027246423,0.9181946356736499,89.8,9.295358879423778,350.2,-0.0011847257614135743,0.0597062813697819,0.5392873048782348,0.03836476011641582
0.02818347842996725,0.9181946356736499,79.4,13.577969062457802,360.6,-0.009611999988555909,0.06304982001670116,0.5465718924999237,0.03919528832309979
0.029837400832688078,0.9181946356736499,73.0,17.303818327851097,367.0,-0.016200178861618043,0.0637143405404722,0.5473977327346802,0.03931263292628072
0.0314913232354089,0.9181946356736499,69.9,17.890121335307736,370.1,-0.023728734254837035,0.0604905666884792,0.5508962213993073,0.03969146165597781
0.03314524563812973,0.9181946356736499,67.3,17.005678599056377,372.7,-0.02559353709220886,0.058513283882471866,0.5531729221343994,0.03941073746961899
0.03479916804085056,0.9181946356736499,62.5,15.62999818157414,377.5,-0.03647581338882446,0.07743593847939255,0.5575168550014495,0.03782837495982768
0.03645309044357138,0.9181946356736499,58.5,15.864695969307222,381.5,-0.025781410932540893,0.08594778271940683,0.5574356138706207,0.035959807496498436
0.03810701284629221,0.9181946356736499,54.4,14.391144638004286,385.6,-0.03314548134803772,0.0882903150857825,0.5596294343471527,0.03619761375571683
0.03976093524901304,0.9181946356736499,50.6,13.974200081718179,389.4,-0.022328442335128783,0.0895757990572262,0.561886340379715,0.035606126946018495
0.04141485765173386,0.9181946356736499,45.8,13.655636831478596,394.2,-1.2582798600196838,2.850731942618267,0.5649955868721008,0.03507686172779927
0.04306878005445469,0.9181946356736499,38.5,14.746496499221466,401.5,-316.00987632870675,714.8672281375257,0.570960283279419,0.03706113289860373
0.044722702457175516,0.9181946356736499,34.8,15.249020051737874,405.2,-316.0415996015072,714.8592576373192,0.5738430500030518,0.03675502318773681
0.04637662485989634,0.9181946356736499,30.6,14.622396008540273,409.4,-84.86328576803207,191.61543599646296,0.5749861061573028,0.036635272045085515
0.04803054726261717,0.9181946356736499,26.3,14.660647911569983,413.7,-1.12872171998024,2.4236052640150563,0.5783822715282441,0.035124756845492135
0.049684469665337995,0.9181946356736499,22.3,13.121594908429861,417.7,-1.6324123680591582,3.5841506798539293,0.5803797781467438,0.036467167582126536
0.051338392068058826,0.9181946356736499,16.4,13.152541343619191,423.6,-6.943431454896927,11.030928710395388,0.5807040870189667,0.037266899196217576
0.05299231447077965,0.9181946356736499,14.0,13.378852978868153,426.0,-2.1467232167720796,4.707739411663805,0.5824769794940948,0.038325093125832675
0.054646236873500474,0.9181946356736499,12.2,11.835500200929506,427.8,-2.1546960413455962,4.705717177076739,0.5837982773780823,0.0375791650716736
0.056300159276221305,0.9181946356736499,7.4,7.171034241722803,432.6,-3.0672848522663116,4.954268725497548,0.5854617774486541,0.03497739189434379
0.05795408167894213,0.9181946356736499,3.2,3.721689707608231,436.8,-11.023627412319183,24.83765532757516,0.5872190654277801,0.03133536934443347
0.05960800408166296,0.9181946356736499,1.9,3.6076501527873415,438.1,-151.58073118925094,342.8211576686271,0.5879509270191192,0.03107837890918194
0.061261926484383784,0.9181946356736499,1.9,3.6076501527873415,438.1,-151.58073118925094,342.8211576686271,0.5879509270191192,0.03107837890918194
0.06291584888710461,0.9181946356736499,0.6,1.3572942977124596,439.4,-19.967184448242186,45.16890932162005,0.5845927894115448,0.0365695005067372
0.06456977128982544,0.9181946356736499,0.1,0.2262157162854099,439.9,0.0,0.0,0.5850649774074554,0.03581232503029039
6.679758371319622e-05,0.9916206254961659,379.8,11.772880615962007,60.19999999999999,0.5814695060253143,0.04357980972402471,0.4718355000019073,0.10874922591692153
0.001720719986434023,0.9916206254961659,328.7,14.895350154559816,111.30000000000001,0.5888417541980744,0.0671924571272886,0.37244821786880494,0.07424283924991233
0.0033746423891548496,0.9916206254961659,268.0,20.779582418448726,172.0,0.6076971769332886,0.12370946293901249,0.34749722480773926,0.07567173776349063
0.005028564791875676,0.9916206254961659,221.5,22.66237932578674,218.5,0.5922626078128814,0.18326377779258948,0.3900367796421051,0.08016397364188857
0.006682487194596503,0.9916206254961659,187.3,23.76413775419248,252.7,0.4726219534873962,0.2466321998071935,0.44258350133895874,0.0635375641157866
0.00833640959731733,0.9916206254961659,161.8,17.53816275925925,278.2,0.363971471786499,0.2588247236940685,0.47140483260154725,0.05917503947392782
0.009990332000038156,0.9916206254961659,145.0,16.253283930344146,295.0,0.26608445048332213,0.2611099025461817,0.4913859128952026,0.04825307810355408
0.011644254402758982,0.9916206254961659,136.1,13.495009951761244,303.9,0.16447755694389343,0.2292166663411344,0.5012537896633148,0.042991072587406635
0.01329817680547981,0.9916206254961659,129.1,10.440018016138533,310.9,0.05282081365585327,0.1856416607776529,0.5052484333515167,0.037642922568533514
0.014952099208200637,0.9916206254961659,122.3,9.448550230792467,317.7,-0.021103960275650025,0.07972289511243157,0.5123920500278473,0.03525654284577118
0.016606021610921465,0.9916206254961659,115.1,9.095322260706858,324.9,-0.023065942525863647,0.076835807487419,0.5211100161075592,0.037239661519103996
0.01825994401364229,0.9916206254961659,111.7,8.329122183596084,328.3,-0.02488597631454468,0.07583067541733231,0.5225339114665986,0.03957570346744546
0.019913866416363116,0.9916206254961659,106.3,8.644019283876771,333.7,-0.015789353847503663,0.06591928069243537,0.5273666262626648,0.039390902618936074
0.021567788819083944,0.9916206254961659,102.0,10.382948166125926,338.0,-0.002736431360244751,0.05763160127987665,0.5309905409812927,0.03960821300547747
0.023221711221804768,0.9916206254961659,99.2,10.716036900874562,340.8,-0.0005867362022399902,0.05847455280304521,0.5320198655128479,0.039525753711665654
0.024875633624525596,0.9916206254961659,94.2,9.536899743808894,345.8,-0.0006796956062316894,0.058777518147031194,0.534619128704071,0.03997379369235456
0.026529556027246423,0.9916206254961659,89.8,9.295358879423778,350.2,-0.0011847257614135743,0.0597062813697819,0.5392873048782348,0.03836476011641582
0.02818347842996725,0.9916206254961659,79.4,13.577969062457802,360.6,-0.009611999988555909,0.06304982001670116,0.5465718924999237,0.03919528832309979
0.029837400832688078,0.9916206254961659,73.0,17.303818327851097,367.0,-0.016200178861618043,0.0637143405404722,0.5473977327346802,0.03931263292628072
0.0314913232354089,0.9916206254961659,69.9,17.890121335307736,370.1,-0.023728734254837035,0.0604905666884792,0.5508962213993073,0.03969146165597781
0.03314524563812973,0.9916206254961659,67.3,17.005678599056377,372.7,-0.02559353709220886,0.058513283882471866,0.5531729221343994,0.03941073746961899
0.03479916804085056,0.9916206254961659,62.5,15.62999818157414,377.5,-0.03647581338882446,0.07743593847939255,0.5575168550014495,0.03782837495982768
0.03645309044357138,0.9916206254961659,58.5,15.864695969307222,381.5,-0.025781410932540893,0.08594778271940683,0.5574356138706207,0.035959807496498436
0.03810701284629221,0.9916206254961659,54.4,14.391144638004286,385.6,-0.03314548134803772,0.0882903150857825,0.5596294343471527,0.03619761375571683
0.03976093524901304,0.9916206254961659,50.6,13.974200081718179,389.4,-0.022328442335128783,0.0895757990572262,0.561886340379715,0.035606126946018495
0.04141485765173386,0.9916206254961659,45.8,13.655636831478596,394.2,-1.2582798600196838,2.850731942618267,0.5649955868721008,0.03507686172779927
0.04306878005445469,0.9916206254961659,38.5,14.746496499221466,401.5,-316.00987632870675,714.8672281375257,0.570960283279419,0.03706113289860373
0.044722702457175516,0.9916206254961659,34.8,15.249020051737874,405.2,-316.0415996015072,714.8592576373192,0.5738430500030518,0.03675502318773681
0.04637662485989634,0.9916206254961659,30.6,14.622396008540273,409.4,-84.86328576803207,191.61543599646296,0.5749861061573028,0.036635272045085515
0.04803054726261717,0.9916206254961659,26.3,14.660647911569983,413.7,-1.12872171998024,2.4236052640150563,0.5783822715282441,0.035124756845492135
0.049684469665337995,0.9916206254961659,22.3,13.121594908429861,417.7,-1.6324123680591582,3.5841506798539293,0.5803797781467438,0.036467167582126536
0.051338392068058826,0.9916206254961659,16.4,13.152541343619191,423.6,-6.943431454896927,11.030928710395388,0.5807040870189667,0.037266899196217576
0.05299231447077965,0.9916206254961659,14.0,13.378852978868153,426.0,-2.1467232167720796,4.707739411663805,0.5824769794940948,0.038325093125832675
0.054646236873500474,0.9916206254961659,12.2,11.835500200929506,427.8,-2.1546960413455962,4.705717177076739,0.5837982773780823,0.0375791650716736
0.056300159276221305,0.9916206254961659,7.4,7.171034241722803,432.6,-3.0672848522663116,4.954268725497548,0.5854617774486541,0.03497739189434379
0.05795408167894213,0.9916206254961659,3.2,3.721689707608231,436.8,-11.023627412319183,24.83765532757516,0.5872190654277801,0.03133536934443347
0.05960800408166296,0.9916206254961659,1.9,3.6076501527873415,438.1,-151.58073118925094,342.8211576686271,0.5879509270191192,0.03107837890918194
0.061261926484383784,0.9916206254961659,1.9,3.6076501527873415,438.1,-151.58073118925094,342.8211576686271,0.5879509270191192,0.03107837890918194
0.06291584888710461,0.9916206254961659,0.6,1.3572942977124596,439.4,-19.967184448242186,45.16890932162005,0.5845927894115448,0.0365695005067372
0.06456977128982544,0.9916206254961659,0.1,0.2262157162854099,439.9,0.0,0.0,0.5850649774074554,0.03581232503029039
6.679758371319622e-05,1.0650466153186817,398.7,8.121742813561488,41.30000000000001,0.5845693945884705,0.03962696237748447,0.41499683260917664,0.12515151133199426
0.001720719986434023,1.0650466153186817,345.8,10.652174372073121,94.19999999999999,0.5923243343830109,0.06344756032809361,0.3095159351825714,0.061744425138858014
0.0033746423891548496,1.0650466153186817,280.0,18.705971373170378,160.0,0.6091616034507752,0.12186908564413093,0.31287623643875123,0.08201559783214492
0.005028564791875676,1.0650466153186817,231.1,21.176524576307454,208.9,0.5945190846920013,0.17929195055251398,0.3711218059062958,0.09070291032973665
0.006682487194596503,1.0650466153186817,194.1,23.42045929752245,245.9,0.4942034363746643,0.2305586305547076,0.432089364528656,0.06884506978090187
0.00833640959731733,1.0650466153186817,164.8,18.586435381433784,275.2,0.37304632663726806,0.2572838352175482,0.4651564061641693,0.05788562647149318
0.009990332000038156,1.0650466153186817,146.6,17.588019376278474,293.4,0.2706953465938568,0.26564215580944894,0.4884819746017456,0.046773321040424434
0.011644254402758982,1.0650466153186817,136.6,13.46865063189496,303.4,0.2055888831615448,0.23741510998891605,0.4997550129890442,0.042511255206812405
0.01329817680547981,1.0650466153186817,129.2,10.337945483271369,310.8,0.05560234785079956,0.19139877905715785,0.5048961520195008,0.03756962676413389
0.014952099208200637,1.0650466153186817,122.3,9.448550230792467,317.7,-0.021103960275650025,0.07972289511243157,0.5123920500278473,0.03525654284577118
0.016606021610921465,1.0650466153186817,115.1,9.095322260706858,324.9,-0.023065942525863647,0.076835807487419,0.5211100161075592,0.037239661519103996
0.01825994401364229,1.0650466153186817,111.7,8.329122183596084,328.3,-0.02488597631454468,0.07583067541733231,0.5225339114665986,0.03957570346744546
0.019913866416363116,1.0650466153186817,106.3,8.644019283876771,333.7,-0.015789353847503663,0.06591928069243537,0.5273666262626648,0.039390902618936074
0.021567788819083944,1.0650466153186817,102.0,10.382948166125926,338.0,-0.002736431360244751,0.05763160127987665,0.5309905409812927,0.03960821300547747
0.023221711221804768,1.0650466153186817,99.2,10.716036900874562,340.8,-0.0005867362022399902,0.05847455280304521,0.5320198655128479,0.039525753711665654
0.024875633624525596,1.0650466153186817,94.2,9.536899743808894,345.8,-0.0006796956062316894,0.058777518147031194,0.534619128704071,0.03997379369235456
0.026529556027246423,1.0650466153186817,89.8,9.295358879423778,350.2,-0.0011847257614135743,0.0597062813697819,0.5392873048782348,0.03836476011641582
0.02818347842996725,1.0650466153186817,79.4,13.577969062457802,360.6,-0.009611999988555909,0.06304982001670116,0.5465718924999237,0.03919528832309979
0.029837400832688078,1.0650466153186817,73.0,17.303818327851097,367.0,-0.016200178861618043,0.0637143405404722,0.5473977327346802,0.03931263292628072
0.0314913232354089,1.0650466153186817,69.9,17.890121335307736,370.1,-0.023728734254837035,0.0604905666884792,0.5508962213993073,0.03969146165597781
0.03314524563812973,1.0650466153186817,67.3,17.005678599056377,372.7,-0.02559353709220886,0.058513283882471866,0.5531729221343994,0.03941073746961899
0.03479916804085056,1.0650466153186817,62.5,15.62999818157414,377.5,-0.03647581338882446,0.07743593847939255,0.5575168550014495,0.03782837495982768
0.03645309044357138,1.0650466153186817,58.5,15.864695969307222,381.5,-0.025781410932540893,0.08594778271940683,0.5574356138706207,0.035959807496498436
0.03810701284629221,1.0650466153186817,54.4,14.391144638004286,385.6,-0.03314548134803772,0.0882903150857825,0.5596294343471527,0.03619761375571683
0.03976093524901304,1.0650466153186817,50.6,13.974200081718179,389.4,-0.022328442335128783,0.0895757990572262,0.561886340379715,0.035606126946018495
0.04141485765173386,1.0650466153186817,45.8,13.655636831478596,394.2,-1.2582798600196838,2.850731942618267,0.5649955868721008,0.03507686172779927
0.04306878005445469,1.0650466153186817,38.5,14.746496499221466,401.5,-316.00987632870675,714.8672281375257,0.570960283279419,0.03706113289860373
0.044722702457175516,1.0650466153186817,34.8,15.249020051737874,405.2,-316.0415996015072,714.8592576373192,0.5738430500030518,0.03675502318773681
0.04637662485989634,1.0650466153186817,30.6,14.622396008540273,409.4,-84.86328576803207,191.61543599646296,0.5749861061573028,0.036635272045085515
0.04803054726261717,1.0650466153186817,26.3,14.660647911569983,413.7,-1.12872171998024,2.4236052640150563,0.5783822715282441,0.035124756845492135
0.049684469665337995,1.0650466153186817,22.3,13.121594908429861,417.7,-1.6324123680591582,3.5841506798539293,0.5803797781467438,0.036467167582126536
0.051338392068058826,1.0650466153186817,16.4,13.152541343619191,423.6,-6.943431454896927,11.030928710395388,0.5807040870189667,0.037266899196217576
0.05299231447077965,1.0650466153186817,14.0,13.378852978868153,426.0,-2.1467232167720796,4.707739411663805,0.5824769794940948,0.038325093125832675
0.054646236873500474,1.0650466153186817,12.2,11.835500200929506,427.8,-2.1546960413455962,4.705717177076739,0.5837982773780823,0.0375791650716736
0.056300159276221305,1.0650466153186817,7.4,7.171034241722803,432.6,-3.0672848522663116,4.954268725497548,0.5854617774486541,0.03497739189434379
0.05795408167894213,1.0650466153186817,3.2,3.721689707608231,436.8,-11.023627412319183,24.83765532757516,0.5872190654277801,0.03133536934443347
0.05960800408166296,1.0650466153186817,1.9,3.6076501527873415,438.1,-151.58073118925094,342.8211576686271,0.5879509270191192,0.03107837890918194
0.061261926484383784,1.0650466153186817,1.9,3.6076501527873415,438.1,-151.58073118925094,342.8211576686271,0.5879509270191192,0.03107837890918194
0.06291584888710461,1.0650466153186817,0.6,1.3572942977124596,439.4,-19.967184448242186,45.16890932162005,0.5845927894115448,0.0365695005067372
0.06456977128982544,1.0650466153186817,0.1,0.2262157162854099,439.9,0.0,0.0,0.5850649774074554,0.03581232503029039
6.679758371319622e-05,1.1384726051411977,410.1,6.30389599999175,29.899999999999977,0.5874576508998871,0.03892735139277889,0.37027276754379274,0.17386535974127434
0.001720719986434023,1.1384726051411977,354.3,10.801915599630501,85.69999999999999,0.5969614565372467,0.0643404925951022,0.25229748487472536,0.09607625277790968
0.0033746423891548496,1.1384726051411977,285.6,18.736950093879884,154.39999999999998,0.6134012997150421,0.12085197377269409,0.28314194083213806,0.09196298977183048
0.005028564791875676,1.1384726051411977,234.5,21.540704547913187,205.5,0.597849988937378,0.17805889827924742,0.3575015485286713,0.09645713723369541
0.006682487194596503,1.1384726051411977,196.4,23.047867490448215,243.6,0.49912182688713075,0.230629080559649,0.42728530168533324,0.07147085680431756
0.00833640959731733,1.1384726051411977,166.5,18.590870682653964,273.5,0.3751932680606842,0.2573626878357063,0.46309973001480104,0.060889439094683945
0.009990332000038156,1.1384726051411977,147.7,17.509771892133294,292.3,0.2788219928741455,0.2707068925902938,0.4865263640880585,0.04816680010736797
0.011644254402758982,1.1384726051411977,137.4,13.366947812733343,302.6,0.2420128345489502,0.268664925731896,0.49801538586616517,0.04255954247862626
0.01329817680547981,1.1384726051411977,129.8,10.420120048488322,310.2,0.12439377903938294,0.24388617926895398,0.5039674639701843,0.03757478479189181
0.014952099208200637,1.1384726051411977,122.3,9.448550230792467,317.7,-0.021103960275650025,0.07972289511243157,0.5123920500278473,0.03525654284577118
0.016606021610921465,1.1384726051411977,115.1,9.095322260706858,324.9,-0.023065942525863647,0.076835807487419,0.5211100161075592,0.037239661519103996
0.01825994401364229,1.1384726051411977,111.7,8.329122183596084,328.3,-0.02488597631454468,0.07583067541733231,0.5225339114665986,0.03957570346744546
0.019913866416363116,1.1384726051411977,106.3,8.644019283876771,333.7,-0.015789353847503663,0.06591928069243537,0.5273666262626648,0.039390902618936074
0.021567788819083944,1.1384726051411977,102.0,10.382948166125926,338.0,-0.002736431360244751,0.05763160127987665,0.5309905409812927,0.03960821300547747
0.023221711221804768,1.1384726051411977,99.2,10.716036900874562,340.8,-0.0005867362022399902,0.05847455280304521,0.5320198655128479,0.039525753711665654
0.024875633624525596,1.1384726051411977,94.2,9.536899743808894,345.8,-0.0006796956062316894,0.058777518147031194,0.534619128704071,0.03997379369235456
0.026529556027246423,1.1384726051411977,89.8,9.295358879423778,350.2,-0.0011847257614135743,0.0597062813697819,0.5392873048782348,0.03836476011641582
0.02818347842996725,1.1384726051411977,79.4,13.577969062457802,360.6,-0.009611999988555909,0.06304982001670116,0.5465718924999237,0.03919528832309979
0.029837400832688078,1.1384726051411977,73.0,17.303818327851097,367.0,-0.016200178861618043,0.0637143405404722,0.5473977327346802,0.03931263292628072
0.0314913232354089,1.1384726051411977,69.9,17.890121335307736,370.1,-0.023728734254837035,0.0604905666884792,0.5508962213993073,0.03969146165597781
0.03314524563812973,1.1384726051411977,67.3,17.005678599056377,372.7,-0.02559353709220886,0.058513283882471866,0.5531729221343994,0.03941073746961899
0.03479916804085056,1.1384726051411977,62.5,15.62999818157414,377.5,-0.03647581338882446,0.07743593847939255,0.5575168550014495,0.03782837495982768
0.03645309044357138,1.1384726051411977,58.5,15.864695969307222,381.5,-0.025781410932540893,0.08594778271940683,0.5574356138706207,0.035959807496498436
0.03810701284629221,1.1384726051411977,54.4,14.391144638004286,385.6,-0.03314548134803772,0.0882903150857825,0.5596294343471527,0.03619761375571683
0.03976093524901304,1.1384726051411977,50.6,13.974200081718179,389.4,-0.022328442335128783,0.0895757990572262,0.561886340379715,0.035606126946018495
0.04141485765173386,1.1384726051411977,45.8,13.655636831478596,394.2,-1.2582798600196838,2.850731942618267,0.5649955868721008,0.03507686172779927
0.04306878005445469,1.1384726051411977,38.5,14.746496499221466,401.5,-316.00987632870675,714.8672281375257,0.570960283279419,0.03706113289860373
0.044722702457175516,1.1384726051411977,34.8,15.249020051737874,405.2,-316.0415996015072,714.8592576373192,0.5738430500030518,0.03675502318773681
0.04637662485989634,1.1384726051411977,30.6,14.622396008540273,409.4,-84.86328576803207,191.61543599646296,0.5749861061573028,0.036635272045085515
0.04803054726261717,1.1384726051411977,26.3,14.660647911569983,413.7,-1.12872171998024,2.4236052640150563,0.5783822715282441,0.035124756845492135
0.049684469665337995,1.1384726051411977,22.3,13.121594908429861,417.7,-1.6324123680591582,3.5841506798539293,0.5803797781467438,0.036467167582126536
0.051338392068058826,1.1384726051411977,16.4,13.152541343619191,423.6,-6.943431454896927,11.030928710395388,0.5807040870189667,0.037266899196217576
0.05299231447077965,1.1384726051411977,14.0,13.378852978868153,426.0,-2.1467232167720796,4.707739411663805,0.5824769794940948,0.038325093125832675
0.054646236873500474,1.1384726051411977,12.2,11.835500200929506,427.8,-2.1546960413455962,4.705717177076739,0.5837982773780823,0.0375791650716736
0.056300159276221305,1.1384726051411977,7.4,7.171034241722803,432.6,-3.0672848522663116,4.954268725497548,0.5854617774486541,0.03497739189434379
0.05795408167894213,1.1384726051411977,3.2,3.721689707608231,436.8,-11.023627412319183,24.83765532757516,0.5872190654277801,0.03133536934443347
0.05960800408166296,1.1384726051411977,1.9,3.6076501527873415,438.1,-151.58073118925094,342.8211576686271,0.5879509270191192,0.03107837890918194
0.061261926484383784,1.1384726051411977,1.9,3.6076501527873415,438.1,-151.58073118925094,342.8211576686271,0.5879509270191192,0.03107837890918194
0.06291584888710461,1.1384726051411977,0.6,1.3572942977124596,439.4,-19.967184448242186,45.16890932162005,0.5845927894115448,0.0365695005067372
0.06456977128982544,1.1384726051411977,0.1,0.2262157162854099,439.9,0.0,0.0,0.5850649774074554,0.03581232503029039
6.679758371319622e-05,1.2118985949637138,417.4,5.501999452401424,22.600000000000023,0.5902517080307007,0.036786565334035994,0.2823744297027588,0.20089324927151886
0.001720719986434023,1.2118985949637138,359.4,10.072740063356004,80.60000000000002,0.6018266618251801,0.062364481444442864,0.19909166693687438,0.0965482012995583
0.0033746423891548496,1.2118985949637138,288.0,19.55599650237886,152.0,0.6180018961429596,0.11852848054511607,0.2630933165550232,0.08861284047711791
0.005028564791875676,1.2118985949637138,235.9,21.829653828968816,204.1,0.6000739932060242,0.17767341560443414,0.3508350968360901,0.09603492062394459
0.006682487194596503,1.2118985949637138,197.6,23.020714299301403,242.4,0.5025775074958801,0.23214883562437416,0.4241115391254425,0.07025188534849582
0.00833640959731733,1.2118985949637138,167.3,18.00606999919714,272.7,0.38860170245170594,0.2627369839220099,0.4615150809288025,0.06031280880825324
0.009990332000038156,1.2118985949637138,147.7,17.509771892133294,292.3,0.2788219928741455,0.2707068925902938,0.4865263640880585,0.04816680010736797
0.011644254402758982,1.2118985949637138,137.4,13.366947812733343,302.6,0.2420128345489502,0.268664925731896,0.49801538586616517,0.04255954247862626
0.01329817680547981,1.2118985949637138,129.8,10.420120048488322,310.2,0.12439377903938294,0.24388617926895398,0.5039674639701843,0.03757478479189181
0.014952099208200637,1.2118985949637138,122.3,9.448550230792467,317.7,-0.021103960275650025,0.07972289511243157,0.5123920500278473,0.03525654284577118
0.016606021610921465,1.2118985949637138,115.1,9.095322260706858,324.9,-0.023065942525863647,0.076835807487419,0.5211100161075592,0.037239661519103996
0.01825994401364229,1.2118985949637138,111.7,8.329122183596084,328.3,-0.02488597631454468,0.07583067541733231,0.5225339114665986,0.03957570346744546
0.019913866416363116,1.2118985949637138,106.3,8.644019283876771,333.7,-0.015789353847503663,0.06591928069243537,0.5273666262626648,0.039390902618936074
0.021567788819083944,1.2118985949637138,102.0,10.382948166125926,338.0,-0.002736431360244751,0.05763160127987665,0.5309905409812927,0.03960821300547747
0.023221711221804768,1.2118985949637138,99.2,10.716036900874562,340.8,-0.0005867362022399902,0.05847455280304521,0.5320198655128479,0.039525753711665654
0.024875633624525596,1.2118985949637138,94.2,9.536899743808894,345.8,-0.0006796956062316894,0.058777518147031194,0.534619128704071,0.03997379369235456
0.026529556027246423,1.2118985949637138,89.8,9.295358879423778,350.2,-0.0011847257614135743,0.0597062813697819,0.5392873048782348,0.03836476011641582
0.02818347842996725,1.2118985949637138,79.4,13.577969062457802,360.6,-0.009611999988555909,0.06304982001670116,0.5465718924999237,0.03919528832309979
0.029837400832688078,1.2118985949637138,73.0,17.303818327851097,367.0,-0.016200178861618043,0.0637143405404722,0.5473977327346802,0.03931263292628072
0.0314913232354089,1.2118985949637138,69.9,17.890121335307736,370.1,-0.023728734254837035,0.0604905666884792,0.5508962213993073,0.03969146165597781
0.03314524563812973,1.2118985949637138,67.3,17.005678599056377,372.7,-0.02559353709220886,0.058513283882471866,0.5531729221343994,0.03941073746961899
0.03479916804085056,1.2118985949637138,62.5,15.62999818157414,377.5,-0.03647581338882446,0.07743593847939255,0.5575168550014495,0.03782837495982768
0.03645309044357138,1.2118985949637138,58.5,15.864695969307222,381.5,-0.025781410932540893,0.08594778271940683,0.5574356138706207,0.035959807496498436
0.03810701284629221,1.2118985949637138,54.4,14.391144638004286,385.6,-0.03314548134803772,0.0882903150857825,0.5596294343471527,0.03619761375571683
0.03976093524901304,1.2118985949637138,50.6,13.974200081718179,389.4,-0.022328442335128783,0.0895757990572262,0.561886340379715,0.035606126946018495
0.04141485765173386,1.2118985949637138,45.8,13.655636831478596,394.2,-1.2582798600196838,2.850731942618267,0.5649955868721008,0.03507686172779927
0.04306878005445469,1.2118985949637138,38.5,14.746496499221466,401.5,-316.00987632870675,714.8672281375257,0.570960283279419,0.03706113289860373
0.044722702457175516,1.2118985949637138,34.8,15.249020051737874,405.2,-316.0415996015072,714.8592576373192,0.5738430500030518,0.03675502318773681
0.04637662485989634,1.2118985949637138,30.6,14.622396008540273,409.4,-84.86328576803207,191.61543599646296,0.5749861061573028,0.036635272045085515
0.04803054726261717,1.2118985949637138,26.3,14.660647911569983,413.7,-1.12872171998024,2.4236052640150563,0.5783822715282441,0.035124756845492135
0.049684469665337995,1.2118985949637138,22.3,13.121594908429861,417.7,-1.6324123680591582,3.5841506798539293,0.5803797781467438,0.036467167582126536
0.051338392068058826,1.2118985949637138,16.4,13.152541343619191,423.6,-6.943431454896927,11.030928710395388,0.5807040870189667,0.037266899196217576
0.05299231447077965,1.2118985949637138,14.0,13.378852978868153,426.0,-2.1467232167720796,4.707739411663805,0.5824769794940948,0.038325093125832675
0.054646236873500474,1.2118985949637138,12.2,11.835500200929506,427.8,-2.1546960413455962,4.705717177076739,0.5837982773780823,0.0375791650716736
0.056300159276221305,1.2118985949637138,7.4,7.171034241722803,432.6,-3.0672848522663116,4.954268725497548,0.5854617774486541,0.03497739189434379
0.05795408167894213,1.2118985949637138,3.2,3.721689707608231,436.8,-11.023627412319183,24.83765532757516,0.5872190654277801,0.03133536934443347
0.05960800408166296,1.2118985949637138,1.9,3.6076501527873415,438.1,-151.58073118925094,342.8211576686271,0.5879509270191192,0.03107837890918194
0.061261926484383784,1.2118985949637138,1.9,3.6076501527873415,438.1,-151.58073118925094,342.8211576686271,0.5879509270191192,0.03107837890918194
0.06291584888710461,1.2118985949637138,0.6,1.3572942977124596,439.4,-19.967184448242186,45.16890932162005,0.5845927894115448,0.0365695005067372
0.06456977128982544,1.2118985949637138,0.1,0.2262157162854099,439.9,0.0,0.0,0.5850649774074554,0.03581232503029039
6.679758371319622e-05,1.2853245847862298,422.5,6.202052238685328,17.5,0.5901345133781433,0.03632684107379001,0.21817336082458497,0.23100233756524208
0.001720719986434023,1.2853245847862298,363.5,8.592558476666216,76.5,0.6024638116359711,0.06027964396179812,0.18101864457130432,0.09932343268806032
0.0033746423891548496,1.2853245847862298,289.3,19.424863709216464,150.7,0.6212318956851959,0.11468532453115961,0.25704440474510193,0.0866973236045426
0.005028564791875676,1.2853245847862298,236.2,22.009547905125217,203.8,0.6020810067653656,0.1773931424928762,0.34906471967697145,0.09514797056895129
0.006682487194596503,1.2853245847862298,197.8,23.19198416038638,242.2,0.50310298204422,0.23244032656679478,0.42328320145606996,0.0701111662385473
0.00833640959731733,1.2853245847862298,167.5,18.113744688450563,272.5,0.39101094007492065,0.26387160326126663,0.4610883355140686,0.06021590898249331
0.009990332000038156,1.2853245847862298,147.8,17.525189784069386,292.2,0.28797538876533507,0.2710712334050472,0.48627633452415464,0.04822119634607438
0.011644254402758982,1.2853245847862298,137.4,13.366947812733343,302.6,0.2420128345489502,0.268664925731896,0.49801538586616517,0.04255954247862626
0.01329817680547981,1.2853245847862298,129.8,10.420120048488322,310.2,0.12439377903938294,0.24388617926895398,0.5039674639701843,0.03757478479189181
0.014952099208200637,1.2853245847862298,122.3,9.448550230792467,317.7,-0.021103960275650025,0.07972289511243157,0.5123920500278473,0.03525654284577118
0.016606021610921465,1.2853245847862298,115.1,9.095322260706858,324.9,-0.023065942525863647,0.076835807487419,0.5211100161075592,0.037239661519103996
0.01825994401364229,1.2853245847862298,111.7,8.329122183596084,328.3,-0.02488597631454468,0.07583067541733231,0.5225339114665986,0.03957570346744546
0.019913866416363116,1.2853245847862298,106.3,8.644019283876771,333.7,-0.015789353847503663,0.06591928069243537,0.5273666262626648,0.039390902618936074
0.021567788819083944,1.2853245847862298,102.0,10.382948166125926,338.0,-0.002736431360244751,0.05763160127987665,0.5309905409812927,0.03960821300547747
0.023221711221804768,1.2853245847862298,99.2,10.716036900874562,340.8,-0.0005867362022399902,0.05847455280304521,0.5320198655128479,0.039525753711665654
0.024875633624525596,1.2853245847862298,94.2,9.536899743808894,345.8,-0.0006796956062316894,0.058777518147031194,0.534619128704071,0.03997379369235456
0.026529556027246423,1.2853245847862298,89.8,9.295358879423778,350.2,-0.0011847257614135743,0.0597062813697819,0.5392873048782348,0.03836476011641582
0.02818347842996725,1.2853245847862298,79.4,13.577969062457802,360.6,-0.009611999988555909,0.06304982001670116,0.5465718924999237,0.03919528832309979
0.029837400832688078,1.2853245847862298,73.0,17.303818327851097,367.0,-0.016200178861618043,0.0637143405404722,0.5473977327346802,0.03931263292628072
0.0314913232354089,1.2853245847862298,69.9,17.890121335307736,370.1,-0.023728734254837035,0.0604905666884792,0.5508962213993073,0.03969146165597781
0.03314524563812973,1.2853245847862298,67.3,17.005678599056377,372.7,-0.02559353709220886,0.058513283882471866,0.5531729221343994,0.03941073746961899
0.03479916804085056,1.2853245847862298,62.5,15.62999818157414,377.5,-0.03647581338882446,0.07743593847939255,0.5575168550014495,0.03782837495982768
0.03645309044357138,1.2853245847862298,58.5,15.864695969307222,381.5,-0.025781410932540893,0.08594778271940683,0.5574356138706207,0.035959807496498436
0.03810701284629221,1.2853245847862298,54.4,14.391144638004286,385.6,-0.03314548134803772,0.0882903150857825,0.5596294343471527,0.03619761375571683
0.03976093524901304,1.2853245847862298,50.6,13.974200081718179,389.4,-0.022328442335128783,0.0895757990572262,0.561886340379715,0.035606126946018495
0.04141485765173386,1.2853245847862298,45.8,13.655636831478596,394.2,-1.2582798600196838,2.850731942618267,0.5649955868721008,0.03507686172779927
0.04306878005445469,1.2853245847862298,38.5,14.746496499221466,401.5,-316.00987632870675,714.8672281375257,0.570960283279419,0.03706113289860373
0.044722702457175516,1.2853245847862298,34.8,15.249020051737874,405.2,-316.0415996015072,714.8592576373192,0.5738430500030518,0.03675502318773681
0.04637662485989634,1.2853245847862298,30.6,14.622396008540273,409.4,-84.86328576803207,191.61543599646296,0.5749861061573028,0.036635272045085515
0.04803054726261717,1.2853245847862298,26.3,14.660647911569983,413.7,-1.12872171998024,2.4236052640150563,0.5783822715282441,0.035124756845492135
0.049684469665337995,1.2853245847862298,22.3,13.121594908429861,417.7,-1.6324123680591582,3.5841506798539293,0.5803797781467438,0.036467167582126536
0.051338392068058826,1.2853245847862298,16.4,13.152541343619191,423.6,-6.943431454896927,11.030928710395388,0.5807040870189667,0.037266899196217576
0.05299231447077965,1.2853245847862298,14.0,13.378852978868153,426.0,-2.1467232167720796,4.707739411663805,0.5824769794940948,0.038325093125832675
0.054646236873500474,1.2853245847862298,12.2,11.835500200929506,427.8,-2.1546960413455962,4.705717177076739,0.5837982773780823,0.0375791650716736
0.056300159276221305,1.2853245847862298,7.4,7.171034241722803,432.6,-3.0672848522663116,4.954268725497548,0.5854617774486541,0.03497739189434379
0.05795408167894213,1.2853245847862298,3.2,3.721689707608231,436.8,-11.023627412319183,24.83765532757516,0.5872190654277801,0.03133536934443347
0.05960800408166296,1.2853245847862298,1.9,3.6076501527873415,438.1,-151.58073118925094,342.8211576686271,0.5879509270191192,0.03107837890918194
0.061261926484383784,1.2853245847862298,1.9,3.6076501527873415,438.1,-151.58073118925094,342.8211576686271,0.5879509270191192,0.03107837890918194
0.06291584888710461,1.2853245847862298,0.6,1.3572942977124596,439.4,-19.967184448242186,45.16890932162005,0.5845927894115448,0.0365695005067372
0.06456977128982544,1.2853245847862298,0.1,0.2262157162854099,439.9,0.0,0.0,0.5850649774074554,0.03581232503029039
6.679758371319622e-05,1.3587505746087458,425.9,5.979877904757318,14.100000000000023,0.5903468728065491,0.03526767115702729,0.22101961374282836,0.2852818660311219
0.001720719986434023,1.3587505746087458,365.7,9.03636699232371,74.30000000000001,0.6039744317531586,0.05864527130858553,0.17059126496315002,0.10300735610432109
0.0033746423891548496,1.3587505746087458,290.4,19.79355200702626,149.60000000000002,0.6245844960212708,0.11048402617646165,0.25319101214408873,0.08574334866295429
0.005028564791875676,1.3587505746087458,237.1,22.524467484714926,202.9,0.605370718240738,0.1742261341169097,0.34826319217681884,0.09508786112770909
0.006682487194596503,1.3587505746087458,198.4,23.613280246698075,241.6,0.5109246015548706,0.22657747663755323,0.4229578375816345,0.06935921366746842
0.00833640959731733,1.3587505746087458,167.7,18.29428066025556,272.3,0.39954031109809873,0.25805523052749985,0.46052716970443724,0.060437294709978134
0.009990332000038156,1.3587505746087458,147.8,17.525189784069386,292.2,0.28797538876533507,0.2710712334050472,0.48627633452415464,0.04822119634607438
0.011644254402758982,1.3587505746087458,137.4,13.366947812733343,302.6,0.2420128345489502,0.268664925731896,0.49801538586616517,0.04255954247862626
0.01329817680547981,1.3587505746087458,129.8,10.420120048488322,310.2,0.12439377903938294,0.24388617926895398,0.5039674639701843,0.03757478479189181
0.014952099208200637,1.3587505746087458,122.3,9.448550230792467,317.7,-0.021103960275650025,0.07972289511243157,0.5123920500278473,0.03525654284577118
0.016606021610921465,1.3587505746087458,115.1,9.095322260706858,324.9,-0.023065942525863647,0.076835807487419,0.5211100161075592,0.037239661519103996
0.01825994401364229,1.3587505746087458,111.7,8.329122183596084,328.3,-0.02488597631454468,0.07583067541733231,0.5225339114665986,0.03957570346744546
0.019913866416363116,1.3587505746087458,106.3,8.644019283876771,333.7,-0.015789353847503663,0.06591928069243537,0.5273666262626648,0.039390902618936074
0.021567788819083944,1.3587505746087458,102.0,10.382948166125926,338.0,-0.002736431360244751,0.05763160127987665,0.5309905409812927,0.03960821300547747
0.023221711221804768,1.3587505746087458,99.2,10.716036900874562,340.8,-0.0005867362022399902,0.05847455280304521,0.5320198655128479,0.039525753711665654
0.024875633624525596,1.3587505746087458,94.2,9.536899743808894,345.8,-0.0006796956062316894,0.058777518147031194,0.534619128704071,0.03997379369235456
0.026529556027246423,1.3587505746087458,89.8,9.295358879423778,350.2,-0.0011847257614135743,0.0597062813697819,0.5392873048782348,0.03836476011641582
0.02818347842996725,1.3587505746087458,79.4,13.577969062457802,360.6,-0.009611999988555909,0.06304982001670116,0.5465718924999237,0.03919528832309979
0.029837400832688078,1.3587505746087458,73.0,17.303818327851097,367.0,-0.016200178861618043,0.0637143405404722,0.5473977327346802,0.03931263292628072
0.0314913232354089,1.3587505746087458,69.9,17.890121335307736,370.1,-0.023728734254837035,0.0604905666884792,0.5508962213993073,0.03969146165597781
0.03314524563812973,1.3587505746087458,67.3,17.005678599056377,372.7,-0.02559353709220886,0.058513283882471866,0.5531729221343994,0.03941073746961899
0.03479916804085056,1.3587505746087458,62.5,15.62999818157414,377.5,-0.03647581338882446,0.07743593847939255,0.5575168550014495,0.03782837495982768
0.03645309044357138,1.3587505746087458,58.5,15.864695969307222,381.5,-0.025781410932540893,0.08594778271940683,0.5574356138706207,0.035959807496498436
0.03810701284629221,1.3587505746087458,54.4,14.391144638004286,385.6,-0.03314548134803772,0.0882903150857825,0.5596294343471527,0.03619761375571683
0.03976093524901304,1.3587505746087458,50.6,13.974200081718179,389.4,-0.022328442335128783,0.0895757990572262,0.561886340379715,0.035606126946018495
0.04141485765173386,1.3587505746087458,45.8,13.655636831478596,394.2,-1.2582798600196838,2.850731942618267,0.5649955868721008,0.03507686172779927
0.04306878005445469,1.3587505746087458,38.5,14.746496499221466,401.5,-316.00987632870675,714.8672281375257,0.570960283279419,0.03706113289860373
0.044722702457175516,1.3587505746087458,34.8,15.249020051737874,405.2,-316.0415996015072,714.8592576373192,0.5738430500030518,0.03675502318773681
0.04637662485989634,1.3587505746087458,30.6,14.622396008540273,409.4,-84.86328576803207,191.61543599646296,0.5749861061573028,0.036635272045085515
0.04803054726261717,1.3587505746087458,26.3,14.660647911569983,413.7,-1.12872171998024,2.4236052640150563,0.5783822715282441,0.035124756845492135
0.049684469665337995,1.3587505746087458,22.3,13.121594908429861,417.7,-1.6324123680591582,3.5841506798539293,0.5803797781467438,0.036467167582126536
0.051338392068058826,1.3587505746087458,16.4,13.152541343619191,423.6,-6.943431454896927,11.030928710395388,0.5807040870189667,0.037266899196217576
0.05299231447077965,1.3587505746087458,14.0,13.378852978868153,426.0,-2.1467232167720796,4.707739411663805,0.5824769794940948,0.038325093125832675
0.054646236873500474,1.3587505746087458,12.2,11.835500200929506,427.8,-2.1546960413455962,4.705717177076739,0.5837982773780823,0.0375791650716736
0.056300159276221305,1.3587505746087458,7.4,7.171034241722803,432.6,-3.0672848522663116,4.954268725497548,0.5854617774486541,0.03497739189434379
0.05795408167894213,1.3587505746087458,3.2,3.721689707608231,436.8,-11.023627412319183,24.83765532757516,0.5872190654277801,0.03133536934443347
0.05960800408166296,1.3587505746087458,1.9,3.6076501527873415,438.1,-151.58073118925094,342.8211576686271,0.5879509270191192,0.03107837890918194
0.061261926484383784,1.3587505746087458,1.9,3.6076501527873415,438.1,-151.58073118925094,342.8211576686271,0.5879509270191192,0.03107837890918194
0.06291584888710461,1.3587505746087458,0.6,1.3572942977124596,439.4,-19.967184448242186,45.16890932162005,0.5845927894115448,0.0365695005067372
0.06456977128982544,1.3587505746087458,0.1,0.2262157162854099,439.9,0.0,0.0,0.5850649774074554,0.03581232503029039
6.679758371319622e-05,1.4321765644312616,428.7,5.851077263806607,11.300000000000011,0.5892448008060456,0.034301139892064035,0.1335258364677429,0.3141886802234281
0.001720719986434023,1.4321765644312616,367.7,9.466586420974133,72.30000000000001,0.603846263885498,0.05794674748444182,0.150945246219635,0.10190325603006527
0.0033746423891548496,1.4321765644312616,291.4,20.007839116304893,148.60000000000002,0.6239733219146728,0.1098838410217751,0.25155715346336366,0.08383394663863679
0.005028564791875676,1.4321765644312616,237.3,22.674419240831455,202.7,0.605341249704361,0.17423457656072222,0.3475941240787506,0.0946124903753706
0.006682487194596503,1.4321765644312616,198.4,23.613280246698075,241.6,0.5109246015548706,0.22657747663755323,0.4229578375816345,0.06935921366746842
0.00833640959731733,1.4321765644312616,167.7,18.29428066025556,272.3,0.39954031109809873,0.25805523052749985,0.46052716970443724,0.060437294709978134
0.009990332000038156,1.4321765644312616,147.8,17.525189784069386,292.2,0.28797538876533507,0.2710712334050472,0.48627633452415464,0.04822119634607438
0.011644254402758982,1.4321765644312616,137.4,13.366947812733343,302.6,0.2420128345489502,0.268664925731896,0.49801538586616517,0.04255954247862626
0.01329817680547981,1.4321765644312616,129.8,10.420120048488322,310.2,0.12439377903938294,0.24388617926895398,0.5039674639701843,0.03757478479189181
0.014952099208200637,1.4321765644312616,122.3,9.448550230792467,317.7,-0.021103960275650025,0.07972289511243157,0.5123920500278473,0.03525654284577118
0.016606021610921465,1.4321765644312616,115.1,9.095322260706858,324.9,-0.023065942525863647,0.076835807487419,0.5211100161075592,0.037239661519103996
0.01825994401364229,1.4321765644312616,111.7,8.329122183596084,328.3,-0.02488597631454468,0.07583067541733231,0.5225339114665986,0.03957570346744546
0.019913866416363116,1.4321765644312616,106.3,8.644019283876771,333.7,-0.015789353847503663,0.06591928069243537,0.5273666262626648,0.039390902618936074
0.021567788819083944,1.4321765644312616,102.0,10.382948166125926,338.0,-0.002736431360244751,0.05763160127987665,0.5309905409812927,0.03960821300547747
0.023221711221804768,1.4321765644312616,99.2,10.716036900874562,340.8,-0.0005867362022399902,0.05847455280304521,0.5320198655128479,0.039525753711665654
0.024875633624525596,1.4321765644312616,94.2,9.536899743808894,345.8,-0.0006796956062316894,0.058777518147031194,0.534619128704071,0.03997379369235456
0.026529556027246423,1.4321765644312616,89.8,9.295358879423778,350.2,-0.0011847257614135743,0.0597062813697819,0.5392873048782348,0.03836476011641582
0.02818347842996725,1.4321765644312616,79.4,13.577969062457802,360.6,-0.009611999988555909,0.06304982001670116,0.5465718924999237,0.03919528832309979
0.029837400832688078,1.4321765644312616,73.0,17.303818327851097,367.0,-0.016200178861618043,0.0637143405404722,0.5473977327346802,0.03931263292628072
0.0314913232354089,1.4321765644312616,69.9,17.890121335307736,370.1,-0.023728734254837035,0.0604905666884792,0.5508962213993073,0.03969146165597781
0.03314524563812973,1.4321765644312616,67.3,17.005678599056377,372.7,-0.02559353709220886,0.058513283882471866,0.5531729221343994,0.03941073746961899
0.03479916804085056,1.4321765644312616,62.5,15.62999818157414,377.5,-0.03647581338882446,0.07743593847939255,0.5575168550014495,0.03782837495982768
0.03645309044357138,1.4321765644312616,58.5,15.864695969307222,381.5,-0.025781410932540893,0.08594778271940683,0.5574356138706207,0.035959807496498436
0.03810701284629221,1.4321765644312616,54.4,14.391144638004286,385.6,-0.03314548134803772,0.0882903150857825,0.5596294343471527,0.03619761375571683
0.03976093524901304,1.4321765644312616,50.6,13.974200081718179,389.4,-0.022328442335128783,0.0895757990572262,0.561886340379715,0.035606126946018495
0.04141485765173386,1.4321765644312616,45.8,13.655636831478596,394.2,-1.2582798600196838,2.850731942618267,0.5649955868721008,0.03507686172779927
0.04306878005445469,1.4321765644312616,38.5,14.746496499221466,401.5,-316.00987632870675,714.8672281375257,0.570960283279419,0.03706113289860373
0.044722702457175516,1.4321765644312616,34.8,15.249020051737874,405.2,-316.0415996015072,714.8592576373192,0.5738430500030518,0.03675502318773681
0.04637662485989634,1.4321765644312616,30.6,14.622396008540273,409.4,-84.86328576803207,191.61543599646296,0.5749861061573028,0.036635272045085515
0.04803054726261717,1.4321765644312616,26.3,14.660647911569983,413.7,-1.12872171998024,2.4236052640150563,0.5783822715282441,0.035124756845492135
0.049684469665337995,1.4321765644312616,22.3,13.121594908429861,417.7,-1.6324123680591582,3.5841506798539293,0.5803797781467438,0.036467167582126536
0.051338392068058826,1.4321765644312616,16.4,13.152541343619191,423.6,-6.943431454896927,11.030928710395388,0.5807040870189667,0.037266899196217576
0.05299231447077965,1.4321765644312616,14.0,13.378852978868153,426.0,-2.1467232167720796,4.707739411663805,0.5824769794940948,0.038325093125832675
0.054646236873500474,1.4321765644312616,12.2,11.835500200929506,427.8,-2.1546960413455962,4.705717177076739,0.5837982773780823,0.0375791650716736
0.056300159276221305,1.4321765644312616,7.4,7.171034241722803,432.6,-3.0672848522663116,4.954268725497548,0.5854617774486541,0.03497739189434379
0.05795408167894213,1.4321765644312616,3.2,3.721689707608231,436.8,-11.023627412319183,24.83765532757516,0.5872190654277801,0.03133536934443347
0.05960800408166296,1.4321765644312616,1.9,3.6076501527873415,438.1,-151.58073118925094,342.8211576686271,0.5879509270191192,0.03107837890918194
0.061261926484383784,1.4321765644312616,1.9,3.6076501527873415,438.1,-151.58073118925094,342.8211576686271,0.5879509270191192,0.03107837890918194
0.06291584888710461,1.4321765644312616,0.6,1.3572942977124596,439.4,-19.967184448242186,45.16890932162005,0.5845927894115448,0.0365695005067372
0.06456977128982544,1.4321765644312616,0.1,0.2262157162854099,439.9,0.0,0.0,0.5850649774074554,0.03581232503029039
6.679758371319622e-05,1.5056025542537776,430.7,5.469349424032435,9.300000000000011,0.5891076028347015,0.03395072819733784,-0.45278186202049253,1.223385682550511
0.001720719986434023,1.5056025542537776,368.8,9.42293986561661,71.19999999999999,0.6038202345371246,0.05801842489375127,0.13973252177238465,0.10294284665000092
0.0033746423891548496,1.5056025542537776,292.1,20.076635969948043,147.89999999999998,0.6241369843482971,0.10996832360558563,0.247070574760437,0.08374386948553253
0.005028564791875676,1.5056025542537776,237.6,22.872038536404897,202.4,0.6053571701049805,0.17423260072492447,0.3469053447246552,0.09378550556007025
0.006682487194596503,1.5056025542537776,198.5,23.77896761855515,241.5,0.5109345972537994,0.2265659292005237,0.42266627550125124,0.06903865588983983
0.00833640959731733,1.5056025542537776,167.8,18.42049820588116,272.2,0.39960368871688845,0.25800379810717583,0.4604406118392944,0.06033519174244823
0.009990332000038156,1.5056025542537776,147.8,17.525189784069386,292.2,0.28797538876533507,0.2710712334050472,0.48627633452415464,0.04822119634607438
0.011644254402758982,1.5056025542537776,137.4,13.366947812733343,302.6,0.2420128345489502,0.268664925731896,0.49801538586616517,0.04255954247862626
0.01329817680547981,1.5056025542537776,129.8,10.420120048488322,310.2,0.12439377903938294,0.24388617926895398,0.5039674639701843,0.03757478479189181
0.014952099208200637,1.5056025542537776,122.3,9.448550230792467,317.7,-0.021103960275650025,0.07972289511243157,0.5123920500278473,0.03525654284577118
0.016606021610921465,1.5056025542537776,115.1,9.095322260706858,324.9,-0.023065942525863647,0.076835807487419,0.5211100161075592,0.037239661519103996
0.01825994401364229,1.5056025542537776,111.7,8.329122183596084,328.3,-0.02488597631454468,0.07583067541733231,0.5225339114665986,0.03957570346744546
0.019913866416363116,1.5056025542537776,106.3,8.644019283876771,333.7,-0.015789353847503663,0.06591928069243537,0.5273666262626648,0.039390902618936074
0.021567788819083944,1.5056025542537776,102.0,10.382948166125926,338.0,-0.002736431360244751,0.05763160127987665,0.5309905409812927,0.03960821300547747
0.023221711221804768,1.5056025542537776,99.2,10.716036900874562,340.8,-0.0005867362022399902,0.05847455280304521,0.5320198655128479,0.039525753711665654
0.024875633624525596,1.5056025542537776,94.2,9.536899743808894,345.8,-0.0006796956062316894,0.058777518147031194,0.534619128704071,0.03997379369235456
0.026529556027246423,1.5056025542537776,89.8,9.295358879423778,350.2,-0.0011847257614135743,0.0597062813697819,0.5392873048782348,0.03836476011641582
0.02818347842996725,1.5056025542537776,79.4,13.577969062457802,360.6,-0.009611999988555909,0.06304982001670116,0.5465718924999237,0.03919528832309979
0.029837400832688078,1.5056025542537776,73.0,17.303818327851097,367.0,-0.016200178861618043,0.0637143405404722,0.5473977327346802,0.03931263292628072
0.0314913232354089,1.5056025542537776,69.9,17.890121335307736,370.1,-0.023728734254837035,0.0604905666884792,0.5508962213993073,0.03969146165597781
0.03314524563812973,1.5056025542537776,67.3,17.005678599056377,372.7,-0.02559353709220886,0.058513283882471866,0.5531729221343994,0.03941073746961899
0.03479916804085056,1.5056025542537776,62.5,15.62999818157414,377.5,-0.03647581338882446,0.07743593847939255,0.5575168550014495,0.03782837495982768
0.03645309044357138,1.5056025542537776,58.5,15.864695969307222,381.5,-0.025781410932540893,0.08594778271940683,0.5574356138706207,0.035959807496498436
0.03810701284629221,1.5056025542537776,54.4,14.391144638004286,385.6,-0.03314548134803772,0.0882903150857825,0.5596294343471527,0.03619761375571683
0.03976093524901304,1.5056025542537776,50.6,13.974200081718179,389.4,-0.022328442335128783,0.0895757990572262,0.561886340379715,0.035606126946018495
0.04141485765173386,1.5056025542537776,45.8,13.655636831478596,394.2,-1.2582798600196838,2.850731942618267,0.5649955868721008,0.03507686172779927
0.04306878005445469,1.5056025542537776,38.5,14.746496499221466,401.5,-316.00987632870675,714.8672281375257,0.570960283279419,0.03706113289860373
0.044722702457175516,1.5056025542537776,34.8,15.249020051737874,405.2,-316.0415996015072,714.8592576373192,0.5738430500030518,0.03675502318773681
0.04637662485989634,1.5056025542537776,30.6,14.622396008540273,409.4,-84.86328576803207,191.61543599646296,0.5749861061573028,0.036635272045085515
0.04803054726261717,1.5056025542537776,26.3,14.660647911569983,413.7,-1.12872171998024,2.4236052640150563,0.5783822715282441,0.035124756845492135
0.049684469665337995,1.5056025542537776,22.3,13.121594908429861,417.7,-1.6324123680591582,3.5841506798539293,0.5803797781467438,0.036467167582126536
0.051338392068058826,1.5056025542537776,16.4,13.152541343619191,423.6,-6.943431454896927,11.030928710395388,0.5807040870189667,0.037266899196217576
0.05299231447077965,1.5056025542537776,14.0,13.378852978868153,426.0,-2.1467232167720796,4.707739411663805,0.5824769794940948,0.038325093125832675
0.054646236873500474,1.5056025542537776,12.2,11.835500200929506,427.8,-2.1546960413455962,4.705717177076739,0.5837982773780823,0.0375791650716736
0.056300159276221305,1.5056025542537776,7.4,7.171034241722803,432.6,-3.0672848522663116,4.954268725497548,0.5854617774486541,0.03497739189434379
0.05795408167894213,1.5056025542537776,3.2,3.721689707608231,436.8,-11.023627412319183,24.83765532757516,0.5872190654277801,0.03133536934443347
0.05960800408166296,1.5056025542537776,1.9,3.6076501527873415,438.1,-151.58073118925094,342.8211576686271,0.5879509270191192,0.03107837890918194
0.061261926484383784,1.5056025542537776,1.9,3.6076501527873415,438.1,-151.58073118925094,342.8211576686271,0.5879509270191192,0.03107837890918194
0.06291584888710461,1.5056025542537776,0.6,1.3572942977124596,439.4,-19.967184448242186,45.16890932162005,0.5845927894115448,0.0365695005067372
0.06456977128982544,1.5056025542537776,0.1,0.2262157162854099,439.9,0.0,0.0,0.5850649774074554,0.03581232503029039
6.679758371319622e-05,1.5790285440762937,432.0,5.96607468984891,8.0,0.5893168032169342,0.034081187492172926,-0.16913020610809326,0.5120099558015759
0.001720719986434023,1.5790285440762937,369.8,9.416903775146706,70.19999999999999,0.6046899795532227,0.056617679423712944,0.14264046549797058,0.1014162432134332
0.0033746423891548496,1.5790285440762937,292.2,20.00954416033341,147.8,0.623786860704422,0.10974936188037472,0.24814107418060302,0.08320817422075073
0.005028564791875676,1.5790285440762937,237.6,22.872038536404897,202.4,0.6053571701049805,0.17423260072492447,0.3469053447246552,0.09378550556007025
0.006682487194596503,1.5790285440762937,198.5,23.77896761855515,241.5,0.5109345972537994,0.2265659292005237,0.42266627550125124,0.06903865588983983
0.00833640959731733,1.5790285440762937,167.8,18.42049820588116,272.2,0.39960368871688845,0.25800379810717583,0.4604406118392944,0.06033519174244823
0.009990332000038156,1.5790285440762937,147.8,17.525189784069386,292.2,0.28797538876533507,0.2710712334050472,0.48627633452415464,0.04822119634607438
0.011644254402758982,1.5790285440762937,137.4,13.366947812733343,302.6,0.2420128345489502,0.268664925731896,0.49801538586616517,0.04255954247862626
0.01329817680547981,1.5790285440762937,129.8,10.420120048488322,310.2,0.12439377903938294,0.24388617926895398,0.5039674639701843,0.03757478479189181
0.014952099208200637,1.5790285440762937,122.3,9.448550230792467,317.7,-0.021103960275650025,0.07972289511243157,0.5123920500278473,0.03525654284577118
0.016606021610921465,1.5790285440762937,115.1,9.095322260706858,324.9,-0.023065942525863647,0.076835807487419,0.5211100161075592,0.037239661519103996
0.01825994401364229,1.5790285440762937,111.7,8.329122183596084,328.3,-0.02488597631454468,0.07583067541733231,0.5225339114665986,0.03957570346744546
0.019913866416363116,1.5790285440762937,106.3,8.644019283876771,333.7,-0.015789353847503663,0.06591928069243537,0.5273666262626648,0.039390902618936074
0.021567788819083944,1.5790285440762937,102.0,10.382948166125926,338.0,-0.002736431360244751,0.05763160127987665,0.5309905409812927,0.03960821300547747
0.023221711221804768,1.5790285440762937,99.2,10.716036900874562,340.8,-0.0005867362022399902,0.05847455280304521,0.5320198655128479,0.039525753711665654
0.024875633624525596,1.5790285440762937,94.2,9.536899743808894,345.8,-0.0006796956062316894,0.058777518147031194,0.534619128704071,0.03997379369235456
0.026529556027246423,1.5790285440762937,89.8,9.295358879423778,350.2,-0.0011847257614135743,0.0597062813697819,0.5392873048782348,0.03836476011641582
0.02818347842996725,1.5790285440762937,79.4,13.577969062457802,360.6,-0.009611999988555909,0.06304982001670116,0.5465718924999237,0.03919528832309979
0.029837400832688078,1.5790285440762937,73.0,17.303818327851097,367.0,-0.016200178861618043,0.0637143405404722,0.5473977327346802,0.03931263292628072
0.0314913232354089,1.5790285440762937,69.9,17.890121335307736,370.1,-0.023728734254837035,0.0604905666884792,0.5508962213993073,0.03969146165597781
0.03314524563812973,1.5790285440762937,67.3,17.005678599056377,372.7,-0.02559353709220886,0.058513283882471866,0.5531729221343994,0.03941073746961899
0.03479916804085056,1.5790285440762937,62.5,15.62999818157414,377.5,-0.03647581338882446,0.07743593847939255,0.5575168550014495,0.03782837495982768
0.03645309044357138,1.5790285440762937,58.5,15.864695969307222,381.5,-0.025781410932540893,0.08594778271940683,0.5574356138706207,0.035959807496498436
0.03810701284629221,1.5790285440762937,54.4,14.391144638004286,385.6,-0.03314548134803772,0.0882903150857825,0.5596294343471527,0.03619761375571683
0.03976093524901304,1.5790285440762937,50.6,13.974200081718179,389.4,-0.022328442335128783,0.0895757990572262,0.561886340379715,0.035606126946018495
0.04141485765173386,1.5790285440762937,45.8,13.655636831478596,394.2,-1.2582798600196838,2.850731942618267,0.5649955868721008,0.03507686172779927
0.04306878005445469,1.5790285440762937,38.5,14.746496499221466,401.5,-316.00987632870675,714.8672281375257,0.570960283279419,0.03706113289860373
0.044722702457175516,1.5790285440762937,34.8,15.249020051737874,405.2,-316.0415996015072,714.8592576373192,0.5738430500030518,0.03675502318773681
0.04637662485989634,1.5790285440762937,30.6,14.622396008540273,409.4,-84.86328576803207,191.61543599646296,0.5749861061573028,0.036635272045085515
0.04803054726261717,1.5790285440762937,26.3,14.660647911569983,413.7,-1.12872171998024,2.4236052640150563,0.5783822715282441,0.035124756845492135
0.049684469665337995,1.5790285440762937,22.3,13.121594908429861,417.7,-1.6324123680591582,3.5841506798539293,0.5803797781467438,0.036467167582126536
0.051338392068058826,1.5790285440762937,16.4,13.152541343619191,423.6,-6.943431454896927,11.030928710395388,0.5807040870189667,0.037266899196217576
0.05299231447077965,1.5790285440762937,14.0,13.378852978868153,426.0,-2.1467232167720796,4.707739411663805,0.5824769794940948,0.038325093125832675
0.054646236873500474,1.5790285440762937,12.2,11.835500200929506,427.8,-2.1546960413455962,4.705717177076739,0.5837982773780823,0.0375791650716736
0.056300159276221305,1.5790285440762937,7.4,7.171034241722803,432.6,-3.0672848522663116,4.954268725497548,0.5854617774486541,0.03497739189434379
0.05795408167894213,1.5790285440762937,3.2,3.721689707608231,436.8,-11.023627412319183,24.83765532757516,0.5872190654277801,0.03133536934443347
0.05960800408166296,1.5790285440762937,1.9,3.6076501527873415,438.1,-151.58073118925094,342.8211576686271,0.5879509270191192,0.03107837890918194
0.061261926484383784,1.5790285440762937,1.9,3.6076501527873415,438.1,-151.58073118925094,342.8211576686271,0.5879509270191192,0.03107837890918194
0.06291584888710461,1.5790285440762937,0.6,1.3572942977124596,439.4,-19.967184448242186,45.16890932162005,0.5845927894115448,0.0365695005067372
0.06456977128982544,1.5790285440762937,0.1,0.2262157162854099,439.9,0.0,0.0,0.5850649774074554,0.03581232503029039
6.679758371319622e-05,1.6524545338988095,433.1,5.825756238063255,6.899999999999977,0.5893510103225708,0.03401515000074199,-0.020337378978729247,0.3325041261298075
0.001720719986434023,1.6524545338988095,370.3,9.50255610189694,69.69999999999999,0.6047462403774262,0.05660969097199324,0.1387387752532959,0.10148205763291183
0.0033746423891548496,1.6524545338988095,292.3,20.015936781869726,147.7,0.6238490343093872,0.10976132516891945,0.2479625463485718,0.08331206576233749
0.005028564791875676,1.6524545338988095,237.7,22.774504340054637,202.3,0.6054857671260834,0.17426364933747993,0.34683794975280763,0.0937790512170902
0.006682487194596503,1.6524545338988095,198.5,23.77896761855515,241.5,0.5109345972537994,0.2265659292005237,0.42266627550125124,0.06903865588983983
0.00833640959731733,1.6524545338988095,167.8,18.42049820588116,272.2,0.39960368871688845,0.25800379810717583,0.4604406118392944,0.06033519174244823
0.009990332000038156,1.6524545338988095,147.8,17.525189784069386,292.2,0.28797538876533507,0.2710712334050472,0.48627633452415464,0.04822119634607438
0.011644254402758982,1.6524545338988095,137.4,13.366947812733343,302.6,0.2420128345489502,0.268664925731896,0.49801538586616517,0.04255954247862626
0.01329817680547981,1.6524545338988095,129.8,10.420120048488322,310.2,0.12439377903938294,0.24388617926895398,0.5039674639701843,0.03757478479189181
0.014952099208200637,1.6524545338988095,122.3,9.448550230792467,317.7,-0.021103960275650025,0.07972289511243157,0.5123920500278473,0.03525654284577118
0.016606021610921465,1.6524545338988095,115.1,9.095322260706858,324.9,-0.023065942525863647,0.076835807487419,0.5211100161075592,0.037239661519103996
0.01825994401364229,1.6524545338988095,111.7,8.329122183596084,328.3,-0.02488597631454468,0.07583067541733231,0.5225339114665986,0.03957570346744546
0.019913866416363116,1.6524545338988095,106.3,8.644019283876771,333.7,-0.015789353847503663,0.06591928069243537,0.5273666262626648,0.039390902618936074
0.021567788819083944,1.6524545338988095,102.0,10.382948166125926,338.0,-0.002736431360244751,0.05763160127987665,0.5309905409812927,0.03960821300547747
0.023221711221804768,1.6524545338988095,99.2,10.716036900874562,340.8,-0.0005867362022399902,0.05847455280304521,0.5320198655128479,0.039525753711665654
0.024875633624525596,1.6524545338988095,94.2,9.536899743808894,345.8,-0.0006796956062316894,0.058777518147031194,0.534619128704071,0.03997379369235456
0.026529556027246423,1.6524545338988095,89.8,9.295358879423778,350.2,-0.0011847257614135743,0.0597062813697819,0.5392873048782348,0.03836476011641582
0.02818347842996725,1.6524545338988095,79.4,13.577969062457802,360.6,-0.009611999988555909,0.06304982001670116,0.5465718924999237,0.03919528832309979
0.029837400832688078,1.6524545338988095,73.0,17.303818327851097,367.0,-0.016200178861618043,0.0637143405404722,0.5473977327346802,0.03931263292628072
0.0314913232354089,1.6524545338988095,69.9,17.890121335307736,370.1,-0.023728734254837035,0.0604905666884792,0.5508962213993073,0.03969146165597781
0.03314524563812973,1.6524545338988095,67.3,17.005678599056377,372.7,-0.02559353709220886,0.058513283882471866,0.5531729221343994,0.03941073746961899
0.03479916804085056,1.6524545338988095,62.5,15.62999818157414,377.5,-0.03647581338882446,0.07743593847939255,0.5575168550014495,0.03782837495982768
0.03645309044357138,1.6524545338988095,58.5,15.864695969307222,381.5,-0.025781410932540893,0.08594778271940683,0.5574356138706207,0.035959807496498436
0.03810701284629221,1.6524545338988095,54.4,14.391144638004286,385.6,-0.03314548134803772,0.0882903150857825,0.5596294343471527,0.03619761375571683
0.03976093524901304,1.6524545338988095,50.6,13.974200081718179,389.4,-0.022328442335128783,0.0895757990572262,0.561886340379715,0.035606126946018495
0.04141485765173386,1.6524545338988095,45.8,13.655636831478596,394.2,-1.2582798600196838,2.850731942618267,0.5649955868721008,0.03507686172779927
0.04306878005445469,1.6524545338988095,38.5,14.746496499221466,401.5,-316.00987632870675,714.8672281375257,0.570960283279419,0.03706113289860373
0.044722702457175516,1.6524545338988095,34.8,15.249020051737874,405.2,-316.0415996015072,714.8592576373192,0.5738430500030518,0.03675502318773681
0.04637662485989634,1.6524545338988095,30.6,14.622396008540273,409.4,-84.86328576803207,191.61543599646296,0.5749861061573028,0.036635272045085515
0.04803054726261717,1.6524545338988095,26.3,14.660647911569983,413.7,-1.12872171998024,2.4236052640150563,0.5783822715282441,0.035124756845492135
0.049684469665337995,1.6524545338988095,22.3,13.121594908429861,417.7,-1.6324123680591582,3.5841506798539293,0.5803797781467438,0.036467167582126536
0.051338392068058826,1.6524545338988095,16.4,13.152541343619191,423.6,-6.943431454896927,11.030928710395388,0.5807040870189667,0.037266899196217576
0.05299231447077965,1.6524545338988095,14.0,13.378852978868153,426.0,-2.1467232167720796,4.707739411663805,0.5824769794940948,0.038325093125832675
0.054646236873500474,1.6524545338988095,12.2,11.835500200929506,427.8,-2.1546960413455962,4.705717177076739,0.5837982773780823,0.0375791650716736
0.056300159276221305,1.6524545338988095,7.4,7.171034241722803,432.6,-3.0672848522663116,4.954268725497548,0.5854617774486541,0.03497739189434379
0.05795408167894213,1.6524545338988095,3.2,3.721689707608231,436.8,-11.023627412319183,24.83765532757516,0.5872190654277801,0.03133536934443347
0.05960800408166296,1.6524545338988095,1.9,3.6076501527873415,438.1,-151.58073118925094,342.8211576686271,0.5879509270191192,0.03107837890918194
0.061261926484383784,1.6524545338988095,1.9,3.6076501527873415,438.1,-151.58073118925094,342.8211576686271,0.5879509270191192,0.03107837890918194
0.06291584888710461,1.6524545338988095,0.6,1.3572942977124596,439.4,-19.967184448242186,45.16890932162005,0.5845927894115448,0.0365695005067372
0.06456977128982544,1.6524545338988095,0.1,0.2262157162854099,439.9,0.0,0.0,0.5850649774074554,0.03581232503029039
6.679758371319622e-05,1.7258805237213255,433.8,5.610474078111687,6.199999999999989,0.5873037159442902,0.03419109426973399,-19306.93695640564,43675.468480741365
0.001720719986434023,1.7258805237213255,370.6,9.675406003821092,69.39999999999998,0.6032569229602813,0.056578659323849985,0.1492884039878845,0.11151389233112916
0.0033746423891548496,1.7258805237213255,292.5,20.036379464876326,147.5,0.6222864031791687,0.10951504478241156,0.251179176568985,0.08172640559773489
0.005028564791875676,1.7258805237213255,237.7,22.774504340054637,202.3,0.6054857671260834,0.17426364933747993,0.34683794975280763,0.0937790512170902
0.006682487194596503,1.7258805237213255,198.5,23.77896761855515,241.5,0.5109345972537994,0.2265659292005237,0.42266627550125124,0.06903865588983983
0.00833640959731733,1.7258805237213255,167.8,18.42049820588116,272.2,0.39960368871688845,0.25800379810717583,0.4604406118392944,0.06033519174244823
0.009990332000038156,1.7258805237213255,147.8,17.525189784069386,292.2,0.28797538876533507,0.2710712334050472,0.48627633452415464,0.04822119634607438
0.011644254402758982,1.7258805237213255,137.4,13.366947812733343,302.6,0.2420128345489502,0.268664925731896,0.49801538586616517,0.04255954247862626
0.01329817680547981,1.7258805237213255,129.8,10.420120048488322,310.2,0.12439377903938294,0.24388617926895398,0.5039674639701843,0.03757478479189181
0.014952099208200637,1.7258805237213255,122.3,9.448550230792467,317.7,-0.021103960275650025,0.07972289511243157,0.5123920500278473,0.03525654284577118
0.016606021610921465,1.7258805237213255,115.1,9.095322260706858,324.9,-0.023065942525863647,0.076835807487419,0.5211100161075592,0.037239661519103996
0.01825994401364229,1.7258805237213255,111.7,8.329122183596084,328.3,-0.02488597631454468,0.07583067541733231,0.5225339114665986,0.03957570346744546
0.019913866416363116,1.7258805237213255,106.3,8.644019283876771,333.7,-0.015789353847503663,0.06591928069243537,0.5273666262626648,0.039390902618936074
0.021567788819083944,1.7258805237213255,102.0,10.382948166125926,338.0,-0.002736431360244751,0.05763160127987665,0.5309905409812927,0.03960821300547747
0.023221711221804768,1.7258805237213255,99.2,10.716036900874562,340.8,-0.0005867362022399902,0.05847455280304521,0.5320198655128479,0.039525753711665654
0.024875633624525596,1.7258805237213255,94.2,9.536899743808894,345.8,-0.0006796956062316894,0.058777518147031194,0.534619128704071,0.03997379369235456
0.026529556027246423,1.7258805237213255,89.8,9.295358879423778,350.2,-0.0011847257614135743,0.0597062813697819,0.5392873048782348,0.03836476011641582
0.02818347842996725,1.7258805237213255,79.4,13.577969062457802,360.6,-0.009611999988555909,0.06304982001670116,0.5465718924999237,0.03919528832309979
0.029837400832688078,1.7258805237213255,73.0,17.303818327851097,367.0,-0.016200178861618043,0.0637143405404722,0.5473977327346802,0.03931263292628072
0.0314913232354089,1.7258805237213255,69.9,17.890121335307736,370.1,-0.023728734254837035,0.0604905666884792,0.5508962213993073,0.03969146165597781
0.03314524563812973,1.7258805237213255,67.3,17.005678599056377,372.7,-0.02559353709220886,0.058513283882471866,0.5531729221343994,0.03941073746961899
0.03479916804085056,1.7258805237213255,62.5,15.62999818157414,377.5,-0.03647581338882446,0.07743593847939255,0.5575168550014495,0.03782837495982768
0.03645309044357138,1.7258805237213255,58.5,15.864695969307222,381.5,-0.025781410932540893,0.08594778271940683,0.5574356138706207,0.035959807496498436
0.03810701284629221,1.7258805237213255,54.4,14.391144638004286,385.6,-0.03314548134803772,0.0882903150857825,0.5596294343471527,0.03619761375571683
0.03976093524901304,1.7258805237213255,50.6,13.974200081718179,389.4,-0.022328442335128783,0.0895757990572262,0.561886340379715,0.035606126946018495
0.04141485765173386,1.7258805237213255,45.8,13.655636831478596,394.2,-1.2582798600196838,2.850731942618267,0.5649955868721008,0.03507686172779927
0.04306878005445469,1.7258805237213255,38.5,14.746496499221466,401.5,-316.00987632870675,714.8672281375257,0.570960283279419,0.03706113289860373
0.044722702457175516,1.7258805237213255,34.8,15.249020051737874,405.2,-316.0415996015072,714.8592576373192,0.5738430500030518,0.03675502318773681
0.04637662485989634,1.7258805237213255,30.6,14.622396008540273,409.4,-84.86328576803207,191.61543599646296,0.5749861061573028,0.036635272045085515
0.04803054726261717,1.7258805237213255,26.3,14.660647911569983,413.7,-1.12872171998024,2.4236052640150563,0.5783822715282441,0.035124756845492135
0.049684469665337995,1.7258805237213255,22.3,13.121594908429861,417.7,-1.6324123680591582,3.5841506798539293,0.5803797781467438,0.036467167582126536
0.051338392068058826,1.7258805237213255,16.4,13.152541343619191,423.6,-6.943431454896927,11.030928710395388,0.5807040870189667,0.037266899196217576
0.05299231447077965,1.7258805237213255,14.0,13.378852978868153,426.0,-2.1467232167720796,4.707739411663805,0.5824769794940948,0.038325093125832675
0.054646236873500474,1.7258805237213255,12.2,11.835500200929506,427.8,-2.1546960413455962,4.705717177076739,0.5837982773780823,0.0375791650716736
0.056300159276221305,1.7258805237213255,7.4,7.171034241722803,432.6,-3.0672848522663116,4.954268725497548,0.5854617774486541,0.03497739189434379
0.05795408167894213,1.7258805237213255,3.2,3.721689707608231,436.8,-11.023627412319183,24.83765532757516,0.5872190654277801,0.03133536934443347
0.05960800408166296,1.7258805237213255,1.9,3.6076501527873415,438.1,-151.58073118925094,342.8211576686271,0.5879509270191192,0.03107837890918194
0.061261926484383784,1.7258805237213255,1.9,3.6076501527873415,438.1,-151.58073118925094,342.8211576686271,0.5879509270191192,0.03107837890918194
0.06291584888710461,1.7258805237213255,0.6,1.3572942977124596,439.4,-19.967184448242186,45.16890932162005,0.5845927894115448,0.0365695005067372
0.06456977128982544,1.7258805237213255,0.1,0.2262157162854099,439.9,0.0,0.0,0.5850649774074554,0.03581232503029039
6.679758371319622e-05,1.7993065135438415,435.5,5.4087163836133865,4.5,0.5864943325519562,0.033789217134645166,0.09817475080490112,0.2965462648925122
0.001720719986434023,1.7993065135438415,371.4,9.81543363048648,68.60000000000002,0.6025777518749237,0.05584817506812372,0.15065997838974,0.10715334179477903
0.0033746423891548496,1.7993065135438415,293.0,20.00442859226813,147.0,0.621554833650589,0.10904615837941646,0.2531305730342865,0.07972745460835456
0.005028564791875676,1.7993065135438415,237.7,22.774504340054637,202.3,0.6054857671260834,0.17426364933747993,0.34683794975280763,0.0937790512170902
0.006682487194596503,1.7993065135438415,198.5,23.77896761855515,241.5,0.5109345972537994,0.2265659292005237,0.42266627550125124,0.06903865588983983
0.00833640959731733,1.7993065135438415,167.8,18.42049820588116,272.2,0.39960368871688845,0.25800379810717583,0.4604406118392944,0.06033519174244823
0.009990332000038156,1.7993065135438415,147.8,17.525189784069386,292.2,0.28797538876533507,0.2710712334050472,0.48627633452415464,0.04822119634607438
0.011644254402758982,1.7993065135438415,137.4,13.366947812733343,302.6,0.2420128345489502,0.268664925731896,0.49801538586616517,0.04255954247862626
0.01329817680547981,1.7993065135438415,129.8,10.420120048488322,310.2,0.12439377903938294,0.24388617926895398,0.5039674639701843,0.03757478479189181
0.014952099208200637,1.7993065135438415,122.3,9.448550230792467,317.7,-0.021103960275650025,0.07972289511243157,0.5123920500278473,0.03525654284577118
0.016606021610921465,1.7993065135438415,115.1,9.095322260706858,324.9,-0.023065942525863647,0.076835807487419,0.5211100161075592,0.037239661519103996
0.01825994401364229,1.7993065135438415,111.7,8.329122183596084,328.3,-0.02488597631454468,0.07583067541733231,0.5225339114665986,0.03957570346744546
0.019913866416363116,1.7993065135438415,106.3,8.644019283876771,333.7,-0.015789353847503663,0.06591928069243537,0.5273666262626648,0.039390902618936074
0.021567788819083944,1.7993065135438415,102.0,10.382948166125926,338.0,-0.002736431360244751,0.05763160127987665,0.5309905409812927,0.03960821300547747
0.023221711221804768,1.7993065135438415,99.2,10.716036900874562,340.8,-0.0005867362022399902,0.05847455280304521,0.5320198655128479,0.039525753711665654
0.024875633624525596,1.7993065135438415,94.2,9.536899743808894,345.8,-0.0006796956062316894,0.058777518147031194,0.534619128704071,0.03997379369235456
0.026529556027246423,1.7993065135438415,89.8,9.295358879423778,350.2,-0.0011847257614135743,0.0597062813697819,0.5392873048782348,0.03836476011641582
0.02818347842996725,1.7993065135438415,79.4,13.577969062457802,360.6,-0.009611999988555909,0.06304982001670116,0.5465718924999237,0.03919528832309979
0.029837400832688078,1.7993065135438415,73.0,17.303818327851097,367.0,-0.016200178861618043,0.0637143405404722,0.5473977327346802,0.03931263292628072
0.0314913232354089,1.7993065135438415,69.9,17.890121335307736,370.1,-0.023728734254837035,0.0604905666884792,0.5508962213993073,0.03969146165597781
0.03314524563812973,1.7993065135438415,67.3,17.005678599056377,372.7,-0.02559353709220886,0.058513283882471866,0.5531729221343994,0.03941073746961899
0.03479916804085056,1.7993065135438415,62.5,15.62999818157414,377.5,-0.03647581338882446,0.07743593847939255,0.5575168550014495,0.03782837495982768
0.03645309044357138,1.7993065135438415,58.5,15.864695969307222,381.5,-0.025781410932540893,0.08594778271940683,0.5574356138706207,0.035959807496498436
0.03810701284629221,1.7993065135438415,54.4,14.391144638004286,385.6,-0.03314548134803772,0.0882903150857825,0.5596294343471527,0.03619761375571683
0.03976093524901304,1.7993065135438415,50.6,13.974200081718179,389.4,-0.022328442335128783,0.0895757990572262,0.561886340379715,0.035606126946018495
0.04141485765173386,1.7993065135438415,45.8,13.655636831478596,394.2,-1.2582798600196838,2.850731942618267,0.5649955868721008,0.03507686172779927
0.04306878005445469,1.7993065135438415,38.5,14.746496499221466,401.5,-316.00987632870675,714.8672281375257,0.570960283279419,0.03706113289860373
0.044722702457175516,1.7993065135438415,34.8,15.249020051737874,405.2,-316.0415996015072,714.8592576373192,0.5738430500030518,0.03675502318773681
0.04637662485989634,1.7993065135438415,30.6,14.622396008540273,409.4,-84.86328576803207,191.61543599646296,0.5749861061573028,0.036635272045085515
0.04803054726261717,1.7993065135438415,26.3,14.660647911569983,413.7,-1.12872171998024,2.4236052640150563,0.5783822715282441,0.035124756845492135
0.049684469665337995,1.7993065135438415,22.3,13.121594908429861,417.7,-1.6324123680591582,3.5841506798539293,0.5803797781467438,0.036467167582126536
0.051338392068058826,1.7993065135438415,16.4,13.152541343619191,423.6,-6.943431454896927,11.030928710395388,0.5807040870189667,0.037266899196217576
0.05299231447077965,1.7993065135438415,14.0,13.378852978868153,426.0,-2.1467232167720796,4.707739411663805,0.5824769794940948,0.038325093125832675
0.054646236873500474,1.7993065135438415,12.2,11.835500200929506,427.8,-2.1546960413455962,4.705717177076739,0.5837982773780823,0.0375791650716736
0.056300159276221305,1.7993065135438415,7.4,7.171034241722803,432.6,-3.0672848522663116,4.954268725497548,0.5854617774486541,0.03497739189434379
0.05795408167894213,1.7993065135438415,3.2,3.721689707608231,436.8,-11.023627412319183,24.83765532757516,0.5872190654277801,0.03133536934443347
0.05960800408166296,1.7993065135438415,1.9,3.6076501527873415,438.1,-151.58073118925094,342.8211576686271,0.5879509270191192,0.03107837890918194
0.061261926484383784,1.7993065135438415,1.9,3.6076501527873415,438.1,-151.58073118925094,342.8211576686271,0.5879509270191192,0.03107837890918194
0.06291584888710461,1.7993065135438415,0.6,1.3572942977124596,439.4,-19.967184448242186,45.16890932162005,0.5845927894115448,0.0365695005067372
0.06456977128982544,1.7993065135438415,0.1,0.2262157162854099,439.9,0.0,0.0,0.5850649774074554,0.03581232503029039
6.679758371319622e-05,1.8727325033663575,435.8,5.2869774314700795,4.199999999999989,0.5865318298339843,0.03381412769075856,-0.036758559942245486,0.2023391370232967
0.001720719986434023,1.8727325033663575,371.4,9.81543363048648,68.60000000000002,0.6025777518749237,0.05584817506812372,0.15065997838974,0.10715334179477903
0.0033746423891548496,1.8727325033663575,293.0,20.00442859226813,147.0,0.621554833650589,0.10904615837941646,0.2531305730342865,0.07972745460835456
0.005028564791875676,1.8727325033663575,237.7,22.774504340054637,202.3,0.6054857671260834,0.17426364933747993,0.34683794975280763,0.0937790512170902
0.006682487194596503,1.8727325033663575,198.5,23.77896761855515,241.5,0.5109345972537994,0.2265659292005237,0.42266627550125124,0.06903865588983983
0.00833640959731733,1.8727325033663575,167.8,18.42049820588116,272.2,0.39960368871688845,0.25800379810717583,0.4604406118392944,0.06033519174244823
0.009990332000038156,1.8727325033663575,147.8,17.525189784069386,292.2,0.28797538876533507,0.2710712334050472,0.48627633452415464,0.04822119634607438
0.011644254402758982,1.8727325033663575,137.4,13.366947812733343,302.6,0.2420128345489502,0.268664925731896,0.49801538586616517,0.04255954247862626
0.01329817680547981,1.8727325033663575,129.8,10.420120048488322,310.2,0.12439377903938294,0.24388617926895398,0.5039674639701843,0.03757478479189181
0.014952099208200637,1.8727325033663575,122.3,9.448550230792467,317.7,-0.021103960275650025,0.07972289511243157,0.5123920500278473,0.03525654284577118
0.016606021610921465,1.8727325033663575,115.1,9.095322260706858,324.9,-0.023065942525863647,0.076835807487419,0.5211100161075592,0.037239661519103996
0.01825994401364229,1.8727325033663575,111.7,8.329122183596084,328.3,-0.02488597631454468,0.07583067541733231,0.5225339114665986,0.03957570346744546
0.019913866416363116,1.8727325033663575,106.3,8.644019283876771,333.7,-0.015789353847503663,0.06591928069243537,0.5273666262626648,0.039390902618936074
0.021567788819083944,1.8727325033663575,102.0,10.382948166125926,338.0,-0.002736431360244751,0.05763160127987665,0.5309905409812927,0.03960821300547747
0.023221711221804768,1.8727325033663575,99.2,10.716036900874562,340.8,-0.0005867362022399902,0.05847455280304521,0.5320198655128479,0.039525753711665654
0.024875633624525596,1.8727325033663575,94.2,9.536899743808894,345.8,-0.0006796956062316894,0.058777518147031194,0.534619128704071,0.03997379369235456
0.026529556027246423,1.8727325033663575,89.8,9.295358879423778,350.2,-0.0011847257614135743,0.0597062813697819,0.5392873048782348,0.03836476011641582
0.02818347842996725,1.8727325033663575,79.4,13.577969062457802,360.6,-0.009611999988555909,0.06304982001670116,0.5465718924999237,0.03919528832309979
0.029837400832688078,1.8727325033663575,73.0,17.303818327851097,367.0,-0.016200178861618043,0.0637143405404722,0.5473977327346802,0.03931263292628072
0.0314913232354089,1.8727325033663575,69.9,17.890121335307736,370.1,-0.023728734254837035,0.0604905666884792,0.5508962213993073,0.03969146165597781
0.03314524563812973,1.8727325033663575,67.3,17.005678599056377,372.7,-0.02559353709220886,0.058513283882471866,0.5531729221343994,0.03941073746961899
0.03479916804085056,1.8727325033663575,62.5,15.62999818157414,377.5,-0.03647581338882446,0.07743593847939255,0.5575168550014495,0.03782837495982768
0.03645309044357138,1.8727325033663575,58.5,15.864695969307222,381.5,-0.025781410932540893,0.08594778271940683,0.5574356138706207,0.035959807496498436
0.03810701284629221,1.8727325033663575,54.4,14.391144638004286,385.6,-0.03314548134803772,0.0882903150857825,0.5596294343471527,0.03619761375571683
0.03976093524901304,1.8727325033663575,50.6,13.974200081718179,389.4,-0.022328442335128783,0.0895757990572262,0.561886340379715,0.035606126946018495
0.04141485765173386,1.8727325033663575,45.8,13.655636831478596,394.2,-1.2582798600196838,2.850731942618267,0.5649955868721008,0.03507686172779927
0.04306878005445469,1.8727325033663575,38.5,14.746496499221466,401.5,-316.00987632870675,714.8672281375257,0.570960283279419,0.03706113289860373
0.044722702457175516,1.8727325033663575,34.8,15.249020051737874,405.2,-316.0415996015072,714.8592576373192,0.5738430500030518,0.03675502318773681
0.04637662485989634,1.8727325033663575,30.6,14.622396008540273,409.4,-84.86328576803207,191.61543599646296,0.5749861061573028,0.036635272045085515
0.04803054726261717,1.8727325033663575,26.3,14.660647911569983,413.7,-1.12872171998024,2.4236052640150563,0.5783822715282441,0.035124756845492135
0.049684469665337995,1.8727325033663575,22.3,13.121594908429861,417.7,-1.6324123680591582,3.5841506798539293,0.5803797781467438,0.036467167582126536
0.051338392068058826,1.8727325033663575,16.4,13.152541343619191,423.6,-6.943431454896927,11.030928710395388,0.5807040870189667,0.037266899196217576
0.05299231447077965,1.8727325033663575,14.0,13.378852978868153,426.0,-2.1467232167720796,4.707739411663805,0.5824769794940948,0.038325093125832675
0.054646236873500474,1.8727325033663575,12.2,11.835500200929506,427.8,-2.1546960413455962,4.705717177076739,0.5837982773780823,0.0375791650716736
0.056300159276221305,1.8727325033663575,7.4,7.171034241722803,432.6,-3.0672848522663116,4.954268725497548,0.5854617774486541,0.03497739189434379
0.05795408167894213,1.8727325033663575,3.2,3.721689707608231,436.8,-11.023627412319183,24.83765532757516,0.5872190654277801,0.03133536934443347
0.05960800408166296,1.8727325033663575,1.9,3.6076501527873415,438.1,-151.58073118925094,342.8211576686271,0.5879509270191192,0.03107837890918194
0.061261926484383784,1.8727325033663575,1.9,3.6076501527873415,438.1,-151.58073118925094,342.8211576686271,0.5879509270191192,0.03107837890918194
0.06291584888710461,1.8727325033663575,0.6,1.3572942977124596,439.4,-19.967184448242186,45.16890932162005,0.5845927894115448,0.0365695005067372
0.06456977128982544,1.8727325033663575,0.1,0.2262157162854099,439.9,0.0,0.0,0.5850649774074554,0.03581232503029039
6.679758371319622e-05,1.9461584931888736,436.5,4.50226741394412,3.5,0.586539363861084,0.03385328226670281,-0.10446512699127197,0.1865425790407789
0.001720719986434023,1.9461584931888736,371.4,9.81543363048648,68.60000000000002,0.6025777518749237,0.05584817506812372,0.15065997838974,0.10715334179477903
0.0033746423891548496,1.9461584931888736,293.0,20.00442859226813,147.0,0.621554833650589,0.10904615837941646,0.2531305730342865,0.07972745460835456
0.005028564791875676,1.9461584931888736,237.7,22.774504340054637,202.3,0.6054857671260834,0.17426364933747993,0.34683794975280763,0.0937790512170902
0.006682487194596503,1.9461584931888736,198.5,23.77896761855515,241.5,0.5109345972537994,0.2265659292005237,0.42266627550125124,0.06903865588983983
0.00833640959731733,1.9461584931888736,167.8,18.42049820588116,272.2,0.39960368871688845,0.25800379810717583,0.4604406118392944,0.06033519174244823
0.009990332000038156,1.9461584931888736,147.8,17.525189784069386,292.2,0.28797538876533507,0.2710712334050472,0.48627633452415464,0.04822119634607438
0.011644254402758982,1.9461584931888736,137.4,13.366947812733343,302.6,0.2420128345489502,0.268664925731896,0.49801538586616517,0.04255954247862626
0.01329817680547981,1.9461584931888736,129.8,10.420120048488322,310.2,0.12439377903938294,0.24388617926895398,0.5039674639701843,0.03757478479189181
0.014952099208200637,1.9461584931888736,122.3,9.448550230792467,317.7,-0.021103960275650025,0.07972289511243157,0.5123920500278473,0.03525654284577118
0.016606021610921465,1.9461584931888736,115.1,9.095322260706858,324.9,-0.023065942525863647,0.076835807487419,0.5211100161075592,0.037239661519103996
0.01825994401364229,1.9461584931888736,111.7,8.329122183596084,328.3,-0.02488597631454468,0.07583067541733231,0.5225339114665986,0.03957570346744546
0.019913866416363116,1.9461584931888736,106.3,8.644019283876771,333.7,-0.015789353847503663,0.06591928069243537,0.5273666262626648,0.039390902618936074
0.021567788819083944,1.9461584931888736,102.0,10.382948166125926,338.0,-0.002736431360244751,0.05763160127987665,0.5309905409812927,0.03960821300547747
0.023221711221804768,1.9461584931888736,99.2,10.716036900874562,340.8,-0.0005867362022399902,0.05847455280304521,0.5320198655128479,0.039525753711665654
0.024875633624525596,1.9461584931888736,94.2,9.536899743808894,345.8,-0.0006796956062316894,0.058777518147031194,0.534619128704071,0.03997379369235456
0.026529556027246423,1.9461584931888736,89.8,9.295358879423778,350.2,-0.0011847257614135743,0.0597062813697819,0.5392873048782348,0.03836476011641582
0.02818347842996725,1.9461584931888736,79.4,13.577969062457802,360.6,-0.009611999988555909,0.06304982001670116,0.5465718924999237,0.03919528832309979
0.029837400832688078,1.9461584931888736,73.0,17.303818327851097,367.0,-0.016200178861618043,0.0637143405404722,0.5473977327346802,0.03931263292628072
0.0314913232354089,1.9461584931888736,69.9,17.890121335307736,370.1,-0.023728734254837035,0.0604905666884792,0.5508962213993073,0.03969146165597781
0.03314524563812973,1.9461584931888736,67.3,17.005678599056377,372.7,-0.02559353709220886,0.058513283882471866,0.5531729221343994,0.03941073746961899
0.03479916804085056,1.9461584931888736,62.5,15.62999818157414,377.5,-0.03647581338882446,0.07743593847939255,0.5575168550014495,0.03782837495982768
0.03645309044357138,1.9461584931888736,58.5,15.864695969307222,381.5,-0.025781410932540893,0.08594778271940683,0.5574356138706207,0.035959807496498436
0.03810701284629221,1.9461584931888736,54.4,14.391144638004286,385.6,-0.03314548134803772,0.0882903150857825,0.5596294343471527,0.03619761375571683
0.03976093524901304,1.9461584931888736,50.6,13.974200081718179,389.4,-0.022328442335128783,0.0895757990572262,0.561886340379715,0.035606126946018495
0.04141485765173386,1.9461584931888736,45.8,13.655636831478596,394.2,-1.2582798600196838,2.850731942618267,0.5649955868721008,0.03507686172779927
0.04306878005445469,1.9461584931888736,38.5,14.746496499221466,401.5,-316.00987632870675,714.8672281375257,0.570960283279419,0.03706113289860373
0.044722702457175516,1.9461584931888736,34.8,15.249020051737874,405.2,-316.0415996015072,714.8592576373192,0.5738430500030518,0.03675502318773681
0.04637662485989634,1.9461584931888736,30.6,14.622396008540273,409.4,-84.86328576803207,191.61543599646296,0.5749861061573028,0.036635272045085515
0.04803054726261717,1.9461584931888736,26.3,14.660647911569983,413.7,-1.12872171998024,2.4236052640150563,0.5783822715282441,0.035124756845492135
0.049684469665337995,1.9461584931888736,22.3,13.121594908429861,417.7,-1.6324123680591582,3.5841506798539293,0.5803797781467438,0.036467167582126536
0.051338392068058826,1.9461584931888736,16.4,13.152541343619191,423.6,-6.943431454896927,11.030928710395388,0.5807040870189667,0.037266899196217576
0.05299231447077965,1.9461584931888736,14.0,13.378852978868153,426.0,-2.1467232167720796,4.707739411663805,0.5824769794940948,0.038325093125832675
0.054646236873500474,1.9461584931888736,12.2,11.835500200929506,427.8,-2.1546960413455962,4.705717177076739,0.5837982773780823,0.0375791650716736
0.056300159276221305,1.9461584931888736,7.4,7.171034241722803,432.6,-3.0672848522663116,4.954268725497548,0.5854617774486541,0.03497739189434379
0.05795408167894213,1.9461584931888736,3.2,3.721689707608231,436.8,-11.023627412319183,24.83765532757516,0.5872190654277801,0.03133536934443347
0.05960800408166296,1.9461584931888736,1.9,3.6076501527873415,438.1,-151.58073118925094,342.8211576686271,0.5879509270191192,0.03107837890918194
0.061261926484383784,1.9461584931888736,1.9,3.6076501527873415,438.1,-151.58073118925094,342.8211576686271,0.5879509270191192,0.03107837890918194
0.06291584888710461,1.9461584931888736,0.6,1.3572942977124596,439.4,-19.967184448242186,45.16890932162005,0.5845927894115448,0.0365695005067372
0.06456977128982544,1.9461584931888736,0.1,0.2262157162854099,439.9,0.0,0.0,0.5850649774074554,0.03581232503029039
6.679758371319622e-05,2.0195844830113896,436.7,4.550004842761175,3.3000000000000114,0.5862108469009399,0.033906199852009496,-0.01985127329826355,0.27964306331864164
0.001720719986434023,2.0195844830113896,371.5,9.838866769457532,68.5,0.6026074171066285,0.05588027909093383,0.15018550157546998,0.10782602482607753
0.0033746423891548496,2.0195844830113896,293.0,20.00442859226813,147.0,0.621554833650589,0.10904615837941646,0.2531305730342865,0.07972745460835456
0.005028564791875676,2.0195844830113896,237.7,22.774504340054637,202.3,0.6054857671260834,0.17426364933747993,0.34683794975280763,0.0937790512170902
0.006682487194596503,2.0195844830113896,198.5,23.77896761855515,241.5,0.5109345972537994,0.2265659292005237,0.42266627550125124,0.06903865588983983
0.00833640959731733,2.0195844830113896,167.8,18.42049820588116,272.2,0.39960368871688845,0.25800379810717583,0.4604406118392944,0.06033519174244823
0.009990332000038156,2.0195844830113896,147.8,17.525189784069386,292.2,0.28797538876533507,0.2710712334050472,0.48627633452415464,0.04822119634607438
0.011644254402758982,2.0195844830113896,137.4,13.366947812733343,302.6,0.2420128345489502,0.268664925731896,0.49801538586616517,0.04255954247862626
0.01329817680547981,2.0195844830113896,129.8,10.420120048488322,310.2,0.12439377903938294,0.24388617926895398,0.5039674639701843,0.03757478479189181
0.014952099208200637,2.0195844830113896,122.3,9.448550230792467,317.7,-0.021103960275650025,0.07972289511243157,0.5123920500278473,0.03525654284577118
0.016606021610921465,2.0195844830113896,115.1,9.095322260706858,324.9,-0.023065942525863647,0.076835807487419,0.5211100161075592,0.037239661519103996
0.01825994401364229,2.0195844830113896,111.7,8.329122183596084,328.3,-0.02488597631454468,0.07583067541733231,0.5225339114665986,0.03957570346744546
0.019913866416363116,2.0195844830113896,106.3,8.644019283876771,333.7,-0.015789353847503663,0.06591928069243537,0.5273666262626648,0.039390902618936074
0.021567788819083944,2.0195844830113896,102.0,10.382948166125926,338.0,-0.002736431360244751,0.05763160127987665,0.5309905409812927,0.03960821300547747
0.023221711221804768,2.0195844830113896,99.2,10.716036900874562,340.8,-0.0005867362022399902,0.05847455280304521,0.5320198655128479,0.039525753711665654
0.024875633624525596,2.0195844830113896,94.2,9.536899743808894,345.8,-0.0006796956062316894,0.058777518147031194,0.534619128704071,0.03997379369235456
0.026529556027246423,2.0195844830113896,89.8,9.295358879423778,350.2,-0.0011847257614135743,0.0597062813697819,0.5392873048782348,0.03836476011641582
0.02818347842996725,2.0195844830113896,79.4,13.577969062457802,360.6,-0.009611999988555909,0.06304982001670116,0.5465718924999237,0.03919528832309979
0.029837400832688078,2.0195844830113896,73.0,17.303818327851097,367.0,-0.016200178861618043,0.0637143405404722,0.5473977327346802,0.03931263292628072
0.0314913232354089,2.0195844830113896,69.9,17.890121335307736,370.1,-0.023728734254837035,0.0604905666884792,0.5508962213993073,0.03969146165597781
0.03314524563812973,2.0195844830113896,67.3,17.005678599056377,372.7,-0.02559353709220886,0.058513283882471866,0.5531729221343994,0.03941073746961899
0.03479916804085056,2.0195844830113896,62.5,15.62999818157414,377.5,-0.03647581338882446,0.07743593847939255,0.5575168550014495,0.03782837495982768
0.03645309044357138,2.0195844830113896,58.5,15.864695969307222,381.5,-0.025781410932540893,0.08594778271940683,0.5574356138706207,0.035959807496498436
0.03810701284629221,2.0195844830113896,54.4,14.391144638004286,385.6,-0.03314548134803772,0.0882903150857825,0.5596294343471527,0.03619761375571683
0.03976093524901304,2.0195844830113896,50.6,13.974200081718179,389.4,-0.022328442335128783,0.0895757990572262,0.561886340379715,0.035606126946018495
0.04141485765173386,2.0195844830113896,45.8,13.655636831478596,394.2,-1.2582798600196838,2.850731942618267,0.5649955868721008,0.03507686172779927
0.04306878005445469,2.0195844830113896,38.5,14.746496499221466,401.5,-316.00987632870675,714.8672281375257,0.570960283279419,0.03706113289860373
0.044722702457175516,2.0195844830113896,34.8,15.249020051737874,405.2,-316.0415996015072,714.8592576373192,0.5738430500030518,0.03675502318773681
0.04637662485989634,2.0195844830113896,30.6,14.622396008540273,409.4,-84.86328576803207,191.61543599646296,0.5749861061573028,0.036635272045085515
0.04803054726261717,2.0195844830113896,26.3,14.660647911569983,413.7,-1.12872171998024,2.4236052640150563,0.5783822715282441,0.035124756845492135
0.049684469665337995,2.0195844830113896,22.3,13.121594908429861,417.7,-1.6324123680591582,3.5841506798539293,0.5803797781467438,0.036467167582126536
0.051338392068058826,2.0195844830113896,16.4,13.152541343619191,423.6,-6.943431454896927,11.030928710395388,0.5807040870189667,0.037266899196217576
0.05299231447077965,2.0195844830113896,14.0,13.378852978868153,426.0,-2.1467232167720796,4.707739411663805,0.5824769794940948,0.038325093125832675
0.054646236873500474,2.0195844830113896,12.2,11.835500200929506,427.8,-2.1546960413455962,4.705717177076739,0.5837982773780823,0.0375791650716736
0.056300159276221305,2.0195844830113896,7.4,7.171034241722803,432.6,-3.0672848522663116,4.954268725497548,0.5854617774486541,0.03497739189434379
0.05795408167894213,2.0195844830113896,3.2,3.721689707608231,436.8,-11.023627412319183,24.83765532757516,0.5872190654277801,0.03133536934443347
0.05960800408166296,2.0195844830113896,1.9,3.6076501527873415,438.1,-151.58073118925094,342.8211576686271,0.5879509270191192,0.03107837890918194
0.061261926484383784,2.0195844830113896,1.9,3.6076501527873415,438.1,-151.58073118925094,342.8211576686271,0.5879509270191192,0.03107837890918194
0.06291584888710461,2.0195844830113896,0.6,1.3572942977124596,439.4,-19.967184448242186,45.16890932162005,0.5845927894115448,0.0365695005067372
0.06456977128982544,2.0195844830113896,0.1,0.2262157162854099,439.9,0.0,0.0,0.5850649774074554,0.03581232503029039
6.679758371319622e-05,2.0930104728339054,437.1,4.714486045999109,2.8999999999999773,0.5862435400485992,0.03392808944685019,-0.019353145360946657,0.2796603940256196
0.001720719986434023,2.0930104728339054,371.7,9.849263602336661,68.30000000000001,0.6025713801383972,0.05587611663082816,0.15026818513870238,0.10815498268787847
0.0033746423891548496,2.0930104728339054,293.0,20.00442859226813,147.0,0.621554833650589,0.10904615837941646,0.2531305730342865,0.07972745460835456
0.005028564791875676,2.0930104728339054,237.7,22.774504340054637,202.3,0.6054857671260834,0.17426364933747993,0.34683794975280763,0.0937790512170902
0.006682487194596503,2.0930104728339054,198.5,23.77896761855515,241.5,0.5109345972537994,0.2265659292005237,0.42266627550125124,0.06903865588983983
0.00833640959731733,2.0930104728339054,167.8,18.42049820588116,272.2,0.39960368871688845,0.25800379810717583,0.4604406118392944,0.06033519174244823
0.009990332000038156,2.0930104728339054,147.8,17.525189784069386,292.2,0.28797538876533507,0.2710712334050472,0.48627633452415464,0.04822119634607438
0.011644254402758982,2.0930104728339054,137.4,13.366947812733343,302.6,0.2420128345489502,0.268664925731896,0.49801538586616517,0.04255954247862626
0.01329817680547981,2.0930104728339054,129.8,10.420120048488322,310.2,0.12439377903938294,0.24388617926895398,0.5039674639701843,0.03757478479189181
0.014952099208200637,2.0930104728339054,122.3,9.448550230792467,317.7,-0.021103960275650025,0.07972289511243157,0.5123920500278473,0.03525654284577118
0.016606021610921465,2.0930104728339054,115.1,9.095322260706858,324.9,-0.023065942525863647,0.076835807487419,0.5211100161075592,0.037239661519103996
0.01825994401364229,2.0930104728339054,111.7,8.329122183596084,328.3,-0.02488597631454468,0.07583067541733231,0.5225339114665986,0.03957570346744546
0.019913866416363116,2.0930104728339054,106.3,8.644019283876771,333.7,-0.015789353847503663,0.06591928069243537,0.5273666262626648,0.039390902618936074
0.021567788819083944,2.0930104728339054,102.0,10.382948166125926,338.0,-0.002736431360244751,0.05763160127987665,0.5309905409812927,0.03960821300547747
0.023221711221804768,2.0930104728339054,99.2,10.716036900874562,340.8,-0.0005867362022399902,0.05847455280304521,0.5320198655128479,0.039525753711665654
0.024875633624525596,2.0930104728339054,94.2,9.536899743808894,345.8,-0.0006796956062316894,0.058777518147031194,0.534619128704071,0.03997379369235456
0.026529556027246423,2.0930104728339054,89.8,9.295358879423778,350.2,-0.0011847257614135743,0.0597062813697819,0.5392873048782348,0.03836476011641582
0.02818347842996725,2.0930104728339054,79.4,13.577969062457802,360.6,-0.009611999988555909,0.06304982001670116,0.5465718924999237,0.03919528832309979
0.029837400832688078,2.0930104728339054,73.0,17.303818327851097,367.0,-0.016200178861618043,0.0637143405404722,0.5473977327346802,0.03931263292628072
0.0314913232354089,2.0930104728339054,69.9,17.890121335307736,370.1,-0.023728734254837035,0.0604905666884792,0.5508962213993073,0.03969146165597781
0.03314524563812973,2.0930104728339054,67.3,17.005678599056377,372.7,-0.02559353709220886,0.058513283882471866,0.5531729221343994,0.03941073746961899
0.03479916804085056,2.0930104728339054,62.5,15.62999818157414,377.5,-0.03647581338882446,0.07743593847939255,0.5575168550014495,0.03782837495982768
0.03645309044357138,2.0930104728339054,58.5,15.864695969307222,381.5,-0.025781410932540893,0.08594778271940683,0.5574356138706207,0.035959807496498436
0.03810701284629221,2.0930104728339054,54.4,14.391144638004286,385.6,-0.03314548134803772,0.0882903150857825,0.5596294343471527,0.03619761375571683
0.03976093524901304,2.0930104728339054,50.6,13.974200081718179,389.4,-0.022328442335128783,0.0895757990572262,0.561886340379715,0.035606126946018495
0.04141485765173386,2.0930104728339054,45.8,13.655636831478596,394.2,-1.2582798600196838,2.850731942618267,0.5649955868721008,0.03507686172779927
0.04306878005445469,2.0930104728339054,38.5,14.746496499221466,401.5,-316.00987632870675,714.8672281375257,0.570960283279419,0.03706113289860373
0.044722702457175516,2.0930104728339054,34.8,15.249020051737874,405.2,-316.0415996015072,714.8592576373192,0.5738430500030518,0.03675502318773681
0.04637662485989634,2.0930104728339054,30.6,14.622396008540273,409.4,-84.86328576803207,191.61543599646296,0.5749861061573028,0.036635272045085515
0.04803054726261717,2.0930104728339054,26.3,14.660647911569983,413.7,-1.12872171998024,2.4236052640150563,0.5783822715282441,0.035124756845492135
0.049684469665337995,2.0930104728339054,22.3,13.121594908429861,417.7,-1.6324123680591582,3.5841506798539293,0.5803797781467438,0.036467167582126536
0.051338392068058826,2.0930104728339054,16.4,13.152541343619191,423.6,-6.943431454896927,11.030928710395388,0.5807040870189667,0.037266899196217576
0.05299231447077965,2.0930104728339054,14.0,13.378852978868153,426.0,-2.1467232167720796,4.707739411663805,0.5824769794940948,0.038325093125832675
0.054646236873500474,2.0930104728339054,12.2,11.835500200929506,427.8,-2.1546960413455962,4.705717177076739,0.5837982773780823,0.0375791650716736
0.056300159276221305,2.0930104728339054,7.4,7.171034241722803,432.6,-3.0672848522663116,4.954268725497548,0.5854617774486541,0.03497739189434379
0.05795408167894213,2.0930104728339054,3.2,3.721689707608231,436.8,-11.023627412319183,24.83765532757516,0.5872190654277801,0.03133536934443347
0.05960800408166296,2.0930104728339054,1.9,3.6076501527873415,438.1,-151.58073118925094,342.8211576686271,0.5879509270191192,0.03107837890918194
0.061261926484383784,2.0930104728339054,1.9,3.6076501527873415,438.1,-151.58073118925094,342.8211576686271,0.5879509270191192,0.03107837890918194
0.06291584888710461,2.0930104728339054,0.6,1.3572942977124596,439.4,-19.967184448242186,45.16890932162005,0.5845927894115448,0.0365695005067372
0.06456977128982544,2.0930104728339054,0.1,0.2262157162854099,439.9,0.0,0.0,0.5850649774074554,0.03581232503029039
6.679758371319622e-05,2.1664364626564216,437.3,4.769642133423742,2.6999999999999886,0.5862596929073334,0.03392953607236647,-0.13960212469100952,0.1962790336857459
0.001720719986434023,2.1664364626564216,371.7,9.849263602336661,68.30000000000001,0.6025713801383972,0.05587611663082816,0.15026818513870238,0.10815498268787847
0.0033746423891548496,2.1664364626564216,293.0,20.00442859226813,147.0,0.621554833650589,0.10904615837941646,0.2531305730342865,0.07972745460835456
0.005028564791875676,2.1664364626564216,237.7,22.774504340054637,202.3,0.6054857671260834,0.17426364933747993,0.34683794975280763,0.0937790512170902
0.006682487194596503,2.1664364626564216,198.5,23.77896761855515,241.5,0.5109345972537994,0.2265659292005237,0.42266627550125124,0.06903865588983983
0.00833640959731733,2.1664364626564216,167.8,18.42049820588116,272.2,0.39960368871688845,0.25800379810717583,0.4604406118392944,0.06033519174244823
0.009990332000038156,2.1664364626564216,147.8,17.525189784069386,292.2,0.28797538876533507,0.2710712334050472,0.48627633452415464,0.04822119634607438
0.011644254402758982,2.1664364626564216,137.4,13.366947812733343,302.6,0.2420128345489502,0.268664925731896,0.49801538586616517,0.04255954247862626
0.01329817680547981,2.1664364626564216,129.8,10.420120048488322,310.2,0.12439377903938294,0.24388617926895398,0.5039674639701843,0.03757478479189181
0.014952099208200637,2.1664364626564216,122.3,9.448550230792467,317.7,-0.021103960275650025,0.07972289511243157,0.5123920500278473,0.03525654284577118
0.016606021610921465,2.1664364626564216,115.1,9.095322260706858,324.9,-0.023065942525863647,0.076835807487419,0.5211100161075592,0.037239661519103996
0.01825994401364229,2.1664364626564216,111.7,8.329122183596084,328.3,-0.02488597631454468,0.07583067541733231,0.5225339114665986,0.03957570346744546
0.019913866416363116,2.1664364626564216,106.3,8.644019283876771,333.7,-0.015789353847503663,0.06591928069243537,0.5273666262626648,0.039390902618936074
0.021567788819083944,2.1664364626564216,102.0,10.382948166125926,338.0,-0.002736431360244751,0.05763160127987665,0.5309905409812927,0.03960821300547747
0.023221711221804768,2.1664364626564216,99.2,10.716036900874562,340.8,-0.0005867362022399902,0.05847455280304521,0.5320198655128479,0.039525753711665654
0.024875633624525596,2.1664364626564216,94.2,9.536899743808894,345.8,-0.0006796956062316894,0.058777518147031194,0.534619128704071,0.03997379369235456
0.026529556027246423,2.1664364626564216,89.8,9.295358879423778,350.2,-0.0011847257614135743,0.0597062813697819,0.5392873048782348,0.03836476011641582
0.02818347842996725,2.1664364626564216,79.4,13.577969062457802,360.6,-0.009611999988555909,0.06304982001670116,0.5465718924999237,0.03919528832309979
0.029837400832688078,2.1664364626564216,73.0,17.303818327851097,367.0,-0.016200178861618043,0.0637143405404722,0.5473977327346802,0.03931263292628072
0.0314913232354089,2.1664364626564216,69.9,17.890121335307736,370.1,-0.023728734254837035,0.0604905666884792,0.5508962213993073,0.03969146165597781
0.03314524563812973,2.1664364626564216,67.3,17.005678599056377,372.7,-0.02559353709220886,0.058513283882471866,0.5531729221343994,0.03941073746961899
0.03479916804085056,2.1664364626564216,62.5,15.62999818157414,377.5,-0.03647581338882446,0.07743593847939255,0.5575168550014495,0.03782837495982768
0.03645309044357138,2.1664364626564216,58.5,15.864695969307222,381.5,-0.025781410932540893,0.08594778271940683,0.5574356138706207,0.035959807496498436
0.03810701284629221,2.1664364626564216,54.4,14.391144638004286,385.6,-0.03314548134803772,0.0882903150857825,0.5596294343471527,0.03619761375571683
0.03976093524901304,2.1664364626564216,50.6,13.974200081718179,389.4,-0.022328442335128783,0.0895757990572262,0.561886340379715,0.035606126946018495
0.04141485765173386,2.1664364626564216,45.8,13.655636831478596,394.2,-1.2582798600196838,2.850731942618267,0.5649955868721008,0.03507686172779927
0.04306878005445469,2.1664364626564216,38.5,14.746496499221466,401.5,-316.00987632870675,714.8672281375257,0.570960283279419,0.03706113289860373
0.044722702457175516,2.1664364626564216,34.8,15.249020051737874,405.2,-316.0415996015072,714.8592576373192,0.5738430500030518,0.03675502318773681
0.04637662485989634,2.1664364626564216,30.6,14.622396008540273,409.4,-84.86328576803207,191.61543599646296,0.5749861061573028,0.036635272045085515
0.04803054726261717,2.1664364626564216,26.3,14.660647911569983,413.7,-1.12872171998024,2.4236052640150563,0.5783822715282441,0.035124756845492135
0.049684469665337995,2.1664364626564216,22.3,13.121594908429861,417.7,-1.6324123680591582,3.5841506798539293,0.5803797781467438,0.036467167582126536
0.051338392068058826,2.1664364626564216,16.4,13.152541343619191,423.6,-6.943431454896927,11.030928710395388,0.5807040870189667,0.037266899196217576
0.05299231447077965,2.1664364626564216,14.0,13.378852978868153,426.0,-2.1467232167720796,4.707739411663805,0.5824769794940948,0.038325093125832675
0.054646236873500474,2.1664364626564216,12.2,11.835500200929506,427.8,-2.1546960413455962,4.705717177076739,0.5837982773780823,0.0375791650716736
0.056300159276221305,2.1664364626564216,7.4,7.171034241722803,432.6,-3.0672848522663116,4.954268725497548,0.5854617774486541,0.03497739189434379
0.05795408167894213,2.1664364626564216,3.2,3.721689707608231,436.8,-11.023627412319183,24.83765532757516,0.5872190654277801,0.03133536934443347
0.05960800408166296,2.1664364626564216,1.9,3.6076501527873415,438.1,-151.58073118925094,342.8211576686271,0.5879509270191192,0.03107837890918194
0.061261926484383784,2.1664364626564216,1.9,3.6076501527873415,438.1,-151.58073118925094,342.8211576686271,0.5879509270191192,0.03107837890918194
0.06291584888710461,2.1664364626564216,0.6,1.3572942977124596,439.4,-19.967184448242186,45.16890932162005,0.5845927894115448,0.0365695005067372
0.06456977128982544,2.1664364626564216,0.1,0.2262157162854099,439.9,0.0,0.0,0.5850649774074554,0.03581232503029039
6.679758371319622e-05,2.2398624524789374,437.5,4.831234302363562,2.5,0.5864391624927521,0.033990841451995865,-0.10055046081542969,0.1875811511650236
0.001720719986434023,2.2398624524789374,371.8,9.882402428664657,68.19999999999999,0.6029846906661988,0.05551580580192773,0.15023109912872315,0.10813854809264471
0.0033746423891548496,2.2398624524789374,293.0,20.00442859226813,147.0,0.621554833650589,0.10904615837941646,0.2531305730342865,0.07972745460835456
0.005028564791875676,2.2398624524789374,237.7,22.774504340054637,202.3,0.6054857671260834,0.17426364933747993,0.34683794975280763,0.0937790512170902
0.006682487194596503,2.2398624524789374,198.5,23.77896761855515,241.5,0.5109345972537994,0.2265659292005237,0.42266627550125124,0.06903865588983983
0.00833640959731733,2.2398624524789374,167.8,18.42049820588116,272.2,0.39960368871688845,0.25800379810717583,0.4604406118392944,0.06033519174244823
0.009990332000038156,2.2398624524789374,147.8,17.525189784069386,292.2,0.28797538876533507,0.2710712334050472,0.48627633452415464,0.04822119634607438
0.011644254402758982,2.2398624524789374,137.4,13.366947812733343,302.6,0.2420128345489502,0.268664925731896,0.49801538586616517,0.04255954247862626
0.01329817680547981,2.2398624524789374,129.8,10.420120048488322,310.2,0.12439377903938294,0.24388617926895398,0.5039674639701843,0.03757478479189181
0.014952099208200637,2.2398624524789374,122.3,9.448550230792467,317.7,-0.021103960275650025,0.07972289511243157,0.5123920500278473,0.03525654284577118
0.016606021610921465,2.2398624524789374,115.1,9.095322260706858,324.9,-0.023065942525863647,0.076835807487419,0.5211100161075592,0.037239661519103996
0.01825994401364229,2.2398624524789374,111.7,8.329122183596084,328.3,-0.02488597631454468,0.07583067541733231,0.5225339114665986,0.03957570346744546
0.019913866416363116,2.2398624524789374,106.3,8.644019283876771,333.7,-0.015789353847503663,0.06591928069243537,0.5273666262626648,0.039390902618936074
0.021567788819083944,2.2398624524789374,102.0,10.382948166125926,338.0,-0.002736431360244751,0.05763160127987665,0.5309905409812927,0.03960821300547747
0.023221711221804768,2.2398624524789374,99.2,10.716036900874562,340.8,-0.0005867362022399902,0.05847455280304521,0.5320198655128479,0.039525753711665654
0.024875633624525596,2.2398624524789374,94.2,9.536899743808894,345.8,-0.0006796956062316894,0.058777518147031194,0.534619128704071,0.03997379369235456
0.026529556027246423,2.2398624524789374,89.8,9.295358879423778,350.2,-0.0011847257614135743,0.0597062813697819,0.5392873048782348,0.03836476011641582
0.02818347842996725,2.2398624524789374,79.4,13.577969062457802,360.6,-0.009611999988555909,0.06304982001670116,0.5465718924999237,0.03919528832309979
0.029837400832688078,2.2398624524789374,73.0,17.303818327851097,367.0,-0.016200178861618043,0.0637143405404722,0.5473977327346802,0.03931263292628072
0.0314913232354089,2.2398624524789374,69.9,17.890121335307736,370.1,-0.023728734254837035,0.0604905666884792,0.5508962213993073,0.03969146165597781
0.03314524563812973,2.2398624524789374,67.3,17.005678599056377,372.7,-0.02559353709220886,0.058513283882471866,0.5531729221343994,0.03941073746961899
0.03479916804085056,2.2398624524789374,62.5,15.62999818157414,377.5,-0.03647581338882446,0.07743593847939255,0.5575168550014495,0.03782837495982768
0.03645309044357138,2.2398624524789374,58.5,15.864695969307222,381.5,-0.025781410932540893,0.08594778271940683,0.5574356138706207,0.035959807496498436
0.03810701284629221,2.2398624524789374,54.4,14.391144638004286,385.6,-0.03314548134803772,0.0882903150857825,0.5596294343471527,0.03619761375571683
0.03976093524901304,2.2398624524789374,50.6,13.974200081718179,389.4,-0.022328442335128783,0.0895757990572262,0.561886340379715,0.035606126946018495
0.04141485765173386,2.2398624524789374,45.8,13.655636831478596,394.2,-1.2582798600196838,2.850731942618267,0.5649955868721008,0.03507686172779927
0.04306878005445469,2.2398624524789374,38.5,14.746496499221466,401.5,-316.00987632870675,714.8672281375257,0.570960283279419,0.03706113289860373
0.044722702457175516,2.2398624524789374,34.8,15.249020051737874,405.2,-316.0415996015072,714.8592576373192,0.5738430500030518,0.03675502318773681
0.04637662485989634,2.2398624524789374,30.6,14.622396008540273,409.4,-84.86328576803207,191.61543599646296,0.5749861061573028,0.036635272045085515
0.04803054726261717,2.2398624524789374,26.3,14.660647911569983,413.7,-1.12872171998024,2.4236052640150563,0.5783822715282441,0.035124756845492135
0.049684469665337995,2.2398624524789374,22.3,13.121594908429861,417.7,-1.6324123680591582,3.5841506798539293,0.5803797781467438,0.036467167582126536
0.051338392068058826,2.2398624524789374,16.4,13.152541343619191,423.6,-6.943431454896927,11.030928710395388,0.5807040870189667,0.037266899196217576
0.05299231447077965,2.2398624524789374,14.0,13.378852978868153,426.0,-2.1467232167720796,4.707739411663805,0.5824769794940948,0.038325093125832675
0.054646236873500474,2.2398624524789374,12.2,11.835500200929506,427.8,-2.1546960413455962,4.705717177076739,0.5837982773780823,0.0375791650716736
0.056300159276221305,2.2398624524789374,7.4,7.171034241722803,432.6,-3.0672848522663116,4.954268725497548,0.5854617774486541,0.03497739189434379
0.05795408167894213,2.2398624524789374,3.2,3.721689707608231,436.8,-11.023627412319183,24.83765532757516,0.5872190654277801,0.03133536934443347
0.05960800408166296,2.2398624524789374,1.9,3.6076501527873415,438.1,-151.58073118925094,342.8211576686271,0.5879509270191192,0.03107837890918194
0.061261926484383784,2.2398624524789374,1.9,3.6076501527873415,438.1,-151.58073118925094,342.8211576686271,0.5879509270191192,0.03107837890918194
0.06291584888710461,2.2398624524789374,0.6,1.3572942977124596,439.4,-19.967184448242186,45.16890932162005,0.5845927894115448,0.0365695005067372
0.06456977128982544,2.2398624524789374,0.1,0.2262157162854099,439.9,0.0,0.0,0.5850649774074554,0.03581232503029039
6.679758371319622e-05,2.3132884423014537,439.5,2.9057934886354153,0.5,0.5859674453735352,0.034411100047418985,-0.08301815986633301,0.18780012498859194
0.001720719986434023,2.3132884423014537,371.9,9.85157251958161,68.10000000000002,0.6029881238937378,0.05551716455852306,0.14980297088623046,0.10822113764467102
0.0033746423891548496,2.3132884423014537,293.0,20.00442859226813,147.0,0.621554833650589,0.10904615837941646,0.2531305730342865,0.07972745460835456
0.005028564791875676,2.3132884423014537,237.7,22.774504340054637,202.3,0.6054857671260834,0.17426364933747993,0.34683794975280763,0.0937790512170902
0.006682487194596503,2.3132884423014537,198.5,23.77896761855515,241.5,0.5109345972537994,0.2265659292005237,0.42266627550125124,0.06903865588983983
0.00833640959731733,2.3132884423014537,167.8,18.42049820588116,272.2,0.39960368871688845,0.25800379810717583,0.4604406118392944,0.06033519174244823
0.009990332000038156,2.3132884423014537,147.8,17.525189784069386,292.2,0.28797538876533507,0.2710712334050472,0.48627633452415464,0.04822119634607438
0.011644254402758982,2.3132884423014537,137.4,13.366947812733343,302.6,0.2420128345489502,0.268664925731896,0.49801538586616517,0.04255954247862626
0.01329817680547981,2.3132884423014537,129.8,10.420120048488322,310.2,0.12439377903938294,0.24388617926895398,0.5039674639701843,0.03757478479189181
0.014952099208200637,2.3132884423014537,122.3,9.448550230792467,317.7,-0.021103960275650025,0.07972289511243157,0.5123920500278473,0.03525654284577118
0.016606021610921465,2.3132884423014537,115.1,9.095322260706858,324.9,-0.023065942525863647,0.076835807487419,0.5211100161075592,0.037239661519103996
0.01825994401364229,2.3132884423014537,111.7,8.329122183596084,328.3,-0.02488597631454468,0.07583067541733231,0.5225339114665986,0.03957570346744546
0.019913866416363116,2.3132884423014537,106.3,8.644019283876771,333.7,-0.015789353847503663,0.06591928069243537,0.5273666262626648,0.039390902618936074
0.021567788819083944,2.3132884423014537,102.0,10.382948166125926,338.0,-0.002736431360244751,0.05763160127987665,0.5309905409812927,0.03960821300547747
0.023221711221804768,2.3132884423014537,99.2,10.716036900874562,340.8,-0.0005867362022399902,0.05847455280304521,0.5320198655128479,0.039525753711665654
0.024875633624525596,2.3132884423014537,94.2,9.536899743808894,345.8,-0.0006796956062316894,0.058777518147031194,0.534619128704071,0.03997379369235456
0.026529556027246423,2.3132884423014537,89.8,9.295358879423778,350.2,-0.0011847257614135743,0.0597062813697819,0.5392873048782348,0.03836476011641582
0.02818347842996725,2.3132884423014537,79.4,13.577969062457802,360.6,-0.009611999988555909,0.06304982001670116,0.5465718924999237,0.03919528832309979
0.029837400832688078,2.3132884423014537,73.0,17.303818327851097,367.0,-0.016200178861618043,0.0637143405404722,0.5473977327346802,0.03931263292628072
0.0314913232354089,2.3132884423014537,69.9,17.890121335307736,370.1,-0.023728734254837035,0.0604905666884792,0.5508962213993073,0.03969146165597781
0.03314524563812973,2.3132884423014537,67.3,17.005678599056377,372.7,-0.02559353709220886,0.058513283882471866,0.5531729221343994,0.03941073746961899
0.03479916804085056,2.3132884423014537,62.5,15.62999818157414,377.5,-0.03647581338882446,0.07743593847939255,0.5575168550014495,0.03782837495982768
0.03645309044357138,2.3132884423014537,58.5,15.864695969307222,381.5,-0.025781410932540893,0.08594778271940683,0.5574356138706207,0.035959807496498436
0.03810701284629221,2.3132884423014537,54.4,14.391144638004286,385.6,-0.03314548134803772,0.0882903150857825,0.5596294343471527,0.03619761375571683
0.03976093524901304,2.3132884423014537,50.6,13.974200081718179,389.4,-0.022328442335128783,0.0895757990572262,0.561886340379715,0.035606126946018495
0.04141485765173386,2.3132884423014537,45.8,13.655636831478596,394.2,-1.2582798600196838,2.850731942618267,0.5649955868721008,0.03507686172779927
0.04306878005445469,2.3132884423014537,38.5,14.746496499221466,401.5,-316.00987632870675,714.8672281375257,0.570960283279419,0.03706113289860373
0.044722702457175516,2.3132884423014537,34.8,15.249020051737874,405.2,-316.0415996015072,714.8592576373192,0.5738430500030518,0.03675502318773681
0.04637662485989634,2.3132884423014537,30.6,14.622396008540273,409.4,-84.86328576803207,191.61543599646296,0.5749861061573028,0.036635272045085515
0.04803054726261717,2.3132884423014537,26.3,14.660647911569983,413.7,-1.12872171998024,2.4236052640150563,0.5783822715282441,0.035124756845492135
0.049684469665337995,2.3132884423014537,22.3,13.121594908429861,417.7,-1.6324123680591582,3.5841506798539293,0.5803797781467438,0.036467167582126536
0.051338392068058826,2.3132884423014537,16.4,13.152541343619191,423.6,-6.943431454896927,11.030928710395388,0.5807040870189667,0.037266899196217576
0.05299231447077965,2.3132884423014537,14.0,13.378852978868153,426.0,-2.1467232167720796,4.707739411663805,0.5824769794940948,0.038325093125832675
0.054646236873500474,2.3132884423014537,12.2,11.835500200929506,427.8,-2.1546960413455962,4.705717177076739,0.5837982773780823,0.0375791650716736
0.056300159276221305,2.3132884423014537,7.4,7.171034241722803,432.6,-3.0672848522663116,4.954268725497548,0.5854617774486541,0.03497739189434379
0.05795408167894213,2.3132884423014537,3.2,3.721689707608231,436.8,-11.023627412319183,24.83765532757516,0.5872190654277801,0.03133536934443347
0.05960800408166296,2.3132884423014537,1.9,3.6076501527873415,438.1,-151.58073118925094,342.8211576686271,0.5879509270191192,0.03107837890918194
0.061261926484383784,2.3132884423014537,1.9,3.6076501527873415,438.1,-151.58073118925094,342.8211576686271,0.5879509270191192,0.03107837890918194
0.06291584888710461,2.3132884423014537,0.6,1.3572942977124596,439.4,-19.967184448242186,45.16890932162005,0.5845927894115448,0.0365695005067372
0.06456977128982544,2.3132884423014537,0.1,0.2262157162854099,439.9,0.0,0.0,0.5850649774074554,0.03581232503029039
6.679758371319622e-05,2.3867144321239695,440.5,0.6952019510772304,-0.5,0.5855759024620056,0.03501130095624324,-0.24839532375335693,0.5619092608481193
0.001720719986434023,2.3867144321239695,371.9,9.85157251958161,68.10000000000002,0.6029881238937378,0.05551716455852306,0.14980297088623046,0.10822113764467102
0.0033746423891548496,2.3867144321239695,293.0,20.00442859226813,147.0,0.621554833650589,0.10904615837941646,0.2531305730342865,0.07972745460835456
0.005028564791875676,2.3867144321239695,237.7,22.774504340054637,202.3,0.6054857671260834,0.17426364933747993,0.34683794975280763,0.0937790512170902
0.006682487194596503,2.3867144321239695,198.5,23.77896761855515,241.5,0.5109345972537994,0.2265659292005237,0.42266627550125124,0.06903865588983983
0.00833640959731733,2.3867144321239695,167.8,18.42049820588116,272.2,0.39960368871688845,0.25800379810717583,0.4604406118392944,0.06033519174244823
0.009990332000038156,2.3867144321239695,147.8,17.525189784069386,292.2,0.28797538876533507,0.2710712334050472,0.48627633452415464,0.04822119634607438
0.011644254402758982,2.3867144321239695,137.4,13.366947812733343,302.6,0.2420128345489502,0.268664925731896,0.49801538586616517,0.04255954247862626
0.01329817680547981,2.3867144321239695,129.8,10.420120048488322,310.2,0.12439377903938294,0.24388617926895398,0.5039674639701843,0.03757478479189181
0.014952099208200637,2.3867144321239695,122.3,9.448550230792467,317.7,-0.021103960275650025,0.07972289511243157,0.5123920500278473,0.03525654284577118
0.016606021610921465,2.3867144321239695,115.1,9.095322260706858,324.9,-0.023065942525863647,0.076835807487419,0.5211100161075592,0.037239661519103996
0.01825994401364229,2.3867144321239695,111.7,8.329122183596084,328.3,-0.02488597631454468,0.07583067541733231,0.5225339114665986,0.03957570346744546
0.019913866416363116,2.3867144321239695,106.3,8.644019283876771,333.7,-0.015789353847503663,0.06591928069243537,0.5273666262626648,0.039390902618936074
0.021567788819083944,2.3867144321239695,102.0,10.382948166125926,338.0,-0.002736431360244751,0.05763160127987665,0.5309905409812927,0.03960821300547747
0.023221711221804768,2.3867144321239695,99.2,10.716036900874562,340.8,-0.0005867362022399902,0.05847455280304521,0.5320198655128479,0.039525753711665654
0.024875633624525596,2.3867144321239695,94.2,9.536899743808894,345.8,-0.0006796956062316894,0.058777518147031194,0.534619128704071,0.03997379369235456
0.026529556027246423,2.3867144321239695,89.8,9.295358879423778,350.2,-0.0011847257614135743,0.0597062813697819,0.5392873048782348,0.03836476011641582
0.02818347842996725,2.3867144321239695,79.4,13.577969062457802,360.6,-0.009611999988555909,0.06304982001670116,0.5465718924999237,0.03919528832309979
0.029837400832688078,2.3867144321239695,73.0,17.303818327851097,367.0,-0.016200178861618043,0.0637143405404722,0.5473977327346802,0.03931263292628072
0.0314913232354089,2.3867144321239695,69.9,17.890121335307736,370.1,-0.023728734254837035,0.0604905666884792,0.5508962213993073,0.03969146165597781
0.03314524563812973,2.3867144321239695,67.3,17.005678599056377,372.7,-0.02559353709220886,0.058513283882471866,0.5531729221343994,0.03941073746961899
0.03479916804085056,2.3867144321239695,62.5,15.62999818157414,377.5,-0.03647581338882446,0.07743593847939255,0.5575168550014495,0.03782837495982768
0.03645309044357138,2.3867144321239695,58.5,15.864695969307222,381.5,-0.025781410932540893,0.08594778271940683,0.5574356138706207,0.035959807496498436
0.03810701284629221,2.3867144321239695,54.4,14.391144638004286,385.6,-0.03314548134803772,0.0882903150857825,0.5596294343471527,0.03619761375571683
0.03976093524901304,2.3867144321239695,50.6,13.974200081718179,389.4,-0.022328442335128783,0.0895757990572262,0.561886340379715,0.035606126946018495
0.04141485765173386,2.3867144321239695,45.8,13.655636831478596,394.2,-1.2582798600196838,2.850731942618267,0.5649955868721008,0.03507686172779927
0.04306878005445469,2.3867144321239695,38.5,14.746496499221466,401.5,-316.00987632870675,714.8672281375257,0.570960283279419,0.03706113289860373
0.044722702457175516,2.3867144321239695,34.8,15.249020051737874,405.2,-316.0415996015072,714.8592576373192,0.5738430500030518,0.03675502318773681
0.04637662485989634,2.3867144321239695,30.6,14.622396008540273,409.4,-84.86328576803207,191.61543599646296,0.5749861061573028,0.036635272045085515
0.04803054726261717,2.3867144321239695,26.3,14.660647911569983,413.7,-1.12872171998024,2.4236052640150563,0.5783822715282441,0.035124756845492135
0.049684469665337995,2.3867144321239695,22.3,13.121594908429861,417.7,-1.6324123680591582,3.5841506798539293,0.5803797781467438,0.036467167582126536
0.051338392068058826,2.3867144321239695,16.4,13.152541343619191,423.6,-6.943431454896927,11.030928710395388,0.5807040870189667,0.037266899196217576
0.05299231447077965,2.3867144321239695,14.0,13.378852978868153,426.0,-2.1467232167720796,4.707739411663805,0.5824769794940948,0.038325093125832675
0.054646236873500474,2.3867144321239695,12.2,11.835500200929506,427.8,-2.1546960413455962,4.705717177076739,0.5837982773780823,0.0375791650716736
0.056300159276221305,2.3867144321239695,7.4,7.171034241722803,432.6,-3.0672848522663116,4.954268725497548,0.5854617774486541,0.03497739189434379
0.05795408167894213,2.3867144321239695,3.2,3.721689707608231,436.8,-11.023627412319183,24.83765532757516,0.5872190654277801,0.03133536934443347
0.05960800408166296,2.3867144321239695,1.9,3.6076501527873415,438.1,-151.58073118925094,342.8211576686271,0.5879509270191192,0.03107837890918194
0.061261926484383784,2.3867144321239695,1.9,3.6076501527873415,438.1,-151.58073118925094,342.8211576686271,0.5879509270191192,0.03107837890918194
0.06291584888710461,2.3867144321239695,0.6,1.3572942977124596,439.4,-19.967184448242186,45.16890932162005,0.5845927894115448,0.0365695005067372
0.06456977128982544,2.3867144321239695,0.1,0.2262157162854099,439.9,0.0,0.0,0.5850649774074554,0.03581232503029039
6.679758371319622e-05,2.4601404219464853,440.5,0.6952019510772304,-0.5,0.5855759024620056,0.03501130095624324,-0.24839532375335693,0.5619092608481193
0.001720719986434023,2.4601404219464853,371.9,9.85157251958161,68.10000000000002,0.6029881238937378,0.05551716455852306,0.14980297088623046,0.10822113764467102
0.0033746423891548496,2.4601404219464853,293.0,20.00442859226813,147.0,0.621554833650589,0.10904615837941646,0.2531305730342865,0.07972745460835456
0.005028564791875676,2.4601404219464853,237.7,22.774504340054637,202.3,0.6054857671260834,0.17426364933747993,0.34683794975280763,0.0937790512170902
0.006682487194596503,2.4601404219464853,198.5,23.77896761855515,241.5,0.5109345972537994,0.2265659292005237,0.42266627550125124,0.06903865588983983
0.00833640959731733,2.4601404219464853,167.8,18.42049820588116,272.2,0.39960368871688845,0.25800379810717583,0.4604406118392944,0.06033519174244823
0.009990332000038156,2.4601404219464853,147.8,17.525189784069386,292.2,0.28797538876533507,0.2710712334050472,0.48627633452415464,0.04822119634607438
0.011644254402758982,2.4601404219464853,137.4,13.366947812733343,302.6,0.2420128345489502,0.268664925731896,0.49801538586616517,0.04255954247862626
0.01329817680547981,2.4601404219464853,129.8,10.420120048488322,310.2,0.12439377903938294,0.24388617926895398,0.5039674639701843,0.03757478479189181
0.014952099208200637,2.4601404219464853,122.3,9.448550230792467,317.7,-0.021103960275650025,0.07972289511243157,0.5123920500278473,0.03525654284577118
0.016606021610921465,2.4601404219464853,115.1,9.095322260706858,324.9,-0.023065942525863647,0.076835807487419,0.5211100161075592,0.037239661519103996
0.01825994401364229,2.4601404219464853,111.7,8.329122183596084,328.3,-0.02488597631454468,0.07583067541733231,0.5225339114665986,0.03957570346744546
0.019913866416363116,2.4601404219464853,106.3,8.644019283876771,333.7,-0.015789353847503663,0.06591928069243537,0.5273666262626648,0.039390902618936074
0.021567788819083944,2.4601404219464853,102.0,10.382948166125926,338.0,-0.002736431360244751,0.05763160127987665,0.5309905409812927,0.03960821300547747
0.023221711221804768,2.4601404219464853,99.2,10.716036900874562,340.8,-0.0005867362022399902,0.05847455280304521,0.5320198655128479,0.039525753711665654
0.024875633624525596,2.4601404219464853,94.2,9.536899743808894,345.8,-0.0006796956062316894,0.058777518147031194,0.534619128704071,0.03997379369235456
0.026529556027246423,2.4601404219464853,89.8,9.295358879423778,350.2,-0.0011847257614135743,0.0597062813697819,0.5392873048782348,0.03836476011641582
0.02818347842996725,2.4601404219464853,79.4,13.577969062457802,360.6,-0.009611999988555909,0.06304982001670116,0.5465718924999237,0.03919528832309979
0.029837400832688078,2.4601404219464853,73.0,17.303818327851097,367.0,-0.016200178861618043,0.0637143405404722,0.5473977327346802,0.03931263292628072
0.0314913232354089,2.4601404219464853,69.9,17.890121335307736,370.1,-0.023728734254837035,0.0604905666884792,0.5508962213993073,0.03969146165597781
0.03314524563812973,2.4601404219464853,67.3,17.005678599056377,372.7,-0.02559353709220886,0.058513283882471866,0.5531729221343994,0.03941073746961899
0.03479916804085056,2.4601404219464853,62.5,15.62999818157414,377.5,-0.03647581338882446,0.07743593847939255,0.5575168550014495,0.03782837495982768
0.03645309044357138,2.4601404219464853,58.5,15.864695969307222,381.5,-0.025781410932540893,0.08594778271940683,0.5574356138706207,0.035959807496498436
0.03810701284629221,2.4601404219464853,54.4,14.391144638004286,385.6,-0.03314548134803772,0.0882903150857825,0.5596294343471527,0.03619761375571683
0.03976093524901304,2.4601404219464853,50.6,13.974200081718179,389.4,-0.022328442335128783,0.0895757990572262,0.561886340379715,0.035606126946018495
0.04141485765173386,2.4601404219464853,45.8,13.655636831478596,394.2,-1.2582798600196838,2.850731942618267,0.5649955868721008,0.03507686172779927
0.04306878005445469,2.4601404219464853,38.5,14.746496499221466,401.5,-316.00987632870675,714.8672281375257,0.570960283279419,0.03706113289860373
0.044722702457175516,2.4601404219464853,34.8,15.249020051737874,405.2,-316.0415996015072,714.8592576373192,0.5738430500030518,0.03675502318773681
0.04637662485989634,2.4601404219464853,30.6,14.622396008540273,409.4,-84.86328576803207,191.61543599646296,0.5749861061573028,0.036635272045085515
0.04803054726261717,2.4601404219464853,26.3,14.660647911569983,413.7,-1.12872171998024,2.4236052640150563,0.5783822715282441,0.035124756845492135
0.049684469665337995,2.4601404219464853,22.3,13.121594908429861,417.7,-1.6324123680591582,3.5841506798539293,0.5803797781467438,0.036467167582126536
0.051338392068058826,2.4601404219464853,16.4,13.152541343619191,423.6,-6.943431454896927,11.030928710395388,0.5807040870189667,0.037266899196217576
0.05299231447077965,2.4601404219464853,14.0,13.378852978868153,426.0,-2.1467232167720796,4.707739411663805,0.5824769794940948,0.038325093125832675
0.054646236873500474,2.4601404219464853,12.2,11.835500200929506,427.8,-2.1546960413455962,4.705717177076739,0.5837982773780823,0.0375791650716736
0.056300159276221305,2.4601404219464853,7.4,7.171034241722803,432.6,-3.0672848522663116,4.954268725497548,0.5854617774486541,0.03497739189434379
0.05795408167894213,2.4601404219464853,3.2,3.721689707608231,436.8,-11.023627412319183,24.83765532757516,0.5872190654277801,0.03133536934443347
0.05960800408166296,2.4601404219464853,1.9,3.6076501527873415,438.1,-151.58073118925094,342.8211576686271,0.5879509270191192,0.03107837890918194
0.061261926484383784,2.4601404219464853,1.9,3.6076501527873415,438.1,-151.58073118925094,342.8211576686271,0.5879509270191192,0.03107837890918194
0.06291584888710461,2.4601404219464853,0.6,1.3572942977124596,439.4,-19.967184448242186,45.16890932162005,0.5845927894115448,0.0365695005067372
0.06456977128982544,2.4601404219464853,0.1,0.2262157162854099,439.9,0.0,0.0,0.5850649774074554,0.03581232503029039
6.679758371319622e-05,2.5335664117690015,440.6,0.5001817684001295,-0.6000000000000227,0.5855544745922089,0.03504449741625674,0.0,0.0
0.001720719986434023,2.5335664117690015,371.9,9.85157251958161,68.10000000000002,0.6029881238937378,0.05551716455852306,0.14980297088623046,0.10822113764467102
0.0033746423891548496,2.5335664117690015,293.0,20.00442859226813,147.0,0.621554833650589,0.10904615837941646,0.2531305730342865,0.07972745460835456
0.005028564791875676,2.5335664117690015,237.7,22.774504340054637,202.3,0.6054857671260834,0.17426364933747993,0.34683794975280763,0.0937790512170902
0.006682487194596503,2.5335664117690015,198.5,23.77896761855515,241.5,0.5109345972537994,0.2265659292005237,0.42266627550125124,0.06903865588983983
0.00833640959731733,2.5335664117690015,167.8,18.42049820588116,272.2,0.39960368871688845,0.25800379810717583,0.4604406118392944,0.06033519174244823
0.009990332000038156,2.5335664117690015,147.8,17.525189784069386,292.2,0.28797538876533507,0.2710712334050472,0.48627633452415464,0.04822119634607438
0.011644254402758982,2.5335664117690015,137.4,13.366947812733343,302.6,0.2420128345489502,0.268664925731896,0.49801538586616517,0.04255954247862626
0.01329817680547981,2.5335664117690015,129.8,10.420120048488322,310.2,0.12439377903938294,0.24388617926895398,0.5039674639701843,0.03757478479189181
0.014952099208200637,2.5335664117690015,122.3,9.448550230792467,317.7,-0.021103960275650025,0.07972289511243157,0.5123920500278473,0.03525654284577118
0.016606021610921465,2.5335664117690015,115.1,9.095322260706858,324.9,-0.023065942525863647,0.076835807487419,0.5211100161075592,0.037239661519103996
0.01825994401364229,2.5335664117690015,111.7,8.329122183596084,328.3,-0.02488597631454468,0.07583067541733231,0.5225339114665986,0.03957570346744546
0.019913866416363116,2.5335664117690015,106.3,8.644019283876771,333.7,-0.015789353847503663,0.06591928069243537,0.5273666262626648,0.039390902618936074
0.021567788819083944,2.5335664117690015,102.0,10.382948166125926,338.0,-0.002736431360244751,0.05763160127987665,0.5309905409812927,0.03960821300547747
0.023221711221804768,2.5335664117690015,99.2,10.716036900874562,340.8,-0.0005867362022399902,0.05847455280304521,0.5320198655128479,0.039525753711665654
0.024875633624525596,2.5335664117690015,94.2,9.536899743808894,345.8,-0.0006796956062316894,0.058777518147031194,0.534619128704071,0.03997379369235456
0.026529556027246423,2.5335664117690015,89.8,9.295358879423778,350.2,-0.0011847257614135743,0.0597062813697819,0.5392873048782348,0.03836476011641582
0.02818347842996725,2.5335664117690015,79.4,13.577969062457802,360.6,-0.009611999988555909,0.06304982001670116,0.5465718924999237,0.03919528832309979
0.029837400832688078,2.5335664117690015,73.0,17.303818327851097,367.0,-0.016200178861618043,0.0637143405404722,0.5473977327346802,0.03931263292628072
0.0314913232354089,2.5335664117690015,69.9,17.890121335307736,370.1,-0.023728734254837035,0.0604905666884792,0.5508962213993073,0.03969146165597781
0.03314524563812973,2.5335664117690015,67.3,17.005678599056377,372.7,-0.02559353709220886,0.058513283882471866,0.5531729221343994,0.03941073746961899
0.03479916804085056,2.5335664117690015,62.5,15.62999818157414,377.5,-0.03647581338882446,0.07743593847939255,0.5575168550014495,0.03782837495982768
0.03645309044357138,2.5335664117690015,58.5,15.864695969307222,381.5,-0.025781410932540893,0.08594778271940683,0.5574356138706207,0.035959807496498436
0.03810701284629221,2.5335664117690015,54.4,14.391144638004286,385.6,-0.03314548134803772,0.0882903150857825,0.5596294343471527,0.03619761375571683
0.03976093524901304,2.5335664117690015,50.6,13.974200081718179,389.4,-0.022328442335128783,0.0895757990572262,0.561886340379715,0.035606126946018495
0.04141485765173386,2.5335664117690015,45.8,13.655636831478596,394.2,-1.2582798600196838,2.850731942618267,0.5649955868721008,0.03507686172779927
0.04306878005445469,2.5335664117690015,38.5,14.746496499221466,401.5,-316.00987632870675,714.8672281375257,0.570960283279419,0.03706113289860373
0.044722702457175516,2.5335664117690015,34.8,15.249020051737874,405.2,-316.0415996015072,714.8592576373192,0.5738430500030518,0.03675502318773681
0.04637662485989634,2.5335664117690015,30.6,14.622396008540273,409.4,-84.86328576803207,191.61543599646296,0.5749861061573028,0.036635272045085515
0.04803054726261717,2.5335664117690015,26.3,14.660647911569983,413.7,-1.12872171998024,2.4236052640150563,0.5783822715282441,0.035124756845492135
0.049684469665337995,2.5335664117690015,22.3,13.121594908429861,417.7,-1.6324123680591582,3.5841506798539293,0.5803797781467438,0.036467167582126536
0.051338392068058826,2.5335664117690015,16.4,13.152541343619191,423.6,-6.943431454896927,11.030928710395388,0.5807040870189667,0.037266899196217576
0.05299231447077965,2.5335664117690015,14.0,13.378852978868153,426.0,-2.1467232167720796,4.707739411663805,0.5824769794940948,0.038325093125832675
0.054646236873500474,2.5335664117690015,12.2,11.835500200929506,427.8,-2.1546960413455962,4.705717177076739,0.5837982773780823,0.0375791650716736
0.056300159276221305,2.5335664117690015,7.4,7.171034241722803,432.6,-3.0672848522663116,4.954268725497548,0.5854617774486541,0.03497739189434379
0.05795408167894213,2.5335664117690015,3.2,3.721689707608231,436.8,-11.023627412319183,24.83765532757516,0.5872190654277801,0.03133536934443347
0.05960800408166296,2.5335664117690015,1.9,3.6076501527873415,438.1,-151.58073118925094,342.8211576686271,0.5879509270191192,0.03107837890918194
0.061261926484383784,2.5335664117690015,1.9,3.6076501527873415,438.1,-151.58073118925094,342.8211576686271,0.5879509270191192,0.03107837890918194
0.06291584888710461,2.5335664117690015,0.6,1.3572942977124596,439.4,-19.967184448242186,45.16890932162005,0.5845927894115448,0.0365695005067372
0.06456977128982544,2.5335664117690015,0.1,0.2262157162854099,439.9,0.0,0.0,0.5850649774074554,0.03581232503029039
6.679758371319622e-05,2.6069924015915173,440.6,0.5001817684001295,-0.6000000000000227,0.5855544745922089,0.03504449741625674,0.0,0.0
0.001720719986434023,2.6069924015915173,371.9,9.85157251958161,68.10000000000002,0.6029881238937378,0.05551716455852306,0.14980297088623046,0.10822113764467102
0.0033746423891548496,2.6069924015915173,293.0,20.00442859226813,147.0,0.621554833650589,0.10904615837941646,0.2531305730342865,0.07972745460835456
0.005028564791875676,2.6069924015915173,237.7,22.774504340054637,202.3,0.6054857671260834,0.17426364933747993,0.34683794975280763,0.0937790512170902
0.006682487194596503,2.6069924015915173,198.5,23.77896761855515,241.5,0.5109345972537994,0.2265659292005237,0.42266627550125124,0.06903865588983983
0.00833640959731733,2.6069924015915173,167.8,18.42049820588116,272.2,0.39960368871688845,0.25800379810717583,0.4604406118392944,0.06033519174244823
0.009990332000038156,2.6069924015915173,147.8,17.525189784069386,292.2,0.28797538876533507,0.2710712334050472,0.48627633452415464,0.04822119634607438
0.011644254402758982,2.6069924015915173,137.4,13.366947812733343,302.6,0.2420128345489502,0.268664925731896,0.49801538586616517,0.04255954247862626
0.01329817680547981,2.6069924015915173,129.8,10.420120048488322,310.2,0.12439377903938294,0.24388617926895398,0.5039674639701843,0.03757478479189181
0.014952099208200637,2.6069924015915173,122.3,9.448550230792467,317.7,-0.021103960275650025,0.07972289511243157,0.5123920500278473,0.03525654284577118
0.016606021610921465,2.6069924015915173,115.1,9.095322260706858,324.9,-0.023065942525863647,0.076835807487419,0.5211100161075592,0.037239661519103996
0.01825994401364229,2.6069924015915173,111.7,8.329122183596084,328.3,-0.02488597631454468,0.07583067541733231,0.5225339114665986,0.03957570346744546
0.019913866416363116,2.6069924015915173,106.3,8.644019283876771,333.7,-0.015789353847503663,0.06591928069243537,0.5273666262626648,0.039390902618936074
0.021567788819083944,2.6069924015915173,102.0,10.382948166125926,338.0,-0.002736431360244751,0.05763160127987665,0.5309905409812927,0.03960821300547747
0.023221711221804768,2.6069924015915173,99.2,10.716036900874562,340.8,-0.0005867362022399902,0.05847455280304521,0.5320198655128479,0.039525753711665654
0.024875633624525596,2.6069924015915173,94.2,9.536899743808894,345.8,-0.0006796956062316894,0.058777518147031194,0.534619128704071,0.03997379369235456
0.026529556027246423,2.6069924015915173,89.8,9.295358879423778,350.2,-0.0011847257614135743,0.0597062813697819,0.5392873048782348,0.03836476011641582
0.02818347842996725,2.6069924015915173,79.4,13.577969062457802,360.6,-0.009611999988555909,0.06304982001670116,0.5465718924999237,0.03919528832309979
0.029837400832688078,2.6069924015915173,73.0,17.303818327851097,367.0,-0.016200178861618043,0.0637143405404722,0.5473977327346802,0.03931263292628072
0.0314913232354089,2.6069924015915173,69.9,17.890121335307736,370.1,-0.023728734254837035,0.0604905666884792,0.5508962213993073,0.03969146165597781
0.03314524563812973,2.6069924015915173,67.3,17.005678599056377,372.7,-0.02559353709220886,0.058513283882471866,0.5531729221343994,0.03941073746961899
0.03479916804085056,2.6069924015915173,62.5,15.62999818157414,377.5,-0.03647581338882446,0.07743593847939255,0.5575168550014495,0.03782837495982768
0.03645309044357138,2.6069924015915173,58.5,15.864695969307222,381.5,-0.025781410932540893,0.08594778271940683,0.5574356138706207,0.035959807496498436
0.03810701284629221,2.6069924015915173,54.4,14.391144638004286,385.6,-0.03314548134803772,0.0882903150857825,0.5596294343471527,0.03619761375571683
0.03976093524901304,2.6069924015915173,50.6,13.974200081718179,389.4,-0.022328442335128783,0.0895757990572262,0.561886340379715,0.035606126946018495
0.04141485765173386,2.6069924015915173,45.8,13.655636831478596,394.2,-1.2582798600196838,2.850731942618267,0.5649955868721008,0.03507686172779927
0.04306878005445469,2.6069924015915173,38.5,14.746496499221466,401.5,-316.00987632870675,714.8672281375257,0.570960283279419,0.03706113289860373
0.044722702457175516,2.6069924015915173,34.8,15.249020051737874,405.2,-316.0415996015072,714.8592576373192,0.5738430500030518,0.03675502318773681
0.04637662485989634,2.6069924015915173,30.6,14.622396008540273,409.4,-84.86328576803207,191.61543599646296,0.5749861061573028,0.036635272045085515
0.04803054726261717,2.6069924015915173,26.3,14.660647911569983,413.7,-1.12872171998024,2.4236052640150563,0.5783822715282441,0.035124756845492135
0.049684469665337995,2.6069924015915173,22.3,13.121594908429861,417.7,-1.6324123680591582,3.5841506798539293,0.5803797781467438,0.036467167582126536
0.051338392068058826,2.6069924015915173,16.4,13.152541343619191,423.6,-6.943431454896927,11.030928710395388,0.5807040870189667,0.037266899196217576
0.05299231447077965,2.6069924015915173,14.0,13.378852978868153,426.0,-2.1467232167720796,4.707739411663805,0.5824769794940948,0.038325093125832675
0.054646236873500474,2.6069924015915173,12.2,11.835500200929506,427.8,-2.1546960413455962,4.705717177076739,0.5837982773780823,0.0375791650716736
0.056300159276221305,2.6069924015915173,7.4,7.171034241722803,432.6,-3.0672848522663116,4.954268725497548,0.5854617774486541,0.03497739189434379
0.05795408167894213,2.6069924015915173,3.2,3.721689707608231,436.8,-11.023627412319183,24.83765532757516,0.5872190654277801,0.03133536934443347
0.05960800408166296,2.6069924015915173,1.9,3.6076501527873415,438.1,-151.58073118925094,342.8211576686271,0.5879509270191192,0.03107837890918194
0.061261926484383784,2.6069924015915173,1.9,3.6076501527873415,438.1,-151.58073118925094,342.8211576686271,0.5879509270191192,0.03107837890918194
0.06291584888710461,2.6069924015915173,0.6,1.3572942977124596,439.4,-19.967184448242186,45.16890932162005,0.5845927894115448,0.0365695005067372
0.06456977128982544,2.6069924015915173,0.1,0.2262157162854099,439.9,0.0,0.0,0.5850649774074554,0.03581232503029039
6.679758371319622e-05,2.6804183914140336,440.6,0.5001817684001295,-0.6000000000000227,0.5855544745922089,0.03504449741625674,0.0,0.0
0.001720719986434023,2.6804183914140336,371.9,9.85157251958161,68.10000000000002,0.6029881238937378,0.05551716455852306,0.14980297088623046,0.10822113764467102
0.0033746423891548496,2.6804183914140336,293.0,20.00442859226813,147.0,0.621554833650589,0.10904615837941646,0.2531305730342865,0.07972745460835456
0.005028564791875676,2.6804183914140336,237.7,22.774504340054637,202.3,0.6054857671260834,0.17426364933747993,0.34683794975280763,0.0937790512170902
0.006682487194596503,2.6804183914140336,198.5,23.77896761855515,241.5,0.5109345972537994,0.2265659292005237,0.42266627550125124,0.06903865588983983
0.00833640959731733,2.6804183914140336,167.8,18.42049820588116,272.2,0.39960368871688845,0.25800379810717583,0.4604406118392944,0.06033519174244823
0.009990332000038156,2.6804183914140336,147.8,17.525189784069386,292.2,0.28797538876533507,0.2710712334050472,0.48627633452415464,0.04822119634607438
0.011644254402758982,2.6804183914140336,137.4,13.366947812733343,302.6,0.2420128345489502,0.268664925731896,0.49801538586616517,0.04255954247862626
0.01329817680547981,2.6804183914140336,129.8,10.420120048488322,310.2,0.12439377903938294,0.24388617926895398,0.5039674639701843,0.03757478479189181
0.014952099208200637,2.6804183914140336,122.3,9.448550230792467,317.7,-0.021103960275650025,0.07972289511243157,0.5123920500278473,0.03525654284577118
0.016606021610921465,2.6804183914140336,115.1,9.095322260706858,324.9,-0.023065942525863647,0.076835807487419,0.5211100161075592,0.037239661519103996
0.01825994401364229,2.6804183914140336,111.7,8.329122183596084,328.3,-0.02488597631454468,0.07583067541733231,0.5225339114665986,0.03957570346744546
0.019913866416363116,2.6804183914140336,106.3,8.644019283876771,333.7,-0.015789353847503663,0.06591928069243537,0.5273666262626648,0.039390902618936074
0.021567788819083944,2.6804183914140336,102.0,10.382948166125926,338.0,-0.002736431360244751,0.05763160127987665,0.5309905409812927,0.03960821300547747
0.023221711221804768,2.6804183914140336,99.2,10.716036900874562,340.8,-0.0005867362022399902,0.05847455280304521,0.5320198655128479,0.039525753711665654
0.024875633624525596,2.6804183914140336,94.2,9.536899743808894,345.8,-0.0006796956062316894,0.058777518147031194,0.534619128704071,0.03997379369235456
0.026529556027246423,2.6804183914140336,89.8,9.295358879423778,350.2,-0.0011847257614135743,0.0597062813697819,0.5392873048782348,0.03836476011641582
0.02818347842996725,2.6804183914140336,79.4,13.577969062457802,360.6,-0.009611999988555909,0.06304982001670116,0.5465718924999237,0.03919528832309979
0.029837400832688078,2.6804183914140336,73.0,17.303818327851097,367.0,-0.016200178861618043,0.0637143405404722,0.5473977327346802,0.03931263292628072
0.0314913232354089,2.6804183914140336,69.9,17.890121335307736,370.1,-0.023728734254837035,0.0604905666884792,0.5508962213993073,0.03969146165597781
0.03314524563812973,2.6804183914140336,67.3,17.005678599056377,372.7,-0.02559353709220886,0.058513283882471866,0.5531729221343994,0.03941073746961899
0.03479916804085056,2.6804183914140336,62.5,15.62999818157414,377.5,-0.03647581338882446,0.07743593847939255,0.5575168550014495,0.03782837495982768
0.03645309044357138,2.6804183914140336,58.5,15.864695969307222,381.5,-0.025781410932540893,0.08594778271940683,0.5574356138706207,0.035959807496498436
0.03810701284629221,2.6804183914140336,54.4,14.391144638004286,385.6,-0.03314548134803772,0.0882903150857825,0.5596294343471527,0.03619761375571683
0.03976093524901304,2.6804183914140336,50.6,13.974200081718179,389.4,-0.022328442335128783,0.0895757990572262,0.561886340379715,0.035606126946018495
0.04141485765173386,2.6804183914140336,45.8,13.655636831478596,394.2,-1.2582798600196838,2.850731942618267,0.5649955868721008,0.03507686172779927
0.04306878005445469,2.6804183914140336,38.5,14.746496499221466,401.5,-316.00987632870675,714.8672281375257,0.570960283279419,0.03706113289860373
0.044722702457175516,2.6804183914140336,34.8,15.249020051737874,405.2,-316.0415996015072,714.8592576373192,0.5738430500030518,0.03675502318773681
0.04637662485989634,2.6804183914140336,30.6,14.622396008540273,409.4,-84.86328576803207,191.61543599646296,0.5749861061573028,0.036635272045085515
0.04803054726261717,2.6804183914140336,26.3,14.660647911569983,413.7,-1.12872171998024,2.4236052640150563,0.5783822715282441,0.035124756845492135
0.049684469665337995,2.6804183914140336,22.3,13.121594908429861,417.7,-1.6324123680591582,3.5841506798539293,0.5803797781467438,0.036467167582126536
0.051338392068058826,2.6804183914140336,16.4,13.152541343619191,423.6,-6.943431454896927,11.030928710395388,0.5807040870189667,0.037266899196217576
0.05299231447077965,2.6804183914140336,14.0,13.378852978868153,426.0,-2.1467232167720796,4.707739411663805,0.5824769794940948,0.038325093125832675
0.054646236873500474,2.6804183914140336,12.2,11.835500200929506,427.8,-2.1546960413455962,4.705717177076739,0.5837982773780823,0.0375791650716736
0.056300159276221305,2.6804183914140336,7.4,7.171034241722803,432.6,-3.0672848522663116,4.954268725497548,0.5854617774486541,0.03497739189434379
0.05795408167894213,2.6804183914140336,3.2,3.721689707608231,436.8,-11.023627412319183,24.83765532757516,0.5872190654277801,0.03133536934443347
0.05960800408166296,2.6804183914140336,1.9,3.6076501527873415,438.1,-151.58073118925094,342.8211576686271,0.5879509270191192,0.03107837890918194
0.061261926484383784,2.6804183914140336,1.9,3.6076501527873415,438.1,-151.58073118925094,342.8211576686271,0.5879509270191192,0.03107837890918194
0.06291584888710461,2.6804183914140336,0.6,1.3572942977124596,439.4,-19.967184448242186,45.16890932162005,0.5845927894115448,0.0365695005067372
0.06456977128982544,2.6804183914140336,0.1,0.2262157162854099,439.9,0.0,0.0,0.5850649774074554,0.03581232503029039
6.679758371319622e-05,2.7538443812365494,440.6,0.5001817684001295,-0.6000000000000227,0.5855544745922089,0.03504449741625674,0.0,0.0
0.001720719986434023,2.7538443812365494,371.9,9.85157251958161,68.10000000000002,0.6029881238937378,0.05551716455852306,0.14980297088623046,0.10822113764467102
0.0033746423891548496,2.7538443812365494,293.0,20.00442859226813,147.0,0.621554833650589,0.10904615837941646,0.2531305730342865,0.07972745460835456
0.005028564791875676,2.7538443812365494,237.7,22.774504340054637,202.3,0.6054857671260834,0.17426364933747993,0.34683794975280763,0.0937790512170902
0.006682487194596503,2.7538443812365494,198.5,23.77896761855515,241.5,0.5109345972537994,0.2265659292005237,0.42266627550125124,0.06903865588983983
0.00833640959731733,2.7538443812365494,167.8,18.42049820588116,272.2,0.39960368871688845,0.25800379810717583,0.4604406118392944,0.06033519174244823
0.009990332000038156,2.7538443812365494,147.8,17.525189784069386,292.2,0.28797538876533507,0.2710712334050472,0.48627633452415464,0.04822119634607438
0.011644254402758982,2.7538443812365494,137.4,13.366947812733343,302.6,0.2420128345489502,0.268664925731896,0.49801538586616517,0.04255954247862626
0.01329817680547981,2.7538443812365494,129.8,10.420120048488322,310.2,0.12439377903938294,0.24388617926895398,0.5039674639701843,0.03757478479189181
0.014952099208200637,2.7538443812365494,122.3,9.448550230792467,317.7,-0.021103960275650025,0.07972289511243157,0.5123920500278473,0.03525654284577118
0.016606021610921465,2.7538443812365494,115.1,9.095322260706858,324.9,-0.023065942525863647,0.076835807487419,0.5211100161075592,0.037239661519103996
0.01825994401364229,2.7538443812365494,111.7,8.329122183596084,328.3,-0.02488597631454468,0.07583067541733231,0.5225339114665986,0.03957570346744546
0.019913866416363116,2.7538443812365494,106.3,8.644019283876771,333.7,-0.015789353847503663,0.06591928069243537,0.5273666262626648,0.039390902618936074
0.021567788819083944,2.7538443812365494,102.0,10.382948166125926,338.0,-0.002736431360244751,0.05763160127987665,0.5309905409812927,0.03960821300547747
0.023221711221804768,2.7538443812365494,99.2,10.716036900874562,340.8,-0.0005867362022399902,0.05847455280304521,0.5320198655128479,0.039525753711665654
0.024875633624525596,2.7538443812365494,94.2,9.536899743808894,345.8,-0.0006796956062316894,0.058777518147031194,0.534619128704071,0.03997379369235456
0.026529556027246423,2.7538443812365494,89.8,9.295358879423778,350.2,-0.0011847257614135743,0.0597062813697819,0.5392873048782348,0.03836476011641582
0.02818347842996725,2.7538443812365494,79.4,13.577969062457802,360.6,-0.009611999988555909,0.06304982001670116,0.5465718924999237,0.03919528832309979
0.029837400832688078,2.7538443812365494,73.0,17.303818327851097,367.0,-0.016200178861618043,0.0637143405404722,0.5473977327346802,0.03931263292628072
0.0314913232354089,2.7538443812365494,69.9,17.890121335307736,370.1,-0.023728734254837035,0.0604905666884792,0.5508962213993073,0.03969146165597781
0.03314524563812973,2.7538443812365494,67.3,17.005678599056377,372.7,-0.02559353709220886,0.058513283882471866,0.5531729221343994,0.03941073746961899
0.03479916804085056,2.7538443812365494,62.5,15.62999818157414,377.5,-0.03647581338882446,0.07743593847939255,0.5575168550014495,0.03782837495982768
0.03645309044357138,2.7538443812365494,58.5,15.864695969307222,381.5,-0.025781410932540893,0.08594778271940683,0.5574356138706207,0.035959807496498436
0.03810701284629221,2.7538443812365494,54.4,14.391144638004286,385.6,-0.03314548134803772,0.0882903150857825,0.5596294343471527,0.03619761375571683
0.03976093524901304,2.7538443812365494,50.6,13.974200081718179,389.4,-0.022328442335128783,0.0895757990572262,0.561886340379715,0.035606126946018495
0.04141485765173386,2.7538443812365494,45.8,13.655636831478596,394.2,-1.2582798600196838,2.850731942618267,0.5649955868721008,0.03507686172779927
0.04306878005445469,2.7538443812365494,38.5,14.746496499221466,401.5,-316.00987632870675,714.8672281375257,0.570960283279419,0.03706113289860373
0.044722702457175516,2.7538443812365494,34.8,15.249020051737874,405.2,-316.0415996015072,714.8592576373192,0.5738430500030518,0.03675502318773681
0.04637662485989634,2.7538443812365494,30.6,14.622396008540273,409.4,-84.86328576803207,191.61543599646296,0.5749861061573028,0.036635272045085515
0.04803054726261717,2.7538443812365494,26.3,14.660647911569983,413.7,-1.12872171998024,2.4236052640150563,0.5783822715282441,0.035124756845492135
0.049684469665337995,2.7538443812365494,22.3,13.121594908429861,417.7,-1.6324123680591582,3.5841506798539293,0.5803797781467438,0.036467167582126536
0.051338392068058826,2.7538443812365494,16.4,13.152541343619191,423.6,-6.943431454896927,11.030928710395388,0.5807040870189667,0.037266899196217576
0.05299231447077965,2.7538443812365494,14.0,13.378852978868153,426.0,-2.1467232167720796,4.707739411663805,0.5824769794940948,0.038325093125832675
0.054646236873500474,2.7538443812365494,12.2,11.835500200929506,427.8,-2.1546960413455962,4.705717177076739,0.5837982773780823,0.0375791650716736
0.056300159276221305,2.7538443812365494,7.4,7.171034241722803,432.6,-3.0672848522663116,4.954268725497548,0.5854617774486541,0.03497739189434379
0.05795408167894213,2.7538443812365494,3.2,3.721689707608231,436.8,-11.023627412319183,24.83765532757516,0.5872190654277801,0.03133536934443347
0.05960800408166296,2.7538443812365494,1.9,3.6076501527873415,438.1,-151.58073118925094,342.8211576686271,0.5879509270191192,0.03107837890918194
0.061261926484383784,2.7538443812365494,1.9,3.6076501527873415,438.1,-151.58073118925094,342.8211576686271,0.5879509270191192,0.03107837890918194
0.06291584888710461,2.7538443812365494,0.6,1.3572942977124596,439.4,-19.967184448242186,45.16890932162005,0.5845927894115448,0.0365695005067372
0.06456977128982544,2.7538443812365494,0.1,0.2262157162854099,439.9,0.0,0.0,0.5850649774074554,0.03581232503029039
6.679758371319622e-05,2.827270371059065,440.6,0.5001817684001295,-0.6000000000000227,0.5855544745922089,0.03504449741625674,0.0,0.0
0.001720719986434023,2.827270371059065,371.9,9.85157251958161,68.10000000000002,0.6029881238937378,0.05551716455852306,0.14980297088623046,0.10822113764467102
0.0033746423891548496,2.827270371059065,293.0,20.00442859226813,147.0,0.621554833650589,0.10904615837941646,0.2531305730342865,0.07972745460835456
0.005028564791875676,2.827270371059065,237.7,22.774504340054637,202.3,0.6054857671260834,0.17426364933747993,0.34683794975280763,0.0937790512170902
0.006682487194596503,2.827270371059065,198.5,23.77896761855515,241.5,0.5109345972537994,0.2265659292005237,0.42266627550125124,0.06903865588983983
0.00833640959731733,2.827270371059065,167.8,18.42049820588116,272.2,0.39960368871688845,0.25800379810717583,0.4604406118392944,0.06033519174244823
0.009990332000038156,2.827270371059065,147.8,17.525189784069386,292.2,0.28797538876533507,0.2710712334050472,0.48627633452415464,0.04822119634607438
0.011644254402758982,2.827270371059065,137.4,13.366947812733343,302.6,0.2420128345489502,0.268664925731896,0.49801538586616517,0.04255954247862626
0.01329817680547981,2.827270371059065,129.8,10.420120048488322,310.2,0.12439377903938294,0.24388617926895398,0.5039674639701843,0.03757478479189181
0.014952099208200637,2.827270371059065,122.3,9.448550230792467,317.7,-0.021103960275650025,0.07972289511243157,0.5123920500278473,0.03525654284577118
0.016606021610921465,2.827270371059065,115.1,9.095322260706858,324.9,-0.023065942525863647,0.076835807487419,0.5211100161075592,0.037239661519103996
0.01825994401364229,2.827270371059065,111.7,8.329122183596084,328.3,-0.02488597631454468,0.07583067541733231,0.5225339114665986,0.03957570346744546
0.019913866416363116,2.827270371059065,106.3,8.644019283876771,333.7,-0.015789353847503663,0.06591928069243537,0.5273666262626648,0.039390902618936074
0.021567788819083944,2.827270371059065,102.0,10.382948166125926,338.0,-0.002736431360244751,0.05763160127987665,0.5309905409812927,0.03960821300547747
0.023221711221804768,2.827270371059065,99.2,10.716036900874562,340.8,-0.0005867362022399902,0.05847455280304521,0.5320198655128479,0.039525753711665654
0.024875633624525596,2.827270371059065,94.2,9.536899743808894,345.8,-0.0006796956062316894,0.058777518147031194,0.534619128704071,0.03997379369235456
0.026529556027246423,2.827270371059065,89.8,9.295358879423778,350.2,-0.0011847257614135743,0.0597062813697819,0.5392873048782348,0.03836476011641582
0.02818347842996725,2.827270371059065,79.4,13.577969062457802,360.6,-0.009611999988555909,0.06304982001670116,0.5465718924999237,0.03919528832309979
0.029837400832688078,2.827270371059065,73.0,17.303818327851097,367.0,-0.016200178861618043,0.0637143405404722,0.5473977327346802,0.03931263292628072
0.0314913232354089,2.827270371059065,69.9,17.890121335307736,370.1,-0.023728734254837035,0.0604905666884792,0.5508962213993073,0.03969146165597781
0.03314524563812973,2.827270371059065,67.3,17.005678599056377,372.7,-0.02559353709220886,0.058513283882471866,0.5531729221343994,0.03941073746961899
0.03479916804085056,2.827270371059065,62.5,15.62999818157414,377.5,-0.03647581338882446,0.07743593847939255,0.5575168550014495,0.03782837495982768
0.03645309044357138,2.827270371059065,58.5,15.864695969307222,381.5,-0.025781410932540893,0.08594778271940683,0.5574356138706207,0.035959807496498436
0.03810701284629221,2.827270371059065,54.4,14.391144638004286,385.6,-0.03314548134803772,0.0882903150857825,0.5596294343471527,0.03619761375571683
0.03976093524901304,2.827270371059065,50.6,13.974200081718179,389.4,-0.022328442335128783,0.0895757990572262,0.561886340379715,0.035606126946018495
0.04141485765173386,2.827270371059065,45.8,13.655636831478596,394.2,-1.2582798600196838,2.850731942618267,0.5649955868721008,0.03507686172779927
0.04306878005445469,2.827270371059065,38.5,14.746496499221466,401.5,-316.00987632870675,714.8672281375257,0.570960283279419,0.03706113289860373
0.044722702457175516,2.827270371059065,34.8,15.249020051737874,405.2,-316.0415996015072,714.8592576373192,0.5738430500030518,0.03675502318773681
0.04637662485989634,2.827270371059065,30.6,14.622396008540273,409.4,-84.86328576803207,191.61543599646296,0.5749861061573028,0.036635272045085515
0.04803054726261717,2.827270371059065,26.3,14.660647911569983,413.7,-1.12872171998024,2.4236052640150563,0.5783822715282441,0.035124756845492135
0.049684469665337995,2.827270371059065,22.3,13.121594908429861,417.7,-1.6324123680591582,3.5841506798539293,0.5803797781467438,0.036467167582126536
0.051338392068058826,2.827270371059065,16.4,13.152541343619191,423.6,-6.943431454896927,11.030928710395388,0.5807040870189667,0.037266899196217576
0.05299231447077965,2.827270371059065,14.0,13.378852978868153,426.0,-2.1467232167720796,4.707739411663805,0.5824769794940948,0.038325093125832675
0.054646236873500474,2.827270371059065,12.2,11.835500200929506,427.8,-2.1546960413455962,4.705717177076739,0.5837982773780823,0.0375791650716736
0.056300159276221305,2.827270371059065,7.4,7.171034241722803,432.6,-3.0672848522663116,4.954268725497548,0.5854617774486541,0.03497739189434379
0.05795408167894213,2.827270371059065,3.2,3.721689707608231,436.8,-11.023627412319183,24.83765532757516,0.5872190654277801,0.03133536934443347
0.05960800408166296,2.827270371059065,1.9,3.6076501527873415,438.1,-151.58073118925094,342.8211576686271,0.5879509270191192,0.03107837890918194
0.061261926484383784,2.827270371059065,1.9,3.6076501527873415,438.1,-151.58073118925094,342.8211576686271,0.5879509270191192,0.03107837890918194
0.06291584888710461,2.827270371059065,0.6,1.3572942977124596,439.4,-19.967184448242186,45.16890932162005,0.5845927894115448,0.0365695005067372
0.06456977128982544,2.827270371059065,0.1,0.2262157162854099,439.9,0.0,0.0,0.5850649774074554,0.03581232503029039
6.679758371319622e-05,2.9006963608815814,440.7,0.34555021442218187,-0.6999999999999886,0.5851635694503784,0.03565623725107814,0.0,0.0
0.001720719986434023,2.9006963608815814,371.9,9.85157251958161,68.10000000000002,0.6029881238937378,0.05551716455852306,0.14980297088623046,0.10822113764467102
0.0033746423891548496,2.9006963608815814,293.0,20.00442859226813,147.0,0.621554833650589,0.10904615837941646,0.2531305730342865,0.07972745460835456
0.005028564791875676,2.9006963608815814,237.7,22.774504340054637,202.3,0.6054857671260834,0.17426364933747993,0.34683794975280763,0.0937790512170902
0.006682487194596503,2.9006963608815814,198.5,23.77896761855515,241.5,0.5109345972537994,0.2265659292005237,0.42266627550125124,0.06903865588983983
0.00833640959731733,2.9006963608815814,167.8,18.42049820588116,272.2,0.39960368871688845,0.25800379810717583,0.4604406118392944,0.06033519174244823
0.009990332000038156,2.9006963608815814,147.8,17.525189784069386,292.2,0.28797538876533507,0.2710712334050472,0.48627633452415464,0.04822119634607438
0.011644254402758982,2.9006963608815814,137.4,13.366947812733343,302.6,0.2420128345489502,0.268664925731896,0.49801538586616517,0.04255954247862626
0.01329817680547981,2.9006963608815814,129.8,10.420120048488322,310.2,0.12439377903938294,0.24388617926895398,0.5039674639701843,0.03757478479189181
0.014952099208200637,2.9006963608815814,122.3,9.448550230792467,317.7,-0.021103960275650025,0.07972289511243157,0.5123920500278473,0.03525654284577118
0.016606021610921465,2.9006963608815814,115.1,9.095322260706858,324.9,-0.023065942525863647,0.076835807487419,0.5211100161075592,0.037239661519103996
0.01825994401364229,2.9006963608815814,111.7,8.329122183596084,328.3,-0.02488597631454468,0.07583067541733231,0.5225339114665986,0.03957570346744546
0.019913866416363116,2.9006963608815814,106.3,8.644019283876771,333.7,-0.015789353847503663,0.06591928069243537,0.5273666262626648,0.039390902618936074
0.021567788819083944,2.9006963608815814,102.0,10.382948166125926,338.0,-0.002736431360244751,0.05763160127987665,0.5309905409812927,0.03960821300547747
0.023221711221804768,2.9006963608815814,99.2,10.716036900874562,340.8,-0.0005867362022399902,0.05847455280304521,0.5320198655128479,0.039525753711665654
0.024875633624525596,2.9006963608815814,94.2,9.536899743808894,345.8,-0.0006796956062316894,0.058777518147031194,0.534619128704071,0.03997379369235456
0.026529556027246423,2.9006963608815814,89.8,9.295358879423778,350.2,-0.0011847257614135743,0.0597062813697819,0.5392873048782348,0.03836476011641582
0.02818347842996725,2.9006963608815814,79.4,13.577969062457802,360.6,-0.009611999988555909,0.06304982001670116,0.5465718924999237,0.03919528832309979
0.029837400832688078,2.9006963608815814,73.0,17.303818327851097,367.0,-0.016200178861618043,0.0637143405404722,0.5473977327346802,0.03931263292628072
0.0314913232354089,2.9006963608815814,69.9,17.890121335307736,370.1,-0.023728734254837035,0.0604905666884792,0.5508962213993073,0.03969146165597781
0.03314524563812973,2.9006963608815814,67.3,17.005678599056377,372.7,-0.02559353709220886,0.058513283882471866,0.5531729221343994,0.03941073746961899
0.03479916804085056,2.9006963608815814,62.5,15.62999818157414,377.5,-0.03647581338882446,0.07743593847939255,0.5575168550014495,0.03782837495982768
0.03645309044357138,2.9006963608815814,58.5,15.864695969307222,381.5,-0.025781410932540893,0.08594778271940683,0.5574356138706207,0.035959807496498436
0.03810701284629221,2.9006963608815814,54.4,14.391144638004286,385.6,-0.03314548134803772,0.0882903150857825,0.5596294343471527,0.03619761375571683
0.03976093524901304,2.9006963608815814,50.6,13.974200081718179,389.4,-0.022328442335128783,0.0895757990572262,0.561886340379715,0.035606126946018495
0.04141485765173386,2.9006963608815814,45.8,13.655636831478596,394.2,-1.2582798600196838,2.850731942618267,0.5649955868721008,0.03507686172779927
0.04306878005445469,2.9006963608815814,38.5,14.746496499221466,401.5,-316.00987632870675,714.8672281375257,0.570960283279419,0.03706113289860373
0.044722702457175516,2.9006963608815814,34.8,15.249020051737874,405.2,-316.0415996015072,714.8592576373192,0.5738430500030518,0.03675502318773681
0.04637662485989634,2.9006963608815814,30.6,14.622396008540273,409.4,-84.86328576803207,191.61543599646296,0.5749861061573028,0.036635272045085515
0.04803054726261717,2.9006963608815814,26.3,14.660647911569983,413.7,-1.12872171998024,2.4236052640150563,0.5783822715282441,0.035124756845492135
0.049684469665337995,2.9006963608815814,22.3,13.121594908429861,417.7,-1.6324123680591582,3.5841506798539293,0.5803797781467438,0.036467167582126536
0.051338392068058826,2.9006963608815814,16.4,13.152541343619191,423.6,-6.943431454896927,11.030928710395388,0.5807040870189667,0.037266899196217576
0.05299231447077965,2.9006963608815814,14.0,13.378852978868153,426.0,-2.1467232167720796,4.707739411663805,0.5824769794940948,0.038325093125832675
0.054646236873500474,2.9006963608815814,12.2,11.835500200929506,427.8,-2.1546960413455962,4.705717177076739,0.5837982773780823,0.0375791650716736
0.056300159276221305,2.9006963608815814,7.4,7.171034241722803,432.6,-3.0672848522663116,4.954268725497548,0.5854617774486541,0.03497739189434379
0.05795408167894213,2.9006963608815814,3.2,3.721689707608231,436.8,-11.023627412319183,24.83765532757516,0.5872190654277801,0.03133536934443347
0.05960800408166296,2.9006963608815814,1.9,3.6076501527873415,438.1,-151.58073118925094,342.8211576686271,0.5879509270191192,0.03107837890918194
0.061261926484383784,2.9006963608815814,1.9,3.6076501527873415,438.1,-151.58073118925094,342.8211576686271,0.5879509270191192,0.03107837890918194
0.06291584888710461,2.9006963608815814,0.6,1.3572942977124596,439.4,-19.967184448242186,45.16890932162005,0.5845927894115448,0.0365695005067372
0.06456977128982544,2.9006963608815814,0.1,0.2262157162854099,439.9,0.0,0.0,0.5850649774074554,0.03581232503029039
