rho_th,IA_th,count_in,count_in_CI,count_out,r2_in,r2in_CI,r2_out,r2out_CI
0.0989258661866188,0.5812545611832358,0.7,1.5835100139978697,439.3,-404.8591064453125,915.8549275919738,0.584508889913559,0.0359590358978975
0.11320389807224274,0.5812545611832358,0.7,1.5835100139978697,439.3,-404.8591064453125,915.8549275919738,0.584508889913559,0.0359590358978975
0.12748192995786667,0.5812545611832358,0.7,1.5835100139978697,439.3,-404.8591064453125,915.8549275919738,0.584508889913559,0.0359590358978975
0.1417599618434906,0.5812545611832358,0.7,1.5835100139978697,439.3,-404.8591064453125,915.8549275919738,0.584508889913559,0.0359590358978975
0.15603799372911453,0.5812545611832358,0.7,1.5835100139978697,439.3,-404.8591064453125,915.8549275919738,0.584508889913559,0.0359590358978975
0.17031602561473846,0.5812545611832358,0.7,1.5835100139978697,439.3,-404.8591064453125,915.8549275919738,0.584508889913559,0.0359590358978975
0.1845940575003624,0.5812545611832358,0.7,1.5835100139978697,439.3,-404.8591064453125,915.8549275919738,0.584508889913559,0.0359590358978975
0.19887208938598633,0.5812545611832358,0.7,1.5835100139978697,439.3,-404.8591064453125,915.8549275919738,0.584508889913559,0.0359590358978975
0.21315012127161026,0.5812545611832358,0.7,1.5835100139978697,439.3,-404.8591064453125,915.8549275919738,0.584508889913559,0.0359590358978975
0.2274281531572342,0.5812545611832358,0.7,1.5835100139978697,439.3,-404.8591064453125,915.8549275919738,0.584508889913559,0.0359590358978975
0.24170618504285812,0.5812545611832358,0.7,1.5835100139978697,439.3,-404.8591064453125,915.8549275919738,0.584508889913559,0.0359590358978975
0.25598421692848206,0.5812545611832358,0.7,1.5835100139978697,439.3,-404.8591064453125,915.8549275919738,0.584508889913559,0.0359590358978975
0.270262248814106,0.5812545611832358,0.7,1.5835100139978697,439.3,-404.8591064453125,915.8549275919738,0.584508889913559,0.0359590358978975
0.2845402806997299,0.5812545611832358,0.7,1.5835100139978697,439.3,-404.8591064453125,915.8549275919738,0.584508889913559,0.0359590358978975
0.29881831258535385,0.5812545611832358,0.7,1.5835100139978697,439.3,-404.8591064453125,915.8549275919738,0.584508889913559,0.0359590358978975
0.3130963444709778,0.5812545611832358,0.7,1.5835100139978697,439.3,-404.8591064453125,915.8549275919738,0.584508889913559,0.0359590358978975
0.3273743763566017,0.5812545611832358,0.7,1.5835100139978697,439.3,-404.8591064453125,915.8549275919738,0.584508889913559,0.0359590358978975
0.34165240824222565,0.5812545611832358,0.7,1.5835100139978697,439.3,-404.8591064453125,915.8549275919738,0.584508889913559,0.0359590358978975
0.3559304401278496,0.5812545611832358,0.7,1.5835100139978697,439.3,-404.8591064453125,915.8549275919738,0.584508889913559,0.0359590358978975
0.3702084720134735,0.5812545611832358,0.7,1.5835100139978697,439.3,-404.8591064453125,915.8549275919738,0.584508889913559,0.0359590358978975
0.38448650389909744,0.5812545611832358,0.7,1.5835100139978697,439.3,-404.8591064453125,915.8549275919738,0.584508889913559,0.0359590358978975
0.3987645357847214,0.5812545611832358,0.7,1.5835100139978697,439.3,-404.8591064453125,915.8549275919738,0.584508889913559,0.0359590358978975
0.4130425676703453,0.5812545611832358,0.7,1.5835100139978697,439.3,-404.8591064453125,915.8549275919738,0.584508889913559,0.0359590358978975
0.42732059955596924,0.5812545611832358,0.7,1.5835100139978697,439.3,-404.8591064453125,915.8549275919738,0.584508889913559,0.0359590358978975
0.44159863144159317,0.5812545611832358,0.7,1.5835100139978697,439.3,-404.8591064453125,915.8549275919738,0.584508889913559,0.0359590358978975
0.4558766633272171,0.5812545611832358,0.7,1.5835100139978697,439.3,-404.8591064453125,915.8549275919738,0.584508889913559,0.0359590358978975
0.47015469521284103,0.5812545611832358,0.0,0.0,440.0,0.0,0.0,0.5851635694503784,0.03565623725107814
0.48443272709846497,0.5812545611832358,0.0,0.0,440.0,0.0,0.0,0.5851635694503784,0.03565623725107814
0.4987107589840889,0.5812545611832358,0.0,0.0,440.0,0.0,0.0,0.5851635694503784,0.03565623725107814
0.5129887908697128,0.5812545611832358,0.0,0.0,440.0,0.0,0.0,0.5851635694503784,0.03565623725107814
0.5272668227553368,0.5812545611832358,0.0,0.0,440.0,0.0,0.0,0.5851635694503784,0.03565623725107814
0.5415448546409607,0.5812545611832358,0.0,0.0,440.0,0.0,0.0,0.5851635694503784,0.03565623725107814
0.5558228865265846,0.5812545611832358,0.0,0.0,440.0,0.0,0.0,0.5851635694503784,0.03565623725107814
0.5701009184122086,0.5812545611832358,0.0,0.0,440.0,0.0,0.0,0.5851635694503784,0.03565623725107814
0.5843789502978325,0.5812545611832358,0.0,0.0,440.0,0.0,0.0,0.5851635694503784,0.03565623725107814
0.5986569821834564,0.5812545611832358,0.0,0.0,440.0,0.0,0.0,0.5851635694503784,0.03565623725107814
0.6129350140690804,0.5812545611832358,0.0,0.0,440.0,0.0,0.0,0.5851635694503784,0.03565623725107814
0.6272130459547043,0.5812545611832358,0.0,0.0,440.0,0.0,0.0,0.5851635694503784,0.03565623725107814
0.6414910778403282,0.5812545611832358,0.0,0.0,440.0,0.0,0.0,0.5851635694503784,0.03565623725107814
0.6557691097259521,0.5812545611832358,0.0,0.0,440.0,0.0,0.0,0.5851635694503784,0.03565623725107814
0.0989258661866188,0.5986493165421934,43.7,50.79655313897233,396.3,-0.003217470645904541,0.026621209087778045,0.5621971428394318,0.04425225996994525
0.11320389807224274,0.5986493165421934,43.7,50.79655313897233,396.3,-0.003217470645904541,0.026621209087778045,0.5621971428394318,0.04425225996994525
0.12748192995786667,0.5986493165421934,43.7,50.79655313897233,396.3,-0.003217470645904541,0.026621209087778045,0.5621971428394318,0.04425225996994525
0.1417599618434906,0.5986493165421934,43.7,50.79655313897233,396.3,-0.003217470645904541,0.026621209087778045,0.5621971428394318,0.04425225996994525
0.15603799372911453,0.5986493165421934,43.7,50.79655313897233,396.3,-0.003217470645904541,0.026621209087778045,0.5621971428394318,0.04425225996994525
0.17031602561473846,0.5986493165421934,43.7,50.79655313897233,396.3,-0.003217470645904541,0.026621209087778045,0.5621971428394318,0.04425225996994525
0.1845940575003624,0.5986493165421934,43.7,50.79655313897233,396.3,-0.003217470645904541,0.026621209087778045,0.5621971428394318,0.04425225996994525
0.19887208938598633,0.5986493165421934,43.7,50.79655313897233,396.3,-0.003217470645904541,0.026621209087778045,0.5621971428394318,0.04425225996994525
0.21315012127161026,0.5986493165421934,43.7,50.79655313897233,396.3,-0.003217470645904541,0.026621209087778045,0.5621971428394318,0.04425225996994525
0.2274281531572342,0.5986493165421934,43.7,50.79655313897233,396.3,-0.003217470645904541,0.026621209087778045,0.5621971428394318,0.04425225996994525
0.24170618504285812,0.5986493165421934,43.7,50.79655313897233,396.3,-0.003217470645904541,0.026621209087778045,0.5621971428394318,0.04425225996994525
0.25598421692848206,0.5986493165421934,43.7,50.79655313897233,396.3,-0.003217470645904541,0.026621209087778045,0.5621971428394318,0.04425225996994525
0.270262248814106,0.5986493165421934,43.7,50.79655313897233,396.3,-0.003217470645904541,0.026621209087778045,0.5621971428394318,0.04425225996994525
0.2845402806997299,0.5986493165421934,43.7,50.79655313897233,396.3,-0.003217470645904541,0.026621209087778045,0.5621971428394318,0.04425225996994525
0.29881831258535385,0.5986493165421934,43.7,50.79655313897233,396.3,-0.003217470645904541,0.026621209087778045,0.5621971428394318,0.04425225996994525
0.3130963444709778,0.5986493165421934,43.7,50.79655313897233,396.3,-0.003217470645904541,0.026621209087778045,0.5621971428394318,0.04425225996994525
0.3273743763566017,0.5986493165421934,43.7,50.79655313897233,396.3,-0.003217470645904541,0.026621209087778045,0.5621971428394318,0.04425225996994525
0.34165240824222565,0.5986493165421934,43.7,50.79655313897233,396.3,-0.003217470645904541,0.026621209087778045,0.5621971428394318,0.04425225996994525
0.3559304401278496,0.5986493165421934,43.7,50.79655313897233,396.3,-0.003217470645904541,0.026621209087778045,0.5621971428394318,0.04425225996994525
0.3702084720134735,0.5986493165421934,43.7,50.79655313897233,396.3,-0.003217470645904541,0.026621209087778045,0.5621971428394318,0.04425225996994525
0.38448650389909744,0.5986493165421934,43.7,50.79655313897233,396.3,-0.003217470645904541,0.026621209087778045,0.5621971428394318,0.04425225996994525
0.3987645357847214,0.5986493165421934,43.7,50.79655313897233,396.3,-0.003217470645904541,0.026621209087778045,0.5621971428394318,0.04425225996994525
0.4130425676703453,0.5986493165421934,43.7,50.79655313897233,396.3,-0.003217470645904541,0.026621209087778045,0.5621971428394318,0.04425225996994525
0.42732059955596924,0.5986493165421934,43.7,50.79655313897233,396.3,-0.003217470645904541,0.026621209087778045,0.5621971428394318,0.04425225996994525
0.44159863144159317,0.5986493165421934,43.7,50.79655313897233,396.3,-0.003217470645904541,0.026621209087778045,0.5621971428394318,0.04425225996994525
0.4558766633272171,0.5986493165421934,43.7,50.79655313897233,396.3,-0.003217470645904541,0.026621209087778045,0.5621971428394318,0.04425225996994525
0.47015469521284103,0.5986493165421934,40.4,46.673589109233575,399.6,-0.0059326171875,0.030327603016369317,0.568082469701767,0.040881361634263216
0.48443272709846497,0.5986493165421934,25.9,31.87858471448864,414.1,-0.019067853689193726,0.04699172673532738,0.5756891191005706,0.04380120894932224
0.4987107589840889,0.5986493165421934,6.7,12.24284806785791,433.3,-0.004436016082763672,0.015974338040547282,0.5867943584918975,0.03549763914257432
0.5129887908697128,0.5986493165421934,0.0,0.0,440.0,0.0,0.0,0.5851635694503784,0.03565623725107814
0.5272668227553368,0.5986493165421934,0.0,0.0,440.0,0.0,0.0,0.5851635694503784,0.03565623725107814
0.5415448546409607,0.5986493165421934,0.0,0.0,440.0,0.0,0.0,0.5851635694503784,0.03565623725107814
0.5558228865265846,0.5986493165421934,0.0,0.0,440.0,0.0,0.0,0.5851635694503784,0.03565623725107814
0.5701009184122086,0.5986493165421934,0.0,0.0,440.0,0.0,0.0,0.5851635694503784,0.03565623725107814
0.5843789502978325,0.5986493165421934,0.0,0.0,440.0,0.0,0.0,0.5851635694503784,0.03565623725107814
0.5986569821834564,0.5986493165421934,0.0,0.0,440.0,0.0,0.0,0.5851635694503784,0.03565623725107814
0.6129350140690804,0.5986493165421934,0.0,0.0,440.0,0.0,0.0,0.5851635694503784,0.03565623725107814
0.6272130459547043,0.5986493165421934,0.0,0.0,440.0,0.0,0.0,0.5851635694503784,0.03565623725107814
0.6414910778403282,0.5986493165421934,0.0,0.0,440.0,0.0,0.0,0.5851635694503784,0.03565623725107814
0.6557691097259521,0.5986493165421934,0.0,0.0,440.0,0.0,0.0,0.5851635694503784,0.03565623725107814
0.0989258661866188,0.6160440719011512,60.8,64.15900281247475,379.2,-0.037541943788528445,0.09051637111545695,0.5582082688808441,0.04821569180955915
0.11320389807224274,0.6160440719011512,60.8,64.15900281247475,379.2,-0.037541943788528445,0.09051637111545695,0.5582082688808441,0.04821569180955915
0.12748192995786667,0.6160440719011512,60.8,64.15900281247475,379.2,-0.037541943788528445,0.09051637111545695,0.5582082688808441,0.04821569180955915
0.1417599618434906,0.6160440719011512,60.8,64.15900281247475,379.2,-0.037541943788528445,0.09051637111545695,0.5582082688808441,0.04821569180955915
0.15603799372911453,0.6160440719011512,60.8,64.15900281247475,379.2,-0.037541943788528445,0.09051637111545695,0.5582082688808441,0.04821569180955915
0.17031602561473846,0.6160440719011512,60.8,64.15900281247475,379.2,-0.037541943788528445,0.09051637111545695,0.5582082688808441,0.04821569180955915
0.1845940575003624,0.6160440719011512,60.8,64.15900281247475,379.2,-0.037541943788528445,0.09051637111545695,0.5582082688808441,0.04821569180955915
0.19887208938598633,0.6160440719011512,60.8,64.15900281247475,379.2,-0.037541943788528445,0.09051637111545695,0.5582082688808441,0.04821569180955915
0.21315012127161026,0.6160440719011512,60.8,64.15900281247475,379.2,-0.037541943788528445,0.09051637111545695,0.5582082688808441,0.04821569180955915
0.2274281531572342,0.6160440719011512,60.8,64.15900281247475,379.2,-0.037541943788528445,0.09051637111545695,0.5582082688808441,0.04821569180955915
0.24170618504285812,0.6160440719011512,60.8,64.15900281247475,379.2,-0.037541943788528445,0.09051637111545695,0.5582082688808441,0.04821569180955915
0.25598421692848206,0.6160440719011512,60.8,64.15900281247475,379.2,-0.037541943788528445,0.09051637111545695,0.5582082688808441,0.04821569180955915
0.270262248814106,0.6160440719011512,60.8,64.15900281247475,379.2,-0.037541943788528445,0.09051637111545695,0.5582082688808441,0.04821569180955915
0.2845402806997299,0.6160440719011512,60.8,64.15900281247475,379.2,-0.037541943788528445,0.09051637111545695,0.5582082688808441,0.04821569180955915
0.29881831258535385,0.6160440719011512,60.8,64.15900281247475,379.2,-0.037541943788528445,0.09051637111545695,0.5582082688808441,0.04821569180955915
0.3130963444709778,0.6160440719011512,60.8,64.15900281247475,379.2,-0.037541943788528445,0.09051637111545695,0.5582082688808441,0.04821569180955915
0.3273743763566017,0.6160440719011512,60.8,64.15900281247475,379.2,-0.037541943788528445,0.09051637111545695,0.5582082688808441,0.04821569180955915
0.34165240824222565,0.6160440719011512,60.8,64.15900281247475,379.2,-0.037541943788528445,0.09051637111545695,0.5582082688808441,0.04821569180955915
0.3559304401278496,0.6160440719011512,60.8,64.15900281247475,379.2,-0.037541943788528445,0.09051637111545695,0.5582082688808441,0.04821569180955915
0.3702084720134735,0.6160440719011512,60.8,64.15900281247475,379.2,-0.037541943788528445,0.09051637111545695,0.5582082688808441,0.04821569180955915
0.38448650389909744,0.6160440719011512,60.8,64.15900281247475,379.2,-0.037541943788528445,0.09051637111545695,0.5582082688808441,0.04821569180955915
0.3987645357847214,0.6160440719011512,60.5,63.78610221017234,379.5,-0.03788047432899475,0.09044076419303095,0.5583191215991974,0.0481625704084049
0.4130425676703453,0.6160440719011512,60.2,63.41827143928839,379.8,-0.037883156538009645,0.09044019079234286,0.5591493666172027,0.047804671411572665
0.42732059955596924,0.6160440719011512,60.0,63.1759112793055,380.0,-0.037764960527420045,0.09046584136175573,0.5585659801959991,0.048048765571655015
0.44159863144159317,0.6160440719011512,59.5,62.580215518081545,380.5,-0.03778946995735168,0.09046045804297653,0.5586825549602509,0.04799718797188602
0.4558766633272171,0.6160440719011512,57.8,60.66893892581102,382.2,-0.03876294493675232,0.0902739219043752,0.5578448355197907,0.04839855620726165
0.47015469521284103,0.6160440719011512,53.5,55.96089947252049,386.5,-0.04343340992927551,0.09007064896733374,0.5648976147174836,0.046745141537617156
0.48443272709846497,0.6160440719011512,34.9,44.60071673189407,405.1,-0.009923732280731202,0.038935121993131136,0.5758244931697846,0.0462254632127872
0.4987107589840889,0.6160440719011512,12.6,20.78833678501476,427.4,-0.005122828483581543,0.009705895121291228,0.5898098766803741,0.03501816455123059
0.5129887908697128,0.6160440719011512,0.0,0.0,440.0,0.0,0.0,0.5851635694503784,0.03565623725107814
0.5272668227553368,0.6160440719011512,0.0,0.0,440.0,0.0,0.0,0.5851635694503784,0.03565623725107814
0.5415448546409607,0.6160440719011512,0.0,0.0,440.0,0.0,0.0,0.5851635694503784,0.03565623725107814
0.5558228865265846,0.6160440719011512,0.0,0.0,440.0,0.0,0.0,0.5851635694503784,0.03565623725107814
0.5701009184122086,0.6160440719011512,0.0,0.0,440.0,0.0,0.0,0.5851635694503784,0.03565623725107814
0.5843789502978325,0.6160440719011512,0.0,0.0,440.0,0.0,0.0,0.5851635694503784,0.03565623725107814
0.5986569821834564,0.6160440719011512,0.0,0.0,440.0,0.0,0.0,0.5851635694503784,0.03565623725107814
0.6129350140690804,0.6160440719011512,0.0,0.0,440.0,0.0,0.0,0.5851635694503784,0.03565623725107814
0.6272130459547043,0.6160440719011512,0.0,0.0,440.0,0.0,0.0,0.5851635694503784,0.03565623725107814
0.6414910778403282,0.6160440719011512,0.0,0.0,440.0,0.0,0.0,0.5851635694503784,0.03565623725107814
0.6557691097259521,0.6160440719011512,0.0,0.0,440.0,0.0,0.0,0.5851635694503784,0.03565623725107814
0.0989258661866188,0.6334388272601088,105.4,72.41510216094905,334.6,0.021224409341812134,0.03386421116906349,0.5299756705760956,0.06158441036602112
0.11320389807224274,0.6334388272601088,105.4,72.41510216094905,334.6,0.021224409341812134,0.03386421116906349,0.5299756705760956,0.06158441036602112
0.12748192995786667,0.6334388272601088,105.4,72.41510216094905,334.6,0.021224409341812134,0.03386421116906349,0.5299756705760956,0.06158441036602112
0.1417599618434906,0.6334388272601088,105.4,72.41510216094905,334.6,0.021224409341812134,0.03386421116906349,0.5299756705760956,0.06158441036602112
0.15603799372911453,0.6334388272601088,105.4,72.41510216094905,334.6,0.021224409341812134,0.03386421116906349,0.5299756705760956,0.06158441036602112
0.17031602561473846,0.6334388272601088,105.4,72.41510216094905,334.6,0.021224409341812134,0.03386421116906349,0.5299756705760956,0.06158441036602112
0.1845940575003624,0.6334388272601088,105.4,72.41510216094905,334.6,0.021224409341812134,0.03386421116906349,0.5299756705760956,0.06158441036602112
0.19887208938598633,0.6334388272601088,105.4,72.41510216094905,334.6,0.021224409341812134,0.03386421116906349,0.5299756705760956,0.06158441036602112
0.21315012127161026,0.6334388272601088,105.4,72.41510216094905,334.6,0.021224409341812134,0.03386421116906349,0.5299756705760956,0.06158441036602112
0.2274281531572342,0.6334388272601088,105.4,72.41510216094905,334.6,0.021224409341812134,0.03386421116906349,0.5299756705760956,0.06158441036602112
0.24170618504285812,0.6334388272601088,105.4,72.41510216094905,334.6,0.021224409341812134,0.03386421116906349,0.5299756705760956,0.06158441036602112
0.25598421692848206,0.6334388272601088,105.4,72.41510216094905,334.6,0.021224409341812134,0.03386421116906349,0.5299756705760956,0.06158441036602112
0.270262248814106,0.6334388272601088,105.4,72.41510216094905,334.6,0.021224409341812134,0.03386421116906349,0.5299756705760956,0.06158441036602112
0.2845402806997299,0.6334388272601088,105.4,72.41510216094905,334.6,0.021224409341812134,0.03386421116906349,0.5299756705760956,0.06158441036602112
0.29881831258535385,0.6334388272601088,105.4,72.41510216094905,334.6,0.021224409341812134,0.03386421116906349,0.5299756705760956,0.06158441036602112
0.3130963444709778,0.6334388272601088,105.4,72.41510216094905,334.6,0.021224409341812134,0.03386421116906349,0.5299756705760956,0.06158441036602112
0.3273743763566017,0.6334388272601088,105.3,72.31912779514656,334.7,0.021244579553604127,0.033866252999158804,0.5303213834762573,0.061431142797850176
0.34165240824222565,0.6334388272601088,105.3,72.31912779514656,334.7,0.021244579553604127,0.033866252999158804,0.5303213834762573,0.061431142797850176
0.3559304401278496,0.6334388272601088,105.1,72.12892439578324,334.9,0.021408933401107787,0.03388517604370651,0.5310281038284301,0.06114776166234838
0.3702084720134735,0.6334388272601088,104.6,71.66370442809674,335.4,0.02025117874145508,0.033838727595832306,0.5314979493618012,0.060981832679169345
0.38448650389909744,0.6334388272601088,102.9,70.19531147383526,337.1,0.018469619750976562,0.03416161956621021,0.5333916187286377,0.06049803439189466
0.3987645357847214,0.6334388272601088,102.5,69.8760863375404,337.5,0.01812164783477783,0.03427968592060689,0.5337499380111694,0.06044022462357847
0.4130425676703453,0.6334388272601088,102.2,69.64342289918392,337.8,0.01811896562576294,0.03428066461106716,0.5345801830291748,0.060347916929016664
0.42732059955596924,0.6334388272601088,102.0,69.49156324902305,338.0,0.01823716163635254,0.03423853077504157,0.5339967966079712,0.06040669353973759
0.44159863144159317,0.6334388272601088,101.5,69.12341109384916,338.5,0.018212652206420897,0.03424710046192022,0.5341133713722229,0.06039264759681626
0.4558766633272171,0.6334388272601088,99.4,67.65762098348839,340.6,0.017221349477767944,0.03464776807083183,0.5348453044891357,0.058458180417852015
0.47015469521284103,0.6334388272601088,93.7,63.49644978386089,346.3,0.01273224949836731,0.03792049116164873,0.5404324948787689,0.059268024382531356
0.48443272709846497,0.6334388272601088,71.2,51.1376514444157,368.8,0.004119867086410522,0.04987278369206335,0.5590670108795166,0.04449784568193858
0.4987107589840889,0.6334388272601088,36.5,34.11993316889983,403.5,0.010050445795059204,0.03084425708017092,0.5791658401489258,0.0322949703154542
0.5129887908697128,0.6334388272601088,12.5,18.858094940814087,427.5,0.00473436713218689,0.014603922308252606,0.5820166051387787,0.03778803983371871
0.5272668227553368,0.6334388272601088,0.0,0.0,440.0,0.0,0.0,0.5851635694503784,0.03565623725107814
0.5415448546409607,0.6334388272601088,0.0,0.0,440.0,0.0,0.0,0.5851635694503784,0.03565623725107814
0.5558228865265846,0.6334388272601088,0.0,0.0,440.0,0.0,0.0,0.5851635694503784,0.03565623725107814
0.5701009184122086,0.6334388272601088,0.0,0.0,440.0,0.0,0.0,0.5851635694503784,0.03565623725107814
0.5843789502978325,0.6334388272601088,0.0,0.0,440.0,0.0,0.0,0.5851635694503784,0.03565623725107814
0.5986569821834564,0.6334388272601088,0.0,0.0,440.0,0.0,0.0,0.5851635694503784,0.03565623725107814
0.6129350140690804,0.6334388272601088,0.0,0.0,440.0,0.0,0.0,0.5851635694503784,0.03565623725107814
0.6272130459547043,0.6334388272601088,0.0,0.0,440.0,0.0,0.0,0.5851635694503784,0.03565623725107814
0.6414910778403282,0.6334388272601088,0.0,0.0,440.0,0.0,0.0,0.5851635694503784,0.03565623725107814
0.6557691097259521,0.6334388272601088,0.0,0.0,440.0,0.0,0.0,0.5851635694503784,0.03565623725107814
0.0989258661866188,0.6508335826190665,134.0,83.28371224867466,306.0,0.03494749069213867,0.0374561143244506,0.5126964092254639,0.06256329428159026
0.11320389807224274,0.6508335826190665,134.0,83.28371224867466,306.0,0.03494749069213867,0.0374561143244506,0.5126964092254639,0.06256329428159026
0.12748192995786667,0.6508335826190665,134.0,83.28371224867466,306.0,0.03494749069213867,0.0374561143244506,0.5126964092254639,0.06256329428159026
0.1417599618434906,0.6508335826190665,134.0,83.28371224867466,306.0,0.03494749069213867,0.0374561143244506,0.5126964092254639,0.06256329428159026
0.15603799372911453,0.6508335826190665,134.0,83.28371224867466,306.0,0.03494749069213867,0.0374561143244506,0.5126964092254639,0.06256329428159026
0.17031602561473846,0.6508335826190665,134.0,83.28371224867466,306.0,0.03494749069213867,0.0374561143244506,0.5126964092254639,0.06256329428159026
0.1845940575003624,0.6508335826190665,134.0,83.28371224867466,306.0,0.03494749069213867,0.0374561143244506,0.5126964092254639,0.06256329428159026
0.19887208938598633,0.6508335826190665,134.0,83.28371224867466,306.0,0.03494749069213867,0.0374561143244506,0.5126964092254639,0.06256329428159026
0.21315012127161026,0.6508335826190665,134.0,83.28371224867466,306.0,0.03494749069213867,0.0374561143244506,0.5126964092254639,0.06256329428159026
0.2274281531572342,0.6508335826190665,134.0,83.28371224867466,306.0,0.03494749069213867,0.0374561143244506,0.5126964092254639,0.06256329428159026
0.24170618504285812,0.6508335826190665,134.0,83.28371224867466,306.0,0.03494749069213867,0.0374561143244506,0.5126964092254639,0.06256329428159026
0.25598421692848206,0.6508335826190665,134.0,83.28371224867466,306.0,0.03494749069213867,0.0374561143244506,0.5126964092254639,0.06256329428159026
0.270262248814106,0.6508335826190665,133.7,83.08141541690505,306.3,0.0340120255947113,0.03743445302036837,0.5110408663749695,0.06292297881311971
0.2845402806997299,0.6508335826190665,133.5,82.94936144630745,306.5,0.03434800505638123,0.03742846773475971,0.5119768500328064,0.06269239821571918
0.29881831258535385,0.6508335826190665,133.5,82.94936144630745,306.5,0.03434800505638123,0.03742846773475971,0.5119768500328064,0.06269239821571918
0.3130963444709778,0.6508335826190665,133.4,82.88418168346689,306.6,0.033595573902130124,0.03746327801245678,0.511125385761261,0.06289926468254955
0.3273743763566017,0.6508335826190665,133.3,82.81956851750876,306.7,0.03361574411392212,0.03746133649034726,0.5114710986614227,0.06280823216392684
0.34165240824222565,0.6508335826190665,133.3,82.81956851750876,306.7,0.03361574411392212,0.03746133649034726,0.5114710986614227,0.06280823216392684
0.3559304401278496,0.6508335826190665,133.1,82.69204727726151,306.9,0.03378009796142578,0.037447584769718316,0.5121778190135956,0.06265211079556655
0.3702084720134735,0.6508335826190665,132.6,82.3832515798052,307.4,0.03262234330177307,0.03762264809487484,0.5126476645469665,0.06257071138818733
0.38448650389909744,0.6508335826190665,130.9,81.44216110666606,309.1,0.030840784311294556,0.03824243764952716,0.5145413339138031,0.06242527966910606
0.3987645357847214,0.6508335826190665,130.2,81.01611281699336,309.8,0.030570626258850098,0.03845371274873169,0.5143244385719299,0.06305304779504212
0.4130425676703453,0.6508335826190665,129.7,80.72309547120351,310.3,0.030546051263809205,0.038443186372265695,0.5157836496829986,0.062426587172183814
0.42732059955596924,0.6508335826190665,127.2,78.99921526267428,312.8,0.029769325256347658,0.03794155316315111,0.5129750847816468,0.06761600220659429
0.44159863144159317,0.6508335826190665,122.3,75.7746115001321,317.7,0.028341120481491087,0.03633667033998983,0.5126075088977814,0.07107272821577525
0.4558766633272171,0.6508335826190665,118.0,73.29373692149632,322.0,0.026665037870407103,0.03671536994304883,0.5141038298606873,0.0669757550506926
0.47015469521284103,0.6508335826190665,111.3,69.72277623508853,328.7,0.022712886333465576,0.040703604528445424,0.5215981185436249,0.06720411530744663
0.48443272709846497,0.6508335826190665,88.0,61.54194761947197,352.0,0.014909714460372925,0.053585416581179116,0.5420997083187103,0.05620430125227054
0.4987107589840889,0.6508335826190665,52.5,52.37408180137526,387.5,0.01969190835952759,0.03399892028523707,0.5673235177993774,0.045232187349053474
0.5129887908697128,0.6508335826190665,27.3,43.937449187005335,412.7,0.011359965801239014,0.022362729668261305,0.5732833445072174,0.05146682222267763
0.5272668227553368,0.6508335826190665,10.6,23.978865926253455,429.4,0.006201630830764771,0.014029063605191341,0.5843787789344788,0.03552430666049958
0.5415448546409607,0.6508335826190665,3.0,6.786471488562298,437.0,-0.012108004093170166,0.027390208187231636,0.5872667014598847,0.036436448190391664
0.5558228865265846,0.6508335826190665,0.0,0.0,440.0,0.0,0.0,0.5851635694503784,0.03565623725107814
0.5701009184122086,0.6508335826190665,0.0,0.0,440.0,0.0,0.0,0.5851635694503784,0.03565623725107814
0.5843789502978325,0.6508335826190665,0.0,0.0,440.0,0.0,0.0,0.5851635694503784,0.03565623725107814
0.5986569821834564,0.6508335826190665,0.0,0.0,440.0,0.0,0.0,0.5851635694503784,0.03565623725107814
0.6129350140690804,0.6508335826190665,0.0,0.0,440.0,0.0,0.0,0.5851635694503784,0.03565623725107814
0.6272130459547043,0.6508335826190665,0.0,0.0,440.0,0.0,0.0,0.5851635694503784,0.03565623725107814
0.6414910778403282,0.6508335826190665,0.0,0.0,440.0,0.0,0.0,0.5851635694503784,0.03565623725107814
0.6557691097259521,0.6508335826190665,0.0,0.0,440.0,0.0,0.0,0.5851635694503784,0.03565623725107814
0.0989258661866188,0.6682283379780242,156.6,81.55779870792635,283.4,0.03145478963851929,0.04358653426761979,0.5170646965503692,0.054633186765867044
0.11320389807224274,0.6682283379780242,156.6,81.55779870792635,283.4,0.03145478963851929,0.04358653426761979,0.5170646965503692,0.054633186765867044
0.12748192995786667,0.6682283379780242,156.6,81.55779870792635,283.4,0.03145478963851929,0.04358653426761979,0.5170646965503692,0.054633186765867044
0.1417599618434906,0.6682283379780242,156.6,81.55779870792635,283.4,0.03145478963851929,0.04358653426761979,0.5170646965503692,0.054633186765867044
0.15603799372911453,0.6682283379780242,156.6,81.55779870792635,283.4,0.03145478963851929,0.04358653426761979,0.5170646965503692,0.054633186765867044
0.17031602561473846,0.6682283379780242,156.6,81.55779870792635,283.4,0.03145478963851929,0.04358653426761979,0.5170646965503692,0.054633186765867044
0.1845940575003624,0.6682283379780242,156.6,81.55779870792635,283.4,0.03145478963851929,0.04358653426761979,0.5170646965503692,0.054633186765867044
0.19887208938598633,0.6682283379780242,156.6,81.55779870792635,283.4,0.03145478963851929,0.04358653426761979,0.5170646965503692,0.054633186765867044
0.21315012127161026,0.6682283379780242,156.6,81.55779870792635,283.4,0.03145478963851929,0.04358653426761979,0.5170646965503692,0.054633186765867044
0.2274281531572342,0.6682283379780242,156.6,81.55779870792635,283.4,0.03145478963851929,0.04358653426761979,0.5170646965503692,0.054633186765867044
0.24170618504285812,0.6682283379780242,156.4,81.44268472351978,283.6,0.03156715035438538,0.04361752756153702,0.5179199039936065,0.0546146983022107
0.25598421692848206,0.6682283379780242,156.1,81.27443045366158,283.9,0.030738061666488646,0.04342334143180147,0.516718190908432,0.054660171426222114
0.270262248814106,0.6682283379780242,155.7,81.05838701679939,284.3,0.02937738299369812,0.04327926483249822,0.5139124274253846,0.0552890209769612
0.2845402806997299,0.6682283379780242,155.5,80.95394195755907,284.5,0.029713362455368042,0.0432945430499109,0.5148484110832214,0.05499868096075163
0.29881831258535385,0.6682283379780242,155.5,80.95394195755907,284.5,0.029713362455368042,0.0432945430499109,0.5148484110832214,0.05499868096075163
0.3130963444709778,0.6682283379780242,155.4,80.90261766760104,284.6,0.028960931301116943,0.043278849281215996,0.5139969468116761,0.055259533806702246
0.3273743763566017,0.6682283379780242,155.3,80.85189372904514,284.7,0.028981101512908936,0.043278396848677486,0.5143426597118378,0.0551456587354856
0.34165240824222565,0.6682283379780242,155.3,80.85189372904514,284.7,0.028981101512908936,0.043278396848677486,0.5143426597118378,0.0551456587354856
0.3559304401278496,0.6682283379780242,154.8,80.54945585503275,285.2,0.02880481481552124,0.04313571609221394,0.5154723405838013,0.054848401358725256
0.3702084720134735,0.6682283379780242,153.5,79.7623841253863,286.5,0.02695791721343994,0.042678679006279786,0.5176298499107361,0.053592323568640944
0.38448650389909744,0.6682283379780242,150.5,78.17472433544312,289.5,0.024601233005523682,0.04295404747583224,0.5126741528511047,0.05849828221324646
0.3987645357847214,0.6682283379780242,149.0,77.30636869880436,291.0,0.02393680214881897,0.042839939907957786,0.5115985572338104,0.05990135653899182
0.4130425676703453,0.6682283379780242,147.4,76.3748987781431,292.6,0.024341732263565063,0.043067237979201506,0.5155396699905396,0.05912133523968847
0.42732059955596924,0.6682283379780242,144.8,74.82373351030931,295.2,0.023764175176620484,0.0428318795739606,0.5135432779788971,0.06384319920318735
0.44159863144159317,0.6682283379780242,139.9,72.09423068778679,300.1,0.022335970401763917,0.04129901762957606,0.5131757020950317,0.06749518896146206
0.4558766633272171,0.6682283379780242,135.4,69.95005493179349,304.6,0.020333188772201537,0.04101473726940283,0.5151746094226837,0.06272132336615925
0.47015469521284103,0.6682283379780242,128.0,66.63280680380576,312.0,0.015832042694091795,0.04354230192341134,0.5240678668022156,0.061675199054177524
0.48443272709846497,0.6682283379780242,104.6,61.60861813614299,335.4,0.007355260848999024,0.05446123509072393,0.5429924309253693,0.0509699510310579
0.4987107589840889,0.6682283379780242,69.1,58.4927433725015,370.9,0.012137454748153687,0.03593937874244089,0.5682162404060364,0.03820151973734933
0.5129887908697128,0.6682283379780242,43.2,54.22868810071854,396.8,0.003626805543899536,0.02347703733934178,0.5754003643989563,0.04451003249764416
0.5272668227553368,0.6682283379780242,24.4,36.797756515760014,415.6,-0.0032735645771026613,0.01705630212553628,0.5841928005218506,0.03763928190332884
0.5415448546409607,0.6682283379780242,11.8,20.305722163298064,428.2,-0.01932182312011719,0.030285288256523664,0.5833184480667114,0.037672199593575734
0.5558228865265846,0.6682283379780242,1.1,2.4883728791395083,438.9,0.017946702241897584,0.04059826102611834,0.5851150751113892,0.03565681317415082
0.5701009184122086,0.6682283379780242,0.0,0.0,440.0,0.0,0.0,0.5851635694503784,0.03565623725107814
0.5843789502978325,0.6682283379780242,0.0,0.0,440.0,0.0,0.0,0.5851635694503784,0.03565623725107814
0.5986569821834564,0.6682283379780242,0.0,0.0,440.0,0.0,0.0,0.5851635694503784,0.03565623725107814
0.6129350140690804,0.6682283379780242,0.0,0.0,440.0,0.0,0.0,0.5851635694503784,0.03565623725107814
0.6272130459547043,0.6682283379780242,0.0,0.0,440.0,0.0,0.0,0.5851635694503784,0.03565623725107814
0.6414910778403282,0.6682283379780242,0.0,0.0,440.0,0.0,0.0,0.5851635694503784,0.03565623725107814
0.6557691097259521,0.6682283379780242,0.0,0.0,440.0,0.0,0.0,0.5851635694503784,0.03565623725107814
0.0989258661866188,0.6856230933369818,174.2,77.57568414674503,265.8,0.024399435520172118,0.05367769672227176,0.5147152781486511,0.06052052837296887
0.11320389807224274,0.6856230933369818,174.2,77.57568414674503,265.8,0.024399435520172118,0.05367769672227176,0.5147152781486511,0.06052052837296887
0.12748192995786667,0.6856230933369818,174.2,77.57568414674503,265.8,0.024399435520172118,0.05367769672227176,0.5147152781486511,0.06052052837296887
0.1417599618434906,0.6856230933369818,174.2,77.57568414674503,265.8,0.024399435520172118,0.05367769672227176,0.5147152781486511,0.06052052837296887
0.15603799372911453,0.6856230933369818,174.2,77.57568414674503,265.8,0.024399435520172118,0.05367769672227176,0.5147152781486511,0.06052052837296887
0.17031602561473846,0.6856230933369818,174.2,77.57568414674503,265.8,0.024399435520172118,0.05367769672227176,0.5147152781486511,0.06052052837296887
0.1845940575003624,0.6856230933369818,174.2,77.57568414674503,265.8,0.024399435520172118,0.05367769672227176,0.5147152781486511,0.06052052837296887
0.19887208938598633,0.6856230933369818,174.2,77.57568414674503,265.8,0.024399435520172118,0.05367769672227176,0.5147152781486511,0.06052052837296887
0.21315012127161026,0.6856230933369818,174.2,77.57568414674503,265.8,0.024399435520172118,0.05367769672227176,0.5147152781486511,0.06052052837296887
0.2274281531572342,0.6856230933369818,174.2,77.57568414674503,265.8,0.024399435520172118,0.05367769672227176,0.5147152781486511,0.06052052837296887
0.24170618504285812,0.6856230933369818,174.0,77.48048815379647,266.0,0.02451179623603821,0.05371125922754867,0.5155704855918884,0.06052271818712557
0.25598421692848206,0.6856230933369818,173.7,77.34243698240691,266.3,0.02368270754814148,0.053491543529217096,0.5143687725067139,0.060537243308542904
0.270262248814106,0.6856230933369818,173.3,77.16726920282856,266.7,0.022322028875350952,0.05327228462295988,0.5115630090236664,0.06104427140024787
0.2845402806997299,0.6856230933369818,173.1,77.08351936534464,266.9,0.022658008337020873,0.05330998648562806,0.5124989926815033,0.06080199699052932
0.29881831258535385,0.6856230933369818,173.0,77.01455652755719,267.0,0.022519195079803468,0.053219889522690224,0.5111865997314453,0.061197023768807646
0.3130963444709778,0.6856230933369818,172.8,76.91393494840295,267.2,0.02183902859687805,0.053192775114538314,0.5109821736812592,0.061021836861823324
0.3273743763566017,0.6856230933369818,172.3,76.61858741673709,267.7,0.021588432788848876,0.05302967230945685,0.5121063113212585,0.06062923431530541
0.34165240824222565,0.6856230933369818,171.3,75.97170424025042,268.7,0.021358084678649903,0.05294790619479346,0.5098337829113007,0.062422798623262506
0.3559304401278496,0.6856230933369818,170.5,75.52974313197893,269.5,0.021286237239837646,0.05275556193565602,0.5121704816818238,0.063231409080789
0.3702084720134735,0.6856230933369818,168.8,74.60760618218433,271.2,0.018759322166442872,0.05263898963987836,0.5121992468833924,0.06048736726723596
0.38448650389909744,0.6856230933369818,165.3,72.98436404879514,274.7,0.01586146354675293,0.053114733661564224,0.5068362534046174,0.060903942774943105
0.3987645357847214,0.6856230933369818,163.7,72.1751042114313,276.3,0.01536095142364502,0.05315595481190305,0.5064832329750061,0.061451052036520105
0.4130425676703453,0.6856230933369818,161.9,71.25571636558026,278.1,0.015689486265182497,0.05328555365294039,0.5114423334598541,0.059842722975364346
0.42732059955596924,0.6856230933369818,159.3,69.89789060528895,280.7,0.015111929178237915,0.0530419684924273,0.5094459414482116,0.06443967107310568
0.44159863144159317,0.6856230933369818,154.4,67.56847980438802,285.6,0.013683724403381347,0.051676270282972336,0.5090783655643463,0.06804707895968931
0.4558766633272171,0.6856230933369818,149.7,65.68229147783646,290.3,0.011492490768432617,0.05107432194530329,0.5113532423973084,0.06344119728813769
0.47015469521284103,0.6856230933369818,141.9,62.74826000145937,298.1,0.0070273756980896,0.05273326660634835,0.5213915944099426,0.06291150232302509
0.48443272709846497,0.6856230933369818,117.5,59.44138104120065,322.5,-0.002545654773712158,0.060395379656722474,0.5344560086727143,0.054326668930806205
0.4987107589840889,0.6856230933369818,81.6,60.122332777461246,358.4,0.0017403900623321534,0.0444995105910815,0.5600436449050903,0.045035468427088166
0.5129887908697128,0.6856230933369818,55.7,59.17947067274597,384.3,-0.006770259141921997,0.03375075772460742,0.5672277688980103,0.05115415982216853
0.5272668227553368,0.6856230933369818,36.9,46.44185332179774,403.1,-0.013640135526657104,0.028227248639233652,0.5767682015895843,0.04462681194240405
0.5415448546409607,0.6856230933369818,24.3,34.260957527566156,415.7,-0.027748608589172365,0.03402538850323298,0.5781226098537445,0.04256884012780685
0.5558228865265846,0.6856230933369818,11.6,17.81607349072225,428.4,-0.016768646240234376,0.03197464525335579,0.5849960684776306,0.03476939966759728
0.5701009184122086,0.6856230933369818,0.0,0.0,440.0,0.0,0.0,0.5851635694503784,0.03565623725107814
0.5843789502978325,0.6856230933369818,0.0,0.0,440.0,0.0,0.0,0.5851635694503784,0.03565623725107814
0.5986569821834564,0.6856230933369818,0.0,0.0,440.0,0.0,0.0,0.5851635694503784,0.03565623725107814
0.6129350140690804,0.6856230933369818,0.0,0.0,440.0,0.0,0.0,0.5851635694503784,0.03565623725107814
0.6272130459547043,0.6856230933369818,0.0,0.0,440.0,0.0,0.0,0.5851635694503784,0.03565623725107814
0.6414910778403282,0.6856230933369818,0.0,0.0,440.0,0.0,0.0,0.5851635694503784,0.03565623725107814
0.6557691097259521,0.6856230933369818,0.0,0.0,440.0,0.0,0.0,0.5851635694503784,0.03565623725107814
0.0989258661866188,0.7030178486959395,196.0,76.86823501945854,244.0,0.04709717631340027,0.0442709020625909,0.48122302889823915,0.07864332936515056
0.11320389807224274,0.7030178486959395,196.0,76.86823501945854,244.0,0.04709717631340027,0.0442709020625909,0.48122302889823915,0.07864332936515056
0.12748192995786667,0.7030178486959395,196.0,76.86823501945854,244.0,0.04709717631340027,0.0442709020625909,0.48122302889823915,0.07864332936515056
0.1417599618434906,0.7030178486959395,196.0,76.86823501945854,244.0,0.04709717631340027,0.0442709020625909,0.48122302889823915,0.07864332936515056
0.15603799372911453,0.7030178486959395,196.0,76.86823501945854,244.0,0.04709717631340027,0.0442709020625909,0.48122302889823915,0.07864332936515056
0.17031602561473846,0.7030178486959395,195.9,76.82491332581112,244.1,0.04668367505073547,0.04422140872804158,0.48089884519577025,0.07867974971450023
0.1845940575003624,0.7030178486959395,195.7,76.74019711887323,244.3,0.046313929557800296,0.04419387587397227,0.4812632203102112,0.07863928939026676
0.19887208938598633,0.7030178486959395,194.5,76.28629161418029,245.5,0.04648011326789856,0.04420429469510723,0.48562300205230713,0.0788249733431815
0.21315012127161026,0.7030178486959395,194.5,76.28629161418029,245.5,0.04648011326789856,0.04420429469510723,0.48562300205230713,0.0788249733431815
0.2274281531572342,0.7030178486959395,194.5,76.28629161418029,245.5,0.04648011326789856,0.04420429469510723,0.48562300205230713,0.0788249733431815
0.24170618504285812,0.7030178486959395,194.3,76.21977796730567,245.7,0.04659247398376465,0.044213148978825126,0.48647820949554443,0.07900591556162867
0.25598421692848206,0.7030178486959395,194.0,76.12494042265136,246.0,0.04576338529586792,0.044182199578716934,0.48527649641036985,0.078765070271264
0.270262248814106,0.7030178486959395,193.2,75.78117701152233,246.8,0.043600112199783325,0.043847208363339225,0.47780613899230956,0.07757154957530014
0.2845402806997299,0.7030178486959395,192.8,75.62344741622293,247.2,0.04415002465248108,0.043901842355598034,0.48073590993881227,0.07667676184879005
0.29881831258535385,0.7030178486959395,192.2,75.32285123289672,247.8,0.04355224370956421,0.043618388130156095,0.48050100803375245,0.07629288075680037
0.3130963444709778,0.7030178486959395,191.6,75.07514617527349,248.4,0.04178761243820191,0.042319921402656634,0.48209908604621887,0.07444809530903923
0.3273743763566017,0.7030178486959395,189.5,74.0257111704314,250.5,0.04242687821388245,0.04257553327369399,0.49130704402923586,0.07225022325569838
0.34165240824222565,0.7030178486959395,188.1,73.30261901511439,251.9,0.040880388021469115,0.041251577457490564,0.48932292461395266,0.0734721501163712
0.3559304401278496,0.7030178486959395,186.5,72.58297715766956,253.5,0.040485060214996337,0.04066792651743543,0.4954011857509613,0.07327408721865161
0.3702084720134735,0.7030178486959395,184.8,71.83851991725604,255.2,0.03795814514160156,0.041191790024613,0.4954299509525299,0.07092355681383855
0.38448650389909744,0.7030178486959395,181.3,70.60366902392296,258.7,0.03506028652191162,0.04254813007455006,0.4900669574737549,0.07055811745258596
0.3987645357847214,0.7030178486959395,179.7,69.97512712479427,260.3,0.034559774398803714,0.04272764337890053,0.4897139370441437,0.07098350113642463
0.4130425676703453,0.7030178486959395,177.2,68.77338098000904,262.8,0.03360826969146728,0.04148171286907891,0.49468125104904176,0.07027383302492232
0.42732059955596924,0.7030178486959395,174.1,67.35460835503325,265.9,0.03267621994018555,0.04096881650047651,0.4932701408863068,0.07411931061348186
0.44159863144159317,0.7030178486959395,168.1,64.7997805067018,271.9,0.031154584884643555,0.039453750706189644,0.49312716722488403,0.07729365462906962
0.4558766633272171,0.7030178486959395,163.4,63.41056038974606,276.6,0.028963351249694826,0.039220946478554786,0.49540204405784605,0.07355239514276887
0.47015469521284103,0.7030178486959395,155.6,61.36448494424361,284.4,0.024498236179351807,0.042417039033077475,0.5054403960704803,0.07433113455249843
0.48443272709846497,0.7030178486959395,131.2,61.169220484935025,308.8,0.014925205707550048,0.053443462269384165,0.5185048103332519,0.06896107529050906
0.4987107589840889,0.7030178486959395,95.3,66.19965871643271,344.7,0.01921125054359436,0.0332212946313697,0.544092446565628,0.0655483363714299
0.5129887908697128,0.7030178486959395,69.4,68.3624077596533,370.6,0.01070060133934021,0.020776153246532432,0.551276570558548,0.07081988266218353
0.5272668227553368,0.7030178486959395,50.6,60.068401972805006,389.4,0.0038536012172698973,0.01408380980787456,0.5615485727787017,0.06617763763270457
0.5415448546409607,0.7030178486959395,38.0,52.088594112487876,402.0,-0.008469200134277344,0.029677187699463207,0.5649926126003265,0.06270619348742898
0.5558228865265846,0.7030178486959395,23.7,38.02704956044504,416.3,0.0005765020847320557,0.007896236620265012,0.5770171642303467,0.04769523554027783
0.5701009184122086,0.7030178486959395,9.8,22.169140195970176,430.2,0.010921967029571534,0.02470720594840155,0.5827773749828339,0.0396142818338573
0.5843789502978325,0.7030178486959395,3.3,7.465118637418527,436.7,0.033280295133590695,0.07528525801835062,0.5838467538356781,0.037796425736171854
0.5986569821834564,0.7030178486959395,0.0,0.0,440.0,0.0,0.0,0.5851635694503784,0.03565623725107814
0.6129350140690804,0.7030178486959395,0.0,0.0,440.0,0.0,0.0,0.5851635694503784,0.03565623725107814
0.6272130459547043,0.7030178486959395,0.0,0.0,440.0,0.0,0.0,0.5851635694503784,0.03565623725107814
0.6414910778403282,0.7030178486959395,0.0,0.0,440.0,0.0,0.0,0.5851635694503784,0.03565623725107814
0.6557691097259521,0.7030178486959395,0.0,0.0,440.0,0.0,0.0,0.5851635694503784,0.03565623725107814
0.0989258661866188,0.7204126040548972,206.4,78.56719301544742,233.6,0.05904287099838257,0.04648571703585133,0.49622737765312197,0.08309261132450976
0.11320389807224274,0.7204126040548972,206.4,78.56719301544742,233.6,0.05904287099838257,0.04648571703585133,0.49622737765312197,0.08309261132450976
0.12748192995786667,0.7204126040548972,206.4,78.56719301544742,233.6,0.05904287099838257,0.04648571703585133,0.49622737765312197,0.08309261132450976
0.1417599618434906,0.7204126040548972,206.4,78.56719301544742,233.6,0.05904287099838257,0.04648571703585133,0.49622737765312197,0.08309261132450976
0.15603799372911453,0.7204126040548972,206.4,78.56719301544742,233.6,0.05904287099838257,0.04648571703585133,0.49622737765312197,0.08309261132450976
0.17031602561473846,0.7204126040548972,206.2,78.4966724623587,233.8,0.05856910943984985,0.046499044075980336,0.4962824761867523,0.08308030681110064
0.1845940575003624,0.7204126040548972,206.0,78.4286984808586,234.0,0.058199363946914676,0.046526597274061596,0.49664685130119324,0.08300360101611835
0.19887208938598633,0.7204126040548972,204.8,78.07468762846617,235.2,0.05836554765701294,0.04651235448854823,0.5010066330432892,0.08271980331695124
0.21315012127161026,0.7204126040548972,204.8,78.07468762846617,235.2,0.05836554765701294,0.04651235448854823,0.5010066330432892,0.08271980331695124
0.2274281531572342,0.7204126040548972,204.7,78.02533169418906,235.3,0.05847166776657105,0.04655437912502457,0.5014676034450531,0.08280062881111422
0.24170618504285812,0.7204126040548972,204.4,77.92627066496452,235.6,0.05865924954414368,0.04657674693267378,0.5026924729347229,0.08295199282350038
0.25598421692848206,0.7204126040548972,204.1,77.8556442811694,235.9,0.05783016085624695,0.046669417248967386,0.5014907598495484,0.08285645864730533
0.270262248814106,0.7204126040548972,203.0,77.44892592878516,237.0,0.05473470687866211,0.04515016787302488,0.4946861445903778,0.08315224517977053
0.2845402806997299,0.7204126040548972,201.7,76.97323781061624,238.3,0.05247764587402344,0.041230191410719035,0.5019143044948577,0.07560622051566208
0.29881831258535385,0.7204126040548972,201.0,76.68160383587306,239.0,0.051812803745269774,0.040909636359831254,0.5023632705211639,0.07418177175503145
0.3130963444709778,0.7204126040548972,200.3,76.42613896152722,239.7,0.04981043338775635,0.04001623918050443,0.50352823138237,0.07187956377491912
0.3273743763566017,0.7204126040548972,198.2,75.53316833706698,241.8,0.05044969916343689,0.04021401945691827,0.512736189365387,0.06796954269633841
0.34165240824222565,0.7204126040548972,196.8,74.91714445640788,243.2,0.04890320897102356,0.03899093907237113,0.5107520699501038,0.06961516962772739
0.3559304401278496,0.7204126040548972,194.8,74.08064867956384,245.2,0.047945636510849,0.03777616580996094,0.5144213795661926,0.06817434460181818
0.3702084720134735,0.7204126040548972,192.7,73.22469915820272,247.3,0.04504164457321167,0.03819940091731038,0.5153587460517883,0.06564467188849095
0.38448650389909744,0.7204126040548972,189.2,72.23160669836943,250.8,0.04214378595352173,0.0399514344453454,0.5099957525730133,0.06617447065219804
0.3987645357847214,0.7204126040548972,187.5,71.65501593957289,252.5,0.041534924507141115,0.040075737692241514,0.5098981440067292,0.06671391034501964
0.4130425676703453,0.7204126040548972,185.0,70.63905456416035,255.0,0.04058341979980469,0.03884189939110159,0.5148654580116272,0.06508827748881264
0.42732059955596924,0.7204126040548972,181.9,69.45673919293306,258.1,0.03965137004852295,0.038390072362600454,0.5134543478488922,0.06945598655803338
0.44159863144159317,0.7204126040548972,175.9,67.37824128513775,264.1,0.03812973499298096,0.03693266701220967,0.5133113741874695,0.07285638354400496
0.4558766633272171,0.7204126040548972,171.2,66.35815247234571,268.8,0.03593850135803223,0.036920009632805624,0.5155862510204315,0.0684943977785749
0.47015469521284103,0.7204126040548972,163.4,64.94067972443729,276.6,0.03147338628768921,0.04073606852281802,0.5256246030330658,0.06764785414755864
0.48443272709846497,0.7204126040548972,139.0,66.40629042025961,301.0,0.02190035581588745,0.052842782809607414,0.5386890172958374,0.059218859950180266
0.4987107589840889,0.7204126040548972,103.1,73.27313718171303,336.9,0.026186400651931764,0.031714558814071314,0.5642766535282135,0.04960350522264499
0.5129887908697128,0.7204126040548972,77.1,76.62407884171283,362.9,0.017525237798690797,0.019889790981266833,0.5706633865833283,0.054874765680708516
0.5272668227553368,0.7204126040548972,57.8,69.70462881447445,382.2,0.010595881938934326,0.012388061610031519,0.581075656414032,0.05033643161259005
0.5415448546409607,0.7204126040548972,42.9,60.088513414215804,397.1,-0.009258252382278443,0.029002175786842218,0.5697744727134705,0.054268526778386346
0.5558228865265846,0.7204126040548972,28.6,48.08016835561861,411.4,-0.0004129469394683838,0.006211203563550398,0.5839442908763885,0.03560992417985516
0.5701009184122086,0.7204126040548972,14.7,33.253710293955265,425.3,0.002571725845336914,0.005817648041925913,0.5901947319507599,0.02888216557518768
0.5843789502978325,0.7204126040548972,8.2,18.549688735403613,431.8,-0.004049515724182129,0.009160641001548907,0.5906889796257019,0.028376159855005075
0.5986569821834564,0.7204126040548972,0.0,0.0,440.0,0.0,0.0,0.5851635694503784,0.03565623725107814
0.6129350140690804,0.7204126040548972,0.0,0.0,440.0,0.0,0.0,0.5851635694503784,0.03565623725107814
0.6272130459547043,0.7204126040548972,0.0,0.0,440.0,0.0,0.0,0.5851635694503784,0.03565623725107814
0.6414910778403282,0.7204126040548972,0.0,0.0,440.0,0.0,0.0,0.5851635694503784,0.03565623725107814
0.6557691097259521,0.7204126040548972,0.0,0.0,440.0,0.0,0.0,0.5851635694503784,0.03565623725107814
0.0989258661866188,0.7378073594138548,215.9,81.66526609234546,224.1,0.06784043908119201,0.0463513140428131,0.4959109783172607,0.08522458563499843
0.11320389807224274,0.7378073594138548,215.9,81.66526609234546,224.1,0.06784043908119201,0.0463513140428131,0.4959109783172607,0.08522458563499843
0.12748192995786667,0.7378073594138548,215.9,81.66526609234546,224.1,0.06784043908119201,0.0463513140428131,0.4959109783172607,0.08522458563499843
0.1417599618434906,0.7378073594138548,215.8,81.63556559830816,224.2,0.06662869453430176,0.046338462959435354,0.4938512027263641,0.08555060731160216
0.15603799372911453,0.7378073594138548,215.6,81.57801407917218,224.4,0.06631213426589966,0.04636181343559796,0.49410460591316224,0.08549686788856403
0.17031602561473846,0.7378073594138548,215.4,81.52293284745042,224.6,0.06583837270736695,0.046417381685041205,0.4941597044467926,0.08548568739519671
0.1845940575003624,0.7378073594138548,215.2,81.47032691354909,224.8,0.06546862721443177,0.046477876349260906,0.4945240795612335,0.08541629089863585
0.19887208938598633,0.7378073594138548,213.6,81.02972716595123,226.4,0.06501901745796204,0.04623976052642749,0.49814648032188413,0.08509302571498151
0.21315012127161026,0.7378073594138548,213.4,80.94477552942685,226.6,0.06505664587020873,0.046251359613704815,0.49888935685157776,0.08520325654452715
0.2274281531572342,0.7378073594138548,213.3,80.90321505737943,226.7,0.06516276597976685,0.0462848991415402,0.49935032725334166,0.08528823538943543
0.24170618504285812,0.7378073594138548,212.9,80.79237644801297,227.1,0.06424588561058045,0.044623102006804014,0.49933635592460635,0.08738477202024261
0.25598421692848206,0.7378073594138548,212.4,80.67176527915674,227.6,0.06378880739212037,0.045382330331119304,0.5000533819198608,0.08483246713888447
0.270262248814106,0.7378073594138548,211.3,80.34395458963651,228.7,0.06069335341453552,0.04405716974265056,0.4932487666606903,0.08505602851887674
0.2845402806997299,0.7378073594138548,209.6,79.77090236059449,230.4,0.05806592106819153,0.04060802473493065,0.5017655670642853,0.07845754757072712
0.29881831258535385,0.7378073594138548,208.4,79.30050290504369,231.6,0.05590160489082337,0.04203343735362899,0.4984767258167267,0.07536575328797496
0.3130963444709778,0.7378073594138548,207.6,79.04051798132346,232.4,0.05411996841430664,0.0415168524916304,0.5002201616764068,0.0733551359951943
0.3273743763566017,0.7378073594138548,205.4,78.23721411853043,234.6,0.054643267393112184,0.041545028839506934,0.5096619248390197,0.06985912750874751
0.34165240824222565,0.7378073594138548,203.9,77.66406484510395,236.1,0.052577626705169675,0.039883964423469524,0.5058291673660278,0.07085188711603417
0.3559304401278496,0.7378073594138548,201.9,76.96245215454172,238.1,0.05162005424499512,0.03874889958268197,0.5094984769821167,0.06958448917730195
0.3702084720134735,0.7378073594138548,199.8,76.2501711648049,240.2,0.04871606230735779,0.03931624484399637,0.5104358434677124,0.06714708076656228
0.38448650389909744,0.7378073594138548,196.3,75.4844104020381,243.7,0.04581820368766785,0.04116793323595016,0.5050728499889374,0.06744289850362377
0.3987645357847214,0.7378073594138548,194.6,75.02438537032364,245.4,0.04520934224128723,0.041319371952933344,0.5049752414226532,0.06796825278273444
0.4130425676703453,0.7378073594138548,192.1,74.19082317395447,247.9,0.04425783753395081,0.04017330915325622,0.5099425554275513,0.0665825037992303
0.42732059955596924,0.7378073594138548,189.0,73.23708339953015,251.0,0.043325787782669066,0.03978559860398134,0.5085314452648163,0.07080240271939812
0.44159863144159317,0.7378073594138548,183.0,71.60798460026413,257.0,0.04180415272712708,0.03846396055942778,0.5083884716033935,0.07413567548244217
0.4558766633272171,0.7378073594138548,178.3,70.91705359005624,261.7,0.039612919092178345,0.0385706828393628,0.5106633484363556,0.06994471867620203
0.47015469521284103,0.7378073594138548,170.4,69.95411910648434,269.6,0.035286182165145875,0.04255494193821094,0.5212727606296539,0.06969490650139369
0.48443272709846497,0.7378073594138548,144.0,70.68250742407038,296.0,0.022530186176300048,0.05301931598554781,0.5328891098499298,0.06180129921171202
0.4987107589840889,0.7378073594138548,106.1,76.38252930564892,333.9,0.026351428031921385,0.03173198029941688,0.5616810142993927,0.054323015929178126
0.5129887908697128,0.7378073594138548,80.1,80.15789686318939,359.9,0.01769026517868042,0.019958319991920766,0.5680677473545075,0.05933442661071477
0.5272668227553368,0.7378073594138548,60.8,74.0176840405811,379.2,0.01076090931892395,0.012549710629268579,0.5784800171852111,0.055442085831973985
0.5415448546409607,0.7378073594138548,45.9,65.4319807906698,394.1,-0.009093225002288818,0.029135602658886615,0.5671788334846497,0.05875188025273642
0.5558228865265846,0.7378073594138548,31.6,54.43318202946528,408.4,-0.0002890050411224365,0.006403733335674623,0.5848448276519775,0.03425285388711618
0.5701009184122086,0.7378073594138548,16.9,38.230456052234274,423.1,0.00205269455909729,0.004643517700013571,0.5932938575744628,0.026340441128495904
0.5843789502978325,0.7378073594138548,9.1,20.585630181972302,430.9,-0.004481017589569092,0.010136766037118931,0.5915165543556213,0.02760962735459144
0.5986569821834564,0.7378073594138548,0.0,0.0,440.0,0.0,0.0,0.5851635694503784,0.03565623725107814
0.6129350140690804,0.7378073594138548,0.0,0.0,440.0,0.0,0.0,0.5851635694503784,0.03565623725107814
0.6272130459547043,0.7378073594138548,0.0,0.0,440.0,0.0,0.0,0.5851635694503784,0.03565623725107814
0.6414910778403282,0.7378073594138548,0.0,0.0,440.0,0.0,0.0,0.5851635694503784,0.03565623725107814
0.6557691097259521,0.7378073594138548,0.0,0.0,440.0,0.0,0.0,0.5851635694503784,0.03565623725107814
0.0989258661866188,0.7552021147728125,233.1,65.34850484997916,206.9,0.07847338318824768,0.0438096603259196,0.491793155670166,0.07593145125007927
0.11320389807224274,0.7552021147728125,233.1,65.34850484997916,206.9,0.07847338318824768,0.0438096603259196,0.491793155670166,0.07593145125007927
0.12748192995786667,0.7552021147728125,233.1,65.34850484997916,206.9,0.07847338318824768,0.0438096603259196,0.491793155670166,0.07593145125007927
0.1417599618434906,0.7552021147728125,233.0,65.32635714289519,207.0,0.07726163864135742,0.04396302080648032,0.4897333800792694,0.0762339576316825
0.15603799372911453,0.7552021147728125,232.8,65.28439079695504,207.2,0.07694507837295532,0.044031120117347756,0.4899867832660675,0.0761814342639497
0.17031602561473846,0.7552021147728125,232.6,65.24553482270152,207.4,0.07647131681442261,0.04415454323572629,0.4900418817996979,0.07617058007962929
0.1845940575003624,0.7552021147728125,232.1,65.08345803603851,207.9,0.07655222415924072,0.0443698306421468,0.49140275120735166,0.07631587276733828
0.19887208938598633,0.7552021147728125,230.5,64.76888639534951,209.5,0.076102614402771,0.04418451409921523,0.49502515196800234,0.07603848091225458
0.21315012127161026,0.7552021147728125,230.2,64.66305893835258,209.8,0.07652420997619629,0.044827812266802845,0.4969718337059021,0.07444319089863595
0.2274281531572342,0.7552021147728125,229.6,64.46967115412589,210.4,0.07478236556053161,0.04209983101681387,0.4952724456787109,0.0789567645660086
0.24170618504285812,0.7552021147728125,229.2,64.38812672427004,210.8,0.07386548519134521,0.0403900378398483,0.4952584743499756,0.08121650796672866
0.25598421692848206,0.7552021147728125,228.7,64.30882196675597,211.3,0.07340840697288513,0.041287891103214715,0.4959755003452301,0.07848500079356222
0.270262248814106,0.7552021147728125,227.4,63.96320215832509,212.6,0.06956669092178344,0.04108847555754587,0.48645694851875304,0.076664241786518
0.2845402806997299,0.7552021147728125,225.7,63.487494399667575,214.3,0.06693925857543945,0.03771939614410916,0.494973748922348,0.06974413958963416
0.29881831258535385,0.7552021147728125,224.5,63.06984504217221,215.5,0.06477494239807129,0.03952708476834048,0.49168490767478945,0.06605492677375126
0.3130963444709778,0.7552021147728125,223.7,62.85925614172495,216.3,0.06299330592155457,0.03920723813778723,0.4934283435344696,0.06385685663330821
0.3273743763566017,0.7552021147728125,221.5,62.17092200535285,218.5,0.06351660490036011,0.03916972638612879,0.5028701066970825,0.0604147676027071
0.34165240824222565,0.7552021147728125,220.0,61.67116000927386,220.0,0.0614509642124176,0.03768092835993082,0.4990373492240906,0.06131911380285265
0.3559304401278496,0.7552021147728125,218.0,61.08569037406242,222.0,0.06049339175224304,0.03660958223205736,0.5027066588401794,0.060086480828982866
0.3702084720134735,0.7552021147728125,215.9,60.50437606999202,224.1,0.057589399814605716,0.03760125832254033,0.5036440253257751,0.05730928661300585
0.38448650389909744,0.7552021147728125,212.4,60.07218817030975,227.6,0.054691541194915774,0.03990147344273626,0.4982810318470001,0.05729526057738092
0.3987645357847214,0.7552021147728125,210.7,59.75412009643979,229.3,0.05408267974853516,0.04013431418309083,0.49818342328071596,0.057906233033015696
0.4130425676703453,0.7552021147728125,208.2,59.09269505867314,231.8,0.05313117504119873,0.039076447706932436,0.503150737285614,0.05661310568540518
0.42732059955596924,0.7552021147728125,205.1,58.37889947716335,234.9,0.05219912528991699,0.038799134790587955,0.501739627122879,0.06143203822836701
0.44159863144159317,0.7552021147728125,199.0,57.20470227904032,241.0,0.050662779808044435,0.03763923496454421,0.5020565569400788,0.06540347893709952
0.4558766633272171,0.7552021147728125,194.1,56.91617192146827,245.9,0.04852078557014465,0.03806756246902528,0.5053034901618958,0.06116082826702213
0.47015469521284103,0.7552021147728125,186.2,56.9714399754856,253.8,0.04419404864311218,0.042616832265636326,0.515912902355194,0.06140382303946239
0.48443272709846497,0.7552021147728125,159.8,61.82659415008997,280.2,0.03143805265426636,0.05427279805731666,0.5275292515754699,0.052945762659187115
0.4987107589840889,0.7552021147728125,121.9,73.0874393537885,318.1,0.0352592945098877,0.0332069025483859,0.5563211560249328,0.045938382866623564
0.5129887908697128,0.7552021147728125,95.9,79.99955682617093,344.1,0.026598131656646727,0.024121595548791064,0.5627078890800477,0.05214256813874778
0.5272668227553368,0.7552021147728125,76.6,76.15794728182442,363.4,0.019668775796890258,0.02027821511610386,0.5731201589107513,0.04832766022314143
0.5415448546409607,0.7552021147728125,61.0,68.62622452900278,379.0,-0.00010164380073547363,0.03616160751333644,0.5646949708461761,0.04660237928480449
0.5558228865265846,0.7552021147728125,46.4,59.68380618142089,393.6,0.008495384454727173,0.01975969591983061,0.5809431433677673,0.025346816993572423
0.5701009184122086,0.7552021147728125,31.6,47.80026051132117,408.4,0.010169529914855957,0.01843263089680663,0.5858876228332519,0.022240159331415467
0.5843789502978325,0.7552021147728125,23.4,36.36252967561389,416.6,0.004509520530700683,0.02371080734830638,0.5845609068870544,0.023347792446174857
0.5986569821834564,0.7552021147728125,9.2,20.81184589825771,430.8,0.005754631757736206,0.013017881450350634,0.5823504567146301,0.03322012842666525
0.6129350140690804,0.7552021147728125,3.7,8.369981502560167,436.3,0.009644031524658203,0.02181631499229629,0.5851601362228394,0.035652673307399414
0.6272130459547043,0.7552021147728125,0.0,0.0,440.0,0.0,0.0,0.5851635694503784,0.03565623725107814
0.6414910778403282,0.7552021147728125,0.0,0.0,440.0,0.0,0.0,0.5851635694503784,0.03565623725107814
0.6557691097259521,0.7552021147728125,0.0,0.0,440.0,0.0,0.0,0.5851635694503784,0.03565623725107814
0.0989258661866188,0.7725968701317701,240.6,63.6816773188328,199.4,0.08246423602104187,0.04835523732928918,0.4823230504989624,0.07406026196222454
0.11320389807224274,0.7725968701317701,240.6,63.6816773188328,199.4,0.08246423602104187,0.04835523732928918,0.4823230504989624,0.07406026196222454
0.12748192995786667,0.7725968701317701,240.6,63.6816773188328,199.4,0.08246423602104187,0.04835523732928918,0.4823230504989624,0.07406026196222454
0.1417599618434906,0.7725968701317701,240.5,63.66564827344646,199.5,0.08125249147415162,0.04855089255862509,0.4802632749080658,0.07422109571698161
0.15603799372911453,0.7725968701317701,240.3,63.63599059696067,199.7,0.08093593120574952,0.04862733976283365,0.48051667809486387,0.07418554210197
0.17031602561473846,0.7725968701317701,239.9,63.53261668450944,200.1,0.0808699071407318,0.04880332044940011,0.4813958406448364,0.07436342585014928
0.1845940575003624,0.7725968701317701,238.8,63.23780224846297,201.2,0.07854640483856201,0.04492173185633704,0.4823888838291168,0.07514297666516405
0.19887208938598633,0.7725968701317701,237.1,62.98522454816068,202.9,0.07786179184913636,0.0443649005019649,0.4865363597869873,0.07432328133502492
0.21315012127161026,0.7725968701317701,236.7,62.86920543237513,203.3,0.07817642092704773,0.0448249536255417,0.48918725848197936,0.07175037267597335
0.2274281531572342,0.7725968701317701,236.1,62.70565636511577,203.9,0.07643457651138305,0.04213564048784404,0.4874878704547882,0.07632466230689891
0.24170618504285812,0.7725968701317701,235.4,62.520174618248674,204.6,0.07537330389022827,0.04027308705889317,0.48880535960197447,0.07955265701386859
0.25598421692848206,0.7725968701317701,234.8,62.42606578688609,205.2,0.0746951162815094,0.040997381633169246,0.48968142867088316,0.07685981244079758
0.270262248814106,0.7725968701317701,233.4,62.10133020311154,206.6,0.07060603499412536,0.040650038377879484,0.48030410408973695,0.07461389063406823
0.2845402806997299,0.7725968701317701,231.7,61.705309867658144,208.3,0.06797860264778137,0.03728298656915944,0.48882090449333193,0.06792395282783005
0.29881831258535385,0.7725968701317701,230.5,61.34228918459618,209.5,0.06581428647041321,0.03914354028707583,0.4855320632457733,0.06395044834451637
0.3130963444709778,0.7725968701317701,229.7,61.17038240427645,210.3,0.06403264999389649,0.03884764614402646,0.4872754991054535,0.061776236293393426
0.3273743763566017,0.7725968701317701,227.5,60.586830680243445,212.5,0.06455594897270203,0.03880181761277254,0.4967172622680664,0.05877595555089404
0.34165240824222565,0.7725968701317701,226.0,60.159015914733715,214.0,0.06249030828475952,0.03733105132662566,0.49288450479507445,0.059480121884094087
0.3559304401278496,0.7725968701317701,224.0,59.6731352242706,216.0,0.06153273582458496,0.03626497383880443,0.4965538144111633,0.0584286774438586
0.3702084720134735,0.7725968701317701,221.9,59.19906770144065,218.1,0.05862874388694763,0.037311844819942354,0.49749118089675903,0.05562767486553864
0.38448650389909744,0.7725968701317701,218.4,58.960146495809134,221.6,0.05573088526725769,0.039672053013087516,0.49212818741798403,0.05527482382713013
0.3987645357847214,0.7725968701317701,216.6,58.667214162673204,223.4,0.05510382056236267,0.03990583364631196,0.49245172142982485,0.056108217838045746
0.4130425676703453,0.7725968701317701,213.9,57.99878630549218,226.1,0.05366656184196472,0.038606483658839084,0.49725896716117857,0.05499384051170015
0.42732059955596924,0.7725968701317701,210.8,57.446519957201986,229.2,0.052734512090682986,0.03833317286023082,0.4958478569984436,0.059864175882089525
0.44159863144159317,0.7725968701317701,204.7,56.60322261488006,235.3,0.05119816660881042,0.03717131519042841,0.4961647868156433,0.06394968912891151
0.4558766633272171,0.7725968701317701,199.8,56.59292527015159,240.2,0.049056172370910645,0.03762230855383108,0.4994117200374603,0.05978586163265005
0.47015469521284103,0.7725968701317701,191.9,57.098697036919376,248.1,0.044729435443878175,0.042250768707743226,0.5100211322307586,0.06062355599368096
0.48443272709846497,0.7725968701317701,165.5,63.31009656301563,274.5,0.03197343945503235,0.05405770980358208,0.5216374814510345,0.05278134236873328
0.4987107589840889,0.7725968701317701,127.3,75.64318160205463,312.7,0.03492215871810913,0.032546270505546634,0.5497853338718415,0.049009285848653
0.5129887908697128,0.7725968701317701,100.8,82.71428832176476,339.2,0.02553342580795288,0.0227822529936726,0.556032395362854,0.05553947784646061
0.5272668227553368,0.7725968701317701,81.1,79.14493772567506,358.9,0.018526369333267213,0.018384463168702212,0.5681704461574555,0.04943219658927619
0.5415448546409607,0.7725968701317701,65.5,72.47949823904956,374.5,-0.0012440502643585206,0.03476722489506544,0.5597452580928802,0.047247620868741284
0.5558228865265846,0.7725968701317701,50.9,64.65747501728397,389.1,0.007352977991104126,0.017398630312374288,0.5759934306144714,0.028186418378988356
0.5701009184122086,0.7725968701317701,36.1,54.58052871395942,403.9,0.00902712345123291,0.01594376284483903,0.5809379100799561,0.025970541847040122
0.5843789502978325,0.7725968701317701,27.9,45.143057775019834,412.1,0.003019517660140991,0.020709112105052573,0.580202579498291,0.025717284386929617
0.5986569821834564,0.7725968701317701,13.7,30.99155313110116,426.3,0.005022621154785157,0.011361958421599767,0.5820580661296845,0.03302701510260196
0.6129350140690804,0.7725968701317701,8.2,18.549688735403613,431.8,0.005474746227264404,0.012384736392814628,0.586292964220047,0.03689873536839924
0.6272130459547043,0.7725968701317701,0.0,0.0,440.0,0.0,0.0,0.5851635694503784,0.03565623725107814
0.6414910778403282,0.7725968701317701,0.0,0.0,440.0,0.0,0.0,0.5851635694503784,0.03565623725107814
0.6557691097259521,0.7725968701317701,0.0,0.0,440.0,0.0,0.0,0.5851635694503784,0.03565623725107814
0.0989258661866188,0.7899916254907278,246.2,63.801744518688814,193.8,0.08906598091125488,0.0507098825529472,0.4872204065322876,0.06251013295972131
0.11320389807224274,0.7899916254907278,246.2,63.801744518688814,193.8,0.08906598091125488,0.0507098825529472,0.4872204065322876,0.06251013295972131
0.12748192995786667,0.7899916254907278,246.2,63.801744518688814,193.8,0.08906598091125488,0.0507098825529472,0.4872204065322876,0.06251013295972131
0.1417599618434906,0.7899916254907278,246.1,63.79073736813171,193.9,0.08785423636436462,0.05098577720345333,0.485160630941391,0.06279201161384282
0.15603799372911453,0.7899916254907278,245.3,63.54926086268023,194.7,0.08647601008415222,0.05101330175066076,0.48596417903900146,0.06282718747785412
0.17031602561473846,0.7899916254907278,244.8,63.43530415596427,195.2,0.08593894839286804,0.05034425024284206,0.48420916199684144,0.06640348820890932
0.1845940575003624,0.7899916254907278,243.3,63.07867943964923,196.7,0.08245970606803894,0.04451095937951943,0.4817683815956116,0.07216937376869868
0.19887208938598633,0.7899916254907278,241.5,62.869386313994795,198.5,0.08133280277252197,0.043973352716781273,0.4852800667285919,0.0719922975745101
0.21315012127161026,0.7899916254907278,241.1,62.7690980517149,198.9,0.08164743185043336,0.0444234838410499,0.487930965423584,0.06936024748422315
0.2274281531572342,0.7899916254907278,240.3,62.54822511843559,199.7,0.07985621094703674,0.04184847145335199,0.4872813820838928,0.07476388697507715
0.24170618504285812,0.7899916254907278,239.4,62.31064807996922,200.6,0.07914600372314454,0.040400833840603306,0.489572149515152,0.07855868794786965
0.25598421692848206,0.7899916254907278,238.8,62.23815208932384,201.2,0.07846781611442566,0.041158240328410416,0.4904482185840607,0.07582551722703976
0.270262248814106,0.7899916254907278,237.4,61.963839155572984,202.6,0.07437873482704163,0.041026629837550475,0.4810708940029144,0.07360358594518601
0.2845402806997299,0.7899916254907278,235.7,61.62970312933562,204.3,0.07175130248069764,0.037842466021608415,0.4895876944065094,0.06675696238563353
0.29881831258535385,0.7899916254907278,234.5,61.31076574619153,205.5,0.06958698630332946,0.03979363527279121,0.48629885315895083,0.06273241845822113
0.3130963444709778,0.7899916254907278,233.7,61.16852332273606,206.3,0.06780534982681274,0.03959924224200761,0.488042289018631,0.0605018975022357
0.3273743763566017,0.7899916254907278,231.5,60.66748623383677,208.5,0.06832864880561829,0.03952589439757656,0.4974840521812439,0.057363368956683904
0.34165240824222565,0.7899916254907278,230.0,60.29685041463394,210.0,0.06626300811767578,0.03819927801443496,0.493651294708252,0.0581134249264237
0.3559304401278496,0.7899916254907278,227.7,59.706523248863064,212.3,0.0647236943244934,0.036876064128637503,0.49781166315078734,0.05720511022177023
0.3702084720134735,0.7899916254907278,225.4,59.18537928374225,214.6,0.06140137910842895,0.03781794228782565,0.4988443613052368,0.05437049110756183
0.38448650389909744,0.7899916254907278,221.8,59.00121443017217,218.2,0.058084297180175784,0.040052458772944506,0.4932094156742096,0.05395285774042543
0.3987645357847214,0.7899916254907278,220.0,58.7677296641354,220.0,0.05745723247528076,0.040304856047769635,0.49353294968605044,0.05480272815365734
0.4130425676703453,0.7899916254907278,217.3,58.19022812670668,222.7,0.05601997375488281,0.03906805529169295,0.49834019541740415,0.05360614322843389
0.42732059955596924,0.7899916254907278,214.2,57.743675622445515,225.8,0.055087924003601074,0.03883012912882415,0.49692908525466917,0.05860674619044504
0.44159863144159317,0.7899916254907278,208.1,57.11164111039373,231.9,0.05355157852172852,0.03773811263083129,0.4972460150718689,0.06277104587167746
0.4558766633272171,0.7899916254907278,203.1,57.18526695199425,236.9,0.050669848918914795,0.03805248592709858,0.49834383726119996,0.06058676464891688
0.47015469521284103,0.7899916254907278,194.9,57.681261911462585,245.1,0.04591127634048462,0.042625771511993885,0.5095795392990112,0.060821753212789216
0.48443272709846497,0.7899916254907278,168.3,64.33887649605151,271.7,0.032429981231689456,0.05431785880794332,0.5206726133823395,0.053792317674397044
0.4987107589840889,0.7899916254907278,130.0,77.18712433618352,310.0,0.03571004271507263,0.03307016927414763,0.549557238817215,0.049073016511445675
0.5129887908697128,0.7899916254907278,103.5,84.61075982375027,336.5,0.02632130980491638,0.02370273153547744,0.5558043003082276,0.05561029453920397
0.5272668227553368,0.7899916254907278,83.8,81.49684343227922,356.2,0.019314253330230714,0.019673714846127018,0.567942351102829,0.04954353415491595
0.5415448546409607,0.7899916254907278,68.2,75.35907662574238,371.8,-0.0004561662673950195,0.035714706702917216,0.5595171630382538,0.04734101822846459
0.5558228865265846,0.7899916254907278,53.6,68.19919259469884,386.4,0.008140861988067627,0.019020777391509862,0.575765335559845,0.02841695060492508
0.5701009184122086,0.7899916254907278,38.8,59.11866898294484,401.2,0.009815007448196411,0.01765732762908019,0.5807098150253296,0.026245008672727454
0.5843789502978325,0.7899916254907278,30.6,50.66334283851248,409.4,0.003654986619949341,0.02197622138986023,0.5804512977600098,0.025485554284530393
0.5986569821834564,0.7899916254907278,16.4,37.09937747080723,423.6,0.005833983421325684,0.01319738738452396,0.584587562084198,0.035077295707063326
0.6129350140690804,0.7899916254907278,9.8,22.169140195970176,430.2,0.004297000169754028,0.009720489712794355,0.5875850319862366,0.03847936389646436
0.6272130459547043,0.7899916254907278,0.0,0.0,440.0,0.0,0.0,0.5851635694503784,0.03565623725107814
0.6414910778403282,0.7899916254907278,0.0,0.0,440.0,0.0,0.0,0.5851635694503784,0.03565623725107814
0.6557691097259521,0.7899916254907278,0.0,0.0,440.0,0.0,0.0,0.5851635694503784,0.03565623725107814
0.0989258661866188,0.8073863808496855,252.1,64.51749959899747,187.9,0.09917386174201966,0.05336852197081808,0.4906757116317749,0.05804680761275716
0.11320389807224274,0.8073863808496855,252.1,64.51749959899747,187.9,0.09917386174201966,0.05336852197081808,0.4906757116317749,0.05804680761275716
0.12748192995786667,0.8073863808496855,251.8,64.4948902017815,188.2,0.09928498268127442,0.05333817325452553,0.4917397975921631,0.057889019039186515
0.1417599618434906,0.8073863808496855,250.6,64.05736057953169,189.4,0.09557751417160035,0.05336697055401492,0.48540752530097964,0.05682758133131053
0.15603799372911453,0.8073863808496855,249.4,63.74414762302309,190.6,0.09331120848655701,0.051988218478630076,0.48082093000411985,0.062274323273107654
0.17031602561473846,0.8073863808496855,248.9,63.648855864547116,191.1,0.09277414679527282,0.05137252159263506,0.47906591296195983,0.06580269192948261
0.1845940575003624,0.8073863808496855,247.3,63.32787666605696,192.7,0.08926547765731811,0.04596718002971985,0.4774220108985901,0.07073796127047793
0.19887208938598633,0.8073863808496855,245.3,63.114725380660616,194.7,0.08910062313079833,0.04602478122207092,0.4819193422794342,0.07103943217290465
0.21315012127161026,0.8073863808496855,244.8,62.994567250192276,195.2,0.08946712613105774,0.046453443272902635,0.48496741652488706,0.06860622394834259
0.2274281531572342,0.8073863808496855,244.0,62.80129282665339,196.0,0.08767590522766114,0.04417804240945941,0.48431783318519595,0.07405011584305302
0.24170618504285812,0.8073863808496855,243.1,62.5949328787893,196.9,0.08696569800376892,0.04288295401922509,0.48660860061645506,0.0779292529787808
0.25598421692848206,0.8073863808496855,242.5,62.54295240283032,197.5,0.08628751039505005,0.043666370193198974,0.48748466968536375,0.07519283567464592
0.270262248814106,0.8073863808496855,241.1,62.31726347410096,198.9,0.08219842910766602,0.04395790669392205,0.47810734510421754,0.07273471417334379
0.2845402806997299,0.8073863808496855,239.4,62.04270462313847,200.6,0.07957099676132202,0.041285951902756815,0.4866241455078125,0.06601549388452756
0.29881831258535385,0.8073863808496855,238.2,61.76678726595222,201.8,0.07740668058395386,0.043304239198350504,0.4833353042602539,0.06185326141571842
0.3130963444709778,0.8073863808496855,237.4,61.652902126959944,202.6,0.07562504410743713,0.04330896990203585,0.48507874011993407,0.05963912145916724
0.3273743763566017,0.8073863808496855,235.1,61.17447218479529,204.9,0.07595250606536866,0.043094381576893846,0.49474082589149476,0.05680795078640933
0.34165240824222565,0.8073863808496855,233.3,60.68604058715425,206.7,0.07331958413124084,0.04182569197034289,0.49150084853172304,0.057701912799602365
0.3559304401278496,0.8073863808496855,231.0,60.17130165483952,209.0,0.07178027033805848,0.040772542909476406,0.4956612169742584,0.05687652642965168
0.3702084720134735,0.8073863808496855,228.7,59.72651854478687,211.3,0.06845795512199401,0.04194536189200391,0.49669391512870786,0.054048037472407426
0.38448650389909744,0.8073863808496855,225.1,59.6573634854345,214.9,0.06514087319374084,0.04427227754937224,0.4910589694976807,0.053499260203315455
0.3987645357847214,0.8073863808496855,223.3,59.48326380011334,216.7,0.06451380848884583,0.044557249831865715,0.4913825035095215,0.054363500516624995
0.4130425676703453,0.8073863808496855,220.6,58.998708755645275,219.4,0.06307654976844787,0.04357423045202168,0.4961897492408752,0.053267492175634104
0.42732059955596924,0.8073863808496855,217.2,58.44154106332978,222.8,0.06187044382095337,0.04338544714490808,0.4957269370555878,0.05749523041931678
0.44159863144159317,0.8073863808496855,210.9,57.84368254880334,229.1,0.0602717399597168,0.042536001914562034,0.4967916190624237,0.061215281663034804
0.4558766633272171,0.8073863808496855,205.7,57.894382380681016,234.3,0.057000923156738284,0.042978620659353886,0.4962298274040222,0.06025701809144651
0.47015469521284103,0.8073863808496855,197.5,58.591617331389195,242.5,0.0522423505783081,0.04743823909203134,0.5074655294418335,0.060716133088511016
0.48443272709846497,0.8073863808496855,170.9,65.75704323824192,269.1,0.03876105546951294,0.05899932467444576,0.5185586035251617,0.05392072594851515
0.4987107589840889,0.8073863808496855,132.6,79.09229577400723,307.4,0.04204111695289612,0.040006391727359675,0.5474432289600373,0.04991424373025013
0.5129887908697128,0.8073863808496855,106.1,86.80479339827315,333.9,0.03265238404273987,0.033708904008660424,0.5536902904510498,0.056487111495646586
0.5272668227553368,0.8073863808496855,86.4,84.1194022834518,353.6,0.0256453275680542,0.0318115392206048,0.5658283412456513,0.05081368843055422
0.5415448546409607,0.8073863808496855,70.8,78.48218401426998,369.2,0.005874907970428467,0.045197334420735126,0.557403153181076,0.04846015631383081
0.5558228865265846,0.8073863808496855,56.2,71.93580736311017,383.8,0.014471936225891113,0.03266731204846614,0.5736513257026672,0.03088363536365606
0.5701009184122086,0.8073863808496855,41.0,63.01279732603701,399.0,0.015098971128463746,0.029361699505700316,0.5790340542793274,0.02846781724743068
0.5843789502978325,0.8073863808496855,31.6,52.74077644298563,408.4,0.006956356763839722,0.02881762521729531,0.581000566482544,0.025011063557731934
0.5986569821834564,0.8073863808496855,16.5,37.325593187092636,423.5,0.005896836519241333,0.013339570970181416,0.584510338306427,0.0350026382344313
0.6129350140690804,0.8073863808496855,9.8,22.169140195970176,430.2,0.004297000169754028,0.009720489712794355,0.5875850319862366,0.03847936389646436
0.6272130459547043,0.8073863808496855,0.0,0.0,440.0,0.0,0.0,0.5851635694503784,0.03565623725107814
0.6414910778403282,0.8073863808496855,0.0,0.0,440.0,0.0,0.0,0.5851635694503784,0.03565623725107814
0.6557691097259521,0.8073863808496855,0.0,0.0,440.0,0.0,0.0,0.5851635694503784,0.03565623725107814
0.0989258661866188,0.8247811362086431,271.6,43.21739939595505,168.39999999999998,0.10522881746292115,0.06261414089289116,0.4733544230461121,0.05875005853329015
0.11320389807224274,0.8247811362086431,271.6,43.21739939595505,168.39999999999998,0.10522881746292115,0.06261414089289116,0.4733544230461121,0.05875005853329015
0.12748192995786667,0.8247811362086431,271.2,43.27209633212519,168.8,0.10487216711044312,0.06270834759725326,0.4743226706981659,0.058775642802046675
0.1417599618434906,0.8247811362086431,267.9,41.832513140159364,172.10000000000002,0.10104210376739502,0.06279891433159017,0.4773940980434418,0.05804338265166127
0.15603799372911453,0.8247811362086431,266.7,41.635779468230176,173.3,0.09877579808235168,0.061745675202878235,0.472807502746582,0.06305517371177047
0.17031602561473846,0.8247811362086431,265.3,41.394728985849234,174.7,0.09643791317939758,0.06073886679328422,0.4705113053321838,0.059870917666488985
0.1845940575003624,0.8247811362086431,263.3,41.17712940102184,176.7,0.09225526452064514,0.056167666776829175,0.4707372605800629,0.06331693097733487
0.19887208938598633,0.8247811362086431,261.3,41.291581015538995,178.7,0.09209040999412536,0.0562198019909523,0.475234591960907,0.06392154145047117
0.21315012127161026,0.8247811362086431,260.4,41.06672038897477,179.60000000000002,0.09197382926940918,0.05702371489808432,0.47986546754837034,0.06257883425909504
0.2274281531572342,0.8247811362086431,259.6,40.943308762824564,180.39999999999998,0.09018260836601258,0.055232120639108824,0.4792158842086792,0.06847588904905567
0.24170618504285812,0.8247811362086431,258.7,40.8221008957274,181.3,0.08947240114212036,0.05422047564985401,0.48150665163993833,0.07274466966459554
0.25598421692848206,0.8247811362086431,258.1,40.87276958030581,181.89999999999998,0.08879421353340149,0.05485979730374567,0.482382720708847,0.06984170590632897
0.270262248814106,0.8247811362086431,256.7,40.831849756599674,183.3,0.08470513224601746,0.05519782025788227,0.4730053961277008,0.0667819873207233
0.2845402806997299,0.8247811362086431,255.0,40.78301243866849,185.0,0.08207769989967346,0.0531650390537171,0.4815221965312958,0.05980764263266413
0.29881831258535385,0.8247811362086431,253.5,40.43190651154699,186.5,0.0799131989479065,0.054803389387037306,0.4793815195560455,0.05544293605742023
0.3130963444709778,0.8247811362086431,252.7,40.43021891305673,187.3,0.07813156247138978,0.05485343730630682,0.4811249554157257,0.05303543026509966
0.3273743763566017,0.8247811362086431,250.3,40.13096277463248,189.7,0.07856825590133668,0.05471454911190063,0.49134997129440305,0.050475836501972016
0.34165240824222565,0.8247811362086431,248.5,39.775459354424136,191.5,0.07593533396720886,0.05379383395378596,0.48810999393463134,0.05135838818676317
0.3559304401278496,0.8247811362086431,246.2,39.49219353462424,193.8,0.0743960201740265,0.05302232706891688,0.49227036237716676,0.05058809273972707
0.3702084720134735,0.8247811362086431,243.9,39.31998203773882,196.1,0.07107370495796203,0.054020948443952825,0.4933030605316162,0.04742771715470806
0.38448650389909744,0.8247811362086431,240.3,40.00040031248093,199.7,0.06775662302970886,0.05593523981368777,0.487668114900589,0.046568661488674105
0.3987645357847214,0.8247811362086431,238.4,40.04891420539482,201.6,0.06710082292556763,0.056171124798515194,0.48838806748390196,0.04727771314065371
0.4130425676703453,0.8247811362086431,235.5,39.74399764544387,204.5,0.0647753655910492,0.05525201904572489,0.4911331355571747,0.04803858720152479
0.42732059955596924,0.8247811362086431,232.1,39.64544717361652,207.9,0.06356925964355468,0.05512439678304236,0.4906703233718872,0.05266232368174153
0.44159863144159317,0.8247811362086431,225.8,40.11218513694145,214.2,0.06197055578231812,0.054486714470857234,0.49173500537872317,0.05675431082431318
0.4558766633272171,0.8247811362086431,220.6,41.26699381589526,219.4,0.0586997389793396,0.054890538733437653,0.49117321372032163,0.05569038363663899
0.47015469521284103,0.8247811362086431,212.4,43.85344643090475,227.6,0.05394116640090942,0.05852682214821568,0.502408915758133,0.05675886202349243
0.48443272709846497,0.8247811362086431,185.8,57.13886387556472,254.2,0.04045987129211426,0.0684248996360321,0.5135019898414612,0.050063490994618286
0.4987107589840889,0.8247811362086431,147.5,76.4552974056888,292.5,0.04373993277549744,0.05286985231595029,0.5423866152763367,0.047501961169236745
0.5129887908697128,0.8247811362086431,121.0,87.02823037147446,319.0,0.034351199865341187,0.04846790675948567,0.5486336767673492,0.054696627148388806
0.5272668227553368,0.8247811362086431,99.3,83.91830693883614,340.7,0.02367015480995178,0.039765035139520254,0.554927134513855,0.054679597524046344
0.5415448546409607,0.8247811362086431,82.1,77.65601109545423,357.9,0.0028131186962127687,0.04873780731779988,0.5505482435226441,0.04776460081007534
0.5558228865265846,0.8247811362086431,67.1,71.76221929531536,372.9,0.011240321397781371,0.03744808672760928,0.5683118581771851,0.02983233419393607
0.5701009184122086,0.8247811362086431,51.5,63.6022068880611,388.5,0.010775917768478393,0.03212436963725973,0.5736805081367493,0.027935562016838097
0.5843789502978325,0.8247811362086431,42.1,54.48355942515577,397.9,0.00263330340385437,0.030988563601229254,0.5756470203399658,0.02464760498139962
0.5986569821834564,0.8247811362086431,25.2,40.215530377057625,414.8,0.0022854149341583253,0.01639829644123982,0.5800502300262451,0.03474993064427713
0.6129350140690804,0.8247811362086431,13.6,22.869552418229272,426.4,0.0011527121067047119,0.01266670733958728,0.5878631353378296,0.038568528137172056
0.6272130459547043,0.8247811362086431,0.0,0.0,440.0,0.0,0.0,0.5851635694503784,0.03565623725107814
0.6414910778403282,0.8247811362086431,0.0,0.0,440.0,0.0,0.0,0.5851635694503784,0.03565623725107814
0.6557691097259521,0.8247811362086431,0.0,0.0,440.0,0.0,0.0,0.5851635694503784,0.03565623725107814
0.0989258661866188,0.8421758915676008,284.5,26.821909475100302,155.5,0.1109438955783844,0.06537004777344937,0.4672044515609741,0.056377141724786375
0.11320389807224274,0.8421758915676008,283.8,27.08255546327447,156.2,0.11276755928993225,0.06468036331053376,0.4705626904964447,0.05590277594272851
0.12748192995786667,0.8421758915676008,283.1,27.18241197543964,156.89999999999998,0.11131903529167175,0.06335149153852093,0.46579788327217103,0.058567675052631586
0.1417599618434906,0.8421758915676008,279.4,25.33256924382967,160.60000000000002,0.10739824175834656,0.06364868146269897,0.47131980657577516,0.057631156749945206
0.15603799372911453,0.8421758915676008,277.4,24.952640589393955,162.60000000000002,0.10419220924377441,0.06227995576078911,0.465648889541626,0.06138626361018554
0.17031602561473846,0.8421758915676008,275.8,24.814625621676008,164.2,0.10094275474548339,0.060993805213721865,0.4625537633895874,0.05717712190717857
0.1845940575003624,0.8421758915676008,273.8,24.933492189783063,166.2,0.09676010608673095,0.05663274894587098,0.4627797186374664,0.060792885754651964
0.19887208938598633,0.8421758915676008,271.7,25.55125180314004,168.3,0.09652405977249146,0.05676140682611604,0.467807811498642,0.06215462934323782
0.21315012127161026,0.8421758915676008,270.8,25.396681435025,169.2,0.09640747904777527,0.05756286145051151,0.47243868708610537,0.06109382773858476
0.2274281531572342,0.8421758915676008,270.0,25.383692751614127,170.0,0.09461625814437866,0.055869466334806286,0.4717891037464142,0.06708059712923752
0.24170618504285812,0.8421758915676008,269.1,25.39813664941917,170.89999999999998,0.09390605092048646,0.054902193884384394,0.47407987117767336,0.07156810140577997
0.25598421692848206,0.8421758915676008,268.5,25.618368069165385,171.5,0.09322786331176758,0.0555644457314251,0.47495594024658205,0.06866927289605797
0.270262248814106,0.8421758915676008,266.7,25.502247953721028,173.3,0.08880562782287597,0.05594355051030015,0.46739562749862673,0.06562344667900834
0.2845402806997299,0.8421758915676008,264.4,25.27639391758767,175.60000000000002,0.08456818461418152,0.05345772230099556,0.47509018182754514,0.05866648131474339
0.29881831258535385,0.8421758915676008,262.9,25.02829257371011,177.10000000000002,0.08240368366241455,0.05514298128569534,0.4729495048522949,0.05406536095020996
0.3130963444709778,0.8421758915676008,262.1,25.195845594138426,177.89999999999998,0.08062204718589783,0.05523841372218745,0.4746929407119751,0.05171704928252378
0.3273743763566017,0.8421758915676008,259.7,25.226518063588678,180.3,0.08105874061584473,0.05508927180093434,0.48491795659065245,0.049844723726530524
0.34165240824222565,0.8421758915676008,257.9,25.044190187742426,182.10000000000002,0.07842581868171691,0.054243703742823814,0.48167797923088074,0.05050417691172982
0.3559304401278496,0.8421758915676008,255.4,24.884185788645688,184.6,0.07690128684043884,0.05352149376492907,0.48663480281829835,0.04932088715374564
0.3702084720134735,0.8421758915676008,252.8,24.789407732673645,187.2,0.07354428172111512,0.05459180915689403,0.48880317211151125,0.04516026032367751
0.38448650389909744,0.8421758915676008,249.2,26.550354823562355,190.8,0.07022719979286193,0.05656918950602416,0.483168226480484,0.04393023660852309
0.3987645357847214,0.8421758915676008,247.3,26.982118674041995,192.7,0.0695713996887207,0.05681865793776204,0.483888179063797,0.04472238563699632
0.4130425676703453,0.8421758915676008,244.4,27.07499625150448,195.6,0.06724594235420227,0.05596859516807764,0.4866332471370697,0.04568000237706635
0.42732059955596924,0.8421758915676008,241.0,27.56162049611745,199.0,0.06603983640670777,0.055872942737537915,0.48617043495178225,0.05049662144016991
0.44159863144159317,0.8421758915676008,234.7,29.33651449820211,205.3,0.0644411325454712,0.05528453894258134,0.48723511695861815,0.05480044214403414
0.4558766633272171,0.8421758915676008,229.5,31.737007082379286,210.5,0.061170315742492674,0.05576503245093946,0.4866733253002167,0.05367104131233756
0.47015469521284103,0.8421758915676008,221.3,36.199305663116455,218.7,0.0564117431640625,0.05946028754211978,0.49790902733802794,0.055301228872589064
0.48443272709846497,0.8421758915676008,194.4,53.73616667030663,245.6,0.04234510660171509,0.06868457799459886,0.5097253441810607,0.04900351565357318
0.4987107589840889,0.8421758915676008,155.9,76.23648640250963,284.1,0.04497625231742859,0.052016301035201065,0.5371866405010224,0.04821043514320435
0.5129887908697128,0.8421758915676008,129.3,88.17839098498123,310.7,0.03549342751502991,0.047487274990804566,0.543994528055191,0.055414777136102766
0.5272668227553368,0.8421758915676008,107.6,86.30537229320844,332.4,0.024812382459640504,0.038743196157542535,0.5502879858016968,0.055696827684777156
0.5415448546409607,0.8421758915676008,90.4,81.23506848510846,349.6,0.003955346345901489,0.048189655717555055,0.5459090948104859,0.048689157624809194
0.5558228865265846,0.8421758915676008,75.4,76.55113693817174,364.6,0.012382549047470093,0.036582535591340615,0.5636727094650269,0.03275452265107314
0.5701009184122086,0.8421758915676008,59.8,70.01960105154092,380.2,0.011918145418167114,0.031120749718950524,0.5690413594245911,0.03148982424466321
0.5843789502978325,0.8421758915676008,50.4,62.56744858415068,389.6,0.003775531053543091,0.030122976239923136,0.5710078716278076,0.028793963884573306
0.5986569821834564,0.8421758915676008,33.5,50.52854355158228,406.5,0.0032412946224212647,0.015226254929237699,0.5775561571121216,0.03586721824964525
0.6129350140690804,0.8421758915676008,21.9,33.2543942346657,418.1,-0.0030146539211273193,0.020094566937337327,0.5892696142196655,0.039171417568546
0.6272130459547043,0.8421758915676008,8.3,18.775904451689026,431.7,-0.009803664684295655,0.022177430287799196,0.5871848344802857,0.0366728016811433
0.6414910778403282,0.8421758915676008,4.0,9.048628651416397,436.0,-0.008673620223999024,0.01962109211759556,0.5874179840087891,0.03682479295356778
0.6557691097259521,0.8421758915676008,0.0,0.0,440.0,0.0,0.0,0.5851635694503784,0.03565623725107814
0.0989258661866188,0.8595706469265585,291.7,18.10683751616861,148.3,0.11596087217330933,0.06363056886960208,0.46326702237129214,0.05762381193528876
0.11320389807224274,0.8595706469265585,290.9,18.7073391631243,149.10000000000002,0.11794024705886841,0.06275568981191446,0.46729785203933716,0.057075970604691974
0.12748192995786667,0.8595706469265585,290.0,18.784835879796404,150.0,0.11617145538330079,0.061425369110819854,0.4632978856563568,0.059273053522235414
0.1417599618434906,0.8595706469265585,286.1,16.761178513663292,153.89999999999998,0.11218447089195252,0.06187559967114782,0.46946719884872434,0.05912880808349815
0.15603799372911453,0.8595706469265585,283.9,16.686380289100722,156.10000000000002,0.10895657539367676,0.06061473350115564,0.465850305557251,0.05939741918289222
0.17031602561473846,0.8595706469265585,282.3,16.83429343872278,157.7,0.10570712089538574,0.05944075044016531,0.4627551794052124,0.05504282195236074
0.1845940575003624,0.8595706469265585,280.2,17.3949279084873,159.8,0.10145220756530762,0.05523691683755889,0.4635820209980011,0.059195643532499995
0.19887208938598633,0.8595706469265585,277.9,18.59759808525291,162.10000000000002,0.10106836557388306,0.05553306685124773,0.4697088718414307,0.06130125535243982
0.21315012127161026,0.8595706469265585,277.0,18.556431068009804,163.0,0.10095178484916686,0.05635733923962908,0.47433974742889407,0.060142251458060625
0.2274281531572342,0.8595706469265585,276.2,18.690158538933435,163.8,0.09916056394577026,0.05471124654688456,0.4736901640892029,0.06622571590084227
0.24170618504285812,0.8595706469265585,275.3,18.878586652639235,164.7,0.09845035672187805,0.05375727196545362,0.47598093152046206,0.07073245181726459
0.25598421692848206,0.8595706469265585,274.5,19.06202079637055,165.5,0.09753724336624145,0.05437926479617626,0.4777634620666504,0.06792250356210892
0.270262248814106,0.8595706469265585,272.7,19.22774446152704,167.3,0.09311500787734986,0.05496407181252689,0.47020314931869506,0.06502747040238045
0.2845402806997299,0.8595706469265585,270.4,19.33729086382315,169.60000000000002,0.0888775646686554,0.05262948191106624,0.4778977036476135,0.05778689201489402
0.29881831258535385,0.8595706469265585,268.9,19.279130366517364,171.10000000000002,0.08671306371688843,0.0544379462900395,0.4757570266723633,0.053173928032951095
0.3130963444709778,0.8595706469265585,268.0,19.52981126880554,172.0,0.08480368256568908,0.05457919344185625,0.477752274274826,0.050639209639648616
0.3273743763566017,0.8595706469265585,265.5,19.868243028056177,174.5,0.08442346453666687,0.05422163004744449,0.4856168508529663,0.049773367917415136
0.34165240824222565,0.8595706469265585,263.5,19.715982704070694,176.5,0.08051794767379761,0.05325103223878437,0.48054198622703553,0.05183298624390108
0.3559304401278496,0.8595706469265585,261.0,19.916120964757813,179.0,0.07899341583251954,0.05254969477309106,0.48549880981445315,0.05074386573278479
0.3702084720134735,0.8595706469265585,258.4,20.211417420632912,181.60000000000002,0.0756364107131958,0.05371380237486168,0.487667179107666,0.046740135839866026
0.38448650389909744,0.8595706469265585,254.8,22.843680749899516,185.2,0.07231932878494263,0.055793117580497625,0.4820322334766388,0.04547282074772974
0.3987645357847214,0.8595706469265585,252.9,23.601839732444436,187.1,0.07166352868080139,0.05605995811144369,0.4827521860599518,0.04624860623635754
0.4130425676703453,0.8595706469265585,250.0,24.094304271781283,190.0,0.06933807134628296,0.05524830555127253,0.4854972541332245,0.04721282248872754
0.42732059955596924,0.8595706469265585,246.5,24.950475733597724,193.5,0.06808361411094666,0.0551020409066652,0.48586514592170715,0.05172295888614146
0.44159863144159317,0.8595706469265585,240.0,27.37324415030931,200.0,0.06664738059043884,0.0547984049708703,0.4887958109378815,0.05581566862083575
0.4558766633272171,0.8595706469265585,234.4,29.980956038345905,205.6,0.06275423765182495,0.054360853821306586,0.48991281986236573,0.054893767865181575
0.47015469521284103,0.8595706469265585,226.2,35.32282734126683,213.8,0.05799566507339478,0.05821907432629304,0.501148521900177,0.05612111503515361
0.48443272709846497,0.8595706469265585,199.3,54.541553187188114,240.7,0.043929028511047366,0.06780002348498922,0.5129648387432099,0.049489067565299756
0.4987107589840889,0.8595706469265585,160.8,78.19039691283469,279.2,0.04656017422676086,0.050795946993137435,0.5404261350631714,0.047654003786663617
0.5129887908697128,0.8595706469265585,134.2,90.6939154107919,305.8,0.03707734942436218,0.046332004045434506,0.5472340226173401,0.05470261261030517
0.5272668227553368,0.8595706469265585,112.5,89.55161838797157,327.5,0.02639630436897278,0.037575091151827035,0.5535274803638458,0.0547770966311126
0.5415448546409607,0.8595706469265585,95.3,85.23997767929929,344.7,0.005539268255233765,0.047651476984486185,0.5491485893726349,0.047803339414614406
0.5558228865265846,0.8595706469265585,80.3,81.30422790356573,359.7,0.013966470956802368,0.035658421213866,0.5669122040271759,0.03036353393157571
0.5701009184122086,0.8595706469265585,64.7,75.76260452218811,375.3,0.01350206732749939,0.030042946750041235,0.5722808539867401,0.028651645470947028
0.5843789502978325,0.8595706469265585,55.3,69.31300243533188,384.7,0.005359452962875366,0.0292598346732912,0.5742473661899566,0.02551775143164148
0.5986569821834564,0.8595706469265585,38.4,58.622614608859394,401.6,0.00440642237663269,0.014117576430698331,0.5827787339687347,0.03455666673902574
0.6129350140690804,0.8595706469265585,26.8,42.20107256278989,413.2,-0.0028938710689544677,0.019855416559697102,0.5966108679771424,0.0459093479361581
0.6272130459547043,0.8595706469265585,13.2,29.86047454967411,426.8,-0.009642159938812256,0.021812081170968986,0.5942113041877747,0.0438842071105082
0.6414910778403282,0.8595706469265585,8.9,20.13319874940148,431.1,-0.012607884407043458,0.028521016019829867,0.5941613852977753,0.04381682665523641
0.6557691097259521,0.8595706469265585,0.1,0.2262157162854099,439.9,0.0,0.0,0.5851844668388366,0.03566389654447194
0.0989258661866188,0.8769654022855162,302.9,13.346727260839186,137.10000000000002,0.18003011345863343,0.11388348603562827,0.44497206807136536,0.059548656717841805
0.11320389807224274,0.8769654022855162,301.7,14.394502601427943,138.3,0.1781843900680542,0.10534712009542968,0.45454647541046145,0.05978421865664389
0.12748192995786667,0.8769654022855162,299.5,15.010188874451607,140.5,0.16944401264190673,0.0933132307797139,0.4549585819244385,0.06341104644537357
0.1417599618434906,0.8769654022855162,292.8,15.174262173997585,147.2,0.11834084987640381,0.061972406356438,0.4615629196166992,0.0627835407668724
0.15603799372911453,0.8769654022855162,290.5,15.677218827474446,149.5,0.11494946479797363,0.060935929448695254,0.45865102410316466,0.06161901011776304
0.17031602561473846,0.8769654022855162,288.9,16.209320314626687,151.10000000000002,0.11170001029968261,0.059953228444635034,0.4555558979511261,0.0572120756910118
0.1845940575003624,0.8769654022855162,286.6,17.199007660398976,153.39999999999998,0.10719651579856873,0.05630987447052137,0.4572897136211395,0.06185137586568224
0.19887208938598633,0.8769654022855162,284.3,18.863521383822693,155.7,0.10681267380714417,0.05662255639715886,0.4634165644645691,0.06421178531136584
0.21315012127161026,0.8769654022855162,283.4,18.99613468253033,156.60000000000002,0.10669609308242797,0.05743782389361564,0.46804744005203247,0.06336825966540441
0.2274281531572342,0.8769654022855162,282.3,18.947732608844298,157.7,0.10471127033233643,0.055873966631668374,0.4685825288295746,0.06894181796296
0.24170618504285812,0.8769654022855162,280.9,18.783171020371572,159.10000000000002,0.10425960421562194,0.055057375708152695,0.4745635807514191,0.07336816299974779
0.25598421692848206,0.8769654022855162,280.1,19.101354078962636,159.89999999999998,0.10334649085998535,0.055719000318904595,0.4763461112976074,0.07068342924363294
0.270262248814106,0.8769654022855162,278.3,19.561956015501,161.7,0.09892425537109376,0.05654879308640678,0.4687857985496521,0.06781642054868366
0.2845402806997299,0.8769654022855162,274.6,18.480284163550305,165.39999999999998,0.09421399831771851,0.054433365534960775,0.4813085734844208,0.05821233056545306
0.29881831258535385,0.8769654022855162,273.0,18.513483410007872,167.0,0.09189924597740173,0.05626884717899449,0.47937687039375304,0.053633752591152134
0.3130963444709778,0.8769654022855162,272.1,18.88581371301695,167.89999999999998,0.08998986482620239,0.05650524251899607,0.4813721179962158,0.051041444045801077
0.3273743763566017,0.8769654022855162,269.6,19.53621534475405,170.39999999999998,0.08960964679718017,0.05617990425940491,0.4892366945743561,0.049858935749894855
0.34165240824222565,0.8769654022855162,267.6,19.620437329875802,172.39999999999998,0.08570412993431091,0.055451802313752394,0.48416182994842527,0.05211596886035599
0.3559304401278496,0.8769654022855162,265.1,20.113419870283618,174.89999999999998,0.08417959809303284,0.05486065583702741,0.4891186535358429,0.05083257951178625
0.3702084720134735,0.8769654022855162,262.5,20.700763855865,177.5,0.08082259297370911,0.05615329222444495,0.4912870228290558,0.04674104774862359
0.38448650389909744,0.8769654022855162,258.8,23.51096166432482,181.2,0.07688366770744323,0.05729128716671456,0.48173205852508544,0.046167531673230226
0.3987645357847214,0.8769654022855162,256.5,23.943389735988802,183.5,0.07458751797676086,0.05496915632622955,0.4805675208568573,0.04774699326743917
0.4130425676703453,0.8769654022855162,253.6,24.670768842964097,186.4,0.07226206064224243,0.054212516647589325,0.48331258893013,0.04875153520967981
0.42732059955596924,0.8769654022855162,249.7,25.305283611045994,190.3,0.07048155665397644,0.05325838726401591,0.4864515781402588,0.05209103218146709
0.44159863144159317,0.8769654022855162,243.2,28.12079633920778,196.8,0.06904532313346863,0.05298115304358535,0.4893822431564331,0.05613951910427825
0.4558766633272171,0.8769654022855162,237.6,30.995497436390227,202.4,0.06515218019485473,0.052629422318514224,0.4904992520809174,0.05521627998848365
0.47015469521284103,0.8769654022855162,229.4,36.59788427639949,210.6,0.06039360761642456,0.056720283055713666,0.5017349541187286,0.0563701912233409
0.48443272709846497,0.8769654022855162,202.5,56.252762971804664,237.5,0.04632697105407715,0.06680517659245844,0.5135512709617615,0.04969211800139514
0.4987107589840889,0.8769654022855162,164.0,80.27099286843368,276.0,0.04895811676979065,0.049387668013222,0.541012567281723,0.04767315111435214
0.5129887908697128,0.8769654022855162,137.4,93.01547200651342,302.6,0.03947529196739197,0.04507135441950306,0.5478204548358917,0.05467779265421838
0.5272668227553368,0.8769654022855162,115.7,92.3306588843271,324.3,0.028794246912002563,0.036411346874737016,0.5541139125823975,0.05471396975910603
0.5415448546409607,0.8769654022855162,98.5,88.50933819002806,341.5,0.007937210798263549,0.0473438206805953,0.5497350215911865,0.04776157081539303
0.5558228865265846,0.8769654022855162,83.5,85.0471148680449,356.5,0.016364413499832153,0.03491871740085147,0.5674986362457275,0.03010159953780564
0.5701009184122086,0.8769654022855162,67.9,80.12100249931771,372.1,0.015900009870529176,0.029182852168792784,0.5728672862052917,0.02831075093926234
0.5843789502978325,0.8769654022855162,58.5,74.2825805926759,381.5,0.007757395505905151,0.02876460262532266,0.5748337984085083,0.025108286111697412
0.5986569821834564,0.8769654022855162,41.6,64.39112910691101,398.4,0.006686294078826904,0.013260450500884926,0.5863700866699219,0.03595386921418967
0.6129350140690804,0.8769654022855162,30.0,48.52255341128069,410.0,-0.000748366117477417,0.01579265946183197,0.6020835280418396,0.053794806983261154
0.6272130459547043,0.8769654022855162,16.4,37.09937747080722,423.6,-0.007319307327270508,0.016557423497515468,0.5992692589759827,0.05154402837612404
0.6414910778403282,0.8769654022855162,11.9,26.919670237963782,428.1,-0.010595357418060303,0.02396836367626442,0.5988963365554809,0.05093085726599056
0.6557691097259521,0.8769654022855162,0.1,0.2262157162854099,439.9,0.0,0.0,0.5851844668388366,0.03566389654447194
0.0989258661866188,0.8943601576444739,308.0,15.62181088749119,132.0,0.18703346848487853,0.11806674280299043,0.42663751244544984,0.06304072536192595
0.11320389807224274,0.8943601576444739,306.8,16.447332876697786,133.2,0.18611484169960021,0.11118960745821961,0.43863800168037415,0.062397482788603006
0.12748192995786667,0.8943601576444739,304.2,16.54384752030886,135.8,0.17837939858436586,0.10243557429358824,0.4417207598686218,0.06508202551809915
0.1417599618434906,0.8943601576444739,296.4,16.29590777859178,143.60000000000002,0.12384482622146606,0.0595503091726051,0.45050442814826963,0.06654781250228603
0.15603799372911453,0.8943601576444739,293.9,17.130271312471443,146.10000000000002,0.1205509603023529,0.05862463453662825,0.4499921441078186,0.06115470189399815
0.17031602561473846,0.8943601576444739,292.0,17.732259777300477,148.0,0.11700847148895263,0.05809248272706287,0.44874516129493713,0.05766740923743519
0.1845940575003624,0.8943601576444739,289.6,18.836826320857334,150.39999999999998,0.11215592026710511,0.05495964429099112,0.450253838300705,0.06223242458691077
0.19887208938598633,0.8943601576444739,287.2,20.453592828834314,152.8,0.11137965321540833,0.05517036034912059,0.4565612137317657,0.06489950115880419
0.21315012127161026,0.8943601576444739,285.9,20.23742312912189,154.10000000000002,0.11044092774391175,0.05578949241837211,0.4633409321308136,0.06375980472888117
0.2274281531572342,0.8943601576444739,284.8,20.269287248557756,155.2,0.10845610499382019,0.05425602769523458,0.4638760209083557,0.06932253983304716
0.24170618504285812,0.8943601576444739,283.4,20.214230461526803,156.60000000000002,0.10800443887710572,0.05343270977718109,0.4698570728302002,0.07394281138610118
0.25598421692848206,0.8943601576444739,282.4,20.312441462675658,157.60000000000002,0.10679706335067748,0.05406689639390401,0.47236849665641784,0.07090804611975034
0.270262248814106,0.8943601576444739,279.9,20.01707303418927,160.10000000000002,0.10097158551216126,0.054735055874385596,0.46417057514190674,0.06815767525655854
0.2845402806997299,0.8943601576444739,276.2,19.13808133821114,163.8,0.09626132845878602,0.05265090751242058,0.4766933500766754,0.059167572081903645
0.29881831258535385,0.8943601576444739,274.6,19.245922397531615,165.39999999999998,0.09394657611846924,0.05459577964903863,0.4747616469860077,0.05457625170235291
0.3130963444709778,0.8943601576444739,273.7,19.646067651603364,166.3,0.09203719496726989,0.05487990390304263,0.4767568945884705,0.052131455692397674
0.3273743763566017,0.8943601576444739,271.2,20.383976172262866,168.8,0.09165697693824768,0.05455298605733253,0.4846214711666107,0.05137751910665928
0.34165240824222565,0.8943601576444739,269.2,20.55342656666533,170.8,0.08775146007537842,0.053887307063595964,0.47954660654067993,0.053321434316420606
0.3559304401278496,0.8943601576444739,266.6,20.997888211379582,173.39999999999998,0.08648289442062378,0.05375215633292563,0.4859076917171478,0.051763316839451186
0.3702084720134735,0.8943601576444739,263.6,21.13015713073766,176.39999999999998,0.08319839835166931,0.05527506527566716,0.4917171835899353,0.04715659287583914
0.38448650389909744,0.8943601576444739,259.8,23.863822231100393,180.2,0.07897778749465942,0.05604210249805986,0.4823303759098053,0.046661174369272446
0.3987645357847214,0.8943601576444739,257.5,24.343749550155945,182.5,0.07668163776397705,0.05371686786421053,0.48116583824157716,0.04823268529609899
0.4130425676703453,0.8943601576444739,254.6,25.125224704133736,185.4,0.07435618042945862,0.05299460896553987,0.48391090631484984,0.049208342831919036
0.42732059955596924,0.8943601576444739,250.7,25.83452149336701,189.3,0.07257567644119263,0.052058885368794036,0.4870498955249786,0.052498463622344456
0.44159863144159317,0.8943601576444739,244.2,28.726921936565223,195.8,0.07113944292068482,0.05180824812306885,0.48998056054115297,0.05650012945246096
0.4558766633272171,0.8943601576444739,238.6,31.647211292059136,201.4,0.06724629998207092,0.05153852216559888,0.4910975694656372,0.055576043266542
0.47015469521284103,0.8943601576444739,230.4,37.27673822637061,209.6,0.062487727403640746,0.055811162016613264,0.5023332715034485,0.05665520885232471
0.48443272709846497,0.8943601576444739,203.5,56.965900611038585,236.5,0.048421090841293334,0.06628819935488417,0.5141495883464813,0.04993476739229382
0.4987107589840889,0.8943601576444739,165.0,81.04291827051144,275.0,0.05105223655700684,0.048621699514904575,0.5416108846664429,0.04773069305061707
0.5129887908697128,0.8943601576444739,138.4,93.84375095063731,301.6,0.041569411754608154,0.04448524940715339,0.5484187722206115,0.05468563468606247
0.5272668227553368,0.8943601576444739,116.7,93.29736948621199,323.3,0.03088836669921875,0.03603793247007562,0.5547122299671173,0.054682666779921806
0.5415448546409607,0.8943601576444739,99.5,89.62650945999246,340.5,0.010031330585479736,0.047582065425735606,0.5503333389759064,0.04775691160407081
0.5558228865265846,0.8943601576444739,84.5,86.30804046334246,355.5,0.01845853328704834,0.03495516808751711,0.5680969536304474,0.029892722872753626
0.5701009184122086,0.8943601576444739,68.9,81.56703566295215,371.1,0.017994129657745363,0.029245371398414946,0.5734656035900116,0.028023461106170666
0.5843789502978325,0.8943601576444739,59.5,75.9104579811935,380.5,0.009851515293121338,0.029162410257853235,0.5754321157932282,0.024756893365385203
0.5986569821834564,0.8943601576444739,42.6,66.253018422279,397.4,0.008780980110168457,0.014183483682975956,0.5880754590034485,0.03722481360951196
0.6129350140690804,0.8943601576444739,31.0,50.54851358552261,409.0,0.0012697160243988037,0.012497139754408965,0.6040822863578796,0.05707404933176445
0.6272130459547043,0.8943601576444739,16.9,38.230456052234274,423.1,-0.006213414669036865,0.014055720499344474,0.6002269685268402,0.05314767263593448
0.6414910778403282,0.8943601576444739,11.9,26.919670237963782,428.1,-0.010595357418060303,0.02396836367626442,0.5988963365554809,0.05093085726599056
0.6557691097259521,0.8943601576444739,0.1,0.2262157162854099,439.9,0.0,0.0,0.5851844668388366,0.03566389654447194
0.0989258661866188,0.9117549130034315,312.7,17.2710921677456,127.30000000000001,0.189446884393692,0.11774782323541756,0.408877295255661,0.07308597114207427
0.11320389807224274,0.9117549130034315,311.5,17.691328936835795,128.5,0.18862892389297486,0.11114885159569393,0.424130791425705,0.06564506554434917
0.12748192995786667,0.9117549130034315,307.1,18.186424262442443,132.89999999999998,0.18013018369674683,0.10295923594027988,0.43105936646461485,0.06663771470531514
0.1417599618434906,0.9117549130034315,298.9,15.969006638412546,141.10000000000002,0.1273571789264679,0.056844671789163546,0.440469765663147,0.06294167803783986
0.15603799372911453,0.9117549130034315,296.4,17.029568270190634,143.60000000000002,0.12406331300735474,0.055991799068270946,0.43995748162269593,0.05715850954218663
0.17031602561473846,0.9117549130034315,294.2,17.718787120085832,145.8,0.11958712339401245,0.056553989233333206,0.4374977469444275,0.05232349407258052
0.1845940575003624,0.9117549130034315,291.8,18.982959971351992,148.2,0.11473457217216491,0.053464094062803995,0.4390064239501953,0.057483817438941036
0.19887208938598633,0.9117549130034315,289.3,20.63143003768264,150.7,0.11395989656448365,0.05370241102292316,0.4462942838668823,0.060735130104065296
0.21315012127161026,0.9117549130034315,288.0,20.493029776415106,152.0,0.11302117109298707,0.05436361086702057,0.4530740022659302,0.060177069890583496
0.2274281531572342,0.9117549130034315,286.9,20.58839209335162,153.10000000000002,0.11103634834289551,0.052843875556904625,0.4536090910434723,0.06608955267472165
0.24170618504285812,0.9117549130034315,285.5,20.615439243343747,154.5,0.11058468222618104,0.05201094507536419,0.45959014296531675,0.07141138055255988
0.25598421692848206,0.9117549130034315,284.5,20.76931869928932,155.5,0.1093773066997528,0.052695881556141445,0.4621015667915344,0.06847860194743693
0.270262248814106,0.9117549130034315,282.0,20.625779535533972,158.0,0.10355182886123657,0.0535410708051138,0.4539036452770233,0.06489315983566263
0.2845402806997299,0.9117549130034315,278.3,19.996041914619603,161.7,0.09884157180786132,0.0515427875309419,0.466426420211792,0.0566803679968799
0.29881831258535385,0.9117549130034315,276.7,20.19410860367544,163.3,0.09652681946754456,0.053591343039399886,0.4644947171211243,0.051651488624679255
0.3130963444709778,0.9117549130034315,275.7,20.50980910128117,164.3,0.09444401860237121,0.05365097275966414,0.46730188727378846,0.04892713095539603
0.3273743763566017,0.9117549130034315,273.1,21.232835235660307,166.89999999999998,0.09402015805244446,0.05325498294245626,0.47622618079185486,0.04851300112230284
0.34165240824222565,0.9117549130034315,271.1,21.496313014316957,168.89999999999998,0.0901146411895752,0.05267259642478263,0.4711513161659241,0.05008579867302388
0.3559304401278496,0.9117549130034315,268.5,22.049425333738604,171.5,0.08884607553482056,0.05256675743770108,0.477512401342392,0.049046736670346876
0.3702084720134735,0.9117549130034315,265.5,22.321097007483523,174.5,0.0855615794658661,0.05420451297522979,0.48332189321517943,0.044781124512151424
0.38448650389909744,0.9117549130034315,261.7,25.08864991530318,178.3,0.0813409686088562,0.055089527574298,0.4739350855350494,0.04323486813987127
0.3987645357847214,0.9117549130034315,259.4,25.64265987732941,180.60000000000002,0.07904481887817383,0.052780785610060305,0.47277054786682127,0.044802485113625175
0.4130425676703453,0.9117549130034315,256.5,26.504163763321344,183.5,0.0767193615436554,0.052105541137628116,0.475515615940094,0.04613609239320176
0.42732059955596924,0.9117549130034315,252.6,27.33208479240989,187.4,0.0749388575553894,0.05120030551736932,0.4786546051502228,0.04993130036658629
0.44159863144159317,0.9117549130034315,246.1,30.313374916669773,193.9,0.07350262403488159,0.05098331125565903,0.4815852701663971,0.05438096982216498
0.4558766633272171,0.9117549130034315,240.5,33.27627291514098,199.5,0.0696094810962677,0.05081225342026934,0.48270227909088137,0.05351995856738442
0.47015469521284103,0.9117549130034315,232.3,38.89777615311753,207.7,0.06485090851783752,0.05525703355546806,0.49393798112869264,0.05561267634565425
0.48443272709846497,0.9117549130034315,205.4,58.53817037217611,234.6,0.05078427195549011,0.06610886330011741,0.5057542979717254,0.0498923734456285
0.4987107589840889,0.9117549130034315,166.9,82.66041137615242,273.1,0.05341541767120361,0.04830378031601908,0.533215594291687,0.0503603127046486
0.5129887908697128,0.9117549130034315,140.3,95.54534097741227,299.7,0.04393259286880493,0.04442529633020334,0.5400234818458557,0.05756262550112835
0.5272668227553368,0.9117549130034315,118.6,95.25517354464971,321.4,0.03325154781341553,0.036360778406211366,0.5463169395923615,0.05807938665795227
0.5415448546409607,0.9117549130034315,101.4,91.86524642850844,338.6,0.012394511699676513,0.04840947722821596,0.5419380486011505,0.05120486564307726
0.5558228865265846,0.9117549130034315,86.4,88.81328767249276,353.6,0.02082171440124512,0.03575809230434968,0.5597016632556915,0.03747506485094345
0.5701009184122086,0.9117549130034315,70.8,84.41332736724867,369.2,0.02035731077194214,0.030221137788608136,0.5650703132152557,0.0367066028775728
0.5843789502978325,0.9117549130034315,61.4,79.08942011925758,378.6,0.012214696407318116,0.030501703894491014,0.5670368254184723,0.0345505204423069
0.5986569821834564,0.9117549130034315,43.6,68.13913781756928,396.4,0.010106170177459716,0.015504480255090847,0.5868362665176392,0.036264977243159906
0.6129350140690804,0.9117549130034315,31.1,50.752207226627306,408.9,0.0015159428119659423,0.012151404427000244,0.6041189730167389,0.05713582405057834
0.6272130459547043,0.9117549130034315,16.9,38.230456052234274,423.1,-0.006213414669036865,0.014055720499344474,0.6002269685268402,0.05314767263593448
0.6414910778403282,0.9117549130034315,11.9,26.919670237963782,428.1,-0.010595357418060303,0.02396836367626442,0.5988963365554809,0.05093085726599056
0.6557691097259521,0.9117549130034315,0.1,0.2262157162854099,439.9,0.0,0.0,0.5851844668388366,0.03566389654447194
0.0989258661866188,0.9291496683623892,316.6,18.993141232460133,123.39999999999998,0.19902353286743163,0.11533239022409332,0.4060070633888245,0.07520043313707042
0.11320389807224274,0.9291496683623892,314.8,19.17370035532629,125.19999999999999,0.19506527185440065,0.10769661429394915,0.4241996705532074,0.05818686343447822
0.12748192995786667,0.9291496683623892,309.9,19.67903378671924,130.10000000000002,0.18592195510864257,0.10001504841100264,0.4331923067569733,0.05641517688768233
0.1417599618434906,0.9291496683623892,301.1,16.953438831228134,138.89999999999998,0.1307494580745697,0.056434309599937595,0.43387428522109983,0.062048563704825414
0.15603799372911453,0.9291496683623892,298.6,18.12927620429483,141.39999999999998,0.12745559215545654,0.05568934176747329,0.4333620011806488,0.05613931194187666
0.17031602561473846,0.9291496683623892,295.7,18.421269877590813,144.3,0.12062088251113892,0.055886203326485605,0.4290991425514221,0.05264501387115709
0.1845940575003624,0.9291496683623892,293.1,19.54276279721156,146.89999999999998,0.11506757736206055,0.052557241930088754,0.4311456024646759,0.05777222397058565
0.19887208938598633,0.9291496683623892,290.6,21.234843568889055,149.39999999999998,0.11429290175437927,0.052802430219235474,0.43843346238136294,0.06153978069872867
0.21315012127161026,0.9291496683623892,289.3,21.145893136103105,150.7,0.11335417628288269,0.053478082987288365,0.4452131807804108,0.06148393206343689
0.2274281531572342,0.9291496683623892,288.2,21.276573920756107,151.8,0.11136935353279113,0.05193967645491093,0.4457482695579529,0.06731720749704312
0.24170618504285812,0.9291496683623892,286.8,21.351269981519238,153.2,0.11091768741607666,0.051093681170181135,0.4517293214797974,0.07291658816163991
0.25598421692848206,0.9291496683623892,285.8,21.5342364821436,154.2,0.10971031188964844,0.05179516388732387,0.454240745306015,0.07020692786962068
0.270262248814106,0.9291496683623892,283.3,21.482024825559584,156.7,0.1038848340511322,0.05267575707392166,0.4460428237915039,0.06616292571484517
0.2845402806997299,0.9291496683623892,279.5,20.894871936979072,160.5,0.09836800098419189,0.049350294986805425,0.45535129904747007,0.06079734822548476
0.29881831258535385,0.9291496683623892,277.7,20.90792970300735,162.3,0.09719886183738709,0.05329877991160081,0.4572855710983276,0.05386709806856162
0.3130963444709778,0.9291496683623892,276.7,21.239796645599025,163.3,0.09511606097221374,0.05337365013574541,0.4600927412509918,0.05148461688220149
0.3273743763566017,0.9291496683623892,274.1,22.006060036660777,165.89999999999998,0.09469220042228699,0.052978644660715175,0.4690170347690582,0.05180227576728321
0.34165240824222565,0.9291496683623892,272.1,22.31141500252736,167.89999999999998,0.09078668355941773,0.05242166296199243,0.46394217014312744,0.05288617143059282
0.3559304401278496,0.9291496683623892,269.5,22.909422030479966,170.5,0.08951811790466309,0.05232458131255353,0.4703032553195953,0.052403163339547615
0.3702084720134735,0.9291496683623892,266.5,23.244513371108713,173.5,0.08623362183570862,0.05399293649858791,0.47611274719238283,0.048923260905664734
0.38448650389909744,0.9291496683623892,262.7,25.996878790340862,177.3,0.08201301097869873,0.054910741866213045,0.46672593951225283,0.04669513394527905
0.3987645357847214,0.9291496683623892,260.4,26.581175573448313,179.60000000000002,0.07971686124801636,0.05261083218043969,0.46556140184402467,0.048050986535752294
0.4130425676703453,0.9291496683623892,257.5,27.473285880906605,182.5,0.07739140391349793,0.051950485633459165,0.46830646991729735,0.04952452107273666
0.42732059955596924,0.9291496683623892,253.6,28.35116647381683,186.4,0.07561089992523193,0.05105582785060159,0.47144545912742614,0.05331986389624875
0.44159863144159317,0.9291496683623892,247.1,31.353440245174326,192.9,0.07417466640472412,0.05084901106161604,0.4743761241436005,0.05771645428256966
0.4558766633272171,0.9291496683623892,241.5,34.31932574408667,198.5,0.07028152346611023,0.05070684659925202,0.4754931330680847,0.056986337037360606
0.47015469521284103,0.9291496683623892,233.3,39.9107470253,206.7,0.06552295088768005,0.05519307603874586,0.486728835105896,0.059732224102610094
0.48443272709846497,0.9291496683623892,206.4,59.47384753114119,233.6,0.05145631432533264,0.06613673696635818,0.49854515194892884,0.05532892475171801
0.4987107589840889,0.9291496683623892,167.9,83.58795710963535,272.1,0.05408746004104614,0.04832111894493072,0.5260064482688904,0.057735036372240006
0.5129887908697128,0.9291496683623892,141.3,96.50577392856637,298.7,0.04460463523864746,0.0445256044323227,0.532814335823059,0.0645479774679656
0.5272668227553368,0.9291496683623892,119.6,96.3466518838353,320.4,0.03392359018325806,0.036594966631970365,0.5391077935695648,0.06540485856729714
0.5415448546409607,0.9291496683623892,102.4,93.10162410874885,337.6,0.013066554069519043,0.04874938605257828,0.5347289025783539,0.05908146704010325
0.5558228865265846,0.9291496683623892,87.3,90.04727419315492,352.7,0.021421879529953003,0.03608547951680687,0.5536058008670807,0.047194555210885863
0.5701009184122086,0.9291496683623892,71.5,85.49254961583277,368.5,0.019719672203063966,0.029866873647393537,0.557657140493393,0.04943065876665997
0.5843789502978325,0.9291496683623892,61.8,79.7720428083959,378.2,0.012405943870544434,0.030648339033828628,0.5636368215084075,0.040425202814749636
0.5986569821834564,0.9291496683623892,43.6,68.13913781756928,396.4,0.010106170177459716,0.015504480255090847,0.5868362665176392,0.036264977243159906
0.6129350140690804,0.9291496683623892,31.1,50.752207226627306,408.9,0.0015159428119659423,0.012151404427000244,0.6041189730167389,0.05713582405057834
0.6272130459547043,0.9291496683623892,16.9,38.230456052234274,423.1,-0.006213414669036865,0.014055720499344474,0.6002269685268402,0.05314767263593448
0.6414910778403282,0.9291496683623892,11.9,26.919670237963782,428.1,-0.010595357418060303,0.02396836367626442,0.5988963365554809,0.05093085726599056
0.6557691097259521,0.9291496683623892,0.1,0.2262157162854099,439.9,0.0,0.0,0.5851844668388366,0.03566389654447194
0.0989258661866188,0.9465444237213468,320.4,19.862375413594446,119.60000000000002,0.20678333044052125,0.11386408289149344,0.41586099863052367,0.0673812571754668
0.11320389807224274,0.9465444237213468,318.1,19.8287104677251,121.89999999999998,0.2035703182220459,0.10618815481894418,0.43111881613731384,0.05241839537084777
0.12748192995786667,0.9465444237213468,312.1,20.747953899783568,127.89999999999998,0.1937623977661133,0.09816550234469748,0.4437930166721344,0.05400930543970029
0.1417599618434906,0.9465444237213468,302.9,18.101812462731015,137.10000000000002,0.13933739066123962,0.05708841189862028,0.44278532862663267,0.062475781507792344
0.15603799372911453,0.9465444237213468,300.0,18.968577122989757,140.0,0.13236881494522096,0.05352159673063216,0.43794479966163635,0.0564217616264973
0.17031602561473846,0.9465444237213468,296.7,19.236613893295967,143.3,0.12445653080940247,0.055162626068002596,0.4327940225601196,0.052447447710581754
0.1845940575003624,0.9465444237213468,293.7,19.944792559448775,146.3,0.11756501793861389,0.0516071514391797,0.43524259328842163,0.05732466504343337
0.19887208938598633,0.9465444237213468,291.0,21.439500942080105,149.0,0.11635411381721497,0.05177783659751438,0.44297858476638796,0.0606236501302118
0.21315012127161026,0.9465444237213468,289.7,21.365246419762183,150.3,0.11541538834571838,0.052487650438449635,0.4497583031654358,0.060276978497337
0.2274281531572342,0.9465444237213468,288.6,21.50622978259897,151.39999999999998,0.11343056559562684,0.050964992720440035,0.4502933919429779,0.06619577753812277
0.24170618504285812,0.9465444237213468,287.2,21.594880825879493,152.8,0.11297889947891235,0.050113106559322045,0.4562744438648224,0.07166721215174214
0.25598421692848206,0.9465444237213468,286.2,21.786242561114477,153.8,0.11177152395248413,0.050855956106340895,0.45878586769104,0.06881418802841163
0.270262248814106,0.9465444237213468,283.7,21.760781343401582,156.3,0.10594604611396789,0.05188428965575441,0.4505879461765289,0.065009882516859
0.2845402806997299,0.9465444237213468,279.9,21.22212091526386,160.10000000000002,0.1004292130470276,0.04863771319941347,0.4598964214324951,0.0591350760636775
0.29881831258535385,0.9465444237213468,278.1,21.25424767311075,161.89999999999998,0.09926007390022278,0.05266569965581176,0.46183069348335265,0.05188743888992666
0.3130963444709778,0.9465444237213468,277.1,21.591325972090143,162.89999999999998,0.09717727303504944,0.05278773127235474,0.46463786363601683,0.04926254668492755
0.3273743763566017,0.9465444237213468,274.5,22.371985866940374,165.5,0.09675341248512268,0.0523977896379616,0.47356215715408323,0.04912720017369491
0.34165240824222565,0.9465444237213468,272.5,22.692467135895562,167.5,0.09284789562225342,0.051922796612755104,0.46848729252815247,0.05052903561294809
0.3559304401278496,0.9465444237213468,269.9,23.30607475908684,170.10000000000002,0.09157932996749878,0.05185346058679672,0.47484837770462035,0.049693555955906896
0.3702084720134735,0.9465444237213468,266.9,23.664393775734244,173.10000000000002,0.08829483389854431,0.05360835366044039,0.48065786957740786,0.045681682323233094
0.38448650389909744,0.9465444237213468,263.1,26.40572601847903,176.89999999999998,0.08407422304153442,0.05462326456160139,0.47127106189727785,0.04384385323601415
0.3987645357847214,0.9465444237213468,260.8,27.000551279479694,179.2,0.08177807331085205,0.05236213587356396,0.4701065242290497,0.04535156389550018
0.4130425676703453,0.9465444237213468,257.9,27.90289325555581,182.10000000000002,0.07945261597633362,0.05175130352225983,0.4728515923023224,0.04675849530681608
0.42732059955596924,0.9465444237213468,254.0,28.798483845043034,186.0,0.07767211198806763,0.050894159776204546,0.47599058151245116,0.05060100976734673
0.44159863144159317,0.9465444237213468,247.5,31.805014393517624,192.5,0.07623587846755982,0.05071988154978136,0.4789212465286255,0.055077180072543974
0.4558766633272171,0.9465444237213468,241.9,34.76901135361109,198.1,0.07234273552894592,0.05066748698819484,0.48003825545310974,0.0542584171416506
0.47015469521284103,0.9465444237213468,233.7,40.34433965648424,206.3,0.06758416295051575,0.05525793729112568,0.491273957490921,0.056625066950963115
0.48443272709846497,0.9465444237213468,206.8,59.86796070376981,233.2,0.053517526388168334,0.0664394763650147,0.5030902743339538,0.05136803392471936
0.4987107589840889,0.9465444237213468,168.3,83.97317118302564,271.7,0.05614867210388184,0.04867133859447032,0.5305515706539154,0.05261920850051283
0.5129887908697128,0.9465444237213468,141.7,96.90206916259675,298.3,0.046665847301483154,0.045152250871650576,0.5373594582080841,0.05972185834886755
0.5272668227553368,0.9465444237213468,119.9,96.68201420299184,320.1,0.03585096001625061,0.03760092187271627,0.544529789686203,0.059564034410417514
0.5415448546409607,0.9465444237213468,102.7,93.48002381922625,337.3,0.014993923902511596,0.04996853547139361,0.5401508986949921,0.05279865489762747
0.5558228865265846,0.9465444237213468,87.3,90.04727419315492,352.7,0.021421879529953003,0.03608547951680687,0.5536058008670807,0.047194555210885863
0.5701009184122086,0.9465444237213468,71.5,85.49254961583277,368.5,0.019719672203063966,0.029866873647393537,0.557657140493393,0.04943065876665997
0.5843789502978325,0.9465444237213468,61.8,79.7720428083959,378.2,0.012405943870544434,0.030648339033828628,0.5636368215084075,0.040425202814749636
0.5986569821834564,0.9465444237213468,43.6,68.13913781756928,396.4,0.010106170177459716,0.015504480255090847,0.5868362665176392,0.036264977243159906
0.6129350140690804,0.9465444237213468,31.1,50.752207226627306,408.9,0.0015159428119659423,0.012151404427000244,0.6041189730167389,0.05713582405057834
0.6272130459547043,0.9465444237213468,16.9,38.230456052234274,423.1,-0.006213414669036865,0.014055720499344474,0.6002269685268402,0.05314767263593448
0.6414910778403282,0.9465444237213468,11.9,26.919670237963782,428.1,-0.010595357418060303,0.02396836367626442,0.5988963365554809,0.05093085726599056
0.6557691097259521,0.9465444237213468,0.1,0.2262157162854099,439.9,0.0,0.0,0.5851844668388366,0.03566389654447194
0.0989258661866188,0.9639391790803045,331.1,26.549605262730957,108.89999999999998,0.22725461125373841,0.13118649043085842,0.4112924516201019,0.09647396110936898
0.11320389807224274,0.9639391790803045,326.5,24.381091980696628,113.5,0.22752710580825805,0.12528994293745846,0.43556910157203677,0.05829280275851497
0.12748192995786667,0.9639391790803045,319.1,25.625469426516403,120.89999999999998,0.21878015995025635,0.11872951148243761,0.45264854431152346,0.06047267210370505
0.1417599618434906,0.9639391790803045,309.1,23.408317297568264,130.89999999999998,0.16811477541923522,0.09240056569771536,0.4522587478160858,0.06541400705176653
0.15603799372911453,0.9639391790803045,305.4,23.61809564741431,134.60000000000002,0.15960673689842225,0.0883529185485953,0.4425304174423218,0.05694916479253105
0.17031602561473846,0.9639391790803045,300.5,22.657360806248754,139.5,0.1456056594848633,0.0825045918090446,0.437089866399765,0.05359587318532846
0.1845940575003624,0.9639391790803045,294.7,20.587287373263184,145.3,0.12160812020301819,0.05118637101559127,0.4323528170585632,0.05752334371844674
0.19887208938598633,0.9639391790803045,292.0,22.108013588131417,148.0,0.12039721608161927,0.051412628079966625,0.44008880853652954,0.061020218052741985
0.21315012127161026,0.9639391790803045,290.7,22.06953025674128,149.3,0.11945849061012268,0.052168797771121087,0.4468685269355774,0.06085913136566743
0.2274281531572342,0.9639391790803045,289.5,22.14976746093825,150.5,0.11715759634971619,0.05026398291242572,0.44802361726760864,0.06655992176113736
0.24170618504285812,0.9639391790803045,288.1,22.268049227623788,151.89999999999998,0.11670593023300171,0.0494193814184494,0.45400466918945315,0.07211081472931026
0.25598421692848206,0.9639391790803045,287.1,22.476453778511075,152.89999999999998,0.11549855470657348,0.05022347412120974,0.45651609301567075,0.06932283301198688
0.270262248814106,0.9639391790803045,284.6,22.508684806445036,155.39999999999998,0.10967307686805725,0.0515047469902782,0.44831817150115966,0.06538644614084098
0.2845402806997299,0.9639391790803045,280.8,22.07661416533384,159.2,0.10415624380111695,0.04847441408328206,0.45762664675712583,0.05975020038786286
0.29881831258535385,0.9639391790803045,279.0,22.1491256898207,161.0,0.10298710465431213,0.052562085264801245,0.4595609188079834,0.052634857417472175
0.3130963444709778,0.9639391790803045,278.0,22.495545179267967,162.0,0.1009043037891388,0.05276806877914659,0.46236808896064757,0.050121514105744114
0.3273743763566017,0.9639391790803045,275.4,23.30302495225302,164.60000000000002,0.10048044323921204,0.05239512701356377,0.47129238247871397,0.05021836857214735
0.34165240824222565,0.9639391790803045,273.4,23.65417990589038,166.60000000000002,0.09657492637634277,0.052079273233821416,0.4662175178527832,0.051463454234714996
0.3559304401278496,0.9639391790803045,270.8,24.298277873091912,169.2,0.09530636072158813,0.05206180829126275,0.4725786030292511,0.05080523788205474
0.3702084720134735,0.9639391790803045,267.8,24.704395008024864,172.2,0.09202186465263366,0.053939103700095636,0.4783880949020386,0.047048209850457816
0.38448650389909744,0.9639391790803045,264.0,27.412682399299747,176.0,0.08780125379562378,0.05511044138775464,0.4690012872219086,0.04499747233629684
0.3987645357847214,0.9639391790803045,261.7,28.028138405382162,178.3,0.08550510406494141,0.052962107774926465,0.46783674955368043,0.04643541249823361
0.4130425676703453,0.9639391790803045,258.8,28.949720050865253,181.2,0.08317964673042297,0.05245231250156016,0.4705818176269531,0.04788450212039708
0.42732059955596924,0.9639391790803045,254.9,29.880747107271354,185.1,0.08139914274215698,0.05167987572446349,0.4737208068370819,0.051721688862266475
0.44159863144159317,0.9639391790803045,248.4,32.88947974695939,191.6,0.07996290922164917,0.051567312214513335,0.47665147185325624,0.05617589522409325
0.4558766633272171,0.9639391790803045,242.8,35.84375155580554,197.2,0.07606976628303527,0.05167568106982021,0.4777684807777405,0.05539940843212909
0.47015469521284103,0.9639391790803045,234.6,41.375700352415095,205.4,0.0713111937046051,0.05636301862593442,0.48900418281555175,0.05796997527030412
0.48443272709846497,0.9639391790803045,207.5,60.58401517623707,232.5,0.056505024433135986,0.06745044020089049,0.5012288868427277,0.05278434448645636
0.4987107589840889,0.9639391790803045,168.6,84.26730268418784,271.4,0.05844869613647461,0.04957958647347687,0.5318059861660004,0.05148007432405003
0.5129887908697128,0.9639391790803045,141.7,96.90206916259675,298.3,0.046665847301483154,0.045152250871650576,0.5373594582080841,0.05972185834886755
0.5272668227553368,0.9639391790803045,119.9,96.68201420299184,320.1,0.03585096001625061,0.03760092187271627,0.544529789686203,0.059564034410417514
0.5415448546409607,0.9639391790803045,102.7,93.48002381922625,337.3,0.014993923902511596,0.04996853547139361,0.5401508986949921,0.05279865489762747
0.5558228865265846,0.9639391790803045,87.3,90.04727419315492,352.7,0.021421879529953003,0.03608547951680687,0.5536058008670807,0.047194555210885863
0.5701009184122086,0.9639391790803045,71.5,85.49254961583277,368.5,0.019719672203063966,0.029866873647393537,0.557657140493393,0.04943065876665997
0.5843789502978325,0.9639391790803045,61.8,79.7720428083959,378.2,0.012405943870544434,0.030648339033828628,0.5636368215084075,0.040425202814749636
0.5986569821834564,0.9639391790803045,43.6,68.13913781756928,396.4,0.010106170177459716,0.015504480255090847,0.5868362665176392,0.036264977243159906
0.6129350140690804,0.9639391790803045,31.1,50.752207226627306,408.9,0.0015159428119659423,0.012151404427000244,0.6041189730167389,0.05713582405057834
0.6272130459547043,0.9639391790803045,16.9,38.230456052234274,423.1,-0.006213414669036865,0.014055720499344474,0.6002269685268402,0.05314767263593448
0.6414910778403282,0.9639391790803045,11.9,26.919670237963782,428.1,-0.010595357418060303,0.02396836367626442,0.5988963365554809,0.05093085726599056
0.6557691097259521,0.9639391790803045,0.1,0.2262157162854099,439.9,0.0,0.0,0.5851844668388366,0.03566389654447194
0.0989258661866188,0.9813339344392622,341.3,35.81240811969205,98.69999999999999,0.24679348468780518,0.151924008253205,0.32495521306991576,0.11641390109550467
0.11320389807224274,0.9813339344392622,336.7,33.50242114250643,103.30000000000001,0.24864789843559265,0.14890207699704247,0.35447049140930176,0.13601451930625472
0.12748192995786667,0.9813339344392622,328.4,35.082809007884336,111.60000000000002,0.23886734247207642,0.14590548890560015,0.3749136090278625,0.14511629221629999
0.1417599618434906,0.9813339344392622,316.0,32.45580230193906,124.0,0.1885148286819458,0.12636031176206639,0.3810600399971008,0.12536338807158787
0.15603799372911453,0.9813339344392622,311.8,31.78990429391591,128.2,0.18078616857528687,0.12430866689146196,0.4050402343273163,0.07031075867453832
0.17031602561473846,0.9813339344392622,304.6,27.66704424410948,135.39999999999998,0.16302282810211183,0.11272653813321216,0.4169135570526123,0.058878576704227206
0.1845940575003624,0.9813339344392622,295.8,21.494593642566663,144.2,0.12284592390060425,0.050138517641788186,0.42069275975227355,0.06320233540020839
0.19887208938598633,0.9813339344392622,293.0,22.95343394858944,147.0,0.1224908709526062,0.0515562290393509,0.43024731874465943,0.06673995990451193
0.21315012127161026,0.9813339344392622,291.7,22.948602963600674,148.3,0.12155214548110962,0.05233168145055218,0.4370270371437073,0.06715999777470588
0.2274281531572342,0.9813339344392622,290.5,23.055390667027435,149.5,0.11925125122070312,0.05048730099460783,0.43818212747573854,0.07245537919964079
0.24170618504285812,0.9813339344392622,289.1,23.203381707170536,150.89999999999998,0.11879958510398865,0.04965732783426538,0.444163179397583,0.07801580733378786
0.25598421692848206,0.9813339344392622,288.1,23.42774147690873,151.89999999999998,0.11759220957756042,0.05048610621750791,0.44667460322380065,0.07563239207391247
0.270262248814106,0.9813339344392622,285.6,23.51918287236137,154.39999999999998,0.1117667317390442,0.05189468483569674,0.43847668170928955,0.07140197949019217
0.2845402806997299,0.9813339344392622,281.8,23.199338057314833,158.2,0.10624989867210388,0.04902267953336728,0.4477851569652557,0.06706056160176732
0.29881831258535385,0.9813339344392622,280.0,23.31229512784646,160.0,0.10508075952529908,0.053094356378816064,0.4497194290161133,0.06098449290759705
0.3130963444709778,0.9813339344392622,279.0,23.665715248506,161.0,0.10299795866012573,0.053344782880570596,0.45252659916877747,0.059095373631449837
0.3273743763566017,0.9813339344392622,276.4,24.494982981280614,163.60000000000002,0.10257409811019898,0.0529854251205714,0.46145089268684386,0.06001549020895855
0.34165240824222565,0.9813339344392622,274.4,24.875044248427333,165.60000000000002,0.09866858124732972,0.05276130420352164,0.4563760280609131,0.06059427008643912
0.3559304401278496,0.9813339344392622,271.8,25.546244361079665,168.2,0.09740001559257508,0.05277268905555617,0.462737113237381,0.0606262454843453
0.3702084720134735,0.9813339344392622,268.8,25.998519113406545,171.2,0.0941155195236206,0.05469709076106462,0.46854660511016843,0.05807685648642727
0.38448650389909744,0.9813339344392622,265.0,28.659943156387985,175.0,0.08989490866661072,0.055942420058663,0.45915979743003843,0.05548969199328633
0.3987645357847214,0.9813339344392622,262.7,29.293843463922997,177.3,0.08759875893592835,0.05387805988339976,0.4579952597618103,0.05654686413863336
0.4130425676703453,0.9813339344392622,259.8,30.23138872860483,180.2,0.08527330160140992,0.05342885181579794,0.460740327835083,0.058008169058721006
0.42732059955596924,0.9813339344392622,255.9,31.195266662600858,184.1,0.08349279761314392,0.0527109651483647,0.4638793170452118,0.06150029009892482
0.44159863144159317,0.9813339344392622,249.4,34.19642126787925,190.6,0.0820565640926361,0.052633102564333144,0.46680998206138613,0.06554145822906988
0.4558766633272171,0.9813339344392622,243.2,36.347828075467575,196.8,0.07664815783500671,0.05195317081137266,0.47356794476509095,0.05864918948480235
0.47015469521284103,0.9813339344392622,234.6,41.375700352415095,205.4,0.0713111937046051,0.05636301862593442,0.48900418281555175,0.05796997527030412
0.48443272709846497,0.9813339344392622,207.5,60.58401517623707,232.5,0.056505024433135986,0.06745044020089049,0.5012288868427277,0.05278434448645636
0.4987107589840889,0.9813339344392622,168.6,84.26730268418784,271.4,0.05844869613647461,0.04957958647347687,0.5318059861660004,0.05148007432405003
0.5129887908697128,0.9813339344392622,141.7,96.90206916259675,298.3,0.046665847301483154,0.045152250871650576,0.5373594582080841,0.05972185834886755
0.5272668227553368,0.9813339344392622,119.9,96.68201420299184,320.1,0.03585096001625061,0.03760092187271627,0.544529789686203,0.059564034410417514
0.5415448546409607,0.9813339344392622,102.7,93.48002381922625,337.3,0.014993923902511596,0.04996853547139361,0.5401508986949921,0.05279865489762747
0.5558228865265846,0.9813339344392622,87.3,90.04727419315492,352.7,0.021421879529953003,0.03608547951680687,0.5536058008670807,0.047194555210885863
0.5701009184122086,0.9813339344392622,71.5,85.49254961583277,368.5,0.019719672203063966,0.029866873647393537,0.557657140493393,0.04943065876665997
0.5843789502978325,0.9813339344392622,61.8,79.7720428083959,378.2,0.012405943870544434,0.030648339033828628,0.5636368215084075,0.040425202814749636
0.5986569821834564,0.9813339344392622,43.6,68.13913781756928,396.4,0.010106170177459716,0.015504480255090847,0.5868362665176392,0.036264977243159906
0.6129350140690804,0.9813339344392622,31.1,50.752207226627306,408.9,0.0015159428119659423,0.012151404427000244,0.6041189730167389,0.05713582405057834
0.6272130459547043,0.9813339344392622,16.9,38.230456052234274,423.1,-0.006213414669036865,0.014055720499344474,0.6002269685268402,0.05314767263593448
0.6414910778403282,0.9813339344392622,11.9,26.919670237963782,428.1,-0.010595357418060303,0.02396836367626442,0.5988963365554809,0.05093085726599056
0.6557691097259521,0.9813339344392622,0.1,0.2262157162854099,439.9,0.0,0.0,0.5851844668388366,0.03566389654447194
0.0989258661866188,0.9987286897982198,345.1,36.51428127765286,94.89999999999998,0.2594551146030426,0.14993115548880823,0.31551424264907835,0.1186502063486218
0.11320389807224274,0.9987286897982198,340.5,34.223097719095634,99.5,0.2616892158985138,0.14709436508085477,0.3466635704040527,0.13455352018899647
0.12748192995786667,0.9987286897982198,331.9,36.11029264703752,108.10000000000002,0.2515650451183319,0.14437759662993446,0.3676207482814789,0.14395292642004426
0.1417599618434906,0.9987286897982198,317.8,32.82995498630994,122.19999999999999,0.20019202828407287,0.12605744059960566,0.37024921774864195,0.12710011635967575
0.15603799372911453,0.9987286897982198,312.8,32.07834928923807,127.19999999999999,0.18638662099838257,0.12410516413018717,0.3931037724018097,0.07455009361201918
0.17031602561473846,0.9987286897982198,305.2,28.00936703524741,134.8,0.16873372197151185,0.11278317314150382,0.40887813568115233,0.06673009261538791
0.1845940575003624,0.9987286897982198,296.3,21.984345310507216,143.7,0.12413365244865418,0.05044529819588447,0.41396517753601075,0.07064989732977901
0.19887208938598633,0.9987286897982198,293.5,23.44666455839667,146.5,0.12377859950065613,0.05185963602092873,0.4235197365283966,0.07432491217250366
0.21315012127161026,0.9987286897982198,292.2,23.457695973111946,147.8,0.12283987402915955,0.05264367617303815,0.4302994549274445,0.07504867836482855
0.2274281531572342,0.9987286897982198,291.0,23.576651059876024,149.0,0.12053897976875305,0.050843767863134895,0.4314545452594757,0.0798777682594602
0.24170618504285812,0.9987286897982198,289.6,23.73816319859511,150.39999999999998,0.12008731365203858,0.050026320999091746,0.4374355971813202,0.08522265164650968
0.25598421692848206,0.9987286897982198,288.6,23.969379113915757,151.39999999999998,0.11887993812561035,0.05086646810203454,0.43994702100753785,0.08316193021529765
0.270262248814106,0.9987286897982198,286.1,24.08828584373552,153.89999999999998,0.11305446028709412,0.052346344224965966,0.43174909949302676,0.07893777334708289
0.2845402806997299,0.9987286897982198,282.3,23.82149238011641,157.7,0.10753762722015381,0.049582087033127685,0.44105757474899293,0.07550670939499904
0.29881831258535385,0.9987286897982198,280.5,23.952886841716435,159.5,0.106368488073349,0.05362725988959054,0.4429918467998505,0.07027126611059852
0.3130963444709778,0.9987286897982198,279.5,24.308688922911912,160.5,0.10428568720817566,0.05390350843460638,0.44579901695251467,0.06879449117266344
0.3273743763566017,0.9987286897982198,276.9,25.146149152291013,163.10000000000002,0.1038618266582489,0.053553695803425394,0.45472331047058107,0.07007534198314617
0.34165240824222565,0.9987286897982198,274.9,25.53878701708055,165.10000000000002,0.09995630979537964,0.05338555505045428,0.44964844584465025,0.07029604971304358
0.3559304401278496,0.9987286897982198,272.3,26.22118921611083,167.7,0.098687744140625,0.05341419899600572,0.4560095310211182,0.07066877960872207
0.3702084720134735,0.9987286897982198,269.3,26.693987039239286,170.7,0.09540324807167053,0.055359745951731223,0.46181902289390564,0.06881788848027022
0.38448650389909744,0.9987286897982198,265.5,29.32914848236709,174.5,0.09118263721466065,0.056645076794563355,0.45243221521377563,0.06610803500575459
0.3987645357847214,0.9987286897982198,263.2,29.970713077431036,176.8,0.08888648748397827,0.05463806514894474,0.4512676775455475,0.06693134450740944
0.4130425676703453,0.9987286897982198,260.2,30.775685413181726,179.8,0.08633719682693482,0.054077485319244716,0.45563246607780455,0.06566656997740446
0.42732059955596924,0.9987286897982198,256.1,31.471097061434943,183.89999999999998,0.08437008261680604,0.053262419865576484,0.4624268114566803,0.06347943338422675
0.44159863144159317,0.9987286897982198,249.4,34.19642126787925,190.6,0.0820565640926361,0.052633102564333144,0.46680998206138613,0.06554145822906988
0.4558766633272171,0.9987286897982198,243.2,36.347828075467575,196.8,0.07664815783500671,0.05195317081137266,0.47356794476509095,0.05864918948480235
0.47015469521284103,0.9987286897982198,234.6,41.375700352415095,205.4,0.0713111937046051,0.05636301862593442,0.48900418281555175,0.05796997527030412
0.48443272709846497,0.9987286897982198,207.5,60.58401517623707,232.5,0.056505024433135986,0.06745044020089049,0.5012288868427277,0.05278434448645636
0.4987107589840889,0.9987286897982198,168.6,84.26730268418784,271.4,0.05844869613647461,0.04957958647347687,0.5318059861660004,0.05148007432405003
0.5129887908697128,0.9987286897982198,141.7,96.90206916259675,298.3,0.046665847301483154,0.045152250871650576,0.5373594582080841,0.05972185834886755
0.5272668227553368,0.9987286897982198,119.9,96.68201420299184,320.1,0.03585096001625061,0.03760092187271627,0.544529789686203,0.059564034410417514
0.5415448546409607,0.9987286897982198,102.7,93.48002381922625,337.3,0.014993923902511596,0.04996853547139361,0.5401508986949921,0.05279865489762747
0.5558228865265846,0.9987286897982198,87.3,90.04727419315492,352.7,0.021421879529953003,0.03608547951680687,0.5536058008670807,0.047194555210885863
0.5701009184122086,0.9987286897982198,71.5,85.49254961583277,368.5,0.019719672203063966,0.029866873647393537,0.557657140493393,0.04943065876665997
0.5843789502978325,0.9987286897982198,61.8,79.7720428083959,378.2,0.012405943870544434,0.030648339033828628,0.5636368215084075,0.040425202814749636
0.5986569821834564,0.9987286897982198,43.6,68.13913781756928,396.4,0.010106170177459716,0.015504480255090847,0.5868362665176392,0.036264977243159906
0.6129350140690804,0.9987286897982198,31.1,50.752207226627306,408.9,0.0015159428119659423,0.012151404427000244,0.6041189730167389,0.05713582405057834
0.6272130459547043,0.9987286897982198,16.9,38.230456052234274,423.1,-0.006213414669036865,0.014055720499344474,0.6002269685268402,0.05314767263593448
0.6414910778403282,0.9987286897982198,11.9,26.919670237963782,428.1,-0.010595357418060303,0.02396836367626442,0.5988963365554809,0.05093085726599056
0.6557691097259521,0.9987286897982198,0.1,0.2262157162854099,439.9,0.0,0.0,0.5851844668388366,0.03566389654447194
0.0989258661866188,1.0161234451571775,357.8,43.3101855456162,82.19999999999999,0.31894026398658754,0.16700505041753846,0.23731126189231871,0.1502178407575086
0.11320389807224274,1.0161234451571775,353.2,40.283338932360856,86.80000000000001,0.32126933336257935,0.16550441385604256,0.15793457627296448,0.3176370384992415
0.12748192995786667,1.0161234451571775,344.4,43.204240770356684,95.60000000000002,0.3112573206424713,0.16499632918930487,0.20331419110298157,0.2822961786383379
0.1417599618434906,1.0161234451571775,329.4,40.74423536347681,110.60000000000002,0.2646394371986389,0.161531979556468,0.2402332603931427,0.23217035645608988
0.15603799372911453,1.0161234451571775,324.0,39.99037767018599,116.0,0.2587487280368805,0.16137878353289048,0.3281541883945465,0.12278830787955777
0.17031602561473846,1.0161234451571775,316.2,37.63741286742311,123.80000000000001,0.24254789352416992,0.1582962617821225,0.3394548952579498,0.13175977968405722
0.1845940575003624,1.0161234451571775,306.3,33.04788901330563,133.7,0.1998693823814392,0.12893125617606185,0.3802523076534271,0.09151107770498247
0.19887208938598633,1.0161234451571775,300.9,31.213488304855023,139.10000000000002,0.18659960031509398,0.11035359586671722,0.41811118721961976,0.07671435339471146
0.21315012127161026,1.0161234451571775,294.6,25.524868237656218,145.39999999999998,0.15281023383140563,0.0744620616883463,0.4278403401374817,0.07635778882241612
0.2274281531572342,1.0161234451571775,291.3,23.90964454441262,148.7,0.1221700668334961,0.051528672878260136,0.4304793953895569,0.08113436509928668
0.24170618504285812,1.0161234451571775,289.9,24.07884214174118,150.10000000000002,0.12171840071678161,0.05073052302455021,0.4364604473114014,0.08643992285761867
0.25598421692848206,1.0161234451571775,288.9,24.313834312019573,151.10000000000002,0.1205110251903534,0.0515809098256916,0.43897187113761904,0.08442541999926094
0.270262248814106,1.0161234451571775,286.4,24.448513477104026,153.60000000000002,0.11468554735183716,0.053142618085542395,0.4307739496231079,0.08021113413470919
0.2845402806997299,1.0161234451571775,282.6,24.212480091350276,157.39999999999998,0.10916871428489686,0.05052340436120275,0.4400824248790741,0.07690409349119084
0.29881831258535385,1.0161234451571775,280.8,24.354374629903674,159.2,0.10799957513809204,0.05451864471542285,0.4420166969299316,0.07178559915792063
0.3130963444709778,1.0161234451571775,279.8,24.71129882694326,160.2,0.1059167742729187,0.05482564304588013,0.4448238670825958,0.07036274851444167
0.3273743763566017,1.0161234451571775,277.2,25.552920732432096,162.8,0.10549291372299194,0.054488966298567115,0.45374816060066225,0.07168461717689062
0.34165240824222565,1.0161234451571775,275.2,25.95255087802394,164.8,0.10158739686012268,0.05439035551602582,0.44867329597473143,0.0718612393288992
0.3559304401278496,1.0161234451571775,272.6,26.641002737975366,167.39999999999998,0.10031883120536804,0.05444008583756296,0.4550343811511993,0.07227470876155291
0.3702084720134735,1.0161234451571775,269.6,27.12535120573906,170.39999999999998,0.09703433513641357,0.05640425542812228,0.4608438730239868,0.0705117097642471
0.38448650389909744,1.0161234451571775,265.5,29.32914848236709,174.5,0.09118263721466065,0.056645076794563355,0.45243221521377563,0.06610803500575459
0.3987645357847214,1.0161234451571775,263.2,29.970713077431036,176.8,0.08888648748397827,0.05463806514894474,0.4512676775455475,0.06693134450740944
0.4130425676703453,1.0161234451571775,260.2,30.775685413181726,179.8,0.08633719682693482,0.054077485319244716,0.45563246607780455,0.06566656997740446
0.42732059955596924,1.0161234451571775,256.1,31.471097061434943,183.89999999999998,0.08437008261680604,0.053262419865576484,0.4624268114566803,0.06347943338422675
0.44159863144159317,1.0161234451571775,249.4,34.19642126787925,190.6,0.0820565640926361,0.052633102564333144,0.46680998206138613,0.06554145822906988
0.4558766633272171,1.0161234451571775,243.2,36.347828075467575,196.8,0.07664815783500671,0.05195317081137266,0.47356794476509095,0.05864918948480235
0.47015469521284103,1.0161234451571775,234.6,41.375700352415095,205.4,0.0713111937046051,0.05636301862593442,0.48900418281555175,0.05796997527030412
0.48443272709846497,1.0161234451571775,207.5,60.58401517623707,232.5,0.056505024433135986,0.06745044020089049,0.5012288868427277,0.05278434448645636
0.4987107589840889,1.0161234451571775,168.6,84.26730268418784,271.4,0.05844869613647461,0.04957958647347687,0.5318059861660004,0.05148007432405003
0.5129887908697128,1.0161234451571775,141.7,96.90206916259675,298.3,0.046665847301483154,0.045152250871650576,0.5373594582080841,0.05972185834886755
0.5272668227553368,1.0161234451571775,119.9,96.68201420299184,320.1,0.03585096001625061,0.03760092187271627,0.544529789686203,0.059564034410417514
0.5415448546409607,1.0161234451571775,102.7,93.48002381922625,337.3,0.014993923902511596,0.04996853547139361,0.5401508986949921,0.05279865489762747
0.5558228865265846,1.0161234451571775,87.3,90.04727419315492,352.7,0.021421879529953003,0.03608547951680687,0.5536058008670807,0.047194555210885863
0.5701009184122086,1.0161234451571775,71.5,85.49254961583277,368.5,0.019719672203063966,0.029866873647393537,0.557657140493393,0.04943065876665997
0.5843789502978325,1.0161234451571775,61.8,79.7720428083959,378.2,0.012405943870544434,0.030648339033828628,0.5636368215084075,0.040425202814749636
0.5986569821834564,1.0161234451571775,43.6,68.13913781756928,396.4,0.010106170177459716,0.015504480255090847,0.5868362665176392,0.036264977243159906
0.6129350140690804,1.0161234451571775,31.1,50.752207226627306,408.9,0.0015159428119659423,0.012151404427000244,0.6041189730167389,0.05713582405057834
0.6272130459547043,1.0161234451571775,16.9,38.230456052234274,423.1,-0.006213414669036865,0.014055720499344474,0.6002269685268402,0.05314767263593448
0.6414910778403282,1.0161234451571775,11.9,26.919670237963782,428.1,-0.010595357418060303,0.02396836367626442,0.5988963365554809,0.05093085726599056
0.6557691097259521,1.0161234451571775,0.1,0.2262157162854099,439.9,0.0,0.0,0.5851844668388366,0.03566389654447194
0.0989258661866188,1.0335182005161352,362.2,45.104436343986364,77.80000000000001,0.3236003160476685,0.1672448706751062,0.23822981119155884,0.16694944026738165
0.11320389807224274,1.0335182005161352,357.6,42.451475206073276,82.39999999999998,0.3259649157524109,0.16573427430443638,0.15859081745147705,0.32645853709189615
0.12748192995786667,1.0335182005161352,348.7,45.65355988250587,91.30000000000001,0.3158776819705963,0.16562033769083573,0.20580383539199829,0.2933209969982444
0.1417599618434906,1.0335182005161352,333.2,42.81238265676134,106.80000000000001,0.27274382710456846,0.16137267183396029,0.24630518555641173,0.23540153299363628
0.15603799372911453,1.0335182005161352,326.7,42.093484473819245,113.30000000000001,0.26225353479385377,0.16342673126338536,0.3216367781162262,0.1314561869961643
0.17031602561473846,1.0335182005161352,318.9,39.9824857375136,121.10000000000002,0.2462356984615326,0.16053462178548678,0.3326340317726135,0.14296103629828413
0.1845940575003624,1.0335182005161352,308.8,35.775474959337274,131.2,0.20362194180488585,0.13309990602433414,0.38175690174102783,0.08990969683688843
0.19887208938598633,1.0335182005161352,302.9,33.11389101058496,137.10000000000002,0.19289293885231018,0.11763037598586785,0.420457136631012,0.07537761858086908
0.21315012127161026,1.0335182005161352,295.2,26.103285389421398,144.8,0.15605269074440004,0.07802986821545936,0.4297448813915253,0.07574147663934586
0.2274281531572342,1.0335182005161352,291.4,24.023877125095236,148.60000000000002,0.12314416170120239,0.05205827257090029,0.43098810911178587,0.08047373066144761
0.24170618504285812,1.0335182005161352,290.0,24.19556602704969,150.0,0.12269249558448792,0.051273247462511246,0.43696916103363037,0.08579997859389782
0.25598421692848206,1.0335182005161352,289.0,24.431762818827146,151.0,0.1214851200580597,0.0521276092362895,0.43948058485984803,0.08376141555632931
0.270262248814106,1.0335182005161352,286.5,24.571581231676113,153.5,0.11565964221954346,0.05373349332888489,0.43128266334533694,0.07954176113736353
0.2845402806997299,1.0335182005161352,282.7,24.3456180320246,157.3,0.11014280915260315,0.05120425766783188,0.4405911386013031,0.07617033759732018
0.29881831258535385,1.0335182005161352,280.9,24.490920419659233,159.10000000000002,0.10897367000579834,0.05516193731452155,0.44252541065216067,0.07099108391917552
0.3130963444709778,1.0335182005161352,279.9,24.84817152435019,160.10000000000002,0.106890869140625,0.05548616967369333,0.44533258080482485,0.06954030607101229
0.3273743763566017,1.0335182005161352,277.3,25.691063927924432,162.7,0.10646700859069824,0.05515778151266791,0.45425687432289125,0.07084108545756261
0.34165240824222565,1.0335182005161352,275.2,25.95255087802394,164.8,0.10158739686012268,0.05439035551602582,0.44867329597473143,0.0718612393288992
0.3559304401278496,1.0335182005161352,272.6,26.641002737975366,167.39999999999998,0.10031883120536804,0.05444008583756296,0.4550343811511993,0.07227470876155291
0.3702084720134735,1.0335182005161352,269.6,27.12535120573906,170.39999999999998,0.09703433513641357,0.05640425542812228,0.4608438730239868,0.0705117097642471
0.38448650389909744,1.0335182005161352,265.5,29.32914848236709,174.5,0.09118263721466065,0.056645076794563355,0.45243221521377563,0.06610803500575459
0.3987645357847214,1.0335182005161352,263.2,29.970713077431036,176.8,0.08888648748397827,0.05463806514894474,0.4512676775455475,0.06693134450740944
0.4130425676703453,1.0335182005161352,260.2,30.775685413181726,179.8,0.08633719682693482,0.054077485319244716,0.45563246607780455,0.06566656997740446
0.42732059955596924,1.0335182005161352,256.1,31.471097061434943,183.89999999999998,0.08437008261680604,0.053262419865576484,0.4624268114566803,0.06347943338422675
0.44159863144159317,1.0335182005161352,249.4,34.19642126787925,190.6,0.0820565640926361,0.052633102564333144,0.46680998206138613,0.06554145822906988
0.4558766633272171,1.0335182005161352,243.2,36.347828075467575,196.8,0.07664815783500671,0.05195317081137266,0.47356794476509095,0.05864918948480235
0.47015469521284103,1.0335182005161352,234.6,41.375700352415095,205.4,0.0713111937046051,0.05636301862593442,0.48900418281555175,0.05796997527030412
0.48443272709846497,1.0335182005161352,207.5,60.58401517623707,232.5,0.056505024433135986,0.06745044020089049,0.5012288868427277,0.05278434448645636
0.4987107589840889,1.0335182005161352,168.6,84.26730268418784,271.4,0.05844869613647461,0.04957958647347687,0.5318059861660004,0.05148007432405003
0.5129887908697128,1.0335182005161352,141.7,96.90206916259675,298.3,0.046665847301483154,0.045152250871650576,0.5373594582080841,0.05972185834886755
0.5272668227553368,1.0335182005161352,119.9,96.68201420299184,320.1,0.03585096001625061,0.03760092187271627,0.544529789686203,0.059564034410417514
0.5415448546409607,1.0335182005161352,102.7,93.48002381922625,337.3,0.014993923902511596,0.04996853547139361,0.5401508986949921,0.05279865489762747
0.5558228865265846,1.0335182005161352,87.3,90.04727419315492,352.7,0.021421879529953003,0.03608547951680687,0.5536058008670807,0.047194555210885863
0.5701009184122086,1.0335182005161352,71.5,85.49254961583277,368.5,0.019719672203063966,0.029866873647393537,0.557657140493393,0.04943065876665997
0.5843789502978325,1.0335182005161352,61.8,79.7720428083959,378.2,0.012405943870544434,0.030648339033828628,0.5636368215084075,0.040425202814749636
0.5986569821834564,1.0335182005161352,43.6,68.13913781756928,396.4,0.010106170177459716,0.015504480255090847,0.5868362665176392,0.036264977243159906
0.6129350140690804,1.0335182005161352,31.1,50.752207226627306,408.9,0.0015159428119659423,0.012151404427000244,0.6041189730167389,0.05713582405057834
0.6272130459547043,1.0335182005161352,16.9,38.230456052234274,423.1,-0.006213414669036865,0.014055720499344474,0.6002269685268402,0.05314767263593448
0.6414910778403282,1.0335182005161352,11.9,26.919670237963782,428.1,-0.010595357418060303,0.02396836367626442,0.5988963365554809,0.05093085726599056
0.6557691097259521,1.0335182005161352,0.1,0.2262157162854099,439.9,0.0,0.0,0.5851844668388366,0.03566389654447194
0.0989258661866188,1.0509129558750927,365.2,46.252125318866796,74.80000000000001,0.3240026533603668,0.1669344534666774,0.13972651958465576,0.30287520735614887
0.11320389807224274,1.0509129558750927,360.6,43.775582507020545,79.39999999999998,0.32647932767868043,0.16552891089230953,0.1635891318321228,0.31255228771594723
0.12748192995786667,1.0509129558750927,351.7,46.930963026835705,88.30000000000001,0.3169060409069061,0.16551639923181577,0.21119962334632875,0.2772087359760239
0.1417599618434906,1.0509129558750927,336.0,43.59701110098222,104.0,0.2794799506664276,0.1602711990713431,0.22200972437858582,0.23807296211612283
0.15603799372911453,1.0509129558750927,328.8,43.21818878608737,111.19999999999999,0.26845765113830566,0.1622888095286481,0.30632522106170657,0.13895407815377164
0.17031602561473846,1.0509129558750927,320.3,40.496263955931184,119.69999999999999,0.2523374319076538,0.15918027387522618,0.32041022181510925,0.14838081746806267
0.1845940575003624,1.0509129558750927,309.8,36.3384409654545,130.2,0.20926342010498047,0.13307138324932694,0.36941683292388916,0.10358492967900197
0.19887208938598633,1.0509129558750927,303.9,33.820657624197196,136.10000000000002,0.19853441715240477,0.11789039234663076,0.4081170678138733,0.09418572059592617
0.21315012127161026,1.0509129558750927,296.2,27.155938124915604,143.8,0.16169416904449463,0.07991398951894184,0.4174048125743866,0.09516444091297835
0.2274281531572342,1.0509129558750927,292.4,25.24938536814726,147.60000000000002,0.128785640001297,0.05673421881890595,0.4186480402946472,0.09906042133765919
0.24170618504285812,1.0509129558750927,291.0,25.444100902292043,149.0,0.1283339738845825,0.05604062259533037,0.4246290922164917,0.10383888575545189
0.25598421692848206,1.0509129558750927,290.0,25.69095326761285,150.0,0.1271265983581543,0.05689146646641654,0.42714051604270936,0.10233325667716604
0.270262248814106,1.0509129558750927,287.5,25.878941721107196,152.5,0.12130112051963807,0.05868571017389119,0.41894259452819826,0.09832584092842449
0.2845402806997299,1.0509129558750927,283.7,25.74854286684427,156.3,0.11578428745269775,0.05669209070151449,0.42825106978416444,0.09629966469184652
0.29881831258535385,1.0509129558750927,281.6,25.4825084624194,158.39999999999998,0.11379371285438537,0.05945491908520872,0.44212608933448794,0.07161393199659742
0.3130963444709778,1.0509129558750927,280.0,24.9863425413396,160.0,0.10862217545509338,0.05685234064748927,0.45159509778022766,0.060302427382272726
0.3273743763566017,1.0509129558750927,277.3,25.691063927924432,162.7,0.10646700859069824,0.05515778151266791,0.45425687432289125,0.07084108545756261
0.34165240824222565,1.0509129558750927,275.2,25.95255087802394,164.8,0.10158739686012268,0.05439035551602582,0.44867329597473143,0.0718612393288992
0.3559304401278496,1.0509129558750927,272.6,26.641002737975366,167.39999999999998,0.10031883120536804,0.05444008583756296,0.4550343811511993,0.07227470876155291
0.3702084720134735,1.0509129558750927,269.6,27.12535120573906,170.39999999999998,0.09703433513641357,0.05640425542812228,0.4608438730239868,0.0705117097642471
0.38448650389909744,1.0509129558750927,265.5,29.32914848236709,174.5,0.09118263721466065,0.056645076794563355,0.45243221521377563,0.06610803500575459
0.3987645357847214,1.0509129558750927,263.2,29.970713077431036,176.8,0.08888648748397827,0.05463806514894474,0.4512676775455475,0.06693134450740944
0.4130425676703453,1.0509129558750927,260.2,30.775685413181726,179.8,0.08633719682693482,0.054077485319244716,0.45563246607780455,0.06566656997740446
0.42732059955596924,1.0509129558750927,256.1,31.471097061434943,183.89999999999998,0.08437008261680604,0.053262419865576484,0.4624268114566803,0.06347943338422675
0.44159863144159317,1.0509129558750927,249.4,34.19642126787925,190.6,0.0820565640926361,0.052633102564333144,0.46680998206138613,0.06554145822906988
0.4558766633272171,1.0509129558750927,243.2,36.347828075467575,196.8,0.07664815783500671,0.05195317081137266,0.47356794476509095,0.05864918948480235
0.47015469521284103,1.0509129558750927,234.6,41.375700352415095,205.4,0.0713111937046051,0.05636301862593442,0.48900418281555175,0.05796997527030412
0.48443272709846497,1.0509129558750927,207.5,60.58401517623707,232.5,0.056505024433135986,0.06745044020089049,0.5012288868427277,0.05278434448645636
0.4987107589840889,1.0509129558750927,168.6,84.26730268418784,271.4,0.05844869613647461,0.04957958647347687,0.5318059861660004,0.05148007432405003
0.5129887908697128,1.0509129558750927,141.7,96.90206916259675,298.3,0.046665847301483154,0.045152250871650576,0.5373594582080841,0.05972185834886755
0.5272668227553368,1.0509129558750927,119.9,96.68201420299184,320.1,0.03585096001625061,0.03760092187271627,0.544529789686203,0.059564034410417514
0.5415448546409607,1.0509129558750927,102.7,93.48002381922625,337.3,0.014993923902511596,0.04996853547139361,0.5401508986949921,0.05279865489762747
0.5558228865265846,1.0509129558750927,87.3,90.04727419315492,352.7,0.021421879529953003,0.03608547951680687,0.5536058008670807,0.047194555210885863
0.5701009184122086,1.0509129558750927,71.5,85.49254961583277,368.5,0.019719672203063966,0.029866873647393537,0.557657140493393,0.04943065876665997
0.5843789502978325,1.0509129558750927,61.8,79.7720428083959,378.2,0.012405943870544434,0.030648339033828628,0.5636368215084075,0.040425202814749636
0.5986569821834564,1.0509129558750927,43.6,68.13913781756928,396.4,0.010106170177459716,0.015504480255090847,0.5868362665176392,0.036264977243159906
0.6129350140690804,1.0509129558750927,31.1,50.752207226627306,408.9,0.0015159428119659423,0.012151404427000244,0.6041189730167389,0.05713582405057834
0.6272130459547043,1.0509129558750927,16.9,38.230456052234274,423.1,-0.006213414669036865,0.014055720499344474,0.6002269685268402,0.05314767263593448
0.6414910778403282,1.0509129558750927,11.9,26.919670237963782,428.1,-0.010595357418060303,0.02396836367626442,0.5988963365554809,0.05093085726599056
0.6557691097259521,1.0509129558750927,0.1,0.2262157162854099,439.9,0.0,0.0,0.5851844668388366,0.03566389654447194
0.0989258661866188,1.0683077112340504,366.7,45.85859968483054,73.30000000000001,0.3265323281288147,0.16485165611560026,0.2163660228252411,0.16064018468451516
0.11320389807224274,1.0683077112340504,362.1,43.37663010630094,77.89999999999998,0.3290411293506622,0.16356018748573178,0.21011829376220703,0.3425351333777743
0.12748192995786667,1.0683077112340504,353.2,46.471655852027844,86.80000000000001,0.3198163628578186,0.16352978414479027,0.2506506085395813,0.30144857366130084
0.1417599618434906,1.0683077112340504,337.4,43.02091909120465,102.60000000000002,0.28652784824371336,0.15734924604323938,0.23052075505256653,0.23595715142435442
0.15603799372911453,1.0683077112340504,329.5,43.18982747691618,110.5,0.2735613226890564,0.1604773584438977,0.3156930088996887,0.1339033261519977
0.17031602561473846,1.0683077112340504,320.8,40.57166240953937,119.19999999999999,0.2559731900691986,0.15825186816722325,0.32959961891174316,0.1425770000833756
0.1845940575003624,1.0683077112340504,310.1,36.53296272178598,129.89999999999998,0.21186922788619994,0.1334708304411369,0.37884936928749086,0.0925573928217549
0.19887208938598633,1.0683077112340504,304.2,34.05913654038127,135.8,0.20114022493362427,0.11847534505323493,0.417549604177475,0.0793275606098946
0.21315012127161026,1.0683077112340504,296.5,27.500177892197907,143.5,0.16429997682571412,0.0814473888662424,0.4268373489379883,0.07986586835861438
0.2274281531572342,1.0683077112340504,292.7,25.644544580377243,147.3,0.1313914477825165,0.05969690791212145,0.4280805766582489,0.08439145454855401
0.24170618504285812,1.0683077112340504,291.3,25.84552370903934,148.7,0.130939781665802,0.059049462586088224,0.4340616285800934,0.08959524793099846
0.25598421692848206,1.0683077112340504,290.3,26.09511567073667,149.7,0.12973240613937378,0.059887431249814146,0.43657305240631106,0.08769236383608328
0.270262248814106,1.0683077112340504,287.7,26.15605463152752,152.3,0.12329013347625732,0.060975104749241255,0.42752052545547486,0.08473693588909352
0.2845402806997299,1.0683077112340504,283.7,25.74854286684427,156.3,0.11578428745269775,0.05669209070151449,0.42825106978416444,0.09629966469184652
0.29881831258535385,1.0683077112340504,281.6,25.4825084624194,158.39999999999998,0.11379371285438537,0.05945491908520872,0.44212608933448794,0.07161393199659742
0.3130963444709778,1.0683077112340504,280.0,24.9863425413396,160.0,0.10862217545509338,0.05685234064748927,0.45159509778022766,0.060302427382272726
0.3273743763566017,1.0683077112340504,277.3,25.691063927924432,162.7,0.10646700859069824,0.05515778151266791,0.45425687432289125,0.07084108545756261
0.34165240824222565,1.0683077112340504,275.2,25.95255087802394,164.8,0.10158739686012268,0.05439035551602582,0.44867329597473143,0.0718612393288992
0.3559304401278496,1.0683077112340504,272.6,26.641002737975366,167.39999999999998,0.10031883120536804,0.05444008583756296,0.4550343811511993,0.07227470876155291
0.3702084720134735,1.0683077112340504,269.6,27.12535120573906,170.39999999999998,0.09703433513641357,0.05640425542812228,0.4608438730239868,0.0705117097642471
0.38448650389909744,1.0683077112340504,265.5,29.32914848236709,174.5,0.09118263721466065,0.056645076794563355,0.45243221521377563,0.06610803500575459
0.3987645357847214,1.0683077112340504,263.2,29.970713077431036,176.8,0.08888648748397827,0.05463806514894474,0.4512676775455475,0.06693134450740944
0.4130425676703453,1.0683077112340504,260.2,30.775685413181726,179.8,0.08633719682693482,0.054077485319244716,0.45563246607780455,0.06566656997740446
0.42732059955596924,1.0683077112340504,256.1,31.471097061434943,183.89999999999998,0.08437008261680604,0.053262419865576484,0.4624268114566803,0.06347943338422675
0.44159863144159317,1.0683077112340504,249.4,34.19642126787925,190.6,0.0820565640926361,0.052633102564333144,0.46680998206138613,0.06554145822906988
0.4558766633272171,1.0683077112340504,243.2,36.347828075467575,196.8,0.07664815783500671,0.05195317081137266,0.47356794476509095,0.05864918948480235
0.47015469521284103,1.0683077112340504,234.6,41.375700352415095,205.4,0.0713111937046051,0.05636301862593442,0.48900418281555175,0.05796997527030412
0.48443272709846497,1.0683077112340504,207.5,60.58401517623707,232.5,0.056505024433135986,0.06745044020089049,0.5012288868427277,0.05278434448645636
0.4987107589840889,1.0683077112340504,168.6,84.26730268418784,271.4,0.05844869613647461,0.04957958647347687,0.5318059861660004,0.05148007432405003
0.5129887908697128,1.0683077112340504,141.7,96.90206916259675,298.3,0.046665847301483154,0.045152250871650576,0.5373594582080841,0.05972185834886755
0.5272668227553368,1.0683077112340504,119.9,96.68201420299184,320.1,0.03585096001625061,0.03760092187271627,0.544529789686203,0.059564034410417514
0.5415448546409607,1.0683077112340504,102.7,93.48002381922625,337.3,0.014993923902511596,0.04996853547139361,0.5401508986949921,0.05279865489762747
0.5558228865265846,1.0683077112340504,87.3,90.04727419315492,352.7,0.021421879529953003,0.03608547951680687,0.5536058008670807,0.047194555210885863
0.5701009184122086,1.0683077112340504,71.5,85.49254961583277,368.5,0.019719672203063966,0.029866873647393537,0.557657140493393,0.04943065876665997
0.5843789502978325,1.0683077112340504,61.8,79.7720428083959,378.2,0.012405943870544434,0.030648339033828628,0.5636368215084075,0.040425202814749636
0.5986569821834564,1.0683077112340504,43.6,68.13913781756928,396.4,0.010106170177459716,0.015504480255090847,0.5868362665176392,0.036264977243159906
0.6129350140690804,1.0683077112340504,31.1,50.752207226627306,408.9,0.0015159428119659423,0.012151404427000244,0.6041189730167389,0.05713582405057834
0.6272130459547043,1.0683077112340504,16.9,38.230456052234274,423.1,-0.006213414669036865,0.014055720499344474,0.6002269685268402,0.05314767263593448
0.6414910778403282,1.0683077112340504,11.9,26.919670237963782,428.1,-0.010595357418060303,0.02396836367626442,0.5988963365554809,0.05093085726599056
0.6557691097259521,1.0683077112340504,0.1,0.2262157162854099,439.9,0.0,0.0,0.5851844668388366,0.03566389654447194
0.0989258661866188,1.0857024665930082,369.1,45.46185534538839,70.89999999999998,0.3307579278945923,0.16251472249205068,0.22089921236038207,0.142590653740869
0.11320389807224274,1.0857024665930082,364.5,43.01305442999929,75.5,0.33330184817314146,0.16118116005088867,-0.9353428661823273,2.446365437103147
0.12748192995786667,1.0857024665930082,355.6,46.056739604626344,84.39999999999998,0.3244266927242279,0.16117623207876186,0.2302061438560486,0.2858346650153247
0.1417599618434906,1.0857024665930082,339.8,42.38123253915061,100.19999999999999,0.2937444865703583,0.15482282807931075,0.22005351185798644,0.2357118331268153
0.15603799372911453,1.0857024665930082,331.8,42.70200734970941,108.19999999999999,0.28136351704597473,0.15772041699131903,0.3072768211364746,0.1361652961345679
0.17031602561473846,1.0857024665930082,322.4,40.635238811939374,117.60000000000002,0.2641987383365631,0.1548131760222618,0.32341638803482053,0.14675754174303876
0.1845940575003624,1.0857024665930082,311.3,36.81760684443746,128.7,0.21878804564476012,0.13044196671254613,0.3735948860645294,0.10022514097775999
0.19887208938598633,1.0857024665930082,304.9,34.225091384707135,135.10000000000002,0.20551900267601014,0.11636790138504062,0.4163936197757721,0.08100083839511975
0.21315012127161026,1.0857024665930082,296.7,27.736523310928245,143.3,0.16532188653945923,0.08215645107292224,0.4260510504245758,0.08103691347289747
0.2274281531572342,1.0857024665930082,292.8,25.77888857233213,147.2,0.1321782648563385,0.06067567471941417,0.429390424489975,0.08258469063842222
0.24170618504285812,1.0857024665930082,291.3,25.84552370903934,148.7,0.130939781665802,0.059049462586088224,0.4340616285800934,0.08959524793099846
0.25598421692848206,1.0857024665930082,290.3,26.09511567073667,149.7,0.12973240613937378,0.059887431249814146,0.43657305240631106,0.08769236383608328
0.270262248814106,1.0857024665930082,287.7,26.15605463152752,152.3,0.12329013347625732,0.060975104749241255,0.42752052545547486,0.08473693588909352
0.2845402806997299,1.0857024665930082,283.7,25.74854286684427,156.3,0.11578428745269775,0.05669209070151449,0.42825106978416444,0.09629966469184652
0.29881831258535385,1.0857024665930082,281.6,25.4825084624194,158.39999999999998,0.11379371285438537,0.05945491908520872,0.44212608933448794,0.07161393199659742
0.3130963444709778,1.0857024665930082,280.0,24.9863425413396,160.0,0.10862217545509338,0.05685234064748927,0.45159509778022766,0.060302427382272726
0.3273743763566017,1.0857024665930082,277.3,25.691063927924432,162.7,0.10646700859069824,0.05515778151266791,0.45425687432289125,0.07084108545756261
0.34165240824222565,1.0857024665930082,275.2,25.95255087802394,164.8,0.10158739686012268,0.05439035551602582,0.44867329597473143,0.0718612393288992
0.3559304401278496,1.0857024665930082,272.6,26.641002737975366,167.39999999999998,0.10031883120536804,0.05444008583756296,0.4550343811511993,0.07227470876155291
0.3702084720134735,1.0857024665930082,269.6,27.12535120573906,170.39999999999998,0.09703433513641357,0.05640425542812228,0.4608438730239868,0.0705117097642471
0.38448650389909744,1.0857024665930082,265.5,29.32914848236709,174.5,0.09118263721466065,0.056645076794563355,0.45243221521377563,0.06610803500575459
0.3987645357847214,1.0857024665930082,263.2,29.970713077431036,176.8,0.08888648748397827,0.05463806514894474,0.4512676775455475,0.06693134450740944
0.4130425676703453,1.0857024665930082,260.2,30.775685413181726,179.8,0.08633719682693482,0.054077485319244716,0.45563246607780455,0.06566656997740446
0.42732059955596924,1.0857024665930082,256.1,31.471097061434943,183.89999999999998,0.08437008261680604,0.053262419865576484,0.4624268114566803,0.06347943338422675
0.44159863144159317,1.0857024665930082,249.4,34.19642126787925,190.6,0.0820565640926361,0.052633102564333144,0.46680998206138613,0.06554145822906988
0.4558766633272171,1.0857024665930082,243.2,36.347828075467575,196.8,0.07664815783500671,0.05195317081137266,0.47356794476509095,0.05864918948480235
0.47015469521284103,1.0857024665930082,234.6,41.375700352415095,205.4,0.0713111937046051,0.05636301862593442,0.48900418281555175,0.05796997527030412
0.48443272709846497,1.0857024665930082,207.5,60.58401517623707,232.5,0.056505024433135986,0.06745044020089049,0.5012288868427277,0.05278434448645636
0.4987107589840889,1.0857024665930082,168.6,84.26730268418784,271.4,0.05844869613647461,0.04957958647347687,0.5318059861660004,0.05148007432405003
0.5129887908697128,1.0857024665930082,141.7,96.90206916259675,298.3,0.046665847301483154,0.045152250871650576,0.5373594582080841,0.05972185834886755
0.5272668227553368,1.0857024665930082,119.9,96.68201420299184,320.1,0.03585096001625061,0.03760092187271627,0.544529789686203,0.059564034410417514
0.5415448546409607,1.0857024665930082,102.7,93.48002381922625,337.3,0.014993923902511596,0.04996853547139361,0.5401508986949921,0.05279865489762747
0.5558228865265846,1.0857024665930082,87.3,90.04727419315492,352.7,0.021421879529953003,0.03608547951680687,0.5536058008670807,0.047194555210885863
0.5701009184122086,1.0857024665930082,71.5,85.49254961583277,368.5,0.019719672203063966,0.029866873647393537,0.557657140493393,0.04943065876665997
0.5843789502978325,1.0857024665930082,61.8,79.7720428083959,378.2,0.012405943870544434,0.030648339033828628,0.5636368215084075,0.040425202814749636
0.5986569821834564,1.0857024665930082,43.6,68.13913781756928,396.4,0.010106170177459716,0.015504480255090847,0.5868362665176392,0.036264977243159906
0.6129350140690804,1.0857024665930082,31.1,50.752207226627306,408.9,0.0015159428119659423,0.012151404427000244,0.6041189730167389,0.05713582405057834
0.6272130459547043,1.0857024665930082,16.9,38.230456052234274,423.1,-0.006213414669036865,0.014055720499344474,0.6002269685268402,0.05314767263593448
0.6414910778403282,1.0857024665930082,11.9,26.919670237963782,428.1,-0.010595357418060303,0.02396836367626442,0.5988963365554809,0.05093085726599056
0.6557691097259521,1.0857024665930082,0.1,0.2262157162854099,439.9,0.0,0.0,0.5851844668388366,0.03566389654447194
0.0989258661866188,1.1030972219519657,371.6,44.275398101905886,68.39999999999998,0.3400933265686035,0.15683610015142221,0.21308183073997497,0.13936173198183133
0.11320389807224274,1.1030972219519657,367.0,41.89166525814066,73.0,0.342629599571228,0.15540258777226945,-0.9423651814460754,2.444266905483924
0.12748192995786667,1.1030972219519657,358.1,44.88664287007792,81.89999999999998,0.3346212387084961,0.15497758506377052,0.230059415102005,0.2854322701041002
0.1417599618434906,1.1030972219519657,342.3,41.199217100801434,97.69999999999999,0.3049811065196991,0.14871324752583945,0.22216772437095642,0.23625939969021462
0.15603799372911453,1.1030972219519657,334.3,41.52501526639194,105.69999999999999,0.293997198343277,0.15107070073036938,0.3094728946685791,0.13666427384564445
0.17031602561473846,1.1030972219519657,324.5,39.71251101135067,115.5,0.2775674283504486,0.1472021268530105,0.32618461847305297,0.14810463951667557
0.1845940575003624,1.1030972219519657,312.7,36.381054610437786,127.30000000000001,0.23001028895378112,0.12470329338385906,0.3753816485404968,0.10200466586058538
0.19887208938598633,1.1030972219519657,306.0,33.95580874660309,134.0,0.21482230424880983,0.11115870640999918,0.4180195093154907,0.0826161654826825
0.21315012127161026,1.1030972219519657,296.9,27.696314429267265,143.10000000000002,0.16787333488464357,0.07928326749165082,0.42709841132164,0.08211144210189977
0.2274281531572342,1.1030972219519657,292.8,25.77888857233213,147.2,0.1321782648563385,0.06067567471941417,0.429390424489975,0.08258469063842222
0.24170618504285812,1.1030972219519657,291.3,25.84552370903934,148.7,0.130939781665802,0.059049462586088224,0.4340616285800934,0.08959524793099846
0.25598421692848206,1.1030972219519657,290.3,26.09511567073667,149.7,0.12973240613937378,0.059887431249814146,0.43657305240631106,0.08769236383608328
0.270262248814106,1.1030972219519657,287.7,26.15605463152752,152.3,0.12329013347625732,0.060975104749241255,0.42752052545547486,0.08473693588909352
0.2845402806997299,1.1030972219519657,283.7,25.74854286684427,156.3,0.11578428745269775,0.05669209070151449,0.42825106978416444,0.09629966469184652
0.29881831258535385,1.1030972219519657,281.6,25.4825084624194,158.39999999999998,0.11379371285438537,0.05945491908520872,0.44212608933448794,0.07161393199659742
0.3130963444709778,1.1030972219519657,280.0,24.9863425413396,160.0,0.10862217545509338,0.05685234064748927,0.45159509778022766,0.060302427382272726
0.3273743763566017,1.1030972219519657,277.3,25.691063927924432,162.7,0.10646700859069824,0.05515778151266791,0.45425687432289125,0.07084108545756261
0.34165240824222565,1.1030972219519657,275.2,25.95255087802394,164.8,0.10158739686012268,0.05439035551602582,0.44867329597473143,0.0718612393288992
0.3559304401278496,1.1030972219519657,272.6,26.641002737975366,167.39999999999998,0.10031883120536804,0.05444008583756296,0.4550343811511993,0.07227470876155291
0.3702084720134735,1.1030972219519657,269.6,27.12535120573906,170.39999999999998,0.09703433513641357,0.05640425542812228,0.4608438730239868,0.0705117097642471
0.38448650389909744,1.1030972219519657,265.5,29.32914848236709,174.5,0.09118263721466065,0.056645076794563355,0.45243221521377563,0.06610803500575459
0.3987645357847214,1.1030972219519657,263.2,29.970713077431036,176.8,0.08888648748397827,0.05463806514894474,0.4512676775455475,0.06693134450740944
0.4130425676703453,1.1030972219519657,260.2,30.775685413181726,179.8,0.08633719682693482,0.054077485319244716,0.45563246607780455,0.06566656997740446
0.42732059955596924,1.1030972219519657,256.1,31.471097061434943,183.89999999999998,0.08437008261680604,0.053262419865576484,0.4624268114566803,0.06347943338422675
0.44159863144159317,1.1030972219519657,249.4,34.19642126787925,190.6,0.0820565640926361,0.052633102564333144,0.46680998206138613,0.06554145822906988
0.4558766633272171,1.1030972219519657,243.2,36.347828075467575,196.8,0.07664815783500671,0.05195317081137266,0.47356794476509095,0.05864918948480235
0.47015469521284103,1.1030972219519657,234.6,41.375700352415095,205.4,0.0713111937046051,0.05636301862593442,0.48900418281555175,0.05796997527030412
0.48443272709846497,1.1030972219519657,207.5,60.58401517623707,232.5,0.056505024433135986,0.06745044020089049,0.5012288868427277,0.05278434448645636
0.4987107589840889,1.1030972219519657,168.6,84.26730268418784,271.4,0.05844869613647461,0.04957958647347687,0.5318059861660004,0.05148007432405003
0.5129887908697128,1.1030972219519657,141.7,96.90206916259675,298.3,0.046665847301483154,0.045152250871650576,0.5373594582080841,0.05972185834886755
0.5272668227553368,1.1030972219519657,119.9,96.68201420299184,320.1,0.03585096001625061,0.03760092187271627,0.544529789686203,0.059564034410417514
0.5415448546409607,1.1030972219519657,102.7,93.48002381922625,337.3,0.014993923902511596,0.04996853547139361,0.5401508986949921,0.05279865489762747
0.5558228865265846,1.1030972219519657,87.3,90.04727419315492,352.7,0.021421879529953003,0.03608547951680687,0.5536058008670807,0.047194555210885863
0.5701009184122086,1.1030972219519657,71.5,85.49254961583277,368.5,0.019719672203063966,0.029866873647393537,0.557657140493393,0.04943065876665997
0.5843789502978325,1.1030972219519657,61.8,79.7720428083959,378.2,0.012405943870544434,0.030648339033828628,0.5636368215084075,0.040425202814749636
0.5986569821834564,1.1030972219519657,43.6,68.13913781756928,396.4,0.010106170177459716,0.015504480255090847,0.5868362665176392,0.036264977243159906
0.6129350140690804,1.1030972219519657,31.1,50.752207226627306,408.9,0.0015159428119659423,0.012151404427000244,0.6041189730167389,0.05713582405057834
0.6272130459547043,1.1030972219519657,16.9,38.230456052234274,423.1,-0.006213414669036865,0.014055720499344474,0.6002269685268402,0.05314767263593448
0.6414910778403282,1.1030972219519657,11.9,26.919670237963782,428.1,-0.010595357418060303,0.02396836367626442,0.5988963365554809,0.05093085726599056
0.6557691097259521,1.1030972219519657,0.1,0.2262157162854099,439.9,0.0,0.0,0.5851844668388366,0.03566389654447194
0.0989258661866188,1.1204919773109236,389.0,44.72236334890177,51.0,0.4109459936618805,0.14778334771524246,0.12144311666488647,0.12740609078642576
0.11320389807224274,1.1204919773109236,384.4,43.42477648362632,55.60000000000002,0.413482266664505,0.14556086305220428,-1.034003895521164,2.4188512695004762
0.12748192995786667,1.1204919773109236,375.5,46.16900884812179,64.5,0.40836068987846375,0.14580855765844888,0.2097366988658905,0.30593335732563054
0.1417599618434906,1.1204919773109236,359.7,45.37998533276774,80.30000000000001,0.3806755840778351,0.1468087368265426,0.1961560070514679,0.25413503084974104
0.15603799372911453,1.1204919773109236,351.7,46.32490633882531,88.30000000000001,0.3716175675392151,0.15210247870232496,0.2796206116676331,0.1666741206871292
0.17031602561473846,1.1204919773109236,341.7,42.814042760521666,98.30000000000001,0.36213832497596743,0.15054363075280133,0.2832512319087982,0.16329723593514572
0.1845940575003624,1.1204919773109236,329.8,40.8941179122966,110.19999999999999,0.31760493516921995,0.14283074032369317,0.3305210530757904,0.12969014976255178
0.19887208938598633,1.1204919773109236,322.5,39.80261081723008,117.5,0.30102925300598143,0.13794412974456915,0.3757346928119659,0.11583094489070213
0.21315012127161026,1.1204919773109236,313.1,34.552470858408135,126.89999999999998,0.2601089358329773,0.12579800202951405,0.40156704783439634,0.08964903075333995
0.2274281531572342,1.1204919773109236,307.6,31.888838919794367,132.39999999999998,0.22025119066238402,0.11798521025682289,0.44547709822654724,0.09895664187094447
0.24170618504285812,1.1204919773109236,303.5,29.481905497312084,136.5,0.20812828540802003,0.10328118667888199,0.4536018788814545,0.1099600713960256
0.25598421692848206,1.1204919773109236,293.3,26.368231945877454,146.7,0.15550060272216798,0.05464065289500775,0.4427297592163086,0.09483197379481385
0.270262248814106,1.1204919773109236,287.7,26.15605463152752,152.3,0.12329013347625732,0.060975104749241255,0.42752052545547486,0.08473693588909352
0.2845402806997299,1.1204919773109236,283.7,25.74854286684427,156.3,0.11578428745269775,0.05669209070151449,0.42825106978416444,0.09629966469184652
0.29881831258535385,1.1204919773109236,281.6,25.4825084624194,158.39999999999998,0.11379371285438537,0.05945491908520872,0.44212608933448794,0.07161393199659742
0.3130963444709778,1.1204919773109236,280.0,24.9863425413396,160.0,0.10862217545509338,0.05685234064748927,0.45159509778022766,0.060302427382272726
0.3273743763566017,1.1204919773109236,277.3,25.691063927924432,162.7,0.10646700859069824,0.05515778151266791,0.45425687432289125,0.07084108545756261
0.34165240824222565,1.1204919773109236,275.2,25.95255087802394,164.8,0.10158739686012268,0.05439035551602582,0.44867329597473143,0.0718612393288992
0.3559304401278496,1.1204919773109236,272.6,26.641002737975366,167.39999999999998,0.10031883120536804,0.05444008583756296,0.4550343811511993,0.07227470876155291
0.3702084720134735,1.1204919773109236,269.6,27.12535120573906,170.39999999999998,0.09703433513641357,0.05640425542812228,0.4608438730239868,0.0705117097642471
0.38448650389909744,1.1204919773109236,265.5,29.32914848236709,174.5,0.09118263721466065,0.056645076794563355,0.45243221521377563,0.06610803500575459
0.3987645357847214,1.1204919773109236,263.2,29.970713077431036,176.8,0.08888648748397827,0.05463806514894474,0.4512676775455475,0.06693134450740944
0.4130425676703453,1.1204919773109236,260.2,30.775685413181726,179.8,0.08633719682693482,0.054077485319244716,0.45563246607780455,0.06566656997740446
0.42732059955596924,1.1204919773109236,256.1,31.471097061434943,183.89999999999998,0.08437008261680604,0.053262419865576484,0.4624268114566803,0.06347943338422675
0.44159863144159317,1.1204919773109236,249.4,34.19642126787925,190.6,0.0820565640926361,0.052633102564333144,0.46680998206138613,0.06554145822906988
0.4558766633272171,1.1204919773109236,243.2,36.347828075467575,196.8,0.07664815783500671,0.05195317081137266,0.47356794476509095,0.05864918948480235
0.47015469521284103,1.1204919773109236,234.6,41.375700352415095,205.4,0.0713111937046051,0.05636301862593442,0.48900418281555175,0.05796997527030412
0.48443272709846497,1.1204919773109236,207.5,60.58401517623707,232.5,0.056505024433135986,0.06745044020089049,0.5012288868427277,0.05278434448645636
0.4987107589840889,1.1204919773109236,168.6,84.26730268418784,271.4,0.05844869613647461,0.04957958647347687,0.5318059861660004,0.05148007432405003
0.5129887908697128,1.1204919773109236,141.7,96.90206916259675,298.3,0.046665847301483154,0.045152250871650576,0.5373594582080841,0.05972185834886755
0.5272668227553368,1.1204919773109236,119.9,96.68201420299184,320.1,0.03585096001625061,0.03760092187271627,0.544529789686203,0.059564034410417514
0.5415448546409607,1.1204919773109236,102.7,93.48002381922625,337.3,0.014993923902511596,0.04996853547139361,0.5401508986949921,0.05279865489762747
0.5558228865265846,1.1204919773109236,87.3,90.04727419315492,352.7,0.021421879529953003,0.03608547951680687,0.5536058008670807,0.047194555210885863
0.5701009184122086,1.1204919773109236,71.5,85.49254961583277,368.5,0.019719672203063966,0.029866873647393537,0.557657140493393,0.04943065876665997
0.5843789502978325,1.1204919773109236,61.8,79.7720428083959,378.2,0.012405943870544434,0.030648339033828628,0.5636368215084075,0.040425202814749636
0.5986569821834564,1.1204919773109236,43.6,68.13913781756928,396.4,0.010106170177459716,0.015504480255090847,0.5868362665176392,0.036264977243159906
0.6129350140690804,1.1204919773109236,31.1,50.752207226627306,408.9,0.0015159428119659423,0.012151404427000244,0.6041189730167389,0.05713582405057834
0.6272130459547043,1.1204919773109236,16.9,38.230456052234274,423.1,-0.006213414669036865,0.014055720499344474,0.6002269685268402,0.05314767263593448
0.6414910778403282,1.1204919773109236,11.9,26.919670237963782,428.1,-0.010595357418060303,0.02396836367626442,0.5988963365554809,0.05093085726599056
0.6557691097259521,1.1204919773109236,0.1,0.2262157162854099,439.9,0.0,0.0,0.5851844668388366,0.03566389654447194
0.0989258661866188,1.1378867326698812,394.3,44.24694341101715,45.69999999999999,0.4291468679904938,0.14939547482938603,0.11712626814842224,0.11343177322169802
0.11320389807224274,1.1378867326698812,389.7,43.22509533480898,50.30000000000001,0.4316628038883209,0.14703594960101415,-1.036408358812332,2.417474932953453
0.12748192995786667,1.1378867326698812,380.8,45.344575276803795,59.19999999999999,0.42751225233078005,0.14742474761730595,0.10370317697525025,0.28055273321004087
0.1417599618434906,1.1378867326698812,365.0,44.87467062374644,75.0,0.40095959305763246,0.1497493530774943,0.10238235592842101,0.2286473526213757
0.15603799372911453,1.1378867326698812,357.0,45.609885759258475,83.0,0.3934033036231995,0.15457523096408082,0.19188687205314636,0.16646256024025788
0.17031602561473846,1.1378867326698812,347.0,42.2968949013572,93.0,0.38500664830207826,0.15338422723496475,0.2075969994068146,0.172096579419313
0.1845940575003624,1.1378867326698812,334.6,41.31243766255795,105.39999999999998,0.33981138467788696,0.14856151577858223,0.25416857600212095,0.15527916831357017
0.19887208938598633,1.1378867326698812,326.8,40.86490891720026,113.19999999999999,0.3204898715019226,0.1467456447506818,0.3045027136802673,0.14714201302148278
0.21315012127161026,1.1378867326698812,316.3,36.594543823599196,123.69999999999999,0.2742365896701813,0.1415382354434043,0.3469622075557709,0.10255567536572391
0.2274281531572342,1.1378867326698812,308.8,32.7710161328709,131.2,0.2267877697944641,0.12749882517682232,0.4376551151275635,0.09301714796158533
0.24170618504285812,1.1378867326698812,303.5,29.481905497312084,136.5,0.20812828540802003,0.10328118667888199,0.4536018788814545,0.1099600713960256
0.25598421692848206,1.1378867326698812,293.3,26.368231945877454,146.7,0.15550060272216798,0.05464065289500775,0.4427297592163086,0.09483197379481385
0.270262248814106,1.1378867326698812,287.7,26.15605463152752,152.3,0.12329013347625732,0.060975104749241255,0.42752052545547486,0.08473693588909352
0.2845402806997299,1.1378867326698812,283.7,25.74854286684427,156.3,0.11578428745269775,0.05669209070151449,0.42825106978416444,0.09629966469184652
0.29881831258535385,1.1378867326698812,281.6,25.4825084624194,158.39999999999998,0.11379371285438537,0.05945491908520872,0.44212608933448794,0.07161393199659742
0.3130963444709778,1.1378867326698812,280.0,24.9863425413396,160.0,0.10862217545509338,0.05685234064748927,0.45159509778022766,0.060302427382272726
0.3273743763566017,1.1378867326698812,277.3,25.691063927924432,162.7,0.10646700859069824,0.05515778151266791,0.45425687432289125,0.07084108545756261
0.34165240824222565,1.1378867326698812,275.2,25.95255087802394,164.8,0.10158739686012268,0.05439035551602582,0.44867329597473143,0.0718612393288992
0.3559304401278496,1.1378867326698812,272.6,26.641002737975366,167.39999999999998,0.10031883120536804,0.05444008583756296,0.4550343811511993,0.07227470876155291
0.3702084720134735,1.1378867326698812,269.6,27.12535120573906,170.39999999999998,0.09703433513641357,0.05640425542812228,0.4608438730239868,0.0705117097642471
0.38448650389909744,1.1378867326698812,265.5,29.32914848236709,174.5,0.09118263721466065,0.056645076794563355,0.45243221521377563,0.06610803500575459
0.3987645357847214,1.1378867326698812,263.2,29.970713077431036,176.8,0.08888648748397827,0.05463806514894474,0.4512676775455475,0.06693134450740944
0.4130425676703453,1.1378867326698812,260.2,30.775685413181726,179.8,0.08633719682693482,0.054077485319244716,0.45563246607780455,0.06566656997740446
0.42732059955596924,1.1378867326698812,256.1,31.471097061434943,183.89999999999998,0.08437008261680604,0.053262419865576484,0.4624268114566803,0.06347943338422675
0.44159863144159317,1.1378867326698812,249.4,34.19642126787925,190.6,0.0820565640926361,0.052633102564333144,0.46680998206138613,0.06554145822906988
0.4558766633272171,1.1378867326698812,243.2,36.347828075467575,196.8,0.07664815783500671,0.05195317081137266,0.47356794476509095,0.05864918948480235
0.47015469521284103,1.1378867326698812,234.6,41.375700352415095,205.4,0.0713111937046051,0.05636301862593442,0.48900418281555175,0.05796997527030412
0.48443272709846497,1.1378867326698812,207.5,60.58401517623707,232.5,0.056505024433135986,0.06745044020089049,0.5012288868427277,0.05278434448645636
0.4987107589840889,1.1378867326698812,168.6,84.26730268418784,271.4,0.05844869613647461,0.04957958647347687,0.5318059861660004,0.05148007432405003
0.5129887908697128,1.1378867326698812,141.7,96.90206916259675,298.3,0.046665847301483154,0.045152250871650576,0.5373594582080841,0.05972185834886755
0.5272668227553368,1.1378867326698812,119.9,96.68201420299184,320.1,0.03585096001625061,0.03760092187271627,0.544529789686203,0.059564034410417514
0.5415448546409607,1.1378867326698812,102.7,93.48002381922625,337.3,0.014993923902511596,0.04996853547139361,0.5401508986949921,0.05279865489762747
0.5558228865265846,1.1378867326698812,87.3,90.04727419315492,352.7,0.021421879529953003,0.03608547951680687,0.5536058008670807,0.047194555210885863
0.5701009184122086,1.1378867326698812,71.5,85.49254961583277,368.5,0.019719672203063966,0.029866873647393537,0.557657140493393,0.04943065876665997
0.5843789502978325,1.1378867326698812,61.8,79.7720428083959,378.2,0.012405943870544434,0.030648339033828628,0.5636368215084075,0.040425202814749636
0.5986569821834564,1.1378867326698812,43.6,68.13913781756928,396.4,0.010106170177459716,0.015504480255090847,0.5868362665176392,0.036264977243159906
0.6129350140690804,1.1378867326698812,31.1,50.752207226627306,408.9,0.0015159428119659423,0.012151404427000244,0.6041189730167389,0.05713582405057834
0.6272130459547043,1.1378867326698812,16.9,38.230456052234274,423.1,-0.006213414669036865,0.014055720499344474,0.6002269685268402,0.05314767263593448
0.6414910778403282,1.1378867326698812,11.9,26.919670237963782,428.1,-0.010595357418060303,0.02396836367626442,0.5988963365554809,0.05093085726599056
0.6557691097259521,1.1378867326698812,0.1,0.2262157162854099,439.9,0.0,0.0,0.5851844668388366,0.03566389654447194
0.0989258661866188,1.1552814880288387,397.0,41.8672267542087,43.0,0.4340149164199829,0.1455625304925864,0.0953968346118927,0.09368681245951463
0.11320389807224274,1.1552814880288387,392.4,40.93636448739329,47.60000000000002,0.4365030825138092,0.14323629185274106,-1.0580258667469025,2.4107685722645638
0.12748192995786667,1.1552814880288387,383.5,43.094935078715,56.5,0.4333632528781891,0.14293600700885317,0.09070919156074524,0.27579164596689665
0.1417599618434906,1.1552814880288387,367.7,42.66770637645974,72.30000000000001,0.40757040977478026,0.1451178503848728,0.09706825613975525,0.2264727314321276
0.15603799372911453,1.1552814880288387,359.7,43.412794010486316,80.30000000000001,0.40108762383461,0.1494549751069215,0.18894093632698059,0.16579362383833277
0.17031602561473846,1.1552814880288387,349.7,40.09836201397614,90.30000000000001,0.39358201026916506,0.1476779073505184,0.20537551045417785,0.1717229390167881
0.1845940575003624,1.1552814880288387,337.3,39.16726955991597,102.69999999999999,0.3511893510818481,0.14222547255976128,0.25257847905159,0.1556155457502133
0.19887208938598633,1.1552814880288387,329.2,39.11315599647694,110.80000000000001,0.3308081805706024,0.14228159539918384,0.303354823589325,0.14745008657864744
0.21315012127161026,1.1552814880288387,318.2,35.239023019188735,121.80000000000001,0.2817496955394745,0.13808773353144485,0.3465626537799835,0.10300000288230791
0.2274281531572342,1.1552814880288387,309.7,32.170830124610674,130.3,0.23414740562438965,0.12531740702111782,0.43836604952812197,0.09293479705696196
0.24170618504285812,1.1552814880288387,303.7,29.359763468241304,136.3,0.20870537161827088,0.10292021351468285,0.4536403000354767,0.10997583105700177
0.25598421692848206,1.1552814880288387,293.3,26.368231945877454,146.7,0.15550060272216798,0.05464065289500775,0.4427297592163086,0.09483197379481385
0.270262248814106,1.1552814880288387,287.7,26.15605463152752,152.3,0.12329013347625732,0.060975104749241255,0.42752052545547486,0.08473693588909352
0.2845402806997299,1.1552814880288387,283.7,25.74854286684427,156.3,0.11578428745269775,0.05669209070151449,0.42825106978416444,0.09629966469184652
0.29881831258535385,1.1552814880288387,281.6,25.4825084624194,158.39999999999998,0.11379371285438537,0.05945491908520872,0.44212608933448794,0.07161393199659742
0.3130963444709778,1.1552814880288387,280.0,24.9863425413396,160.0,0.10862217545509338,0.05685234064748927,0.45159509778022766,0.060302427382272726
0.3273743763566017,1.1552814880288387,277.3,25.691063927924432,162.7,0.10646700859069824,0.05515778151266791,0.45425687432289125,0.07084108545756261
0.34165240824222565,1.1552814880288387,275.2,25.95255087802394,164.8,0.10158739686012268,0.05439035551602582,0.44867329597473143,0.0718612393288992
0.3559304401278496,1.1552814880288387,272.6,26.641002737975366,167.39999999999998,0.10031883120536804,0.05444008583756296,0.4550343811511993,0.07227470876155291
0.3702084720134735,1.1552814880288387,269.6,27.12535120573906,170.39999999999998,0.09703433513641357,0.05640425542812228,0.4608438730239868,0.0705117097642471
0.38448650389909744,1.1552814880288387,265.5,29.32914848236709,174.5,0.09118263721466065,0.056645076794563355,0.45243221521377563,0.06610803500575459
0.3987645357847214,1.1552814880288387,263.2,29.970713077431036,176.8,0.08888648748397827,0.05463806514894474,0.4512676775455475,0.06693134450740944
0.4130425676703453,1.1552814880288387,260.2,30.775685413181726,179.8,0.08633719682693482,0.054077485319244716,0.45563246607780455,0.06566656997740446
0.42732059955596924,1.1552814880288387,256.1,31.471097061434943,183.89999999999998,0.08437008261680604,0.053262419865576484,0.4624268114566803,0.06347943338422675
0.44159863144159317,1.1552814880288387,249.4,34.19642126787925,190.6,0.0820565640926361,0.052633102564333144,0.46680998206138613,0.06554145822906988
0.4558766633272171,1.1552814880288387,243.2,36.347828075467575,196.8,0.07664815783500671,0.05195317081137266,0.47356794476509095,0.05864918948480235
0.47015469521284103,1.1552814880288387,234.6,41.375700352415095,205.4,0.0713111937046051,0.05636301862593442,0.48900418281555175,0.05796997527030412
0.48443272709846497,1.1552814880288387,207.5,60.58401517623707,232.5,0.056505024433135986,0.06745044020089049,0.5012288868427277,0.05278434448645636
0.4987107589840889,1.1552814880288387,168.6,84.26730268418784,271.4,0.05844869613647461,0.04957958647347687,0.5318059861660004,0.05148007432405003
0.5129887908697128,1.1552814880288387,141.7,96.90206916259675,298.3,0.046665847301483154,0.045152250871650576,0.5373594582080841,0.05972185834886755
0.5272668227553368,1.1552814880288387,119.9,96.68201420299184,320.1,0.03585096001625061,0.03760092187271627,0.544529789686203,0.059564034410417514
0.5415448546409607,1.1552814880288387,102.7,93.48002381922625,337.3,0.014993923902511596,0.04996853547139361,0.5401508986949921,0.05279865489762747
0.5558228865265846,1.1552814880288387,87.3,90.04727419315492,352.7,0.021421879529953003,0.03608547951680687,0.5536058008670807,0.047194555210885863
0.5701009184122086,1.1552814880288387,71.5,85.49254961583277,368.5,0.019719672203063966,0.029866873647393537,0.557657140493393,0.04943065876665997
0.5843789502978325,1.1552814880288387,61.8,79.7720428083959,378.2,0.012405943870544434,0.030648339033828628,0.5636368215084075,0.040425202814749636
0.5986569821834564,1.1552814880288387,43.6,68.13913781756928,396.4,0.010106170177459716,0.015504480255090847,0.5868362665176392,0.036264977243159906
0.6129350140690804,1.1552814880288387,31.1,50.752207226627306,408.9,0.0015159428119659423,0.012151404427000244,0.6041189730167389,0.05713582405057834
0.6272130459547043,1.1552814880288387,16.9,38.230456052234274,423.1,-0.006213414669036865,0.014055720499344474,0.6002269685268402,0.05314767263593448
0.6414910778403282,1.1552814880288387,11.9,26.919670237963782,428.1,-0.010595357418060303,0.02396836367626442,0.5988963365554809,0.05093085726599056
0.6557691097259521,1.1552814880288387,0.1,0.2262157162854099,439.9,0.0,0.0,0.5851844668388366,0.03566389654447194
0.0989258661866188,1.1726762433877966,411.1,35.84002352039928,28.899999999999977,0.4743727922439575,0.14045311403046565,0.046365880966186525,0.06345951783381919
0.11320389807224274,1.1726762433877966,406.5,35.78095777251395,33.5,0.4768405020236969,0.13774189215275645,-1.1071303844451905,2.39639253701981
0.12748192995786667,1.1726762433877966,397.6,37.352927098556606,42.39999999999998,0.47663022875785827,0.13807434378584277,0.020930206775665282,0.2760623673456634
0.1417599618434906,1.1726762433877966,381.8,38.75389138968802,58.19999999999999,0.4525856554508209,0.14346489239695714,0.04592112302780151,0.21835569927115192
0.15603799372911453,1.1726762433877966,373.8,39.850509411296606,66.19999999999999,0.4495762288570404,0.1476585200313011,0.13527930974960328,0.186136375807641
0.17031602561473846,1.1726762433877966,363.8,37.29595249092864,76.19999999999999,0.444279271364212,0.1464106994981021,0.14832354187965394,0.2016541904050408
0.1845940575003624,1.1726762433877966,351.4,36.23564992320253,88.60000000000002,0.4085332751274109,0.14897204091365937,0.19544596672058107,0.2041209963417644
0.19887208938598633,1.1726762433877966,343.3,37.09608217682875,96.69999999999999,0.39113958477973937,0.1499513538809791,0.24683308601379395,0.20345745015857394
0.21315012127161026,1.1726762433877966,332.3,33.99940187125262,107.69999999999999,0.34783461689949036,0.15329107055263816,0.29479609727859496,0.16799081466939997
0.2274281531572342,1.1726762433877966,323.7,31.542562081672706,116.30000000000001,0.3023113369941711,0.1566440791682871,0.38275554180145266,0.1921597352731355
0.24170618504285812,1.1726762433877966,317.0,29.120483991179498,123.0,0.2823375642299652,0.14494179528577644,0.40000343322753906,0.20219878964139062
0.25598421692848206,1.1726762433877966,302.6,25.495892836713978,137.39999999999998,0.22161452770233153,0.12136367367032393,0.4433968424797058,0.09642480106807282
0.270262248814106,1.1726762433877966,293.6,25.435607689291242,146.39999999999998,0.1722960889339447,0.12498006405868711,0.4301568329334259,0.08335599868146899
0.2845402806997299,1.1726762433877966,283.7,25.74854286684427,156.3,0.11578428745269775,0.05669209070151449,0.42825106978416444,0.09629966469184652
0.29881831258535385,1.1726762433877966,281.6,25.4825084624194,158.39999999999998,0.11379371285438537,0.05945491908520872,0.44212608933448794,0.07161393199659742
0.3130963444709778,1.1726762433877966,280.0,24.9863425413396,160.0,0.10862217545509338,0.05685234064748927,0.45159509778022766,0.060302427382272726
0.3273743763566017,1.1726762433877966,277.3,25.691063927924432,162.7,0.10646700859069824,0.05515778151266791,0.45425687432289125,0.07084108545756261
0.34165240824222565,1.1726762433877966,275.2,25.95255087802394,164.8,0.10158739686012268,0.05439035551602582,0.44867329597473143,0.0718612393288992
0.3559304401278496,1.1726762433877966,272.6,26.641002737975366,167.39999999999998,0.10031883120536804,0.05444008583756296,0.4550343811511993,0.07227470876155291
0.3702084720134735,1.1726762433877966,269.6,27.12535120573906,170.39999999999998,0.09703433513641357,0.05640425542812228,0.4608438730239868,0.0705117097642471
0.38448650389909744,1.1726762433877966,265.5,29.32914848236709,174.5,0.09118263721466065,0.056645076794563355,0.45243221521377563,0.06610803500575459
0.3987645357847214,1.1726762433877966,263.2,29.970713077431036,176.8,0.08888648748397827,0.05463806514894474,0.4512676775455475,0.06693134450740944
0.4130425676703453,1.1726762433877966,260.2,30.775685413181726,179.8,0.08633719682693482,0.054077485319244716,0.45563246607780455,0.06566656997740446
0.42732059955596924,1.1726762433877966,256.1,31.471097061434943,183.89999999999998,0.08437008261680604,0.053262419865576484,0.4624268114566803,0.06347943338422675
0.44159863144159317,1.1726762433877966,249.4,34.19642126787925,190.6,0.0820565640926361,0.052633102564333144,0.46680998206138613,0.06554145822906988
0.4558766633272171,1.1726762433877966,243.2,36.347828075467575,196.8,0.07664815783500671,0.05195317081137266,0.47356794476509095,0.05864918948480235
0.47015469521284103,1.1726762433877966,234.6,41.375700352415095,205.4,0.0713111937046051,0.05636301862593442,0.48900418281555175,0.05796997527030412
0.48443272709846497,1.1726762433877966,207.5,60.58401517623707,232.5,0.056505024433135986,0.06745044020089049,0.5012288868427277,0.05278434448645636
0.4987107589840889,1.1726762433877966,168.6,84.26730268418784,271.4,0.05844869613647461,0.04957958647347687,0.5318059861660004,0.05148007432405003
0.5129887908697128,1.1726762433877966,141.7,96.90206916259675,298.3,0.046665847301483154,0.045152250871650576,0.5373594582080841,0.05972185834886755
0.5272668227553368,1.1726762433877966,119.9,96.68201420299184,320.1,0.03585096001625061,0.03760092187271627,0.544529789686203,0.059564034410417514
0.5415448546409607,1.1726762433877966,102.7,93.48002381922625,337.3,0.014993923902511596,0.04996853547139361,0.5401508986949921,0.05279865489762747
0.5558228865265846,1.1726762433877966,87.3,90.04727419315492,352.7,0.021421879529953003,0.03608547951680687,0.5536058008670807,0.047194555210885863
0.5701009184122086,1.1726762433877966,71.5,85.49254961583277,368.5,0.019719672203063966,0.029866873647393537,0.557657140493393,0.04943065876665997
0.5843789502978325,1.1726762433877966,61.8,79.7720428083959,378.2,0.012405943870544434,0.030648339033828628,0.5636368215084075,0.040425202814749636
0.5986569821834564,1.1726762433877966,43.6,68.13913781756928,396.4,0.010106170177459716,0.015504480255090847,0.5868362665176392,0.036264977243159906
0.6129350140690804,1.1726762433877966,31.1,50.752207226627306,408.9,0.0015159428119659423,0.012151404427000244,0.6041189730167389,0.05713582405057834
0.6272130459547043,1.1726762433877966,16.9,38.230456052234274,423.1,-0.006213414669036865,0.014055720499344474,0.6002269685268402,0.05314767263593448
0.6414910778403282,1.1726762433877966,11.9,26.919670237963782,428.1,-0.010595357418060303,0.02396836367626442,0.5988963365554809,0.05093085726599056
0.6557691097259521,1.1726762433877966,0.1,0.2262157162854099,439.9,0.0,0.0,0.5851844668388366,0.03566389654447194
0.0989258661866188,1.1900709987467541,426.5,29.150245327278505,13.5,0.5307585299015045,0.11010931299641677,0.043036913871765135,0.06610181537794357
0.11320389807224274,1.1900709987467541,421.9,30.371466672830827,18.100000000000023,0.5331857919692993,0.10619238134244517,-1.1095179975032807,2.39582261103813
0.12748192995786667,1.1900709987467541,413.0,33.23823237415586,27.0,0.5339139580726624,0.10641632348196849,0.040426260232925414,0.30139625692583394
0.1417599618434906,1.1900709987467541,397.2,33.644259372360615,42.80000000000001,0.5134808957576752,0.12075466350098447,0.019498640298843385,0.21674083754440315
0.15603799372911453,1.1900709987467541,389.2,33.55626321092147,50.80000000000001,0.5138893783092499,0.12590130557356835,0.10225526094436646,0.18615301051208694
0.17031602561473846,1.1900709987467541,379.2,31.85422890355211,60.80000000000001,0.5101448237895966,0.12426438738638934,0.11212028861045838,0.19792406114139166
0.1845940575003624,1.1900709987467541,366.8,32.304435070221174,73.19999999999999,0.47563371658325193,0.13715044196310547,0.15776588320732116,0.2010577962390769
0.19887208938598633,1.1900709987467541,358.7,33.24515984787911,81.30000000000001,0.46276978850364686,0.13881174493769416,0.20539849996566772,0.2051685742361729
0.21315012127161026,1.1900709987467541,347.7,31.11057859507611,92.30000000000001,0.4250095248222351,0.15071862166591052,0.2535128057003021,0.176757979663371
0.2274281531572342,1.1900709987467541,338.7,29.738835788241804,101.30000000000001,0.3771843671798706,0.17004153051875154,0.3377308964729309,0.20997886444795735
0.24170618504285812,1.1900709987467541,331.8,27.893416045330454,108.19999999999999,0.3596658527851105,0.1625282873046866,0.3605507791042328,0.2157060714584956
0.25598421692848206,1.1900709987467541,314.5,24.687011853555347,125.5,0.29495343565940857,0.15234212448453474,0.4348707735538483,0.09502328012109379
0.270262248814106,1.1900709987467541,301.3,24.169819865115965,138.7,0.23770918250083922,0.14649526156935372,0.42298933267593386,0.08162139697905527
0.2845402806997299,1.1900709987467541,287.9,25.951784050931675,152.10000000000002,0.1521054685115814,0.09303562146563227,0.4288367509841919,0.09650864677014209
0.29881831258535385,1.1900709987467541,281.6,25.4825084624194,158.39999999999998,0.11379371285438537,0.05945491908520872,0.44212608933448794,0.07161393199659742
0.3130963444709778,1.1900709987467541,280.0,24.9863425413396,160.0,0.10862217545509338,0.05685234064748927,0.45159509778022766,0.060302427382272726
0.3273743763566017,1.1900709987467541,277.3,25.691063927924432,162.7,0.10646700859069824,0.05515778151266791,0.45425687432289125,0.07084108545756261
0.34165240824222565,1.1900709987467541,275.2,25.95255087802394,164.8,0.10158739686012268,0.05439035551602582,0.44867329597473143,0.0718612393288992
0.3559304401278496,1.1900709987467541,272.6,26.641002737975366,167.39999999999998,0.10031883120536804,0.05444008583756296,0.4550343811511993,0.07227470876155291
0.3702084720134735,1.1900709987467541,269.6,27.12535120573906,170.39999999999998,0.09703433513641357,0.05640425542812228,0.4608438730239868,0.0705117097642471
0.38448650389909744,1.1900709987467541,265.5,29.32914848236709,174.5,0.09118263721466065,0.056645076794563355,0.45243221521377563,0.06610803500575459
0.3987645357847214,1.1900709987467541,263.2,29.970713077431036,176.8,0.08888648748397827,0.05463806514894474,0.4512676775455475,0.06693134450740944
0.4130425676703453,1.1900709987467541,260.2,30.775685413181726,179.8,0.08633719682693482,0.054077485319244716,0.45563246607780455,0.06566656997740446
0.42732059955596924,1.1900709987467541,256.1,31.471097061434943,183.89999999999998,0.08437008261680604,0.053262419865576484,0.4624268114566803,0.06347943338422675
0.44159863144159317,1.1900709987467541,249.4,34.19642126787925,190.6,0.0820565640926361,0.052633102564333144,0.46680998206138613,0.06554145822906988
0.4558766633272171,1.1900709987467541,243.2,36.347828075467575,196.8,0.07664815783500671,0.05195317081137266,0.47356794476509095,0.05864918948480235
0.47015469521284103,1.1900709987467541,234.6,41.375700352415095,205.4,0.0713111937046051,0.05636301862593442,0.48900418281555175,0.05796997527030412
0.48443272709846497,1.1900709987467541,207.5,60.58401517623707,232.5,0.056505024433135986,0.06745044020089049,0.5012288868427277,0.05278434448645636
0.4987107589840889,1.1900709987467541,168.6,84.26730268418784,271.4,0.05844869613647461,0.04957958647347687,0.5318059861660004,0.05148007432405003
0.5129887908697128,1.1900709987467541,141.7,96.90206916259675,298.3,0.046665847301483154,0.045152250871650576,0.5373594582080841,0.05972185834886755
0.5272668227553368,1.1900709987467541,119.9,96.68201420299184,320.1,0.03585096001625061,0.03760092187271627,0.544529789686203,0.059564034410417514
0.5415448546409607,1.1900709987467541,102.7,93.48002381922625,337.3,0.014993923902511596,0.04996853547139361,0.5401508986949921,0.05279865489762747
0.5558228865265846,1.1900709987467541,87.3,90.04727419315492,352.7,0.021421879529953003,0.03608547951680687,0.5536058008670807,0.047194555210885863
0.5701009184122086,1.1900709987467541,71.5,85.49254961583277,368.5,0.019719672203063966,0.029866873647393537,0.557657140493393,0.04943065876665997
0.5843789502978325,1.1900709987467541,61.8,79.7720428083959,378.2,0.012405943870544434,0.030648339033828628,0.5636368215084075,0.040425202814749636
0.5986569821834564,1.1900709987467541,43.6,68.13913781756928,396.4,0.010106170177459716,0.015504480255090847,0.5868362665176392,0.036264977243159906
0.6129350140690804,1.1900709987467541,31.1,50.752207226627306,408.9,0.0015159428119659423,0.012151404427000244,0.6041189730167389,0.05713582405057834
0.6272130459547043,1.1900709987467541,16.9,38.230456052234274,423.1,-0.006213414669036865,0.014055720499344474,0.6002269685268402,0.05314767263593448
0.6414910778403282,1.1900709987467541,11.9,26.919670237963782,428.1,-0.010595357418060303,0.02396836367626442,0.5988963365554809,0.05093085726599056
0.6557691097259521,1.1900709987467541,0.1,0.2262157162854099,439.9,0.0,0.0,0.5851844668388366,0.03566389654447194
0.0989258661866188,1.2074657541057119,428.2,28.203575407703816,11.800000000000011,0.5414234340190888,0.09922808177181885,0.02234776020050049,0.05055414581130793
0.11320389807224274,1.2074657541057119,423.6,29.53768638233855,16.399999999999977,0.5436635851860047,0.09557651265591714,-1.1303588509559632,2.3898812698605805
0.12748192995786667,1.2074657541057119,414.7,32.3031149574719,25.30000000000001,0.5446842432022094,0.09559795004504436,-0.026998472213745118,0.25682923560840926
0.1417599618434906,1.2074657541057119,398.9,32.32493389883048,41.10000000000002,0.5248880863189698,0.11187404011627831,-0.031200021505355835,0.172787143095542
0.15603799372911453,1.2074657541057119,390.9,32.254497229651264,49.10000000000002,0.5257128894329071,0.11655777951510145,0.050630486011505126,0.1501557921890666
0.17031602561473846,1.2074657541057119,380.9,30.600872944074258,59.10000000000002,0.5222756445407868,0.11465700445312862,0.0649438202381134,0.16850313506405667
0.1845940575003624,1.2074657541057119,368.5,31.264088670158227,71.5,0.4877015590667725,0.1306293320661008,0.11078462600708008,0.1797981131030225
0.19887208938598633,1.2074657541057119,360.4,32.17639702885672,79.60000000000002,0.47576846480369567,0.13157726558808655,0.1632044196128845,0.1948839677235125
0.21315012127161026,1.2074657541057119,349.4,30.115307968202796,90.60000000000002,0.4383238136768341,0.14616176896480867,0.22057971954345704,0.1705154152876154
0.2274281531572342,1.2074657541057119,340.4,28.877745334418258,99.60000000000002,0.3921682178974152,0.16550439951967286,0.3058610260486603,0.21164211314247136
0.24170618504285812,1.2074657541057119,333.5,27.07300110753072,106.5,0.3747257888317108,0.1588312379987066,0.32997846603393555,0.21890685581866906
0.25598421692848206,1.2074657541057119,315.6,25.174962451761687,124.39999999999998,0.3012158632278442,0.1579567941227044,0.4067311644554138,0.106695072791062
0.270262248814106,1.2074657541057119,301.3,24.169819865115965,138.7,0.23770918250083922,0.14649526156935372,0.42298933267593386,0.08162139697905527
0.2845402806997299,1.2074657541057119,287.9,25.951784050931675,152.10000000000002,0.1521054685115814,0.09303562146563227,0.4288367509841919,0.09650864677014209
0.29881831258535385,1.2074657541057119,281.6,25.4825084624194,158.39999999999998,0.11379371285438537,0.05945491908520872,0.44212608933448794,0.07161393199659742
0.3130963444709778,1.2074657541057119,280.0,24.9863425413396,160.0,0.10862217545509338,0.05685234064748927,0.45159509778022766,0.060302427382272726
0.3273743763566017,1.2074657541057119,277.3,25.691063927924432,162.7,0.10646700859069824,0.05515778151266791,0.45425687432289125,0.07084108545756261
0.34165240824222565,1.2074657541057119,275.2,25.95255087802394,164.8,0.10158739686012268,0.05439035551602582,0.44867329597473143,0.0718612393288992
0.3559304401278496,1.2074657541057119,272.6,26.641002737975366,167.39999999999998,0.10031883120536804,0.05444008583756296,0.4550343811511993,0.07227470876155291
0.3702084720134735,1.2074657541057119,269.6,27.12535120573906,170.39999999999998,0.09703433513641357,0.05640425542812228,0.4608438730239868,0.0705117097642471
0.38448650389909744,1.2074657541057119,265.5,29.32914848236709,174.5,0.09118263721466065,0.056645076794563355,0.45243221521377563,0.06610803500575459
0.3987645357847214,1.2074657541057119,263.2,29.970713077431036,176.8,0.08888648748397827,0.05463806514894474,0.4512676775455475,0.06693134450740944
0.4130425676703453,1.2074657541057119,260.2,30.775685413181726,179.8,0.08633719682693482,0.054077485319244716,0.45563246607780455,0.06566656997740446
0.42732059955596924,1.2074657541057119,256.1,31.471097061434943,183.89999999999998,0.08437008261680604,0.053262419865576484,0.4624268114566803,0.06347943338422675
0.44159863144159317,1.2074657541057119,249.4,34.19642126787925,190.6,0.0820565640926361,0.052633102564333144,0.46680998206138613,0.06554145822906988
0.4558766633272171,1.2074657541057119,243.2,36.347828075467575,196.8,0.07664815783500671,0.05195317081137266,0.47356794476509095,0.05864918948480235
0.47015469521284103,1.2074657541057119,234.6,41.375700352415095,205.4,0.0713111937046051,0.05636301862593442,0.48900418281555175,0.05796997527030412
0.48443272709846497,1.2074657541057119,207.5,60.58401517623707,232.5,0.056505024433135986,0.06745044020089049,0.5012288868427277,0.05278434448645636
0.4987107589840889,1.2074657541057119,168.6,84.26730268418784,271.4,0.05844869613647461,0.04957958647347687,0.5318059861660004,0.05148007432405003
0.5129887908697128,1.2074657541057119,141.7,96.90206916259675,298.3,0.046665847301483154,0.045152250871650576,0.5373594582080841,0.05972185834886755
0.5272668227553368,1.2074657541057119,119.9,96.68201420299184,320.1,0.03585096001625061,0.03760092187271627,0.544529789686203,0.059564034410417514
0.5415448546409607,1.2074657541057119,102.7,93.48002381922625,337.3,0.014993923902511596,0.04996853547139361,0.5401508986949921,0.05279865489762747
0.5558228865265846,1.2074657541057119,87.3,90.04727419315492,352.7,0.021421879529953003,0.03608547951680687,0.5536058008670807,0.047194555210885863
0.5701009184122086,1.2074657541057119,71.5,85.49254961583277,368.5,0.019719672203063966,0.029866873647393537,0.557657140493393,0.04943065876665997
0.5843789502978325,1.2074657541057119,61.8,79.7720428083959,378.2,0.012405943870544434,0.030648339033828628,0.5636368215084075,0.040425202814749636
0.5986569821834564,1.2074657541057119,43.6,68.13913781756928,396.4,0.010106170177459716,0.015504480255090847,0.5868362665176392,0.036264977243159906
0.6129350140690804,1.2074657541057119,31.1,50.752207226627306,408.9,0.0015159428119659423,0.012151404427000244,0.6041189730167389,0.05713582405057834
0.6272130459547043,1.2074657541057119,16.9,38.230456052234274,423.1,-0.006213414669036865,0.014055720499344474,0.6002269685268402,0.05314767263593448
0.6414910778403282,1.2074657541057119,11.9,26.919670237963782,428.1,-0.010595357418060303,0.02396836367626442,0.5988963365554809,0.05093085726599056
0.6557691097259521,1.2074657541057119,0.1,0.2262157162854099,439.9,0.0,0.0,0.5851844668388366,0.03566389654447194
0.0989258661866188,1.2248605094646696,428.5,27.52497796748227,11.5,0.540982723236084,0.10016111689570442,0.017748624086380005,0.04015017710780932
0.11320389807224274,1.2248605094646696,423.9,28.870360741547046,16.100000000000023,0.5432100415229797,0.09653846501767659,-1.1324662685394287,2.3891345460800015
0.12748192995786667,1.2248605094646696,415.0,31.639664390784656,25.0,0.5442311644554139,0.09655379543782563,-0.027695846557617188,0.2560388673635146
0.1417599618434906,1.2248605094646696,399.2,31.730825517069906,40.80000000000001,0.5244271874427795,0.11267448586568876,-0.03196427822113037,0.17156052490411744
0.15603799372911453,1.2248605094646696,391.2,31.659067073566064,48.80000000000001,0.5252523303031922,0.11733486588859986,0.05008612871170044,0.14927885180981093
0.17031602561473846,1.2248605094646696,381.2,29.978300791944726,58.80000000000001,0.5218177676200867,0.11542951942466381,0.0645914614200592,0.167989069569977
0.1845940575003624,1.2248605094646696,368.8,30.70169462138772,71.19999999999999,0.4872423827648163,0.13122945390462004,0.11050786972045898,0.17945158588540175
0.19887208938598633,1.2248605094646696,360.7,31.592995342235316,79.30000000000001,0.475323486328125,0.13216115345111135,0.1631285309791565,0.19479946383456706
0.21315012127161026,1.2248605094646696,349.7,29.554717558744837,90.30000000000001,0.4378788352012634,0.146623014688681,0.220503830909729,0.17043335519186548
0.2274281531572342,1.2248605094646696,340.7,28.316750512105916,99.30000000000001,0.3917547523975372,0.16587202931436681,0.305784797668457,0.21159404972780735
0.24170618504285812,1.2248605094646696,333.8,26.505343654503264,106.19999999999999,0.37430999279022215,0.15918928074106364,0.3299323558807373,0.21888064477612784
0.25598421692848206,1.2248605094646696,315.8,24.812334145406094,124.19999999999999,0.3002046406269073,0.15890340900767538,0.40669808387756345,0.10667730211525195
0.270262248814106,1.2248605094646696,301.4,24.004935328311934,138.60000000000002,0.23659632802009584,0.1474054984875519,0.42303767800331116,0.08164053928613585
0.2845402806997299,1.2248605094646696,287.9,25.951784050931675,152.10000000000002,0.1521054685115814,0.09303562146563227,0.4288367509841919,0.09650864677014209
0.29881831258535385,1.2248605094646696,281.6,25.4825084624194,158.39999999999998,0.11379371285438537,0.05945491908520872,0.44212608933448794,0.07161393199659742
0.3130963444709778,1.2248605094646696,280.0,24.9863425413396,160.0,0.10862217545509338,0.05685234064748927,0.45159509778022766,0.060302427382272726
0.3273743763566017,1.2248605094646696,277.3,25.691063927924432,162.7,0.10646700859069824,0.05515778151266791,0.45425687432289125,0.07084108545756261
0.34165240824222565,1.2248605094646696,275.2,25.95255087802394,164.8,0.10158739686012268,0.05439035551602582,0.44867329597473143,0.0718612393288992
0.3559304401278496,1.2248605094646696,272.6,26.641002737975366,167.39999999999998,0.10031883120536804,0.05444008583756296,0.4550343811511993,0.07227470876155291
0.3702084720134735,1.2248605094646696,269.6,27.12535120573906,170.39999999999998,0.09703433513641357,0.05640425542812228,0.4608438730239868,0.0705117097642471
0.38448650389909744,1.2248605094646696,265.5,29.32914848236709,174.5,0.09118263721466065,0.056645076794563355,0.45243221521377563,0.06610803500575459
0.3987645357847214,1.2248605094646696,263.2,29.970713077431036,176.8,0.08888648748397827,0.05463806514894474,0.4512676775455475,0.06693134450740944
0.4130425676703453,1.2248605094646696,260.2,30.775685413181726,179.8,0.08633719682693482,0.054077485319244716,0.45563246607780455,0.06566656997740446
0.42732059955596924,1.2248605094646696,256.1,31.471097061434943,183.89999999999998,0.08437008261680604,0.053262419865576484,0.4624268114566803,0.06347943338422675
0.44159863144159317,1.2248605094646696,249.4,34.19642126787925,190.6,0.0820565640926361,0.052633102564333144,0.46680998206138613,0.06554145822906988
0.4558766633272171,1.2248605094646696,243.2,36.347828075467575,196.8,0.07664815783500671,0.05195317081137266,0.47356794476509095,0.05864918948480235
0.47015469521284103,1.2248605094646696,234.6,41.375700352415095,205.4,0.0713111937046051,0.05636301862593442,0.48900418281555175,0.05796997527030412
0.48443272709846497,1.2248605094646696,207.5,60.58401517623707,232.5,0.056505024433135986,0.06745044020089049,0.5012288868427277,0.05278434448645636
0.4987107589840889,1.2248605094646696,168.6,84.26730268418784,271.4,0.05844869613647461,0.04957958647347687,0.5318059861660004,0.05148007432405003
0.5129887908697128,1.2248605094646696,141.7,96.90206916259675,298.3,0.046665847301483154,0.045152250871650576,0.5373594582080841,0.05972185834886755
0.5272668227553368,1.2248605094646696,119.9,96.68201420299184,320.1,0.03585096001625061,0.03760092187271627,0.544529789686203,0.059564034410417514
0.5415448546409607,1.2248605094646696,102.7,93.48002381922625,337.3,0.014993923902511596,0.04996853547139361,0.5401508986949921,0.05279865489762747
0.5558228865265846,1.2248605094646696,87.3,90.04727419315492,352.7,0.021421879529953003,0.03608547951680687,0.5536058008670807,0.047194555210885863
0.5701009184122086,1.2248605094646696,71.5,85.49254961583277,368.5,0.019719672203063966,0.029866873647393537,0.557657140493393,0.04943065876665997
0.5843789502978325,1.2248605094646696,61.8,79.7720428083959,378.2,0.012405943870544434,0.030648339033828628,0.5636368215084075,0.040425202814749636
0.5986569821834564,1.2248605094646696,43.6,68.13913781756928,396.4,0.010106170177459716,0.015504480255090847,0.5868362665176392,0.036264977243159906
0.6129350140690804,1.2248605094646696,31.1,50.752207226627306,408.9,0.0015159428119659423,0.012151404427000244,0.6041189730167389,0.05713582405057834
0.6272130459547043,1.2248605094646696,16.9,38.230456052234274,423.1,-0.006213414669036865,0.014055720499344474,0.6002269685268402,0.05314767263593448
0.6414910778403282,1.2248605094646696,11.9,26.919670237963782,428.1,-0.010595357418060303,0.02396836367626442,0.5988963365554809,0.05093085726599056
0.6557691097259521,1.2248605094646696,0.1,0.2262157162854099,439.9,0.0,0.0,0.5851844668388366,0.03566389654447194
0.0989258661866188,1.2422552648236271,430.9,22.09630836497413,9.100000000000023,0.5497478425502778,0.08188783038349465,0.00460745096206665,0.010422778196338084
0.11320389807224274,1.2422552648236271,426.3,23.555056572704206,13.699999999999989,0.5516071438789367,0.07899018833552297,-1.1291581451892854,2.390310864916051
0.12748192995786667,1.2422552648236271,417.4,26.359928637973827,22.600000000000023,0.5529418766498566,0.07848318478973192,-0.019854992628097534,0.26533015567507745
0.1417599618434906,1.2422552648236271,401.6,27.12115853044225,38.39999999999998,0.5339284420013428,0.09710738591090003,-0.024914366006851197,0.18318315471955193
0.15603799372911453,1.2422552648236271,393.6,27.037168490934857,46.39999999999998,0.5352515399456024,0.10153559226431924,0.057299619913101195,0.16127614207602714
0.17031602561473846,1.2422552648236271,383.6,25.102584058751145,56.39999999999998,0.5320769309997558,0.09927733352419844,0.07188051342964172,0.17904578280655808
0.1845940575003624,1.2422552648236271,371.2,26.4000191517212,68.80000000000001,0.4974089920520782,0.1193600386466791,0.11777517795562745,0.18902859021707424
0.19887208938598633,1.2422552648236271,363.1,27.0860193969586,76.89999999999998,0.48645461201667783,0.1192607491094154,0.17033653259277343,0.20331654555724732
0.21315012127161026,1.2422552648236271,352.1,25.27920564867261,87.89999999999998,0.44900996088981626,0.1368533751837315,0.22771183252334595,0.1787960218331595
0.2274281531572342,1.2422552648236271,343.1,24.048124498147104,96.89999999999998,0.40495755672454836,0.1564849372987623,0.31290590167045595,0.21663123357825953
0.24170618504285812,1.2422552648236271,336.2,22.189649141746617,103.80000000000001,0.3874600887298584,0.15032310913876012,0.3370250821113586,0.2234492787613823
0.25598421692848206,1.2422552648236271,318.2,20.737948709434963,121.80000000000001,0.3205635786056519,0.1456956819862828,0.41280357837677,0.11076822148985425
0.270262248814106,1.2422552648236271,303.8,20.403492779324857,136.2,0.25951412320137024,0.13702707035268671,0.428720223903656,0.08484791829807885
0.2845402806997299,1.2422552648236271,290.1,23.471387106872278,149.89999999999998,0.173739093542099,0.0903434992206577,0.4345206916332245,0.09933767157393249
0.29881831258535385,1.2422552648236271,282.7,24.28481878343391,157.3,0.12766480445861816,0.05719852483220307,0.44430276155471804,0.072586288134049
0.3130963444709778,1.2422552648236271,280.0,24.9863425413396,160.0,0.10862217545509338,0.05685234064748927,0.45159509778022766,0.060302427382272726
0.3273743763566017,1.2422552648236271,277.3,25.691063927924432,162.7,0.10646700859069824,0.05515778151266791,0.45425687432289125,0.07084108545756261
0.34165240824222565,1.2422552648236271,275.2,25.95255087802394,164.8,0.10158739686012268,0.05439035551602582,0.44867329597473143,0.0718612393288992
0.3559304401278496,1.2422552648236271,272.6,26.641002737975366,167.39999999999998,0.10031883120536804,0.05444008583756296,0.4550343811511993,0.07227470876155291
0.3702084720134735,1.2422552648236271,269.6,27.12535120573906,170.39999999999998,0.09703433513641357,0.05640425542812228,0.4608438730239868,0.0705117097642471
0.38448650389909744,1.2422552648236271,265.5,29.32914848236709,174.5,0.09118263721466065,0.056645076794563355,0.45243221521377563,0.06610803500575459
0.3987645357847214,1.2422552648236271,263.2,29.970713077431036,176.8,0.08888648748397827,0.05463806514894474,0.4512676775455475,0.06693134450740944
0.4130425676703453,1.2422552648236271,260.2,30.775685413181726,179.8,0.08633719682693482,0.054077485319244716,0.45563246607780455,0.06566656997740446
0.42732059955596924,1.2422552648236271,256.1,31.471097061434943,183.89999999999998,0.08437008261680604,0.053262419865576484,0.4624268114566803,0.06347943338422675
0.44159863144159317,1.2422552648236271,249.4,34.19642126787925,190.6,0.0820565640926361,0.052633102564333144,0.46680998206138613,0.06554145822906988
0.4558766633272171,1.2422552648236271,243.2,36.347828075467575,196.8,0.07664815783500671,0.05195317081137266,0.47356794476509095,0.05864918948480235
0.47015469521284103,1.2422552648236271,234.6,41.375700352415095,205.4,0.0713111937046051,0.05636301862593442,0.48900418281555175,0.05796997527030412
0.48443272709846497,1.2422552648236271,207.5,60.58401517623707,232.5,0.056505024433135986,0.06745044020089049,0.5012288868427277,0.05278434448645636
0.4987107589840889,1.2422552648236271,168.6,84.26730268418784,271.4,0.05844869613647461,0.04957958647347687,0.5318059861660004,0.05148007432405003
0.5129887908697128,1.2422552648236271,141.7,96.90206916259675,298.3,0.046665847301483154,0.045152250871650576,0.5373594582080841,0.05972185834886755
0.5272668227553368,1.2422552648236271,119.9,96.68201420299184,320.1,0.03585096001625061,0.03760092187271627,0.544529789686203,0.059564034410417514
0.5415448546409607,1.2422552648236271,102.7,93.48002381922625,337.3,0.014993923902511596,0.04996853547139361,0.5401508986949921,0.05279865489762747
0.5558228865265846,1.2422552648236271,87.3,90.04727419315492,352.7,0.021421879529953003,0.03608547951680687,0.5536058008670807,0.047194555210885863
0.5701009184122086,1.2422552648236271,71.5,85.49254961583277,368.5,0.019719672203063966,0.029866873647393537,0.557657140493393,0.04943065876665997
0.5843789502978325,1.2422552648236271,61.8,79.7720428083959,378.2,0.012405943870544434,0.030648339033828628,0.5636368215084075,0.040425202814749636
0.5986569821834564,1.2422552648236271,43.6,68.13913781756928,396.4,0.010106170177459716,0.015504480255090847,0.5868362665176392,0.036264977243159906
0.6129350140690804,1.2422552648236271,31.1,50.752207226627306,408.9,0.0015159428119659423,0.012151404427000244,0.6041189730167389,0.05713582405057834
0.6272130459547043,1.2422552648236271,16.9,38.230456052234274,423.1,-0.006213414669036865,0.014055720499344474,0.6002269685268402,0.05314767263593448
0.6414910778403282,1.2422552648236271,11.9,26.919670237963782,428.1,-0.010595357418060303,0.02396836367626442,0.5988963365554809,0.05093085726599056
0.6557691097259521,1.2422552648236271,0.1,0.2262157162854099,439.9,0.0,0.0,0.5851844668388366,0.03566389654447194
0.0989258661866188,1.2596500201825849,440.7,0.34555021442218187,-0.6999999999999886,0.5851635694503784,0.03565623725107814,0.0,0.0
0.11320389807224274,1.2596500201825849,436.1,5.368620001069252,3.8999999999999773,0.5862704634666442,0.034095479759125545,-1.306970763206482,2.3601230108566282
0.12748192995786667,1.2596500201825849,427.2,7.5012106705412736,12.800000000000011,0.5874138355255127,0.03549418218045917,-0.11581990718841553,0.23321268522746322
0.1417599618434906,1.2596500201825849,411.4,15.479944385531363,28.600000000000023,0.5690373599529266,0.07333051907205446,-0.08826014995574952,0.12148290623367086
0.15603799372911453,1.2596500201825849,403.4,15.33231613791486,36.60000000000002,0.5705764174461365,0.0792869542498355,-0.005843228101730347,0.10709067100348432
0.17031602561473846,1.2596500201825849,393.4,12.056352128092923,46.60000000000002,0.567269480228424,0.07839070007476266,0.002813631296157837,0.13241716178861565
0.1845940575003624,1.2596500201825849,381.0,17.486863434016033,59.0,0.5322917759418487,0.10992335653283453,0.043823492527008054,0.15829531112617723
0.19887208938598633,1.2596500201825849,372.9,16.296780052468392,67.10000000000002,0.5219067931175232,0.11110399384927644,0.10283242464065552,0.1743880341989678
0.21315012127161026,1.2596500201825849,361.9,17.133590232042334,78.10000000000002,0.4844621419906616,0.1354969778619553,0.16020772457122803,0.15951802695239106
0.2274281531572342,1.2596500201825849,352.9,16.655684199293606,87.10000000000002,0.4422561824321747,0.15993174632611412,0.2568309485912323,0.20974039505297626
0.24170618504285812,1.2596500201825849,346.0,15.687189595855564,94.0,0.42467609643936155,0.15627802571567553,0.28168246150016785,0.21869209887144136
0.25598421692848206,1.2596500201825849,328.0,16.854378174080445,112.0,0.36214733123779297,0.16183737914090315,0.36924693584442136,0.11946210252012175
0.270262248814106,1.2596500201825849,313.5,19.249024231957737,126.5,0.3011110484600067,0.1647770180150816,0.3874023973941803,0.10416892589680761
0.2845402806997299,1.2596500201825849,298.0,22.781868206692316,142.0,0.211459618806839,0.13696078731658087,0.4315570890903473,0.09766183220568048
0.29881831258535385,1.2596500201825849,289.0,22.066824891735823,151.0,0.1692419469356537,0.11949958946575277,0.4473865032196045,0.07450118171197019
0.3130963444709778,1.2596500201825849,281.9,23.03120909988969,158.10000000000002,0.14479687809944153,0.08110346606658073,0.4527527570724487,0.06067325127624963
0.3273743763566017,1.2596500201825849,277.3,25.691063927924432,162.7,0.10646700859069824,0.05515778151266791,0.45425687432289125,0.07084108545756261
0.34165240824222565,1.2596500201825849,275.2,25.95255087802394,164.8,0.10158739686012268,0.05439035551602582,0.44867329597473143,0.0718612393288992
0.3559304401278496,1.2596500201825849,272.6,26.641002737975366,167.39999999999998,0.10031883120536804,0.05444008583756296,0.4550343811511993,0.07227470876155291
0.3702084720134735,1.2596500201825849,269.6,27.12535120573906,170.39999999999998,0.09703433513641357,0.05640425542812228,0.4608438730239868,0.0705117097642471
0.38448650389909744,1.2596500201825849,265.5,29.32914848236709,174.5,0.09118263721466065,0.056645076794563355,0.45243221521377563,0.06610803500575459
0.3987645357847214,1.2596500201825849,263.2,29.970713077431036,176.8,0.08888648748397827,0.05463806514894474,0.4512676775455475,0.06693134450740944
0.4130425676703453,1.2596500201825849,260.2,30.775685413181726,179.8,0.08633719682693482,0.054077485319244716,0.45563246607780455,0.06566656997740446
0.42732059955596924,1.2596500201825849,256.1,31.471097061434943,183.89999999999998,0.08437008261680604,0.053262419865576484,0.4624268114566803,0.06347943338422675
0.44159863144159317,1.2596500201825849,249.4,34.19642126787925,190.6,0.0820565640926361,0.052633102564333144,0.46680998206138613,0.06554145822906988
0.4558766633272171,1.2596500201825849,243.2,36.347828075467575,196.8,0.07664815783500671,0.05195317081137266,0.47356794476509095,0.05864918948480235
0.47015469521284103,1.2596500201825849,234.6,41.375700352415095,205.4,0.0713111937046051,0.05636301862593442,0.48900418281555175,0.05796997527030412
0.48443272709846497,1.2596500201825849,207.5,60.58401517623707,232.5,0.056505024433135986,0.06745044020089049,0.5012288868427277,0.05278434448645636
0.4987107589840889,1.2596500201825849,168.6,84.26730268418784,271.4,0.05844869613647461,0.04957958647347687,0.5318059861660004,0.05148007432405003
0.5129887908697128,1.2596500201825849,141.7,96.90206916259675,298.3,0.046665847301483154,0.045152250871650576,0.5373594582080841,0.05972185834886755
0.5272668227553368,1.2596500201825849,119.9,96.68201420299184,320.1,0.03585096001625061,0.03760092187271627,0.544529789686203,0.059564034410417514
0.5415448546409607,1.2596500201825849,102.7,93.48002381922625,337.3,0.014993923902511596,0.04996853547139361,0.5401508986949921,0.05279865489762747
0.5558228865265846,1.2596500201825849,87.3,90.04727419315492,352.7,0.021421879529953003,0.03608547951680687,0.5536058008670807,0.047194555210885863
0.5701009184122086,1.2596500201825849,71.5,85.49254961583277,368.5,0.019719672203063966,0.029866873647393537,0.557657140493393,0.04943065876665997
0.5843789502978325,1.2596500201825849,61.8,79.7720428083959,378.2,0.012405943870544434,0.030648339033828628,0.5636368215084075,0.040425202814749636
0.5986569821834564,1.2596500201825849,43.6,68.13913781756928,396.4,0.010106170177459716,0.015504480255090847,0.5868362665176392,0.036264977243159906
0.6129350140690804,1.2596500201825849,31.1,50.752207226627306,408.9,0.0015159428119659423,0.012151404427000244,0.6041189730167389,0.05713582405057834
0.6272130459547043,1.2596500201825849,16.9,38.230456052234274,423.1,-0.006213414669036865,0.014055720499344474,0.6002269685268402,0.05314767263593448
0.6414910778403282,1.2596500201825849,11.9,26.919670237963782,428.1,-0.010595357418060303,0.02396836367626442,0.5988963365554809,0.05093085726599056
0.6557691097259521,1.2596500201825849,0.1,0.2262157162854099,439.9,0.0,0.0,0.5851844668388366,0.03566389654447194
