rho_th,IA_th,count_in,count_in_CI,count_out,r2_in,r2in_CI,r2_out,r2out_CI
0.05005725100636482,0.6078558419622125,0.1,0.2262157162854099,839.9,0.0,0.0,0.6311136186122894,0.022068735211125665
0.06716991674441558,0.6078558419622125,0.1,0.2262157162854099,839.9,0.0,0.0,0.6311136186122894,0.022068735211125665
0.08428258248246634,0.6078558419622125,0.0,0.0,840.0,0.0,0.0,0.6310463547706604,0.022082833603696193
0.10139524822051708,0.6078558419622125,0.0,0.0,840.0,0.0,0.0,0.6310463547706604,0.022082833603696193
0.11850791395856784,0.6078558419622125,0.0,0.0,840.0,0.0,0.0,0.6310463547706604,0.022082833603696193
0.13562057969661862,0.6078558419622125,0.0,0.0,840.0,0.0,0.0,0.6310463547706604,0.022082833603696193
0.15273324543466935,0.6078558419622125,0.0,0.0,840.0,0.0,0.0,0.6310463547706604,0.022082833603696193
0.1698459111727201,0.6078558419622125,0.0,0.0,840.0,0.0,0.0,0.6310463547706604,0.022082833603696193
0.18695857691077086,0.6078558419622125,0.0,0.0,840.0,0.0,0.0,0.6310463547706604,0.022082833603696193
0.20407124264882162,0.6078558419622125,0.0,0.0,840.0,0.0,0.0,0.6310463547706604,0.022082833603696193
0.22118390838687238,0.6078558419622125,0.0,0.0,840.0,0.0,0.0,0.6310463547706604,0.022082833603696193
0.23829657412492314,0.6078558419622125,0.0,0.0,840.0,0.0,0.0,0.6310463547706604,0.022082833603696193
0.25540923986297387,0.6078558419622125,0.0,0.0,840.0,0.0,0.0,0.6310463547706604,0.022082833603696193
0.2725219056010246,0.6078558419622125,0.0,0.0,840.0,0.0,0.0,0.6310463547706604,0.022082833603696193
0.2896345713390754,0.6078558419622125,0.0,0.0,840.0,0.0,0.0,0.6310463547706604,0.022082833603696193
0.30674723707712614,0.6078558419622125,0.0,0.0,840.0,0.0,0.0,0.6310463547706604,0.022082833603696193
0.3238599028151769,0.6078558419622125,0.0,0.0,840.0,0.0,0.0,0.6310463547706604,0.022082833603696193
0.34097256855322766,0.6078558419622125,0.0,0.0,840.0,0.0,0.0,0.6310463547706604,0.022082833603696193
0.3580852342912784,0.6078558419622125,0.0,0.0,840.0,0.0,0.0,0.6310463547706604,0.022082833603696193
0.3751979000293292,0.6078558419622125,0.0,0.0,840.0,0.0,0.0,0.6310463547706604,0.022082833603696193
0.39231056576737994,0.6078558419622125,0.0,0.0,840.0,0.0,0.0,0.6310463547706604,0.022082833603696193
0.4094232315054307,0.6078558419622125,0.0,0.0,840.0,0.0,0.0,0.6310463547706604,0.022082833603696193
0.42653589724348145,0.6078558419622125,0.0,0.0,840.0,0.0,0.0,0.6310463547706604,0.022082833603696193
0.4436485629815322,0.6078558419622125,0.0,0.0,840.0,0.0,0.0,0.6310463547706604,0.022082833603696193
0.4607612287195829,0.6078558419622125,0.0,0.0,840.0,0.0,0.0,0.6310463547706604,0.022082833603696193
0.4778738944576337,0.6078558419622125,0.0,0.0,840.0,0.0,0.0,0.6310463547706604,0.022082833603696193
0.49498656019568443,0.6078558419622125,0.0,0.0,840.0,0.0,0.0,0.6310463547706604,0.022082833603696193
0.5120992259337351,0.6078558419622125,0.0,0.0,840.0,0.0,0.0,0.6310463547706604,0.022082833603696193
0.529211891671786,0.6078558419622125,0.0,0.0,840.0,0.0,0.0,0.6310463547706604,0.022082833603696193
0.5463245574098368,0.6078558419622125,0.0,0.0,840.0,0.0,0.0,0.6310463547706604,0.022082833603696193
0.5634372231478875,0.6078558419622125,0.0,0.0,840.0,0.0,0.0,0.6310463547706604,0.022082833603696193
0.5805498888859383,0.6078558419622125,0.0,0.0,840.0,0.0,0.0,0.6310463547706604,0.022082833603696193
0.597662554623989,0.6078558419622125,0.0,0.0,840.0,0.0,0.0,0.6310463547706604,0.022082833603696193
0.6147752203620397,0.6078558419622125,0.0,0.0,840.0,0.0,0.0,0.6310463547706604,0.022082833603696193
0.6318878861000905,0.6078558419622125,0.0,0.0,840.0,0.0,0.0,0.6310463547706604,0.022082833603696193
0.6490005518381412,0.6078558419622125,0.0,0.0,840.0,0.0,0.0,0.6310463547706604,0.022082833603696193
0.666113217576192,0.6078558419622125,0.0,0.0,840.0,0.0,0.0,0.6310463547706604,0.022082833603696193
0.6832258833142427,0.6078558419622125,0.0,0.0,840.0,0.0,0.0,0.6310463547706604,0.022082833603696193
0.7003385490522935,0.6078558419622125,0.0,0.0,840.0,0.0,0.0,0.6310463547706604,0.022082833603696193
0.7174512147903442,0.6078558419622125,0.0,0.0,840.0,0.0,0.0,0.6310463547706604,0.022082833603696193
0.05005725100636482,0.637579121763292,9.0,9.597520019783127,831.0,-0.1045836091041565,0.2135320992868098,0.6299329280853272,0.022582193456695623
0.06716991674441558,0.637579121763292,8.8,9.368475046939942,831.2,-0.10528584718704223,0.21334343125955085,0.6300455331802368,0.022539327393649704
0.08428258248246634,0.637579121763292,7.5,7.772594103495852,832.5,-0.14730242490768433,0.23405836801092353,0.6304857015609742,0.022616673277829197
0.10139524822051708,0.637579121763292,5.1,5.737243653484005,834.9,-0.10461164712905884,0.21365827303308918,0.629755687713623,0.022327090656488014
0.11850791395856784,0.637579121763292,2.5,5.161266889370728,837.5,-0.001251554489135742,0.0028312129523006225,0.6304416179656982,0.022496173329446232
0.13562057969661862,0.637579121763292,2.3,5.202961474564428,837.7,-0.001251554489135742,0.0028312129523006225,0.6305509984493256,0.02248659189159531
0.15273324543466935,0.637579121763292,2.3,5.202961474564428,837.7,-0.001251554489135742,0.0028312129523006225,0.6305509984493256,0.02248659189159531
0.1698459111727201,0.637579121763292,2.3,5.202961474564428,837.7,-0.001251554489135742,0.0028312129523006225,0.6305509984493256,0.02248659189159531
0.18695857691077086,0.637579121763292,1.4,3.1670200279957395,838.6,-0.007028806209564209,0.015900264313279042,0.6310957968235016,0.022045254655767798
0.20407124264882162,0.637579121763292,0.0,0.0,840.0,0.0,0.0,0.6310463547706604,0.022082833603696193
0.22118390838687238,0.637579121763292,0.0,0.0,840.0,0.0,0.0,0.6310463547706604,0.022082833603696193
0.23829657412492314,0.637579121763292,0.0,0.0,840.0,0.0,0.0,0.6310463547706604,0.022082833603696193
0.25540923986297387,0.637579121763292,0.0,0.0,840.0,0.0,0.0,0.6310463547706604,0.022082833603696193
0.2725219056010246,0.637579121763292,0.0,0.0,840.0,0.0,0.0,0.6310463547706604,0.022082833603696193
0.2896345713390754,0.637579121763292,0.0,0.0,840.0,0.0,0.0,0.6310463547706604,0.022082833603696193
0.30674723707712614,0.637579121763292,0.0,0.0,840.0,0.0,0.0,0.6310463547706604,0.022082833603696193
0.3238599028151769,0.637579121763292,0.0,0.0,840.0,0.0,0.0,0.6310463547706604,0.022082833603696193
0.34097256855322766,0.637579121763292,0.0,0.0,840.0,0.0,0.0,0.6310463547706604,0.022082833603696193
0.3580852342912784,0.637579121763292,0.0,0.0,840.0,0.0,0.0,0.6310463547706604,0.022082833603696193
0.3751979000293292,0.637579121763292,0.0,0.0,840.0,0.0,0.0,0.6310463547706604,0.022082833603696193
0.39231056576737994,0.637579121763292,0.0,0.0,840.0,0.0,0.0,0.6310463547706604,0.022082833603696193
0.4094232315054307,0.637579121763292,0.0,0.0,840.0,0.0,0.0,0.6310463547706604,0.022082833603696193
0.42653589724348145,0.637579121763292,0.0,0.0,840.0,0.0,0.0,0.6310463547706604,0.022082833603696193
0.4436485629815322,0.637579121763292,0.0,0.0,840.0,0.0,0.0,0.6310463547706604,0.022082833603696193
0.4607612287195829,0.637579121763292,0.0,0.0,840.0,0.0,0.0,0.6310463547706604,0.022082833603696193
0.4778738944576337,0.637579121763292,0.0,0.0,840.0,0.0,0.0,0.6310463547706604,0.022082833603696193
0.49498656019568443,0.637579121763292,0.0,0.0,840.0,0.0,0.0,0.6310463547706604,0.022082833603696193
0.5120992259337351,0.637579121763292,0.0,0.0,840.0,0.0,0.0,0.6310463547706604,0.022082833603696193
0.529211891671786,0.637579121763292,0.0,0.0,840.0,0.0,0.0,0.6310463547706604,0.022082833603696193
0.5463245574098368,0.637579121763292,0.0,0.0,840.0,0.0,0.0,0.6310463547706604,0.022082833603696193
0.5634372231478875,0.637579121763292,0.0,0.0,840.0,0.0,0.0,0.6310463547706604,0.022082833603696193
0.5805498888859383,0.637579121763292,0.0,0.0,840.0,0.0,0.0,0.6310463547706604,0.022082833603696193
0.597662554623989,0.637579121763292,0.0,0.0,840.0,0.0,0.0,0.6310463547706604,0.022082833603696193
0.6147752203620397,0.637579121763292,0.0,0.0,840.0,0.0,0.0,0.6310463547706604,0.022082833603696193
0.6318878861000905,0.637579121763292,0.0,0.0,840.0,0.0,0.0,0.6310463547706604,0.022082833603696193
0.6490005518381412,0.637579121763292,0.0,0.0,840.0,0.0,0.0,0.6310463547706604,0.022082833603696193
0.666113217576192,0.637579121763292,0.0,0.0,840.0,0.0,0.0,0.6310463547706604,0.022082833603696193
0.6832258833142427,0.637579121763292,0.0,0.0,840.0,0.0,0.0,0.6310463547706604,0.022082833603696193
0.7003385490522935,0.637579121763292,0.0,0.0,840.0,0.0,0.0,0.6310463547706604,0.022082833603696193
0.7174512147903442,0.637579121763292,0.0,0.0,840.0,0.0,0.0,0.6310463547706604,0.022082833603696193
0.05005725100636482,0.6673024015643716,48.0,52.91277535825895,792.0,-0.26869123578071596,0.4157219438381587,0.6252249777317047,0.029135885189538763
0.06716991674441558,0.6673024015643716,47.7,52.8945579341815,792.3,-0.26882643103599546,0.415696627001786,0.6253094673156738,0.02912966627919923
0.08428258248246634,0.6673024015643716,45.2,52.97163011791729,794.8,-0.27152621150016787,0.4115093461030587,0.6252519130706787,0.028446418294090454
0.10139524822051708,0.6673024015643716,39.7,53.658709111579434,800.3,-0.3345779061317444,0.5412821803947885,0.6256951928138733,0.028898477046013976
0.11850791395856784,0.6673024015643716,36.3,54.150255011644134,803.7,-0.3543397426605225,0.5369344465578745,0.6264162957668304,0.029063386555822
0.13562057969661862,0.6673024015643716,32.6,54.93953457367143,807.4,-0.20585679411888122,0.26775487595448844,0.6272564589977264,0.028718801421476235
0.15273324543466935,0.6673024015643716,27.7,50.01027561755943,812.3,-0.14765675067901612,0.14527675630212705,0.6284290492534638,0.028167568714028614
0.1698459111727201,0.6673024015643716,24.2,50.75932085862337,815.8,-1.1170270204544068,1.583117786179262,0.6271513104438782,0.02842203247058897
0.18695857691077086,0.6673024015643716,22.2,48.97139227143164,817.8,-1.564944899082184,3.51131200971873,0.6268797934055328,0.02636578559153582
0.20407124264882162,0.6673024015643716,20.1,45.4693589733674,819.9,-0.012172019481658936,0.02753502105683439,0.6280536949634552,0.025191539614993364
0.22118390838687238,0.6673024015643716,0.0,0.0,840.0,0.0,0.0,0.6310463547706604,0.022082833603696193
0.23829657412492314,0.6673024015643716,0.0,0.0,840.0,0.0,0.0,0.6310463547706604,0.022082833603696193
0.25540923986297387,0.6673024015643716,0.0,0.0,840.0,0.0,0.0,0.6310463547706604,0.022082833603696193
0.2725219056010246,0.6673024015643716,0.0,0.0,840.0,0.0,0.0,0.6310463547706604,0.022082833603696193
0.2896345713390754,0.6673024015643716,0.0,0.0,840.0,0.0,0.0,0.6310463547706604,0.022082833603696193
0.30674723707712614,0.6673024015643716,0.0,0.0,840.0,0.0,0.0,0.6310463547706604,0.022082833603696193
0.3238599028151769,0.6673024015643716,0.0,0.0,840.0,0.0,0.0,0.6310463547706604,0.022082833603696193
0.34097256855322766,0.6673024015643716,0.0,0.0,840.0,0.0,0.0,0.6310463547706604,0.022082833603696193
0.3580852342912784,0.6673024015643716,0.0,0.0,840.0,0.0,0.0,0.6310463547706604,0.022082833603696193
0.3751979000293292,0.6673024015643716,0.0,0.0,840.0,0.0,0.0,0.6310463547706604,0.022082833603696193
0.39231056576737994,0.6673024015643716,0.0,0.0,840.0,0.0,0.0,0.6310463547706604,0.022082833603696193
0.4094232315054307,0.6673024015643716,0.0,0.0,840.0,0.0,0.0,0.6310463547706604,0.022082833603696193
0.42653589724348145,0.6673024015643716,0.0,0.0,840.0,0.0,0.0,0.6310463547706604,0.022082833603696193
0.4436485629815322,0.6673024015643716,0.0,0.0,840.0,0.0,0.0,0.6310463547706604,0.022082833603696193
0.4607612287195829,0.6673024015643716,0.0,0.0,840.0,0.0,0.0,0.6310463547706604,0.022082833603696193
0.4778738944576337,0.6673024015643716,0.0,0.0,840.0,0.0,0.0,0.6310463547706604,0.022082833603696193
0.49498656019568443,0.6673024015643716,0.0,0.0,840.0,0.0,0.0,0.6310463547706604,0.022082833603696193
0.5120992259337351,0.6673024015643716,0.0,0.0,840.0,0.0,0.0,0.6310463547706604,0.022082833603696193
0.529211891671786,0.6673024015643716,0.0,0.0,840.0,0.0,0.0,0.6310463547706604,0.022082833603696193
0.5463245574098368,0.6673024015643716,0.0,0.0,840.0,0.0,0.0,0.6310463547706604,0.022082833603696193
0.5634372231478875,0.6673024015643716,0.0,0.0,840.0,0.0,0.0,0.6310463547706604,0.022082833603696193
0.5805498888859383,0.6673024015643716,0.0,0.0,840.0,0.0,0.0,0.6310463547706604,0.022082833603696193
0.597662554623989,0.6673024015643716,0.0,0.0,840.0,0.0,0.0,0.6310463547706604,0.022082833603696193
0.6147752203620397,0.6673024015643716,0.0,0.0,840.0,0.0,0.0,0.6310463547706604,0.022082833603696193
0.6318878861000905,0.6673024015643716,0.0,0.0,840.0,0.0,0.0,0.6310463547706604,0.022082833603696193
0.6490005518381412,0.6673024015643716,0.0,0.0,840.0,0.0,0.0,0.6310463547706604,0.022082833603696193
0.666113217576192,0.6673024015643716,0.0,0.0,840.0,0.0,0.0,0.6310463547706604,0.022082833603696193
0.6832258833142427,0.6673024015643716,0.0,0.0,840.0,0.0,0.0,0.6310463547706604,0.022082833603696193
0.7003385490522935,0.6673024015643716,0.0,0.0,840.0,0.0,0.0,0.6310463547706604,0.022082833603696193
0.7174512147903442,0.6673024015643716,0.0,0.0,840.0,0.0,0.0,0.6310463547706604,0.022082833603696193
0.05005725100636482,0.6970256813654511,139.6,60.26213828516754,700.4,-176.22188966274263,398.6206217815455,0.5824028134346009,0.029199131890317274
0.06716991674441558,0.6970256813654511,138.7,60.73006105032741,701.3,-0.008341848850250244,0.06196780657108038,0.5829331636428833,0.02963884951337378
0.08428258248246634,0.6970256813654511,132.8,59.92871377620258,707.2,0.0023505866527557375,0.05735019167415191,0.5865477919578552,0.028562220951667824
0.10139524822051708,0.6970256813654511,126.1,57.565813228184055,713.9,0.011892080307006836,0.08960467354518588,0.5896031022071838,0.027341484139783087
0.11850791395856784,0.6970256813654511,122.2,56.800519573050046,717.8,0.010820478200912476,0.08848836400982096,0.5921633183956146,0.026679793544740347
0.13562057969661862,0.6970256813654511,118.4,56.283027868369345,721.6,0.009102052450180054,0.09029284794159301,0.5942692697048187,0.026171261131335343
0.15273324543466935,0.6970256813654511,108.1,56.58051573620444,731.9,-0.03750936388969421,0.041167616794321224,0.5989477932453156,0.026293308530528373
0.1698459111727201,0.6970256813654511,104.4,55.95170339513911,735.6,-0.4106001555919647,0.8566289224577348,0.5983734250068664,0.026113011510197428
0.18695857691077086,0.6970256813654511,102.2,54.4087335015031,737.8,-0.40993777513504026,0.8567754090734303,0.5981043219566345,0.0243077962665775
0.20407124264882162,0.6970256813654511,81.7,52.276065179756145,758.3,-0.286121267080307,0.5683746368580237,0.6068087041378021,0.022657678052641555
0.22118390838687238,0.6970256813654511,13.1,29.634258833388703,826.9,-0.004842102527618408,0.010953596916125921,0.6265898883342743,0.025669991801359697
0.23829657412492314,0.6970256813654511,0.0,0.0,840.0,0.0,0.0,0.6310463547706604,0.022082833603696193
0.25540923986297387,0.6970256813654511,0.0,0.0,840.0,0.0,0.0,0.6310463547706604,0.022082833603696193
0.2725219056010246,0.6970256813654511,0.0,0.0,840.0,0.0,0.0,0.6310463547706604,0.022082833603696193
0.2896345713390754,0.6970256813654511,0.0,0.0,840.0,0.0,0.0,0.6310463547706604,0.022082833603696193
0.30674723707712614,0.6970256813654511,0.0,0.0,840.0,0.0,0.0,0.6310463547706604,0.022082833603696193
0.3238599028151769,0.6970256813654511,0.0,0.0,840.0,0.0,0.0,0.6310463547706604,0.022082833603696193
0.34097256855322766,0.6970256813654511,0.0,0.0,840.0,0.0,0.0,0.6310463547706604,0.022082833603696193
0.3580852342912784,0.6970256813654511,0.0,0.0,840.0,0.0,0.0,0.6310463547706604,0.022082833603696193
0.3751979000293292,0.6970256813654511,0.0,0.0,840.0,0.0,0.0,0.6310463547706604,0.022082833603696193
0.39231056576737994,0.6970256813654511,0.0,0.0,840.0,0.0,0.0,0.6310463547706604,0.022082833603696193
0.4094232315054307,0.6970256813654511,0.0,0.0,840.0,0.0,0.0,0.6310463547706604,0.022082833603696193
0.42653589724348145,0.6970256813654511,0.0,0.0,840.0,0.0,0.0,0.6310463547706604,0.022082833603696193
0.4436485629815322,0.6970256813654511,0.0,0.0,840.0,0.0,0.0,0.6310463547706604,0.022082833603696193
0.4607612287195829,0.6970256813654511,0.0,0.0,840.0,0.0,0.0,0.6310463547706604,0.022082833603696193
0.4778738944576337,0.6970256813654511,0.0,0.0,840.0,0.0,0.0,0.6310463547706604,0.022082833603696193
0.49498656019568443,0.6970256813654511,0.0,0.0,840.0,0.0,0.0,0.6310463547706604,0.022082833603696193
0.5120992259337351,0.6970256813654511,0.0,0.0,840.0,0.0,0.0,0.6310463547706604,0.022082833603696193
0.529211891671786,0.6970256813654511,0.0,0.0,840.0,0.0,0.0,0.6310463547706604,0.022082833603696193
0.5463245574098368,0.6970256813654511,0.0,0.0,840.0,0.0,0.0,0.6310463547706604,0.022082833603696193
0.5634372231478875,0.6970256813654511,0.0,0.0,840.0,0.0,0.0,0.6310463547706604,0.022082833603696193
0.5805498888859383,0.6970256813654511,0.0,0.0,840.0,0.0,0.0,0.6310463547706604,0.022082833603696193
0.597662554623989,0.6970256813654511,0.0,0.0,840.0,0.0,0.0,0.6310463547706604,0.022082833603696193
0.6147752203620397,0.6970256813654511,0.0,0.0,840.0,0.0,0.0,0.6310463547706604,0.022082833603696193
0.6318878861000905,0.6970256813654511,0.0,0.0,840.0,0.0,0.0,0.6310463547706604,0.022082833603696193
0.6490005518381412,0.6970256813654511,0.0,0.0,840.0,0.0,0.0,0.6310463547706604,0.022082833603696193
0.666113217576192,0.6970256813654511,0.0,0.0,840.0,0.0,0.0,0.6310463547706604,0.022082833603696193
0.6832258833142427,0.6970256813654511,0.0,0.0,840.0,0.0,0.0,0.6310463547706604,0.022082833603696193
0.7003385490522935,0.6970256813654511,0.0,0.0,840.0,0.0,0.0,0.6310463547706604,0.022082833603696193
0.7174512147903442,0.6970256813654511,0.0,0.0,840.0,0.0,0.0,0.6310463547706604,0.022082833603696193
0.05005725100636482,0.7267489611665305,167.8,42.374523909234505,672.2,-0.00016465187072753907,0.05911876766382018,0.5685619294643403,0.030269779778655716
0.06716991674441558,0.7267489611665305,166.9,43.13476258493173,673.1,0.0002470493316650391,0.05893337904361899,0.5691444098949432,0.030849707875458845
0.08428258248246634,0.7267489611665305,160.8,41.493167221951936,679.2,0.0021541893482208254,0.05920231133450616,0.5740360975265503,0.028487547785472175
0.10139524822051708,0.7267489611665305,153.9,38.91005306169007,686.1,-0.0008696615695953369,0.07115699626568794,0.5776041567325592,0.02760880468824346
0.11850791395856784,0.7267489611665305,149.9,38.58427932614836,690.1,-0.0009875357151031493,0.07092269032539329,0.5800702154636384,0.02686732824437599
0.13562057969661862,0.7267489611665305,145.0,39.460794162839,695.0,-0.002056872844696045,0.07125512861329845,0.5822893977165222,0.02746674151991357
0.15273324543466935,0.7267489611665305,134.5,37.435112859659704,705.5,-0.012800860404968261,0.05198767707380306,0.588249272108078,0.02564993089009565
0.1698459111727201,0.7267489611665305,130.2,38.29339067828199,709.8,-0.015439027547836303,0.05857203606113499,0.5880899429321289,0.025449041600832934
0.18695857691077086,0.7267489611665305,124.2,42.19703032735708,715.8,-0.01143796443939209,0.058003812734467676,0.5894499838352203,0.025453067753801486
0.20407124264882162,0.7267489611665305,102.8,44.659767225983074,737.2,-0.015597671270370483,0.06049393751139648,0.5990934014320374,0.025023310721305647
0.22118390838687238,0.7267489611665305,24.7,37.33595044957054,815.3,-0.001594245433807373,0.013850850591577535,0.6233714759349823,0.029957460820062915
0.23829657412492314,0.7267489611665305,0.0,0.0,840.0,0.0,0.0,0.6310463547706604,0.022082833603696193
0.25540923986297387,0.7267489611665305,0.0,0.0,840.0,0.0,0.0,0.6310463547706604,0.022082833603696193
0.2725219056010246,0.7267489611665305,0.0,0.0,840.0,0.0,0.0,0.6310463547706604,0.022082833603696193
0.2896345713390754,0.7267489611665305,0.0,0.0,840.0,0.0,0.0,0.6310463547706604,0.022082833603696193
0.30674723707712614,0.7267489611665305,0.0,0.0,840.0,0.0,0.0,0.6310463547706604,0.022082833603696193
0.3238599028151769,0.7267489611665305,0.0,0.0,840.0,0.0,0.0,0.6310463547706604,0.022082833603696193
0.34097256855322766,0.7267489611665305,0.0,0.0,840.0,0.0,0.0,0.6310463547706604,0.022082833603696193
0.3580852342912784,0.7267489611665305,0.0,0.0,840.0,0.0,0.0,0.6310463547706604,0.022082833603696193
0.3751979000293292,0.7267489611665305,0.0,0.0,840.0,0.0,0.0,0.6310463547706604,0.022082833603696193
0.39231056576737994,0.7267489611665305,0.0,0.0,840.0,0.0,0.0,0.6310463547706604,0.022082833603696193
0.4094232315054307,0.7267489611665305,0.0,0.0,840.0,0.0,0.0,0.6310463547706604,0.022082833603696193
0.42653589724348145,0.7267489611665305,0.0,0.0,840.0,0.0,0.0,0.6310463547706604,0.022082833603696193
0.4436485629815322,0.7267489611665305,0.0,0.0,840.0,0.0,0.0,0.6310463547706604,0.022082833603696193
0.4607612287195829,0.7267489611665305,0.0,0.0,840.0,0.0,0.0,0.6310463547706604,0.022082833603696193
0.4778738944576337,0.7267489611665305,0.0,0.0,840.0,0.0,0.0,0.6310463547706604,0.022082833603696193
0.49498656019568443,0.7267489611665305,0.0,0.0,840.0,0.0,0.0,0.6310463547706604,0.022082833603696193
0.5120992259337351,0.7267489611665305,0.0,0.0,840.0,0.0,0.0,0.6310463547706604,0.022082833603696193
0.529211891671786,0.7267489611665305,0.0,0.0,840.0,0.0,0.0,0.6310463547706604,0.022082833603696193
0.5463245574098368,0.7267489611665305,0.0,0.0,840.0,0.0,0.0,0.6310463547706604,0.022082833603696193
0.5634372231478875,0.7267489611665305,0.0,0.0,840.0,0.0,0.0,0.6310463547706604,0.022082833603696193
0.5805498888859383,0.7267489611665305,0.0,0.0,840.0,0.0,0.0,0.6310463547706604,0.022082833603696193
0.597662554623989,0.7267489611665305,0.0,0.0,840.0,0.0,0.0,0.6310463547706604,0.022082833603696193
0.6147752203620397,0.7267489611665305,0.0,0.0,840.0,0.0,0.0,0.6310463547706604,0.022082833603696193
0.6318878861000905,0.7267489611665305,0.0,0.0,840.0,0.0,0.0,0.6310463547706604,0.022082833603696193
0.6490005518381412,0.7267489611665305,0.0,0.0,840.0,0.0,0.0,0.6310463547706604,0.022082833603696193
0.666113217576192,0.7267489611665305,0.0,0.0,840.0,0.0,0.0,0.6310463547706604,0.022082833603696193
0.6832258833142427,0.7267489611665305,0.0,0.0,840.0,0.0,0.0,0.6310463547706604,0.022082833603696193
0.7003385490522935,0.7267489611665305,0.0,0.0,840.0,0.0,0.0,0.6310463547706604,0.022082833603696193
0.7174512147903442,0.7267489611665305,0.0,0.0,840.0,0.0,0.0,0.6310463547706604,0.022082833603696193
0.05005725100636482,0.7564722409676101,178.0,33.89882743714942,662.0,-0.02053353190422058,0.08678257023544962,0.5612475275993347,0.026082396163797292
0.06716991674441558,0.7564722409676101,176.6,34.721144418616056,663.4,-0.020449215173721315,0.08634682596056154,0.5624045193195343,0.027067483775089773
0.08428258248246634,0.7564722409676101,168.7,33.01001590762064,671.3,-0.020360416173934935,0.0857723419362679,0.5691525101661682,0.02335136981955606
0.10139524822051708,0.7564722409676101,161.8,30.72391056868902,678.2,-0.0233842670917511,0.09400999028836743,0.5727205693721771,0.022711399007432166
0.11850791395856784,0.7564722409676101,157.5,30.903731121768796,682.5,-0.023731452226638795,0.09389278104760064,0.5754962623119354,0.022366153826317212
0.13562057969661862,0.7564722409676101,152.1,30.446259998315934,687.9,-0.025753116607666014,0.09033983507279345,0.5787834644317627,0.022624628420439063
0.15273324543466935,0.7564722409676101,141.6,28.979951063339445,698.4,-0.04628423452377319,0.09620824991142898,0.5847051918506623,0.02125291885357291
0.1698459111727201,0.7564722409676101,137.3,30.387562772695375,702.7,-0.049015122652053836,0.09950883936229712,0.58459512591362,0.020954574620058456
0.18695857691077086,0.7564722409676101,124.2,42.19703032735708,715.8,-0.01143796443939209,0.058003812734467676,0.5894499838352203,0.025453067753801486
0.20407124264882162,0.7564722409676101,102.8,44.659767225983074,737.2,-0.015597671270370483,0.06049393751139648,0.5990934014320374,0.025023310721305647
0.22118390838687238,0.7564722409676101,24.7,37.33595044957054,815.3,-0.001594245433807373,0.013850850591577535,0.6233714759349823,0.029957460820062915
0.23829657412492314,0.7564722409676101,0.0,0.0,840.0,0.0,0.0,0.6310463547706604,0.022082833603696193
0.25540923986297387,0.7564722409676101,0.0,0.0,840.0,0.0,0.0,0.6310463547706604,0.022082833603696193
0.2725219056010246,0.7564722409676101,0.0,0.0,840.0,0.0,0.0,0.6310463547706604,0.022082833603696193
0.2896345713390754,0.7564722409676101,0.0,0.0,840.0,0.0,0.0,0.6310463547706604,0.022082833603696193
0.30674723707712614,0.7564722409676101,0.0,0.0,840.0,0.0,0.0,0.6310463547706604,0.022082833603696193
0.3238599028151769,0.7564722409676101,0.0,0.0,840.0,0.0,0.0,0.6310463547706604,0.022082833603696193
0.34097256855322766,0.7564722409676101,0.0,0.0,840.0,0.0,0.0,0.6310463547706604,0.022082833603696193
0.3580852342912784,0.7564722409676101,0.0,0.0,840.0,0.0,0.0,0.6310463547706604,0.022082833603696193
0.3751979000293292,0.7564722409676101,0.0,0.0,840.0,0.0,0.0,0.6310463547706604,0.022082833603696193
0.39231056576737994,0.7564722409676101,0.0,0.0,840.0,0.0,0.0,0.6310463547706604,0.022082833603696193
0.4094232315054307,0.7564722409676101,0.0,0.0,840.0,0.0,0.0,0.6310463547706604,0.022082833603696193
0.42653589724348145,0.7564722409676101,0.0,0.0,840.0,0.0,0.0,0.6310463547706604,0.022082833603696193
0.4436485629815322,0.7564722409676101,0.0,0.0,840.0,0.0,0.0,0.6310463547706604,0.022082833603696193
0.4607612287195829,0.7564722409676101,0.0,0.0,840.0,0.0,0.0,0.6310463547706604,0.022082833603696193
0.4778738944576337,0.7564722409676101,0.0,0.0,840.0,0.0,0.0,0.6310463547706604,0.022082833603696193
0.49498656019568443,0.7564722409676101,0.0,0.0,840.0,0.0,0.0,0.6310463547706604,0.022082833603696193
0.5120992259337351,0.7564722409676101,0.0,0.0,840.0,0.0,0.0,0.6310463547706604,0.022082833603696193
0.529211891671786,0.7564722409676101,0.0,0.0,840.0,0.0,0.0,0.6310463547706604,0.022082833603696193
0.5463245574098368,0.7564722409676101,0.0,0.0,840.0,0.0,0.0,0.6310463547706604,0.022082833603696193
0.5634372231478875,0.7564722409676101,0.0,0.0,840.0,0.0,0.0,0.6310463547706604,0.022082833603696193
0.5805498888859383,0.7564722409676101,0.0,0.0,840.0,0.0,0.0,0.6310463547706604,0.022082833603696193
0.597662554623989,0.7564722409676101,0.0,0.0,840.0,0.0,0.0,0.6310463547706604,0.022082833603696193
0.6147752203620397,0.7564722409676101,0.0,0.0,840.0,0.0,0.0,0.6310463547706604,0.022082833603696193
0.6318878861000905,0.7564722409676101,0.0,0.0,840.0,0.0,0.0,0.6310463547706604,0.022082833603696193
0.6490005518381412,0.7564722409676101,0.0,0.0,840.0,0.0,0.0,0.6310463547706604,0.022082833603696193
0.666113217576192,0.7564722409676101,0.0,0.0,840.0,0.0,0.0,0.6310463547706604,0.022082833603696193
0.6832258833142427,0.7564722409676101,0.0,0.0,840.0,0.0,0.0,0.6310463547706604,0.022082833603696193
0.7003385490522935,0.7564722409676101,0.0,0.0,840.0,0.0,0.0,0.6310463547706604,0.022082833603696193
0.7174512147903442,0.7564722409676101,0.0,0.0,840.0,0.0,0.0,0.6310463547706604,0.022082833603696193
0.05005725100636482,0.7861955207686896,179.6,33.778180492244424,660.4,-0.021365445852279664,0.08705900714724155,0.5606606841087342,0.02682200491897992
0.06716991674441558,0.7861955207686896,177.3,35.263620887635675,662.7,-0.02084854245185852,0.08615397891754109,0.5615229725837707,0.027701257650206902
0.08428258248246634,0.7861955207686896,169.0,33.29805184063011,671.0,-0.020373159646987916,0.08578089534072164,0.5689674019813538,0.023341716539810917
0.10139524822051708,0.7861955207686896,162.1,31.071076101517164,677.9,-0.023397010564804078,0.09401756121784141,0.5725354611873626,0.022718010283733086
0.11850791395856784,0.7861955207686896,157.7,31.27099890598321,682.3,-0.02374538779258728,0.09390072079777777,0.5753890454769135,0.0224445555902049
0.13562057969661862,0.7861955207686896,152.1,30.446259998315934,687.9,-0.025753116607666014,0.09033983507279345,0.5787834644317627,0.022624628420439063
0.15273324543466935,0.7861955207686896,141.6,28.979951063339445,698.4,-0.04628423452377319,0.09620824991142898,0.5847051918506623,0.02125291885357291
0.1698459111727201,0.7861955207686896,137.3,30.387562772695375,702.7,-0.049015122652053836,0.09950883936229712,0.58459512591362,0.020954574620058456
0.18695857691077086,0.7861955207686896,124.2,42.19703032735708,715.8,-0.01143796443939209,0.058003812734467676,0.5894499838352203,0.025453067753801486
0.20407124264882162,0.7861955207686896,102.8,44.659767225983074,737.2,-0.015597671270370483,0.06049393751139648,0.5990934014320374,0.025023310721305647
0.22118390838687238,0.7861955207686896,24.7,37.33595044957054,815.3,-0.001594245433807373,0.013850850591577535,0.6233714759349823,0.029957460820062915
0.23829657412492314,0.7861955207686896,0.0,0.0,840.0,0.0,0.0,0.6310463547706604,0.022082833603696193
0.25540923986297387,0.7861955207686896,0.0,0.0,840.0,0.0,0.0,0.6310463547706604,0.022082833603696193
0.2725219056010246,0.7861955207686896,0.0,0.0,840.0,0.0,0.0,0.6310463547706604,0.022082833603696193
0.2896345713390754,0.7861955207686896,0.0,0.0,840.0,0.0,0.0,0.6310463547706604,0.022082833603696193
0.30674723707712614,0.7861955207686896,0.0,0.0,840.0,0.0,0.0,0.6310463547706604,0.022082833603696193
0.3238599028151769,0.7861955207686896,0.0,0.0,840.0,0.0,0.0,0.6310463547706604,0.022082833603696193
0.34097256855322766,0.7861955207686896,0.0,0.0,840.0,0.0,0.0,0.6310463547706604,0.022082833603696193
0.3580852342912784,0.7861955207686896,0.0,0.0,840.0,0.0,0.0,0.6310463547706604,0.022082833603696193
0.3751979000293292,0.7861955207686896,0.0,0.0,840.0,0.0,0.0,0.6310463547706604,0.022082833603696193
0.39231056576737994,0.7861955207686896,0.0,0.0,840.0,0.0,0.0,0.6310463547706604,0.022082833603696193
0.4094232315054307,0.7861955207686896,0.0,0.0,840.0,0.0,0.0,0.6310463547706604,0.022082833603696193
0.42653589724348145,0.7861955207686896,0.0,0.0,840.0,0.0,0.0,0.6310463547706604,0.022082833603696193
0.4436485629815322,0.7861955207686896,0.0,0.0,840.0,0.0,0.0,0.6310463547706604,0.022082833603696193
0.4607612287195829,0.7861955207686896,0.0,0.0,840.0,0.0,0.0,0.6310463547706604,0.022082833603696193
0.4778738944576337,0.7861955207686896,0.0,0.0,840.0,0.0,0.0,0.6310463547706604,0.022082833603696193
0.49498656019568443,0.7861955207686896,0.0,0.0,840.0,0.0,0.0,0.6310463547706604,0.022082833603696193
0.5120992259337351,0.7861955207686896,0.0,0.0,840.0,0.0,0.0,0.6310463547706604,0.022082833603696193
0.529211891671786,0.7861955207686896,0.0,0.0,840.0,0.0,0.0,0.6310463547706604,0.022082833603696193
0.5463245574098368,0.7861955207686896,0.0,0.0,840.0,0.0,0.0,0.6310463547706604,0.022082833603696193
0.5634372231478875,0.7861955207686896,0.0,0.0,840.0,0.0,0.0,0.6310463547706604,0.022082833603696193
0.5805498888859383,0.7861955207686896,0.0,0.0,840.0,0.0,0.0,0.6310463547706604,0.022082833603696193
0.597662554623989,0.7861955207686896,0.0,0.0,840.0,0.0,0.0,0.6310463547706604,0.022082833603696193
0.6147752203620397,0.7861955207686896,0.0,0.0,840.0,0.0,0.0,0.6310463547706604,0.022082833603696193
0.6318878861000905,0.7861955207686896,0.0,0.0,840.0,0.0,0.0,0.6310463547706604,0.022082833603696193
0.6490005518381412,0.7861955207686896,0.0,0.0,840.0,0.0,0.0,0.6310463547706604,0.022082833603696193
0.666113217576192,0.7861955207686896,0.0,0.0,840.0,0.0,0.0,0.6310463547706604,0.022082833603696193
0.6832258833142427,0.7861955207686896,0.0,0.0,840.0,0.0,0.0,0.6310463547706604,0.022082833603696193
0.7003385490522935,0.7861955207686896,0.0,0.0,840.0,0.0,0.0,0.6310463547706604,0.022082833603696193
0.7174512147903442,0.7861955207686896,0.0,0.0,840.0,0.0,0.0,0.6310463547706604,0.022082833603696193
0.05005725100636482,0.8159188005697691,180.8,34.921337592060155,659.2,-0.02149541974067688,0.08717709956676435,0.5601267278194427,0.026607805593231757
0.06716991674441558,0.8159188005697691,178.5,36.40324084991542,661.5,-0.020978516340255736,0.0862737529474922,0.5609890162944794,0.02750342953144581
0.08428258248246634,0.8159188005697691,170.2,34.666405281144065,669.8,-0.020503133535385132,0.08590159855168848,0.5684334456920623,0.023204202674771125
0.10139524822051708,0.8159188005697691,163.3,32.677623874689935,676.7,-0.023526984453201293,0.09412532871296707,0.5720015048980713,0.02262462910986733
0.11850791395856784,0.8159188005697691,158.6,32.94993236789052,681.4,-0.024001938104629517,0.09404865779384303,0.5751699984073639,0.022611975716277793
0.13562057969661862,0.8159188005697691,152.5,31.18214048692078,687.5,-0.025687289237976075,0.09030373653674421,0.5781938076019287,0.023169722065163767
0.15273324543466935,0.8159188005697691,141.6,28.979951063339445,698.4,-0.04628423452377319,0.09620824991142898,0.5847051918506623,0.02125291885357291
0.1698459111727201,0.8159188005697691,137.3,30.387562772695375,702.7,-0.049015122652053836,0.09950883936229712,0.58459512591362,0.020954574620058456
0.18695857691077086,0.8159188005697691,124.2,42.19703032735708,715.8,-0.01143796443939209,0.058003812734467676,0.5894499838352203,0.025453067753801486
0.20407124264882162,0.8159188005697691,102.8,44.659767225983074,737.2,-0.015597671270370483,0.06049393751139648,0.5990934014320374,0.025023310721305647
0.22118390838687238,0.8159188005697691,24.7,37.33595044957054,815.3,-0.001594245433807373,0.013850850591577535,0.6233714759349823,0.029957460820062915
0.23829657412492314,0.8159188005697691,0.0,0.0,840.0,0.0,0.0,0.6310463547706604,0.022082833603696193
0.25540923986297387,0.8159188005697691,0.0,0.0,840.0,0.0,0.0,0.6310463547706604,0.022082833603696193
0.2725219056010246,0.8159188005697691,0.0,0.0,840.0,0.0,0.0,0.6310463547706604,0.022082833603696193
0.2896345713390754,0.8159188005697691,0.0,0.0,840.0,0.0,0.0,0.6310463547706604,0.022082833603696193
0.30674723707712614,0.8159188005697691,0.0,0.0,840.0,0.0,0.0,0.6310463547706604,0.022082833603696193
0.3238599028151769,0.8159188005697691,0.0,0.0,840.0,0.0,0.0,0.6310463547706604,0.022082833603696193
0.34097256855322766,0.8159188005697691,0.0,0.0,840.0,0.0,0.0,0.6310463547706604,0.022082833603696193
0.3580852342912784,0.8159188005697691,0.0,0.0,840.0,0.0,0.0,0.6310463547706604,0.022082833603696193
0.3751979000293292,0.8159188005697691,0.0,0.0,840.0,0.0,0.0,0.6310463547706604,0.022082833603696193
0.39231056576737994,0.8159188005697691,0.0,0.0,840.0,0.0,0.0,0.6310463547706604,0.022082833603696193
0.4094232315054307,0.8159188005697691,0.0,0.0,840.0,0.0,0.0,0.6310463547706604,0.022082833603696193
0.42653589724348145,0.8159188005697691,0.0,0.0,840.0,0.0,0.0,0.6310463547706604,0.022082833603696193
0.4436485629815322,0.8159188005697691,0.0,0.0,840.0,0.0,0.0,0.6310463547706604,0.022082833603696193
0.4607612287195829,0.8159188005697691,0.0,0.0,840.0,0.0,0.0,0.6310463547706604,0.022082833603696193
0.4778738944576337,0.8159188005697691,0.0,0.0,840.0,0.0,0.0,0.6310463547706604,0.022082833603696193
0.49498656019568443,0.8159188005697691,0.0,0.0,840.0,0.0,0.0,0.6310463547706604,0.022082833603696193
0.5120992259337351,0.8159188005697691,0.0,0.0,840.0,0.0,0.0,0.6310463547706604,0.022082833603696193
0.529211891671786,0.8159188005697691,0.0,0.0,840.0,0.0,0.0,0.6310463547706604,0.022082833603696193
0.5463245574098368,0.8159188005697691,0.0,0.0,840.0,0.0,0.0,0.6310463547706604,0.022082833603696193
0.5634372231478875,0.8159188005697691,0.0,0.0,840.0,0.0,0.0,0.6310463547706604,0.022082833603696193
0.5805498888859383,0.8159188005697691,0.0,0.0,840.0,0.0,0.0,0.6310463547706604,0.022082833603696193
0.597662554623989,0.8159188005697691,0.0,0.0,840.0,0.0,0.0,0.6310463547706604,0.022082833603696193
0.6147752203620397,0.8159188005697691,0.0,0.0,840.0,0.0,0.0,0.6310463547706604,0.022082833603696193
0.6318878861000905,0.8159188005697691,0.0,0.0,840.0,0.0,0.0,0.6310463547706604,0.022082833603696193
0.6490005518381412,0.8159188005697691,0.0,0.0,840.0,0.0,0.0,0.6310463547706604,0.022082833603696193
0.666113217576192,0.8159188005697691,0.0,0.0,840.0,0.0,0.0,0.6310463547706604,0.022082833603696193
0.6832258833142427,0.8159188005697691,0.0,0.0,840.0,0.0,0.0,0.6310463547706604,0.022082833603696193
0.7003385490522935,0.8159188005697691,0.0,0.0,840.0,0.0,0.0,0.6310463547706604,0.022082833603696193
0.7174512147903442,0.8159188005697691,0.0,0.0,840.0,0.0,0.0,0.6310463547706604,0.022082833603696193
0.05005725100636482,0.8456420803708486,181.6,35.236441263922586,658.4,-0.020578479766845702,0.08716439849061311,0.5593735337257385,0.026685690424503163
0.06716991674441558,0.8456420803708486,179.3,36.734116944826994,660.7,-0.020061576366424562,0.08625779460285046,0.5602358222007752,0.027592172121761006
0.08428258248246634,0.8456420803708486,170.8,34.903422614572264,669.2,-0.019636911153793336,0.08586997972250457,0.56801056265831,0.02302899522083473
0.10139524822051708,0.8456420803708486,163.7,32.7436776205816,676.3,-0.022495371103286744,0.09407936888018198,0.5718661069869995,0.02236701733487126
0.11850791395856784,0.8456420803708486,158.6,32.94993236789052,681.4,-0.024001938104629517,0.09404865779384303,0.5751699984073639,0.022611975716277793
0.13562057969661862,0.8456420803708486,152.5,31.18214048692078,687.5,-0.025687289237976075,0.09030373653674421,0.5781938076019287,0.023169722065163767
0.15273324543466935,0.8456420803708486,141.6,28.979951063339445,698.4,-0.04628423452377319,0.09620824991142898,0.5847051918506623,0.02125291885357291
0.1698459111727201,0.8456420803708486,137.3,30.387562772695375,702.7,-0.049015122652053836,0.09950883936229712,0.58459512591362,0.020954574620058456
0.18695857691077086,0.8456420803708486,124.2,42.19703032735708,715.8,-0.01143796443939209,0.058003812734467676,0.5894499838352203,0.025453067753801486
0.20407124264882162,0.8456420803708486,102.8,44.659767225983074,737.2,-0.015597671270370483,0.06049393751139648,0.5990934014320374,0.025023310721305647
0.22118390838687238,0.8456420803708486,24.7,37.33595044957054,815.3,-0.001594245433807373,0.013850850591577535,0.6233714759349823,0.029957460820062915
0.23829657412492314,0.8456420803708486,0.0,0.0,840.0,0.0,0.0,0.6310463547706604,0.022082833603696193
0.25540923986297387,0.8456420803708486,0.0,0.0,840.0,0.0,0.0,0.6310463547706604,0.022082833603696193
0.2725219056010246,0.8456420803708486,0.0,0.0,840.0,0.0,0.0,0.6310463547706604,0.022082833603696193
0.2896345713390754,0.8456420803708486,0.0,0.0,840.0,0.0,0.0,0.6310463547706604,0.022082833603696193
0.30674723707712614,0.8456420803708486,0.0,0.0,840.0,0.0,0.0,0.6310463547706604,0.022082833603696193
0.3238599028151769,0.8456420803708486,0.0,0.0,840.0,0.0,0.0,0.6310463547706604,0.022082833603696193
0.34097256855322766,0.8456420803708486,0.0,0.0,840.0,0.0,0.0,0.6310463547706604,0.022082833603696193
0.3580852342912784,0.8456420803708486,0.0,0.0,840.0,0.0,0.0,0.6310463547706604,0.022082833603696193
0.3751979000293292,0.8456420803708486,0.0,0.0,840.0,0.0,0.0,0.6310463547706604,0.022082833603696193
0.39231056576737994,0.8456420803708486,0.0,0.0,840.0,0.0,0.0,0.6310463547706604,0.022082833603696193
0.4094232315054307,0.8456420803708486,0.0,0.0,840.0,0.0,0.0,0.6310463547706604,0.022082833603696193
0.42653589724348145,0.8456420803708486,0.0,0.0,840.0,0.0,0.0,0.6310463547706604,0.022082833603696193
0.4436485629815322,0.8456420803708486,0.0,0.0,840.0,0.0,0.0,0.6310463547706604,0.022082833603696193
0.4607612287195829,0.8456420803708486,0.0,0.0,840.0,0.0,0.0,0.6310463547706604,0.022082833603696193
0.4778738944576337,0.8456420803708486,0.0,0.0,840.0,0.0,0.0,0.6310463547706604,0.022082833603696193
0.49498656019568443,0.8456420803708486,0.0,0.0,840.0,0.0,0.0,0.6310463547706604,0.022082833603696193
0.5120992259337351,0.8456420803708486,0.0,0.0,840.0,0.0,0.0,0.6310463547706604,0.022082833603696193
0.529211891671786,0.8456420803708486,0.0,0.0,840.0,0.0,0.0,0.6310463547706604,0.022082833603696193
0.5463245574098368,0.8456420803708486,0.0,0.0,840.0,0.0,0.0,0.6310463547706604,0.022082833603696193
0.5634372231478875,0.8456420803708486,0.0,0.0,840.0,0.0,0.0,0.6310463547706604,0.022082833603696193
0.5805498888859383,0.8456420803708486,0.0,0.0,840.0,0.0,0.0,0.6310463547706604,0.022082833603696193
0.597662554623989,0.8456420803708486,0.0,0.0,840.0,0.0,0.0,0.6310463547706604,0.022082833603696193
0.6147752203620397,0.8456420803708486,0.0,0.0,840.0,0.0,0.0,0.6310463547706604,0.022082833603696193
0.6318878861000905,0.8456420803708486,0.0,0.0,840.0,0.0,0.0,0.6310463547706604,0.022082833603696193
0.6490005518381412,0.8456420803708486,0.0,0.0,840.0,0.0,0.0,0.6310463547706604,0.022082833603696193
0.666113217576192,0.8456420803708486,0.0,0.0,840.0,0.0,0.0,0.6310463547706604,0.022082833603696193
0.6832258833142427,0.8456420803708486,0.0,0.0,840.0,0.0,0.0,0.6310463547706604,0.022082833603696193
0.7003385490522935,0.8456420803708486,0.0,0.0,840.0,0.0,0.0,0.6310463547706604,0.022082833603696193
0.7174512147903442,0.8456420803708486,0.0,0.0,840.0,0.0,0.0,0.6310463547706604,0.022082833603696193
0.05005725100636482,0.8753653601719281,184.5,34.76377783995063,655.5,-0.022297698259353637,0.08701836343600247,0.5560782670974731,0.027005738486880117
0.06716991674441558,0.8753653601719281,182.2,36.20205434423413,657.8,-0.02217039465904236,0.08617645066732545,0.556991696357727,0.028029802725659372
0.08428258248246634,0.8753653601719281,172.0,34.968849195215796,668.0,-0.01942506432533264,0.0859993335135399,0.5666378378868103,0.02383310123286821
0.10139524822051708,0.8753653601719281,164.0,32.961664585591095,676.0,-0.022492474317550658,0.09409726267628847,0.5715500354766846,0.022420634531134593
0.11850791395856784,0.8753653601719281,158.8,33.12994190331488,681.2,-0.023992854356765746,0.09406323466400998,0.5749791502952576,0.022586550951136194
0.13562057969661862,0.8753653601719281,152.6,31.367491730496873,687.4,-0.02574913501739502,0.09033764507623071,0.578121542930603,0.02324091252113589
0.15273324543466935,0.8753653601719281,141.6,28.979951063339445,698.4,-0.04628423452377319,0.09620824991142898,0.5847051918506623,0.02125291885357291
0.1698459111727201,0.8753653601719281,137.3,30.387562772695375,702.7,-0.049015122652053836,0.09950883936229712,0.58459512591362,0.020954574620058456
0.18695857691077086,0.8753653601719281,124.2,42.19703032735708,715.8,-0.01143796443939209,0.058003812734467676,0.5894499838352203,0.025453067753801486
0.20407124264882162,0.8753653601719281,102.8,44.659767225983074,737.2,-0.015597671270370483,0.06049393751139648,0.5990934014320374,0.025023310721305647
0.22118390838687238,0.8753653601719281,24.7,37.33595044957054,815.3,-0.001594245433807373,0.013850850591577535,0.6233714759349823,0.029957460820062915
0.23829657412492314,0.8753653601719281,0.0,0.0,840.0,0.0,0.0,0.6310463547706604,0.022082833603696193
0.25540923986297387,0.8753653601719281,0.0,0.0,840.0,0.0,0.0,0.6310463547706604,0.022082833603696193
0.2725219056010246,0.8753653601719281,0.0,0.0,840.0,0.0,0.0,0.6310463547706604,0.022082833603696193
0.2896345713390754,0.8753653601719281,0.0,0.0,840.0,0.0,0.0,0.6310463547706604,0.022082833603696193
0.30674723707712614,0.8753653601719281,0.0,0.0,840.0,0.0,0.0,0.6310463547706604,0.022082833603696193
0.3238599028151769,0.8753653601719281,0.0,0.0,840.0,0.0,0.0,0.6310463547706604,0.022082833603696193
0.34097256855322766,0.8753653601719281,0.0,0.0,840.0,0.0,0.0,0.6310463547706604,0.022082833603696193
0.3580852342912784,0.8753653601719281,0.0,0.0,840.0,0.0,0.0,0.6310463547706604,0.022082833603696193
0.3751979000293292,0.8753653601719281,0.0,0.0,840.0,0.0,0.0,0.6310463547706604,0.022082833603696193
0.39231056576737994,0.8753653601719281,0.0,0.0,840.0,0.0,0.0,0.6310463547706604,0.022082833603696193
0.4094232315054307,0.8753653601719281,0.0,0.0,840.0,0.0,0.0,0.6310463547706604,0.022082833603696193
0.42653589724348145,0.8753653601719281,0.0,0.0,840.0,0.0,0.0,0.6310463547706604,0.022082833603696193
0.4436485629815322,0.8753653601719281,0.0,0.0,840.0,0.0,0.0,0.6310463547706604,0.022082833603696193
0.4607612287195829,0.8753653601719281,0.0,0.0,840.0,0.0,0.0,0.6310463547706604,0.022082833603696193
0.4778738944576337,0.8753653601719281,0.0,0.0,840.0,0.0,0.0,0.6310463547706604,0.022082833603696193
0.49498656019568443,0.8753653601719281,0.0,0.0,840.0,0.0,0.0,0.6310463547706604,0.022082833603696193
0.5120992259337351,0.8753653601719281,0.0,0.0,840.0,0.0,0.0,0.6310463547706604,0.022082833603696193
0.529211891671786,0.8753653601719281,0.0,0.0,840.0,0.0,0.0,0.6310463547706604,0.022082833603696193
0.5463245574098368,0.8753653601719281,0.0,0.0,840.0,0.0,0.0,0.6310463547706604,0.022082833603696193
0.5634372231478875,0.8753653601719281,0.0,0.0,840.0,0.0,0.0,0.6310463547706604,0.022082833603696193
0.5805498888859383,0.8753653601719281,0.0,0.0,840.0,0.0,0.0,0.6310463547706604,0.022082833603696193
0.597662554623989,0.8753653601719281,0.0,0.0,840.0,0.0,0.0,0.6310463547706604,0.022082833603696193
0.6147752203620397,0.8753653601719281,0.0,0.0,840.0,0.0,0.0,0.6310463547706604,0.022082833603696193
0.6318878861000905,0.8753653601719281,0.0,0.0,840.0,0.0,0.0,0.6310463547706604,0.022082833603696193
0.6490005518381412,0.8753653601719281,0.0,0.0,840.0,0.0,0.0,0.6310463547706604,0.022082833603696193
0.666113217576192,0.8753653601719281,0.0,0.0,840.0,0.0,0.0,0.6310463547706604,0.022082833603696193
0.6832258833142427,0.8753653601719281,0.0,0.0,840.0,0.0,0.0,0.6310463547706604,0.022082833603696193
0.7003385490522935,0.8753653601719281,0.0,0.0,840.0,0.0,0.0,0.6310463547706604,0.022082833603696193
0.7174512147903442,0.8753653601719281,0.0,0.0,840.0,0.0,0.0,0.6310463547706604,0.022082833603696193
0.05005725100636482,0.9050886399730076,186.3,35.05662456687922,653.7,-0.028000110387802125,0.08038023521125243,0.55692817568779,0.026417067000400096
0.06716991674441558,0.9050886399730076,184.0,36.54782321408013,656.0,-0.027872806787490843,0.0794732207484494,0.5578416049480438,0.027447012993036354
0.08428258248246634,0.9050886399730076,173.3,35.7170188466523,666.7,-0.01939226984977722,0.0860422324642919,0.5661877036094666,0.02348421848101395
0.10139524822051708,0.9050886399730076,165.3,33.92908972512301,674.7,-0.02245967984199524,0.09413707898827187,0.5710999011993408,0.02210635999113645
0.11850791395856784,0.9050886399730076,160.1,34.058552233265964,679.9,-0.023968929052352907,0.09410386283742594,0.5745691299438477,0.022258581754278986
0.13562057969661862,0.9050886399730076,153.1,32.30205882842844,686.9,-0.025896120071411132,0.09041905099983219,0.5781573951244354,0.023205476626189308
0.15273324543466935,0.9050886399730076,141.6,28.979951063339445,698.4,-0.04628423452377319,0.09620824991142898,0.5847051918506623,0.02125291885357291
0.1698459111727201,0.9050886399730076,137.3,30.387562772695375,702.7,-0.049015122652053836,0.09950883936229712,0.58459512591362,0.020954574620058456
0.18695857691077086,0.9050886399730076,124.2,42.19703032735708,715.8,-0.01143796443939209,0.058003812734467676,0.5894499838352203,0.025453067753801486
0.20407124264882162,0.9050886399730076,102.8,44.659767225983074,737.2,-0.015597671270370483,0.06049393751139648,0.5990934014320374,0.025023310721305647
0.22118390838687238,0.9050886399730076,24.7,37.33595044957054,815.3,-0.001594245433807373,0.013850850591577535,0.6233714759349823,0.029957460820062915
0.23829657412492314,0.9050886399730076,0.0,0.0,840.0,0.0,0.0,0.6310463547706604,0.022082833603696193
0.25540923986297387,0.9050886399730076,0.0,0.0,840.0,0.0,0.0,0.6310463547706604,0.022082833603696193
0.2725219056010246,0.9050886399730076,0.0,0.0,840.0,0.0,0.0,0.6310463547706604,0.022082833603696193
0.2896345713390754,0.9050886399730076,0.0,0.0,840.0,0.0,0.0,0.6310463547706604,0.022082833603696193
0.30674723707712614,0.9050886399730076,0.0,0.0,840.0,0.0,0.0,0.6310463547706604,0.022082833603696193
0.3238599028151769,0.9050886399730076,0.0,0.0,840.0,0.0,0.0,0.6310463547706604,0.022082833603696193
0.34097256855322766,0.9050886399730076,0.0,0.0,840.0,0.0,0.0,0.6310463547706604,0.022082833603696193
0.3580852342912784,0.9050886399730076,0.0,0.0,840.0,0.0,0.0,0.6310463547706604,0.022082833603696193
0.3751979000293292,0.9050886399730076,0.0,0.0,840.0,0.0,0.0,0.6310463547706604,0.022082833603696193
0.39231056576737994,0.9050886399730076,0.0,0.0,840.0,0.0,0.0,0.6310463547706604,0.022082833603696193
0.4094232315054307,0.9050886399730076,0.0,0.0,840.0,0.0,0.0,0.6310463547706604,0.022082833603696193
0.42653589724348145,0.9050886399730076,0.0,0.0,840.0,0.0,0.0,0.6310463547706604,0.022082833603696193
0.4436485629815322,0.9050886399730076,0.0,0.0,840.0,0.0,0.0,0.6310463547706604,0.022082833603696193
0.4607612287195829,0.9050886399730076,0.0,0.0,840.0,0.0,0.0,0.6310463547706604,0.022082833603696193
0.4778738944576337,0.9050886399730076,0.0,0.0,840.0,0.0,0.0,0.6310463547706604,0.022082833603696193
0.49498656019568443,0.9050886399730076,0.0,0.0,840.0,0.0,0.0,0.6310463547706604,0.022082833603696193
0.5120992259337351,0.9050886399730076,0.0,0.0,840.0,0.0,0.0,0.6310463547706604,0.022082833603696193
0.529211891671786,0.9050886399730076,0.0,0.0,840.0,0.0,0.0,0.6310463547706604,0.022082833603696193
0.5463245574098368,0.9050886399730076,0.0,0.0,840.0,0.0,0.0,0.6310463547706604,0.022082833603696193
0.5634372231478875,0.9050886399730076,0.0,0.0,840.0,0.0,0.0,0.6310463547706604,0.022082833603696193
0.5805498888859383,0.9050886399730076,0.0,0.0,840.0,0.0,0.0,0.6310463547706604,0.022082833603696193
0.597662554623989,0.9050886399730076,0.0,0.0,840.0,0.0,0.0,0.6310463547706604,0.022082833603696193
0.6147752203620397,0.9050886399730076,0.0,0.0,840.0,0.0,0.0,0.6310463547706604,0.022082833603696193
0.6318878861000905,0.9050886399730076,0.0,0.0,840.0,0.0,0.0,0.6310463547706604,0.022082833603696193
0.6490005518381412,0.9050886399730076,0.0,0.0,840.0,0.0,0.0,0.6310463547706604,0.022082833603696193
0.666113217576192,0.9050886399730076,0.0,0.0,840.0,0.0,0.0,0.6310463547706604,0.022082833603696193
0.6832258833142427,0.9050886399730076,0.0,0.0,840.0,0.0,0.0,0.6310463547706604,0.022082833603696193
0.7003385490522935,0.9050886399730076,0.0,0.0,840.0,0.0,0.0,0.6310463547706604,0.022082833603696193
0.7174512147903442,0.9050886399730076,0.0,0.0,840.0,0.0,0.0,0.6310463547706604,0.022082833603696193
0.05005725100636482,0.9348119197740872,187.4,35.32347121930699,652.6,-0.027374088764190674,0.08101488456502735,0.5574660658836365,0.027043129449897597
0.06716991674441558,0.9348119197740872,185.0,36.931635407194854,655.0,-0.027154314517974853,0.07994839065480526,0.5584880471229553,0.028136661643672872
0.08428258248246634,0.9348119197740872,174.3,36.082884092645685,665.7,-0.018574583530426025,0.08647993573732435,0.566888952255249,0.02416776527017616
0.10139524822051708,0.9348119197740872,165.8,34.02573146698312,674.2,-0.0225333034992218,0.09415969945352144,0.5717543661594391,0.022722896775935978
0.11850791395856784,0.9348119197740872,160.5,34.08325133310776,679.5,-0.024092215299606323,0.09414161037601408,0.5753444075584412,0.022825085385474578
0.13562057969661862,0.9348119197740872,153.1,32.30205882842844,686.9,-0.025896120071411132,0.09041905099983219,0.5781573951244354,0.023205476626189308
0.15273324543466935,0.9348119197740872,141.6,28.979951063339445,698.4,-0.04628423452377319,0.09620824991142898,0.5847051918506623,0.02125291885357291
0.1698459111727201,0.9348119197740872,137.3,30.387562772695375,702.7,-0.049015122652053836,0.09950883936229712,0.58459512591362,0.020954574620058456
0.18695857691077086,0.9348119197740872,124.2,42.19703032735708,715.8,-0.01143796443939209,0.058003812734467676,0.5894499838352203,0.025453067753801486
0.20407124264882162,0.9348119197740872,102.8,44.659767225983074,737.2,-0.015597671270370483,0.06049393751139648,0.5990934014320374,0.025023310721305647
0.22118390838687238,0.9348119197740872,24.7,37.33595044957054,815.3,-0.001594245433807373,0.013850850591577535,0.6233714759349823,0.029957460820062915
0.23829657412492314,0.9348119197740872,0.0,0.0,840.0,0.0,0.0,0.6310463547706604,0.022082833603696193
0.25540923986297387,0.9348119197740872,0.0,0.0,840.0,0.0,0.0,0.6310463547706604,0.022082833603696193
0.2725219056010246,0.9348119197740872,0.0,0.0,840.0,0.0,0.0,0.6310463547706604,0.022082833603696193
0.2896345713390754,0.9348119197740872,0.0,0.0,840.0,0.0,0.0,0.6310463547706604,0.022082833603696193
0.30674723707712614,0.9348119197740872,0.0,0.0,840.0,0.0,0.0,0.6310463547706604,0.022082833603696193
0.3238599028151769,0.9348119197740872,0.0,0.0,840.0,0.0,0.0,0.6310463547706604,0.022082833603696193
0.34097256855322766,0.9348119197740872,0.0,0.0,840.0,0.0,0.0,0.6310463547706604,0.022082833603696193
0.3580852342912784,0.9348119197740872,0.0,0.0,840.0,0.0,0.0,0.6310463547706604,0.022082833603696193
0.3751979000293292,0.9348119197740872,0.0,0.0,840.0,0.0,0.0,0.6310463547706604,0.022082833603696193
0.39231056576737994,0.9348119197740872,0.0,0.0,840.0,0.0,0.0,0.6310463547706604,0.022082833603696193
0.4094232315054307,0.9348119197740872,0.0,0.0,840.0,0.0,0.0,0.6310463547706604,0.022082833603696193
0.42653589724348145,0.9348119197740872,0.0,0.0,840.0,0.0,0.0,0.6310463547706604,0.022082833603696193
0.4436485629815322,0.9348119197740872,0.0,0.0,840.0,0.0,0.0,0.6310463547706604,0.022082833603696193
0.4607612287195829,0.9348119197740872,0.0,0.0,840.0,0.0,0.0,0.6310463547706604,0.022082833603696193
0.4778738944576337,0.9348119197740872,0.0,0.0,840.0,0.0,0.0,0.6310463547706604,0.022082833603696193
0.49498656019568443,0.9348119197740872,0.0,0.0,840.0,0.0,0.0,0.6310463547706604,0.022082833603696193
0.5120992259337351,0.9348119197740872,0.0,0.0,840.0,0.0,0.0,0.6310463547706604,0.022082833603696193
0.529211891671786,0.9348119197740872,0.0,0.0,840.0,0.0,0.0,0.6310463547706604,0.022082833603696193
0.5463245574098368,0.9348119197740872,0.0,0.0,840.0,0.0,0.0,0.6310463547706604,0.022082833603696193
0.5634372231478875,0.9348119197740872,0.0,0.0,840.0,0.0,0.0,0.6310463547706604,0.022082833603696193
0.5805498888859383,0.9348119197740872,0.0,0.0,840.0,0.0,0.0,0.6310463547706604,0.022082833603696193
0.597662554623989,0.9348119197740872,0.0,0.0,840.0,0.0,0.0,0.6310463547706604,0.022082833603696193
0.6147752203620397,0.9348119197740872,0.0,0.0,840.0,0.0,0.0,0.6310463547706604,0.022082833603696193
0.6318878861000905,0.9348119197740872,0.0,0.0,840.0,0.0,0.0,0.6310463547706604,0.022082833603696193
0.6490005518381412,0.9348119197740872,0.0,0.0,840.0,0.0,0.0,0.6310463547706604,0.022082833603696193
0.666113217576192,0.9348119197740872,0.0,0.0,840.0,0.0,0.0,0.6310463547706604,0.022082833603696193
0.6832258833142427,0.9348119197740872,0.0,0.0,840.0,0.0,0.0,0.6310463547706604,0.022082833603696193
0.7003385490522935,0.9348119197740872,0.0,0.0,840.0,0.0,0.0,0.6310463547706604,0.022082833603696193
0.7174512147903442,0.9348119197740872,0.0,0.0,840.0,0.0,0.0,0.6310463547706604,0.022082833603696193
0.05005725100636482,0.9645351995751666,190.2,35.121037232677736,649.8,-0.025553476810455323,0.08041935744508741,0.5574808657169342,0.026250630784495292
0.06716991674441558,0.9645351995751666,187.4,37.15604138959982,652.6,-0.025304198265075684,0.07930173933020039,0.5588802099227905,0.02769887521833508
0.08428258248246634,0.9645351995751666,176.4,36.55591225083923,663.6,-0.016690105199813843,0.08578760269235056,0.567507553100586,0.024251219274755972
0.10139524822051708,0.9645351995751666,167.3,34.4727318730249,672.7,-0.020456820726394653,0.09364303779532153,0.5720872759819031,0.022976984066327033
0.11850791395856784,0.9645351995751666,162.0,34.38842665499622,678.0,-0.02200194001197815,0.09361200053426542,0.5757147967815399,0.02313780046480896
0.13562057969661862,0.9645351995751666,154.6,32.37195290419267,685.4,-0.023376154899597167,0.08983860187722223,0.5785476863384247,0.023507374437436383
0.15273324543466935,0.9645351995751666,141.6,28.979951063339445,698.4,-0.04628423452377319,0.09620824991142898,0.5847051918506623,0.02125291885357291
0.1698459111727201,0.9645351995751666,137.3,30.387562772695375,702.7,-0.049015122652053836,0.09950883936229712,0.58459512591362,0.020954574620058456
0.18695857691077086,0.9645351995751666,124.2,42.19703032735708,715.8,-0.01143796443939209,0.058003812734467676,0.5894499838352203,0.025453067753801486
0.20407124264882162,0.9645351995751666,102.8,44.659767225983074,737.2,-0.015597671270370483,0.06049393751139648,0.5990934014320374,0.025023310721305647
0.22118390838687238,0.9645351995751666,24.7,37.33595044957054,815.3,-0.001594245433807373,0.013850850591577535,0.6233714759349823,0.029957460820062915
0.23829657412492314,0.9645351995751666,0.0,0.0,840.0,0.0,0.0,0.6310463547706604,0.022082833603696193
0.25540923986297387,0.9645351995751666,0.0,0.0,840.0,0.0,0.0,0.6310463547706604,0.022082833603696193
0.2725219056010246,0.9645351995751666,0.0,0.0,840.0,0.0,0.0,0.6310463547706604,0.022082833603696193
0.2896345713390754,0.9645351995751666,0.0,0.0,840.0,0.0,0.0,0.6310463547706604,0.022082833603696193
0.30674723707712614,0.9645351995751666,0.0,0.0,840.0,0.0,0.0,0.6310463547706604,0.022082833603696193
0.3238599028151769,0.9645351995751666,0.0,0.0,840.0,0.0,0.0,0.6310463547706604,0.022082833603696193
0.34097256855322766,0.9645351995751666,0.0,0.0,840.0,0.0,0.0,0.6310463547706604,0.022082833603696193
0.3580852342912784,0.9645351995751666,0.0,0.0,840.0,0.0,0.0,0.6310463547706604,0.022082833603696193
0.3751979000293292,0.9645351995751666,0.0,0.0,840.0,0.0,0.0,0.6310463547706604,0.022082833603696193
0.39231056576737994,0.9645351995751666,0.0,0.0,840.0,0.0,0.0,0.6310463547706604,0.022082833603696193
0.4094232315054307,0.9645351995751666,0.0,0.0,840.0,0.0,0.0,0.6310463547706604,0.022082833603696193
0.42653589724348145,0.9645351995751666,0.0,0.0,840.0,0.0,0.0,0.6310463547706604,0.022082833603696193
0.4436485629815322,0.9645351995751666,0.0,0.0,840.0,0.0,0.0,0.6310463547706604,0.022082833603696193
0.4607612287195829,0.9645351995751666,0.0,0.0,840.0,0.0,0.0,0.6310463547706604,0.022082833603696193
0.4778738944576337,0.9645351995751666,0.0,0.0,840.0,0.0,0.0,0.6310463547706604,0.022082833603696193
0.49498656019568443,0.9645351995751666,0.0,0.0,840.0,0.0,0.0,0.6310463547706604,0.022082833603696193
0.5120992259337351,0.9645351995751666,0.0,0.0,840.0,0.0,0.0,0.6310463547706604,0.022082833603696193
0.529211891671786,0.9645351995751666,0.0,0.0,840.0,0.0,0.0,0.6310463547706604,0.022082833603696193
0.5463245574098368,0.9645351995751666,0.0,0.0,840.0,0.0,0.0,0.6310463547706604,0.022082833603696193
0.5634372231478875,0.9645351995751666,0.0,0.0,840.0,0.0,0.0,0.6310463547706604,0.022082833603696193
0.5805498888859383,0.9645351995751666,0.0,0.0,840.0,0.0,0.0,0.6310463547706604,0.022082833603696193
0.597662554623989,0.9645351995751666,0.0,0.0,840.0,0.0,0.0,0.6310463547706604,0.022082833603696193
0.6147752203620397,0.9645351995751666,0.0,0.0,840.0,0.0,0.0,0.6310463547706604,0.022082833603696193
0.6318878861000905,0.9645351995751666,0.0,0.0,840.0,0.0,0.0,0.6310463547706604,0.022082833603696193
0.6490005518381412,0.9645351995751666,0.0,0.0,840.0,0.0,0.0,0.6310463547706604,0.022082833603696193
0.666113217576192,0.9645351995751666,0.0,0.0,840.0,0.0,0.0,0.6310463547706604,0.022082833603696193
0.6832258833142427,0.9645351995751666,0.0,0.0,840.0,0.0,0.0,0.6310463547706604,0.022082833603696193
0.7003385490522935,0.9645351995751666,0.0,0.0,840.0,0.0,0.0,0.6310463547706604,0.022082833603696193
0.7174512147903442,0.9645351995751666,0.0,0.0,840.0,0.0,0.0,0.6310463547706604,0.022082833603696193
0.05005725100636482,0.9942584793762461,194.4,36.670832094997394,645.6,-0.027549481391906737,0.08098071681852545,0.5520945072174073,0.024035975885252785
0.06716991674441558,0.9942584793762461,191.6,38.79700293145048,648.4,-0.0273002028465271,0.07987449609786769,0.5534938514232636,0.025776571336570152
0.08428258248246634,0.9942584793762461,180.6,38.8380170513545,659.4,-0.018687111139297486,0.08642707626796042,0.562190192937851,0.022887691607955653
0.10139524822051708,0.9942584793762461,171.5,37.392559992559136,668.5,-0.022390544414520264,0.09418434922608031,0.5668142318725586,0.022053094277192802
0.11850791395856784,0.9942584793762461,166.0,37.04385483312645,674.0,-0.023844212293624878,0.09411232691914197,0.571150404214859,0.02173817108827636
0.13562057969661862,0.9942584793762461,158.5,34.5718834695026,681.5,-0.026164329051971434,0.09050191014835131,0.5742311298847198,0.02249245141404125
0.15273324543466935,0.9942584793762461,142.0,29.648741542588574,698.0,-0.04629130363464355,0.09621069834515107,0.5842673242092132,0.021688069709465834
0.1698459111727201,0.9942584793762461,137.5,30.72104191237314,702.5,-0.04903077483177185,0.09951383993680198,0.584369158744812,0.0211769669948608
0.18695857691077086,0.9942584793762461,124.2,42.19703032735708,715.8,-0.01143796443939209,0.058003812734467676,0.5894499838352203,0.025453067753801486
0.20407124264882162,0.9942584793762461,102.8,44.659767225983074,737.2,-0.015597671270370483,0.06049393751139648,0.5990934014320374,0.025023310721305647
0.22118390838687238,0.9942584793762461,24.7,37.33595044957054,815.3,-0.001594245433807373,0.013850850591577535,0.6233714759349823,0.029957460820062915
0.23829657412492314,0.9942584793762461,0.0,0.0,840.0,0.0,0.0,0.6310463547706604,0.022082833603696193
0.25540923986297387,0.9942584793762461,0.0,0.0,840.0,0.0,0.0,0.6310463547706604,0.022082833603696193
0.2725219056010246,0.9942584793762461,0.0,0.0,840.0,0.0,0.0,0.6310463547706604,0.022082833603696193
0.2896345713390754,0.9942584793762461,0.0,0.0,840.0,0.0,0.0,0.6310463547706604,0.022082833603696193
0.30674723707712614,0.9942584793762461,0.0,0.0,840.0,0.0,0.0,0.6310463547706604,0.022082833603696193
0.3238599028151769,0.9942584793762461,0.0,0.0,840.0,0.0,0.0,0.6310463547706604,0.022082833603696193
0.34097256855322766,0.9942584793762461,0.0,0.0,840.0,0.0,0.0,0.6310463547706604,0.022082833603696193
0.3580852342912784,0.9942584793762461,0.0,0.0,840.0,0.0,0.0,0.6310463547706604,0.022082833603696193
0.3751979000293292,0.9942584793762461,0.0,0.0,840.0,0.0,0.0,0.6310463547706604,0.022082833603696193
0.39231056576737994,0.9942584793762461,0.0,0.0,840.0,0.0,0.0,0.6310463547706604,0.022082833603696193
0.4094232315054307,0.9942584793762461,0.0,0.0,840.0,0.0,0.0,0.6310463547706604,0.022082833603696193
0.42653589724348145,0.9942584793762461,0.0,0.0,840.0,0.0,0.0,0.6310463547706604,0.022082833603696193
0.4436485629815322,0.9942584793762461,0.0,0.0,840.0,0.0,0.0,0.6310463547706604,0.022082833603696193
0.4607612287195829,0.9942584793762461,0.0,0.0,840.0,0.0,0.0,0.6310463547706604,0.022082833603696193
0.4778738944576337,0.9942584793762461,0.0,0.0,840.0,0.0,0.0,0.6310463547706604,0.022082833603696193
0.49498656019568443,0.9942584793762461,0.0,0.0,840.0,0.0,0.0,0.6310463547706604,0.022082833603696193
0.5120992259337351,0.9942584793762461,0.0,0.0,840.0,0.0,0.0,0.6310463547706604,0.022082833603696193
0.529211891671786,0.9942584793762461,0.0,0.0,840.0,0.0,0.0,0.6310463547706604,0.022082833603696193
0.5463245574098368,0.9942584793762461,0.0,0.0,840.0,0.0,0.0,0.6310463547706604,0.022082833603696193
0.5634372231478875,0.9942584793762461,0.0,0.0,840.0,0.0,0.0,0.6310463547706604,0.022082833603696193
0.5805498888859383,0.9942584793762461,0.0,0.0,840.0,0.0,0.0,0.6310463547706604,0.022082833603696193
0.597662554623989,0.9942584793762461,0.0,0.0,840.0,0.0,0.0,0.6310463547706604,0.022082833603696193
0.6147752203620397,0.9942584793762461,0.0,0.0,840.0,0.0,0.0,0.6310463547706604,0.022082833603696193
0.6318878861000905,0.9942584793762461,0.0,0.0,840.0,0.0,0.0,0.6310463547706604,0.022082833603696193
0.6490005518381412,0.9942584793762461,0.0,0.0,840.0,0.0,0.0,0.6310463547706604,0.022082833603696193
0.666113217576192,0.9942584793762461,0.0,0.0,840.0,0.0,0.0,0.6310463547706604,0.022082833603696193
0.6832258833142427,0.9942584793762461,0.0,0.0,840.0,0.0,0.0,0.6310463547706604,0.022082833603696193
0.7003385490522935,0.9942584793762461,0.0,0.0,840.0,0.0,0.0,0.6310463547706604,0.022082833603696193
0.7174512147903442,0.9942584793762461,0.0,0.0,840.0,0.0,0.0,0.6310463547706604,0.022082833603696193
0.05005725100636482,1.0239817591773257,196.9,38.178365666158484,643.1,-0.0254322350025177,0.08031784428495828,0.5578413367271423,0.022723345637702234
0.06716991674441558,1.0239817591773257,194.1,40.32375782225921,645.9,-0.025182956457138063,0.079198576693174,0.5592406809329986,0.024370245873413427
0.08428258248246634,1.0239817591773257,182.9,40.82265803620839,657.1,-0.01681934595108032,0.08567421953275486,0.5682065486907959,0.02021854875834221
0.10139524822051708,1.0239817591773257,173.6,39.7424954411567,666.4,-0.020163899660110472,0.093549600407947,0.5729339063167572,0.019402718770105905
0.11850791395856784,1.0239817591773257,168.0,39.50399784808601,672.0,-0.020783203840255737,0.09360848380893133,0.5768897056579589,0.019479751329229217
0.13562057969661862,1.0239817591773257,160.1,36.94925948388495,679.9,-0.024893295764923096,0.08983935432625943,0.5775920510292053,0.020057252774790545
0.15273324543466935,1.0239817591773257,143.2,31.725449263844496,696.8,-0.044726574420928956,0.09573238110580233,0.5877409875392914,0.0193932856967565
0.1698459111727201,1.0239817591773257,138.7,32.78185843015883,701.3,-0.04746692776679993,0.0990755195099376,0.5878332257270813,0.019032279473221034
0.18695857691077086,1.0239817591773257,124.2,42.19703032735708,715.8,-0.01143796443939209,0.058003812734467676,0.5894499838352203,0.025453067753801486
0.20407124264882162,1.0239817591773257,102.8,44.659767225983074,737.2,-0.015597671270370483,0.06049393751139648,0.5990934014320374,0.025023310721305647
0.22118390838687238,1.0239817591773257,24.7,37.33595044957054,815.3,-0.001594245433807373,0.013850850591577535,0.6233714759349823,0.029957460820062915
0.23829657412492314,1.0239817591773257,0.0,0.0,840.0,0.0,0.0,0.6310463547706604,0.022082833603696193
0.25540923986297387,1.0239817591773257,0.0,0.0,840.0,0.0,0.0,0.6310463547706604,0.022082833603696193
0.2725219056010246,1.0239817591773257,0.0,0.0,840.0,0.0,0.0,0.6310463547706604,0.022082833603696193
0.2896345713390754,1.0239817591773257,0.0,0.0,840.0,0.0,0.0,0.6310463547706604,0.022082833603696193
0.30674723707712614,1.0239817591773257,0.0,0.0,840.0,0.0,0.0,0.6310463547706604,0.022082833603696193
0.3238599028151769,1.0239817591773257,0.0,0.0,840.0,0.0,0.0,0.6310463547706604,0.022082833603696193
0.34097256855322766,1.0239817591773257,0.0,0.0,840.0,0.0,0.0,0.6310463547706604,0.022082833603696193
0.3580852342912784,1.0239817591773257,0.0,0.0,840.0,0.0,0.0,0.6310463547706604,0.022082833603696193
0.3751979000293292,1.0239817591773257,0.0,0.0,840.0,0.0,0.0,0.6310463547706604,0.022082833603696193
0.39231056576737994,1.0239817591773257,0.0,0.0,840.0,0.0,0.0,0.6310463547706604,0.022082833603696193
0.4094232315054307,1.0239817591773257,0.0,0.0,840.0,0.0,0.0,0.6310463547706604,0.022082833603696193
0.42653589724348145,1.0239817591773257,0.0,0.0,840.0,0.0,0.0,0.6310463547706604,0.022082833603696193
0.4436485629815322,1.0239817591773257,0.0,0.0,840.0,0.0,0.0,0.6310463547706604,0.022082833603696193
0.4607612287195829,1.0239817591773257,0.0,0.0,840.0,0.0,0.0,0.6310463547706604,0.022082833603696193
0.4778738944576337,1.0239817591773257,0.0,0.0,840.0,0.0,0.0,0.6310463547706604,0.022082833603696193
0.49498656019568443,1.0239817591773257,0.0,0.0,840.0,0.0,0.0,0.6310463547706604,0.022082833603696193
0.5120992259337351,1.0239817591773257,0.0,0.0,840.0,0.0,0.0,0.6310463547706604,0.022082833603696193
0.529211891671786,1.0239817591773257,0.0,0.0,840.0,0.0,0.0,0.6310463547706604,0.022082833603696193
0.5463245574098368,1.0239817591773257,0.0,0.0,840.0,0.0,0.0,0.6310463547706604,0.022082833603696193
0.5634372231478875,1.0239817591773257,0.0,0.0,840.0,0.0,0.0,0.6310463547706604,0.022082833603696193
0.5805498888859383,1.0239817591773257,0.0,0.0,840.0,0.0,0.0,0.6310463547706604,0.022082833603696193
0.597662554623989,1.0239817591773257,0.0,0.0,840.0,0.0,0.0,0.6310463547706604,0.022082833603696193
0.6147752203620397,1.0239817591773257,0.0,0.0,840.0,0.0,0.0,0.6310463547706604,0.022082833603696193
0.6318878861000905,1.0239817591773257,0.0,0.0,840.0,0.0,0.0,0.6310463547706604,0.022082833603696193
0.6490005518381412,1.0239817591773257,0.0,0.0,840.0,0.0,0.0,0.6310463547706604,0.022082833603696193
0.666113217576192,1.0239817591773257,0.0,0.0,840.0,0.0,0.0,0.6310463547706604,0.022082833603696193
0.6832258833142427,1.0239817591773257,0.0,0.0,840.0,0.0,0.0,0.6310463547706604,0.022082833603696193
0.7003385490522935,1.0239817591773257,0.0,0.0,840.0,0.0,0.0,0.6310463547706604,0.022082833603696193
0.7174512147903442,1.0239817591773257,0.0,0.0,840.0,0.0,0.0,0.6310463547706604,0.022082833603696193
0.05005725100636482,1.0537050389784053,197.7,38.566001808719086,642.3,-0.025586849451065062,0.08019580549478698,0.5570362508296967,0.022968228396931436
0.06716991674441558,1.0537050389784053,194.9,40.72224995127462,645.1,-0.025337570905685426,0.07907508765882224,0.558435595035553,0.02462476623528883
0.08428258248246634,1.0537050389784053,183.7,41.232326465222364,656.3,-0.017232620716094972,0.08515963063858835,0.5674649715423584,0.02054777563621097
0.10139524822051708,1.0537050389784053,174.1,40.36322059655964,665.9,-0.020116746425628662,0.09360501422022793,0.5726052343845367,0.01959259371460164
0.11850791395856784,1.0537050389784053,168.4,40.21044012573959,671.6,-0.02082255482673645,0.09363054985488524,0.5767042160034179,0.019486521750328275
0.13562057969661862,1.0537050389784053,160.5,37.666784863000935,679.5,-0.024900937080383302,0.08984308057878868,0.5774200677871704,0.020097363592533536
0.15273324543466935,1.0537050389784053,143.6,32.43862908410494,696.4,-0.0447119951248169,0.09572852859844115,0.5876223266124725,0.01942376502582683
0.1698459111727201,1.0537050389784053,139.1,33.489520122045455,700.9,-0.047453171014785765,0.09907221561971892,0.587718027830124,0.019055741152231943
0.18695857691077086,1.0537050389784053,124.2,42.19703032735708,715.8,-0.01143796443939209,0.058003812734467676,0.5894499838352203,0.025453067753801486
0.20407124264882162,1.0537050389784053,102.8,44.659767225983074,737.2,-0.015597671270370483,0.06049393751139648,0.5990934014320374,0.025023310721305647
0.22118390838687238,1.0537050389784053,24.7,37.33595044957054,815.3,-0.001594245433807373,0.013850850591577535,0.6233714759349823,0.029957460820062915
0.23829657412492314,1.0537050389784053,0.0,0.0,840.0,0.0,0.0,0.6310463547706604,0.022082833603696193
0.25540923986297387,1.0537050389784053,0.0,0.0,840.0,0.0,0.0,0.6310463547706604,0.022082833603696193
0.2725219056010246,1.0537050389784053,0.0,0.0,840.0,0.0,0.0,0.6310463547706604,0.022082833603696193
0.2896345713390754,1.0537050389784053,0.0,0.0,840.0,0.0,0.0,0.6310463547706604,0.022082833603696193
0.30674723707712614,1.0537050389784053,0.0,0.0,840.0,0.0,0.0,0.6310463547706604,0.022082833603696193
0.3238599028151769,1.0537050389784053,0.0,0.0,840.0,0.0,0.0,0.6310463547706604,0.022082833603696193
0.34097256855322766,1.0537050389784053,0.0,0.0,840.0,0.0,0.0,0.6310463547706604,0.022082833603696193
0.3580852342912784,1.0537050389784053,0.0,0.0,840.0,0.0,0.0,0.6310463547706604,0.022082833603696193
0.3751979000293292,1.0537050389784053,0.0,0.0,840.0,0.0,0.0,0.6310463547706604,0.022082833603696193
0.39231056576737994,1.0537050389784053,0.0,0.0,840.0,0.0,0.0,0.6310463547706604,0.022082833603696193
0.4094232315054307,1.0537050389784053,0.0,0.0,840.0,0.0,0.0,0.6310463547706604,0.022082833603696193
0.42653589724348145,1.0537050389784053,0.0,0.0,840.0,0.0,0.0,0.6310463547706604,0.022082833603696193
0.4436485629815322,1.0537050389784053,0.0,0.0,840.0,0.0,0.0,0.6310463547706604,0.022082833603696193
0.4607612287195829,1.0537050389784053,0.0,0.0,840.0,0.0,0.0,0.6310463547706604,0.022082833603696193
0.4778738944576337,1.0537050389784053,0.0,0.0,840.0,0.0,0.0,0.6310463547706604,0.022082833603696193
0.49498656019568443,1.0537050389784053,0.0,0.0,840.0,0.0,0.0,0.6310463547706604,0.022082833603696193
0.5120992259337351,1.0537050389784053,0.0,0.0,840.0,0.0,0.0,0.6310463547706604,0.022082833603696193
0.529211891671786,1.0537050389784053,0.0,0.0,840.0,0.0,0.0,0.6310463547706604,0.022082833603696193
0.5463245574098368,1.0537050389784053,0.0,0.0,840.0,0.0,0.0,0.6310463547706604,0.022082833603696193
0.5634372231478875,1.0537050389784053,0.0,0.0,840.0,0.0,0.0,0.6310463547706604,0.022082833603696193
0.5805498888859383,1.0537050389784053,0.0,0.0,840.0,0.0,0.0,0.6310463547706604,0.022082833603696193
0.597662554623989,1.0537050389784053,0.0,0.0,840.0,0.0,0.0,0.6310463547706604,0.022082833603696193
0.6147752203620397,1.0537050389784053,0.0,0.0,840.0,0.0,0.0,0.6310463547706604,0.022082833603696193
0.6318878861000905,1.0537050389784053,0.0,0.0,840.0,0.0,0.0,0.6310463547706604,0.022082833603696193
0.6490005518381412,1.0537050389784053,0.0,0.0,840.0,0.0,0.0,0.6310463547706604,0.022082833603696193
0.666113217576192,1.0537050389784053,0.0,0.0,840.0,0.0,0.0,0.6310463547706604,0.022082833603696193
0.6832258833142427,1.0537050389784053,0.0,0.0,840.0,0.0,0.0,0.6310463547706604,0.022082833603696193
0.7003385490522935,1.0537050389784053,0.0,0.0,840.0,0.0,0.0,0.6310463547706604,0.022082833603696193
0.7174512147903442,1.0537050389784053,0.0,0.0,840.0,0.0,0.0,0.6310463547706604,0.022082833603696193
0.05005725100636482,1.0834283187794846,199.3,38.77332684465453,640.7,-0.025081944465637208,0.0803883656166015,0.5563672959804535,0.02266895403656466
0.06716991674441558,1.0834283187794846,196.4,41.0694894235069,643.6,-0.02472466230392456,0.07907053148192904,0.5578797221183777,0.02447231942115853
0.08428258248246634,1.0834283187794846,185.2,41.747271290835315,654.8,-0.016585129499435424,0.08515437835404982,0.5669107854366302,0.020603318461369112
0.10139524822051708,1.0834283187794846,175.6,40.88911213785965,664.4,-0.01934775710105896,0.09363438262686229,0.5721471190452576,0.01954574895854915
0.11850791395856784,1.0834283187794846,169.9,40.6789423667061,670.1,-0.01997222900390625,0.09363656380211229,0.5763419806957245,0.019221333205099642
0.13562057969661862,1.0834283187794846,161.8,38.15207025283631,678.2,-0.022332608699798584,0.0898988402653286,0.5768729686737061,0.020302261899130702
0.15273324543466935,1.0834283187794846,143.9,32.61562057776007,696.1,-0.04467344284057617,0.09572084285710879,0.5875802993774414,0.019327812100584804
0.1698459111727201,1.0834283187794846,139.2,33.667911350777885,700.8,-0.047446101903915405,0.09907052162615142,0.5877871751785279,0.01904123390227324
0.18695857691077086,1.0834283187794846,124.3,42.32249597151525,715.7,-0.011340081691741943,0.05790466912559115,0.5895161092281341,0.025414489773364055
0.20407124264882162,1.0834283187794846,102.8,44.659767225983074,737.2,-0.015597671270370483,0.06049393751139648,0.5990934014320374,0.025023310721305647
0.22118390838687238,1.0834283187794846,24.7,37.33595044957054,815.3,-0.001594245433807373,0.013850850591577535,0.6233714759349823,0.029957460820062915
0.23829657412492314,1.0834283187794846,0.0,0.0,840.0,0.0,0.0,0.6310463547706604,0.022082833603696193
0.25540923986297387,1.0834283187794846,0.0,0.0,840.0,0.0,0.0,0.6310463547706604,0.022082833603696193
0.2725219056010246,1.0834283187794846,0.0,0.0,840.0,0.0,0.0,0.6310463547706604,0.022082833603696193
0.2896345713390754,1.0834283187794846,0.0,0.0,840.0,0.0,0.0,0.6310463547706604,0.022082833603696193
0.30674723707712614,1.0834283187794846,0.0,0.0,840.0,0.0,0.0,0.6310463547706604,0.022082833603696193
0.3238599028151769,1.0834283187794846,0.0,0.0,840.0,0.0,0.0,0.6310463547706604,0.022082833603696193
0.34097256855322766,1.0834283187794846,0.0,0.0,840.0,0.0,0.0,0.6310463547706604,0.022082833603696193
0.3580852342912784,1.0834283187794846,0.0,0.0,840.0,0.0,0.0,0.6310463547706604,0.022082833603696193
0.3751979000293292,1.0834283187794846,0.0,0.0,840.0,0.0,0.0,0.6310463547706604,0.022082833603696193
0.39231056576737994,1.0834283187794846,0.0,0.0,840.0,0.0,0.0,0.6310463547706604,0.022082833603696193
0.4094232315054307,1.0834283187794846,0.0,0.0,840.0,0.0,0.0,0.6310463547706604,0.022082833603696193
0.42653589724348145,1.0834283187794846,0.0,0.0,840.0,0.0,0.0,0.6310463547706604,0.022082833603696193
0.4436485629815322,1.0834283187794846,0.0,0.0,840.0,0.0,0.0,0.6310463547706604,0.022082833603696193
0.4607612287195829,1.0834283187794846,0.0,0.0,840.0,0.0,0.0,0.6310463547706604,0.022082833603696193
0.4778738944576337,1.0834283187794846,0.0,0.0,840.0,0.0,0.0,0.6310463547706604,0.022082833603696193
0.49498656019568443,1.0834283187794846,0.0,0.0,840.0,0.0,0.0,0.6310463547706604,0.022082833603696193
0.5120992259337351,1.0834283187794846,0.0,0.0,840.0,0.0,0.0,0.6310463547706604,0.022082833603696193
0.529211891671786,1.0834283187794846,0.0,0.0,840.0,0.0,0.0,0.6310463547706604,0.022082833603696193
0.5463245574098368,1.0834283187794846,0.0,0.0,840.0,0.0,0.0,0.6310463547706604,0.022082833603696193
0.5634372231478875,1.0834283187794846,0.0,0.0,840.0,0.0,0.0,0.6310463547706604,0.022082833603696193
0.5805498888859383,1.0834283187794846,0.0,0.0,840.0,0.0,0.0,0.6310463547706604,0.022082833603696193
0.597662554623989,1.0834283187794846,0.0,0.0,840.0,0.0,0.0,0.6310463547706604,0.022082833603696193
0.6147752203620397,1.0834283187794846,0.0,0.0,840.0,0.0,0.0,0.6310463547706604,0.022082833603696193
0.6318878861000905,1.0834283187794846,0.0,0.0,840.0,0.0,0.0,0.6310463547706604,0.022082833603696193
0.6490005518381412,1.0834283187794846,0.0,0.0,840.0,0.0,0.0,0.6310463547706604,0.022082833603696193
0.666113217576192,1.0834283187794846,0.0,0.0,840.0,0.0,0.0,0.6310463547706604,0.022082833603696193
0.6832258833142427,1.0834283187794846,0.0,0.0,840.0,0.0,0.0,0.6310463547706604,0.022082833603696193
0.7003385490522935,1.0834283187794846,0.0,0.0,840.0,0.0,0.0,0.6310463547706604,0.022082833603696193
0.7174512147903442,1.0834283187794846,0.0,0.0,840.0,0.0,0.0,0.6310463547706604,0.022082833603696193
0.05005725100636482,1.1131515985805642,201.4,39.445229252152664,638.6,-0.023656737804412842,0.08024598783675989,0.557375454902649,0.02250960722439251
0.06716991674441558,1.1131515985805642,198.5,41.73426222870547,641.5,-0.023260748386383055,0.07890914767502623,0.5589048981666564,0.024310337234505514
0.08428258248246634,1.1131515985805642,187.0,42.84716497699827,653.0,-0.015237522125244141,0.08495871580710264,0.5682896792888641,0.02024348126090287
0.10139524822051708,1.1131515985805642,177.1,42.32975015119342,662.9,-0.0176952064037323,0.09335465990983315,0.5737630963325501,0.01909760220687945
0.11850791395856784,1.1131515985805642,171.4,42.08693262753282,668.6,-0.01826885938644409,0.09333834630989543,0.5779585003852844,0.018962041250372458
0.13562057969661862,1.1131515985805642,163.2,39.500831183408586,676.8,-0.02072429656982422,0.08960819948074175,0.578399521112442,0.020126208789357402
0.15273324543466935,1.1131515985805642,145.3,33.427661993939445,694.7,-0.043204867839813234,0.09563331426519553,0.589018565416336,0.02006087160158524
0.1698459111727201,1.1131515985805642,140.5,34.468113229296925,699.5,-0.04645504355430603,0.0989535199580388,0.5892621815204621,0.019847918244934946
0.18695857691077086,1.1131515985805642,124.7,42.83263152678038,715.3,-0.011244606971740723,0.05780861784990888,0.5899533748626709,0.025180274096588472
0.20407124264882162,1.1131515985805642,103.2,45.166164425826416,736.8,-0.01547345519065857,0.06037056281872612,0.5995192885398865,0.024772639011178172
0.22118390838687238,1.1131515985805642,24.7,37.33595044957054,815.3,-0.001594245433807373,0.013850850591577535,0.6233714759349823,0.029957460820062915
0.23829657412492314,1.1131515985805642,0.0,0.0,840.0,0.0,0.0,0.6310463547706604,0.022082833603696193
0.25540923986297387,1.1131515985805642,0.0,0.0,840.0,0.0,0.0,0.6310463547706604,0.022082833603696193
0.2725219056010246,1.1131515985805642,0.0,0.0,840.0,0.0,0.0,0.6310463547706604,0.022082833603696193
0.2896345713390754,1.1131515985805642,0.0,0.0,840.0,0.0,0.0,0.6310463547706604,0.022082833603696193
0.30674723707712614,1.1131515985805642,0.0,0.0,840.0,0.0,0.0,0.6310463547706604,0.022082833603696193
0.3238599028151769,1.1131515985805642,0.0,0.0,840.0,0.0,0.0,0.6310463547706604,0.022082833603696193
0.34097256855322766,1.1131515985805642,0.0,0.0,840.0,0.0,0.0,0.6310463547706604,0.022082833603696193
0.3580852342912784,1.1131515985805642,0.0,0.0,840.0,0.0,0.0,0.6310463547706604,0.022082833603696193
0.3751979000293292,1.1131515985805642,0.0,0.0,840.0,0.0,0.0,0.6310463547706604,0.022082833603696193
0.39231056576737994,1.1131515985805642,0.0,0.0,840.0,0.0,0.0,0.6310463547706604,0.022082833603696193
0.4094232315054307,1.1131515985805642,0.0,0.0,840.0,0.0,0.0,0.6310463547706604,0.022082833603696193
0.42653589724348145,1.1131515985805642,0.0,0.0,840.0,0.0,0.0,0.6310463547706604,0.022082833603696193
0.4436485629815322,1.1131515985805642,0.0,0.0,840.0,0.0,0.0,0.6310463547706604,0.022082833603696193
0.4607612287195829,1.1131515985805642,0.0,0.0,840.0,0.0,0.0,0.6310463547706604,0.022082833603696193
0.4778738944576337,1.1131515985805642,0.0,0.0,840.0,0.0,0.0,0.6310463547706604,0.022082833603696193
0.49498656019568443,1.1131515985805642,0.0,0.0,840.0,0.0,0.0,0.6310463547706604,0.022082833603696193
0.5120992259337351,1.1131515985805642,0.0,0.0,840.0,0.0,0.0,0.6310463547706604,0.022082833603696193
0.529211891671786,1.1131515985805642,0.0,0.0,840.0,0.0,0.0,0.6310463547706604,0.022082833603696193
0.5463245574098368,1.1131515985805642,0.0,0.0,840.0,0.0,0.0,0.6310463547706604,0.022082833603696193
0.5634372231478875,1.1131515985805642,0.0,0.0,840.0,0.0,0.0,0.6310463547706604,0.022082833603696193
0.5805498888859383,1.1131515985805642,0.0,0.0,840.0,0.0,0.0,0.6310463547706604,0.022082833603696193
0.597662554623989,1.1131515985805642,0.0,0.0,840.0,0.0,0.0,0.6310463547706604,0.022082833603696193
0.6147752203620397,1.1131515985805642,0.0,0.0,840.0,0.0,0.0,0.6310463547706604,0.022082833603696193
0.6318878861000905,1.1131515985805642,0.0,0.0,840.0,0.0,0.0,0.6310463547706604,0.022082833603696193
0.6490005518381412,1.1131515985805642,0.0,0.0,840.0,0.0,0.0,0.6310463547706604,0.022082833603696193
0.666113217576192,1.1131515985805642,0.0,0.0,840.0,0.0,0.0,0.6310463547706604,0.022082833603696193
0.6832258833142427,1.1131515985805642,0.0,0.0,840.0,0.0,0.0,0.6310463547706604,0.022082833603696193
0.7003385490522935,1.1131515985805642,0.0,0.0,840.0,0.0,0.0,0.6310463547706604,0.022082833603696193
0.7174512147903442,1.1131515985805642,0.0,0.0,840.0,0.0,0.0,0.6310463547706604,0.022082833603696193
0.05005725100636482,1.1428748783816438,203.1,39.95261026186817,636.9,-0.024659895896911622,0.0788295519389655,0.5580699503421783,0.023402733173167482
0.06716991674441558,1.1428748783816438,200.2,42.28049132269483,639.8,-0.024263906478881835,0.0774711883163393,0.5595993936061859,0.02511553474685149
0.08428258248246634,1.1428748783816438,188.7,43.41279401048632,651.3,-0.017646831274032593,0.08140612981297946,0.5690844237804413,0.020397553839121896
0.10139524822051708,1.1428748783816438,178.8,42.947636102767255,661.2,-0.021993470191955567,0.08592498618750839,0.5745419561862946,0.01940216985768013
0.11850791395856784,1.1428748783816438,172.9,42.78003098506385,667.1,-0.01729947328567505,0.09354998674583262,0.5778037548065186,0.019960809630277063
0.13562057969661862,1.1428748783816438,164.7,40.15645795175067,675.3,-0.018608200550079345,0.09005917283831535,0.578280246257782,0.020366498670540394
0.15273324543466935,1.1428748783816438,146.2,33.933697953910766,693.8,-0.04015829563140869,0.09624546814233216,0.5897718906402588,0.019418832403370348
0.1698459111727201,1.1428748783816438,141.2,34.92133759206015,698.8,-0.04665479063987732,0.09896102892719473,0.5886717855930328,0.019571189392242217
0.18695857691077086,1.1428748783816438,125.2,43.14181428628063,714.8,-0.011274123191833496,0.057765560850460994,0.5895052492618561,0.025318818818123492
0.20407124264882162,1.1428748783816438,103.4,45.4240056762415,736.6,-0.015340250730514527,0.06023943632605707,0.5993053197860718,0.024894233639548347
0.22118390838687238,1.1428748783816438,24.9,37.2633891580145,815.1,0.0073214292526245115,0.024794849523964137,0.6232850074768066,0.029994250649966615
0.23829657412492314,1.1428748783816438,0.0,0.0,840.0,0.0,0.0,0.6310463547706604,0.022082833603696193
0.25540923986297387,1.1428748783816438,0.0,0.0,840.0,0.0,0.0,0.6310463547706604,0.022082833603696193
0.2725219056010246,1.1428748783816438,0.0,0.0,840.0,0.0,0.0,0.6310463547706604,0.022082833603696193
0.2896345713390754,1.1428748783816438,0.0,0.0,840.0,0.0,0.0,0.6310463547706604,0.022082833603696193
0.30674723707712614,1.1428748783816438,0.0,0.0,840.0,0.0,0.0,0.6310463547706604,0.022082833603696193
0.3238599028151769,1.1428748783816438,0.0,0.0,840.0,0.0,0.0,0.6310463547706604,0.022082833603696193
0.34097256855322766,1.1428748783816438,0.0,0.0,840.0,0.0,0.0,0.6310463547706604,0.022082833603696193
0.3580852342912784,1.1428748783816438,0.0,0.0,840.0,0.0,0.0,0.6310463547706604,0.022082833603696193
0.3751979000293292,1.1428748783816438,0.0,0.0,840.0,0.0,0.0,0.6310463547706604,0.022082833603696193
0.39231056576737994,1.1428748783816438,0.0,0.0,840.0,0.0,0.0,0.6310463547706604,0.022082833603696193
0.4094232315054307,1.1428748783816438,0.0,0.0,840.0,0.0,0.0,0.6310463547706604,0.022082833603696193
0.42653589724348145,1.1428748783816438,0.0,0.0,840.0,0.0,0.0,0.6310463547706604,0.022082833603696193
0.4436485629815322,1.1428748783816438,0.0,0.0,840.0,0.0,0.0,0.6310463547706604,0.022082833603696193
0.4607612287195829,1.1428748783816438,0.0,0.0,840.0,0.0,0.0,0.6310463547706604,0.022082833603696193
0.4778738944576337,1.1428748783816438,0.0,0.0,840.0,0.0,0.0,0.6310463547706604,0.022082833603696193
0.49498656019568443,1.1428748783816438,0.0,0.0,840.0,0.0,0.0,0.6310463547706604,0.022082833603696193
0.5120992259337351,1.1428748783816438,0.0,0.0,840.0,0.0,0.0,0.6310463547706604,0.022082833603696193
0.529211891671786,1.1428748783816438,0.0,0.0,840.0,0.0,0.0,0.6310463547706604,0.022082833603696193
0.5463245574098368,1.1428748783816438,0.0,0.0,840.0,0.0,0.0,0.6310463547706604,0.022082833603696193
0.5634372231478875,1.1428748783816438,0.0,0.0,840.0,0.0,0.0,0.6310463547706604,0.022082833603696193
0.5805498888859383,1.1428748783816438,0.0,0.0,840.0,0.0,0.0,0.6310463547706604,0.022082833603696193
0.597662554623989,1.1428748783816438,0.0,0.0,840.0,0.0,0.0,0.6310463547706604,0.022082833603696193
0.6147752203620397,1.1428748783816438,0.0,0.0,840.0,0.0,0.0,0.6310463547706604,0.022082833603696193
0.6318878861000905,1.1428748783816438,0.0,0.0,840.0,0.0,0.0,0.6310463547706604,0.022082833603696193
0.6490005518381412,1.1428748783816438,0.0,0.0,840.0,0.0,0.0,0.6310463547706604,0.022082833603696193
0.666113217576192,1.1428748783816438,0.0,0.0,840.0,0.0,0.0,0.6310463547706604,0.022082833603696193
0.6832258833142427,1.1428748783816438,0.0,0.0,840.0,0.0,0.0,0.6310463547706604,0.022082833603696193
0.7003385490522935,1.1428748783816438,0.0,0.0,840.0,0.0,0.0,0.6310463547706604,0.022082833603696193
0.7174512147903442,1.1428748783816438,0.0,0.0,840.0,0.0,0.0,0.6310463547706604,0.022082833603696193
0.05005725100636482,1.1725981581827232,206.7,40.75379357199619,633.3,-0.025374478101730345,0.07852234787339744,0.5540742635726928,0.02496926284362744
0.06716991674441558,1.1725981581827232,203.8,43.09566074315396,636.2,-0.024947983026504517,0.07709891940664607,0.5556499302387238,0.026657943715024994
0.08428258248246634,1.1725981581827232,192.0,44.55677629077432,648.0,-0.01840469241142273,0.08103030870966192,0.5657955884933472,0.021852089919789673
0.10139524822051708,1.1725981581827232,181.7,44.43416450562911,658.3,-0.02247272729873657,0.08568615393283018,0.5717390596866607,0.02050702918964253
0.11850791395856784,1.1725981581827232,175.6,44.44587162121246,664.4,-0.01790279746055603,0.09333924265608169,0.5752954721450806,0.021063172431412834
0.13562057969661862,1.1725981581827232,167.3,41.846918369559106,672.7,-0.01933903098106384,0.08991890636452297,0.5760039329528809,0.02148133637389939
0.15273324543466935,1.1725981581827232,147.6,35.88085213884457,692.4,-0.04032004475593567,0.09607621199484151,0.58895423412323,0.019597933221986216
0.1698459111727201,1.1725981581827232,142.6,36.83790953094618,697.4,-0.0469662606716156,0.09886586711674406,0.5878820419311523,0.019769553147040646
0.18695857691077086,1.1725981581827232,126.2,44.482444487550566,713.8,-0.010747408866882325,0.05725336935007336,0.5892394840717315,0.02546766418388132
0.20407124264882162,1.1725981581827232,104.4,46.75757191496074,735.6,-0.014736932516098023,0.059660980176867134,0.599111008644104,0.025012261755437346
0.22118390838687238,1.1725981581827232,25.9,36.981561289664434,814.1,-0.0024468421936035155,0.01392911527508526,0.623386287689209,0.029951282467278753
0.23829657412492314,1.1725981581827232,0.6,1.3572942977124596,839.4,-0.013528585433959961,0.03060378644271616,0.6312834322452545,0.02190724992583636
0.25540923986297387,1.1725981581827232,0.0,0.0,840.0,0.0,0.0,0.6310463547706604,0.022082833603696193
0.2725219056010246,1.1725981581827232,0.0,0.0,840.0,0.0,0.0,0.6310463547706604,0.022082833603696193
0.2896345713390754,1.1725981581827232,0.0,0.0,840.0,0.0,0.0,0.6310463547706604,0.022082833603696193
0.30674723707712614,1.1725981581827232,0.0,0.0,840.0,0.0,0.0,0.6310463547706604,0.022082833603696193
0.3238599028151769,1.1725981581827232,0.0,0.0,840.0,0.0,0.0,0.6310463547706604,0.022082833603696193
0.34097256855322766,1.1725981581827232,0.0,0.0,840.0,0.0,0.0,0.6310463547706604,0.022082833603696193
0.3580852342912784,1.1725981581827232,0.0,0.0,840.0,0.0,0.0,0.6310463547706604,0.022082833603696193
0.3751979000293292,1.1725981581827232,0.0,0.0,840.0,0.0,0.0,0.6310463547706604,0.022082833603696193
0.39231056576737994,1.1725981581827232,0.0,0.0,840.0,0.0,0.0,0.6310463547706604,0.022082833603696193
0.4094232315054307,1.1725981581827232,0.0,0.0,840.0,0.0,0.0,0.6310463547706604,0.022082833603696193
0.42653589724348145,1.1725981581827232,0.0,0.0,840.0,0.0,0.0,0.6310463547706604,0.022082833603696193
0.4436485629815322,1.1725981581827232,0.0,0.0,840.0,0.0,0.0,0.6310463547706604,0.022082833603696193
0.4607612287195829,1.1725981581827232,0.0,0.0,840.0,0.0,0.0,0.6310463547706604,0.022082833603696193
0.4778738944576337,1.1725981581827232,0.0,0.0,840.0,0.0,0.0,0.6310463547706604,0.022082833603696193
0.49498656019568443,1.1725981581827232,0.0,0.0,840.0,0.0,0.0,0.6310463547706604,0.022082833603696193
0.5120992259337351,1.1725981581827232,0.0,0.0,840.0,0.0,0.0,0.6310463547706604,0.022082833603696193
0.529211891671786,1.1725981581827232,0.0,0.0,840.0,0.0,0.0,0.6310463547706604,0.022082833603696193
0.5463245574098368,1.1725981581827232,0.0,0.0,840.0,0.0,0.0,0.6310463547706604,0.022082833603696193
0.5634372231478875,1.1725981581827232,0.0,0.0,840.0,0.0,0.0,0.6310463547706604,0.022082833603696193
0.5805498888859383,1.1725981581827232,0.0,0.0,840.0,0.0,0.0,0.6310463547706604,0.022082833603696193
0.597662554623989,1.1725981581827232,0.0,0.0,840.0,0.0,0.0,0.6310463547706604,0.022082833603696193
0.6147752203620397,1.1725981581827232,0.0,0.0,840.0,0.0,0.0,0.6310463547706604,0.022082833603696193
0.6318878861000905,1.1725981581827232,0.0,0.0,840.0,0.0,0.0,0.6310463547706604,0.022082833603696193
0.6490005518381412,1.1725981581827232,0.0,0.0,840.0,0.0,0.0,0.6310463547706604,0.022082833603696193
0.666113217576192,1.1725981581827232,0.0,0.0,840.0,0.0,0.0,0.6310463547706604,0.022082833603696193
0.6832258833142427,1.1725981581827232,0.0,0.0,840.0,0.0,0.0,0.6310463547706604,0.022082833603696193
0.7003385490522935,1.1725981581827232,0.0,0.0,840.0,0.0,0.0,0.6310463547706604,0.022082833603696193
0.7174512147903442,1.1725981581827232,0.0,0.0,840.0,0.0,0.0,0.6310463547706604,0.022082833603696193
0.05005725100636482,1.2023214379838028,208.4,41.34133046524362,631.6,-0.025376176834106444,0.0783128100521372,0.552145916223526,0.026625828947609988
0.06716991674441558,1.2023214379838028,205.5,43.715857943644316,634.5,-0.024949681758880616,0.07688550773896904,0.5537215828895569,0.028276702752245735
0.08428258248246634,1.2023214379838028,193.7,44.98609809260366,646.3,-0.018492674827575682,0.08077722201604896,0.5642244279384613,0.02284290021101399
0.10139524822051708,1.2023214379838028,183.4,44.6691876944705,656.6,-0.02282928228378296,0.08568152142177386,0.5704013586044312,0.021156639362209476
0.11850791395856784,1.2023214379838028,177.3,44.67917885815464,662.7,-0.018270438909530638,0.09335218121842499,0.5740111887454986,0.021751442003766837
0.13562057969661862,1.2023214379838028,169.0,42.05557771781649,671.0,-0.019930052757263183,0.09020089349367467,0.5747799158096314,0.02216293279802582
0.15273324543466935,1.2023214379838028,148.7,36.2071584841314,691.3,-0.040126490592956546,0.09596061678514141,0.5883112967014312,0.020168075735318217
0.1698459111727201,1.2023214379838028,142.9,37.06909573294866,697.1,-0.046678048372268674,0.09882070740468352,0.587886905670166,0.020032477929471403
0.18695857691077086,1.2023214379838028,126.5,44.675615387335625,713.5,-0.009815704822540284,0.05678116992225089,0.5892515301704406,0.025514406973919792
0.20407124264882162,1.2023214379838028,104.6,46.9287215942967,735.4,-0.01334119439125061,0.059220969166095754,0.5992550313472748,0.024943103523674914
0.22118390838687238,1.2023214379838028,26.0,36.96087600236774,814.0,-0.002897191047668457,0.01407733781716053,0.6233699560165405,0.02995809686401885
0.23829657412492314,1.2023214379838028,0.7,1.5835100139978697,839.3,-0.013830327987670898,0.03128637552193125,0.6312676846981049,0.021918549574846492
0.25540923986297387,1.2023214379838028,0.0,0.0,840.0,0.0,0.0,0.6310463547706604,0.022082833603696193
0.2725219056010246,1.2023214379838028,0.0,0.0,840.0,0.0,0.0,0.6310463547706604,0.022082833603696193
0.2896345713390754,1.2023214379838028,0.0,0.0,840.0,0.0,0.0,0.6310463547706604,0.022082833603696193
0.30674723707712614,1.2023214379838028,0.0,0.0,840.0,0.0,0.0,0.6310463547706604,0.022082833603696193
0.3238599028151769,1.2023214379838028,0.0,0.0,840.0,0.0,0.0,0.6310463547706604,0.022082833603696193
0.34097256855322766,1.2023214379838028,0.0,0.0,840.0,0.0,0.0,0.6310463547706604,0.022082833603696193
0.3580852342912784,1.2023214379838028,0.0,0.0,840.0,0.0,0.0,0.6310463547706604,0.022082833603696193
0.3751979000293292,1.2023214379838028,0.0,0.0,840.0,0.0,0.0,0.6310463547706604,0.022082833603696193
0.39231056576737994,1.2023214379838028,0.0,0.0,840.0,0.0,0.0,0.6310463547706604,0.022082833603696193
0.4094232315054307,1.2023214379838028,0.0,0.0,840.0,0.0,0.0,0.6310463547706604,0.022082833603696193
0.42653589724348145,1.2023214379838028,0.0,0.0,840.0,0.0,0.0,0.6310463547706604,0.022082833603696193
0.4436485629815322,1.2023214379838028,0.0,0.0,840.0,0.0,0.0,0.6310463547706604,0.022082833603696193
0.4607612287195829,1.2023214379838028,0.0,0.0,840.0,0.0,0.0,0.6310463547706604,0.022082833603696193
0.4778738944576337,1.2023214379838028,0.0,0.0,840.0,0.0,0.0,0.6310463547706604,0.022082833603696193
0.49498656019568443,1.2023214379838028,0.0,0.0,840.0,0.0,0.0,0.6310463547706604,0.022082833603696193
0.5120992259337351,1.2023214379838028,0.0,0.0,840.0,0.0,0.0,0.6310463547706604,0.022082833603696193
0.529211891671786,1.2023214379838028,0.0,0.0,840.0,0.0,0.0,0.6310463547706604,0.022082833603696193
0.5463245574098368,1.2023214379838028,0.0,0.0,840.0,0.0,0.0,0.6310463547706604,0.022082833603696193
0.5634372231478875,1.2023214379838028,0.0,0.0,840.0,0.0,0.0,0.6310463547706604,0.022082833603696193
0.5805498888859383,1.2023214379838028,0.0,0.0,840.0,0.0,0.0,0.6310463547706604,0.022082833603696193
0.597662554623989,1.2023214379838028,0.0,0.0,840.0,0.0,0.0,0.6310463547706604,0.022082833603696193
0.6147752203620397,1.2023214379838028,0.0,0.0,840.0,0.0,0.0,0.6310463547706604,0.022082833603696193
0.6318878861000905,1.2023214379838028,0.0,0.0,840.0,0.0,0.0,0.6310463547706604,0.022082833603696193
0.6490005518381412,1.2023214379838028,0.0,0.0,840.0,0.0,0.0,0.6310463547706604,0.022082833603696193
0.666113217576192,1.2023214379838028,0.0,0.0,840.0,0.0,0.0,0.6310463547706604,0.022082833603696193
0.6832258833142427,1.2023214379838028,0.0,0.0,840.0,0.0,0.0,0.6310463547706604,0.022082833603696193
0.7003385490522935,1.2023214379838028,0.0,0.0,840.0,0.0,0.0,0.6310463547706604,0.022082833603696193
0.7174512147903442,1.2023214379838028,0.0,0.0,840.0,0.0,0.0,0.6310463547706604,0.022082833603696193
0.05005725100636482,1.2320447177848823,211.7,42.40571003178113,628.3,-0.024277937412261964,0.07839505863353131,0.5490507841110229,0.027387092992622944
0.06716991674441558,1.2320447177848823,208.8,44.77547585161491,631.2,-0.02386988401412964,0.07700846240525458,0.5506543099880219,0.02909178826247472
0.08428258248246634,1.2320447177848823,196.9,46.188955669386495,643.1,-0.017367357015609743,0.08103065742290483,0.5614550948143006,0.023938950659917645
0.10139524822051708,1.2320447177848823,186.6,45.978896963358345,653.4,-0.020435386896133424,0.0853582879743188,0.5677943885326385,0.02226005549842676
0.11850791395856784,1.2320447177848823,180.2,46.2189212714283,659.8,-0.015803968906402587,0.09294622113472319,0.5717154264450073,0.022987192830589784
0.13562057969661862,1.2320447177848823,171.5,43.76525514347837,668.5,-0.01567702889442444,0.08874357735879744,0.5729915738105774,0.0232115289833378
0.15273324543466935,1.2320447177848823,151.2,37.9413506017521,688.8,-0.03581182956695557,0.09535568213468622,0.5869696974754334,0.020983709520799993
0.1698459111727201,1.2320447177848823,144.5,38.90683805530972,695.5,-0.045579105615615845,0.09884825058187846,0.5870857238769531,0.020061667915756632
0.18695857691077086,1.2320447177848823,128.1,46.15201031167457,711.9,-0.008658099174499511,0.0562564338442878,0.5884905517101288,0.025755547971419195
0.20407124264882162,1.2320447177848823,105.8,48.29445060898287,734.2,-0.013161188364028931,0.05880969959409299,0.598834091424942,0.025191985796943615
0.22118390838687238,1.2320447177848823,27.2,37.32186082199992,812.8,-0.0055620670318603516,0.016463808586684593,0.6232178807258606,0.030138495154556244
0.23829657412492314,1.2320447177848823,1.6,3.6194514605665584,838.4,-0.012025725841522217,0.02720408185091913,0.6313286364078522,0.021875103542489855
0.25540923986297387,1.2320447177848823,0.9,2.0359414465686894,839.1,-0.010146713256835938,0.022953460073378056,0.631107646226883,0.022036323201765295
0.2725219056010246,1.2320447177848823,0.3,0.6786471488562298,839.7,-0.007575953006744384,0.017137996359652862,0.6310125410556793,0.02210882309720349
0.2896345713390754,1.2320447177848823,0.0,0.0,840.0,0.0,0.0,0.6310463547706604,0.022082833603696193
0.30674723707712614,1.2320447177848823,0.0,0.0,840.0,0.0,0.0,0.6310463547706604,0.022082833603696193
0.3238599028151769,1.2320447177848823,0.0,0.0,840.0,0.0,0.0,0.6310463547706604,0.022082833603696193
0.34097256855322766,1.2320447177848823,0.0,0.0,840.0,0.0,0.0,0.6310463547706604,0.022082833603696193
0.3580852342912784,1.2320447177848823,0.0,0.0,840.0,0.0,0.0,0.6310463547706604,0.022082833603696193
0.3751979000293292,1.2320447177848823,0.0,0.0,840.0,0.0,0.0,0.6310463547706604,0.022082833603696193
0.39231056576737994,1.2320447177848823,0.0,0.0,840.0,0.0,0.0,0.6310463547706604,0.022082833603696193
0.4094232315054307,1.2320447177848823,0.0,0.0,840.0,0.0,0.0,0.6310463547706604,0.022082833603696193
0.42653589724348145,1.2320447177848823,0.0,0.0,840.0,0.0,0.0,0.6310463547706604,0.022082833603696193
0.4436485629815322,1.2320447177848823,0.0,0.0,840.0,0.0,0.0,0.6310463547706604,0.022082833603696193
0.4607612287195829,1.2320447177848823,0.0,0.0,840.0,0.0,0.0,0.6310463547706604,0.022082833603696193
0.4778738944576337,1.2320447177848823,0.0,0.0,840.0,0.0,0.0,0.6310463547706604,0.022082833603696193
0.49498656019568443,1.2320447177848823,0.0,0.0,840.0,0.0,0.0,0.6310463547706604,0.022082833603696193
0.5120992259337351,1.2320447177848823,0.0,0.0,840.0,0.0,0.0,0.6310463547706604,0.022082833603696193
0.529211891671786,1.2320447177848823,0.0,0.0,840.0,0.0,0.0,0.6310463547706604,0.022082833603696193
0.5463245574098368,1.2320447177848823,0.0,0.0,840.0,0.0,0.0,0.6310463547706604,0.022082833603696193
0.5634372231478875,1.2320447177848823,0.0,0.0,840.0,0.0,0.0,0.6310463547706604,0.022082833603696193
0.5805498888859383,1.2320447177848823,0.0,0.0,840.0,0.0,0.0,0.6310463547706604,0.022082833603696193
0.597662554623989,1.2320447177848823,0.0,0.0,840.0,0.0,0.0,0.6310463547706604,0.022082833603696193
0.6147752203620397,1.2320447177848823,0.0,0.0,840.0,0.0,0.0,0.6310463547706604,0.022082833603696193
0.6318878861000905,1.2320447177848823,0.0,0.0,840.0,0.0,0.0,0.6310463547706604,0.022082833603696193
0.6490005518381412,1.2320447177848823,0.0,0.0,840.0,0.0,0.0,0.6310463547706604,0.022082833603696193
0.666113217576192,1.2320447177848823,0.0,0.0,840.0,0.0,0.0,0.6310463547706604,0.022082833603696193
0.6832258833142427,1.2320447177848823,0.0,0.0,840.0,0.0,0.0,0.6310463547706604,0.022082833603696193
0.7003385490522935,1.2320447177848823,0.0,0.0,840.0,0.0,0.0,0.6310463547706604,0.022082833603696193
0.7174512147903442,1.2320447177848823,0.0,0.0,840.0,0.0,0.0,0.6310463547706604,0.022082833603696193
0.05005725100636482,1.2617679975859617,215.0,43.36424096905961,625.0,-0.024060660600662233,0.07705014668974249,0.5454718947410584,0.02906807792094274
0.06716991674441558,1.2617679975859617,212.1,45.723749644823116,627.9,-0.02364376187324524,0.07563383477448543,0.5471283972263337,0.030723013729923802
0.08428258248246634,1.2617679975859617,199.8,47.641313901516824,640.2,-0.017472833395004272,0.08000263253070475,0.5586679220199585,0.02544750729991454
0.10139524822051708,1.2617679975859617,189.5,47.4457168531135,650.5,-0.020786434412002563,0.08417281919178474,0.5653962969779969,0.023113991349763965
0.11850791395856784,1.2617679975859617,183.1,47.659988382532184,656.9,-0.016434121131896972,0.09144127760590973,0.5695254921913147,0.0235332209591344
0.13562057969661862,1.2617679975859617,174.4,45.22453947328991,665.6,-0.016236412525177,0.0872196490907019,0.5709295988082885,0.023751596415442555
0.15273324543466935,1.2617679975859617,153.6,39.563254021990524,686.4,-0.035900890827178955,0.09464037552869577,0.5858667850494385,0.021031618285028184
0.1698459111727201,1.2617679975859617,146.9,40.52910582536662,693.1,-0.045581096410751344,0.09813763004687345,0.5860540330410003,0.020093483374678332
0.18695857691077086,1.2617679975859617,129.8,47.369616602990256,710.2,-0.006935501098632812,0.05501319969271119,0.5881167113780975,0.025658812201418694
0.20407124264882162,1.2617679975859617,107.5,49.63389105166356,732.5,-0.010943108797073364,0.05743888987679337,0.5985203802585601,0.02527774639296062
0.22118390838687238,1.2617679975859617,28.8,37.921863594456504,811.2,-0.08103436231613159,0.17384260070348515,0.6233055591583252,0.0301268213972838
0.23829657412492314,1.2617679975859617,2.7,4.979601198159531,837.3,-0.009068584442138672,0.016913735693863508,0.6317274093627929,0.021585744271947233
0.25540923986297387,1.2617679975859617,1.5,3.393235744281149,838.5,-0.005223798751831055,0.011817053763762922,0.631619256734848,0.021678815697023363
0.2725219056010246,1.2617679975859617,0.9,2.0359414465686894,839.1,-0.003949010372161865,0.008933282099571095,0.6315216004848481,0.02174275389967047
0.2896345713390754,1.2617679975859617,0.6,1.3572942977124596,839.4,-0.004398512840270996,0.009950127327524759,0.6315555453300477,0.02172029586307639
0.30674723707712614,1.2617679975859617,0.5,1.1310785814270496,839.5,-0.008899831771850586,0.0201328181908883,0.6315942347049713,0.021695001908622526
0.3238599028151769,1.2617679975859617,0.0,0.0,840.0,0.0,0.0,0.6310463547706604,0.022082833603696193
0.34097256855322766,1.2617679975859617,0.0,0.0,840.0,0.0,0.0,0.6310463547706604,0.022082833603696193
0.3580852342912784,1.2617679975859617,0.0,0.0,840.0,0.0,0.0,0.6310463547706604,0.022082833603696193
0.3751979000293292,1.2617679975859617,0.0,0.0,840.0,0.0,0.0,0.6310463547706604,0.022082833603696193
0.39231056576737994,1.2617679975859617,0.0,0.0,840.0,0.0,0.0,0.6310463547706604,0.022082833603696193
0.4094232315054307,1.2617679975859617,0.0,0.0,840.0,0.0,0.0,0.6310463547706604,0.022082833603696193
0.42653589724348145,1.2617679975859617,0.0,0.0,840.0,0.0,0.0,0.6310463547706604,0.022082833603696193
0.4436485629815322,1.2617679975859617,0.0,0.0,840.0,0.0,0.0,0.6310463547706604,0.022082833603696193
0.4607612287195829,1.2617679975859617,0.0,0.0,840.0,0.0,0.0,0.6310463547706604,0.022082833603696193
0.4778738944576337,1.2617679975859617,0.0,0.0,840.0,0.0,0.0,0.6310463547706604,0.022082833603696193
0.49498656019568443,1.2617679975859617,0.0,0.0,840.0,0.0,0.0,0.6310463547706604,0.022082833603696193
0.5120992259337351,1.2617679975859617,0.0,0.0,840.0,0.0,0.0,0.6310463547706604,0.022082833603696193
0.529211891671786,1.2617679975859617,0.0,0.0,840.0,0.0,0.0,0.6310463547706604,0.022082833603696193
0.5463245574098368,1.2617679975859617,0.0,0.0,840.0,0.0,0.0,0.6310463547706604,0.022082833603696193
0.5634372231478875,1.2617679975859617,0.0,0.0,840.0,0.0,0.0,0.6310463547706604,0.022082833603696193
0.5805498888859383,1.2617679975859617,0.0,0.0,840.0,0.0,0.0,0.6310463547706604,0.022082833603696193
0.597662554623989,1.2617679975859617,0.0,0.0,840.0,0.0,0.0,0.6310463547706604,0.022082833603696193
0.6147752203620397,1.2617679975859617,0.0,0.0,840.0,0.0,0.0,0.6310463547706604,0.022082833603696193
0.6318878861000905,1.2617679975859617,0.0,0.0,840.0,0.0,0.0,0.6310463547706604,0.022082833603696193
0.6490005518381412,1.2617679975859617,0.0,0.0,840.0,0.0,0.0,0.6310463547706604,0.022082833603696193
0.666113217576192,1.2617679975859617,0.0,0.0,840.0,0.0,0.0,0.6310463547706604,0.022082833603696193
0.6832258833142427,1.2617679975859617,0.0,0.0,840.0,0.0,0.0,0.6310463547706604,0.022082833603696193
0.7003385490522935,1.2617679975859617,0.0,0.0,840.0,0.0,0.0,0.6310463547706604,0.022082833603696193
0.7174512147903442,1.2617679975859617,0.0,0.0,840.0,0.0,0.0,0.6310463547706604,0.022082833603696193
0.05005725100636482,1.2914912773870413,218.2,45.454788296628564,621.8,-0.014161664247512817,0.06148257386490928,0.5448268532752991,0.029631806369787878
0.06716991674441558,1.2914912773870413,215.3,47.80246107787109,624.7,-0.01424289345741272,0.06110600156594122,0.5464488089084625,0.03147381332378979
0.08428258248246634,1.2914912773870413,202.9,49.94588243196045,637.1,-0.016259586811065672,0.07961078925535489,0.5573362708091736,0.025729559720879685
0.10139524822051708,1.2914912773870413,192.6,49.80309093896925,647.4,-0.017572009563446046,0.08381356088229777,0.5641658425331115,0.023361980437190108
0.11850791395856784,1.2914912773870413,186.2,50.025906324656006,653.8,-0.013106215000152587,0.09100546127878181,0.5684331178665161,0.023570422779829257
0.13562057969661862,1.2914912773870413,177.5,47.511583774294614,662.5,-0.010608071088790893,0.08615015367343515,0.5699656486511231,0.023943002495491403
0.15273324543466935,1.2914912773870413,156.7,41.757144574136625,683.3,-0.03045714497566223,0.09452766984003994,0.5853533864021301,0.020982972596663478
0.1698459111727201,1.2914912773870413,150.0,42.71558691509825,690.0,-0.03441895246505737,0.0950569356551462,0.5855745017528534,0.02003840837739623
0.18695857691077086,1.2914912773870413,132.2,49.26657696825842,707.8,-0.0027557313442230225,0.05345342796208124,0.587431788444519,0.025897120691085563
0.20407124264882162,1.2914912773870413,109.8,51.67960628305184,730.2,-0.005231839418411255,0.05600398728048316,0.5979130923748016,0.025615499521850944
0.22118390838687238,1.2914912773870413,31.1,38.93780797985388,808.9,-0.016734719276428223,0.034273873525616186,0.6231802344322205,0.030195070424883435
0.23829657412492314,1.2914912773870413,4.4,7.443379415216462,835.6,-0.0180914044380188,0.027288221969465728,0.6318220734596253,0.021527144760378297
0.25540923986297387,1.2914912773870413,3.2,5.7009552170713995,836.8,-0.0626476526260376,0.12322555934244273,0.631715738773346,0.021612162886115744
0.2725219056010246,1.2914912773870413,1.9,4.298098609422789,838.1,-0.007720375061035156,0.01746470174424083,0.6316420316696167,0.021664201137278637
0.2896345713390754,1.2914912773870413,1.6,3.6194514605665584,838.4,-0.008224308490753174,0.01860467836187908,0.6316769599914551,0.021642006922876943
0.30674723707712614,1.2914912773870413,1.5,3.393235744281149,838.5,-0.01114736795425415,0.02521709826468628,0.6317162573337555,0.021617354547491245
0.3238599028151769,1.2914912773870413,0.9,2.0359414465686894,839.1,-0.05558692216873169,0.12574635414500968,0.6308996737003326,0.022197261967307123
0.34097256855322766,1.2914912773870413,0.7,1.5835100139978697,839.3,-0.04211891889572143,0.09527961407162715,0.6309410214424134,0.022164562921778725
0.3580852342912784,1.2914912773870413,0.0,0.0,840.0,0.0,0.0,0.6310463547706604,0.022082833603696193
0.3751979000293292,1.2914912773870413,0.0,0.0,840.0,0.0,0.0,0.6310463547706604,0.022082833603696193
0.39231056576737994,1.2914912773870413,0.0,0.0,840.0,0.0,0.0,0.6310463547706604,0.022082833603696193
0.4094232315054307,1.2914912773870413,0.0,0.0,840.0,0.0,0.0,0.6310463547706604,0.022082833603696193
0.42653589724348145,1.2914912773870413,0.0,0.0,840.0,0.0,0.0,0.6310463547706604,0.022082833603696193
0.4436485629815322,1.2914912773870413,0.0,0.0,840.0,0.0,0.0,0.6310463547706604,0.022082833603696193
0.4607612287195829,1.2914912773870413,0.0,0.0,840.0,0.0,0.0,0.6310463547706604,0.022082833603696193
0.4778738944576337,1.2914912773870413,0.0,0.0,840.0,0.0,0.0,0.6310463547706604,0.022082833603696193
0.49498656019568443,1.2914912773870413,0.0,0.0,840.0,0.0,0.0,0.6310463547706604,0.022082833603696193
0.5120992259337351,1.2914912773870413,0.0,0.0,840.0,0.0,0.0,0.6310463547706604,0.022082833603696193
0.529211891671786,1.2914912773870413,0.0,0.0,840.0,0.0,0.0,0.6310463547706604,0.022082833603696193
0.5463245574098368,1.2914912773870413,0.0,0.0,840.0,0.0,0.0,0.6310463547706604,0.022082833603696193
0.5634372231478875,1.2914912773870413,0.0,0.0,840.0,0.0,0.0,0.6310463547706604,0.022082833603696193
0.5805498888859383,1.2914912773870413,0.0,0.0,840.0,0.0,0.0,0.6310463547706604,0.022082833603696193
0.597662554623989,1.2914912773870413,0.0,0.0,840.0,0.0,0.0,0.6310463547706604,0.022082833603696193
0.6147752203620397,1.2914912773870413,0.0,0.0,840.0,0.0,0.0,0.6310463547706604,0.022082833603696193
0.6318878861000905,1.2914912773870413,0.0,0.0,840.0,0.0,0.0,0.6310463547706604,0.022082833603696193
0.6490005518381412,1.2914912773870413,0.0,0.0,840.0,0.0,0.0,0.6310463547706604,0.022082833603696193
0.666113217576192,1.2914912773870413,0.0,0.0,840.0,0.0,0.0,0.6310463547706604,0.022082833603696193
0.6832258833142427,1.2914912773870413,0.0,0.0,840.0,0.0,0.0,0.6310463547706604,0.022082833603696193
0.7003385490522935,1.2914912773870413,0.0,0.0,840.0,0.0,0.0,0.6310463547706604,0.022082833603696193
0.7174512147903442,1.2914912773870413,0.0,0.0,840.0,0.0,0.0,0.6310463547706604,0.022082833603696193
0.05005725100636482,1.3212145571881209,223.4,50.43500124357876,616.6,-0.004870945215225219,0.05717128245996422,0.545434957742691,0.030034959880069486
0.06716991674441558,1.3212145571881209,220.5,52.66423014449704,619.5,-0.0049323499202728275,0.056710184158436296,0.547096586227417,0.03183819292669141
0.08428258248246634,1.3212145571881209,208.0,55.158300767067324,632.0,-0.006911081075668335,0.07649697068764931,0.5581665992736816,0.026124834157553605
0.10139524822051708,1.3212145571881209,197.7,55.36619065451856,642.3,-0.006765806674957275,0.08076913844254913,0.5650303840637207,0.023607011166402157
0.11850791395856784,1.3212145571881209,191.3,55.63971639725754,648.7,-0.0021804094314575194,0.08786863037512394,0.5694456994533539,0.023505455276098486
0.13562057969661862,1.3212145571881209,182.6,53.09535544682764,657.4,0.002090996503829956,0.08293807486939568,0.5710657954216003,0.023580243610399995
0.15273324543466935,1.3212145571881209,161.5,47.17530362974422,678.5,-0.0177725613117218,0.09388636541159544,0.587109112739563,0.0208583288498998
0.1698459111727201,1.3212145571881209,154.8,48.21786209052558,685.2,-0.019562172889709472,0.09407200979075843,0.5873531043529511,0.020006460866979638
0.18695857691077086,1.3212145571881209,137.0,53.92291839037171,703.0,0.021622109413146972,0.03398703031036446,0.5890620231628418,0.025217503566067032
0.20407124264882162,1.3212145571881209,114.0,56.472432693789216,726.0,0.01131514310836792,0.05302255308273966,0.5993968904018402,0.025011546899447398
0.22118390838687238,1.3212145571881209,35.3,42.16096992694056,804.7,0.000375443696975708,0.039875818834413976,0.6244685351848602,0.029984479508801374
0.23829657412492314,1.3212145571881209,8.6,14.04724919461719,831.4,-0.016323930025100707,0.03866206212396859,0.6332831978797913,0.020917253683081363
0.25540923986297387,1.3212145571881209,7.4,12.252829251403917,832.6,-0.03349284529685974,0.07922494852159266,0.6331672489643096,0.020937657542687633
0.2725219056010246,1.3212145571881209,6.1,10.58067437332394,833.9,-0.03480537533760071,0.07980431170760466,0.6330878853797912,0.020963412567369426
0.2896345713390754,1.3212145571881209,5.0,9.680106225620708,835.0,-0.0534532904624939,0.11883109261045907,0.6329330563545227,0.0210283745300744
0.30674723707712614,1.3212145571881209,4.2,9.501060083987218,835.8,-0.002906942367553711,0.006575960498765681,0.6329949915409088,0.021005540971733752
0.3238599028151769,1.3212145571881209,3.6,8.143765786274757,836.4,0.0055524766445159916,0.012560574812971945,0.6321491897106171,0.021368373051304648
0.34097256855322766,1.3212145571881209,3.4,7.691334353703937,836.6,0.0032750844955444338,0.007408755850548243,0.6321902811527252,0.021346925083490936
0.3580852342912784,1.3212145571881209,1.5,3.393235744281149,838.5,-0.029009079933166503,0.0656230979586197,0.6317366659641266,0.021604684828436364
0.3751979000293292,1.3212145571881209,0.8,1.8097257302832792,839.2,-0.016733217239379882,0.037853167235656904,0.6313814997673035,0.02183805780536495
0.39231056576737994,1.3212145571881209,0.0,0.0,840.0,0.0,0.0,0.6310463547706604,0.022082833603696193
0.4094232315054307,1.3212145571881209,0.0,0.0,840.0,0.0,0.0,0.6310463547706604,0.022082833603696193
0.42653589724348145,1.3212145571881209,0.0,0.0,840.0,0.0,0.0,0.6310463547706604,0.022082833603696193
0.4436485629815322,1.3212145571881209,0.0,0.0,840.0,0.0,0.0,0.6310463547706604,0.022082833603696193
0.4607612287195829,1.3212145571881209,0.0,0.0,840.0,0.0,0.0,0.6310463547706604,0.022082833603696193
0.4778738944576337,1.3212145571881209,0.0,0.0,840.0,0.0,0.0,0.6310463547706604,0.022082833603696193
0.49498656019568443,1.3212145571881209,0.0,0.0,840.0,0.0,0.0,0.6310463547706604,0.022082833603696193
0.5120992259337351,1.3212145571881209,0.0,0.0,840.0,0.0,0.0,0.6310463547706604,0.022082833603696193
0.529211891671786,1.3212145571881209,0.0,0.0,840.0,0.0,0.0,0.6310463547706604,0.022082833603696193
0.5463245574098368,1.3212145571881209,0.0,0.0,840.0,0.0,0.0,0.6310463547706604,0.022082833603696193
0.5634372231478875,1.3212145571881209,0.0,0.0,840.0,0.0,0.0,0.6310463547706604,0.022082833603696193
0.5805498888859383,1.3212145571881209,0.0,0.0,840.0,0.0,0.0,0.6310463547706604,0.022082833603696193
0.597662554623989,1.3212145571881209,0.0,0.0,840.0,0.0,0.0,0.6310463547706604,0.022082833603696193
0.6147752203620397,1.3212145571881209,0.0,0.0,840.0,0.0,0.0,0.6310463547706604,0.022082833603696193
0.6318878861000905,1.3212145571881209,0.0,0.0,840.0,0.0,0.0,0.6310463547706604,0.022082833603696193
0.6490005518381412,1.3212145571881209,0.0,0.0,840.0,0.0,0.0,0.6310463547706604,0.022082833603696193
0.666113217576192,1.3212145571881209,0.0,0.0,840.0,0.0,0.0,0.6310463547706604,0.022082833603696193
0.6832258833142427,1.3212145571881209,0.0,0.0,840.0,0.0,0.0,0.6310463547706604,0.022082833603696193
0.7003385490522935,1.3212145571881209,0.0,0.0,840.0,0.0,0.0,0.6310463547706604,0.022082833603696193
0.7174512147903442,1.3212145571881209,0.0,0.0,840.0,0.0,0.0,0.6310463547706604,0.022082833603696193
0.05005725100636482,1.3509378369892002,230.8,55.3258673390378,609.2,-0.005988991260528565,0.055840713732252675,0.5377441108226776,0.034737764379886106
0.06716991674441558,1.3509378369892002,227.9,57.57766477228843,612.1,-0.006050395965576172,0.055367830799675694,0.5394057393074035,0.03650775965018529
0.08428258248246634,1.3509378369892002,215.4,60.267799235616536,624.6,-0.008169043064117431,0.07551047838696337,0.5511727750301361,0.030527428308392987
0.10139524822051708,1.3509378369892002,205.1,60.81838035362564,634.9,-0.008134984970092773,0.07984214565058823,0.5585538804531097,0.02774641044519252
0.11850791395856784,1.3509378369892002,198.7,61.15922706736539,641.3,-0.0037294983863830566,0.08690604132785974,0.5634886741638183,0.026971305506155164
0.13562057969661862,1.3509378369892002,189.9,58.65776382843607,650.1,0.0003860771656036377,0.08216482351292251,0.565834891796112,0.026623710557828882
0.15273324543466935,1.3509378369892002,168.8,52.38553407186046,671.2,-0.01903678774833679,0.09343510306485162,0.5837638139724731,0.02304416346516402
0.1698459111727201,1.3509378369892002,162.1,53.441464762740075,677.9,-0.02060748338699341,0.09351643997280114,0.5842288553714752,0.021799004848874596
0.18695857691077086,1.3509378369892002,144.1,58.9767795625411,695.9,0.02027290463447571,0.03322325053229589,0.5860262989997864,0.02704785167479217
0.20407124264882162,1.3509378369892002,121.1,62.087823747786814,718.9,0.009972989559173584,0.05237889317694748,0.5966734230518341,0.027282680690220624
0.22118390838687238,1.3509378369892002,42.4,47.65253140043048,797.6,-0.5026153564453125,1.1340524621262402,0.6229635119438172,0.03235708298828855
0.23829657412492314,1.3509378369892002,14.9,20.028432011984492,825.1,-0.09428046941757202,0.20380852442004607,0.6332865715026855,0.02139668197691572
0.25540923986297387,1.3509378369892002,12.4,18.53251536561334,827.6,-0.00497521162033081,0.03055466793903404,0.6336205124855041,0.020735813732645915
0.2725219056010246,1.3509378369892002,11.0,16.786771089814426,829.0,-0.018643444776535033,0.06469279610270673,0.6335164904594421,0.020718920983175158
0.2896345713390754,1.3509378369892002,9.5,15.727913280969036,830.5,-1.1256919085979462,2.560081633497037,0.633450049161911,0.020857126587593654
0.30674723707712614,1.3509378369892002,8.4,15.216919173494846,831.6,0.0016292750835418702,0.009907323028930975,0.6335964262485504,0.020875916757145695
0.3238599028151769,1.3509378369892002,7.0,13.722924800633336,833.0,-0.007253903150558472,0.024708937026663907,0.6327574253082275,0.021093314170210282
0.34097256855322766,1.3509378369892002,5.9,13.346727260839183,834.1,0.002056431770324707,0.0046519718591607724,0.6328594326972962,0.021052415142264868
0.3580852342912784,1.3509378369892002,4.0,9.048628651416397,836.0,-0.011685371398925781,0.026434146610690382,0.6323930978775024,0.021246704416932646
0.3751979000293292,1.3509378369892002,3.3,7.465118637418527,836.7,-0.007455348968505859,0.01686517107068245,0.6320301532745362,0.021432659469853045
0.39231056576737994,1.3509378369892002,2.4,5.429177190849838,837.6,-0.0029311060905456545,0.00663062263781313,0.631476229429245,0.02177315828602841
0.4094232315054307,1.3509378369892002,1.5,3.393235744281149,838.5,0.004223489761352539,0.009554197615884595,0.6310210525989532,0.022102259003361623
0.42653589724348145,1.3509378369892002,0.6,1.3572942977124596,839.4,-0.0036272525787353514,0.008205415402467177,0.6310009300708771,0.022117801364710737
0.4436485629815322,1.3509378369892002,0.0,0.0,840.0,0.0,0.0,0.6310463547706604,0.022082833603696193
0.4607612287195829,1.3509378369892002,0.0,0.0,840.0,0.0,0.0,0.6310463547706604,0.022082833603696193
0.4778738944576337,1.3509378369892002,0.0,0.0,840.0,0.0,0.0,0.6310463547706604,0.022082833603696193
0.49498656019568443,1.3509378369892002,0.0,0.0,840.0,0.0,0.0,0.6310463547706604,0.022082833603696193
0.5120992259337351,1.3509378369892002,0.0,0.0,840.0,0.0,0.0,0.6310463547706604,0.022082833603696193
0.529211891671786,1.3509378369892002,0.0,0.0,840.0,0.0,0.0,0.6310463547706604,0.022082833603696193
0.5463245574098368,1.3509378369892002,0.0,0.0,840.0,0.0,0.0,0.6310463547706604,0.022082833603696193
0.5634372231478875,1.3509378369892002,0.0,0.0,840.0,0.0,0.0,0.6310463547706604,0.022082833603696193
0.5805498888859383,1.3509378369892002,0.0,0.0,840.0,0.0,0.0,0.6310463547706604,0.022082833603696193
0.597662554623989,1.3509378369892002,0.0,0.0,840.0,0.0,0.0,0.6310463547706604,0.022082833603696193
0.6147752203620397,1.3509378369892002,0.0,0.0,840.0,0.0,0.0,0.6310463547706604,0.022082833603696193
0.6318878861000905,1.3509378369892002,0.0,0.0,840.0,0.0,0.0,0.6310463547706604,0.022082833603696193
0.6490005518381412,1.3509378369892002,0.0,0.0,840.0,0.0,0.0,0.6310463547706604,0.022082833603696193
0.666113217576192,1.3509378369892002,0.0,0.0,840.0,0.0,0.0,0.6310463547706604,0.022082833603696193
0.6832258833142427,1.3509378369892002,0.0,0.0,840.0,0.0,0.0,0.6310463547706604,0.022082833603696193
0.7003385490522935,1.3509378369892002,0.0,0.0,840.0,0.0,0.0,0.6310463547706604,0.022082833603696193
0.7174512147903442,1.3509378369892002,0.0,0.0,840.0,0.0,0.0,0.6310463547706604,0.022082833603696193
0.05005725100636482,1.3806611167902798,238.1,63.98742121006752,601.9,-0.0007441520690917968,0.05569674377845142,0.5337198078632355,0.03474032150529483
0.06716991674441558,1.3806611167902798,235.2,66.11521702571852,604.8,-0.0008061647415161133,0.05522614588232992,0.5353875696659088,0.03661969153776729
0.08428258248246634,1.3806611167902798,222.7,68.96925231091568,617.3,-0.002972513437271118,0.07527746708296638,0.547421932220459,0.030767098227809944
0.10139524822051708,1.3806611167902798,212.4,69.9297305153149,627.6,-0.0029252290725708006,0.07920537165612673,0.5549099147319794,0.028278833046007586
0.11850791395856784,1.3806611167902798,206.0,70.46336131335025,634.0,0.0011724233627319336,0.08548272026280757,0.5599283993244171,0.028239573490220913
0.13562057969661862,1.3806611167902798,197.2,68.04862204961063,642.8,0.00560954213142395,0.08088511770504316,0.5629235804080963,0.027940812706868896
0.15273324543466935,1.3806611167902798,176.1,61.79039489697557,663.9,-0.014950960874557495,0.09313016928858668,0.5828373312950135,0.024656922736996986
0.1698459111727201,1.3806611167902798,169.3,62.96590287423994,670.7,-0.016233783960342408,0.09317855022913939,0.5835178792476654,0.023354163859155404
0.18695857691077086,1.3806611167902798,151.3,67.50773760969014,688.7,0.02568138837814331,0.02957498103949708,0.5855023443698884,0.0276928712497843
0.20407124264882162,1.3806611167902798,127.8,70.80853052462246,712.2,0.03308193683624268,0.03369277919308943,0.5970467507839203,0.02749727705188533
0.22118390838687238,1.3806611167902798,49.1,53.39143529590141,790.9,-0.4730502724647522,1.1430202972093708,0.6244810223579407,0.032451494726859174
0.23829657412492314,1.3806611167902798,21.4,30.719098476861248,818.6,-0.034507155418395996,0.06067977602494468,0.6350145757198333,0.021600856486867492
0.25540923986297387,1.3806611167902798,18.9,29.16428602666684,821.1,0.048022931814193724,0.13565100816859701,0.635354894399643,0.020825648710080722
0.2725219056010246,1.3806611167902798,17.5,27.545627640642522,822.5,0.033710986375808716,0.14943364367662354,0.6352479040622712,0.020786441653230205
0.2896345713390754,1.3806611167902798,15.3,26.846912524500812,824.7,-1.128734827041626,2.5592816329461026,0.6354179799556732,0.020506021534216615
0.30674723707712614,1.3806611167902798,14.2,26.443059414983274,825.8,0.002485346794128418,0.004141983089654328,0.6355656623840332,0.02053984013647405
0.3238599028151769,1.3806611167902798,12.8,24.9767830953149,827.2,0.005238831043243408,0.011984929000379103,0.6346826374530792,0.020533806925036122
0.34097256855322766,1.3806611167902798,11.4,24.557577329022045,828.6,-0.04212719202041626,0.10790342635224848,0.6348722398281097,0.02049058426806352
0.3580852342912784,1.3806611167902798,9.0,20.359414465686893,831.0,-0.0007264256477355957,0.0016432889823060066,0.6335197925567627,0.020865618370882334
0.3751979000293292,1.3806611167902798,8.3,18.775904451689026,831.7,0.0021950483322143556,0.004965544307529649,0.6331428110599517,0.02095942205502133
0.39231056576737994,1.3806611167902798,7.4,16.739963005120334,832.6,0.006508457660675049,0.014723154116228694,0.6325660645961761,0.021168716759395828
0.4094232315054307,1.3806611167902798,6.5,14.704021558551643,833.5,0.009568554162979127,0.02164557333794064,0.6320924699306488,0.02139860639907505
0.42653589724348145,1.3806611167902798,5.6,12.668080111982958,834.4,0.009070438146591187,0.02051875662353631,0.6320751309394836,0.021407993557743938
0.4436485629815322,1.3806611167902798,4.2,9.501060083987218,835.8,0.008176845312118531,0.0184973091923589,0.6320785224437714,0.021406152100523795
0.4607612287195829,1.3806611167902798,3.2,7.238902921133117,836.8,0.015485674142837524,0.03503102868384442,0.6315740764141082,0.021708140443038346
0.4778738944576337,1.3806611167902798,0.9,2.0359414465686894,839.1,0.01188858151435852,0.02689383982888096,0.6313272058963776,0.021876114232871554
0.49498656019568443,1.3806611167902798,0.0,0.0,840.0,0.0,0.0,0.6310463547706604,0.022082833603696193
0.5120992259337351,1.3806611167902798,0.0,0.0,840.0,0.0,0.0,0.6310463547706604,0.022082833603696193
0.529211891671786,1.3806611167902798,0.0,0.0,840.0,0.0,0.0,0.6310463547706604,0.022082833603696193
0.5463245574098368,1.3806611167902798,0.0,0.0,840.0,0.0,0.0,0.6310463547706604,0.022082833603696193
0.5634372231478875,1.3806611167902798,0.0,0.0,840.0,0.0,0.0,0.6310463547706604,0.022082833603696193
0.5805498888859383,1.3806611167902798,0.0,0.0,840.0,0.0,0.0,0.6310463547706604,0.022082833603696193
0.597662554623989,1.3806611167902798,0.0,0.0,840.0,0.0,0.0,0.6310463547706604,0.022082833603696193
0.6147752203620397,1.3806611167902798,0.0,0.0,840.0,0.0,0.0,0.6310463547706604,0.022082833603696193
0.6318878861000905,1.3806611167902798,0.0,0.0,840.0,0.0,0.0,0.6310463547706604,0.022082833603696193
0.6490005518381412,1.3806611167902798,0.0,0.0,840.0,0.0,0.0,0.6310463547706604,0.022082833603696193
0.666113217576192,1.3806611167902798,0.0,0.0,840.0,0.0,0.0,0.6310463547706604,0.022082833603696193
0.6832258833142427,1.3806611167902798,0.0,0.0,840.0,0.0,0.0,0.6310463547706604,0.022082833603696193
0.7003385490522935,1.3806611167902798,0.0,0.0,840.0,0.0,0.0,0.6310463547706604,0.022082833603696193
0.7174512147903442,1.3806611167902798,0.0,0.0,840.0,0.0,0.0,0.6310463547706604,0.022082833603696193
0.05005725100636482,1.4103843965913594,247.1,72.5588452764418,592.9,0.009629809856414795,0.05884019949325454,0.5273959577083588,0.04105582171617295
0.06716991674441558,1.4103843965913594,244.2,74.62132297304632,595.8,0.009715020656585693,0.05832301831382518,0.5290325224399567,0.04276540902691204
0.08428258248246634,1.4103843965913594,231.7,77.53114433275049,608.3,0.0075834691524505615,0.07799595653966586,0.5416853129863739,0.036755998706891425
0.10139524822051708,1.4103843965913594,221.4,78.79122228097154,618.6,0.008840352296829224,0.08150008943608564,0.5495173573493958,0.03426646574496696
0.11850791395856784,1.4103843965913594,215.0,79.45794609311709,625.0,0.013004714250564575,0.08736809509534552,0.55478515625,0.034248022429500306
0.13562057969661862,1.4103843965913594,206.2,77.06459670549555,633.8,0.01866752505302429,0.08338996518040687,0.558857387304306,0.03300383653589506
0.15273324543466935,1.4103843965913594,185.1,70.95665020649751,654.9,-0.00234183669090271,0.09774191287409231,0.5812059998512268,0.028718339603196117
0.1698459111727201,1.4103843965913594,178.3,72.08366155971163,661.7,-0.0016140282154083253,0.09808230448357372,0.5821448028087616,0.02688630440326445
0.18695857691077086,1.4103843965913594,160.1,76.25736679835175,679.9,0.04405712485313416,0.03516346966291191,0.5836962103843689,0.030247411205085686
0.20407124264882162,1.4103843965913594,136.6,79.60750726077045,703.4,0.06536700129508972,0.0590481358127087,0.5956661522388458,0.030413778477235077
0.22118390838687238,1.4103843965913594,57.9,61.61992280426116,782.1,-0.6061222791671753,1.2048140998768166,0.6239639818668365,0.03558462484003291
0.23829657412492314,1.4103843965913594,30.2,40.58427357585104,809.8,-0.7704006731510162,1.230926203970517,0.63551424741745,0.023129992210616918
0.25540923986297387,1.4103843965913594,27.7,38.80997100770328,812.3,-0.4993639409542084,1.164541141684646,0.6358953416347504,0.022156786547669
0.2725219056010246,1.4103843965913594,25.9,37.39894600921105,814.1,-0.0124139666557312,0.14141327720727612,0.635618269443512,0.0220960322741375
0.2896345713390754,1.4103843965913594,22.6,36.68323429776505,817.4,-0.34960023164749143,0.6869641937590562,0.6361167848110199,0.02133640704626624
0.30674723707712614,1.4103843965913594,21.0,36.37316117158848,819.0,-4.230061709880829,9.056650337887282,0.6363342583179474,0.021265047870097694
0.3238599028151769,1.4103843965913594,18.9,35.06213870580836,821.1,-0.20662530660629272,0.4985307342249359,0.6357353448867797,0.020460753192565382
0.34097256855322766,1.4103843965913594,17.5,34.520860904800415,822.5,-0.23930914402008058,0.49610110126606083,0.6359308660030365,0.020427459857300025
0.3580852342912784,1.4103843965913594,14.7,30.35760970916568,825.3,-0.026077240705490112,0.08607168331203703,0.6346610248088836,0.02075382983404378
0.3751979000293292,1.4103843965913594,14.0,28.780708830175026,826.0,-0.023428565263748168,0.08839624526530665,0.6342707931995392,0.020750442975845027
0.39231056576737994,1.4103843965913594,12.9,26.76291164414441,827.1,-0.003939008712768555,0.06227062919220448,0.6336585998535156,0.02082420427036891
0.4094232315054307,1.4103843965913594,11.0,24.883728791395093,829.0,0.01885576844215393,0.042654711642536786,0.6331033945083618,0.02097120840671538
0.42653589724348145,1.4103843965913594,10.1,22.847787344826408,829.9,0.018167996406555177,0.04109886320579632,0.6330821335315704,0.02097772047362089
0.4436485629815322,1.4103843965913594,8.7,19.680767316830657,831.3,0.016707199811935424,0.03779431172580438,0.6330814003944397,0.02097794695832463
0.4607612287195829,1.4103843965913594,7.7,17.418610153976562,832.3,0.022754144668579102,0.051473451346644626,0.6325597822666168,0.02117142782398539
0.4778738944576337,1.4103843965913594,5.4,12.215648679412132,834.6,0.020288091897964478,0.04589485240762254,0.6322955906391143,0.021293712073005556
0.49498656019568443,1.4103843965913594,4.5,10.179707232843446,835.5,0.019984489679336546,0.045208056474095,0.632000720500946,0.02144904641502927
0.5120992259337351,1.4103843965913594,3.8,8.596197218845578,836.2,0.0011673629283905028,0.0026407584101089125,0.6318674623966217,0.021525660034222883
0.529211891671786,1.4103843965913594,1.6,3.6194514605665584,838.4,-0.04975849390029907,0.11256153338939354,0.6315695703029632,0.02171108939406778
0.5463245574098368,1.4103843965913594,0.3,0.6786471488562298,839.7,-0.349436616897583,0.7904805458783711,0.6312241375446319,0.021950067535185382
0.5634372231478875,1.4103843965913594,0.0,0.0,840.0,0.0,0.0,0.6310463547706604,0.022082833603696193
0.5805498888859383,1.4103843965913594,0.0,0.0,840.0,0.0,0.0,0.6310463547706604,0.022082833603696193
0.597662554623989,1.4103843965913594,0.0,0.0,840.0,0.0,0.0,0.6310463547706604,0.022082833603696193
0.6147752203620397,1.4103843965913594,0.0,0.0,840.0,0.0,0.0,0.6310463547706604,0.022082833603696193
0.6318878861000905,1.4103843965913594,0.0,0.0,840.0,0.0,0.0,0.6310463547706604,0.022082833603696193
0.6490005518381412,1.4103843965913594,0.0,0.0,840.0,0.0,0.0,0.6310463547706604,0.022082833603696193
0.666113217576192,1.4103843965913594,0.0,0.0,840.0,0.0,0.0,0.6310463547706604,0.022082833603696193
0.6832258833142427,1.4103843965913594,0.0,0.0,840.0,0.0,0.0,0.6310463547706604,0.022082833603696193
0.7003385490522935,1.4103843965913594,0.0,0.0,840.0,0.0,0.0,0.6310463547706604,0.022082833603696193
0.7174512147903442,1.4103843965913594,0.0,0.0,840.0,0.0,0.0,0.6310463547706604,0.022082833603696193
0.05005725100636482,1.4401076763924388,271.7,101.23812551572341,568.3,0.04101336598396301,0.0782688185729351,0.5020983755588532,0.06466459332091734
0.06716991674441558,1.4401076763924388,268.8,103.04384535871307,571.2,0.04114604592323303,0.07778627935752151,0.5038206279277802,0.06614374492787989
0.08428258248246634,1.4401076763924388,256.3,106.08102146338841,583.7,0.03906620144844055,0.09384455851066321,0.5177884578704834,0.06425328744465757
0.10139524822051708,1.4401076763924388,246.0,107.55811292311729,594.0,0.04177372455596924,0.09640502908600884,0.526142829656601,0.06487671697607358
0.11850791395856784,1.4401076763924388,239.3,108.59613680892795,600.7,0.04647077322006225,0.10071804903455416,0.5322589099407196,0.06637349998927639
0.13562057969661862,1.4401076763924388,230.5,106.26214227436421,609.5,0.053819358348846436,0.0982421758755192,0.5491288423538208,0.04290104724551602
0.15273324543466935,1.4401076763924388,209.4,100.54501849909046,630.6,0.03281315565109253,0.11495030471851812,0.5850150227546692,0.03268868802460121
0.1698459111727201,1.4401076763924388,202.5,101.7133939768628,637.5,0.03656478524208069,0.11471476523153118,0.5865198075771332,0.03160298804734416
0.18695857691077086,1.4401076763924388,184.3,104.47914891869408,655.7,0.08380483388900757,0.061845619915694316,0.5884615182876587,0.0330531421198714
0.20407124264882162,1.4401076763924388,160.1,106.44562575212682,679.9,0.09829015731811523,0.06948020910159178,0.6030114591121674,0.031933619686169944
0.22118390838687238,1.4401076763924388,81.4,84.30845248673738,758.6,0.08133589625358581,0.07381282297523624,0.6301395118236541,0.03974708007809786
0.23829657412492314,1.4401076763924388,53.7,70.74928422788545,786.3,0.053355318307876584,0.060570511593944894,0.64210324883461,0.028343067004343563
0.25540923986297387,1.4401076763924388,51.2,69.21839489452856,788.8,0.06382840871810913,0.08265564503673027,0.6424304068088531,0.027168807035461283
0.2725219056010246,1.4401076763924388,49.4,67.7617505177259,790.6,0.06034417748451233,0.07774292954609245,0.6421000301837921,0.02702462494222692
0.2896345713390754,1.4401076763924388,45.4,67.39406227510338,794.6,-1.0330986738204957,2.2374216331694803,0.642237538099289,0.02644655537493394
0.30674723707712614,1.4401076763924388,40.9,67.83240861882811,799.1,-0.11282862424850464,0.22629000103864777,0.6436420619487763,0.02600599053930074
0.3238599028151769,1.4401076763924388,38.5,66.60058596047483,801.5,-0.10307335257530212,0.1842181670619803,0.6429547190666198,0.02435549802701195
0.34097256855322766,1.4401076763924388,36.4,66.18174803530441,803.6,-0.015598815679550172,0.06927419289029896,0.6429433524608612,0.024102720004997774
0.3580852342912784,1.4401076763924388,33.3,62.05264739002766,806.7,-0.015298306941986084,0.10180301166059429,0.6416133105754852,0.023596469550676145
0.3751979000293292,1.4401076763924388,32.6,60.490043055523145,807.4,-0.013914328813552857,0.10341581275322757,0.6411684632301331,0.02323157226830299
0.39231056576737994,1.4401076763924388,31.2,58.52126690281516,808.8,-0.026652830839157104,0.139111905776521,0.6404947698116302,0.022771592936308076
0.4094232315054307,1.4401076763924388,28.4,56.66060228480698,811.6,0.0290449321269989,0.05201534417676008,0.6381132125854492,0.021133118127296912
0.42653589724348145,1.4401076763924388,26.6,54.63753499180925,813.4,0.029247313737869263,0.050005333354634494,0.6376993417739868,0.021197924064677912
0.4436485629815322,1.4401076763924388,23.4,51.689947418984694,816.6,0.009593921899795532,0.05147533354712853,0.636820912361145,0.021516714446852644
0.4607612287195829,1.4401076763924388,22.1,49.493014129754094,817.9,0.1037097454071045,0.18598032093885605,0.6362265944480896,0.02121750359348092
0.4778738944576337,1.4401076763924388,19.6,44.33828039194036,820.4,0.018212008476257324,0.041198425424525086,0.6358607828617096,0.021061129442232495
0.49498656019568443,1.4401076763924388,18.7,42.302338945371645,821.3,0.016792988777160643,0.03798837984798246,0.6354987442493438,0.02094366503475885
0.5120992259337351,1.4401076763924388,18.0,40.718828931373785,822.0,0.0127344012260437,0.02880721694815278,0.6353121161460876,0.020895397363137808
0.529211891671786,1.4401076763924388,15.8,35.742083173094755,824.2,0.009410405158996582,0.021287815435783286,0.6349482834339142,0.02082559805900216
0.5463245574098368,1.4401076763924388,14.5,32.80127886138444,825.5,0.01184949278831482,0.02680541498727436,0.6345668852329254,0.020787191953801718
0.5634372231478875,1.4401076763924388,10.9,24.65751307510968,829.1,0.017208975553512574,0.038929407313759566,0.633190256357193,0.020945729588157404
0.5805498888859383,1.4401076763924388,0.0,0.0,840.0,0.0,0.0,0.6310463547706604,0.022082833603696193
0.597662554623989,1.4401076763924388,0.0,0.0,840.0,0.0,0.0,0.6310463547706604,0.022082833603696193
0.6147752203620397,1.4401076763924388,0.0,0.0,840.0,0.0,0.0,0.6310463547706604,0.022082833603696193
0.6318878861000905,1.4401076763924388,0.0,0.0,840.0,0.0,0.0,0.6310463547706604,0.022082833603696193
0.6490005518381412,1.4401076763924388,0.0,0.0,840.0,0.0,0.0,0.6310463547706604,0.022082833603696193
0.666113217576192,1.4401076763924388,0.0,0.0,840.0,0.0,0.0,0.6310463547706604,0.022082833603696193
0.6832258833142427,1.4401076763924388,0.0,0.0,840.0,0.0,0.0,0.6310463547706604,0.022082833603696193
0.7003385490522935,1.4401076763924388,0.0,0.0,840.0,0.0,0.0,0.6310463547706604,0.022082833603696193
0.7174512147903442,1.4401076763924388,0.0,0.0,840.0,0.0,0.0,0.6310463547706604,0.022082833603696193
0.05005725100636482,1.4698309561935183,304.8,143.53830373032363,535.2,0.08227226138114929,0.14002112861723562,0.4659011423587799,0.10323050783250907
0.06716991674441558,1.4698309561935183,301.9,145.15320436976864,538.1,0.08237830996513366,0.13974286350233855,0.4676844596862793,0.1045418396802498
0.08428258248246634,1.4698309561935183,289.4,148.42969155663565,550.6,0.08083993792533875,0.14957608810921585,0.4835874319076538,0.10476312617014534
0.10139524822051708,1.4698309561935183,279.1,150.22928397100642,560.9,0.0847577452659607,0.15048543861301267,0.493615049123764,0.10615973872490175
0.11850791395856784,1.4698309561935183,272.4,151.339347397225,567.6,0.08974121809005738,0.15257949675670426,0.5018911182880401,0.1071408639052907
0.13562057969661862,1.4698309561935183,263.6,149.13974399473145,576.4,0.09723565578460694,0.15035953262254842,0.5727007985115051,0.05848596227138737
0.15273324543466935,1.4698309561935183,242.5,143.52422069917455,597.5,0.07453118562698365,0.16523467680203852,0.5870153903961182,0.0410175423514672
0.1698459111727201,1.4698309561935183,235.6,144.73925094241426,604.4,0.07895252704620362,0.16472342266235174,0.5884094774723053,0.04018527581254857
0.18695857691077086,1.4698309561935183,217.3,146.49359431545705,622.7,0.1259058713912964,0.12751599172656222,0.5750233650207519,0.03421209808004464
0.20407124264882162,1.4698309561935183,193.1,148.72943132702625,646.9,0.14168596863746644,0.13228885997479542,0.586414885520935,0.03459351830314119
0.22118390838687238,1.4698309561935183,113.6,123.82412707159789,726.4,0.11209223866462707,0.12711029234504598,0.5935409903526306,0.07333682194355344
0.23829657412492314,1.4698309561935183,85.9,114.38527350079985,754.1,0.10016365051269531,0.1260336653410211,0.6069551348686218,0.07077064835085671
0.25540923986297387,1.4698309561935183,83.4,112.91475643678763,756.6,0.10426461100578308,0.12833560790366777,0.6069022238254547,0.0722528000168163
0.2725219056010246,1.4698309561935183,81.6,111.49485002162739,758.4,0.10609458684921265,0.12775474581565802,0.6063022017478943,0.07318071459467153
0.2896345713390754,1.4698309561935183,77.6,111.19969423953869,762.4,0.08812781572341918,0.12522114818563482,0.606401926279068,0.07306796138679027
0.30674723707712614,1.4698309561935183,73.1,111.69979878835258,766.9,0.12678826451301575,0.17242672010948262,0.6078229069709777,0.0732625297178498
0.3238599028151769,1.4698309561935183,70.7,110.44231841169746,769.3,0.12405492067337036,0.17530463473254226,0.6066943228244781,0.07654746263740686
0.34097256855322766,1.4698309561935183,67.7,110.22071731697875,772.3,0.05104638338088989,0.1250174081602279,0.6067489624023438,0.07651301741271958
0.3580852342912784,1.4698309561935183,62.9,106.50169828143852,777.1,0.04489814043045044,0.12700545361367346,0.6063759446144104,0.07533782676105945
0.3751979000293292,1.4698309561935183,61.4,105.1832537977138,778.6,0.008842843770980834,0.15277344544097396,0.6056791126728058,0.07628661545136678
0.39231056576737994,1.4698309561935183,59.6,103.31519395632303,780.4,-0.26263501644134524,0.6936552078182104,0.6050405204296112,0.07788226409621984
0.4094232315054307,1.4698309561935183,55.9,101.57589469914423,784.1,0.030469465255737304,0.14966287551080942,0.6020545780658721,0.07921151449859692
0.42653589724348145,1.4698309561935183,54.0,99.47834516091673,786.0,0.03143654465675354,0.14801105714344012,0.6015669286251069,0.07948863605822871
0.4436485629815322,1.4698309561935183,49.3,94.5499009275044,790.7,-0.009589362144470214,0.1896272300540351,0.607643210887909,0.06454965792061394
0.4607612287195829,1.4698309561935183,46.1,89.51618197660333,793.9,-0.005750191211700439,0.1821129166249663,0.6164169013500214,0.04645516184265283
0.4778738944576337,1.4698309561935183,40.9,81.17782839837953,799.1,0.0436775803565979,0.10685764270377159,0.6230906486511231,0.033745408367149815
0.49498656019568443,1.4698309561935183,36.5,71.97251300713971,803.5,0.04009085297584534,0.09894189472030719,0.6292959332466126,0.02419941837355097
0.5120992259337351,1.4698309561935183,32.0,65.19828406073954,808.0,0.04546176791191101,0.08987045204189265,0.6317414283752442,0.021777168982956095
0.529211891671786,1.4698309561935183,25.6,52.844172089945914,814.4,0.03730608224868774,0.07225706578263934,0.6334683239459992,0.02083050400776706
0.5463245574098368,1.4698309561935183,17.9,40.492613215088376,822.1,0.022121965885162354,0.05004336358353404,0.634613698720932,0.02078998219974473
0.5634372231478875,1.4698309561935183,10.9,24.65751307510968,829.1,0.017208975553512574,0.038929407313759566,0.633190256357193,0.020945729588157404
0.5805498888859383,1.4698309561935183,0.0,0.0,840.0,0.0,0.0,0.6310463547706604,0.022082833603696193
0.597662554623989,1.4698309561935183,0.0,0.0,840.0,0.0,0.0,0.6310463547706604,0.022082833603696193
0.6147752203620397,1.4698309561935183,0.0,0.0,840.0,0.0,0.0,0.6310463547706604,0.022082833603696193
0.6318878861000905,1.4698309561935183,0.0,0.0,840.0,0.0,0.0,0.6310463547706604,0.022082833603696193
0.6490005518381412,1.4698309561935183,0.0,0.0,840.0,0.0,0.0,0.6310463547706604,0.022082833603696193
0.666113217576192,1.4698309561935183,0.0,0.0,840.0,0.0,0.0,0.6310463547706604,0.022082833603696193
0.6832258833142427,1.4698309561935183,0.0,0.0,840.0,0.0,0.0,0.6310463547706604,0.022082833603696193
0.7003385490522935,1.4698309561935183,0.0,0.0,840.0,0.0,0.0,0.6310463547706604,0.022082833603696193
0.7174512147903442,1.4698309561935183,0.0,0.0,840.0,0.0,0.0,0.6310463547706604,0.022082833603696193
0.05005725100636482,1.499554235994598,337.8,156.36174021131967,502.2,0.12567164301872252,0.15516603995607256,0.4378530323505402,0.1268367329948737
0.06716991674441558,1.499554235994598,334.9,158.1226281512212,505.1,0.1258484661579132,0.15482400405236335,0.43976824879646303,0.12816491809512912
0.08428258248246634,1.499554235994598,322.4,162.02941829154963,517.6,0.12295746803283691,0.1643272166364805,0.45680664777755736,0.1298634889563765
0.10139524822051708,1.499554235994598,312.1,164.2943109389417,527.9,0.12732795476913453,0.1640059588080029,0.4680487632751465,0.13199941653841044
0.11850791395856784,1.499554235994598,305.4,165.0242229023821,534.6,0.12984080910682677,0.16402792058887808,0.4879761695861816,0.1287260238054271
0.13562057969661862,1.499554235994598,296.0,162.82014884705245,544.0,0.13962171077728272,0.16235395437610908,0.42093555331230165,0.30385995361700735
0.15273324543466935,1.499554235994598,274.9,154.891409515274,565.1,0.12255231738090515,0.17916809482596313,0.4951351165771484,0.2082362271128369
0.1698459111727201,1.499554235994598,268.0,156.25159099514488,572.0,0.12917847633361818,0.17870880806335365,0.49705145955085756,0.20688748932117768
0.18695857691077086,1.499554235994598,249.7,158.51503056039974,590.3,0.17665252089500427,0.14251534341225325,0.5087865889072418,0.18455425229605282
0.20407124264882162,1.499554235994598,225.4,161.7083585511267,614.6,0.18536434769630433,0.1486719141979284,0.5263267159461975,0.17623311186952687
0.22118390838687238,1.499554235994598,145.2,144.35162645473113,694.8,0.05605817437171936,0.26451624070229063,0.5576823115348816,0.17330527247368208
0.23829657412492314,1.499554235994598,117.5,127.73044279124971,722.5,0.03681954145431519,0.25404602955540256,0.5707610189914704,0.17479977299824115
0.25540923986297387,1.499554235994598,114.3,126.54205580402747,725.7,0.11845649480819702,0.13977997307420495,0.5718425989151001,0.17440078302220632
0.2725219056010246,1.499554235994598,112.5,124.82573750003078,727.5,0.12188321352005005,0.14104587915043884,0.5717941761016846,0.17406133549633673
0.2896345713390754,1.499554235994598,108.5,124.13921654514698,731.5,0.11705371737480164,0.15224033351951283,0.5719574391841888,0.1738156706504569
0.30674723707712614,1.499554235994598,103.5,124.4274409238381,736.5,0.06061276197433472,0.1522030554059226,0.5735671818256378,0.1741335540891214
0.3238599028151769,1.499554235994598,100.5,123.04889699989899,739.5,0.024794578552246094,0.1989001047045119,0.5743564367294312,0.17170005083032833
0.34097256855322766,1.499554235994598,96.6,122.4573648381588,743.4,0.05949873328208923,0.1483587589825533,0.5726323783397674,0.17134977574962404
0.3580852342912784,1.499554235994598,91.6,119.0931157726127,748.4,0.0349761962890625,0.17268696669535996,0.5771092355251313,0.15884017282712745
0.3751979000293292,1.499554235994598,89.6,118.22050551506327,750.4,-0.014405310153961182,0.2565354391128473,0.5775222420692444,0.15744888515261046
0.39231056576737994,1.499554235994598,87.4,116.63033364475882,752.6,-0.01848766803741455,0.26074505910051426,0.5779853105545044,0.1555386703521635
0.4094232315054307,1.499554235994598,82.8,114.68331175849305,757.2,-0.5362807631492614,1.453592582114572,0.5759760141372681,0.15461374006721323
0.42653589724348145,1.499554235994598,80.1,111.04939010424434,759.9,-0.5400982022285461,1.452503501718882,0.5903369307518005,0.12158360901243193
0.4436485629815322,1.499554235994598,74.5,103.69426743380888,765.5,-0.5420588374137878,1.451200063369557,0.6142078042030334,0.0668044207559648
0.4607612287195829,1.499554235994598,70.5,99.41159118849305,769.5,0.08153913617134094,0.1319120032215034,0.6226246535778046,0.04882795067843888
0.4778738944576337,1.499554235994598,64.8,92.02084112816647,775.2,-0.1437095284461975,0.5498987023316808,0.6292102038860321,0.036345280858603835
0.49498656019568443,1.499554235994598,59.0,84.6723945348329,781.0,0.07527927756309509,0.1037879269217013,0.6355895698070526,0.026858184450343273
0.5120992259337351,1.499554235994598,54.1,77.68309766147027,785.9,0.10310977101325988,0.125578225464535,0.6368637800216674,0.02351318983209479
0.529211891671786,1.499554235994598,46.3,67.69194263959415,793.7,0.09167440533638001,0.11124888981440481,0.6386030077934265,0.02237688034785771
0.5463245574098368,1.499554235994598,36.6,55.21311433296512,803.4,0.043023765087127686,0.06491695418953365,0.6387924075126648,0.020959601489931118
0.5634372231478875,1.499554235994598,24.0,36.38410211368329,816.0,0.03565667867660523,0.05381455436456313,0.6357915520668029,0.020648113079375464
0.5805498888859383,1.499554235994598,0.0,0.0,840.0,0.0,0.0,0.6310463547706604,0.022082833603696193
0.597662554623989,1.499554235994598,0.0,0.0,840.0,0.0,0.0,0.6310463547706604,0.022082833603696193
0.6147752203620397,1.499554235994598,0.0,0.0,840.0,0.0,0.0,0.6310463547706604,0.022082833603696193
0.6318878861000905,1.499554235994598,0.0,0.0,840.0,0.0,0.0,0.6310463547706604,0.022082833603696193
0.6490005518381412,1.499554235994598,0.0,0.0,840.0,0.0,0.0,0.6310463547706604,0.022082833603696193
0.666113217576192,1.499554235994598,0.0,0.0,840.0,0.0,0.0,0.6310463547706604,0.022082833603696193
0.6832258833142427,1.499554235994598,0.0,0.0,840.0,0.0,0.0,0.6310463547706604,0.022082833603696193
0.7003385490522935,1.499554235994598,0.0,0.0,840.0,0.0,0.0,0.6310463547706604,0.022082833603696193
0.7174512147903442,1.499554235994598,0.0,0.0,840.0,0.0,0.0,0.6310463547706604,0.022082833603696193
0.05005725100636482,1.5292775157956773,386.3,183.64080136244965,453.7,0.17792179584503173,0.1860403333578565,0.4004476308822632,0.1601732009269631
0.06716991674441558,1.5292775157956773,383.4,185.56988733087022,456.6,0.17823160886764527,0.1856375523774924,0.40232658982276914,0.16145809566742142
0.08428258248246634,1.5292775157956773,370.9,189.75094203659003,469.1,0.17514641284942628,0.19429366770126602,0.4231486737728119,0.1653845360849053
0.10139524822051708,1.5292775157956773,360.6,191.93179689362069,479.4,0.1805221915245056,0.19348495815548256,0.43790534138679504,0.17004310228705033
0.11850791395856784,1.5292775157956773,353.9,192.17523281396652,486.1,0.18268555998802186,0.19307963848575654,0.4391536176204681,0.1802833970858797
0.13562057969661862,1.5292775157956773,344.5,189.6708577689216,495.5,0.19217076301574706,0.19136450691179077,0.35915176272392274,0.32574276964756804
0.15273324543466935,1.5292775157956773,323.4,180.3103717341755,516.6,0.17399548292160033,0.20745654809320813,0.4239134192466736,0.2383463972499479
0.1698459111727201,1.5292775157956773,316.5,181.6284312782891,523.5,0.18127087354660035,0.20697104811802408,0.4260946214199066,0.23674712055221073
0.18695857691077086,1.5292775157956773,298.2,184.6885967879822,541.8,0.22602953314781188,0.1705969411368785,0.441323322057724,0.22679912788123288
0.20407124264882162,1.5292775157956773,273.9,188.20593225350936,566.1,0.22854041457176208,0.17451028514369285,0.45994815826416013,0.22760025631220046
0.22118390838687238,1.5292775157956773,193.7,178.24626178634725,646.3,0.14209693670272827,0.19741537715070023,0.4909750521183014,0.23380440111087814
0.23829657412492314,1.5292775157956773,166.0,155.80809884186868,674.0,0.1222959280014038,0.1864961562775926,0.5040527224540711,0.22615918529532883
0.25540923986297387,1.5292775157956773,162.8,154.7398545818376,677.2,0.14203794598579406,0.1682610416901632,0.5051154315471649,0.22587771148341776
0.2725219056010246,1.5292775157956773,161.0,152.92286530336426,679.0,0.14483689665794372,0.16861720546640854,0.5057451248168945,0.2245967917465648
0.2896345713390754,1.5292775157956773,157.0,151.78720569797466,683.0,0.14350696802139282,0.17742600828335528,0.5080082714557648,0.22202388623921737
0.30674723707712614,1.5292775157956773,151.9,151.58908151909668,688.1,0.11575610041618348,0.16908584806258892,0.5097492933273315,0.22166068944462475
0.3238599028151769,1.5292775157956773,148.9,150.0785714223746,691.1,0.10945515036582946,0.17399317730674535,0.5110091745853425,0.21931001315818727
0.34097256855322766,1.5292775157956773,145.0,148.89928651474992,695.0,-0.2724790573120117,0.9151144638246166,0.5089952528476716,0.21909633076435076
0.3580852342912784,1.5292775157956773,139.5,146.36125764709269,700.5,-0.26794739365577697,0.880664876390658,0.5156062245368958,0.20956252312544688
0.3751979000293292,1.5292775157956773,137.1,146.01828763980734,702.9,0.09945985674858093,0.17813253960343473,0.5161420464515686,0.20859121450364418
0.39231056576737994,1.5292775157956773,134.9,144.69455838782164,705.1,0.11066522002220154,0.1824960889629181,0.516764372587204,0.20701959315740986
0.4094232315054307,1.5292775157956773,130.3,142.35704280289391,709.7,0.11140997409820556,0.18832384164764332,0.5156057834625244,0.2041403915697124
0.42653589724348145,1.5292775157956773,127.3,139.11727056457295,712.7,0.10792434811592103,0.1879645834344509,0.5308952331542969,0.1827222867314412
0.4436485629815322,1.5292775157956773,119.9,132.9218986782714,720.1,0.10326383113861085,0.18250303089047568,0.5615462064743042,0.1465814418692551
0.4607612287195829,1.5292775157956773,115.4,129.8767188948074,724.6,0.06990106701850891,0.17831908267718863,0.5699286758899689,0.1411439165193864
0.4778738944576337,1.5292775157956773,106.9,121.64127154756902,733.1,0.05134044885635376,0.17761655511875737,0.6057476937770844,0.07829580458506925
0.49498656019568443,1.5292775157956773,94.9,110.39154407238915,745.1,0.05617458820343017,0.16165359708750482,0.6319013833999634,0.03816065939288725
0.5120992259337351,1.5292775157956773,84.7,99.87141349433011,755.3,0.0625833511352539,0.14531544326824772,0.6371137022972106,0.02990071844779573
0.529211891671786,1.5292775157956773,71.9,88.22957511714644,768.1,-0.04462602734565735,0.2684297155568441,0.6428643107414246,0.026710547689763456
0.5463245574098368,1.5292775157956773,56.8,71.93975935451667,783.2,0.04006877541542053,0.08830978089625505,0.6440605223178864,0.025758711356486424
0.5634372231478875,1.5292775157956773,36.2,43.89828517483203,803.8,0.02885405421257019,0.04381635970061378,0.6404865205287933,0.024097606680891764
0.5805498888859383,1.5292775157956773,5.4,12.215648679412135,834.6,0.011362951993942261,0.025704783244263753,0.6328007936477661,0.023669365255606672
0.597662554623989,1.5292775157956773,1.2,2.714588595424919,838.8,-0.14839396476745606,0.3356904703230195,0.6325069546699524,0.023364191112833943
0.6147752203620397,1.5292775157956773,0.0,0.0,840.0,0.0,0.0,0.6310463547706604,0.022082833603696193
0.6318878861000905,1.5292775157956773,0.0,0.0,840.0,0.0,0.0,0.6310463547706604,0.022082833603696193
0.6490005518381412,1.5292775157956773,0.0,0.0,840.0,0.0,0.0,0.6310463547706604,0.022082833603696193
0.666113217576192,1.5292775157956773,0.0,0.0,840.0,0.0,0.0,0.6310463547706604,0.022082833603696193
0.6832258833142427,1.5292775157956773,0.0,0.0,840.0,0.0,0.0,0.6310463547706604,0.022082833603696193
0.7003385490522935,1.5292775157956773,0.0,0.0,840.0,0.0,0.0,0.6310463547706604,0.022082833603696193
0.7174512147903442,1.5292775157956773,0.0,0.0,840.0,0.0,0.0,0.6310463547706604,0.022082833603696193
0.05005725100636482,1.5590007955967569,446.2,189.24966408247582,393.8,0.2520842432975769,0.20038569799897082,0.3863654136657715,0.15880352954270013
0.06716991674441558,1.5590007955967569,443.3,191.61895536525998,396.7,0.25236799716949465,0.19996781168323047,0.38828988671302794,0.16022300437838113
0.08428258248246634,1.5590007955967569,430.8,195.4976759712637,409.2,0.24849891066551208,0.2088330861235533,0.42313973903656005,0.16516809326153517
0.10139524822051708,1.5590007955967569,420.5,196.88371376232544,419.5,0.2539560317993164,0.20710059006330497,0.4557347297668457,0.17657155682818737
0.11850791395856784,1.5590007955967569,413.8,197.06775051670064,426.2,0.25557732582092285,0.2066614155444673,0.4609963119029999,0.1899106476682681
0.13562057969661862,1.5590007955967569,404.4,194.61950428668118,435.6,0.2641786277294159,0.204834864044673,0.3810292065143585,0.3336780085268772
0.15273324543466935,1.5590007955967569,383.3,186.68943773963346,456.7,0.2461492359638214,0.22168579354505277,0.4489315390586853,0.2487257318138726
0.1698459111727201,1.5590007955967569,376.4,187.56519234995824,463.6,0.25199284553527834,0.2209053585741183,0.4513151526451111,0.24726042046123756
0.18695857691077086,1.5590007955967569,358.1,192.9765619832588,481.9,0.2956614553928375,0.17785484417071068,0.467087459564209,0.2375478338002866
0.20407124264882162,1.5590007955967569,333.8,197.4842329140691,506.2,0.2924021124839783,0.18150185061619936,0.4872626006603241,0.23788529628163144
0.22118390838687238,1.5590007955967569,253.6,185.85095406425194,586.4,0.22159717082977295,0.1817817967432112,0.5141504108905792,0.24258203657430116
0.23829657412492314,1.5590007955967569,225.9,160.78067969855067,614.1,0.1991329610347748,0.1672109966705733,0.5262443542480468,0.23584345150248293
0.25540923986297387,1.5590007955967569,222.2,159.89815562835346,617.8,0.21906811594963074,0.16150355859502796,0.5272931754589081,0.23563323716357806
0.2725219056010246,1.5590007955967569,220.4,158.38841234188672,619.6,0.22075350284576417,0.16136444886450427,0.5279084861278533,0.23435654297504604
0.2896345713390754,1.5590007955967569,215.6,157.0679358264637,624.4,0.1936080813407898,0.16992009900755128,0.5302431523799896,0.23189754011939664
0.30674723707712614,1.5590007955967569,210.4,157.07879562438006,629.6,-0.41404537558555604,1.391727958777751,0.5320545792579651,0.23150959448371158
0.3238599028151769,1.5590007955967569,207.1,155.7586243332253,632.9,0.17156466841697693,0.16933529328097102,0.5333125412464141,0.22923534266645734
0.34097256855322766,1.5590007955967569,203.1,155.0623803375058,636.9,0.1816007077693939,0.15463950160454984,0.5312637031078339,0.2290296399782304
0.3580852342912784,1.5590007955967569,197.6,152.56035910338423,642.4,0.1603256106376648,0.17226260227077567,0.537718653678894,0.21949955733573098
0.3751979000293292,1.5590007955967569,195.2,152.24644495883265,644.8,0.14206819534301757,0.1955839220911627,0.5381882667541504,0.2185040571185107
0.39231056576737994,1.5590007955967569,193.0,150.87983439485438,647.0,0.14807562232017518,0.19839820819398007,0.5387569725513458,0.21695856042274744
0.4094232315054307,1.5590007955967569,188.4,148.01232064556623,651.6,0.1501232385635376,0.20112976862345877,0.5369652271270752,0.21347102102985116
0.42653589724348145,1.5590007955967569,185.3,145.36833459034858,654.7,0.14082184433937073,0.20826261685422395,0.5522630691528321,0.19215690323930068
0.4436485629815322,1.5590007955967569,177.1,140.73593441812824,662.9,0.13351221084594728,0.20403682225917683,0.5810518562793732,0.15537325238734162
0.4607612287195829,1.5590007955967569,172.2,138.06606556250387,667.8,0.17324315309524535,0.15131462435160065,0.5893519043922424,0.14950649633349813
0.4778738944576337,1.5590007955967569,163.6,131.0182894621775,676.4,0.16374263167381287,0.144750068727064,0.6248650312423706,0.08795144664895599
0.49498656019568443,1.5590007955967569,151.4,121.85691893471473,688.6,0.15862007737159728,0.13410085917720105,0.6507859468460083,0.049340082041941805
0.5120992259337351,1.5590007955967569,140.7,113.20586762490683,699.3,0.15914047956466676,0.12767068754449662,0.655399638414383,0.03930911452875672
0.529211891671786,1.5590007955967569,127.2,103.77733477587225,712.8,0.13912954926490784,0.10976589190021135,0.6608913481235504,0.0343405440271304
0.5463245574098368,1.5590007955967569,109.4,92.46920786408484,730.6,0.03182642459869385,0.18937032754710822,0.6610166430473328,0.0318133012736572
0.5634372231478875,1.5590007955967569,87.0,78.31914948658856,753.0,-0.4931557297706604,1.2917134271165838,0.656806218624115,0.02950417093352286
0.5805498888859383,1.5590007955967569,51.1,70.95584887468114,788.9,0.07211929559707642,0.08972320185928555,0.6458015322685242,0.026402813361441832
0.597662554623989,1.5590007955967569,31.5,44.43697961287142,808.5,0.04792026877403259,0.06242133111746083,0.6423649191856384,0.02595490031342378
0.6147752203620397,1.5590007955967569,4.5,10.179707232843446,835.5,-0.0017931580543518067,0.004056405336781459,0.6329312443733215,0.01968867216165185
0.6318878861000905,1.5590007955967569,0.0,0.0,840.0,0.0,0.0,0.6310463547706604,0.022082833603696193
0.6490005518381412,1.5590007955967569,0.0,0.0,840.0,0.0,0.0,0.6310463547706604,0.022082833603696193
0.666113217576192,1.5590007955967569,0.0,0.0,840.0,0.0,0.0,0.6310463547706604,0.022082833603696193
0.6832258833142427,1.5590007955967569,0.0,0.0,840.0,0.0,0.0,0.6310463547706604,0.022082833603696193
0.7003385490522935,1.5590007955967569,0.0,0.0,840.0,0.0,0.0,0.6310463547706604,0.022082833603696193
0.7174512147903442,1.5590007955967569,0.0,0.0,840.0,0.0,0.0,0.6310463547706604,0.022082833603696193
0.05005725100636482,1.5887240753978364,540.8,211.3329988814875,299.20000000000005,0.31449154019355774,0.22525356671711028,0.1910372257232666,0.3488347132446623
0.06716991674441558,1.5887240753978364,537.9,213.97967427321547,302.1,0.31494180560112,0.22469193269134502,0.19360854029655455,0.3504232919947226
0.08428258248246634,1.5887240753978364,525.4,216.22330921960412,314.6,0.3082574844360352,0.23371813373512668,0.42901933193206787,0.22168949933244803
0.10139524822051708,1.5887240753978364,515.1,216.0868522568808,324.9,0.3118373930454254,0.23170209080768603,0.4399785280227661,0.23601737144852727
0.11850791395856784,1.5887240753978364,508.4,216.15624234499833,331.6,0.3125248968601227,0.23114971549827498,0.4407843351364136,0.23109739010173025
0.13562057969661862,1.5887240753978364,499.0,214.10732978540435,341.0,0.3183839023113251,0.22879909670553142,0.3523878812789917,0.35879501539270237
0.15273324543466935,1.5887240753978364,477.9,208.4232581732743,362.1,0.2999984323978424,0.24535926818739223,0.41476171016693114,0.2809378372265027
0.1698459111727201,1.5887240753978364,471.0,208.54668082064876,369.0,0.30309762954711916,0.24399871491548294,0.4159693896770477,0.2793811679438307
0.18695857691077086,1.5887240753978364,452.7,216.7422689216843,387.3,0.344643634557724,0.19924924662154733,0.4309783399105072,0.2701765411861692
0.20407124264882162,1.5887240753978364,428.4,219.6199294244416,411.6,0.329908287525177,0.20379725185823686,0.44707778096199036,0.27644789031856504
0.22118390838687238,1.5887240753978364,348.2,210.53104851611727,491.8,0.2808403611183167,0.19037510574140915,0.4678114175796509,0.27155187652001483
0.23829657412492314,1.5887240753978364,320.5,184.4469016859605,519.5,0.25995043516159055,0.17434149305821126,0.44505409598350526,0.25467646574383873
0.25540923986297387,1.5887240753978364,316.8,183.41083936563535,523.2,0.2628811299800873,0.17061169841937446,0.4444717466831207,0.25441974192416156
0.2725219056010246,1.5887240753978364,315.0,182.37532933329254,525.0,0.2631176352500916,0.16963352854574512,0.4453000247478485,0.2531603989698718
0.2896345713390754,1.5887240753978364,310.1,180.433392128292,529.9,0.24528052806854247,0.17523652380243426,0.44734938740730285,0.25097471329873483
0.30674723707712614,1.5887240753978364,304.3,180.40836928000328,535.7,-1.6120758593082427,4.223609602871335,0.4487566351890564,0.25125016477758777
0.3238599028151769,1.5887240753978364,300.9,179.2312733716792,539.1,-5.9642538845539095,14.06212598018159,0.44892236590385437,0.2491613562659626
0.34097256855322766,1.5887240753978364,296.7,178.9759028202041,543.3,0.22880424857139586,0.1752518638734682,0.4466561019420624,0.24829087889322154
0.3580852342912784,1.5887240753978364,289.8,177.914438338705,550.2,0.22015464901924134,0.18001393621562828,0.4529323637485504,0.24088067943368838
0.3751979000293292,1.5887240753978364,286.9,177.86638163978165,553.1,0.2082161009311676,0.18821594530714403,0.45267556309700013,0.23972988070685497
0.39231056576737994,1.5887240753978364,284.6,176.69016303257595,555.4,0.2095235049724579,0.18785201083897346,0.4537776827812195,0.23769034815469947
0.4094232315054307,1.5887240753978364,279.8,173.93679204907176,560.2,0.21781108379364014,0.18533371171644522,0.45772773027420044,0.23276327229008095
0.42653589724348145,1.5887240753978364,272.9,175.33021744546213,567.1,0.21092469096183777,0.1858149755064795,0.4738662362098694,0.217032161405534
0.4436485629815322,1.5887240753978364,264.7,172.26724116251881,575.3,0.20786640048027039,0.17861644502745294,0.502762895822525,0.19127241379287316
0.4607612287195829,1.5887240753978364,259.8,170.17671062420743,580.2,0.20496774315834046,0.177375987506319,0.5101411998271942,0.18891174942612235
0.4778738944576337,1.5887240753978364,250.5,164.7490578666926,589.5,0.19901352524757385,0.1718461255175079,0.5554500162601471,0.1394870474587334
0.49498656019568443,1.5887240753978364,237.2,158.88969934674464,602.8,0.1876982867717743,0.16462121314325653,0.5971116542816162,0.09886341606592638
0.5120992259337351,1.5887240753978364,224.4,153.8840435038283,615.6,0.16085661053657532,0.18357825174227302,0.6051352560520172,0.09604600526773027
0.529211891671786,1.5887240753978364,205.2,143.49393056748198,634.8,0.17044200897216796,0.13503215077536085,0.6513314545154572,0.047258946056590256
0.5463245574098368,1.5887240753978364,181.2,129.57542849564854,658.8,0.1651380956172943,0.1394749831142476,0.675238835811615,0.0356076673999526
0.5634372231478875,1.5887240753978364,148.7,113.4552193952892,691.3,0.12674119472503662,0.13181917586046235,0.6774888873100281,0.04011260267299013
0.5805498888859383,1.5887240753978364,102.1,103.64282057322102,737.9,0.050499570369720456,0.09034917611055474,0.6650555372238159,0.03710543330997075
0.597662554623989,1.5887240753978364,71.7,67.832911557975,768.3,0.031241315603256225,0.07045305355032452,0.6548912346363067,0.03386091788251867
0.6147752203620397,1.5887240753978364,33.1,41.243908463434636,806.9,0.002329099178314209,0.045547234516435144,0.644226324558258,0.028684180937475885
0.6318878861000905,1.5887240753978364,9.8,14.783273502773376,830.2,-0.010039794445037841,0.022116037439469133,0.6363578557968139,0.02708603962525369
0.6490005518381412,1.5887240753978364,0.0,0.0,840.0,0.0,0.0,0.6310463547706604,0.022082833603696193
0.666113217576192,1.5887240753978364,0.0,0.0,840.0,0.0,0.0,0.6310463547706604,0.022082833603696193
0.6832258833142427,1.5887240753978364,0.0,0.0,840.0,0.0,0.0,0.6310463547706604,0.022082833603696193
0.7003385490522935,1.5887240753978364,0.0,0.0,840.0,0.0,0.0,0.6310463547706604,0.022082833603696193
0.7174512147903442,1.5887240753978364,0.0,0.0,840.0,0.0,0.0,0.6310463547706604,0.022082833603696193
0.05005725100636482,1.6184473551989158,618.6,214.01494620565236,221.39999999999998,0.3874720871448517,0.23436854917483163,0.21834223866462707,0.2020447519831666
0.06716991674441558,1.6184473551989158,615.7,217.17286077085015,224.29999999999995,0.3879950106143951,0.23374052540775273,0.22099711298942565,0.20465175629696508
0.08428258248246634,1.6184473551989158,603.2,217.37953223834558,236.79999999999995,0.3804381489753723,0.24301654121200567,0.3172304093837738,0.19038645696733666
0.10139524822051708,1.6184473551989158,592.9,214.859272379021,247.10000000000002,0.381718772649765,0.24186846711910123,0.2808907091617584,0.19605444834880859
0.11850791395856784,1.6184473551989158,586.2,214.88344551861627,253.79999999999995,0.38188341856002805,0.24147346842823564,0.2758983910083771,0.199909576115235
0.13562057969661862,1.6184473551989158,576.8,213.314423567853,263.20000000000005,0.38611358404159546,0.23943030911652846,0.18217328190803528,0.3165315483182757
0.15273324543466935,1.6184473551989158,555.7,207.54093052901888,284.29999999999995,0.3688092648983002,0.2543703809552128,0.24165658354759217,0.2511780458892316
0.1698459111727201,1.6184473551989158,548.8,207.63672860390076,291.20000000000005,0.37162871956825255,0.25230357530947467,0.23623230457305908,0.25147185962026275
0.18695857691077086,1.6184473551989158,530.5,217.84552597627334,309.5,0.3956263542175293,0.22497994482878275,0.24614498615264893,0.2481553529013147
0.20407124264882162,1.6184473551989158,506.2,215.41253584056435,333.8,0.38571839928627016,0.22322471199959196,0.2555385649204254,0.25101094707776356
0.22118390838687238,1.6184473551989158,426.0,205.04263736347303,414.0,0.33775936961174013,0.20770276792470346,0.2756169378757477,0.2526153851037428
0.23829657412492314,1.6184473551989158,397.9,184.6521571490201,442.1,0.3318451941013336,0.17837153095619052,0.27937041521072387,0.24883798023560574
0.25540923986297387,1.6184473551989158,394.2,184.32649825172953,445.8,0.33126409649848937,0.1755542405669212,0.27834035754203795,0.24974788413032653
0.2725219056010246,1.6184473551989158,392.4,183.37344814702035,447.6,0.33077527284622193,0.1751901800906341,0.2797175645828247,0.2488851950882354
0.2896345713390754,1.6184473551989158,387.5,181.78426530076283,452.5,0.32422626614570615,0.17699142277600927,0.2850257694721222,0.2461059755663254
0.30674723707712614,1.6184473551989158,381.7,180.13932774025704,458.3,0.31822986602783204,0.1722311199057885,0.2855371952056885,0.2455734575843335
0.3238599028151769,1.6184473551989158,378.3,179.2768233847521,461.7,0.3154512643814087,0.17352945871086292,0.285019850730896,0.2440241567424337
0.34097256855322766,1.6184473551989158,374.1,178.1768351561578,465.9,0.3110948085784912,0.1732525467785276,0.28731382489204405,0.23963432849322322
0.3580852342912784,1.6184473551989158,366.9,177.368910439827,473.1,0.3030611574649811,0.1774323605589747,0.2959712862968445,0.23424503444628209
0.3751979000293292,1.6184473551989158,362.7,178.32407935264027,477.3,0.2909619927406311,0.191782195443185,0.29623379111289977,0.23290792937432617
0.39231056576737994,1.6184473551989158,360.4,177.26204764033182,479.6,0.2915639400482178,0.19245819086783503,0.29940350651741027,0.23119951201466984
0.4094232315054307,1.6184473551989158,353.7,176.90623455115426,486.3,0.288149493932724,0.2010363836593085,0.30765491127967837,0.22659720893687368
0.42653589724348145,1.6184473551989158,346.7,179.54969078918265,493.3,0.2263067364692688,0.27608173923911017,0.32354435324668884,0.21726987112931934
0.4436485629815322,1.6184473551989158,338.1,176.7294991231183,501.9,0.2765067756175995,0.1921268079454475,0.3516179442405701,0.20280557124059675
0.4607612287195829,1.6184473551989158,332.6,175.46402100428782,507.4,0.2921619117259979,0.16887081790839809,0.3631181061267853,0.20167076597529526
0.4778738944576337,1.6184473551989158,323.3,171.51005680497948,516.7,0.2857145369052887,0.16406659440774787,0.4104732573032379,0.17749075799024785
0.49498656019568443,1.6184473551989158,310.0,166.53328497214818,530.0,0.2749399423599243,0.15712915264220484,0.45894954800605775,0.1658548291853732
0.5120992259337351,1.6184473551989158,296.9,162.4542651038789,543.1,0.26516708731651306,0.15844748848121978,0.477111405134201,0.15947702263096247
0.529211891671786,1.6184473551989158,276.0,153.62695530353102,564.0,0.24237090945243836,0.13286239316831006,0.581343537569046,0.10037809126753378
0.5463245574098368,1.6184473551989158,250.0,142.57972209258978,590.0,0.20844244956970215,0.11543607153566728,0.6249329447746277,0.09610474799017152
0.5634372231478875,1.6184473551989158,214.0,132.6947960710572,626.0,0.157537579536438,0.09310532358949201,0.66672283411026,0.039420857766283554
0.5805498888859383,1.6184473551989158,162.2,127.9721765793427,677.8,0.11370079517364502,0.09370230095584206,0.6694822013378143,0.03525552018555121
0.597662554623989,1.6184473551989158,120.7,95.7017255835134,719.3,0.08994500041007995,0.08047152497849744,0.6591389894485473,0.03358524197649915
0.6147752203620397,1.6184473551989158,71.6,74.85062958349084,768.4,0.05142868161201477,0.06256007485634643,0.6503092110157013,0.030580030601290126
0.6318878861000905,1.6184473551989158,35.6,45.66619951125988,804.4,0.013760673999786376,0.026052646859491817,0.642344868183136,0.02935928272590026
0.6490005518381412,1.6184473551989158,0.0,0.0,840.0,0.0,0.0,0.6310463547706604,0.022082833603696193
0.666113217576192,1.6184473551989158,0.0,0.0,840.0,0.0,0.0,0.6310463547706604,0.022082833603696193
0.6832258833142427,1.6184473551989158,0.0,0.0,840.0,0.0,0.0,0.6310463547706604,0.022082833603696193
0.7003385490522935,1.6184473551989158,0.0,0.0,840.0,0.0,0.0,0.6310463547706604,0.022082833603696193
0.7174512147903442,1.6184473551989158,0.0,0.0,840.0,0.0,0.0,0.6310463547706604,0.022082833603696193
0.05005725100636482,1.6481706349999956,668.6,200.00198734767133,171.39999999999998,0.437844580411911,0.2270494223189588,-0.4008849084377289,1.3073307372896221
0.06716991674441558,1.6481706349999956,665.7,203.4002468977309,174.29999999999995,0.4392859101295471,0.22554263386815224,-0.39675288200378417,1.308989288959218
0.08428258248246634,1.6481706349999956,653.2,203.004235478922,186.79999999999995,0.4297154903411865,0.2387121034705573,0.2602758169174194,0.20468886921082594
0.10139524822051708,1.6481706349999956,642.9,200.45839919250082,197.10000000000002,0.4300579488277435,0.23813841182997267,0.23401952385902405,0.20346055837291985
0.11850791395856784,1.6481706349999956,636.2,200.28823781759516,203.79999999999995,0.4296989917755127,0.2383036694140134,0.2214115798473358,0.20011586683136443
0.13562057969661862,1.6481706349999956,626.8,199.4011092347203,213.20000000000005,0.4341180264949799,0.23506987678785762,0.13364672064781188,0.30965698029566874
0.15273324543466935,1.6481706349999956,605.7,191.18493820203852,234.29999999999995,0.4172348499298096,0.2517271777206276,0.18837624192237853,0.2387510149587004
0.1698459111727201,1.6481706349999956,598.8,191.3459899342598,241.20000000000005,0.42083030939102173,0.2493252552313258,0.18549901247024536,0.2395972866367614
0.18695857691077086,1.6481706349999956,580.5,203.69026364688463,259.5,0.4378777265548706,0.22959487659668465,0.1986649751663208,0.23420162371049608
0.20407124264882162,1.6481706349999956,556.2,201.94074815871872,283.79999999999995,0.4289607286453247,0.22811221751318128,0.21491430401802064,0.23220514949105697
0.22118390838687238,1.6481706349999956,476.0,191.55572615347222,364.0,0.37769158482551574,0.21421869842837246,0.22967176437377929,0.2306300259091999
0.23829657412492314,1.6481706349999956,447.9,174.1852691422839,392.1,-0.0034807562828063966,0.9771854483414223,0.2335304319858551,0.2268469172901727
0.25540923986297387,1.6481706349999956,444.0,174.41282256496055,396.0,0.0454272210597992,0.8621036656350964,0.2326810359954834,0.22792781280703836
0.2725219056010246,1.6481706349999956,442.2,173.69766561138238,397.8,0.044936579465866086,0.8619372556051526,0.23466358780860902,0.22671180600272262
0.2896345713390754,1.6481706349999956,436.5,173.77177764683717,403.5,0.37371295094490053,0.16920931881784182,0.24141539335250856,0.22419559440292486
0.30674723707712614,1.6481706349999956,430.7,172.24314468418663,409.3,0.3685266852378845,0.1643412287060494,0.24155384302139282,0.2232907480951944
0.3238599028151769,1.6481706349999956,427.3,171.11708356699037,412.7,0.36631340384483335,0.166144119518529,0.23725535869598388,0.2207836619083377
0.34097256855322766,1.6481706349999956,423.1,169.57343954182687,416.9,0.3629080832004547,0.16875275981112617,0.23619880080223082,0.21704178131615326
0.3580852342912784,1.6481706349999956,415.9,168.84896574345527,424.1,0.3567530274391174,0.17053491776939175,0.24430108070373535,0.2119765008261372
0.3751979000293292,1.6481706349999956,411.7,169.6634796343085,428.3,0.3582215428352356,0.16891185349764762,0.24454785585403443,0.20992919789477307
0.39231056576737994,1.6481706349999956,409.4,168.8939997423593,430.6,0.35873653888702395,0.16959917819672227,0.24892839193344116,0.20757427353104793
0.4094232315054307,1.6481706349999956,402.7,169.1590277331887,437.3,0.3579942166805267,0.1724151790053664,0.2574173331260681,0.2035141611450404
0.42653589724348145,1.6481706349999956,395.7,171.75520849666137,444.3,0.3402356028556824,0.18307508434586586,0.2734484553337097,0.1956304033313024
0.4436485629815322,1.6481706349999956,387.1,169.2152866154452,452.9,0.33646938800811765,0.17933836795944677,0.30074766278266907,0.18700286180540635
0.4607612287195829,1.6481706349999956,381.2,168.59667109048905,458.8,0.33658020496368407,0.17566873045466666,0.31265021562576295,0.1867435773714368
0.4778738944576337,1.6481706349999956,370.7,167.22054871900423,469.3,0.3258349120616913,0.1780557931388575,0.36043572425842285,0.16858812605371756
0.49498656019568443,1.6481706349999956,357.2,163.71093833476849,482.8,0.3153375029563904,0.17271191165770702,0.4092395961284637,0.1646747183263043
0.5120992259337351,1.6481706349999956,343.4,160.1906876147551,496.6,0.3133566677570343,0.1617211360863188,0.43373134136199953,0.15294520688181756
0.529211891671786,1.6481706349999956,321.6,154.35995710006017,518.4,0.2886615753173828,0.15119353104688066,0.5374583542346955,0.12167044934591026
0.5463245574098368,1.6481706349999956,292.2,149.9725844334483,547.8,0.2342018961906433,0.1666833925844575,0.5930891752243042,0.11253738965463304
0.5634372231478875,1.6481706349999956,254.2,145.57890923198366,585.8,0.23067630529403688,0.12117850076921409,0.6455406069755554,0.058150683567900714
0.5805498888859383,1.6481706349999956,198.0,146.35494459114804,642.0,-3.3086035192012786,7.881119845608801,0.6573076188564301,0.041119500841562476
0.597662554623989,1.6481706349999956,152.0,121.57794086540031,688.0,0.12888904213905333,0.12552767354747826,0.6550094425678253,0.031926455801684
0.6147752203620397,1.6481706349999956,97.8,104.30744289751485,742.2,0.0814939022064209,0.10685829517078455,0.651970911026001,0.031152429109577755
0.6318878861000905,1.6481706349999956,53.0,77.21437538641149,787.0,-0.059574836492538454,0.2480369477644794,0.6435708701610565,0.03029245342113455
0.6490005518381412,1.6481706349999956,0.0,0.0,840.0,0.0,0.0,0.6310463547706604,0.022082833603696193
0.666113217576192,1.6481706349999956,0.0,0.0,840.0,0.0,0.0,0.6310463547706604,0.022082833603696193
0.6832258833142427,1.6481706349999956,0.0,0.0,840.0,0.0,0.0,0.6310463547706604,0.022082833603696193
0.7003385490522935,1.6481706349999956,0.0,0.0,840.0,0.0,0.0,0.6310463547706604,0.022082833603696193
0.7174512147903442,1.6481706349999956,0.0,0.0,840.0,0.0,0.0,0.6310463547706604,0.022082833603696193
0.05005725100636482,1.677893914801075,743.8,151.05225912086954,96.20000000000005,0.5062808394432068,0.18648941440543304,0.10693964958190919,0.14652773218360016
0.06716991674441558,1.677893914801075,740.9,154.46830798540842,99.10000000000002,0.507017582654953,0.1859344775413711,0.16869785785675048,0.20032160901451368
0.08428258248246634,1.677893914801075,728.4,154.05317960817257,111.60000000000002,0.4977093398571014,0.20018694970352036,0.21797701120376586,0.23387754004908462
0.10139524822051708,1.677893914801075,718.1,151.48064181476852,121.89999999999998,0.4971847772598267,0.20003720551934057,0.20483500957489015,0.24605565393022136
0.11850791395856784,1.677893914801075,711.4,150.56944056906158,128.60000000000002,0.4963463008403778,0.20011313888688678,0.20098328590393066,0.24875757377353194
0.13562057969661862,1.677893914801075,702.0,151.29831445110838,138.0,0.5004023909568787,0.1959575345217303,0.11499894261360169,0.34082976645326996
0.15273324543466935,1.677893914801075,680.9,144.7417061773325,159.10000000000002,0.4850356876850128,0.21359020042428012,0.18360911607742308,0.2728209099819326
0.1698459111727201,1.677893914801075,674.0,143.7426394147418,166.0,0.4863582670688629,0.21357236699128213,0.1788635730743408,0.27013682704952446
0.18695857691077086,1.677893914801075,655.7,163.53797020225792,184.29999999999995,0.5184360980987549,0.15725920977456612,0.19366524815559388,0.26626081253569983
0.20407124264882162,1.677893914801075,631.4,159.89118575123615,208.60000000000002,0.5069955825805664,0.15671281786429325,0.21144248247146608,0.26691256850616
0.22118390838687238,1.677893914801075,551.2,145.717887637061,288.79999999999995,0.4504802763462067,0.14603797313984115,0.2271382987499237,0.2628925504264812
0.23829657412492314,1.677893914801075,523.1,131.45166261405592,316.9,0.4249368071556091,0.14833231332145427,0.23100181818008422,0.25960555705637794
0.25540923986297387,1.677893914801075,519.2,131.0884020960691,320.79999999999995,0.4245666146278381,0.14189212325149655,0.22996179461479188,0.2604514495879146
0.2725219056010246,1.677893914801075,517.4,130.7254587567158,322.6,0.42407597303390504,0.14162633510195247,0.23194434642791747,0.2593997751652516
0.2896345713390754,1.677893914801075,511.7,131.24283431137818,328.3,0.4218159019947052,0.13808484141013777,0.23864352703094482,0.2573217979365275
0.30674723707712614,1.677893914801075,505.8,130.0528561029873,334.2,0.41445974707603456,0.1360912662584878,0.23819040060043334,0.2559428335222275
0.3238599028151769,1.677893914801075,502.4,129.01446319151995,337.6,0.4127866208553314,0.1370165164081271,0.23731319904327391,0.25598522655174605
0.34097256855322766,1.677893914801075,498.0,128.29664575402205,342.0,0.40537235140800476,0.1476467846039017,0.24310394525527954,0.25405417528502894
0.3580852342912784,1.677893914801075,490.8,126.8892507814039,349.2,0.3996326744556427,0.14743131494079378,0.250576514005661,0.2496472061205328
0.3751979000293292,1.677893914801075,486.0,127.7249895591724,354.0,0.40950689315795896,0.12890394414277942,0.2502229452133179,0.24679934163233955
0.39231056576737994,1.677893914801075,483.7,127.2969300620106,356.3,0.40998715758323667,0.12959087832215477,0.25458120703697207,0.24472796310653167
0.4094232315054307,1.677893914801075,477.0,126.46832127079192,363.0,0.40788472890853883,0.13308068691902822,0.26272444128990174,0.24090095775191897
0.42653589724348145,1.677893914801075,470.0,125.6813296751357,370.0,0.39724456071853637,0.13275907461436315,0.2774263620376587,0.23295378250157694
0.4436485629815322,1.677893914801075,461.4,124.43747099213964,378.6,0.3927795171737671,0.13022845176113754,0.31008967757225037,0.2240772407829202
0.4607612287195829,1.677893914801075,455.5,123.89622275959834,384.5,0.3904903829097748,0.1291338488059125,0.3213557302951813,0.2225569891649506
0.4778738944576337,1.677893914801075,445.0,123.62136393825487,395.0,0.3818472266197205,0.12836054550404583,0.3692666947841644,0.2062771365961267
0.49498656019568443,1.677893914801075,431.5,123.1915996490588,408.5,0.37114869952201845,0.12375625455545872,0.41885536909103394,0.20129750995369736
0.5120992259337351,1.677893914801075,417.3,121.77890031241964,422.7,0.36504769921302793,0.1184262396263468,0.4603854179382324,0.17639065883849112
0.529211891671786,1.677893914801075,395.5,120.21177329163581,444.5,0.338259345293045,0.11377223005186161,0.5636742174625397,0.13852546455435844
0.5463245574098368,1.677893914801075,366.1,119.69851922229849,473.9,0.296941751241684,0.11619803499792197,0.6187812149524688,0.12395297933228011
0.5634372231478875,1.677893914801075,328.1,126.0645926301888,511.9,0.24964803457260132,0.11514849539640076,0.6706648409366608,0.06548045170026898
0.5805498888859383,1.677893914801075,271.9,140.19837518200606,568.1,0.2042955219745636,0.12677357193542677,0.6817832589149475,0.04680150172937776
0.597662554623989,1.677893914801075,225.6,126.92616912804053,614.4,0.17726211547851561,0.11989076162482819,0.6791495442390442,0.038921964783340764
0.6147752203620397,1.677893914801075,167.1,125.35038577117349,672.9,0.12692199349403382,0.11052557885939562,0.6741310000419617,0.03746851133255246
0.6318878861000905,1.677893914801075,120.4,111.84312843350219,719.6,0.07100199460983277,0.09758062466463062,0.6643563568592071,0.03720812735662434
0.6490005518381412,1.677893914801075,52.4,80.28388369963203,787.6,0.02395945191383362,0.04536173627408248,0.6482931494712829,0.031629503565387684
0.666113217576192,1.677893914801075,15.6,35.28965174052395,824.4,0.02717674970626831,0.06147807901112789,0.6332132458686829,0.022040957627091146
0.6832258833142427,1.677893914801075,0.0,0.0,840.0,0.0,0.0,0.6310463547706604,0.022082833603696193
0.7003385490522935,1.677893914801075,0.0,0.0,840.0,0.0,0.0,0.6310463547706604,0.022082833603696193
0.7174512147903442,1.677893914801075,0.0,0.0,840.0,0.0,0.0,0.6310463547706604,0.022082833603696193
0.05005725100636482,1.7076171946021543,775.7,145.70822980237227,64.29999999999995,0.5507283926010131,0.17371083412007063,0.05447791218757629,0.12323759927246238
0.06716991674441558,1.7076171946021543,772.8,149.03013251697104,67.20000000000005,0.5511220872402192,0.1738378547686583,0.05353808403015137,0.13025631003521024
0.08428258248246634,1.7076171946021543,760.3,148.85232874722223,79.70000000000005,0.5458893358707428,0.18055609778380702,-0.20603960156440734,0.647418417898939
0.10139524822051708,1.7076171946021543,750.0,146.71270812333012,90.0,0.5453020572662354,0.18045509584954098,0.015597158670425415,0.17155718707367065
0.11850791395856784,1.7076171946021543,743.3,145.95581453836138,96.70000000000005,0.5445991396903992,0.18044537419704518,0.012753552198410035,0.167590259353857
0.13562057969661862,1.7076171946021543,733.9,147.4720787665149,106.10000000000002,0.5477775275707245,0.17793295337242862,-0.07368595600128174,0.24781543997761815
0.15273324543466935,1.7076171946021543,712.8,142.89473796371126,127.20000000000005,0.5378837943077087,0.18519043322063838,0.002329307794570923,0.17435225339951418
0.1698459111727201,1.7076171946021543,705.9,141.72271697631206,134.10000000000002,0.5388267457485199,0.1856345157961111,0.018171310424804688,0.16750194586282977
0.18695857691077086,1.7076171946021543,687.6,162.70528591032658,152.39999999999998,0.5591949105262757,0.15063839829119066,0.03415273427963257,0.168938558134985
0.20407124264882162,1.7076171946021543,663.3,159.0864872910614,176.70000000000005,0.5494084298610687,0.14859409350259362,0.04730833768844604,0.16310120918136276
0.22118390838687238,1.7076171946021543,583.1,144.2139533028881,256.9,0.4983434736728668,0.13661349940646084,0.0654349148273468,0.15752503440713092
0.23829657412492314,1.7076171946021543,555.0,133.6162958166101,285.0,0.47841132879257203,0.13142967076039008,0.06930971741676331,0.15431937793549902
0.25540923986297387,1.7076171946021543,551.1,133.05999543607402,288.9,0.4747897326946259,0.13181332181143862,0.06810216903686524,0.15457538570580637
0.2725219056010246,1.7076171946021543,549.3,132.94824646710072,290.70000000000005,0.47429909110069274,0.13163365103863445,0.07008472084999084,0.15398621471958282
0.2896345713390754,1.7076171946021543,543.6,133.3586789682472,296.4,0.46941705942153933,0.13391200956463153,0.07717093825340271,0.15343716855300424
0.30674723707712614,1.7076171946021543,537.7,132.37219459462523,302.29999999999995,0.46240937113761904,0.13237660771756005,0.07799637913703919,0.1531460229304712
0.3238599028151769,1.7076171946021543,534.3,131.61532440277378,305.70000000000005,0.46104087829589846,0.13302686682514164,0.07693848609924317,0.15232909418462032
0.34097256855322766,1.7076171946021543,529.9,131.28242637437688,310.1,0.4595427393913269,0.13270482175474577,0.08271023035049438,0.15212017089690794
0.3580852342912784,1.7076171946021543,522.7,130.09274476062853,317.29999999999995,0.4545859694480896,0.13194644569282538,0.0898602545261383,0.1485839368512788
0.3751979000293292,1.7076171946021543,517.9,130.1427358442603,322.1,0.45423896312713624,0.13285775861615443,0.09773611426353454,0.14714698120848102
0.39231056576737994,1.7076171946021543,514.8,131.73655615310858,325.20000000000005,0.4351059079170227,0.17606397489870737,0.1017825722694397,0.1455529198830924
0.4094232315054307,1.7076171946021543,508.0,130.25259194213203,332.0,0.4348836481571198,0.1746918017342001,0.10889080166816711,0.14425986830628362
0.42653589724348145,1.7076171946021543,500.8,129.29472235328362,339.2,-116.0043396472931,263.5518199275708,0.12387163639068603,0.13919148685251026
0.4436485629815322,1.7076171946021543,492.1,129.20658507456798,347.9,-2344358.7543159304,5303309.068605951,0.15668575763702391,0.146116458880708
0.4607612287195829,1.7076171946021543,486.2,128.88023761925962,353.8,-2344358.756467521,5303309.068065147,0.17110942602157592,0.15223759818115248
0.4778738944576337,1.7076171946021543,475.7,128.93195570386564,364.3,-2344358.7642870424,5303309.066099704,0.22009003162384033,0.15528786151841972
0.49498656019568443,1.7076171946021543,461.3,131.94367653338088,378.7,0.42508848309516906,0.11440661117615025,0.270183140039444,0.17518724734772584
0.5120992259337351,1.7076171946021543,447.1,131.87703674121687,392.9,0.4183247804641724,0.1133624673488131,0.3125276923179626,0.17083956765659006
0.529211891671786,1.7076171946021543,425.3,132.6339567840625,414.7,0.3914464235305786,0.11637976416715794,0.41791908740997313,0.18585858702903268
0.5463245574098368,1.7076171946021543,395.9,133.95139511710167,444.1,0.352268123626709,0.1230351282904102,0.476327645778656,0.1956482218934418
0.5634372231478875,1.7076171946021543,357.9,143.59242437962413,482.1,0.30336201190948486,0.13809196961798054,0.5302468001842499,0.18981250099185576
0.5805498888859383,1.7076171946021543,300.9,160.1492419749829,539.1,0.25826036334037783,0.15412202201420264,0.5775627553462982,0.13819250341290565
0.597662554623989,1.7076171946021543,250.4,148.32584227443522,589.6,0.22585974931716918,0.14705475201020124,0.6268302202224731,0.08478264302255213
0.6147752203620397,1.7076171946021543,186.2,143.36152190698428,653.8,0.16799127459526061,0.13671299768634876,0.659513533115387,0.02947546291289794
0.6318878861000905,1.7076171946021543,131.5,123.90723655263932,708.5,0.09275550842285156,0.10534952925246496,0.664030933380127,0.036900158443947485
0.6490005518381412,1.7076171946021543,60.3,90.94262567987506,779.7,0.03864169716835022,0.05833676636171297,0.6486368417739868,0.03191927894709585
0.666113217576192,1.7076171946021543,16.2,36.64694603823641,823.8,0.02728654146194458,0.06172644521765328,0.6332613348960876,0.02205238963478461
0.6832258833142427,1.7076171946021543,0.0,0.0,840.0,0.0,0.0,0.6310463547706604,0.022082833603696193
0.7003385490522935,1.7076171946021543,0.0,0.0,840.0,0.0,0.0,0.6310463547706604,0.022082833603696193
0.7174512147903442,1.7076171946021543,0.0,0.0,840.0,0.0,0.0,0.6310463547706604,0.022082833603696193
0.05005725100636482,1.7373404744032341,789.0,115.62158466713461,51.0,0.582510906457901,0.10263435589767088,0.04409556388854981,0.0997510957005735
0.06716991674441558,1.7373404744032341,786.1,118.95087385969074,53.89999999999998,0.5817524373531342,0.1053147486281239,0.04654778242111206,0.11447679497369419
0.08428258248246634,1.7373404744032341,773.6,118.82353600217343,66.39999999999998,0.5811587035655975,0.10165630696943245,-0.21188752651214598,0.6435279497400445
0.10139524822051708,1.7373404744032341,763.3,116.80076762790016,76.70000000000005,0.58057142496109,0.10159279734273663,0.009749233722686768,0.16088322436623587
0.11850791395856784,1.7373404744032341,756.6,116.08988548260304,83.39999999999998,0.5797138750553131,0.10191513936267331,0.007308775186538696,0.1572569745945149
0.13562057969661862,1.7373404744032341,747.2,117.56680309828116,92.79999999999995,0.5803742647171021,0.10516382241748382,-0.07727855443954468,0.24234407633739258
0.15273324543466935,1.7373404744032341,726.1,113.05629434097489,113.89999999999998,0.5757414162158966,0.10070163036986406,-0.0013497114181518556,0.16730079692566582
0.1698459111727201,1.7373404744032341,719.2,111.90289867679851,120.79999999999995,0.5766026556491852,0.10149759815947272,0.014657366275787353,0.16065086123053962
0.18695857691077086,1.7373404744032341,700.9,132.8307532203941,139.10000000000002,0.5766412675380707,0.11180101653627798,0.034872311353683474,0.17044831908439434
0.20407124264882162,1.7373404744032341,676.6,129.7961394447477,163.39999999999998,0.5668547868728637,0.10991772798477677,0.048027914762496945,0.16463180833185742
0.22118390838687238,1.7373404744032341,596.4,116.40097420460083,243.60000000000002,0.5157898306846619,0.09837718336021477,0.0661544919013977,0.15906266513603454
0.23829657412492314,1.7373404744032341,568.3,104.73461934375977,271.70000000000005,0.49583873748779295,0.09321628986160593,0.07008793950080872,0.15600848975176654
0.25540923986297387,1.7373404744032341,564.4,104.16201398899616,275.6,0.49180102348327637,0.09467466904577508,0.06892710328102111,0.15637031257692652
0.2725219056010246,1.7373404744032341,562.6,104.15000403374661,277.4,0.4913103818893433,0.09447460364375408,0.07090965509414673,0.15578196066066574
0.2896345713390754,1.7373404744032341,556.9,104.50711801312049,283.1,0.48512288331985476,0.09980869978801793,0.07815443873405456,0.1555753157104984
0.30674723707712614,1.7373404744032341,551.0,103.60361496480768,289.0,0.47798117995262146,0.09864707596088848,0.07899548411369324,0.15532059150745375
0.3238599028151769,1.7373404744032341,547.6,102.88502554658838,292.4,0.4766126871109009,0.09963965093061784,0.07793759107589722,0.15451904960413976
0.34097256855322766,1.7373404744032341,543.2,102.6358097538445,296.79999999999995,0.47531567215919496,0.09900570253154278,0.08372246026992798,0.15431992182507995
0.3580852342912784,1.7373404744032341,536.0,101.64670935876113,304.0,0.47035890221595766,0.09843948722718185,0.0908724844455719,0.15080798318354152
0.3751979000293292,1.7373404744032341,531.2,101.62142207544076,308.79999999999995,0.4691018283367157,0.10141983180214012,0.09883816242218017,0.14956826930498404
0.39231056576737994,1.7373404744032341,528.1,103.29661797929569,311.9,0.4722850799560547,0.0965699325230668,0.10288898944854737,0.14798013167521487
0.4094232315054307,1.7373404744032341,521.3,101.82893303785453,318.70000000000005,0.4710054636001587,0.09782013781511141,0.11001330018043518,0.14671518394598604
0.42653589724348145,1.7373404744032341,514.1,100.99092625206313,325.9,0.4643552124500275,0.09126577861365189,0.12498384714126587,0.14163893528581384
0.4436485629815322,1.7373404744032341,505.4,101.45365056043471,334.6,0.4593000471591949,0.09112647206875643,0.15781548023223876,0.14834679304562454
0.4607612287195829,1.7373404744032341,499.5,101.47833529388241,340.5,0.45714845657348635,0.09016244779896984,0.17223914861679077,0.15431949822016294
0.4778738944576337,1.7373404744032341,489.0,102.32299189946683,351.0,0.44932893514633176,0.08878906918886144,0.22121975421905518,0.15712929494227335
0.49498656019568443,1.7373404744032341,474.6,106.47700330611438,365.4,0.4333277940750122,0.09722826362758921,0.27146321535110474,0.17685372502057078
0.5120992259337351,1.7373404744032341,460.4,107.39898034983935,379.6,0.4265640914440155,0.09632697015312573,0.3138077676296234,0.1723693296522682
0.529211891671786,1.7373404744032341,438.6,109.83838820392035,401.4,0.3996857345104218,0.1011134353364348,0.41919916272163393,0.18685562667785321
0.5463245574098368,1.7373404744032341,407.1,116.37227249002099,432.9,0.3701655030250549,0.09801632323371179,0.476430606842041,0.1957055381906844
0.5634372231478875,1.7373404744032341,367.8,130.73267878600464,472.2,0.32466906905174253,0.11849940809862003,0.5302163302898407,0.18979999081346946
0.5805498888859383,1.7373404744032341,310.8,150.86996052628083,529.2,0.2795674204826355,0.1407804533277004,0.5775322854518891,0.13818125227466202
0.597662554623989,1.7373404744032341,259.7,140.69455714730645,580.3,0.2469250500202179,0.13596096444485795,0.6269145548343659,0.08480582329707136
0.6147752203620397,1.7373404744032341,195.3,138.01962412130325,644.7,0.18876447081565856,0.13011627115710098,0.6596427142620087,0.029496657698098804
0.6318878861000905,1.7373404744032341,140.1,120.18916203089343,699.9,0.11283690333366395,0.10509025627158096,0.6642813444137573,0.03691765857968879
0.6490005518381412,1.7373404744032341,66.8,89.6718896448544,773.2,0.06835785508155823,0.08134029248914319,0.6486836016178131,0.03193511297265294
0.666113217576192,1.7373404744032341,20.8,36.96672134589286,819.2,0.061708498001098636,0.09383734533824993,0.6332974910736084,0.022084381482563066
0.6832258833142427,1.7373404744032341,2.0,4.524314325708199,838.0,0.015302276611328125,0.03461615464429067,0.631475442647934,0.022502276115373625
0.7003385490522935,1.7373404744032341,0.0,0.0,840.0,0.0,0.0,0.6310463547706604,0.022082833603696193
0.7174512147903442,1.7373404744032341,0.0,0.0,840.0,0.0,0.0,0.6310463547706604,0.022082833603696193
0.05005725100636482,1.7670637542043133,840.1,0.2262157162854099,-0.10000000000002274,0.6310463547706604,0.022082833603696193,0.0,0.0
0.06716991674441558,1.7670637542043133,837.2,4.44571280153707,2.7999999999999545,0.6306114137172699,0.021302108300412452,-0.3659755945205688,0.8190317964028544
0.08428258248246634,1.7670637542043133,824.7,8.755129490256545,15.299999999999955,0.6286891639232636,0.021590965870583338,-0.2659960985183716,0.6198867344833908
0.10139524822051708,1.7670637542043133,814.4,14.091703904882216,25.600000000000023,0.6281018853187561,0.02202282054955599,-0.044359338283538816,0.09824686293568678
0.11850791395856784,1.7670637542043133,807.7,15.748867463328216,32.299999999999955,0.6273064374923706,0.021833639715187203,-0.047693395614624025,0.0885116570734908
0.13562057969661862,1.7670637542043133,798.3,14.47721672685258,41.700000000000045,0.6281397879123688,0.022703543402275123,-0.14598828554153442,0.1812783940698229
0.15273324543466935,1.7670637542043133,777.2,16.711406936799175,62.799999999999955,0.6224988460540771,0.023535495345438175,-0.06114392876625061,0.0908639469668754
0.1698459111727201,1.7670637542043133,770.3,17.45122258475779,69.70000000000005,0.623338657617569,0.025009395133165805,-0.045453667640686035,0.08319633005937868
0.18695857691077086,1.7670637542043133,752.0,23.71611640292554,88.0,0.6210420966148377,0.02474552477395181,-0.051283836364746094,0.0732886863543518
0.20407124264882162,1.7670637542043133,727.7,34.315680639137696,112.29999999999995,0.6112556159496307,0.026247311437881306,-0.038128232955932616,0.06863793849990522
0.22118390838687238,1.7670637542043133,647.5,50.40009670000183,192.5,0.5601906597614288,0.02938478436689276,-0.02000165581703186,0.06844292235761744
0.23829657412492314,1.7670637542043133,619.4,36.888810032742626,220.60000000000002,0.5399958848953247,0.029227572525678057,-0.015252220630645751,0.06153503786436615
0.25540923986297387,1.7670637542043133,615.5,36.763823964990266,224.5,0.5364399313926697,0.031208012714030793,-0.016833579540252684,0.06086247533896556
0.2725219056010246,1.7670637542043133,613.7,38.1270989103078,226.29999999999995,0.5359492897987366,0.031000068261973636,-0.014851027727127075,0.060942072855832696
0.2896345713390754,1.7670637542043133,608.0,37.343488120769145,232.0,0.5311501204967499,0.033816881858418704,-0.009044069051742553,0.06399378496917867
0.30674723707712614,1.7670637542043133,602.1,38.616685890073974,237.89999999999998,0.524056214094162,0.034784745018836424,-0.008184963464736938,0.06357206876816045
0.3238599028151769,1.7670637542043133,598.7,39.24848110202192,241.29999999999995,0.5226877212524415,0.03845122328971774,-0.009242856502532959,0.060730372794891206
0.34097256855322766,1.7670637542043133,594.3,40.35702185894862,245.70000000000005,0.5210293889045715,0.039435822187406364,-0.0021935820579528807,0.06267479005142286
0.3580852342912784,1.7670637542043133,587.1,42.953791918394835,252.89999999999998,0.5160726189613343,0.04124398344298533,0.00495644211769104,0.05962479914162239
0.3751979000293292,1.7670637542043133,582.3,42.073217729784396,257.70000000000005,0.5152333319187165,0.042717880416719804,0.012896573543548584,0.06046997181993354
0.39231056576737994,1.7670637542043133,579.2,42.763214398881935,260.79999999999995,0.5157944679260253,0.043914356077140886,0.022419178485870363,0.05255095492083906
0.4094232315054307,1.7670637542043133,572.4,43.18186190441334,267.6,0.5147166609764099,0.0455681891946538,0.029447299242019654,0.054780722171825766
0.42653589724348145,1.7670637542043133,565.2,44.68649580905551,274.79999999999995,0.5064830899238586,0.04371622592709253,0.04528602361679077,0.05348716333652173
0.4436485629815322,1.7670637542043133,556.5,50.378657051941154,283.5,0.5017323613166809,0.04387659671862085,0.07793374061584472,0.08809613257582316
0.4607612287195829,1.7670637542043133,550.6,53.720292473228,289.4,0.4995807707309723,0.043060548304405116,0.09235740900039673,0.10430206835042731
0.4778738944576337,1.7670637542043133,540.1,60.56542956721735,299.9,0.49176124930381776,0.044561897648094165,0.14133801460266113,0.12729282204113382
0.49498656019568443,1.7670637542043133,525.7,69.63709522129354,314.29999999999995,0.47956639528274536,0.04406141752141109,0.18986517786979676,0.165584686832672
0.5120992259337351,1.7670637542043133,511.5,76.6268986097148,328.5,0.4728026926517487,0.046071769721628665,0.23220973014831542,0.172573143852603
0.529211891671786,1.7670637542043133,489.7,87.56950985979276,350.3,0.44592433571815493,0.06694004315610927,0.3376011252403259,0.21157707237699913
0.5463245574098368,1.7670637542043133,458.2,98.7755670009168,381.8,0.40727614164352416,0.09266161598687557,0.40753190517425536,0.21805143346396216
0.5634372231478875,1.7670637542043133,418.9,121.79262662378821,421.1,0.3575617253780365,0.12411425923870185,0.4620645701885223,0.22176779745823744
0.5805498888859383,1.7670637542043133,361.9,154.3257882488267,478.1,0.31246007680892945,0.15122305331429722,0.5093805253505707,0.18952054105101437
0.597662554623989,1.7670637542043133,310.8,153.20065861895085,529.2,0.2794562757015228,0.15019696059222723,0.559526789188385,0.16510681956129603
0.6147752203620397,1.7670637542043133,246.4,162.32987887465097,593.6,0.22136934399604796,0.15190018350014092,0.5925702691078186,0.15230975133825134
0.6318878861000905,1.7670637542043133,191.2,157.04824147742156,648.8,0.14551624059677123,0.14063585088138564,0.5974021553993225,0.15434128808669922
0.6490005518381412,1.7670637542043133,117.4,145.05083126232276,722.6,0.08859205842018128,0.11822102293134414,0.6187719881534577,0.07031675911023152
0.666113217576192,1.7670637542043133,68.6,120.11948029708579,771.4,0.07507296800613403,0.11837668725308616,0.6312394618988038,0.02070364299146204
0.6832258833142427,1.7670637542043133,44.3,100.21356231443659,795.7,0.03761250376701355,0.08508539480942649,0.6415588021278381,0.03857794767173484
0.7003385490522935,1.7670637542043133,30.1,68.09093060190837,809.9,0.02150193452835083,0.04864075520852871,0.6414245367050171,0.03831902369353597
0.7174512147903442,1.7670637542043133,0.8,1.8097257302832792,839.2,-0.04012707471847534,0.09077374949878061,0.6312695801258087,0.02229675278666302
