rho_th,IA_th,count_in,count_in_CI,count_out,r2_in,r2in_CI,r2_out,r2out_CI
271.8355712890625,0.3854394727227817,0.9,2.0359414465686894,734.1,-1.1219211578369142,2.5379619833583393,0.7070993185043335,0.027199876051822974
370.8577912159455,0.3854394727227817,0.9,2.0359414465686894,734.1,-1.1219211578369142,2.5379619833583393,0.7070993185043335,0.027199876051822974
469.8800111428285,0.3854394727227817,0.9,2.0359414465686894,734.1,-1.1219211578369142,2.5379619833583393,0.7070993185043335,0.027199876051822974
568.9022310697115,0.3854394727227817,0.9,2.0359414465686894,734.1,-1.1219211578369142,2.5379619833583393,0.7070993185043335,0.027199876051822974
667.9244509965945,0.3854394727227817,0.9,2.0359414465686894,734.1,-1.1219211578369142,2.5379619833583393,0.7070993185043335,0.027199876051822974
766.9466709234775,0.3854394727227817,0.9,2.0359414465686894,734.1,-1.1219211578369142,2.5379619833583393,0.7070993185043335,0.027199876051822974
865.9688908503606,0.3854394727227817,0.9,2.0359414465686894,734.1,-1.1219211578369142,2.5379619833583393,0.7070993185043335,0.027199876051822974
964.9911107772435,0.3854394727227817,0.9,2.0359414465686894,734.1,-1.1219211578369142,2.5379619833583393,0.7070993185043335,0.027199876051822974
1064.0133307041265,0.3854394727227817,0.9,2.0359414465686894,734.1,-1.1219211578369142,2.5379619833583393,0.7070993185043335,0.027199876051822974
1163.0355506310098,0.3854394727227817,0.9,2.0359414465686894,734.1,-1.1219211578369142,2.5379619833583393,0.7070993185043335,0.027199876051822974
1262.0577705578926,0.3854394727227817,0.9,2.0359414465686894,734.1,-1.1219211578369142,2.5379619833583393,0.7070993185043335,0.027199876051822974
1361.0799904847756,0.3854394727227817,0.9,2.0359414465686894,734.1,-1.1219211578369142,2.5379619833583393,0.7070993185043335,0.027199876051822974
1460.1022104116587,0.3854394727227817,0.9,2.0359414465686894,734.1,-1.1219211578369142,2.5379619833583393,0.7070993185043335,0.027199876051822974
1559.1244303385417,0.3854394727227817,0.9,2.0359414465686894,734.1,-1.1219211578369142,2.5379619833583393,0.7070993185043335,0.027199876051822974
1658.1466502654246,0.3854394727227817,0.9,2.0359414465686894,734.1,-1.1219211578369142,2.5379619833583393,0.7070993185043335,0.027199876051822974
1757.1688701923076,0.3854394727227817,0.9,2.0359414465686894,734.1,-1.1219211578369142,2.5379619833583393,0.7070993185043335,0.027199876051822974
1856.1910901191907,0.3854394727227817,0.9,2.0359414465686894,734.1,-1.1219211578369142,2.5379619833583393,0.7070993185043335,0.027199876051822974
1955.2133100460737,0.3854394727227817,0.9,2.0359414465686894,734.1,-1.1219211578369142,2.5379619833583393,0.7070993185043335,0.027199876051822974
2054.235529972957,0.3854394727227817,0.9,2.0359414465686894,734.1,-1.1219211578369142,2.5379619833583393,0.7070993185043335,0.027199876051822974
2153.25774989984,0.3854394727227817,0.9,2.0359414465686894,734.1,-1.1219211578369142,2.5379619833583393,0.7070993185043335,0.027199876051822974
2252.2799698267227,0.3854394727227817,0.9,2.0359414465686894,734.1,-1.1219211578369142,2.5379619833583393,0.7070993185043335,0.027199876051822974
2351.302189753606,0.3854394727227817,0.0,0.0,735.0,0.0,0.0,0.7072641313076019,0.027353984766313368
2450.3244096804888,0.3854394727227817,0.0,0.0,735.0,0.0,0.0,0.7072641313076019,0.027353984766313368
2549.3466296073716,0.3854394727227817,0.0,0.0,735.0,0.0,0.0,0.7072641313076019,0.027353984766313368
2648.368849534255,0.3854394727227817,0.0,0.0,735.0,0.0,0.0,0.7072641313076019,0.027353984766313368
2747.3910694611377,0.3854394727227817,0.0,0.0,735.0,0.0,0.0,0.7072641313076019,0.027353984766313368
2846.413289388021,0.3854394727227817,0.0,0.0,735.0,0.0,0.0,0.7072641313076019,0.027353984766313368
2945.435509314904,0.3854394727227817,0.0,0.0,735.0,0.0,0.0,0.7072641313076019,0.027353984766313368
3044.4577292417866,0.3854394727227817,0.0,0.0,735.0,0.0,0.0,0.7072641313076019,0.027353984766313368
3143.47994916867,0.3854394727227817,0.0,0.0,735.0,0.0,0.0,0.7072641313076019,0.027353984766313368
3242.5021690955527,0.3854394727227817,0.0,0.0,735.0,0.0,0.0,0.7072641313076019,0.027353984766313368
3341.524389022436,0.3854394727227817,0.0,0.0,735.0,0.0,0.0,0.7072641313076019,0.027353984766313368
3440.546608949319,0.3854394727227817,0.0,0.0,735.0,0.0,0.0,0.7072641313076019,0.027353984766313368
3539.5688288762017,0.3854394727227817,0.0,0.0,735.0,0.0,0.0,0.7072641313076019,0.027353984766313368
3638.591048803085,0.3854394727227817,0.0,0.0,735.0,0.0,0.0,0.7072641313076019,0.027353984766313368
3737.613268729968,0.3854394727227817,0.0,0.0,735.0,0.0,0.0,0.7072641313076019,0.027353984766313368
3836.635488656851,0.3854394727227817,0.0,0.0,735.0,0.0,0.0,0.7072641313076019,0.027353984766313368
3935.657708583734,0.3854394727227817,0.0,0.0,735.0,0.0,0.0,0.7072641313076019,0.027353984766313368
4034.6799285106167,0.3854394727227817,0.0,0.0,735.0,0.0,0.0,0.7072641313076019,0.027353984766313368
4133.7021484375,0.3854394727227817,0.0,0.0,735.0,0.0,0.0,0.7072641313076019,0.027353984766313368
271.8355712890625,0.4134685860567266,13.3,24.959134030156893,721.7,-14532.697831755877,32875.23230882638,0.7065582871437073,0.026650436487315323
370.8577912159455,0.4134685860567266,13.3,24.959134030156893,721.7,-14532.697831755877,32875.23230882638,0.7065582871437073,0.026650436487315323
469.8800111428285,0.4134685860567266,13.3,24.959134030156893,721.7,-14532.697831755877,32875.23230882638,0.7065582871437073,0.026650436487315323
568.9022310697115,0.4134685860567266,13.3,24.959134030156893,721.7,-14532.697831755877,32875.23230882638,0.7065582871437073,0.026650436487315323
667.9244509965945,0.4134685860567266,13.3,24.959134030156893,721.7,-14532.697831755877,32875.23230882638,0.7065582871437073,0.026650436487315323
766.9466709234775,0.4134685860567266,13.3,24.959134030156893,721.7,-14532.697831755877,32875.23230882638,0.7065582871437073,0.026650436487315323
865.9688908503606,0.4134685860567266,13.3,24.959134030156893,721.7,-14532.697831755877,32875.23230882638,0.7065582871437073,0.026650436487315323
964.9911107772435,0.4134685860567266,13.3,24.959134030156893,721.7,-14532.697831755877,32875.23230882638,0.7065582871437073,0.026650436487315323
1064.0133307041265,0.4134685860567266,13.3,24.959134030156893,721.7,-14532.697831755877,32875.23230882638,0.7065582871437073,0.026650436487315323
1163.0355506310098,0.4134685860567266,13.3,24.959134030156893,721.7,-14532.697831755877,32875.23230882638,0.7065582871437073,0.026650436487315323
1262.0577705578926,0.4134685860567266,13.3,24.959134030156893,721.7,-14532.697831755877,32875.23230882638,0.7065582871437073,0.026650436487315323
1361.0799904847756,0.4134685860567266,13.3,24.959134030156893,721.7,-14532.697831755877,32875.23230882638,0.7065582871437073,0.026650436487315323
1460.1022104116587,0.4134685860567266,13.3,24.959134030156893,721.7,-14532.697831755877,32875.23230882638,0.7065582871437073,0.026650436487315323
1559.1244303385417,0.4134685860567266,13.3,24.959134030156893,721.7,-14532.697831755877,32875.23230882638,0.7065582871437073,0.026650436487315323
1658.1466502654246,0.4134685860567266,13.3,24.959134030156893,721.7,-14532.697831755877,32875.23230882638,0.7065582871437073,0.026650436487315323
1757.1688701923076,0.4134685860567266,13.3,24.959134030156893,721.7,-14532.697831755877,32875.23230882638,0.7065582871437073,0.026650436487315323
1856.1910901191907,0.4134685860567266,13.3,24.959134030156893,721.7,-14532.697831755877,32875.23230882638,0.7065582871437073,0.026650436487315323
1955.2133100460737,0.4134685860567266,13.3,24.959134030156893,721.7,-14532.697831755877,32875.23230882638,0.7065582871437073,0.026650436487315323
2054.235529972957,0.4134685860567266,13.3,24.959134030156893,721.7,-14532.697831755877,32875.23230882638,0.7065582871437073,0.026650436487315323
2153.25774989984,0.4134685860567266,13.3,24.959134030156893,721.7,-14532.697831755877,32875.23230882638,0.7065582871437073,0.026650436487315323
2252.2799698267227,0.4134685860567266,13.3,24.959134030156893,721.7,-14532.697831755877,32875.23230882638,0.7065582871437073,0.026650436487315323
2351.302189753606,0.4134685860567266,12.4,24.90474198560841,722.6,-14532.662996536494,32875.24106472939,0.7067307710647583,0.02680986924706113
2450.3244096804888,0.4134685860567266,11.8,24.960842549598095,723.2,-14532.665638566017,32875.24040064338,0.7068418025970459,0.026914992518282773
2549.3466296073716,0.4134685860567266,11.8,24.960842549598095,723.2,-14532.665638566017,32875.24040064338,0.7068418025970459,0.026914992518282773
2648.368849534255,0.4134685860567266,11.6,25.00954312657136,723.4,0.026548933982849122,0.05219435041829602,0.7068914353847504,0.026911065406827094
2747.3910694611377,0.4134685860567266,11.1,24.365228440684454,723.9,-3.5140411794185638,7.957365930883814,0.7069911241531373,0.027027390547507548
2846.413289388021,0.4134685860567266,2.9,6.560255772276886,732.1,0.0049852728843688965,0.011277470764157414,0.7072352945804596,0.027317447408099747
2945.435509314904,0.4134685860567266,0.0,0.0,735.0,0.0,0.0,0.7072641313076019,0.027353984766313368
3044.4577292417866,0.4134685860567266,0.0,0.0,735.0,0.0,0.0,0.7072641313076019,0.027353984766313368
3143.47994916867,0.4134685860567266,0.0,0.0,735.0,0.0,0.0,0.7072641313076019,0.027353984766313368
3242.5021690955527,0.4134685860567266,0.0,0.0,735.0,0.0,0.0,0.7072641313076019,0.027353984766313368
3341.524389022436,0.4134685860567266,0.0,0.0,735.0,0.0,0.0,0.7072641313076019,0.027353984766313368
3440.546608949319,0.4134685860567266,0.0,0.0,735.0,0.0,0.0,0.7072641313076019,0.027353984766313368
3539.5688288762017,0.4134685860567266,0.0,0.0,735.0,0.0,0.0,0.7072641313076019,0.027353984766313368
3638.591048803085,0.4134685860567266,0.0,0.0,735.0,0.0,0.0,0.7072641313076019,0.027353984766313368
3737.613268729968,0.4134685860567266,0.0,0.0,735.0,0.0,0.0,0.7072641313076019,0.027353984766313368
3836.635488656851,0.4134685860567266,0.0,0.0,735.0,0.0,0.0,0.7072641313076019,0.027353984766313368
3935.657708583734,0.4134685860567266,0.0,0.0,735.0,0.0,0.0,0.7072641313076019,0.027353984766313368
4034.6799285106167,0.4134685860567266,0.0,0.0,735.0,0.0,0.0,0.7072641313076019,0.027353984766313368
4133.7021484375,0.4134685860567266,0.0,0.0,735.0,0.0,0.0,0.7072641313076019,0.027353984766313368
271.8355712890625,0.4414976993906715,27.8,35.127512469597875,707.2,-0.14738354086875916,0.26500773359719887,0.7036275327205658,0.025792537917062007
370.8577912159455,0.4414976993906715,27.8,35.127512469597875,707.2,-0.14738354086875916,0.26500773359719887,0.7036275327205658,0.025792537917062007
469.8800111428285,0.4414976993906715,27.8,35.127512469597875,707.2,-0.14738354086875916,0.26500773359719887,0.7036275327205658,0.025792537917062007
568.9022310697115,0.4414976993906715,27.8,35.127512469597875,707.2,-0.14738354086875916,0.26500773359719887,0.7036275327205658,0.025792537917062007
667.9244509965945,0.4414976993906715,27.8,35.127512469597875,707.2,-0.14738354086875916,0.26500773359719887,0.7036275327205658,0.025792537917062007
766.9466709234775,0.4414976993906715,27.8,35.127512469597875,707.2,-0.14738354086875916,0.26500773359719887,0.7036275327205658,0.025792537917062007
865.9688908503606,0.4414976993906715,27.8,35.127512469597875,707.2,-0.14738354086875916,0.26500773359719887,0.7036275327205658,0.025792537917062007
964.9911107772435,0.4414976993906715,27.8,35.127512469597875,707.2,-0.14738354086875916,0.26500773359719887,0.7036275327205658,0.025792537917062007
1064.0133307041265,0.4414976993906715,27.8,35.127512469597875,707.2,-0.14738354086875916,0.26500773359719887,0.7036275327205658,0.025792537917062007
1163.0355506310098,0.4414976993906715,27.8,35.127512469597875,707.2,-0.14738354086875916,0.26500773359719887,0.7036275327205658,0.025792537917062007
1262.0577705578926,0.4414976993906715,27.8,35.127512469597875,707.2,-0.14738354086875916,0.26500773359719887,0.7036275327205658,0.025792537917062007
1361.0799904847756,0.4414976993906715,27.8,35.127512469597875,707.2,-0.14738354086875916,0.26500773359719887,0.7036275327205658,0.025792537917062007
1460.1022104116587,0.4414976993906715,27.8,35.127512469597875,707.2,-0.14738354086875916,0.26500773359719887,0.7036275327205658,0.025792537917062007
1559.1244303385417,0.4414976993906715,27.8,35.127512469597875,707.2,-0.14738354086875916,0.26500773359719887,0.7036275327205658,0.025792537917062007
1658.1466502654246,0.4414976993906715,27.8,35.127512469597875,707.2,-0.14738354086875916,0.26500773359719887,0.7036275327205658,0.025792537917062007
1757.1688701923076,0.4414976993906715,27.8,35.127512469597875,707.2,-0.14738354086875916,0.26500773359719887,0.7036275327205658,0.025792537917062007
1856.1910901191907,0.4414976993906715,27.8,35.127512469597875,707.2,-0.14738354086875916,0.26500773359719887,0.7036275327205658,0.025792537917062007
1955.2133100460737,0.4414976993906715,27.8,35.127512469597875,707.2,-0.14738354086875916,0.26500773359719887,0.7036275327205658,0.025792537917062007
2054.235529972957,0.4414976993906715,27.8,35.127512469597875,707.2,-0.14738354086875916,0.26500773359719887,0.7036275327205658,0.025792537917062007
2153.25774989984,0.4414976993906715,27.8,35.127512469597875,707.2,-0.14738354086875916,0.26500773359719887,0.7036275327205658,0.025792537917062007
2252.2799698267227,0.4414976993906715,27.8,35.127512469597875,707.2,-0.14738354086875916,0.26500773359719887,0.7036275327205658,0.025792537917062007
2351.302189753606,0.4414976993906715,26.9,34.55247085840814,708.1,-0.14973079562187194,0.2700797919807951,0.7038410186767579,0.025970708459325153
2450.3244096804888,0.4414976993906715,26.3,34.23107168485834,708.7,-0.15239810347557067,0.2758542997858076,0.70397789478302,0.02608900561092568
2549.3466296073716,0.4414976993906715,26.3,34.23107168485834,708.7,-0.15239810347557067,0.2758542997858076,0.70397789478302,0.02608900561092568
2648.368849534255,0.4414976993906715,26.1,34.10526516895054,708.9,-0.152997487783432,0.27609876239832437,0.7040438413619995,0.02606374480326671
2747.3910694611377,0.4414976993906715,25.4,33.30351568803787,709.6,-0.15770604014396666,0.28510145709337004,0.7042251765727997,0.026175013614803545
2846.413289388021,0.4414976993906715,16.8,19.412419333222047,718.2,-0.1594850718975067,0.2875141233734212,0.7047689378261566,0.026636697615211976
2945.435509314904,0.4414976993906715,8.9,10.396356293051008,726.1,-0.33801342248916627,0.6248945636133747,0.706076157093048,0.026757008977697217
3044.4577292417866,0.4414976993906715,3.8,5.569788450071082,731.2,-0.1302575945854187,0.2881548077543194,0.7068269491195679,0.02691064892430066
3143.47994916867,0.4414976993906715,0.5,1.1310785814270496,734.5,-0.017903971672058105,0.04050159776148314,0.7073030054569245,0.027403408633867817
3242.5021690955527,0.4414976993906715,0.0,0.0,735.0,0.0,0.0,0.7072641313076019,0.027353984766313368
3341.524389022436,0.4414976993906715,0.0,0.0,735.0,0.0,0.0,0.7072641313076019,0.027353984766313368
3440.546608949319,0.4414976993906715,0.0,0.0,735.0,0.0,0.0,0.7072641313076019,0.027353984766313368
3539.5688288762017,0.4414976993906715,0.0,0.0,735.0,0.0,0.0,0.7072641313076019,0.027353984766313368
3638.591048803085,0.4414976993906715,0.0,0.0,735.0,0.0,0.0,0.7072641313076019,0.027353984766313368
3737.613268729968,0.4414976993906715,0.0,0.0,735.0,0.0,0.0,0.7072641313076019,0.027353984766313368
3836.635488656851,0.4414976993906715,0.0,0.0,735.0,0.0,0.0,0.7072641313076019,0.027353984766313368
3935.657708583734,0.4414976993906715,0.0,0.0,735.0,0.0,0.0,0.7072641313076019,0.027353984766313368
4034.6799285106167,0.4414976993906715,0.0,0.0,735.0,0.0,0.0,0.7072641313076019,0.027353984766313368
4133.7021484375,0.4414976993906715,0.0,0.0,735.0,0.0,0.0,0.7072641313076019,0.027353984766313368
271.8355712890625,0.46952681272461644,52.6,44.108133116208485,682.4,-0.3461320161819458,0.7356517023922753,0.7024057269096374,0.02693079551594993
370.8577912159455,0.46952681272461644,52.6,44.108133116208485,682.4,-0.3461320161819458,0.7356517023922753,0.7024057269096374,0.02693079551594993
469.8800111428285,0.46952681272461644,52.6,44.108133116208485,682.4,-0.3461320161819458,0.7356517023922753,0.7024057269096374,0.02693079551594993
568.9022310697115,0.46952681272461644,52.6,44.108133116208485,682.4,-0.3461320161819458,0.7356517023922753,0.7024057269096374,0.02693079551594993
667.9244509965945,0.46952681272461644,52.6,44.108133116208485,682.4,-0.3461320161819458,0.7356517023922753,0.7024057269096374,0.02693079551594993
766.9466709234775,0.46952681272461644,52.6,44.108133116208485,682.4,-0.3461320161819458,0.7356517023922753,0.7024057269096374,0.02693079551594993
865.9688908503606,0.46952681272461644,52.6,44.108133116208485,682.4,-0.3461320161819458,0.7356517023922753,0.7024057269096374,0.02693079551594993
964.9911107772435,0.46952681272461644,52.6,44.108133116208485,682.4,-0.3461320161819458,0.7356517023922753,0.7024057269096374,0.02693079551594993
1064.0133307041265,0.46952681272461644,52.6,44.108133116208485,682.4,-0.3461320161819458,0.7356517023922753,0.7024057269096374,0.02693079551594993
1163.0355506310098,0.46952681272461644,52.6,44.108133116208485,682.4,-0.3461320161819458,0.7356517023922753,0.7024057269096374,0.02693079551594993
1262.0577705578926,0.46952681272461644,52.6,44.108133116208485,682.4,-0.3461320161819458,0.7356517023922753,0.7024057269096374,0.02693079551594993
1361.0799904847756,0.46952681272461644,52.6,44.108133116208485,682.4,-0.3461320161819458,0.7356517023922753,0.7024057269096374,0.02693079551594993
1460.1022104116587,0.46952681272461644,52.6,44.108133116208485,682.4,-0.3461320161819458,0.7356517023922753,0.7024057269096374,0.02693079551594993
1559.1244303385417,0.46952681272461644,52.6,44.108133116208485,682.4,-0.3461320161819458,0.7356517023922753,0.7024057269096374,0.02693079551594993
1658.1466502654246,0.46952681272461644,52.6,44.108133116208485,682.4,-0.3461320161819458,0.7356517023922753,0.7024057269096374,0.02693079551594993
1757.1688701923076,0.46952681272461644,52.6,44.108133116208485,682.4,-0.3461320161819458,0.7356517023922753,0.7024057269096374,0.02693079551594993
1856.1910901191907,0.46952681272461644,52.6,44.108133116208485,682.4,-0.3461320161819458,0.7356517023922753,0.7024057269096374,0.02693079551594993
1955.2133100460737,0.46952681272461644,52.6,44.108133116208485,682.4,-0.3461320161819458,0.7356517023922753,0.7024057269096374,0.02693079551594993
2054.235529972957,0.46952681272461644,52.6,44.108133116208485,682.4,-0.3461320161819458,0.7356517023922753,0.7024057269096374,0.02693079551594993
2153.25774989984,0.46952681272461644,52.6,44.108133116208485,682.4,-0.3461320161819458,0.7356517023922753,0.7024057269096374,0.02693079551594993
2252.2799698267227,0.46952681272461644,52.6,44.108133116208485,682.4,-0.3461320161819458,0.7356517023922753,0.7024057269096374,0.02693079551594993
2351.302189753606,0.46952681272461644,51.7,43.33151400258636,683.3,-0.3478315472602844,0.7355306274859267,0.7026708900928498,0.027101641879588825
2450.3244096804888,0.46952681272461644,51.1,42.85970358182954,683.9,-0.3492586612701416,0.735444468363714,0.7028400957584381,0.02721701194777091
2549.3466296073716,0.46952681272461644,51.1,42.85970358182954,683.9,-0.3492586612701416,0.735444468363714,0.7028400957584381,0.02721701194777091
2648.368849534255,0.46952681272461644,50.9,42.75875988698165,684.1,-0.34937783479690554,0.735406901029181,0.702913248538971,0.02718598581822481
2747.3910694611377,0.46952681272461644,50.2,42.063418636424444,684.8,-0.3495876669883728,0.7353409472342395,0.7031177282333374,0.027299536752355844
2846.413289388021,0.46952681272461644,41.6,32.58553441193063,693.4,-0.3525775074958801,0.7346671661787095,0.703791755437851,0.027872609810866047
2945.435509314904,0.46952681272461644,33.7,27.427301640509455,701.3,-0.36846883893013,0.7323758073424859,0.7052955031394958,0.02796556451742819
3044.4577292417866,0.46952681272461644,27.7,23.718633649259832,707.3,-0.3457515835762024,0.7342482036178879,0.7064320385456085,0.02817475143323061
3143.47994916867,0.46952681272461644,21.7,21.39715828293595,713.3,-0.32645938396453855,0.7398730446961521,0.7073847770690918,0.028210518670704756
3242.5021690955527,0.46952681272461644,11.8,11.429802620862688,723.2,-0.1455271363258362,0.33528087764747505,0.7071451604366302,0.027244169419239787
3341.524389022436,0.46952681272461644,1.4,2.341208199102865,733.6,-36.05481706857681,81.49233273727026,0.7072783708572388,0.02730706976454559
3440.546608949319,0.46952681272461644,0.0,0.0,735.0,0.0,0.0,0.7072641313076019,0.027353984766313368
3539.5688288762017,0.46952681272461644,0.0,0.0,735.0,0.0,0.0,0.7072641313076019,0.027353984766313368
3638.591048803085,0.46952681272461644,0.0,0.0,735.0,0.0,0.0,0.7072641313076019,0.027353984766313368
3737.613268729968,0.46952681272461644,0.0,0.0,735.0,0.0,0.0,0.7072641313076019,0.027353984766313368
3836.635488656851,0.46952681272461644,0.0,0.0,735.0,0.0,0.0,0.7072641313076019,0.027353984766313368
3935.657708583734,0.46952681272461644,0.0,0.0,735.0,0.0,0.0,0.7072641313076019,0.027353984766313368
4034.6799285106167,0.46952681272461644,0.0,0.0,735.0,0.0,0.0,0.7072641313076019,0.027353984766313368
4133.7021484375,0.46952681272461644,0.0,0.0,735.0,0.0,0.0,0.7072641313076019,0.027353984766313368
271.8355712890625,0.49755592605856136,92.9,65.33980330641658,642.1,-0.04580696225166321,0.14346483276418062,0.6913983464241028,0.03019932766968723
370.8577912159455,0.49755592605856136,92.9,65.33980330641658,642.1,-0.04580696225166321,0.14346483276418062,0.6913983464241028,0.03019932766968723
469.8800111428285,0.49755592605856136,92.9,65.33980330641658,642.1,-0.04580696225166321,0.14346483276418062,0.6913983464241028,0.03019932766968723
568.9022310697115,0.49755592605856136,92.9,65.33980330641658,642.1,-0.04580696225166321,0.14346483276418062,0.6913983464241028,0.03019932766968723
667.9244509965945,0.49755592605856136,92.9,65.33980330641658,642.1,-0.04580696225166321,0.14346483276418062,0.6913983464241028,0.03019932766968723
766.9466709234775,0.49755592605856136,92.9,65.33980330641658,642.1,-0.04580696225166321,0.14346483276418062,0.6913983464241028,0.03019932766968723
865.9688908503606,0.49755592605856136,92.9,65.33980330641658,642.1,-0.04580696225166321,0.14346483276418062,0.6913983464241028,0.03019932766968723
964.9911107772435,0.49755592605856136,92.9,65.33980330641658,642.1,-0.04580696225166321,0.14346483276418062,0.6913983464241028,0.03019932766968723
1064.0133307041265,0.49755592605856136,92.9,65.33980330641658,642.1,-0.04580696225166321,0.14346483276418062,0.6913983464241028,0.03019932766968723
1163.0355506310098,0.49755592605856136,92.9,65.33980330641658,642.1,-0.04580696225166321,0.14346483276418062,0.6913983464241028,0.03019932766968723
1262.0577705578926,0.49755592605856136,92.9,65.33980330641658,642.1,-0.04580696225166321,0.14346483276418062,0.6913983464241028,0.03019932766968723
1361.0799904847756,0.49755592605856136,92.9,65.33980330641658,642.1,-0.04580696225166321,0.14346483276418062,0.6913983464241028,0.03019932766968723
1460.1022104116587,0.49755592605856136,92.9,65.33980330641658,642.1,-0.04580696225166321,0.14346483276418062,0.6913983464241028,0.03019932766968723
1559.1244303385417,0.49755592605856136,92.9,65.33980330641658,642.1,-0.04580696225166321,0.14346483276418062,0.6913983464241028,0.03019932766968723
1658.1466502654246,0.49755592605856136,92.9,65.33980330641658,642.1,-0.04580696225166321,0.14346483276418062,0.6913983464241028,0.03019932766968723
1757.1688701923076,0.49755592605856136,92.9,65.33980330641658,642.1,-0.04580696225166321,0.14346483276418062,0.6913983464241028,0.03019932766968723
1856.1910901191907,0.49755592605856136,92.9,65.33980330641658,642.1,-0.04580696225166321,0.14346483276418062,0.6913983464241028,0.03019932766968723
1955.2133100460737,0.49755592605856136,92.9,65.33980330641658,642.1,-0.04580696225166321,0.14346483276418062,0.6913983464241028,0.03019932766968723
2054.235529972957,0.49755592605856136,92.9,65.33980330641658,642.1,-0.04580696225166321,0.14346483276418062,0.6913983464241028,0.03019932766968723
2153.25774989984,0.49755592605856136,92.9,65.33980330641658,642.1,-0.04580696225166321,0.14346483276418062,0.6913983464241028,0.03019932766968723
2252.2799698267227,0.49755592605856136,92.9,65.33980330641658,642.1,-0.04580696225166321,0.14346483276418062,0.6913983464241028,0.03019932766968723
2351.302189753606,0.49755592605856136,92.0,64.51974688386733,643.0,-0.04637276530265808,0.1431463139919943,0.6917842209339142,0.03039391702186181
2450.3244096804888,0.49755592605856136,91.4,64.0031919936515,643.6,-0.04680597186088562,0.1429097092450953,0.6920280575752258,0.03052911117111532
2549.3466296073716,0.49755592605856136,91.4,64.0031919936515,643.6,-0.04680597186088562,0.1429097092450953,0.6920280575752258,0.03052911117111532
2648.368849534255,0.49755592605856136,91.2,63.859645619675824,643.8,-0.046906501054763794,0.14287335949271804,0.6921403527259826,0.030454912614100934
2747.3910694611377,0.49755592605856136,90.5,63.25259133645415,644.5,-0.04707247018814087,0.14284023288218806,0.69242262840271,0.03055390774247036
2846.413289388021,0.49755592605856136,81.9,57.129558831958384,653.1,-0.0485015332698822,0.14244655509208987,0.6934942722320556,0.0314057532316803
2945.435509314904,0.49755592605856136,74.0,52.1736688250554,661.0,-0.05397026538848877,0.14103424005869028,0.695752227306366,0.031209376653258243
3044.4577292417866,0.49755592605856136,68.0,47.99233938094773,667.0,-0.048722642660140994,0.1442719175337881,0.6974766433238984,0.03126886021589365
3143.47994916867,0.49755592605856136,62.0,45.29715144254643,673.0,-0.047990864515304564,0.14547265356542852,0.6988401293754578,0.031082934080133413
3242.5021690955527,0.49755592605856136,52.1,36.56563228285747,682.9,-0.0425709068775177,0.15333078831474464,0.6994001030921936,0.030177982772185207
3341.524389022436,0.49755592605856136,36.9,26.564592460856854,698.1,-0.06647951006889344,0.1462209045078844,0.7005493521690369,0.030648758774419797
3440.546608949319,0.49755592605856136,20.8,19.72045228787183,714.2,-0.061127692461013794,0.15733564197422892,0.7032032608985901,0.03004477633337817
3539.5688288762017,0.49755592605856136,5.5,7.504620914752243,729.5,-1.5908918142318726,3.431940086059234,0.705914580821991,0.02857384506823665
3638.591048803085,0.49755592605856136,0.1,0.2262157162854099,734.9,0.0,0.0,0.7072337090969085,0.02738277881941051
3737.613268729968,0.49755592605856136,0.0,0.0,735.0,0.0,0.0,0.7072641313076019,0.027353984766313368
3836.635488656851,0.49755592605856136,0.0,0.0,735.0,0.0,0.0,0.7072641313076019,0.027353984766313368
3935.657708583734,0.49755592605856136,0.0,0.0,735.0,0.0,0.0,0.7072641313076019,0.027353984766313368
4034.6799285106167,0.49755592605856136,0.0,0.0,735.0,0.0,0.0,0.7072641313076019,0.027353984766313368
4133.7021484375,0.49755592605856136,0.0,0.0,735.0,0.0,0.0,0.7072641313076019,0.027353984766313368
271.8355712890625,0.5255850393925063,134.2,75.08165925606806,600.8,-62766.76822217703,141985.4365456082,0.686322546005249,0.031018288273843227
370.8577912159455,0.5255850393925063,134.2,75.08165925606806,600.8,-62766.76822217703,141985.4365456082,0.686322546005249,0.031018288273843227
469.8800111428285,0.5255850393925063,134.2,75.08165925606806,600.8,-62766.76822217703,141985.4365456082,0.686322546005249,0.031018288273843227
568.9022310697115,0.5255850393925063,134.2,75.08165925606806,600.8,-62766.76822217703,141985.4365456082,0.686322546005249,0.031018288273843227
667.9244509965945,0.5255850393925063,134.2,75.08165925606806,600.8,-62766.76822217703,141985.4365456082,0.686322546005249,0.031018288273843227
766.9466709234775,0.5255850393925063,134.2,75.08165925606806,600.8,-62766.76822217703,141985.4365456082,0.686322546005249,0.031018288273843227
865.9688908503606,0.5255850393925063,134.2,75.08165925606806,600.8,-62766.76822217703,141985.4365456082,0.686322546005249,0.031018288273843227
964.9911107772435,0.5255850393925063,134.2,75.08165925606806,600.8,-62766.76822217703,141985.4365456082,0.686322546005249,0.031018288273843227
1064.0133307041265,0.5255850393925063,134.2,75.08165925606806,600.8,-62766.76822217703,141985.4365456082,0.686322546005249,0.031018288273843227
1163.0355506310098,0.5255850393925063,134.2,75.08165925606806,600.8,-62766.76822217703,141985.4365456082,0.686322546005249,0.031018288273843227
1262.0577705578926,0.5255850393925063,134.2,75.08165925606806,600.8,-62766.76822217703,141985.4365456082,0.686322546005249,0.031018288273843227
1361.0799904847756,0.5255850393925063,134.2,75.08165925606806,600.8,-62766.76822217703,141985.4365456082,0.686322546005249,0.031018288273843227
1460.1022104116587,0.5255850393925063,134.2,75.08165925606806,600.8,-62766.76822217703,141985.4365456082,0.686322546005249,0.031018288273843227
1559.1244303385417,0.5255850393925063,134.2,75.08165925606806,600.8,-62766.76822217703,141985.4365456082,0.686322546005249,0.031018288273843227
1658.1466502654246,0.5255850393925063,134.2,75.08165925606806,600.8,-62766.76822217703,141985.4365456082,0.686322546005249,0.031018288273843227
1757.1688701923076,0.5255850393925063,134.2,75.08165925606806,600.8,-62766.76822217703,141985.4365456082,0.686322546005249,0.031018288273843227
1856.1910901191907,0.5255850393925063,134.2,75.08165925606806,600.8,-62766.76822217703,141985.4365456082,0.686322546005249,0.031018288273843227
1955.2133100460737,0.5255850393925063,134.2,75.08165925606806,600.8,-62766.76822217703,141985.4365456082,0.686322546005249,0.031018288273843227
2054.235529972957,0.5255850393925063,134.2,75.08165925606806,600.8,-62766.76822217703,141985.4365456082,0.686322546005249,0.031018288273843227
2153.25774989984,0.5255850393925063,134.2,75.08165925606806,600.8,-62766.76822217703,141985.4365456082,0.686322546005249,0.031018288273843227
2252.2799698267227,0.5255850393925063,134.2,75.08165925606806,600.8,-62766.76822217703,141985.4365456082,0.686322546005249,0.031018288273843227
2351.302189753606,0.5255850393925063,133.3,74.47430768306299,601.7,-62766.768849563596,141985.4363879106,0.6867634534835816,0.031222879050444793
2450.3244096804888,0.5255850393925063,132.7,74.09772436822554,602.3,-62766.769318044186,141985.43627015504,0.6870409667491912,0.03136723395411812
2549.3466296073716,0.5255850393925063,132.7,74.09772436822554,602.3,-62766.769318044186,141985.43627015504,0.6870409667491912,0.03136723395411812
2648.368849534255,0.5255850393925063,132.5,73.94347828725739,602.5,-62766.76940805316,141985.43624753074,0.6871783256530761,0.0313316486828962
2747.3910694611377,0.5255850393925063,131.8,73.39513823955316,603.2,-62766.769576108454,141985.43620528904,0.6875195741653443,0.03151322827690434
2846.413289388021,0.5255850393925063,123.2,67.65224220630961,611.8,-62766.76878746748,141985.43640351872,0.6889837384223938,0.03294919098540591
2945.435509314904,0.5255850393925063,115.3,62.971320764075955,619.7,-62766.77182223797,141985.43564071032,0.6916853487491608,0.033502005512872524
3044.4577292417866,0.5255850393925063,109.3,59.10736691866178,625.7,-62766.76805242896,141985.4365882758,0.6938040375709533,0.03388460220855206
3143.47994916867,0.5255850393925063,103.3,56.47953056912891,631.7,-62766.765093964335,141985.4373319047,0.6955735266208649,0.03328526239968618
3242.5021690955527,0.5255850393925063,93.1,48.32464021583888,641.9,-1.139213764667511,1.8274494449468415,0.6969839930534363,0.03222748297374959
3341.524389022436,0.5255850393925063,75.3,42.74093719683485,659.7,-0.6556704878807068,1.557304366540808,0.699362850189209,0.03282950409843756
3440.546608949319,0.5255850393925063,47.4,39.49708843419274,687.6,-1.3697754621505738,3.1311234553191296,0.7033257186412811,0.03156426113899006
3539.5688288762017,0.5255850393925063,21.8,25.124319470046352,713.2,0.004702377319335938,0.026280946840300096,0.7050604343414306,0.02964987462663228
3638.591048803085,0.5255850393925063,14.3,16.881513604833778,720.7,0.0008304595947265625,0.024198346522923735,0.7069466173648834,0.027916974779483086
3737.613268729968,0.5255850393925063,2.5,5.655392907135248,732.5,-0.07114286422729492,0.16093633989773187,0.7067710936069489,0.02783793539813721
3836.635488656851,0.5255850393925063,0.0,0.0,735.0,0.0,0.0,0.7072641313076019,0.027353984766313368
3935.657708583734,0.5255850393925063,0.0,0.0,735.0,0.0,0.0,0.7072641313076019,0.027353984766313368
4034.6799285106167,0.5255850393925063,0.0,0.0,735.0,0.0,0.0,0.7072641313076019,0.027353984766313368
4133.7021484375,0.5255850393925063,0.0,0.0,735.0,0.0,0.0,0.7072641313076019,0.027353984766313368
271.8355712890625,0.5536141527264512,192.6,68.39566912256421,542.4,-0.24851588606834413,0.8418345953872715,0.6692482590675354,0.037302561940622286
370.8577912159455,0.5536141527264512,192.6,68.39566912256421,542.4,-0.24851588606834413,0.8418345953872715,0.6692482590675354,0.037302561940622286
469.8800111428285,0.5536141527264512,192.6,68.39566912256421,542.4,-0.24851588606834413,0.8418345953872715,0.6692482590675354,0.037302561940622286
568.9022310697115,0.5536141527264512,192.6,68.39566912256421,542.4,-0.24851588606834413,0.8418345953872715,0.6692482590675354,0.037302561940622286
667.9244509965945,0.5536141527264512,192.6,68.39566912256421,542.4,-0.24851588606834413,0.8418345953872715,0.6692482590675354,0.037302561940622286
766.9466709234775,0.5536141527264512,192.6,68.39566912256421,542.4,-0.24851588606834413,0.8418345953872715,0.6692482590675354,0.037302561940622286
865.9688908503606,0.5536141527264512,192.6,68.39566912256421,542.4,-0.24851588606834413,0.8418345953872715,0.6692482590675354,0.037302561940622286
964.9911107772435,0.5536141527264512,192.6,68.39566912256421,542.4,-0.24851588606834413,0.8418345953872715,0.6692482590675354,0.037302561940622286
1064.0133307041265,0.5536141527264512,192.6,68.39566912256421,542.4,-0.24851588606834413,0.8418345953872715,0.6692482590675354,0.037302561940622286
1163.0355506310098,0.5536141527264512,192.6,68.39566912256421,542.4,-0.24851588606834413,0.8418345953872715,0.6692482590675354,0.037302561940622286
1262.0577705578926,0.5536141527264512,192.6,68.39566912256421,542.4,-0.24851588606834413,0.8418345953872715,0.6692482590675354,0.037302561940622286
1361.0799904847756,0.5536141527264512,192.6,68.39566912256421,542.4,-0.24851588606834413,0.8418345953872715,0.6692482590675354,0.037302561940622286
1460.1022104116587,0.5536141527264512,192.6,68.39566912256421,542.4,-0.24851588606834413,0.8418345953872715,0.6692482590675354,0.037302561940622286
1559.1244303385417,0.5536141527264512,192.6,68.39566912256421,542.4,-0.24851588606834413,0.8418345953872715,0.6692482590675354,0.037302561940622286
1658.1466502654246,0.5536141527264512,192.6,68.39566912256421,542.4,-0.24851588606834413,0.8418345953872715,0.6692482590675354,0.037302561940622286
1757.1688701923076,0.5536141527264512,192.6,68.39566912256421,542.4,-0.24851588606834413,0.8418345953872715,0.6692482590675354,0.037302561940622286
1856.1910901191907,0.5536141527264512,192.6,68.39566912256421,542.4,-0.24851588606834413,0.8418345953872715,0.6692482590675354,0.037302561940622286
1955.2133100460737,0.5536141527264512,192.6,68.39566912256421,542.4,-0.24851588606834413,0.8418345953872715,0.6692482590675354,0.037302561940622286
2054.235529972957,0.5536141527264512,192.6,68.39566912256421,542.4,-0.24851588606834413,0.8418345953872715,0.6692482590675354,0.037302561940622286
2153.25774989984,0.5536141527264512,192.6,68.39566912256421,542.4,-0.24851588606834413,0.8418345953872715,0.6692482590675354,0.037302561940622286
2252.2799698267227,0.5536141527264512,192.6,68.39566912256421,542.4,-0.24851588606834413,0.8418345953872715,0.6692482590675354,0.037302561940622286
2351.302189753606,0.5536141527264512,191.7,67.90496097111274,543.3,-0.24906451106071473,0.8416695506697299,0.669774729013443,0.037588268426344495
2450.3244096804888,0.5536141527264512,191.1,67.60991143211346,543.9,-0.24946479201316835,0.8415502672148991,0.6701040267944336,0.037784961684058746
2549.3466296073716,0.5536141527264512,191.1,67.60991143211346,543.9,-0.24946479201316835,0.8415502672148991,0.6701040267944336,0.037784961684058746
2648.368849534255,0.5536141527264512,190.9,67.43981676818241,544.1,-0.24955103397369385,0.8415313832029648,0.6703167676925659,0.037681771926188996
2747.3910694611377,0.5536141527264512,190.2,66.93403263650609,544.8,-0.24975258111953735,0.8414900747728177,0.6707680940628051,0.03785095446267669
2846.413289388021,0.5536141527264512,181.6,62.28235364150493,553.4,-0.24965694546699524,0.8414960522648617,0.6726966619491577,0.03965379085778373
2945.435509314904,0.5536141527264512,173.7,58.17654667844252,561.3,-0.25281473994255066,0.8407631920275425,0.6764672696590424,0.03991560362432252
3044.4577292417866,0.5536141527264512,167.7,54.90210849592189,567.3,-0.25094000101089475,0.8413916827462702,0.6792266428470611,0.04035106915875187
3143.47994916867,0.5536141527264512,161.7,51.83587785901145,573.3,-0.25065404176712036,0.8415534825072767,0.6818744540214539,0.03885971119836735
3242.5021690955527,0.5536141527264512,151.5,46.07284770845945,583.5,-0.2503159284591675,0.8441461898217659,0.6839219987392425,0.03769206794941276
3341.524389022436,0.5536141527264512,127.7,45.49761152921918,607.3,-0.26648092865943906,0.8385304362295629,0.6873381495475769,0.037513185791150774
3440.546608949319,0.5536141527264512,96.5,52.513942868742745,638.5,-0.3378992140293121,0.9527422779776121,0.6930390477180481,0.03575856161739893
3539.5688288762017,0.5536141527264512,62.4,42.86733109695606,672.6,-0.19197216629981995,0.5923651675304092,0.6982461988925934,0.03292758495021459
3638.591048803085,0.5536141527264512,39.3,36.123831724504534,695.7,-0.22015528678894042,0.6016606057587413,0.7043108165264129,0.029418074508005845
3737.613268729968,0.5536141527264512,8.9,17.239458293707496,726.1,0.0026558279991149903,0.04373967874797172,0.7056673645973206,0.028764934997347048
3836.635488656851,0.5536141527264512,0.0,0.0,735.0,0.0,0.0,0.7072641313076019,0.027353984766313368
3935.657708583734,0.5536141527264512,0.0,0.0,735.0,0.0,0.0,0.7072641313076019,0.027353984766313368
4034.6799285106167,0.5536141527264512,0.0,0.0,735.0,0.0,0.0,0.7072641313076019,0.027353984766313368
4133.7021484375,0.5536141527264512,0.0,0.0,735.0,0.0,0.0,0.7072641313076019,0.027353984766313368
271.8355712890625,0.5816432660603961,237.3,55.98101379920252,497.7,0.10094217658042907,0.06449792355508213,0.660818076133728,0.03836940282455894
370.8577912159455,0.5816432660603961,237.3,55.98101379920252,497.7,0.10094217658042907,0.06449792355508213,0.660818076133728,0.03836940282455894
469.8800111428285,0.5816432660603961,237.3,55.98101379920252,497.7,0.10094217658042907,0.06449792355508213,0.660818076133728,0.03836940282455894
568.9022310697115,0.5816432660603961,237.3,55.98101379920252,497.7,0.10094217658042907,0.06449792355508213,0.660818076133728,0.03836940282455894
667.9244509965945,0.5816432660603961,237.3,55.98101379920252,497.7,0.10094217658042907,0.06449792355508213,0.660818076133728,0.03836940282455894
766.9466709234775,0.5816432660603961,237.3,55.98101379920252,497.7,0.10094217658042907,0.06449792355508213,0.660818076133728,0.03836940282455894
865.9688908503606,0.5816432660603961,237.3,55.98101379920252,497.7,0.10094217658042907,0.06449792355508213,0.660818076133728,0.03836940282455894
964.9911107772435,0.5816432660603961,237.3,55.98101379920252,497.7,0.10094217658042907,0.06449792355508213,0.660818076133728,0.03836940282455894
1064.0133307041265,0.5816432660603961,237.3,55.98101379920252,497.7,0.10094217658042907,0.06449792355508213,0.660818076133728,0.03836940282455894
1163.0355506310098,0.5816432660603961,237.3,55.98101379920252,497.7,0.10094217658042907,0.06449792355508213,0.660818076133728,0.03836940282455894
1262.0577705578926,0.5816432660603961,237.3,55.98101379920252,497.7,0.10094217658042907,0.06449792355508213,0.660818076133728,0.03836940282455894
1361.0799904847756,0.5816432660603961,237.3,55.98101379920252,497.7,0.10094217658042907,0.06449792355508213,0.660818076133728,0.03836940282455894
1460.1022104116587,0.5816432660603961,237.3,55.98101379920252,497.7,0.10094217658042907,0.06449792355508213,0.660818076133728,0.03836940282455894
1559.1244303385417,0.5816432660603961,237.3,55.98101379920252,497.7,0.10094217658042907,0.06449792355508213,0.660818076133728,0.03836940282455894
1658.1466502654246,0.5816432660603961,237.3,55.98101379920252,497.7,0.10094217658042907,0.06449792355508213,0.660818076133728,0.03836940282455894
1757.1688701923076,0.5816432660603961,237.3,55.98101379920252,497.7,0.10094217658042907,0.06449792355508213,0.660818076133728,0.03836940282455894
1856.1910901191907,0.5816432660603961,237.3,55.98101379920252,497.7,0.10094217658042907,0.06449792355508213,0.660818076133728,0.03836940282455894
1955.2133100460737,0.5816432660603961,237.3,55.98101379920252,497.7,0.10094217658042907,0.06449792355508213,0.660818076133728,0.03836940282455894
2054.235529972957,0.5816432660603961,237.3,55.98101379920252,497.7,0.10094217658042907,0.06449792355508213,0.660818076133728,0.03836940282455894
2153.25774989984,0.5816432660603961,237.3,55.98101379920252,497.7,0.10094217658042907,0.06449792355508213,0.660818076133728,0.03836940282455894
2252.2799698267227,0.5816432660603961,237.3,55.98101379920252,497.7,0.10094217658042907,0.06449792355508213,0.660818076133728,0.03836940282455894
2351.302189753606,0.5816432660603961,236.4,55.47919624070441,498.6,0.10035132765769958,0.06404427006693247,0.6614578902721405,0.03869894618310587
2450.3244096804888,0.5816432660603961,235.8,55.18385973023717,499.2,0.0999271810054779,0.06373390455220584,0.6618550956249237,0.03892920951246759
2549.3466296073716,0.5816432660603961,235.8,55.18385973023717,499.2,0.0999271810054779,0.06373390455220584,0.6618550956249237,0.03892920951246759
2648.368849534255,0.5816432660603961,235.6,55.04293196439565,499.4,0.09983546733856201,0.06375104212954735,0.6620850265026093,0.038829674760438894
2747.3910694611377,0.5816432660603961,234.9,54.5211163830863,500.1,0.09961313605308533,0.06372102743217578,0.6626013994216919,0.0390773715635191
2846.413289388021,0.5816432660603961,226.3,49.13512053353368,508.7,0.10019907951354981,0.06401963192147873,0.6649363994598388,0.04160292828197568
2945.435509314904,0.5816432660603961,218.4,45.51903926627804,516.6,0.09731645584106445,0.06360378382000302,0.6691047966480255,0.04219104484575188
3044.4577292417866,0.5816432660603961,212.4,42.73714559153331,522.6,0.09835068583488464,0.06530094673381967,0.6722044229507447,0.042842752902464226
3143.47994916867,0.5816432660603961,206.1,40.21786319359998,528.9,0.09582288265228271,0.0636507603280682,0.6750610530376434,0.04151477575693791
3242.5021690955527,0.5816432660603961,193.2,33.98225577924791,541.8,0.10427575707435607,0.06745001067639023,0.6780148923397065,0.040641129749002344
3341.524389022436,0.5816432660603961,164.8,44.3210928735467,570.2,0.08490175008773804,0.061474426566271674,0.6813980758190155,0.039018388177051014
3440.546608949319,0.5816432660603961,132.7,56.478523832590675,602.3,0.06414476037025452,0.06622097987484458,0.6882679402828217,0.03735087384942818
3539.5688288762017,0.5816432660603961,98.3,54.99420431605705,636.7,0.06555231213569641,0.053299372363607996,0.6942736566066742,0.03463748242704314
3638.591048803085,0.5816432660603961,72.9,42.335122816227624,662.1,0.044534879922866824,0.06227691025518692,0.7022867321968078,0.029683003101934256
3737.613268729968,0.5816432660603961,33.9,33.303942513365406,701.1,0.04378079175949097,0.07242332157887738,0.7043241083621978,0.02859513040304106
3836.635488656851,0.5816432660603961,14.1,14.277101341769024,720.9,0.019197654724121094,0.039092279274289175,0.7059703171253204,0.0277116940575697
3935.657708583734,0.5816432660603961,4.4,5.53291559452962,730.6,-0.007878804206848144,0.05135040091124938,0.7070070207118988,0.02752822149956246
4034.6799285106167,0.5816432660603961,0.0,0.0,735.0,0.0,0.0,0.7072641313076019,0.027353984766313368
4133.7021484375,0.5816432660603961,0.0,0.0,735.0,0.0,0.0,0.7072641313076019,0.027353984766313368
271.8355712890625,0.609672379394341,278.5,47.10534545590975,456.5,0.1345113217830658,0.0385150890578457,0.6535050511360169,0.042217791785775484
370.8577912159455,0.609672379394341,278.5,47.10534545590975,456.5,0.1345113217830658,0.0385150890578457,0.6535050511360169,0.042217791785775484
469.8800111428285,0.609672379394341,278.5,47.10534545590975,456.5,0.1345113217830658,0.0385150890578457,0.6535050511360169,0.042217791785775484
568.9022310697115,0.609672379394341,278.5,47.10534545590975,456.5,0.1345113217830658,0.0385150890578457,0.6535050511360169,0.042217791785775484
667.9244509965945,0.609672379394341,278.5,47.10534545590975,456.5,0.1345113217830658,0.0385150890578457,0.6535050511360169,0.042217791785775484
766.9466709234775,0.609672379394341,278.5,47.10534545590975,456.5,0.1345113217830658,0.0385150890578457,0.6535050511360169,0.042217791785775484
865.9688908503606,0.609672379394341,278.5,47.10534545590975,456.5,0.1345113217830658,0.0385150890578457,0.6535050511360169,0.042217791785775484
964.9911107772435,0.609672379394341,278.5,47.10534545590975,456.5,0.1345113217830658,0.0385150890578457,0.6535050511360169,0.042217791785775484
1064.0133307041265,0.609672379394341,278.5,47.10534545590975,456.5,0.1345113217830658,0.0385150890578457,0.6535050511360169,0.042217791785775484
1163.0355506310098,0.609672379394341,278.5,47.10534545590975,456.5,0.1345113217830658,0.0385150890578457,0.6535050511360169,0.042217791785775484
1262.0577705578926,0.609672379394341,278.5,47.10534545590975,456.5,0.1345113217830658,0.0385150890578457,0.6535050511360169,0.042217791785775484
1361.0799904847756,0.609672379394341,278.5,47.10534545590975,456.5,0.1345113217830658,0.0385150890578457,0.6535050511360169,0.042217791785775484
1460.1022104116587,0.609672379394341,278.5,47.10534545590975,456.5,0.1345113217830658,0.0385150890578457,0.6535050511360169,0.042217791785775484
1559.1244303385417,0.609672379394341,278.5,47.10534545590975,456.5,0.1345113217830658,0.0385150890578457,0.6535050511360169,0.042217791785775484
1658.1466502654246,0.609672379394341,278.5,47.10534545590975,456.5,0.1345113217830658,0.0385150890578457,0.6535050511360169,0.042217791785775484
1757.1688701923076,0.609672379394341,278.5,47.10534545590975,456.5,0.1345113217830658,0.0385150890578457,0.6535050511360169,0.042217791785775484
1856.1910901191907,0.609672379394341,278.5,47.10534545590975,456.5,0.1345113217830658,0.0385150890578457,0.6535050511360169,0.042217791785775484
1955.2133100460737,0.609672379394341,278.5,47.10534545590975,456.5,0.1345113217830658,0.0385150890578457,0.6535050511360169,0.042217791785775484
2054.235529972957,0.609672379394341,278.5,47.10534545590975,456.5,0.1345113217830658,0.0385150890578457,0.6535050511360169,0.042217791785775484
2153.25774989984,0.609672379394341,278.5,47.10534545590975,456.5,0.1345113217830658,0.0385150890578457,0.6535050511360169,0.042217791785775484
2252.2799698267227,0.609672379394341,278.5,47.10534545590975,456.5,0.1345113217830658,0.0385150890578457,0.6535050511360169,0.042217791785775484
2351.302189753606,0.609672379394341,277.6,46.74054412791494,457.4,0.13397226929664613,0.0375481541281571,0.6542279958724976,0.042558967596562566
2450.3244096804888,0.609672379394341,277.0,46.54525412401046,458.0,0.13358694911003113,0.03686615752627955,0.6546745300292969,0.04279956932766679
2549.3466296073716,0.609672379394341,277.0,46.54525412401046,458.0,0.13358694911003113,0.03686615752627955,0.6546745300292969,0.04279956932766679
2648.368849534255,0.609672379394341,276.8,46.43983315659409,458.2,0.13349468111991883,0.03694506733124633,0.6549354434013367,0.0426881081491948
2747.3910694611377,0.609672379394341,276.1,46.00269618978569,458.9,0.1332636594772339,0.03698813414542273,0.6555263698101044,0.04294931796346183
2846.413289388021,0.609672379394341,267.5,41.715184019313504,467.5,0.133860981464386,0.037209990999120014,0.6583394587039948,0.04585815159281444
2945.435509314904,0.609672379394341,259.6,39.918083382983994,475.4,0.131143981218338,0.03730287009425007,0.6630316257476807,0.0465179583812388
3044.4577292417866,0.609672379394341,253.3,38.330864514201345,481.7,0.126992928981781,0.0331702094027117,0.666419905424118,0.047557085012537366
3143.47994916867,0.609672379394341,245.2,37.234920601223614,489.8,0.1227783977985382,0.029175615257200138,0.6703829646110535,0.04571406565883205
3242.5021690955527,0.609672379394341,230.1,34.24668198964774,504.9,0.12943544387817382,0.03456788636443202,0.6735858500003815,0.045318237734840595
3341.524389022436,0.609672379394341,200.5,52.739752243998694,534.5,0.10748671293258667,0.034862788298513386,0.6777298510074615,0.0428657581540137
3440.546608949319,0.609672379394341,168.0,66.97921002684102,567.0,0.08750563263893127,0.042756697875820565,0.6862705826759339,0.041546807768625085
3539.5688288762017,0.609672379394341,127.7,66.79989186092756,607.3,0.08469481468200683,0.046188335676176404,0.6909652769565582,0.0359076405893339
3638.591048803085,0.609672379394341,99.5,52.831312512694566,635.5,0.054760074615478514,0.0389179796802261,0.7003726184368133,0.03006985303611947
3737.613268729968,0.609672379394341,58.6,46.66871590621439,676.4,0.042690759897232054,0.03820093186415325,0.7035233438014984,0.02887326388757719
3836.635488656851,0.609672379394341,38.8,37.80473060908537,696.2,0.01854749917984009,0.035712763256435125,0.705472719669342,0.02792547428214552
3935.657708583734,0.609672379394341,29.1,27.64494271921134,705.9,0.0173128604888916,0.03850250102788802,0.7070221722126007,0.027560168769145715
4034.6799285106167,0.609672379394341,12.5,15.66996337466078,722.5,0.0014379024505615234,0.057938499459572884,0.7065381526947021,0.027856494768450698
4133.7021484375,0.609672379394341,0.0,0.0,735.0,0.0,0.0,0.7072641313076019,0.027353984766313368
271.8355712890625,0.637701492728286,311.2,37.24408176050732,423.8,0.13470470309257507,0.039382841757235706,0.6491219222545623,0.04141582113748917
370.8577912159455,0.637701492728286,311.2,37.24408176050732,423.8,0.13470470309257507,0.039382841757235706,0.6491219222545623,0.04141582113748917
469.8800111428285,0.637701492728286,311.2,37.24408176050732,423.8,0.13470470309257507,0.039382841757235706,0.6491219222545623,0.04141582113748917
568.9022310697115,0.637701492728286,311.2,37.24408176050732,423.8,0.13470470309257507,0.039382841757235706,0.6491219222545623,0.04141582113748917
667.9244509965945,0.637701492728286,311.2,37.24408176050732,423.8,0.13470470309257507,0.039382841757235706,0.6491219222545623,0.04141582113748917
766.9466709234775,0.637701492728286,311.2,37.24408176050732,423.8,0.13470470309257507,0.039382841757235706,0.6491219222545623,0.04141582113748917
865.9688908503606,0.637701492728286,311.2,37.24408176050732,423.8,0.13470470309257507,0.039382841757235706,0.6491219222545623,0.04141582113748917
964.9911107772435,0.637701492728286,311.2,37.24408176050732,423.8,0.13470470309257507,0.039382841757235706,0.6491219222545623,0.04141582113748917
1064.0133307041265,0.637701492728286,311.2,37.24408176050732,423.8,0.13470470309257507,0.039382841757235706,0.6491219222545623,0.04141582113748917
1163.0355506310098,0.637701492728286,311.2,37.24408176050732,423.8,0.13470470309257507,0.039382841757235706,0.6491219222545623,0.04141582113748917
1262.0577705578926,0.637701492728286,311.2,37.24408176050732,423.8,0.13470470309257507,0.039382841757235706,0.6491219222545623,0.04141582113748917
1361.0799904847756,0.637701492728286,311.2,37.24408176050732,423.8,0.13470470309257507,0.039382841757235706,0.6491219222545623,0.04141582113748917
1460.1022104116587,0.637701492728286,311.2,37.24408176050732,423.8,0.13470470309257507,0.039382841757235706,0.6491219222545623,0.04141582113748917
1559.1244303385417,0.637701492728286,311.2,37.24408176050732,423.8,0.13470470309257507,0.039382841757235706,0.6491219222545623,0.04141582113748917
1658.1466502654246,0.637701492728286,311.2,37.24408176050732,423.8,0.13470470309257507,0.039382841757235706,0.6491219222545623,0.04141582113748917
1757.1688701923076,0.637701492728286,311.2,37.24408176050732,423.8,0.13470470309257507,0.039382841757235706,0.6491219222545623,0.04141582113748917
1856.1910901191907,0.637701492728286,311.2,37.24408176050732,423.8,0.13470470309257507,0.039382841757235706,0.6491219222545623,0.04141582113748917
1955.2133100460737,0.637701492728286,311.2,37.24408176050732,423.8,0.13470470309257507,0.039382841757235706,0.6491219222545623,0.04141582113748917
2054.235529972957,0.637701492728286,311.2,37.24408176050732,423.8,0.13470470309257507,0.039382841757235706,0.6491219222545623,0.04141582113748917
2153.25774989984,0.637701492728286,311.2,37.24408176050732,423.8,0.13470470309257507,0.039382841757235706,0.6491219222545623,0.04141582113748917
2252.2799698267227,0.637701492728286,311.2,37.24408176050732,423.8,0.13470470309257507,0.039382841757235706,0.6491219222545623,0.04141582113748917
2351.302189753606,0.637701492728286,310.3,37.06848217634828,424.7,0.1341666877269745,0.038345298210963795,0.6498974144458771,0.04180052919731884
2450.3244096804888,0.637701492728286,309.7,37.01322043317345,425.3,0.13378354907035828,0.037612990104505375,0.6503748238086701,0.0420720057281814
2549.3466296073716,0.637701492728286,309.7,37.01322043317345,425.3,0.13378354907035828,0.037612990104505375,0.6503748238086701,0.0420720057281814
2648.368849534255,0.637701492728286,309.5,36.87963770941736,425.5,0.13368618488311768,0.037691066048337066,0.6507271468639374,0.041795586054677245
2747.3910694611377,0.637701492728286,308.8,36.40409990409474,426.2,0.13345460295677186,0.03780734788675772,0.6514911949634552,0.0419789843678429
2846.413289388021,0.637701492728286,300.2,31.310521567713277,434.8,0.13356323838233947,0.03754234520752666,0.6554398119449616,0.04576051477901668
2945.435509314904,0.637701492728286,292.0,29.70430484085089,443.0,0.13191859126091005,0.04024416048473566,0.6614337623119354,0.045552281333062446
3044.4577292417866,0.637701492728286,284.4,29.216392020794466,450.6,0.12509926557540893,0.031194209187915583,0.6655108630657196,0.04649874510565806
3143.47994916867,0.637701492728286,273.0,32.98580601201329,462.0,0.12545375823974608,0.025044619574508688,0.670243090391159,0.0453525042546985
3242.5021690955527,0.637701492728286,256.3,32.97037478110182,478.7,0.13205581903457642,0.031231531502942594,0.6747113585472106,0.045257110536456216
3341.524389022436,0.637701492728286,224.8,57.61947136435514,510.2,0.10798777341842651,0.03329457293349372,0.6797061860561371,0.042637154076014906
3440.546608949319,0.637701492728286,189.6,73.43804429476168,545.4,0.0950774908065796,0.044654854593063245,0.6867165863513947,0.043155249851839696
3539.5688288762017,0.637701492728286,147.1,75.69157434301104,587.9,0.09135026335716248,0.05102086112735695,0.6931002616882325,0.03698722913644435
3638.591048803085,0.637701492728286,118.9,64.01851480733917,616.1,0.06344347596168518,0.042908971494947906,0.7034752249717713,0.030441313613476635
3737.613268729968,0.637701492728286,78.0,62.75510108083395,657.0,0.05045598149299622,0.044028839118795404,0.706885713338852,0.029483675759260943
3836.635488656851,0.637701492728286,58.2,58.13426043780634,676.8,0.027008169889450075,0.039434836623614924,0.7090332090854645,0.028588533504534865
3935.657708583734,0.637701492728286,45.3,47.28822384928354,689.7,0.022259581089019775,0.03744547001331024,0.7093122899532318,0.027454588138280684
4034.6799285106167,0.637701492728286,28.7,38.4597026439753,706.3,0.026460522413253786,0.036436381413863614,0.7091105222702027,0.027984063315319312
4133.7021484375,0.637701492728286,0.2,0.4524314325708198,734.8,0.0,0.0,0.7072304904460907,0.027338810591051605
271.8355712890625,0.6657306060622309,352.5,24.72153594070158,382.5,0.15301897525787353,0.03281095170553837,0.6331325650215149,0.043238432888778044
370.8577912159455,0.6657306060622309,352.5,24.72153594070158,382.5,0.15301897525787353,0.03281095170553837,0.6331325650215149,0.043238432888778044
469.8800111428285,0.6657306060622309,352.5,24.72153594070158,382.5,0.15301897525787353,0.03281095170553837,0.6331325650215149,0.043238432888778044
568.9022310697115,0.6657306060622309,352.5,24.72153594070158,382.5,0.15301897525787353,0.03281095170553837,0.6331325650215149,0.043238432888778044
667.9244509965945,0.6657306060622309,352.5,24.72153594070158,382.5,0.15301897525787353,0.03281095170553837,0.6331325650215149,0.043238432888778044
766.9466709234775,0.6657306060622309,352.5,24.72153594070158,382.5,0.15301897525787353,0.03281095170553837,0.6331325650215149,0.043238432888778044
865.9688908503606,0.6657306060622309,352.5,24.72153594070158,382.5,0.15301897525787353,0.03281095170553837,0.6331325650215149,0.043238432888778044
964.9911107772435,0.6657306060622309,352.5,24.72153594070158,382.5,0.15301897525787353,0.03281095170553837,0.6331325650215149,0.043238432888778044
1064.0133307041265,0.6657306060622309,352.5,24.72153594070158,382.5,0.15301897525787353,0.03281095170553837,0.6331325650215149,0.043238432888778044
1163.0355506310098,0.6657306060622309,352.5,24.72153594070158,382.5,0.15301897525787353,0.03281095170553837,0.6331325650215149,0.043238432888778044
1262.0577705578926,0.6657306060622309,352.5,24.72153594070158,382.5,0.15301897525787353,0.03281095170553837,0.6331325650215149,0.043238432888778044
1361.0799904847756,0.6657306060622309,352.5,24.72153594070158,382.5,0.15301897525787353,0.03281095170553837,0.6331325650215149,0.043238432888778044
1460.1022104116587,0.6657306060622309,352.5,24.72153594070158,382.5,0.15301897525787353,0.03281095170553837,0.6331325650215149,0.043238432888778044
1559.1244303385417,0.6657306060622309,352.5,24.72153594070158,382.5,0.15301897525787353,0.03281095170553837,0.6331325650215149,0.043238432888778044
1658.1466502654246,0.6657306060622309,352.5,24.72153594070158,382.5,0.15301897525787353,0.03281095170553837,0.6331325650215149,0.043238432888778044
1757.1688701923076,0.6657306060622309,352.5,24.72153594070158,382.5,0.15301897525787353,0.03281095170553837,0.6331325650215149,0.043238432888778044
1856.1910901191907,0.6657306060622309,352.5,24.72153594070158,382.5,0.15301897525787353,0.03281095170553837,0.6331325650215149,0.043238432888778044
1955.2133100460737,0.6657306060622309,352.5,24.72153594070158,382.5,0.15301897525787353,0.03281095170553837,0.6331325650215149,0.043238432888778044
2054.235529972957,0.6657306060622309,352.5,24.72153594070158,382.5,0.15301897525787353,0.03281095170553837,0.6331325650215149,0.043238432888778044
2153.25774989984,0.6657306060622309,352.5,24.72153594070158,382.5,0.15301897525787353,0.03281095170553837,0.6331325650215149,0.043238432888778044
2252.2799698267227,0.6657306060622309,352.5,24.72153594070158,382.5,0.15301897525787353,0.03281095170553837,0.6331325650215149,0.043238432888778044
2351.302189753606,0.6657306060622309,351.6,24.37864313739594,383.4,0.15251618027687072,0.03196377884275766,0.6342406213283539,0.0436836379378221
2450.3244096804888,0.6657306060622309,351.0,24.24252040078364,384.0,0.15216221213340758,0.03137838033907739,0.6349108099937439,0.044020049786617846
2549.3466296073716,0.6657306060622309,351.0,24.24252040078364,384.0,0.15216221213340758,0.03137838033907739,0.6349108099937439,0.044020049786617846
2648.368849534255,0.6657306060622309,350.8,24.157466083153636,384.2,0.15206965804100037,0.031392907987663025,0.6353153109550476,0.04372589766832411
2747.3910694611377,0.6657306060622309,349.2,23.67964629016163,385.8,0.15006838440895082,0.028702582807090454,0.6362948060035706,0.0440514971185702
2846.413289388021,0.6657306060622309,337.0,22.561166790073226,398.0,0.15354494452476503,0.03393952465291024,0.6423698246479035,0.04968774000130401
2945.435509314904,0.6657306060622309,328.6,25.580497914741095,406.4,0.15201660990715027,0.03582902690409384,0.6489795625209809,0.04990518163148686
3044.4577292417866,0.6657306060622309,319.3,31.039218087685178,415.7,0.14409337639808656,0.02782205563422041,0.6529805064201355,0.050510774885085236
3143.47994916867,0.6657306060622309,306.7,40.18759675876523,428.3,0.13890500664710997,0.02818804800762133,0.6585675239562988,0.049099736492574875
3242.5021690955527,0.6657306060622309,288.2,45.801218993311394,446.8,0.1457403779029846,0.03202058570799174,0.6650060534477233,0.04800649651662838
3341.524389022436,0.6657306060622309,256.0,72.35603189873991,479.0,0.12164018154144288,0.03838353697324629,0.6716480672359466,0.04478987533214788
3440.546608949319,0.6657306060622309,213.5,86.87210409667863,521.5,0.10887138247489929,0.04966449292921895,0.681042468547821,0.04335148334176713
3539.5688288762017,0.6657306060622309,171.0,92.03023269961454,564.0,0.10483821034431458,0.05512727108366026,0.6898913621902466,0.03518712533175806
3638.591048803085,0.6657306060622309,142.8,81.88800625117976,592.2,0.07528759241104126,0.04818841853764002,0.7016917049884797,0.030405479427321448
3737.613268729968,0.6657306060622309,96.4,78.19505080880002,638.6,0.06228289008140564,0.05098250314474297,0.7070044159889222,0.030439657379348894
3836.635488656851,0.6657306060622309,74.2,74.25850333084288,660.8,0.042558705806732176,0.044317639597820896,0.7095137655735015,0.029129253382770653
3935.657708583734,0.6657306060622309,61.3,65.02892006090786,673.7,0.038205885887146,0.0410864625338747,0.7105569660663604,0.02723762923359886
4034.6799285106167,0.6657306060622309,44.6,56.60638678843344,690.4,0.03031594157218933,0.03876588109506211,0.7107762515544891,0.027038508272513036
4133.7021484375,0.6657306060622309,0.2,0.4524314325708198,734.8,0.0,0.0,0.7072304904460907,0.027338810591051605
271.8355712890625,0.6937597193961758,378.2,26.665748954274715,356.8,0.17332337498664857,0.038247851279119935,0.6192757844924927,0.04209223176063174
370.8577912159455,0.6937597193961758,378.2,26.665748954274715,356.8,0.17332337498664857,0.038247851279119935,0.6192757844924927,0.04209223176063174
469.8800111428285,0.6937597193961758,378.2,26.665748954274715,356.8,0.17332337498664857,0.038247851279119935,0.6192757844924927,0.04209223176063174
568.9022310697115,0.6937597193961758,378.2,26.665748954274715,356.8,0.17332337498664857,0.038247851279119935,0.6192757844924927,0.04209223176063174
667.9244509965945,0.6937597193961758,378.2,26.665748954274715,356.8,0.17332337498664857,0.038247851279119935,0.6192757844924927,0.04209223176063174
766.9466709234775,0.6937597193961758,378.2,26.665748954274715,356.8,0.17332337498664857,0.038247851279119935,0.6192757844924927,0.04209223176063174
865.9688908503606,0.6937597193961758,378.2,26.665748954274715,356.8,0.17332337498664857,0.038247851279119935,0.6192757844924927,0.04209223176063174
964.9911107772435,0.6937597193961758,378.2,26.665748954274715,356.8,0.17332337498664857,0.038247851279119935,0.6192757844924927,0.04209223176063174
1064.0133307041265,0.6937597193961758,378.2,26.665748954274715,356.8,0.17332337498664857,0.038247851279119935,0.6192757844924927,0.04209223176063174
1163.0355506310098,0.6937597193961758,378.2,26.665748954274715,356.8,0.17332337498664857,0.038247851279119935,0.6192757844924927,0.04209223176063174
1262.0577705578926,0.6937597193961758,378.2,26.665748954274715,356.8,0.17332337498664857,0.038247851279119935,0.6192757844924927,0.04209223176063174
1361.0799904847756,0.6937597193961758,378.2,26.665748954274715,356.8,0.17332337498664857,0.038247851279119935,0.6192757844924927,0.04209223176063174
1460.1022104116587,0.6937597193961758,378.2,26.665748954274715,356.8,0.17332337498664857,0.038247851279119935,0.6192757844924927,0.04209223176063174
1559.1244303385417,0.6937597193961758,378.2,26.665748954274715,356.8,0.17332337498664857,0.038247851279119935,0.6192757844924927,0.04209223176063174
1658.1466502654246,0.6937597193961758,378.2,26.665748954274715,356.8,0.17332337498664857,0.038247851279119935,0.6192757844924927,0.04209223176063174
1757.1688701923076,0.6937597193961758,378.2,26.665748954274715,356.8,0.17332337498664857,0.038247851279119935,0.6192757844924927,0.04209223176063174
1856.1910901191907,0.6937597193961758,378.2,26.665748954274715,356.8,0.17332337498664857,0.038247851279119935,0.6192757844924927,0.04209223176063174
1955.2133100460737,0.6937597193961758,378.2,26.665748954274715,356.8,0.17332337498664857,0.038247851279119935,0.6192757844924927,0.04209223176063174
2054.235529972957,0.6937597193961758,378.2,26.665748954274715,356.8,0.17332337498664857,0.038247851279119935,0.6192757844924927,0.04209223176063174
2153.25774989984,0.6937597193961758,378.2,26.665748954274715,356.8,0.17332337498664857,0.038247851279119935,0.6192757844924927,0.04209223176063174
2252.2799698267227,0.6937597193961758,378.2,26.665748954274715,356.8,0.17332337498664857,0.038247851279119935,0.6192757844924927,0.04209223176063174
2351.302189753606,0.6937597193961758,377.3,26.6513520114456,357.7,0.17282460927963256,0.037489474736285305,0.620453143119812,0.04274667400691769
2450.3244096804888,0.6937597193961758,376.7,26.728046095095447,358.3,0.1724740445613861,0.036967738175200306,0.6211625158786773,0.043215505992774336
2549.3466296073716,0.6937597193961758,376.7,26.728046095095447,358.3,0.1724740445613861,0.036967738175200306,0.6211625158786773,0.043215505992774336
2648.368849534255,0.6937597193961758,375.8,26.835791163011432,359.2,0.17149495482444763,0.035693047118822666,0.6219170331954956,0.042913024477025566
2747.3910694611377,0.6937597193961758,373.9,27.117489407801656,361.1,0.1678227424621582,0.031598042852310486,0.6230610132217407,0.043297367938253936
2846.413289388021,0.6937597193961758,359.6,30.145501787665943,375.4,0.17315495014190674,0.03363371383874308,0.6292763710021972,0.049524505194356534
2945.435509314904,0.6937597193961758,349.4,33.910902058458234,385.6,0.16936380863189698,0.03621581763860742,0.6380876958370209,0.04930620596612013
3044.4577292417866,0.6937597193961758,335.8,36.41815427548739,399.2,0.15938557386398317,0.031872948904245954,0.6469108581542968,0.05295898554570383
3143.47994916867,0.6937597193961758,318.1,44.015543489774245,416.9,0.1455885648727417,0.035208048627519105,0.6515369772911072,0.05127472215313074
3242.5021690955527,0.6937597193961758,299.2,51.331863597234474,435.8,0.15418261885643006,0.03719392790072148,0.6580514907836914,0.05060137273942342
3341.524389022436,0.6937597193961758,266.4,77.98680873586015,468.6,0.12857933044433595,0.04487590308152008,0.6651837885379791,0.04752449627211939
3440.546608949319,0.6937597193961758,223.9,93.51614706499612,511.1,0.1156810998916626,0.05547652818188819,0.6757961392402649,0.0455882370112855
3539.5688288762017,0.6937597193961758,181.4,100.29531726702801,553.6,0.11150957942008972,0.060474034511047096,0.6854811847209931,0.037164309172461295
3638.591048803085,0.6937597193961758,152.6,89.379989593746,582.4,0.08503125309944153,0.05587256958679036,0.6992036759853363,0.03130534532697164
3737.613268729968,0.6937597193961758,105.9,87.0540010347959,629.1,0.07218266725540161,0.058214889707146604,0.7049555242061615,0.031410714149757275
3836.635488656851,0.6937597193961758,83.7,84.04559126809542,651.3,0.053274548053741454,0.053143330169417656,0.7078126072883606,0.029890939259293297
3935.657708583734,0.6937597193961758,69.0,73.10964689261192,666.0,0.04866472482681274,0.04926326310682542,0.7095501601696015,0.027530882092035306
4034.6799285106167,0.6937597193961758,44.6,56.60638678843344,690.4,0.03031594157218933,0.03876588109506211,0.7107762515544891,0.027038508272513036
4133.7021484375,0.6937597193961758,0.2,0.4524314325708198,734.8,0.0,0.0,0.7072304904460907,0.027338810591051605
271.8355712890625,0.7217888327301207,403.0,21.888310801826893,332.0,0.18817253708839415,0.03851822138303344,0.6031423270702362,0.046730655252737084
370.8577912159455,0.7217888327301207,403.0,21.888310801826893,332.0,0.18817253708839415,0.03851822138303344,0.6031423270702362,0.046730655252737084
469.8800111428285,0.7217888327301207,403.0,21.888310801826893,332.0,0.18817253708839415,0.03851822138303344,0.6031423270702362,0.046730655252737084
568.9022310697115,0.7217888327301207,403.0,21.888310801826893,332.0,0.18817253708839415,0.03851822138303344,0.6031423270702362,0.046730655252737084
667.9244509965945,0.7217888327301207,403.0,21.888310801826893,332.0,0.18817253708839415,0.03851822138303344,0.6031423270702362,0.046730655252737084
766.9466709234775,0.7217888327301207,403.0,21.888310801826893,332.0,0.18817253708839415,0.03851822138303344,0.6031423270702362,0.046730655252737084
865.9688908503606,0.7217888327301207,403.0,21.888310801826893,332.0,0.18817253708839415,0.03851822138303344,0.6031423270702362,0.046730655252737084
964.9911107772435,0.7217888327301207,403.0,21.888310801826893,332.0,0.18817253708839415,0.03851822138303344,0.6031423270702362,0.046730655252737084
1064.0133307041265,0.7217888327301207,403.0,21.888310801826893,332.0,0.18817253708839415,0.03851822138303344,0.6031423270702362,0.046730655252737084
1163.0355506310098,0.7217888327301207,403.0,21.888310801826893,332.0,0.18817253708839415,0.03851822138303344,0.6031423270702362,0.046730655252737084
1262.0577705578926,0.7217888327301207,403.0,21.888310801826893,332.0,0.18817253708839415,0.03851822138303344,0.6031423270702362,0.046730655252737084
1361.0799904847756,0.7217888327301207,403.0,21.888310801826893,332.0,0.18817253708839415,0.03851822138303344,0.6031423270702362,0.046730655252737084
1460.1022104116587,0.7217888327301207,403.0,21.888310801826893,332.0,0.18817253708839415,0.03851822138303344,0.6031423270702362,0.046730655252737084
1559.1244303385417,0.7217888327301207,403.0,21.888310801826893,332.0,0.18817253708839415,0.03851822138303344,0.6031423270702362,0.046730655252737084
1658.1466502654246,0.7217888327301207,403.0,21.888310801826893,332.0,0.18817253708839415,0.03851822138303344,0.6031423270702362,0.046730655252737084
1757.1688701923076,0.7217888327301207,403.0,21.888310801826893,332.0,0.18817253708839415,0.03851822138303344,0.6031423270702362,0.046730655252737084
1856.1910901191907,0.7217888327301207,403.0,21.888310801826893,332.0,0.18817253708839415,0.03851822138303344,0.6031423270702362,0.046730655252737084
1955.2133100460737,0.7217888327301207,403.0,21.888310801826893,332.0,0.18817253708839415,0.03851822138303344,0.6031423270702362,0.046730655252737084
2054.235529972957,0.7217888327301207,403.0,21.888310801826893,332.0,0.18817253708839415,0.03851822138303344,0.6031423270702362,0.046730655252737084
2153.25774989984,0.7217888327301207,403.0,21.888310801826893,332.0,0.18817253708839415,0.03851822138303344,0.6031423270702362,0.046730655252737084
2252.2799698267227,0.7217888327301207,403.0,21.888310801826893,332.0,0.18817253708839415,0.03851822138303344,0.6031423270702362,0.046730655252737084
2351.302189753606,0.7217888327301207,402.1,22.237387175565896,332.9,0.1876214861869812,0.0384193570681752,0.6044064879417419,0.04759237068250226
2450.3244096804888,0.7217888327301207,401.1,22.832850732015107,333.9,0.1948049008846283,0.04264984002977191,0.6047452628612519,0.04784970515551273
2549.3466296073716,0.7217888327301207,400.6,23.207669656813927,334.4,0.19472758173942567,0.04257353282510398,0.6051744997501374,0.048191286788623354
2648.368849534255,0.7217888327301207,398.4,22.516261872652244,336.6,0.19302622079849244,0.04245529005561959,0.607630705833435,0.04958057227586489
2747.3910694611377,0.7217888327301207,393.2,22.474809389783918,341.8,0.19238134622573852,0.039771107441677056,0.613961398601532,0.04576724426383364
2846.413289388021,0.7217888327301207,378.7,31.46133925386402,356.3,0.19680328965187072,0.03984377859591824,0.6202850222587586,0.05224296643473378
2945.435509314904,0.7217888327301207,367.4,37.65765104147678,367.6,0.18959556818008422,0.042312802481852076,0.6287841975688935,0.05316091339591079
3044.4577292417866,0.7217888327301207,350.1,42.00342545202798,384.9,0.1765515148639679,0.04180260290243862,0.6380222737789154,0.05720935044334642
3143.47994916867,0.7217888327301207,329.8,50.74251539901093,405.2,0.16161590814590454,0.04762653968701932,0.6450893104076385,0.05459058272472278
3242.5021690955527,0.7217888327301207,310.9,59.29599679393083,424.1,0.17021710872650148,0.047440103369995476,0.6517508089542389,0.054159234822607025
3341.524389022436,0.7217888327301207,278.1,85.54520784162875,456.9,0.1446060597896576,0.057268895253668635,0.6596175074577332,0.05094857317497423
3440.546608949319,0.7217888327301207,234.7,101.0841186920974,500.3,0.12425047755241395,0.06320782967652062,0.6708284914493561,0.048897167897887825
3539.5688288762017,0.7217888327301207,191.0,108.44206682685895,544.0,0.12187197804450989,0.06797703819922721,0.6821796298027039,0.03939675070603146
3638.591048803085,0.7217888327301207,162.2,97.10531948080718,572.8,0.09608052372932434,0.0645015597482658,0.6981339275836944,0.032735941846578596
3737.613268729968,0.7217888327301207,113.9,94.18017724871464,621.1,0.08456183671951294,0.0683437516964162,0.7047872602939605,0.032847005513486634
3836.635488656851,0.7217888327301207,87.2,88.3186896930244,647.8,0.052900904417037965,0.05469880504503117,0.707706606388092,0.03152527860249887
3935.657708583734,0.7217888327301207,69.0,73.10964689261192,666.0,0.04866472482681274,0.04926326310682542,0.7095501601696015,0.027530882092035306
4034.6799285106167,0.7217888327301207,44.6,56.60638678843344,690.4,0.03031594157218933,0.03876588109506211,0.7107762515544891,0.027038508272513036
4133.7021484375,0.7217888327301207,0.2,0.4524314325708198,734.8,0.0,0.0,0.7072304904460907,0.027338810591051605
271.8355712890625,0.7498179460640657,416.7,19.637383154825205,318.3,0.21018067002296448,0.04784545752481287,0.5962839603424073,0.052218986863570835
370.8577912159455,0.7498179460640657,416.7,19.637383154825205,318.3,0.21018067002296448,0.04784545752481287,0.5962839603424073,0.052218986863570835
469.8800111428285,0.7498179460640657,416.7,19.637383154825205,318.3,0.21018067002296448,0.04784545752481287,0.5962839603424073,0.052218986863570835
568.9022310697115,0.7498179460640657,416.7,19.637383154825205,318.3,0.21018067002296448,0.04784545752481287,0.5962839603424073,0.052218986863570835
667.9244509965945,0.7498179460640657,416.7,19.637383154825205,318.3,0.21018067002296448,0.04784545752481287,0.5962839603424073,0.052218986863570835
766.9466709234775,0.7498179460640657,416.7,19.637383154825205,318.3,0.21018067002296448,0.04784545752481287,0.5962839603424073,0.052218986863570835
865.9688908503606,0.7498179460640657,416.7,19.637383154825205,318.3,0.21018067002296448,0.04784545752481287,0.5962839603424073,0.052218986863570835
964.9911107772435,0.7498179460640657,416.7,19.637383154825205,318.3,0.21018067002296448,0.04784545752481287,0.5962839603424073,0.052218986863570835
1064.0133307041265,0.7498179460640657,416.7,19.637383154825205,318.3,0.21018067002296448,0.04784545752481287,0.5962839603424073,0.052218986863570835
1163.0355506310098,0.7498179460640657,416.7,19.637383154825205,318.3,0.21018067002296448,0.04784545752481287,0.5962839603424073,0.052218986863570835
1262.0577705578926,0.7498179460640657,416.7,19.637383154825205,318.3,0.21018067002296448,0.04784545752481287,0.5962839603424073,0.052218986863570835
1361.0799904847756,0.7498179460640657,416.7,19.637383154825205,318.3,0.21018067002296448,0.04784545752481287,0.5962839603424073,0.052218986863570835
1460.1022104116587,0.7498179460640657,416.7,19.637383154825205,318.3,0.21018067002296448,0.04784545752481287,0.5962839603424073,0.052218986863570835
1559.1244303385417,0.7498179460640657,416.7,19.637383154825205,318.3,0.21018067002296448,0.04784545752481287,0.5962839603424073,0.052218986863570835
1658.1466502654246,0.7498179460640657,416.7,19.637383154825205,318.3,0.21018067002296448,0.04784545752481287,0.5962839603424073,0.052218986863570835
1757.1688701923076,0.7498179460640657,416.7,19.637383154825205,318.3,0.21018067002296448,0.04784545752481287,0.5962839603424073,0.052218986863570835
1856.1910901191907,0.7498179460640657,416.7,19.637383154825205,318.3,0.21018067002296448,0.04784545752481287,0.5962839603424073,0.052218986863570835
1955.2133100460737,0.7498179460640657,416.7,19.637383154825205,318.3,0.21018067002296448,0.04784545752481287,0.5962839603424073,0.052218986863570835
2054.235529972957,0.7498179460640657,416.7,19.637383154825205,318.3,0.21018067002296448,0.04784545752481287,0.5962839603424073,0.052218986863570835
2153.25774989984,0.7498179460640657,416.7,19.637383154825205,318.3,0.21018067002296448,0.04784545752481287,0.5962839603424073,0.052218986863570835
2252.2799698267227,0.7498179460640657,416.7,19.637383154825205,318.3,0.21018067002296448,0.04784545752481287,0.5962839603424073,0.052218986863570835
2351.302189753606,0.7498179460640657,415.2,20.589358674806086,319.8,0.20797786712646485,0.04717879616525494,0.5975339531898498,0.0531205998132667
2450.3244096804888,0.7498179460640657,413.9,21.81141337208645,321.1,0.21255385279655456,0.04912239139256992,0.5975387752056122,0.053124339706113834
2549.3466296073716,0.7498179460640657,413.4,22.366775084469328,321.6,0.21247653365135194,0.04907205704921707,0.5979680120944977,0.0534651191614464
2648.368849534255,0.7498179460640657,409.8,21.460177279103704,325.2,0.20770322680473327,0.051741716896933125,0.5998876988887787,0.052662807220506605
2747.3910694611377,0.7498179460640657,403.4,22.341339209472046,331.6,0.20861148834228516,0.04840352943249269,0.6083832800388336,0.047824624748703734
2846.413289388021,0.7498179460640657,387.6,33.763027209667555,347.4,0.2104855716228485,0.04724142787741463,0.6155904769897461,0.0538751845978262
2945.435509314904,0.7498179460640657,375.7,40.886122285820335,359.3,0.20201123952865602,0.05055145207943737,0.6244080901145935,0.05497197630238435
3044.4577292417866,0.7498179460640657,358.4,46.70281764897352,376.6,0.18896718621253966,0.051929782944203536,0.6336461663246155,0.059285058933243054
3143.47994916867,0.7498179460640657,338.1,56.420505491096186,396.9,0.1740315794944763,0.058552604751738,0.6407132029533387,0.05707108744300013
3242.5021690955527,0.7498179460640657,319.0,65.36725273859882,416.0,0.1825914204120636,0.05729879547859321,0.6478464782238007,0.056551752035098025
3341.524389022436,0.7498179460640657,285.0,90.18100870918414,450.0,0.15472993850708008,0.06661975463848045,0.656476765871048,0.05285017950182261
3440.546608949319,0.7498179460640657,241.6,106.30758820443071,493.4,0.1343779981136322,0.07300093609870387,0.6684363961219788,0.05072667555684391
3539.5688288762017,0.7498179460640657,196.2,112.80321287283519,538.8,0.12729609608650208,0.07142873585098072,0.6807961881160736,0.040641982805920726
3638.591048803085,0.7498179460640657,167.3,100.8419549665545,567.7,0.10158613324165344,0.06881738022026598,0.6975944697856903,0.03340155953463399
3737.613268729968,0.7498179460640657,116.1,95.56819027330751,618.9,0.08737135529518128,0.07022084292654475,0.704587596654892,0.03286015302782243
3836.635488656851,0.7498179460640657,87.2,88.3186896930244,647.8,0.052900904417037965,0.05469880504503117,0.707706606388092,0.03152527860249887
3935.657708583734,0.7498179460640657,69.0,73.10964689261192,666.0,0.04866472482681274,0.04926326310682542,0.7095501601696015,0.027530882092035306
4034.6799285106167,0.7498179460640657,44.6,56.60638678843344,690.4,0.03031594157218933,0.03876588109506211,0.7107762515544891,0.027038508272513036
4133.7021484375,0.7498179460640657,0.2,0.4524314325708198,734.8,0.0,0.0,0.7072304904460907,0.027338810591051605
271.8355712890625,0.7778470593980106,429.7,16.455109434712867,305.3,0.23271725177764893,0.050326718666928026,0.5892681419849396,0.05738829588756681
370.8577912159455,0.7778470593980106,429.7,16.455109434712867,305.3,0.23271725177764893,0.050326718666928026,0.5892681419849396,0.05738829588756681
469.8800111428285,0.7778470593980106,429.7,16.455109434712867,305.3,0.23271725177764893,0.050326718666928026,0.5892681419849396,0.05738829588756681
568.9022310697115,0.7778470593980106,429.7,16.455109434712867,305.3,0.23271725177764893,0.050326718666928026,0.5892681419849396,0.05738829588756681
667.9244509965945,0.7778470593980106,429.7,16.455109434712867,305.3,0.23271725177764893,0.050326718666928026,0.5892681419849396,0.05738829588756681
766.9466709234775,0.7778470593980106,429.7,16.455109434712867,305.3,0.23271725177764893,0.050326718666928026,0.5892681419849396,0.05738829588756681
865.9688908503606,0.7778470593980106,429.7,16.455109434712867,305.3,0.23271725177764893,0.050326718666928026,0.5892681419849396,0.05738829588756681
964.9911107772435,0.7778470593980106,429.7,16.455109434712867,305.3,0.23271725177764893,0.050326718666928026,0.5892681419849396,0.05738829588756681
1064.0133307041265,0.7778470593980106,429.7,16.455109434712867,305.3,0.23271725177764893,0.050326718666928026,0.5892681419849396,0.05738829588756681
1163.0355506310098,0.7778470593980106,429.7,16.455109434712867,305.3,0.23271725177764893,0.050326718666928026,0.5892681419849396,0.05738829588756681
1262.0577705578926,0.7778470593980106,429.7,16.455109434712867,305.3,0.23271725177764893,0.050326718666928026,0.5892681419849396,0.05738829588756681
1361.0799904847756,0.7778470593980106,429.7,16.455109434712867,305.3,0.23271725177764893,0.050326718666928026,0.5892681419849396,0.05738829588756681
1460.1022104116587,0.7778470593980106,429.7,16.455109434712867,305.3,0.23271725177764893,0.050326718666928026,0.5892681419849396,0.05738829588756681
1559.1244303385417,0.7778470593980106,429.7,16.455109434712867,305.3,0.23271725177764893,0.050326718666928026,0.5892681419849396,0.05738829588756681
1658.1466502654246,0.7778470593980106,429.7,16.455109434712867,305.3,0.23271725177764893,0.050326718666928026,0.5892681419849396,0.05738829588756681
1757.1688701923076,0.7778470593980106,429.7,16.455109434712867,305.3,0.23271725177764893,0.050326718666928026,0.5892681419849396,0.05738829588756681
1856.1910901191907,0.7778470593980106,429.7,16.455109434712867,305.3,0.23271725177764893,0.050326718666928026,0.5892681419849396,0.05738829588756681
1955.2133100460737,0.7778470593980106,429.7,16.455109434712867,305.3,0.23271725177764893,0.050326718666928026,0.5892681419849396,0.05738829588756681
2054.235529972957,0.7778470593980106,429.7,16.455109434712867,305.3,0.23271725177764893,0.050326718666928026,0.5892681419849396,0.05738829588756681
2153.25774989984,0.7778470593980106,429.7,16.455109434712867,305.3,0.23271725177764893,0.050326718666928026,0.5892681419849396,0.05738829588756681
2252.2799698267227,0.7778470593980106,429.6,16.524589688448074,305.4,0.23219919204711914,0.05022155226722655,0.5892432153224945,0.05737320246867202
2351.302189753606,0.7778470593980106,427.3,18.815231462500375,307.7,0.22975292801856995,0.050093725659092966,0.5912168204784394,0.05872401815107539
2450.3244096804888,0.7778470593980106,424.7,19.588098278247593,310.3,0.2331958532333374,0.0516717703756785,0.5899571716785431,0.05764188743407657
2549.3466296073716,0.7778470593980106,423.3,19.907697085070758,311.7,0.23044559359550476,0.05380624347426999,0.5909311354160309,0.057944457981717365
2648.368849534255,0.7778470593980106,418.9,20.104937251241463,316.1,0.225509375333786,0.05724673189340774,0.593754255771637,0.05680518126961704
2747.3910694611377,0.7778470593980106,411.2,22.643679695468453,323.8,0.2185887038707733,0.052319793325734186,0.602435702085495,0.052809983439153815
2846.413289388021,0.7778470593980106,395.4,35.967903681555086,339.6,0.22046278715133666,0.0510386940492351,0.6096428990364074,0.05876207279725151
2945.435509314904,0.7778470593980106,383.5,43.942884075392975,351.5,0.21198845505714417,0.054998134287719574,0.6184605121612549,0.06026609345281916
3044.4577292417866,0.7778470593980106,365.8,50.58089889399569,369.2,0.19809786677360536,0.05693059537932109,0.6282245457172394,0.06443832585606604
3143.47994916867,0.7778470593980106,344.7,60.38924008413183,390.3,0.18207927942276,0.06345745888968514,0.6356362223625183,0.06256277185054597
3242.5021690955527,0.7778470593980106,325.6,69.80358704854012,409.4,0.1906430423259735,0.061621048792210587,0.6430065512657166,0.06191633009193276
3341.524389022436,0.7778470593980106,291.1,94.12582576817267,443.9,0.16261723637580872,0.071894264609231,0.6516907513141632,0.058218966550710294
3440.546608949319,0.7778470593980106,247.1,110.33435636107905,487.9,0.14216067194938659,0.07870006789417452,0.6640455424785614,0.05700655169185999
3539.5688288762017,0.7778470593980106,200.7,116.49953208516442,534.3,0.13211690187454223,0.07292149396284811,0.6778472661972046,0.04344659159814229
3638.591048803085,0.7778470593980106,167.3,100.8419549665545,567.7,0.10158613324165344,0.06881738022026598,0.6975944697856903,0.03340155953463399
3737.613268729968,0.7778470593980106,116.1,95.56819027330751,618.9,0.08737135529518128,0.07022084292654475,0.704587596654892,0.03286015302782243
3836.635488656851,0.7778470593980106,87.2,88.3186896930244,647.8,0.052900904417037965,0.05469880504503117,0.707706606388092,0.03152527860249887
3935.657708583734,0.7778470593980106,69.0,73.10964689261192,666.0,0.04866472482681274,0.04926326310682542,0.7095501601696015,0.027530882092035306
4034.6799285106167,0.7778470593980106,44.6,56.60638678843344,690.4,0.03031594157218933,0.03876588109506211,0.7107762515544891,0.027038508272513036
4133.7021484375,0.7778470593980106,0.2,0.4524314325708198,734.8,0.0,0.0,0.7072304904460907,0.027338810591051605
271.8355712890625,0.8058761727319554,445.9,15.385071137706541,289.1,0.25398577451705934,0.04309170556208198,0.5765485644340516,0.06013761623728045
370.8577912159455,0.8058761727319554,445.9,15.385071137706541,289.1,0.25398577451705934,0.04309170556208198,0.5765485644340516,0.06013761623728045
469.8800111428285,0.8058761727319554,445.9,15.385071137706541,289.1,0.25398577451705934,0.04309170556208198,0.5765485644340516,0.06013761623728045
568.9022310697115,0.8058761727319554,445.9,15.385071137706541,289.1,0.25398577451705934,0.04309170556208198,0.5765485644340516,0.06013761623728045
667.9244509965945,0.8058761727319554,445.9,15.385071137706541,289.1,0.25398577451705934,0.04309170556208198,0.5765485644340516,0.06013761623728045
766.9466709234775,0.8058761727319554,445.9,15.385071137706541,289.1,0.25398577451705934,0.04309170556208198,0.5765485644340516,0.06013761623728045
865.9688908503606,0.8058761727319554,445.9,15.385071137706541,289.1,0.25398577451705934,0.04309170556208198,0.5765485644340516,0.06013761623728045
964.9911107772435,0.8058761727319554,445.9,15.385071137706541,289.1,0.25398577451705934,0.04309170556208198,0.5765485644340516,0.06013761623728045
1064.0133307041265,0.8058761727319554,445.9,15.385071137706541,289.1,0.25398577451705934,0.04309170556208198,0.5765485644340516,0.06013761623728045
1163.0355506310098,0.8058761727319554,445.9,15.385071137706541,289.1,0.25398577451705934,0.04309170556208198,0.5765485644340516,0.06013761623728045
1262.0577705578926,0.8058761727319554,445.9,15.385071137706541,289.1,0.25398577451705934,0.04309170556208198,0.5765485644340516,0.06013761623728045
1361.0799904847756,0.8058761727319554,445.9,15.385071137706541,289.1,0.25398577451705934,0.04309170556208198,0.5765485644340516,0.06013761623728045
1460.1022104116587,0.8058761727319554,445.9,15.385071137706541,289.1,0.25398577451705934,0.04309170556208198,0.5765485644340516,0.06013761623728045
1559.1244303385417,0.8058761727319554,445.9,15.385071137706541,289.1,0.25398577451705934,0.04309170556208198,0.5765485644340516,0.06013761623728045
1658.1466502654246,0.8058761727319554,445.9,15.385071137706541,289.1,0.25398577451705934,0.04309170556208198,0.5765485644340516,0.06013761623728045
1757.1688701923076,0.8058761727319554,445.9,15.385071137706541,289.1,0.25398577451705934,0.04309170556208198,0.5765485644340516,0.06013761623728045
1856.1910901191907,0.8058761727319554,445.9,15.385071137706541,289.1,0.25398577451705934,0.04309170556208198,0.5765485644340516,0.06013761623728045
1955.2133100460737,0.8058761727319554,445.9,15.385071137706541,289.1,0.25398577451705934,0.04309170556208198,0.5765485644340516,0.06013761623728045
2054.235529972957,0.8058761727319554,445.9,15.385071137706541,289.1,0.25398577451705934,0.04309170556208198,0.5765485644340516,0.06013761623728045
2153.25774989984,0.8058761727319554,443.8,17.171215009339466,291.2,0.25266000628471375,0.042981295369424334,0.5781802475452423,0.061131624945960396
2252.2799698267227,0.8058761727319554,443.7,17.28425586102512,291.3,0.252141946554184,0.042994957538980035,0.5781553208827972,0.06111488463388841
2351.302189753606,0.8058761727319554,440.3,19.724056053181542,294.7,0.24601585865020753,0.04634066446907981,0.5804943561553955,0.06328888878364239
2450.3244096804888,0.8058761727319554,435.9,20.720530905867232,299.1,0.23840292096138,0.05402018335099733,0.580188101530075,0.06210511834691374
2549.3466296073716,0.8058761727319554,433.8,21.244480925585002,301.2,0.23462512493133544,0.055824154357718384,0.5816807508468628,0.0621747703537702
2648.368849534255,0.8058761727319554,425.6,21.59593400351556,309.4,0.23324132561683655,0.061087308789534535,0.5903684556484222,0.05746216717161883
2747.3910694611377,0.8058761727319554,417.9,25.171009638003504,317.1,0.22632065415382385,0.057032298925379046,0.5990499019622803,0.05382743300368414
2846.413289388021,0.8058761727319554,402.0,39.10181535171526,333.0,0.22773978114128113,0.05548000599839083,0.6063145875930787,0.05987921149531522
2945.435509314904,0.8058761727319554,389.7,47.19434322849401,345.3,0.21930473446846008,0.05975386944845192,0.615822559595108,0.06122982170258763
3044.4577292417866,0.8058761727319554,371.6,54.266840563541535,363.4,0.20567989349365234,0.06264222587753751,0.626596462726593,0.06499869797880471
3143.47994916867,0.8058761727319554,349.9,63.9909755287198,385.1,0.18826417326927186,0.06752076101495136,0.6346354842185974,0.063174950929373
3242.5021690955527,0.8058761727319554,330.3,73.19829315487516,404.7,0.19582545161247253,0.06386946494023027,0.6423115968704224,0.06245471162101078
3341.524389022436,0.8058761727319554,295.4,96.96081665244077,439.6,0.1672713816165924,0.0743094960184141,0.6517878413200379,0.05838978665121022
3440.546608949319,0.8058761727319554,247.8,110.84405949311136,487.2,0.14507583379745484,0.08117181662440977,0.6640077710151673,0.05717049634794796
3539.5688288762017,0.8058761727319554,200.7,116.49953208516442,534.3,0.13211690187454223,0.07292149396284811,0.6778472661972046,0.04344659159814229
3638.591048803085,0.8058761727319554,167.3,100.8419549665545,567.7,0.10158613324165344,0.06881738022026598,0.6975944697856903,0.03340155953463399
3737.613268729968,0.8058761727319554,116.1,95.56819027330751,618.9,0.08737135529518128,0.07022084292654475,0.704587596654892,0.03286015302782243
3836.635488656851,0.8058761727319554,87.2,88.3186896930244,647.8,0.052900904417037965,0.05469880504503117,0.707706606388092,0.03152527860249887
3935.657708583734,0.8058761727319554,69.0,73.10964689261192,666.0,0.04866472482681274,0.04926326310682542,0.7095501601696015,0.027530882092035306
4034.6799285106167,0.8058761727319554,44.6,56.60638678843344,690.4,0.03031594157218933,0.03876588109506211,0.7107762515544891,0.027038508272513036
4133.7021484375,0.8058761727319554,0.2,0.4524314325708198,734.8,0.0,0.0,0.7072304904460907,0.027338810591051605
271.8355712890625,0.8339052860659004,454.7,15.914078685477987,280.3,0.2774018168449402,0.046316470949786824,0.572525429725647,0.060047794803187865
370.8577912159455,0.8339052860659004,454.7,15.914078685477987,280.3,0.2774018168449402,0.046316470949786824,0.572525429725647,0.060047794803187865
469.8800111428285,0.8339052860659004,454.7,15.914078685477987,280.3,0.2774018168449402,0.046316470949786824,0.572525429725647,0.060047794803187865
568.9022310697115,0.8339052860659004,454.7,15.914078685477987,280.3,0.2774018168449402,0.046316470949786824,0.572525429725647,0.060047794803187865
667.9244509965945,0.8339052860659004,454.7,15.914078685477987,280.3,0.2774018168449402,0.046316470949786824,0.572525429725647,0.060047794803187865
766.9466709234775,0.8339052860659004,454.7,15.914078685477987,280.3,0.2774018168449402,0.046316470949786824,0.572525429725647,0.060047794803187865
865.9688908503606,0.8339052860659004,454.7,15.914078685477987,280.3,0.2774018168449402,0.046316470949786824,0.572525429725647,0.060047794803187865
964.9911107772435,0.8339052860659004,454.7,15.914078685477987,280.3,0.2774018168449402,0.046316470949786824,0.572525429725647,0.060047794803187865
1064.0133307041265,0.8339052860659004,454.7,15.914078685477987,280.3,0.2774018168449402,0.046316470949786824,0.572525429725647,0.060047794803187865
1163.0355506310098,0.8339052860659004,454.7,15.914078685477987,280.3,0.2774018168449402,0.046316470949786824,0.572525429725647,0.060047794803187865
1262.0577705578926,0.8339052860659004,454.7,15.914078685477987,280.3,0.2774018168449402,0.046316470949786824,0.572525429725647,0.060047794803187865
1361.0799904847756,0.8339052860659004,454.7,15.914078685477987,280.3,0.2774018168449402,0.046316470949786824,0.572525429725647,0.060047794803187865
1460.1022104116587,0.8339052860659004,454.7,15.914078685477987,280.3,0.2774018168449402,0.046316470949786824,0.572525429725647,0.060047794803187865
1559.1244303385417,0.8339052860659004,454.7,15.914078685477987,280.3,0.2774018168449402,0.046316470949786824,0.572525429725647,0.060047794803187865
1658.1466502654246,0.8339052860659004,454.7,15.914078685477987,280.3,0.2774018168449402,0.046316470949786824,0.572525429725647,0.060047794803187865
1757.1688701923076,0.8339052860659004,454.7,15.914078685477987,280.3,0.2774018168449402,0.046316470949786824,0.572525429725647,0.060047794803187865
1856.1910901191907,0.8339052860659004,454.7,15.914078685477987,280.3,0.2774018168449402,0.046316470949786824,0.572525429725647,0.060047794803187865
1955.2133100460737,0.8339052860659004,454.7,15.914078685477987,280.3,0.2774018168449402,0.046316470949786824,0.572525429725647,0.060047794803187865
2054.235529972957,0.8339052860659004,454.3,16.21843810186021,280.7,0.2750719964504242,0.04626875794108276,0.5726249516010284,0.060105343685891335
2153.25774989984,0.8339052860659004,452.2,18.472898450540928,282.8,0.2737462282180786,0.04650898058877704,0.5742566347122192,0.061159426234858864
2252.2799698267227,0.8339052860659004,450.6,18.12927620429483,284.4,0.2712003290653229,0.04845369592909718,0.5743364095687866,0.0638288741437363
2351.302189753606,0.8339052860659004,446.2,20.800914732054657,288.8,0.2616863906383514,0.052264694918973696,0.5773203551769257,0.06534278109879972
2450.3244096804888,0.8339052860659004,440.8,22.96779702618547,294.2,0.2520550549030304,0.06094906645156897,0.5778950691223145,0.06384698234063339
2549.3466296073716,0.8339052860659004,438.7,23.689849180185746,296.3,0.24827725887298585,0.06302059386177754,0.5793877184391022,0.06394517769333487
2648.368849534255,0.8339052860659004,429.8,24.319329320601714,305.2,0.2447208881378174,0.06694558579599472,0.5880934596061707,0.05955306196610975
2747.3910694611377,0.8339052860659004,421.2,27.488907136315255,313.8,0.2382119119167328,0.0641608800120001,0.599209475517273,0.05476709519447339
2846.413289388021,0.8339052860659004,405.2,41.29123675809017,329.8,0.2386005163192749,0.06219955706017598,0.6063464939594269,0.06078197358429593
2945.435509314904,0.8339052860659004,392.0,48.569403430315745,343.0,0.22905011773109435,0.06517167723762321,0.6152231335639954,0.06210220127552975
3044.4577292417866,0.8339052860659004,373.1,55.092751801109614,361.9,0.21360228657722474,0.06629133890290045,0.6264383375644684,0.06583786144061332
3143.47994916867,0.8339052860659004,351.4,64.97831792298167,383.6,0.19618656635284423,0.07201700617904296,0.6344773590564727,0.06404930326456248
3242.5021690955527,0.8339052860659004,330.9,73.62922906530532,404.1,0.20118356347084046,0.06612757216115396,0.6433008551597595,0.061501412753752774
3341.524389022436,0.8339052860659004,295.4,96.96081665244077,439.6,0.1672713816165924,0.0743094960184141,0.6517878413200379,0.05838978665121022
3440.546608949319,0.8339052860659004,247.8,110.84405949311136,487.2,0.14507583379745484,0.08117181662440977,0.6640077710151673,0.05717049634794796
3539.5688288762017,0.8339052860659004,200.7,116.49953208516442,534.3,0.13211690187454223,0.07292149396284811,0.6778472661972046,0.04344659159814229
3638.591048803085,0.8339052860659004,167.3,100.8419549665545,567.7,0.10158613324165344,0.06881738022026598,0.6975944697856903,0.03340155953463399
3737.613268729968,0.8339052860659004,116.1,95.56819027330751,618.9,0.08737135529518128,0.07022084292654475,0.704587596654892,0.03286015302782243
3836.635488656851,0.8339052860659004,87.2,88.3186896930244,647.8,0.052900904417037965,0.05469880504503117,0.707706606388092,0.03152527860249887
3935.657708583734,0.8339052860659004,69.0,73.10964689261192,666.0,0.04866472482681274,0.04926326310682542,0.7095501601696015,0.027530882092035306
4034.6799285106167,0.8339052860659004,44.6,56.60638678843344,690.4,0.03031594157218933,0.03876588109506211,0.7107762515544891,0.027038508272513036
4133.7021484375,0.8339052860659004,0.2,0.4524314325708198,734.8,0.0,0.0,0.7072304904460907,0.027338810591051605
271.8355712890625,0.8619343993998454,464.7,15.83168858310861,270.3,0.2896628022193909,0.04611276481206873,0.5673157811164856,0.06187264653509169
370.8577912159455,0.8619343993998454,464.7,15.83168858310861,270.3,0.2896628022193909,0.04611276481206873,0.5673157811164856,0.06187264653509169
469.8800111428285,0.8619343993998454,464.7,15.83168858310861,270.3,0.2896628022193909,0.04611276481206873,0.5673157811164856,0.06187264653509169
568.9022310697115,0.8619343993998454,464.7,15.83168858310861,270.3,0.2896628022193909,0.04611276481206873,0.5673157811164856,0.06187264653509169
667.9244509965945,0.8619343993998454,464.7,15.83168858310861,270.3,0.2896628022193909,0.04611276481206873,0.5673157811164856,0.06187264653509169
766.9466709234775,0.8619343993998454,464.7,15.83168858310861,270.3,0.2896628022193909,0.04611276481206873,0.5673157811164856,0.06187264653509169
865.9688908503606,0.8619343993998454,464.7,15.83168858310861,270.3,0.2896628022193909,0.04611276481206873,0.5673157811164856,0.06187264653509169
964.9911107772435,0.8619343993998454,464.7,15.83168858310861,270.3,0.2896628022193909,0.04611276481206873,0.5673157811164856,0.06187264653509169
1064.0133307041265,0.8619343993998454,464.7,15.83168858310861,270.3,0.2896628022193909,0.04611276481206873,0.5673157811164856,0.06187264653509169
1163.0355506310098,0.8619343993998454,464.7,15.83168858310861,270.3,0.2896628022193909,0.04611276481206873,0.5673157811164856,0.06187264653509169
1262.0577705578926,0.8619343993998454,464.7,15.83168858310861,270.3,0.2896628022193909,0.04611276481206873,0.5673157811164856,0.06187264653509169
1361.0799904847756,0.8619343993998454,464.7,15.83168858310861,270.3,0.2896628022193909,0.04611276481206873,0.5673157811164856,0.06187264653509169
1460.1022104116587,0.8619343993998454,464.7,15.83168858310861,270.3,0.2896628022193909,0.04611276481206873,0.5673157811164856,0.06187264653509169
1559.1244303385417,0.8619343993998454,464.7,15.83168858310861,270.3,0.2896628022193909,0.04611276481206873,0.5673157811164856,0.06187264653509169
1658.1466502654246,0.8619343993998454,464.7,15.83168858310861,270.3,0.2896628022193909,0.04611276481206873,0.5673157811164856,0.06187264653509169
1757.1688701923076,0.8619343993998454,464.7,15.83168858310861,270.3,0.2896628022193909,0.04611276481206873,0.5673157811164856,0.06187264653509169
1856.1910901191907,0.8619343993998454,463.5,16.510992529795995,271.5,0.28870957493782046,0.04612507843872144,0.5680129766464234,0.06226243926818137
1955.2133100460737,0.8619343993998454,462.8,17.094884845529428,272.2,0.2893276810646057,0.046105600186326284,0.5681124448776245,0.06232110539897957
2054.235529972957,0.8619343993998454,461.9,17.331562372700446,273.1,0.2845196843147278,0.049474265423680996,0.5684107780456543,0.06261303403318595
2153.25774989984,0.8619343993998454,458.8,19.435837424049655,276.2,0.28086361289024353,0.05070728920212638,0.5696832358837127,0.06614774281387815
2252.2799698267227,0.8619343993998454,455.4,19.10358649312724,279.6,0.2777830481529236,0.05402409612726449,0.5732517004013061,0.06506030301771808
2351.302189753606,0.8619343993998454,450.7,22.043751399130638,284.3,0.26801868081092833,0.05798983037317013,0.5766203224658966,0.06626961516007857
2450.3244096804888,0.8619343993998454,445.3,24.665813172315264,289.7,0.2583873450756073,0.06644822199582354,0.5771950364112854,0.06479874627175836
2549.3466296073716,0.8619343993998454,443.2,25.5506954691512,291.8,0.25460954904556277,0.06855200018674013,0.5786876857280732,0.0649046559829394
2648.368849534255,0.8619343993998454,433.4,26.17159308758509,301.6,0.2524949908256531,0.07290670120992816,0.5860327363014222,0.06132313582833188
2747.3910694611377,0.8619343993998454,424.7,29.610457291236827,310.3,0.24556564688682556,0.07017777727834124,0.5971464574337005,0.05691549463018313
2846.413289388021,0.8619343993998454,408.0,42.74087068034235,327.0,0.2449561297893524,0.06696749044365298,0.6038707315921783,0.0627905481622043
2945.435509314904,0.8619343993998454,394.8,50.22781386562388,340.2,0.23540573120117186,0.0702298603216351,0.6127473711967468,0.06426413796677669
3044.4577292417866,0.8619343993998454,375.7,56.94673324795867,359.3,0.21981783509254454,0.07204204016027115,0.6240653812885284,0.06800568232670931
3143.47994916867,0.8619343993998454,351.7,65.21402358716027,383.3,0.1984206736087799,0.07412896593429187,0.6343044698238373,0.06414368823090867
3242.5021690955527,0.8619343993998454,330.9,73.62922906530532,404.1,0.20118356347084046,0.06612757216115396,0.6433008551597595,0.061501412753752774
3341.524389022436,0.8619343993998454,295.4,96.96081665244077,439.6,0.1672713816165924,0.0743094960184141,0.6517878413200379,0.05838978665121022
3440.546608949319,0.8619343993998454,247.8,110.84405949311136,487.2,0.14507583379745484,0.08117181662440977,0.6640077710151673,0.05717049634794796
3539.5688288762017,0.8619343993998454,200.7,116.49953208516442,534.3,0.13211690187454223,0.07292149396284811,0.6778472661972046,0.04344659159814229
3638.591048803085,0.8619343993998454,167.3,100.8419549665545,567.7,0.10158613324165344,0.06881738022026598,0.6975944697856903,0.03340155953463399
3737.613268729968,0.8619343993998454,116.1,95.56819027330751,618.9,0.08737135529518128,0.07022084292654475,0.704587596654892,0.03286015302782243
3836.635488656851,0.8619343993998454,87.2,88.3186896930244,647.8,0.052900904417037965,0.05469880504503117,0.707706606388092,0.03152527860249887
3935.657708583734,0.8619343993998454,69.0,73.10964689261192,666.0,0.04866472482681274,0.04926326310682542,0.7095501601696015,0.027530882092035306
4034.6799285106167,0.8619343993998454,44.6,56.60638678843344,690.4,0.03031594157218933,0.03876588109506211,0.7107762515544891,0.027038508272513036
4133.7021484375,0.8619343993998454,0.2,0.4524314325708198,734.8,0.0,0.0,0.7072304904460907,0.027338810591051605
271.8355712890625,0.8899635127337903,473.2,17.355658700654853,261.8,0.30405727624893186,0.05147938210644678,0.5608992755413056,0.06441058886422552
370.8577912159455,0.8899635127337903,473.2,17.355658700654853,261.8,0.30405727624893186,0.05147938210644678,0.5608992755413056,0.06441058886422552
469.8800111428285,0.8899635127337903,473.2,17.355658700654853,261.8,0.30405727624893186,0.05147938210644678,0.5608992755413056,0.06441058886422552
568.9022310697115,0.8899635127337903,473.2,17.355658700654853,261.8,0.30405727624893186,0.05147938210644678,0.5608992755413056,0.06441058886422552
667.9244509965945,0.8899635127337903,473.2,17.355658700654853,261.8,0.30405727624893186,0.05147938210644678,0.5608992755413056,0.06441058886422552
766.9466709234775,0.8899635127337903,473.2,17.355658700654853,261.8,0.30405727624893186,0.05147938210644678,0.5608992755413056,0.06441058886422552
865.9688908503606,0.8899635127337903,473.2,17.355658700654853,261.8,0.30405727624893186,0.05147938210644678,0.5608992755413056,0.06441058886422552
964.9911107772435,0.8899635127337903,473.2,17.355658700654853,261.8,0.30405727624893186,0.05147938210644678,0.5608992755413056,0.06441058886422552
1064.0133307041265,0.8899635127337903,473.2,17.355658700654853,261.8,0.30405727624893186,0.05147938210644678,0.5608992755413056,0.06441058886422552
1163.0355506310098,0.8899635127337903,473.2,17.355658700654853,261.8,0.30405727624893186,0.05147938210644678,0.5608992755413056,0.06441058886422552
1262.0577705578926,0.8899635127337903,473.2,17.355658700654853,261.8,0.30405727624893186,0.05147938210644678,0.5608992755413056,0.06441058886422552
1361.0799904847756,0.8899635127337903,473.2,17.355658700654853,261.8,0.30405727624893186,0.05147938210644678,0.5608992755413056,0.06441058886422552
1460.1022104116587,0.8899635127337903,473.2,17.355658700654853,261.8,0.30405727624893186,0.05147938210644678,0.5608992755413056,0.06441058886422552
1559.1244303385417,0.8899635127337903,473.2,17.355658700654853,261.8,0.30405727624893186,0.05147938210644678,0.5608992755413056,0.06441058886422552
1658.1466502654246,0.8899635127337903,473.2,17.355658700654853,261.8,0.30405727624893186,0.05147938210644678,0.5608992755413056,0.06441058886422552
1757.1688701923076,0.8899635127337903,473.1,17.387244672170812,261.9,0.3026016116142273,0.050690700350063296,0.560895299911499,0.06440858676457345
1856.1910901191907,0.8899635127337903,471.0,18.681638391978197,264.0,0.29646594524383546,0.049681556531366036,0.5623209297657012,0.0652021606753159
1955.2133100460737,0.8899635127337903,470.0,19.307275420043666,265.0,0.29620450735092163,0.05059379826678177,0.5626579582691192,0.06553598674051948
2054.235529972957,0.8899635127337903,467.3,18.772875884592143,267.7,0.29051575660705564,0.054474569679291394,0.5649477481842041,0.0676514291433576
2153.25774989984,0.8899635127337903,463.1,20.646306885332493,271.9,0.28437532782554625,0.05602484961729305,0.5691114842891694,0.06807776898450513
2252.2799698267227,0.8899635127337903,459.0,20.36779110231603,276.0,0.2813528895378113,0.05915307392954328,0.5753926873207093,0.06460494726209458
2351.302189753606,0.8899635127337903,454.3,23.559883873750408,280.7,0.27158852219581603,0.06311056114181714,0.5787613093852997,0.06576029547703487
2450.3244096804888,0.8899635127337903,448.4,26.029993271216764,286.6,0.26264235377311707,0.07133785095217329,0.5791870474815368,0.06432553313419306
2549.3466296073716,0.8899635127337903,445.6,26.36208559275474,289.4,0.2595484793186188,0.07331676665592758,0.5807070374488831,0.06392279642799989
2648.368849534255,0.8899635127337903,435.4,26.967679784987116,299.6,0.25617101788520813,0.07588067746782574,0.5870792746543885,0.05975978479593205
2747.3910694611377,0.8899635127337903,426.7,30.64098163168916,308.3,0.2492416739463806,0.07346004068605079,0.5981929957866668,0.05510763864039609
2846.413289388021,0.8899635127337903,410.0,43.89595365281065,325.0,0.24863215684890747,0.07041768186787384,0.6049172699451446,0.061091149933794664
2945.435509314904,0.8899635127337903,395.7,50.82788548443428,339.3,0.23846099376678467,0.07310624579206539,0.6138328850269318,0.06280169112814407
3044.4577292417866,0.8899635127337903,375.7,56.94673324795867,359.3,0.21981783509254454,0.07204204016027115,0.6240653812885284,0.06800568232670931
3143.47994916867,0.8899635127337903,351.7,65.21402358716027,383.3,0.1984206736087799,0.07412896593429187,0.6343044698238373,0.06414368823090867
3242.5021690955527,0.8899635127337903,330.9,73.62922906530532,404.1,0.20118356347084046,0.06612757216115396,0.6433008551597595,0.061501412753752774
3341.524389022436,0.8899635127337903,295.4,96.96081665244077,439.6,0.1672713816165924,0.0743094960184141,0.6517878413200379,0.05838978665121022
3440.546608949319,0.8899635127337903,247.8,110.84405949311136,487.2,0.14507583379745484,0.08117181662440977,0.6640077710151673,0.05717049634794796
3539.5688288762017,0.8899635127337903,200.7,116.49953208516442,534.3,0.13211690187454223,0.07292149396284811,0.6778472661972046,0.04344659159814229
3638.591048803085,0.8899635127337903,167.3,100.8419549665545,567.7,0.10158613324165344,0.06881738022026598,0.6975944697856903,0.03340155953463399
3737.613268729968,0.8899635127337903,116.1,95.56819027330751,618.9,0.08737135529518128,0.07022084292654475,0.704587596654892,0.03286015302782243
3836.635488656851,0.8899635127337903,87.2,88.3186896930244,647.8,0.052900904417037965,0.05469880504503117,0.707706606388092,0.03152527860249887
3935.657708583734,0.8899635127337903,69.0,73.10964689261192,666.0,0.04866472482681274,0.04926326310682542,0.7095501601696015,0.027530882092035306
4034.6799285106167,0.8899635127337903,44.6,56.60638678843344,690.4,0.03031594157218933,0.03876588109506211,0.7107762515544891,0.027038508272513036
4133.7021484375,0.8899635127337903,0.2,0.4524314325708198,734.8,0.0,0.0,0.7072304904460907,0.027338810591051605
271.8355712890625,0.9179926260677351,482.6,18.706579292163507,252.39999999999998,0.3085289657115936,0.05422783783163186,0.5501714408397674,0.058935669136686186
370.8577912159455,0.9179926260677351,482.6,18.706579292163507,252.39999999999998,0.3085289657115936,0.05422783783163186,0.5501714408397674,0.058935669136686186
469.8800111428285,0.9179926260677351,482.6,18.706579292163507,252.39999999999998,0.3085289657115936,0.05422783783163186,0.5501714408397674,0.058935669136686186
568.9022310697115,0.9179926260677351,482.6,18.706579292163507,252.39999999999998,0.3085289657115936,0.05422783783163186,0.5501714408397674,0.058935669136686186
667.9244509965945,0.9179926260677351,482.6,18.706579292163507,252.39999999999998,0.3085289657115936,0.05422783783163186,0.5501714408397674,0.058935669136686186
766.9466709234775,0.9179926260677351,482.6,18.706579292163507,252.39999999999998,0.3085289657115936,0.05422783783163186,0.5501714408397674,0.058935669136686186
865.9688908503606,0.9179926260677351,482.6,18.706579292163507,252.39999999999998,0.3085289657115936,0.05422783783163186,0.5501714408397674,0.058935669136686186
964.9911107772435,0.9179926260677351,482.6,18.706579292163507,252.39999999999998,0.3085289657115936,0.05422783783163186,0.5501714408397674,0.058935669136686186
1064.0133307041265,0.9179926260677351,482.6,18.706579292163507,252.39999999999998,0.3085289657115936,0.05422783783163186,0.5501714408397674,0.058935669136686186
1163.0355506310098,0.9179926260677351,482.6,18.706579292163507,252.39999999999998,0.3085289657115936,0.05422783783163186,0.5501714408397674,0.058935669136686186
1262.0577705578926,0.9179926260677351,482.6,18.706579292163507,252.39999999999998,0.3085289657115936,0.05422783783163186,0.5501714408397674,0.058935669136686186
1361.0799904847756,0.9179926260677351,482.6,18.706579292163507,252.39999999999998,0.3085289657115936,0.05422783783163186,0.5501714408397674,0.058935669136686186
1460.1022104116587,0.9179926260677351,482.6,18.706579292163507,252.39999999999998,0.3085289657115936,0.05422783783163186,0.5501714408397674,0.058935669136686186
1559.1244303385417,0.9179926260677351,482.6,18.706579292163507,252.39999999999998,0.3085289657115936,0.05422783783163186,0.5501714408397674,0.058935669136686186
1658.1466502654246,0.9179926260677351,482.5,18.75833195609779,252.5,0.3080837488174438,0.05396839422485889,0.5502085566520691,0.058960473886788746
1757.1688701923076,0.9179926260677351,482.3,18.869548934705488,252.7,0.30640426874160764,0.0531503287836839,0.5500348150730133,0.05884530327381953
1856.1910901191907,0.9179926260677351,476.4,18.427904920376648,258.6,0.3019024133682251,0.0504372608348494,0.5589314937591553,0.06643182827237065
1955.2133100460737,0.9179926260677351,474.0,20.10932038452247,261.0,0.3019138753414154,0.05096153838111399,0.5639701068401337,0.06466198347156497
2054.235529972957,0.9179926260677351,470.1,20.06247035802269,264.9,0.2950531840324402,0.054813073031771714,0.5649337410926819,0.06797908680993828
2153.25774989984,0.9179926260677351,465.8,22.068886152297203,269.2,0.28883124589920045,0.05662507029464281,0.5692257583141327,0.06826015315030488
2252.2799698267227,0.9179926260677351,460.7,21.180820180814546,274.3,0.2826376438140869,0.05910750098627762,0.5763003826141357,0.06450320497961062
2351.302189753606,0.9179926260677351,455.9,24.3722283340835,279.1,0.2713359296321869,0.06299979986516781,0.5793524205684661,0.06575014202913623
2450.3244096804888,0.9179926260677351,449.9,26.862580529484536,285.1,0.2617990791797638,0.07038139256979639,0.579667067527771,0.06425384398614692
2549.3466296073716,0.9179926260677351,447.1,27.27220999168691,287.9,0.2587052047252655,0.07236596438919465,0.5811870574951172,0.063844157400429
2648.368849534255,0.9179926260677351,436.9,28.168575418659,298.1,0.25532774329185487,0.07494079583270294,0.5875592947006225,0.059646508458099184
2747.3910694611377,0.9179926260677351,428.0,31.740142198769973,307.0,0.24842220544815063,0.07246718510169932,0.598442804813385,0.05502210306273477
2846.413289388021,0.9179926260677351,410.0,43.89595365281065,325.0,0.24863215684890747,0.07041768186787384,0.6049172699451446,0.061091149933794664
2945.435509314904,0.9179926260677351,395.7,50.82788548443428,339.3,0.23846099376678467,0.07310624579206539,0.6138328850269318,0.06280169112814407
3044.4577292417866,0.9179926260677351,375.7,56.94673324795867,359.3,0.21981783509254454,0.07204204016027115,0.6240653812885284,0.06800568232670931
3143.47994916867,0.9179926260677351,351.7,65.21402358716027,383.3,0.1984206736087799,0.07412896593429187,0.6343044698238373,0.06414368823090867
3242.5021690955527,0.9179926260677351,330.9,73.62922906530532,404.1,0.20118356347084046,0.06612757216115396,0.6433008551597595,0.061501412753752774
3341.524389022436,0.9179926260677351,295.4,96.96081665244077,439.6,0.1672713816165924,0.0743094960184141,0.6517878413200379,0.05838978665121022
3440.546608949319,0.9179926260677351,247.8,110.84405949311136,487.2,0.14507583379745484,0.08117181662440977,0.6640077710151673,0.05717049634794796
3539.5688288762017,0.9179926260677351,200.7,116.49953208516442,534.3,0.13211690187454223,0.07292149396284811,0.6778472661972046,0.04344659159814229
3638.591048803085,0.9179926260677351,167.3,100.8419549665545,567.7,0.10158613324165344,0.06881738022026598,0.6975944697856903,0.03340155953463399
3737.613268729968,0.9179926260677351,116.1,95.56819027330751,618.9,0.08737135529518128,0.07022084292654475,0.704587596654892,0.03286015302782243
3836.635488656851,0.9179926260677351,87.2,88.3186896930244,647.8,0.052900904417037965,0.05469880504503117,0.707706606388092,0.03152527860249887
3935.657708583734,0.9179926260677351,69.0,73.10964689261192,666.0,0.04866472482681274,0.04926326310682542,0.7095501601696015,0.027530882092035306
4034.6799285106167,0.9179926260677351,44.6,56.60638678843344,690.4,0.03031594157218933,0.03876588109506211,0.7107762515544891,0.027038508272513036
4133.7021484375,0.9179926260677351,0.2,0.4524314325708198,734.8,0.0,0.0,0.7072304904460907,0.027338810591051605
271.8355712890625,0.9460217394016801,489.0,19.410075970184394,246.0,0.3328498363494873,0.05111697141025131,0.5552431643009186,0.0662611896950735
370.8577912159455,0.9460217394016801,488.8,19.625073539139443,246.2,0.3259064435958862,0.04863220287074554,0.5560928165912629,0.06580855884831065
469.8800111428285,0.9460217394016801,488.8,19.625073539139443,246.2,0.3259064435958862,0.04863220287074554,0.5560928165912629,0.06580855884831065
568.9022310697115,0.9460217394016801,488.8,19.625073539139443,246.2,0.3259064435958862,0.04863220287074554,0.5560928165912629,0.06580855884831065
667.9244509965945,0.9460217394016801,488.8,19.625073539139443,246.2,0.3259064435958862,0.04863220287074554,0.5560928165912629,0.06580855884831065
766.9466709234775,0.9460217394016801,488.8,19.625073539139443,246.2,0.3259064435958862,0.04863220287074554,0.5560928165912629,0.06580855884831065
865.9688908503606,0.9460217394016801,488.8,19.625073539139443,246.2,0.3259064435958862,0.04863220287074554,0.5560928165912629,0.06580855884831065
964.9911107772435,0.9460217394016801,488.8,19.625073539139443,246.2,0.3259064435958862,0.04863220287074554,0.5560928165912629,0.06580855884831065
1064.0133307041265,0.9460217394016801,488.8,19.625073539139443,246.2,0.3259064435958862,0.04863220287074554,0.5560928165912629,0.06580855884831065
1163.0355506310098,0.9460217394016801,488.8,19.625073539139443,246.2,0.3259064435958862,0.04863220287074554,0.5560928165912629,0.06580855884831065
1262.0577705578926,0.9460217394016801,488.8,19.625073539139443,246.2,0.3259064435958862,0.04863220287074554,0.5560928165912629,0.06580855884831065
1361.0799904847756,0.9460217394016801,488.8,19.625073539139443,246.2,0.3259064435958862,0.04863220287074554,0.5560928165912629,0.06580855884831065
1460.1022104116587,0.9460217394016801,488.8,19.625073539139443,246.2,0.3259064435958862,0.04863220287074554,0.5560928165912629,0.06580855884831065
1559.1244303385417,0.9460217394016801,488.8,19.625073539139443,246.2,0.3259064435958862,0.04863220287074554,0.5560928165912629,0.06580855884831065
1658.1466502654246,0.9460217394016801,488.3,19.92768015187709,246.7,0.32522591948509216,0.048318018270452213,0.5526820063591004,0.06333591876288797
1757.1688701923076,0.9460217394016801,487.5,19.492655307495156,247.5,0.32214708924293517,0.04977630110636141,0.549956327676773,0.061332253619910085
1856.1910901191907,0.9460217394016801,480.7,19.939090055419634,254.3,0.312072879076004,0.051173308857139624,0.5577422201633453,0.06774295742113104
1955.2133100460737,0.9460217394016801,477.1,21.68067810875174,257.9,0.3076821148395538,0.05337133048445772,0.5635089755058289,0.06531385905969837
2054.235529972957,0.9460217394016801,473.1,21.894674268163367,261.9,0.3008217751979828,0.0574535016669241,0.5648745119571685,0.0681316854403135
2153.25774989984,0.9460217394016801,468.0,23.25368461367157,267.0,0.29279841780662536,0.05839446182098945,0.5695678770542145,0.06830357283106468
2252.2799698267227,0.9460217394016801,462.1,21.85048142027651,272.9,0.2837272047996521,0.059278956920721146,0.5762094914913177,0.06499556013301512
2351.302189753606,0.9460217394016801,457.0,24.805916885724105,278.0,0.27249014377593994,0.06336981811569614,0.5786234617233277,0.06588051076588487
2450.3244096804888,0.9460217394016801,451.0,27.394008201046226,284.0,0.26295329332351686,0.07080125126712085,0.5789381086826324,0.06438926789570593
2549.3466296073716,0.9460217394016801,448.2,27.858740740865734,286.8,0.25985941886901853,0.07280226961573087,0.5804580986499787,0.06399029461854353
2648.368849534255,0.9460217394016801,437.3,28.560673620289467,297.7,0.2551290452480316,0.074756803614143,0.5873804450035095,0.059693396751885855
2747.3910694611377,0.9460217394016801,428.0,31.740142198769973,307.0,0.24842220544815063,0.07246718510169932,0.598442804813385,0.05502210306273477
2846.413289388021,0.9460217394016801,410.0,43.89595365281065,325.0,0.24863215684890747,0.07041768186787384,0.6049172699451446,0.061091149933794664
2945.435509314904,0.9460217394016801,395.7,50.82788548443428,339.3,0.23846099376678467,0.07310624579206539,0.6138328850269318,0.06280169112814407
3044.4577292417866,0.9460217394016801,375.7,56.94673324795867,359.3,0.21981783509254454,0.07204204016027115,0.6240653812885284,0.06800568232670931
3143.47994916867,0.9460217394016801,351.7,65.21402358716027,383.3,0.1984206736087799,0.07412896593429187,0.6343044698238373,0.06414368823090867
3242.5021690955527,0.9460217394016801,330.9,73.62922906530532,404.1,0.20118356347084046,0.06612757216115396,0.6433008551597595,0.061501412753752774
3341.524389022436,0.9460217394016801,295.4,96.96081665244077,439.6,0.1672713816165924,0.0743094960184141,0.6517878413200379,0.05838978665121022
3440.546608949319,0.9460217394016801,247.8,110.84405949311136,487.2,0.14507583379745484,0.08117181662440977,0.6640077710151673,0.05717049634794796
3539.5688288762017,0.9460217394016801,200.7,116.49953208516442,534.3,0.13211690187454223,0.07292149396284811,0.6778472661972046,0.04344659159814229
3638.591048803085,0.9460217394016801,167.3,100.8419549665545,567.7,0.10158613324165344,0.06881738022026598,0.6975944697856903,0.03340155953463399
3737.613268729968,0.9460217394016801,116.1,95.56819027330751,618.9,0.08737135529518128,0.07022084292654475,0.704587596654892,0.03286015302782243
3836.635488656851,0.9460217394016801,87.2,88.3186896930244,647.8,0.052900904417037965,0.05469880504503117,0.707706606388092,0.03152527860249887
3935.657708583734,0.9460217394016801,69.0,73.10964689261192,666.0,0.04866472482681274,0.04926326310682542,0.7095501601696015,0.027530882092035306
4034.6799285106167,0.9460217394016801,44.6,56.60638678843344,690.4,0.03031594157218933,0.03876588109506211,0.7107762515544891,0.027038508272513036
4133.7021484375,0.9460217394016801,0.2,0.4524314325708198,734.8,0.0,0.0,0.7072304904460907,0.027338810591051605
271.8355712890625,0.9740508527356251,494.3,19.721173093616745,240.7,0.3548589289188385,0.06127927567951893,0.5531112670898437,0.06905522998655723
370.8577912159455,0.9740508527356251,493.6,20.443582641146495,241.39999999999998,0.3369222581386566,0.04804298678554375,0.5557308554649353,0.06746590579058108
469.8800111428285,0.9740508527356251,493.6,20.443582641146495,241.39999999999998,0.3369222581386566,0.04804298678554375,0.5557308554649353,0.06746590579058108
568.9022310697115,0.9740508527356251,493.6,20.443582641146495,241.39999999999998,0.3369222581386566,0.04804298678554375,0.5557308554649353,0.06746590579058108
667.9244509965945,0.9740508527356251,493.6,20.443582641146495,241.39999999999998,0.3369222581386566,0.04804298678554375,0.5557308554649353,0.06746590579058108
766.9466709234775,0.9740508527356251,493.6,20.443582641146495,241.39999999999998,0.3369222581386566,0.04804298678554375,0.5557308554649353,0.06746590579058108
865.9688908503606,0.9740508527356251,493.6,20.443582641146495,241.39999999999998,0.3369222581386566,0.04804298678554375,0.5557308554649353,0.06746590579058108
964.9911107772435,0.9740508527356251,493.6,20.443582641146495,241.39999999999998,0.3369222581386566,0.04804298678554375,0.5557308554649353,0.06746590579058108
1064.0133307041265,0.9740508527356251,493.6,20.443582641146495,241.39999999999998,0.3369222581386566,0.04804298678554375,0.5557308554649353,0.06746590579058108
1163.0355506310098,0.9740508527356251,493.6,20.443582641146495,241.39999999999998,0.3369222581386566,0.04804298678554375,0.5557308554649353,0.06746590579058108
1262.0577705578926,0.9740508527356251,493.6,20.443582641146495,241.39999999999998,0.3369222581386566,0.04804298678554375,0.5557308554649353,0.06746590579058108
1361.0799904847756,0.9740508527356251,493.6,20.443582641146495,241.39999999999998,0.3369222581386566,0.04804298678554375,0.5557308554649353,0.06746590579058108
1460.1022104116587,0.9740508527356251,493.6,20.443582641146495,241.39999999999998,0.3369222581386566,0.04804298678554375,0.5557308554649353,0.06746590579058108
1559.1244303385417,0.9740508527356251,492.9,20.82454616662437,242.10000000000002,0.33248167037963866,0.045013318885015044,0.5546378433704376,0.06650051368132466
1658.1466502654246,0.9740508527356251,492.4,21.16511014330358,242.60000000000002,0.3318011462688446,0.04473060564512234,0.5512270331382751,0.06401052293100465
1757.1688701923076,0.9740508527356251,490.9,20.580105247243516,244.10000000000002,0.32507805824279784,0.04843831292657712,0.5495837509632111,0.06346243092795595
1856.1910901191907,0.9740508527356251,483.5,21.450769366114475,251.5,0.3127190828323364,0.05075349066451094,0.555901575088501,0.07111158367398425
1955.2133100460737,0.9740508527356251,478.8,22.489983795259754,256.2,0.3075016915798187,0.052310130622406865,0.5651962637901307,0.06582342356808707
2054.235529972957,0.9740508527356251,474.8,22.866071398673192,260.2,0.3006413519382477,0.05645660393643644,0.5665618002414703,0.068601234093121
2153.25774989984,0.9740508527356251,468.7,23.378177925054768,266.3,0.2940196096897125,0.05937357353199402,0.570754474401474,0.06839448458940901
2252.2799698267227,0.9740508527356251,462.8,22.08948817895723,272.2,0.28494839668273925,0.06034815851784273,0.5773960888385773,0.06502221306556266
2351.302189753606,0.9740508527356251,457.7,25.097713652348094,277.3,0.2737113356590271,0.06449220544574434,0.5798100590705871,0.06588208917847234
2450.3244096804888,0.9740508527356251,451.7,27.74472204546811,283.3,0.264174485206604,0.07189973560388052,0.580124706029892,0.06438758588024937
2549.3466296073716,0.9740508527356251,448.5,27.961519258613095,286.5,0.2610863208770752,0.07366508326772343,0.5809557199478149,0.06405453838781697
2648.368849534255,0.9740508527356251,437.3,28.560673620289467,297.7,0.2551290452480316,0.074756803614143,0.5873804450035095,0.059693396751885855
2747.3910694611377,0.9740508527356251,428.0,31.740142198769973,307.0,0.24842220544815063,0.07246718510169932,0.598442804813385,0.05502210306273477
2846.413289388021,0.9740508527356251,410.0,43.89595365281065,325.0,0.24863215684890747,0.07041768186787384,0.6049172699451446,0.061091149933794664
2945.435509314904,0.9740508527356251,395.7,50.82788548443428,339.3,0.23846099376678467,0.07310624579206539,0.6138328850269318,0.06280169112814407
3044.4577292417866,0.9740508527356251,375.7,56.94673324795867,359.3,0.21981783509254454,0.07204204016027115,0.6240653812885284,0.06800568232670931
3143.47994916867,0.9740508527356251,351.7,65.21402358716027,383.3,0.1984206736087799,0.07412896593429187,0.6343044698238373,0.06414368823090867
3242.5021690955527,0.9740508527356251,330.9,73.62922906530532,404.1,0.20118356347084046,0.06612757216115396,0.6433008551597595,0.061501412753752774
3341.524389022436,0.9740508527356251,295.4,96.96081665244077,439.6,0.1672713816165924,0.0743094960184141,0.6517878413200379,0.05838978665121022
3440.546608949319,0.9740508527356251,247.8,110.84405949311136,487.2,0.14507583379745484,0.08117181662440977,0.6640077710151673,0.05717049634794796
3539.5688288762017,0.9740508527356251,200.7,116.49953208516442,534.3,0.13211690187454223,0.07292149396284811,0.6778472661972046,0.04344659159814229
3638.591048803085,0.9740508527356251,167.3,100.8419549665545,567.7,0.10158613324165344,0.06881738022026598,0.6975944697856903,0.03340155953463399
3737.613268729968,0.9740508527356251,116.1,95.56819027330751,618.9,0.08737135529518128,0.07022084292654475,0.704587596654892,0.03286015302782243
3836.635488656851,0.9740508527356251,87.2,88.3186896930244,647.8,0.052900904417037965,0.05469880504503117,0.707706606388092,0.03152527860249887
3935.657708583734,0.9740508527356251,69.0,73.10964689261192,666.0,0.04866472482681274,0.04926326310682542,0.7095501601696015,0.027530882092035306
4034.6799285106167,0.9740508527356251,44.6,56.60638678843344,690.4,0.03031594157218933,0.03876588109506211,0.7107762515544891,0.027038508272513036
4133.7021484375,0.9740508527356251,0.2,0.4524314325708198,734.8,0.0,0.0,0.7072304904460907,0.027338810591051605
271.8355712890625,1.0020799660695698,503.2,20.594881127142283,231.8,0.37148754596710204,0.07091395214129721,0.5401702344417572,0.06866261617697028
370.8577912159455,1.0020799660695698,502.2,21.072492822531878,232.8,0.35295396447181704,0.04951764734975589,0.5441129922866821,0.06629395154967971
469.8800111428285,1.0020799660695698,501.7,21.53225607358397,233.3,0.3427116394042969,0.043566623032471365,0.5451112389564514,0.06564500759323395
568.9022310697115,1.0020799660695698,501.7,21.53225607358397,233.3,0.3427116394042969,0.043566623032471365,0.5451112389564514,0.06564500759323395
667.9244509965945,1.0020799660695698,501.7,21.53225607358397,233.3,0.3427116394042969,0.043566623032471365,0.5451112389564514,0.06564500759323395
766.9466709234775,1.0020799660695698,501.7,21.53225607358397,233.3,0.3427116394042969,0.043566623032471365,0.5451112389564514,0.06564500759323395
865.9688908503606,1.0020799660695698,501.7,21.53225607358397,233.3,0.3427116394042969,0.043566623032471365,0.5451112389564514,0.06564500759323395
964.9911107772435,1.0020799660695698,501.7,21.53225607358397,233.3,0.3427116394042969,0.043566623032471365,0.5451112389564514,0.06564500759323395
1064.0133307041265,1.0020799660695698,501.7,21.53225607358397,233.3,0.3427116394042969,0.043566623032471365,0.5451112389564514,0.06564500759323395
1163.0355506310098,1.0020799660695698,501.7,21.53225607358397,233.3,0.3427116394042969,0.043566623032471365,0.5451112389564514,0.06564500759323395
1262.0577705578926,1.0020799660695698,501.7,21.53225607358397,233.3,0.3427116394042969,0.043566623032471365,0.5451112389564514,0.06564500759323395
1361.0799904847756,1.0020799660695698,501.7,21.53225607358397,233.3,0.3427116394042969,0.043566623032471365,0.5451112389564514,0.06564500759323395
1460.1022104116587,1.0020799660695698,501.2,21.820144636097723,233.8,0.3425642192363739,0.04343012420549061,0.5457426309585571,0.06627698971738429
1559.1244303385417,1.0020799660695698,500.4,22.244417628875393,234.60000000000002,0.33703466057777404,0.04226426469891955,0.543835973739624,0.06450794040749856
1658.1466502654246,1.0020799660695698,498.7,23.305098864323302,236.3,0.33313297033309935,0.043071644631049476,0.5415088653564453,0.062464013793992336
1757.1688701923076,1.0020799660695698,496.8,22.967797026185465,238.2,0.32578248977661134,0.04708784520293887,0.5402735352516175,0.06160818784003746
1856.1910901191907,1.0020799660695698,489.1,24.55120927814144,245.89999999999998,0.31284655928611754,0.04911307229426955,0.5475478887557983,0.06968349776047315
1955.2133100460737,1.0020799660695698,482.2,23.48434392045372,252.8,0.31150612235069275,0.054922677579744075,0.5609082818031311,0.06743718725521294
2054.235529972957,1.0020799660695698,477.5,23.47090260131722,257.5,0.304790723323822,0.05932472574001487,0.5621255218982697,0.07009378930283712
2153.25774989984,1.0020799660695698,471.4,24.35764295276971,263.6,0.2981689810752869,0.062358172678347944,0.5663181960582733,0.07004260908752077
2252.2799698267227,1.0020799660695698,465.5,23.51204993044302,269.5,0.2890977680683136,0.06362408618406114,0.5729598104953766,0.0670041489836508
2351.302189753606,1.0020799660695698,460.3,26.54660680776199,274.7,0.27721538543701174,0.06724982285667476,0.5752051830291748,0.06797282281439115
2450.3244096804888,1.0020799660695698,451.7,27.74472204546811,283.3,0.264174485206604,0.07189973560388052,0.580124706029892,0.06438758588024937
2549.3466296073716,1.0020799660695698,448.5,27.961519258613095,286.5,0.2610863208770752,0.07366508326772343,0.5809557199478149,0.06405453838781697
2648.368849534255,1.0020799660695698,437.3,28.560673620289467,297.7,0.2551290452480316,0.074756803614143,0.5873804450035095,0.059693396751885855
2747.3910694611377,1.0020799660695698,428.0,31.740142198769973,307.0,0.24842220544815063,0.07246718510169932,0.598442804813385,0.05502210306273477
2846.413289388021,1.0020799660695698,410.0,43.89595365281065,325.0,0.24863215684890747,0.07041768186787384,0.6049172699451446,0.061091149933794664
2945.435509314904,1.0020799660695698,395.7,50.82788548443428,339.3,0.23846099376678467,0.07310624579206539,0.6138328850269318,0.06280169112814407
3044.4577292417866,1.0020799660695698,375.7,56.94673324795867,359.3,0.21981783509254454,0.07204204016027115,0.6240653812885284,0.06800568232670931
3143.47994916867,1.0020799660695698,351.7,65.21402358716027,383.3,0.1984206736087799,0.07412896593429187,0.6343044698238373,0.06414368823090867
3242.5021690955527,1.0020799660695698,330.9,73.62922906530532,404.1,0.20118356347084046,0.06612757216115396,0.6433008551597595,0.061501412753752774
3341.524389022436,1.0020799660695698,295.4,96.96081665244077,439.6,0.1672713816165924,0.0743094960184141,0.6517878413200379,0.05838978665121022
3440.546608949319,1.0020799660695698,247.8,110.84405949311136,487.2,0.14507583379745484,0.08117181662440977,0.6640077710151673,0.05717049634794796
3539.5688288762017,1.0020799660695698,200.7,116.49953208516442,534.3,0.13211690187454223,0.07292149396284811,0.6778472661972046,0.04344659159814229
3638.591048803085,1.0020799660695698,167.3,100.8419549665545,567.7,0.10158613324165344,0.06881738022026598,0.6975944697856903,0.03340155953463399
3737.613268729968,1.0020799660695698,116.1,95.56819027330751,618.9,0.08737135529518128,0.07022084292654475,0.704587596654892,0.03286015302782243
3836.635488656851,1.0020799660695698,87.2,88.3186896930244,647.8,0.052900904417037965,0.05469880504503117,0.707706606388092,0.03152527860249887
3935.657708583734,1.0020799660695698,69.0,73.10964689261192,666.0,0.04866472482681274,0.04926326310682542,0.7095501601696015,0.027530882092035306
4034.6799285106167,1.0020799660695698,44.6,56.60638678843344,690.4,0.03031594157218933,0.03876588109506211,0.7107762515544891,0.027038508272513036
4133.7021484375,1.0020799660695698,0.2,0.4524314325708198,734.8,0.0,0.0,0.7072304904460907,0.027338810591051605
271.8355712890625,1.0301090794035148,511.0,21.11077363729125,224.0,0.40110187530517577,0.0881463527112405,0.5321856081485749,0.07532316653541095
370.8577912159455,1.0301090794035148,510.0,21.29580650292708,225.0,0.38801808953285216,0.07394366736494845,0.5368010640144348,0.0716475438896364
469.8800111428285,1.0301090794035148,507.5,20.913911787787022,227.5,0.3519053876399994,0.043882895145657456,0.5413720667362213,0.07199822986385818
568.9022310697115,1.0301090794035148,507.1,21.208720403145673,227.89999999999998,0.3466231942176819,0.04228738307768329,0.5414271652698517,0.07194726948114187
667.9244509965945,1.0301090794035148,507.1,21.208720403145673,227.89999999999998,0.3466231942176819,0.04228738307768329,0.5414271652698517,0.07194726948114187
766.9466709234775,1.0301090794035148,507.1,21.208720403145673,227.89999999999998,0.3466231942176819,0.04228738307768329,0.5414271652698517,0.07194726948114187
865.9688908503606,1.0301090794035148,507.1,21.208720403145673,227.89999999999998,0.3466231942176819,0.04228738307768329,0.5414271652698517,0.07194726948114187
964.9911107772435,1.0301090794035148,507.1,21.208720403145673,227.89999999999998,0.3466231942176819,0.04228738307768329,0.5414271652698517,0.07194726948114187
1064.0133307041265,1.0301090794035148,507.1,21.208720403145673,227.89999999999998,0.3466231942176819,0.04228738307768329,0.5414271652698517,0.07194726948114187
1163.0355506310098,1.0301090794035148,507.1,21.208720403145673,227.89999999999998,0.3466231942176819,0.04228738307768329,0.5414271652698517,0.07194726948114187
1262.0577705578926,1.0301090794035148,507.1,21.208720403145673,227.89999999999998,0.3466231942176819,0.04228738307768329,0.5414271652698517,0.07194726948114187
1361.0799904847756,1.0301090794035148,506.7,21.36790756199154,228.3,0.3455835163593292,0.041367368385957684,0.539949256181717,0.07022662794909351
1460.1022104116587,1.0301090794035148,505.3,22.06695372616176,229.7,0.3462138116359711,0.042012290042176964,0.5386871874332428,0.06882077407242754
1559.1244303385417,1.0301090794035148,504.1,22.52446748471493,230.89999999999998,0.3385669231414795,0.044192224412608776,0.5373384475708007,0.06725339270548074
1658.1466502654246,1.0301090794035148,501.3,23.334357953107194,233.7,0.3354186475276947,0.045268507194539856,0.536621916294098,0.06650500938907813
1757.1688701923076,1.0301090794035148,499.0,23.064637110991146,236.0,0.3275405466556549,0.04849890019090834,0.5355675280094147,0.06540189375258192
1856.1910901191907,1.0301090794035148,490.6,24.09713595309541,244.39999999999998,0.3130620181560516,0.04923860940929313,0.5431330502033234,0.07347164888884826
1955.2133100460737,1.0301090794035148,483.7,23.26358549460415,251.3,0.3117215812206268,0.055037948087178726,0.5564934432506561,0.07181325466707247
2054.235529972957,1.0301090794035148,479.0,23.421794533239034,256.0,0.3050061821937561,0.05944530000508065,0.5577106833457947,0.0743546890668467
2153.25774989984,1.0301090794035148,472.9,24.52340206845788,262.1,0.29838443994522096,0.06248587642203928,0.5619033575057983,0.07444794784891763
2252.2799698267227,1.0301090794035148,466.7,23.82626570021524,268.3,0.28913567066192625,0.06367854910586224,0.5689659655094147,0.07135421768490384
2351.302189753606,1.0301090794035148,460.3,26.54660680776199,274.7,0.27721538543701174,0.06724982285667476,0.5752051830291748,0.06797282281439115
2450.3244096804888,1.0301090794035148,451.7,27.74472204546811,283.3,0.264174485206604,0.07189973560388052,0.580124706029892,0.06438758588024937
2549.3466296073716,1.0301090794035148,448.5,27.961519258613095,286.5,0.2610863208770752,0.07366508326772343,0.5809557199478149,0.06405453838781697
2648.368849534255,1.0301090794035148,437.3,28.560673620289467,297.7,0.2551290452480316,0.074756803614143,0.5873804450035095,0.059693396751885855
2747.3910694611377,1.0301090794035148,428.0,31.740142198769973,307.0,0.24842220544815063,0.07246718510169932,0.598442804813385,0.05502210306273477
2846.413289388021,1.0301090794035148,410.0,43.89595365281065,325.0,0.24863215684890747,0.07041768186787384,0.6049172699451446,0.061091149933794664
2945.435509314904,1.0301090794035148,395.7,50.82788548443428,339.3,0.23846099376678467,0.07310624579206539,0.6138328850269318,0.06280169112814407
3044.4577292417866,1.0301090794035148,375.7,56.94673324795867,359.3,0.21981783509254454,0.07204204016027115,0.6240653812885284,0.06800568232670931
3143.47994916867,1.0301090794035148,351.7,65.21402358716027,383.3,0.1984206736087799,0.07412896593429187,0.6343044698238373,0.06414368823090867
3242.5021690955527,1.0301090794035148,330.9,73.62922906530532,404.1,0.20118356347084046,0.06612757216115396,0.6433008551597595,0.061501412753752774
3341.524389022436,1.0301090794035148,295.4,96.96081665244077,439.6,0.1672713816165924,0.0743094960184141,0.6517878413200379,0.05838978665121022
3440.546608949319,1.0301090794035148,247.8,110.84405949311136,487.2,0.14507583379745484,0.08117181662440977,0.6640077710151673,0.05717049634794796
3539.5688288762017,1.0301090794035148,200.7,116.49953208516442,534.3,0.13211690187454223,0.07292149396284811,0.6778472661972046,0.04344659159814229
3638.591048803085,1.0301090794035148,167.3,100.8419549665545,567.7,0.10158613324165344,0.06881738022026598,0.6975944697856903,0.03340155953463399
3737.613268729968,1.0301090794035148,116.1,95.56819027330751,618.9,0.08737135529518128,0.07022084292654475,0.704587596654892,0.03286015302782243
3836.635488656851,1.0301090794035148,87.2,88.3186896930244,647.8,0.052900904417037965,0.05469880504503117,0.707706606388092,0.03152527860249887
3935.657708583734,1.0301090794035148,69.0,73.10964689261192,666.0,0.04866472482681274,0.04926326310682542,0.7095501601696015,0.027530882092035306
4034.6799285106167,1.0301090794035148,44.6,56.60638678843344,690.4,0.03031594157218933,0.03876588109506211,0.7107762515544891,0.027038508272513036
4133.7021484375,1.0301090794035148,0.2,0.4524314325708198,734.8,0.0,0.0,0.7072304904460907,0.027338810591051605
271.8355712890625,1.0581381927374598,521.0,19.648816942045084,214.0,0.41983926892280576,0.10457093998304239,0.5120108425617218,0.0683295937969109
370.8577912159455,1.0581381927374598,520.0,19.89612628825732,215.0,0.4102550566196442,0.09416860875665707,0.5171785593032837,0.06416994703830764
469.8800111428285,1.0581381927374598,517.0,19.165395172393573,218.0,0.37866984605789183,0.06499849547503901,0.5240620315074921,0.0650299696299756
568.9022310697115,1.0581381927374598,514.9,19.779902320328695,220.10000000000002,0.3474815428256989,0.03842234840577522,0.5276857256889343,0.06546572838681293
667.9244509965945,1.0581381927374598,514.9,19.779902320328695,220.10000000000002,0.3474815428256989,0.03842234840577522,0.5276857256889343,0.06546572838681293
766.9466709234775,1.0581381927374598,514.9,19.779902320328695,220.10000000000002,0.3474815428256989,0.03842234840577522,0.5276857256889343,0.06546572838681293
865.9688908503606,1.0581381927374598,514.9,19.779902320328695,220.10000000000002,0.3474815428256989,0.03842234840577522,0.5276857256889343,0.06546572838681293
964.9911107772435,1.0581381927374598,514.9,19.779902320328695,220.10000000000002,0.3474815428256989,0.03842234840577522,0.5276857256889343,0.06546572838681293
1064.0133307041265,1.0581381927374598,514.9,19.779902320328695,220.10000000000002,0.3474815428256989,0.03842234840577522,0.5276857256889343,0.06546572838681293
1163.0355506310098,1.0581381927374598,514.9,19.779902320328695,220.10000000000002,0.3474815428256989,0.03842234840577522,0.5276857256889343,0.06546572838681293
1262.0577705578926,1.0581381927374598,514.9,19.779902320328695,220.10000000000002,0.3474815428256989,0.03842234840577522,0.5276857256889343,0.06546572838681293
1361.0799904847756,1.0581381927374598,510.4,19.799296428311845,224.60000000000002,0.35506272315979004,0.04026549950120786,0.5346743583679199,0.07198390358195778
1460.1022104116587,1.0581381927374598,506.7,22.786984068508055,228.3,0.34998190999031065,0.04443495411947928,0.5367518663406372,0.06954753347389975
1559.1244303385417,1.0581381927374598,505.3,23.23423728158303,229.7,0.3418897569179535,0.0470210427000584,0.5358644723892212,0.0682558610853552
1658.1466502654246,1.0581381927374598,502.2,23.9066717359264,232.8,0.33838528394699097,0.04787053379224989,0.5357789099216461,0.06728749628765283
1757.1688701923076,1.0581381927374598,499.5,23.439388258058504,235.5,0.3293903827667236,0.05032928712687941,0.5361892998218536,0.06579529626070292
1856.1910901191907,1.0581381927374598,490.9,24.26467473383057,244.10000000000002,0.31417336463928225,0.0505546092210693,0.5431407511234283,0.07347207334446279
1955.2133100460737,1.0581381927374598,484.0,23.487249140223664,251.0,0.3128329277038574,0.05623342108585286,0.5565011441707611,0.07181287429517269
2054.235529972957,1.0581381927374598,479.3,23.67784532377629,255.7,0.3061175286769867,0.06062386174362387,0.5577183842658997,0.07435425001312355
2153.25774989984,1.0581381927374598,473.2,24.810042457493505,261.8,0.29949578642845154,0.06367387462939096,0.5619110584259033,0.07444726274845676
2252.2799698267227,1.0581381927374598,466.7,23.82626570021524,268.3,0.28913567066192625,0.06367854910586224,0.5689659655094147,0.07135421768490384
2351.302189753606,1.0581381927374598,460.3,26.54660680776199,274.7,0.27721538543701174,0.06724982285667476,0.5752051830291748,0.06797282281439115
2450.3244096804888,1.0581381927374598,451.7,27.74472204546811,283.3,0.264174485206604,0.07189973560388052,0.580124706029892,0.06438758588024937
2549.3466296073716,1.0581381927374598,448.5,27.961519258613095,286.5,0.2610863208770752,0.07366508326772343,0.5809557199478149,0.06405453838781697
2648.368849534255,1.0581381927374598,437.3,28.560673620289467,297.7,0.2551290452480316,0.074756803614143,0.5873804450035095,0.059693396751885855
2747.3910694611377,1.0581381927374598,428.0,31.740142198769973,307.0,0.24842220544815063,0.07246718510169932,0.598442804813385,0.05502210306273477
2846.413289388021,1.0581381927374598,410.0,43.89595365281065,325.0,0.24863215684890747,0.07041768186787384,0.6049172699451446,0.061091149933794664
2945.435509314904,1.0581381927374598,395.7,50.82788548443428,339.3,0.23846099376678467,0.07310624579206539,0.6138328850269318,0.06280169112814407
3044.4577292417866,1.0581381927374598,375.7,56.94673324795867,359.3,0.21981783509254454,0.07204204016027115,0.6240653812885284,0.06800568232670931
3143.47994916867,1.0581381927374598,351.7,65.21402358716027,383.3,0.1984206736087799,0.07412896593429187,0.6343044698238373,0.06414368823090867
3242.5021690955527,1.0581381927374598,330.9,73.62922906530532,404.1,0.20118356347084046,0.06612757216115396,0.6433008551597595,0.061501412753752774
3341.524389022436,1.0581381927374598,295.4,96.96081665244077,439.6,0.1672713816165924,0.0743094960184141,0.6517878413200379,0.05838978665121022
3440.546608949319,1.0581381927374598,247.8,110.84405949311136,487.2,0.14507583379745484,0.08117181662440977,0.6640077710151673,0.05717049634794796
3539.5688288762017,1.0581381927374598,200.7,116.49953208516442,534.3,0.13211690187454223,0.07292149396284811,0.6778472661972046,0.04344659159814229
3638.591048803085,1.0581381927374598,167.3,100.8419549665545,567.7,0.10158613324165344,0.06881738022026598,0.6975944697856903,0.03340155953463399
3737.613268729968,1.0581381927374598,116.1,95.56819027330751,618.9,0.08737135529518128,0.07022084292654475,0.704587596654892,0.03286015302782243
3836.635488656851,1.0581381927374598,87.2,88.3186896930244,647.8,0.052900904417037965,0.05469880504503117,0.707706606388092,0.03152527860249887
3935.657708583734,1.0581381927374598,69.0,73.10964689261192,666.0,0.04866472482681274,0.04926326310682542,0.7095501601696015,0.027530882092035306
4034.6799285106167,1.0581381927374598,44.6,56.60638678843344,690.4,0.03031594157218933,0.03876588109506211,0.7107762515544891,0.027038508272513036
4133.7021484375,1.0581381927374598,0.2,0.4524314325708198,734.8,0.0,0.0,0.7072304904460907,0.027338810591051605
271.8355712890625,1.0861673060714048,528.8,21.11831377659646,206.20000000000005,0.4446981966495514,0.11326765887227659,0.4989871382713318,0.06573326863609011
370.8577912159455,1.0861673060714048,527.8,21.16134874664788,207.20000000000005,0.43769824504852295,0.1057008702507709,0.5048970758914948,0.06012897556644038
469.8800111428285,1.0861673060714048,524.7,20.376303819377554,210.29999999999995,0.41228801012039185,0.08542648281990652,0.5129055738449096,0.06123604493890694
568.9022310697115,1.0861673060714048,520.5,21.25103718290353,214.5,0.3601309597492218,0.041637181216956205,0.5211660683155059,0.060944944368752134
667.9244509965945,1.0861673060714048,520.3,21.065071243740373,214.70000000000005,0.3569940268993378,0.038492111527354655,0.5215348422527313,0.061252047553431055
766.9466709234775,1.0861673060714048,520.3,21.065071243740373,214.70000000000005,0.3569940268993378,0.038492111527354655,0.5215348422527313,0.061252047553431055
865.9688908503606,1.0861673060714048,520.3,21.065071243740373,214.70000000000005,0.3569940268993378,0.038492111527354655,0.5215348422527313,0.061252047553431055
964.9911107772435,1.0861673060714048,520.3,21.065071243740373,214.70000000000005,0.3569940268993378,0.038492111527354655,0.5215348422527313,0.061252047553431055
1064.0133307041265,1.0861673060714048,520.3,21.065071243740373,214.70000000000005,0.3569940268993378,0.038492111527354655,0.5215348422527313,0.061252047553431055
1163.0355506310098,1.0861673060714048,520.3,21.065071243740373,214.70000000000005,0.3569940268993378,0.038492111527354655,0.5215348422527313,0.061252047553431055
1262.0577705578926,1.0861673060714048,519.9,20.881806005698216,215.10000000000002,0.35516440868377686,0.03894196464616031,0.5214594781398774,0.061190558763633676
1361.0799904847756,1.0861673060714048,513.7,20.064170759513882,221.29999999999995,0.3602877020835876,0.04330184543262502,0.5343655526638031,0.0721650969289582
1460.1022104116587,1.0861673060714048,509.7,23.63217506206822,225.3,0.35319079756736754,0.0476071488038246,0.5363290488719941,0.06979950811030984
1559.1244303385417,1.0861673060714048,507.3,23.701846957214528,227.7,0.34594862461090087,0.05007595861167906,0.5372887432575226,0.06960966221961165
1658.1466502654246,1.0861673060714048,503.4,23.919511619029272,231.60000000000002,0.33931720852851865,0.0480484477300527,0.5367909669876099,0.06881269866480987
1757.1688701923076,1.0861673060714048,500.7,23.530905212863164,234.3,0.33032230734825135,0.050592835863370225,0.5372013568878173,0.06735079088389155
1856.1910901191907,1.0861673060714048,492.1,24.59286113958437,242.89999999999998,0.31510528922080994,0.05097541595478396,0.544152808189392,0.07481479232524972
1955.2133100460737,1.0861673060714048,485.2,24.022930389971417,249.8,0.31376485228538514,0.05662457706041197,0.5575132012367249,0.07308091413992684
2054.235529972957,1.0861673060714048,480.3,24.146283405642563,254.7,0.306670480966568,0.060638061420488804,0.5585956394672393,0.07555802962845432
2153.25774989984,1.0861673060714048,473.2,24.810042457493505,261.8,0.29949578642845154,0.06367387462939096,0.5619110584259033,0.07444726274845676
2252.2799698267227,1.0861673060714048,466.7,23.82626570021524,268.3,0.28913567066192625,0.06367854910586224,0.5689659655094147,0.07135421768490384
2351.302189753606,1.0861673060714048,460.3,26.54660680776199,274.7,0.27721538543701174,0.06724982285667476,0.5752051830291748,0.06797282281439115
2450.3244096804888,1.0861673060714048,451.7,27.74472204546811,283.3,0.264174485206604,0.07189973560388052,0.580124706029892,0.06438758588024937
2549.3466296073716,1.0861673060714048,448.5,27.961519258613095,286.5,0.2610863208770752,0.07366508326772343,0.5809557199478149,0.06405453838781697
2648.368849534255,1.0861673060714048,437.3,28.560673620289467,297.7,0.2551290452480316,0.074756803614143,0.5873804450035095,0.059693396751885855
2747.3910694611377,1.0861673060714048,428.0,31.740142198769973,307.0,0.24842220544815063,0.07246718510169932,0.598442804813385,0.05502210306273477
2846.413289388021,1.0861673060714048,410.0,43.89595365281065,325.0,0.24863215684890747,0.07041768186787384,0.6049172699451446,0.061091149933794664
2945.435509314904,1.0861673060714048,395.7,50.82788548443428,339.3,0.23846099376678467,0.07310624579206539,0.6138328850269318,0.06280169112814407
3044.4577292417866,1.0861673060714048,375.7,56.94673324795867,359.3,0.21981783509254454,0.07204204016027115,0.6240653812885284,0.06800568232670931
3143.47994916867,1.0861673060714048,351.7,65.21402358716027,383.3,0.1984206736087799,0.07412896593429187,0.6343044698238373,0.06414368823090867
3242.5021690955527,1.0861673060714048,330.9,73.62922906530532,404.1,0.20118356347084046,0.06612757216115396,0.6433008551597595,0.061501412753752774
3341.524389022436,1.0861673060714048,295.4,96.96081665244077,439.6,0.1672713816165924,0.0743094960184141,0.6517878413200379,0.05838978665121022
3440.546608949319,1.0861673060714048,247.8,110.84405949311136,487.2,0.14507583379745484,0.08117181662440977,0.6640077710151673,0.05717049634794796
3539.5688288762017,1.0861673060714048,200.7,116.49953208516442,534.3,0.13211690187454223,0.07292149396284811,0.6778472661972046,0.04344659159814229
3638.591048803085,1.0861673060714048,167.3,100.8419549665545,567.7,0.10158613324165344,0.06881738022026598,0.6975944697856903,0.03340155953463399
3737.613268729968,1.0861673060714048,116.1,95.56819027330751,618.9,0.08737135529518128,0.07022084292654475,0.704587596654892,0.03286015302782243
3836.635488656851,1.0861673060714048,87.2,88.3186896930244,647.8,0.052900904417037965,0.05469880504503117,0.707706606388092,0.03152527860249887
3935.657708583734,1.0861673060714048,69.0,73.10964689261192,666.0,0.04866472482681274,0.04926326310682542,0.7095501601696015,0.027530882092035306
4034.6799285106167,1.0861673060714048,44.6,56.60638678843344,690.4,0.03031594157218933,0.03876588109506211,0.7107762515544891,0.027038508272513036
4133.7021484375,1.0861673060714048,0.2,0.4524314325708198,734.8,0.0,0.0,0.7072304904460907,0.027338810591051605
271.8355712890625,1.1141964194053497,538.0,21.898699179631418,197.0,0.47517825961112975,0.11465660490218543,0.49662266969680785,0.07026143686063616
370.8577912159455,1.1141964194053497,537.0,21.708328786717132,198.0,0.4698115348815918,0.10917063987626477,0.5034326851367951,0.063533342687503
469.8800111428285,1.1141964194053497,533.6,20.50467969073853,201.39999999999998,0.4455699622631073,0.09759561875772998,0.5127439856529236,0.06479904903172672
568.9022310697115,1.1141964194053497,526.9,22.369952535266055,208.10000000000002,0.38116822838783265,0.0553490612725519,0.5236827254295349,0.06454268483743168
667.9244509965945,1.1141964194053497,525.9,21.36631091642688,209.10000000000002,0.3681796729564667,0.041339899310815324,0.5253289639949799,0.06538642757987602
766.9466709234775,1.1141964194053497,525.9,21.36631091642688,209.10000000000002,0.3681796729564667,0.041339899310815324,0.5253289639949799,0.06538642757987602
865.9688908503606,1.1141964194053497,525.9,21.36631091642688,209.10000000000002,0.3681796729564667,0.041339899310815324,0.5253289639949799,0.06538642757987602
964.9911107772435,1.1141964194053497,525.9,21.36631091642688,209.10000000000002,0.3681796729564667,0.041339899310815324,0.5253289639949799,0.06538642757987602
1064.0133307041265,1.1141964194053497,525.9,21.36631091642688,209.10000000000002,0.3681796729564667,0.041339899310815324,0.5253289639949799,0.06538642757987602
1163.0355506310098,1.1141964194053497,525.9,21.36631091642688,209.10000000000002,0.3681796729564667,0.041339899310815324,0.5253289639949799,0.06538642757987602
1262.0577705578926,1.1141964194053497,525.4,21.208050155274623,209.60000000000002,0.3663456797599792,0.04203787715132727,0.5257190048694611,0.0656622540031473
1361.0799904847756,1.1141964194053497,518.7,21.75555484638407,216.29999999999995,0.3706351459026337,0.04587086158350439,0.5386746942996978,0.07563626527461408
1460.1022104116587,1.1141964194053497,513.2,25.51060753775814,221.79999999999995,0.36216549277305604,0.051309281311394686,0.5421548664569855,0.07209530577955385
1559.1244303385417,1.1141964194053497,509.5,25.011930200416764,225.5,0.3488018035888672,0.051154629269388074,0.5397057235240936,0.07182867799571149
1658.1466502654246,1.1141964194053497,504.6,24.17487721093039,230.39999999999998,0.3431606352329254,0.05013562906438033,0.5364671349525452,0.06909722765369938
1757.1688701923076,1.1141964194053497,501.9,23.867753305006342,233.10000000000002,0.3341657340526581,0.05295164856375548,0.5368775248527526,0.06764258669041402
1856.1910901191907,1.1141964194053497,493.3,25.149766750216855,241.7,0.3189487159252167,0.05393740998415567,0.5438289761543273,0.0750946308570711
1955.2133100460737,1.1141964194053497,486.3,24.681944260048528,248.7,0.3175868809223175,0.05933011652342561,0.557182002067566,0.07340009361684531
2054.235529972957,1.1141964194053497,480.3,24.146283405642563,254.7,0.306670480966568,0.060638061420488804,0.5585956394672393,0.07555802962845432
2153.25774989984,1.1141964194053497,473.2,24.810042457493505,261.8,0.29949578642845154,0.06367387462939096,0.5619110584259033,0.07444726274845676
2252.2799698267227,1.1141964194053497,466.7,23.82626570021524,268.3,0.28913567066192625,0.06367854910586224,0.5689659655094147,0.07135421768490384
2351.302189753606,1.1141964194053497,460.3,26.54660680776199,274.7,0.27721538543701174,0.06724982285667476,0.5752051830291748,0.06797282281439115
2450.3244096804888,1.1141964194053497,451.7,27.74472204546811,283.3,0.264174485206604,0.07189973560388052,0.580124706029892,0.06438758588024937
2549.3466296073716,1.1141964194053497,448.5,27.961519258613095,286.5,0.2610863208770752,0.07366508326772343,0.5809557199478149,0.06405453838781697
2648.368849534255,1.1141964194053497,437.3,28.560673620289467,297.7,0.2551290452480316,0.074756803614143,0.5873804450035095,0.059693396751885855
2747.3910694611377,1.1141964194053497,428.0,31.740142198769973,307.0,0.24842220544815063,0.07246718510169932,0.598442804813385,0.05502210306273477
2846.413289388021,1.1141964194053497,410.0,43.89595365281065,325.0,0.24863215684890747,0.07041768186787384,0.6049172699451446,0.061091149933794664
2945.435509314904,1.1141964194053497,395.7,50.82788548443428,339.3,0.23846099376678467,0.07310624579206539,0.6138328850269318,0.06280169112814407
3044.4577292417866,1.1141964194053497,375.7,56.94673324795867,359.3,0.21981783509254454,0.07204204016027115,0.6240653812885284,0.06800568232670931
3143.47994916867,1.1141964194053497,351.7,65.21402358716027,383.3,0.1984206736087799,0.07412896593429187,0.6343044698238373,0.06414368823090867
3242.5021690955527,1.1141964194053497,330.9,73.62922906530532,404.1,0.20118356347084046,0.06612757216115396,0.6433008551597595,0.061501412753752774
3341.524389022436,1.1141964194053497,295.4,96.96081665244077,439.6,0.1672713816165924,0.0743094960184141,0.6517878413200379,0.05838978665121022
3440.546608949319,1.1141964194053497,247.8,110.84405949311136,487.2,0.14507583379745484,0.08117181662440977,0.6640077710151673,0.05717049634794796
3539.5688288762017,1.1141964194053497,200.7,116.49953208516442,534.3,0.13211690187454223,0.07292149396284811,0.6778472661972046,0.04344659159814229
3638.591048803085,1.1141964194053497,167.3,100.8419549665545,567.7,0.10158613324165344,0.06881738022026598,0.6975944697856903,0.03340155953463399
3737.613268729968,1.1141964194053497,116.1,95.56819027330751,618.9,0.08737135529518128,0.07022084292654475,0.704587596654892,0.03286015302782243
3836.635488656851,1.1141964194053497,87.2,88.3186896930244,647.8,0.052900904417037965,0.05469880504503117,0.707706606388092,0.03152527860249887
3935.657708583734,1.1141964194053497,69.0,73.10964689261192,666.0,0.04866472482681274,0.04926326310682542,0.7095501601696015,0.027530882092035306
4034.6799285106167,1.1141964194053497,44.6,56.60638678843344,690.4,0.03031594157218933,0.03876588109506211,0.7107762515544891,0.027038508272513036
4133.7021484375,1.1141964194053497,0.2,0.4524314325708198,734.8,0.0,0.0,0.7072304904460907,0.027338810591051605
271.8355712890625,1.1422255327392945,550.3,20.653465990119663,184.70000000000005,0.5469996511936188,0.09064792924038581,0.4774979710578918,0.06995196552877211
370.8577912159455,1.1422255327392945,549.3,20.70021450169432,185.70000000000005,0.5420658469200135,0.08616949490040364,0.4846817135810852,0.06366247982231535
469.8800111428285,1.1422255327392945,545.2,19.71180056301975,189.79999999999995,0.5040270447731018,0.09178758544697552,0.4974577784538269,0.06660712921564821
568.9022310697115,1.1422255327392945,537.2,22.61101243072636,197.79999999999995,0.4341363847255707,0.07562109793086959,0.5122308731079102,0.06340471856918416
667.9244509965945,1.1422255327392945,533.0,21.31715568774003,202.0,0.3801395773887634,0.04015685788598316,0.5230088531970978,0.06261538945510423
766.9466709234775,1.1422255327392945,533.0,21.31715568774003,202.0,0.3801395773887634,0.04015685788598316,0.5230088531970978,0.06261538945510423
865.9688908503606,1.1422255327392945,533.0,21.31715568774003,202.0,0.3801395773887634,0.04015685788598316,0.5230088531970978,0.06261538945510423
964.9911107772435,1.1422255327392945,533.0,21.31715568774003,202.0,0.3801395773887634,0.04015685788598316,0.5230088531970978,0.06261538945510423
1064.0133307041265,1.1422255327392945,533.0,21.31715568774003,202.0,0.3801395773887634,0.04015685788598316,0.5230088531970978,0.06261538945510423
1163.0355506310098,1.1422255327392945,532.8,21.273901353647958,202.20000000000005,0.37850778102874755,0.04067649794770256,0.5221090972423553,0.06190041562537078
1262.0577705578926,1.1422255327392945,529.9,23.279222746237586,205.10000000000002,0.37555825114250185,0.043213113438049476,0.5243774592876435,0.06309625231650992
1361.0799904847756,1.1422255327392945,522.6,24.47640576653343,212.39999999999998,0.3770550310611725,0.047988756221850684,0.5373223423957825,0.07322215623306799
1460.1022104116587,1.1422255327392945,513.7,25.926794997043707,221.29999999999995,0.3634486734867096,0.05193193043389379,0.5416842341423035,0.07182588730456149
1559.1244303385417,1.1422255327392945,509.6,24.961753712151083,225.39999999999998,0.34914180636405945,0.05127862199440036,0.5396568179130554,0.07187871958428128
1658.1466502654246,1.1422255327392945,504.7,24.13450656844546,230.3,0.3435006380081177,0.05028382866026962,0.536418229341507,0.0691479435838704
1757.1688701923076,1.1422255327392945,502.0,23.833304602366493,233.0,0.33450573682785034,0.05312473121861209,0.5368286192417144,0.06769456101079324
1856.1910901191907,1.1422255327392945,493.3,25.149766750216855,241.7,0.3189487159252167,0.05393740998415567,0.5438289761543273,0.0750946308570711
1955.2133100460737,1.1422255327392945,486.3,24.681944260048528,248.7,0.3175868809223175,0.05933011652342561,0.557182002067566,0.07340009361684531
2054.235529972957,1.1422255327392945,480.3,24.146283405642563,254.7,0.306670480966568,0.060638061420488804,0.5585956394672393,0.07555802962845432
2153.25774989984,1.1422255327392945,473.2,24.810042457493505,261.8,0.29949578642845154,0.06367387462939096,0.5619110584259033,0.07444726274845676
2252.2799698267227,1.1422255327392945,466.7,23.82626570021524,268.3,0.28913567066192625,0.06367854910586224,0.5689659655094147,0.07135421768490384
2351.302189753606,1.1422255327392945,460.3,26.54660680776199,274.7,0.27721538543701174,0.06724982285667476,0.5752051830291748,0.06797282281439115
2450.3244096804888,1.1422255327392945,451.7,27.74472204546811,283.3,0.264174485206604,0.07189973560388052,0.580124706029892,0.06438758588024937
2549.3466296073716,1.1422255327392945,448.5,27.961519258613095,286.5,0.2610863208770752,0.07366508326772343,0.5809557199478149,0.06405453838781697
2648.368849534255,1.1422255327392945,437.3,28.560673620289467,297.7,0.2551290452480316,0.074756803614143,0.5873804450035095,0.059693396751885855
2747.3910694611377,1.1422255327392945,428.0,31.740142198769973,307.0,0.24842220544815063,0.07246718510169932,0.598442804813385,0.05502210306273477
2846.413289388021,1.1422255327392945,410.0,43.89595365281065,325.0,0.24863215684890747,0.07041768186787384,0.6049172699451446,0.061091149933794664
2945.435509314904,1.1422255327392945,395.7,50.82788548443428,339.3,0.23846099376678467,0.07310624579206539,0.6138328850269318,0.06280169112814407
3044.4577292417866,1.1422255327392945,375.7,56.94673324795867,359.3,0.21981783509254454,0.07204204016027115,0.6240653812885284,0.06800568232670931
3143.47994916867,1.1422255327392945,351.7,65.21402358716027,383.3,0.1984206736087799,0.07412896593429187,0.6343044698238373,0.06414368823090867
3242.5021690955527,1.1422255327392945,330.9,73.62922906530532,404.1,0.20118356347084046,0.06612757216115396,0.6433008551597595,0.061501412753752774
3341.524389022436,1.1422255327392945,295.4,96.96081665244077,439.6,0.1672713816165924,0.0743094960184141,0.6517878413200379,0.05838978665121022
3440.546608949319,1.1422255327392945,247.8,110.84405949311136,487.2,0.14507583379745484,0.08117181662440977,0.6640077710151673,0.05717049634794796
3539.5688288762017,1.1422255327392945,200.7,116.49953208516442,534.3,0.13211690187454223,0.07292149396284811,0.6778472661972046,0.04344659159814229
3638.591048803085,1.1422255327392945,167.3,100.8419549665545,567.7,0.10158613324165344,0.06881738022026598,0.6975944697856903,0.03340155953463399
3737.613268729968,1.1422255327392945,116.1,95.56819027330751,618.9,0.08737135529518128,0.07022084292654475,0.704587596654892,0.03286015302782243
3836.635488656851,1.1422255327392945,87.2,88.3186896930244,647.8,0.052900904417037965,0.05469880504503117,0.707706606388092,0.03152527860249887
3935.657708583734,1.1422255327392945,69.0,73.10964689261192,666.0,0.04866472482681274,0.04926326310682542,0.7095501601696015,0.027530882092035306
4034.6799285106167,1.1422255327392945,44.6,56.60638678843344,690.4,0.03031594157218933,0.03876588109506211,0.7107762515544891,0.027038508272513036
4133.7021484375,1.1422255327392945,0.2,0.4524314325708198,734.8,0.0,0.0,0.7072304904460907,0.027338810591051605
271.8355712890625,1.1702546460732395,567.6,19.770557631225717,167.39999999999998,0.6052456676959992,0.051608188462316906,0.4463440656661987,0.06490359246979041
370.8577912159455,1.1702546460732395,566.6,19.848056883919103,168.39999999999998,0.6003692209720611,0.047814699993057,0.4542836546897888,0.05826282268093265
469.8800111428285,1.1702546460732395,562.5,18.833958500313255,172.5,0.5762797117233276,0.04213182175552368,0.4695870876312256,0.06035681283317787
568.9022310697115,1.1702546460732395,551.9,21.962091324051816,183.10000000000002,0.4751516044139862,0.06371059741214782,0.4921634554862976,0.059532248064369325
667.9244509965945,1.1702546460732395,544.2,18.994937359111503,190.79999999999995,0.39115704894065856,0.043928978106622614,0.5035438656806945,0.05990913666120139
766.9466709234775,1.1702546460732395,543.2,19.714684893168346,191.79999999999995,0.37685725688934324,0.03911966130862413,0.50550075173378,0.05926803918283644
865.9688908503606,1.1702546460732395,543.2,19.714684893168346,191.79999999999995,0.37685725688934324,0.03911966130862413,0.50550075173378,0.05926803918283644
964.9911107772435,1.1702546460732395,543.2,19.714684893168346,191.79999999999995,0.37685725688934324,0.03911966130862413,0.50550075173378,0.05926803918283644
1064.0133307041265,1.1702546460732395,543.2,19.714684893168346,191.79999999999995,0.37685725688934324,0.03911966130862413,0.50550075173378,0.05926803918283644
1163.0355506310098,1.1702546460732395,539.8,22.26383569946555,195.20000000000005,0.3707971751689911,0.03916257361078148,0.5007911264896393,0.058785965058486954
1262.0577705578926,1.1702546460732395,536.8,24.60522740566282,198.20000000000005,0.36787102222442625,0.04145567279088429,0.5041561305522919,0.060995516088747
1361.0799904847756,1.1702546460732395,526.0,25.151914452799314,209.0,0.3677243411540985,0.04551488954248737,0.5315918624401093,0.07288152624935933
1460.1022104116587,1.1702546460732395,516.6,26.604695147166876,218.39999999999998,0.35417650938034057,0.04821873403341838,0.5368825614452362,0.07198833935182761
1559.1244303385417,1.1702546460732395,512.5,25.92723360906176,222.5,0.33986964225769045,0.04589949173662254,0.5348551452159882,0.07196417658976442
1658.1466502654246,1.1702546460732395,507.6,25.45125088336746,227.39999999999998,0.33422847390174865,0.044116301019724184,0.5316165566444397,0.06910894623709973
1757.1688701923076,1.1702546460732395,504.1,25.547691056266125,230.89999999999998,0.3255373418331146,0.04648329683426818,0.5326227009296417,0.06704689302642781
1856.1910901191907,1.1702546460732395,493.3,25.149766750216855,241.7,0.3189487159252167,0.05393740998415567,0.5438289761543273,0.0750946308570711
1955.2133100460737,1.1702546460732395,486.3,24.681944260048528,248.7,0.3175868809223175,0.05933011652342561,0.557182002067566,0.07340009361684531
2054.235529972957,1.1702546460732395,480.3,24.146283405642563,254.7,0.306670480966568,0.060638061420488804,0.5585956394672393,0.07555802962845432
2153.25774989984,1.1702546460732395,473.2,24.810042457493505,261.8,0.29949578642845154,0.06367387462939096,0.5619110584259033,0.07444726274845676
2252.2799698267227,1.1702546460732395,466.7,23.82626570021524,268.3,0.28913567066192625,0.06367854910586224,0.5689659655094147,0.07135421768490384
2351.302189753606,1.1702546460732395,460.3,26.54660680776199,274.7,0.27721538543701174,0.06724982285667476,0.5752051830291748,0.06797282281439115
2450.3244096804888,1.1702546460732395,451.7,27.74472204546811,283.3,0.264174485206604,0.07189973560388052,0.580124706029892,0.06438758588024937
2549.3466296073716,1.1702546460732395,448.5,27.961519258613095,286.5,0.2610863208770752,0.07366508326772343,0.5809557199478149,0.06405453838781697
2648.368849534255,1.1702546460732395,437.3,28.560673620289467,297.7,0.2551290452480316,0.074756803614143,0.5873804450035095,0.059693396751885855
2747.3910694611377,1.1702546460732395,428.0,31.740142198769973,307.0,0.24842220544815063,0.07246718510169932,0.598442804813385,0.05502210306273477
2846.413289388021,1.1702546460732395,410.0,43.89595365281065,325.0,0.24863215684890747,0.07041768186787384,0.6049172699451446,0.061091149933794664
2945.435509314904,1.1702546460732395,395.7,50.82788548443428,339.3,0.23846099376678467,0.07310624579206539,0.6138328850269318,0.06280169112814407
3044.4577292417866,1.1702546460732395,375.7,56.94673324795867,359.3,0.21981783509254454,0.07204204016027115,0.6240653812885284,0.06800568232670931
3143.47994916867,1.1702546460732395,351.7,65.21402358716027,383.3,0.1984206736087799,0.07412896593429187,0.6343044698238373,0.06414368823090867
3242.5021690955527,1.1702546460732395,330.9,73.62922906530532,404.1,0.20118356347084046,0.06612757216115396,0.6433008551597595,0.061501412753752774
3341.524389022436,1.1702546460732395,295.4,96.96081665244077,439.6,0.1672713816165924,0.0743094960184141,0.6517878413200379,0.05838978665121022
3440.546608949319,1.1702546460732395,247.8,110.84405949311136,487.2,0.14507583379745484,0.08117181662440977,0.6640077710151673,0.05717049634794796
3539.5688288762017,1.1702546460732395,200.7,116.49953208516442,534.3,0.13211690187454223,0.07292149396284811,0.6778472661972046,0.04344659159814229
3638.591048803085,1.1702546460732395,167.3,100.8419549665545,567.7,0.10158613324165344,0.06881738022026598,0.6975944697856903,0.03340155953463399
3737.613268729968,1.1702546460732395,116.1,95.56819027330751,618.9,0.08737135529518128,0.07022084292654475,0.704587596654892,0.03286015302782243
3836.635488656851,1.1702546460732395,87.2,88.3186896930244,647.8,0.052900904417037965,0.05469880504503117,0.707706606388092,0.03152527860249887
3935.657708583734,1.1702546460732395,69.0,73.10964689261192,666.0,0.04866472482681274,0.04926326310682542,0.7095501601696015,0.027530882092035306
4034.6799285106167,1.1702546460732395,44.6,56.60638678843344,690.4,0.03031594157218933,0.03876588109506211,0.7107762515544891,0.027038508272513036
4133.7021484375,1.1702546460732395,0.2,0.4524314325708198,734.8,0.0,0.0,0.7072304904460907,0.027338810591051605
271.8355712890625,1.1982837594071845,581.5,21.487847086374153,153.5,0.6440603494644165,0.03475641460497034,0.42635894417762754,0.06790963116532193
370.8577912159455,1.1982837594071845,580.5,21.548621984304507,154.5,0.639539384841919,0.03246640166390553,0.43455168008804324,0.06228148163583235
469.8800111428285,1.1982837594071845,576.4,20.659384145139384,158.60000000000002,0.6202261090278626,0.029838799439474907,0.4525360941886902,0.0650150293211969
568.9022310697115,1.1982837594071845,565.3,24.294182417748544,169.70000000000005,0.538073468208313,0.058616427115312196,0.4782908082008362,0.06489971791979066
667.9244509965945,1.1982837594071845,555.3,20.66447515442015,179.70000000000005,0.4462952375411987,0.05829214074286384,0.4922125041484833,0.06481167382472267
766.9466709234775,1.1982837594071845,550.5,21.70898358888263,184.5,0.38606059551239014,0.04104025380978444,0.5011523783206939,0.062002587810305855
865.9688908503606,1.1982837594071845,550.5,21.70898358888263,184.5,0.38606059551239014,0.04104025380978444,0.5011523783206939,0.062002587810305855
964.9911107772435,1.1982837594071845,550.5,21.70898358888263,184.5,0.38606059551239014,0.04104025380978444,0.5011523783206939,0.062002587810305855
1064.0133307041265,1.1982837594071845,550.5,21.70898358888263,184.5,0.38606059551239014,0.04104025380978444,0.5011523783206939,0.062002587810305855
1163.0355506310098,1.1982837594071845,546.1,24.73809038855085,188.89999999999998,0.3793318927288055,0.04211587134658231,0.4952975630760193,0.06064063887195723
1262.0577705578926,1.1982837594071845,541.6,25.959998876707335,193.39999999999998,0.37437092065811156,0.04386710807959637,0.5028592824935914,0.06325621325629692
1361.0799904847756,1.1982837594071845,528.4,25.553810783486284,206.60000000000002,0.3717073678970337,0.04582580587689194,0.5321657717227936,0.07458301340854043
1460.1022104116587,1.1982837594071845,519.0,27.45620613520052,216.0,0.3581595361232758,0.04914071594730532,0.5374564707279206,0.07368702111538365
1559.1244303385417,1.1982837594071845,514.9,27.008236590866154,220.10000000000002,0.3438526690006256,0.04755343678879624,0.5354290544986725,0.07367239626416787
1658.1466502654246,1.1982837594071845,509.5,26.857923428694214,225.5,0.3373626351356506,0.04555900122217383,0.533256721496582,0.06971467983979494
1757.1688701923076,1.1982837594071845,504.1,25.547691056266125,230.89999999999998,0.3255373418331146,0.04648329683426818,0.5326227009296417,0.06704689302642781
1856.1910901191907,1.1982837594071845,493.3,25.149766750216855,241.7,0.3189487159252167,0.05393740998415567,0.5438289761543273,0.0750946308570711
1955.2133100460737,1.1982837594071845,486.3,24.681944260048528,248.7,0.3175868809223175,0.05933011652342561,0.557182002067566,0.07340009361684531
2054.235529972957,1.1982837594071845,480.3,24.146283405642563,254.7,0.306670480966568,0.060638061420488804,0.5585956394672393,0.07555802962845432
2153.25774989984,1.1982837594071845,473.2,24.810042457493505,261.8,0.29949578642845154,0.06367387462939096,0.5619110584259033,0.07444726274845676
2252.2799698267227,1.1982837594071845,466.7,23.82626570021524,268.3,0.28913567066192625,0.06367854910586224,0.5689659655094147,0.07135421768490384
2351.302189753606,1.1982837594071845,460.3,26.54660680776199,274.7,0.27721538543701174,0.06724982285667476,0.5752051830291748,0.06797282281439115
2450.3244096804888,1.1982837594071845,451.7,27.74472204546811,283.3,0.264174485206604,0.07189973560388052,0.580124706029892,0.06438758588024937
2549.3466296073716,1.1982837594071845,448.5,27.961519258613095,286.5,0.2610863208770752,0.07366508326772343,0.5809557199478149,0.06405453838781697
2648.368849534255,1.1982837594071845,437.3,28.560673620289467,297.7,0.2551290452480316,0.074756803614143,0.5873804450035095,0.059693396751885855
2747.3910694611377,1.1982837594071845,428.0,31.740142198769973,307.0,0.24842220544815063,0.07246718510169932,0.598442804813385,0.05502210306273477
2846.413289388021,1.1982837594071845,410.0,43.89595365281065,325.0,0.24863215684890747,0.07041768186787384,0.6049172699451446,0.061091149933794664
2945.435509314904,1.1982837594071845,395.7,50.82788548443428,339.3,0.23846099376678467,0.07310624579206539,0.6138328850269318,0.06280169112814407
3044.4577292417866,1.1982837594071845,375.7,56.94673324795867,359.3,0.21981783509254454,0.07204204016027115,0.6240653812885284,0.06800568232670931
3143.47994916867,1.1982837594071845,351.7,65.21402358716027,383.3,0.1984206736087799,0.07412896593429187,0.6343044698238373,0.06414368823090867
3242.5021690955527,1.1982837594071845,330.9,73.62922906530532,404.1,0.20118356347084046,0.06612757216115396,0.6433008551597595,0.061501412753752774
3341.524389022436,1.1982837594071845,295.4,96.96081665244077,439.6,0.1672713816165924,0.0743094960184141,0.6517878413200379,0.05838978665121022
3440.546608949319,1.1982837594071845,247.8,110.84405949311136,487.2,0.14507583379745484,0.08117181662440977,0.6640077710151673,0.05717049634794796
3539.5688288762017,1.1982837594071845,200.7,116.49953208516442,534.3,0.13211690187454223,0.07292149396284811,0.6778472661972046,0.04344659159814229
3638.591048803085,1.1982837594071845,167.3,100.8419549665545,567.7,0.10158613324165344,0.06881738022026598,0.6975944697856903,0.03340155953463399
3737.613268729968,1.1982837594071845,116.1,95.56819027330751,618.9,0.08737135529518128,0.07022084292654475,0.704587596654892,0.03286015302782243
3836.635488656851,1.1982837594071845,87.2,88.3186896930244,647.8,0.052900904417037965,0.05469880504503117,0.707706606388092,0.03152527860249887
3935.657708583734,1.1982837594071845,69.0,73.10964689261192,666.0,0.04866472482681274,0.04926326310682542,0.7095501601696015,0.027530882092035306
4034.6799285106167,1.1982837594071845,44.6,56.60638678843344,690.4,0.03031594157218933,0.03876588109506211,0.7107762515544891,0.027038508272513036
4133.7021484375,1.1982837594071845,0.2,0.4524314325708198,734.8,0.0,0.0,0.7072304904460907,0.027338810591051605
271.8355712890625,1.2263128727411292,595.7,19.459957814175464,139.29999999999995,0.6770996272563934,0.02421947609171706,0.3925029158592224,0.07903247405475361
370.8577912159455,1.2263128727411292,594.7,19.33684979778247,140.29999999999995,0.6729519844055176,0.024233011192037954,0.40181816816329957,0.07380863680337028
469.8800111428285,1.2263128727411292,590.6,18.38465702006102,144.39999999999998,0.6571432590484619,0.024336066830283082,0.42293718457221985,0.07719296973192208
568.9022310697115,1.2263128727411292,579.5,21.39503230622686,155.5,0.5930451333522797,0.05984505177104584,0.4527356266975403,0.07784373662567345
667.9244509965945,1.2263128727411292,568.1,17.491577553522042,166.89999999999998,0.5170861959457398,0.06781680374249514,0.4701597988605499,0.07658590590410368
766.9466709234775,1.2263128727411292,557.3,18.836373536114785,177.70000000000005,0.417225593328476,0.05188085589393602,0.4919582724571228,0.07000911904702793
865.9688908503606,1.2263128727411292,556.0,19.36902122357159,179.0,0.3971680760383606,0.03688787183890739,0.4959161341190338,0.06863023958270892
964.9911107772435,1.2263128727411292,556.0,19.36902122357159,179.0,0.3971680760383606,0.03688787183890739,0.4959161341190338,0.06863023958270892
1064.0133307041265,1.2263128727411292,554.8,19.668484853349746,180.20000000000005,0.3927465260028839,0.04155572020947119,0.495214056968689,0.06839876852544186
1163.0355506310098,1.2263128727411292,550.4,23.431988369748193,184.60000000000002,0.38601782321929934,0.04321436754417809,0.4893592417240143,0.06687166932152393
1262.0577705578926,1.2263128727411292,544.3,24.83123250059659,190.70000000000005,0.37630667686462405,0.04414301118037447,0.49781702160835267,0.06900162599163531
1361.0799904847756,1.2263128727411292,531.1,25.22291147372798,203.89999999999998,0.37364312410354616,0.046153549029240966,0.5271235108375549,0.08056392137271358
1460.1022104116587,1.2263128727411292,521.7,27.674955381319617,213.29999999999995,0.3600952923297882,0.049747147817583284,0.5324142098426818,0.0799251745870848
1559.1244303385417,1.2263128727411292,517.2,27.364518550665093,217.79999999999995,0.34455986618995665,0.047765114373908804,0.5312839090824127,0.07864045533993334
1658.1466502654246,1.2263128727411292,509.5,26.857923428694214,225.5,0.3373626351356506,0.04555900122217383,0.533256721496582,0.06971467983979494
1757.1688701923076,1.2263128727411292,504.1,25.547691056266125,230.89999999999998,0.3255373418331146,0.04648329683426818,0.5326227009296417,0.06704689302642781
1856.1910901191907,1.2263128727411292,493.3,25.149766750216855,241.7,0.3189487159252167,0.05393740998415567,0.5438289761543273,0.0750946308570711
1955.2133100460737,1.2263128727411292,486.3,24.681944260048528,248.7,0.3175868809223175,0.05933011652342561,0.557182002067566,0.07340009361684531
2054.235529972957,1.2263128727411292,480.3,24.146283405642563,254.7,0.306670480966568,0.060638061420488804,0.5585956394672393,0.07555802962845432
2153.25774989984,1.2263128727411292,473.2,24.810042457493505,261.8,0.29949578642845154,0.06367387462939096,0.5619110584259033,0.07444726274845676
2252.2799698267227,1.2263128727411292,466.7,23.82626570021524,268.3,0.28913567066192625,0.06367854910586224,0.5689659655094147,0.07135421768490384
2351.302189753606,1.2263128727411292,460.3,26.54660680776199,274.7,0.27721538543701174,0.06724982285667476,0.5752051830291748,0.06797282281439115
2450.3244096804888,1.2263128727411292,451.7,27.74472204546811,283.3,0.264174485206604,0.07189973560388052,0.580124706029892,0.06438758588024937
2549.3466296073716,1.2263128727411292,448.5,27.961519258613095,286.5,0.2610863208770752,0.07366508326772343,0.5809557199478149,0.06405453838781697
2648.368849534255,1.2263128727411292,437.3,28.560673620289467,297.7,0.2551290452480316,0.074756803614143,0.5873804450035095,0.059693396751885855
2747.3910694611377,1.2263128727411292,428.0,31.740142198769973,307.0,0.24842220544815063,0.07246718510169932,0.598442804813385,0.05502210306273477
2846.413289388021,1.2263128727411292,410.0,43.89595365281065,325.0,0.24863215684890747,0.07041768186787384,0.6049172699451446,0.061091149933794664
2945.435509314904,1.2263128727411292,395.7,50.82788548443428,339.3,0.23846099376678467,0.07310624579206539,0.6138328850269318,0.06280169112814407
3044.4577292417866,1.2263128727411292,375.7,56.94673324795867,359.3,0.21981783509254454,0.07204204016027115,0.6240653812885284,0.06800568232670931
3143.47994916867,1.2263128727411292,351.7,65.21402358716027,383.3,0.1984206736087799,0.07412896593429187,0.6343044698238373,0.06414368823090867
3242.5021690955527,1.2263128727411292,330.9,73.62922906530532,404.1,0.20118356347084046,0.06612757216115396,0.6433008551597595,0.061501412753752774
3341.524389022436,1.2263128727411292,295.4,96.96081665244077,439.6,0.1672713816165924,0.0743094960184141,0.6517878413200379,0.05838978665121022
3440.546608949319,1.2263128727411292,247.8,110.84405949311136,487.2,0.14507583379745484,0.08117181662440977,0.6640077710151673,0.05717049634794796
3539.5688288762017,1.2263128727411292,200.7,116.49953208516442,534.3,0.13211690187454223,0.07292149396284811,0.6778472661972046,0.04344659159814229
3638.591048803085,1.2263128727411292,167.3,100.8419549665545,567.7,0.10158613324165344,0.06881738022026598,0.6975944697856903,0.03340155953463399
3737.613268729968,1.2263128727411292,116.1,95.56819027330751,618.9,0.08737135529518128,0.07022084292654475,0.704587596654892,0.03286015302782243
3836.635488656851,1.2263128727411292,87.2,88.3186896930244,647.8,0.052900904417037965,0.05469880504503117,0.707706606388092,0.03152527860249887
3935.657708583734,1.2263128727411292,69.0,73.10964689261192,666.0,0.04866472482681274,0.04926326310682542,0.7095501601696015,0.027530882092035306
4034.6799285106167,1.2263128727411292,44.6,56.60638678843344,690.4,0.03031594157218933,0.03876588109506211,0.7107762515544891,0.027038508272513036
4133.7021484375,1.2263128727411292,0.2,0.4524314325708198,734.8,0.0,0.0,0.7072304904460907,0.027338810591051605
271.8355712890625,1.2543419860750742,609.9,20.61323264302506,125.10000000000002,0.6764102041721344,0.03805125479666437,0.38224712014198303,0.08472197749506913
370.8577912159455,1.2543419860750742,608.9,20.494278298279518,126.10000000000002,0.6725318729877472,0.038171758916457736,0.3932112276554108,0.07759291266239274
469.8800111428285,1.2543419860750742,604.8,19.286059922667203,130.20000000000005,0.6581417143344879,0.03925988670221226,0.41844037771224973,0.07873966542964492
568.9022310697115,1.2543419860750742,593.7,21.85724611426496,141.29999999999995,0.6028814315795898,0.06352043533142476,0.4512574851512909,0.0781488091178098
667.9244509965945,1.2543419860750742,580.0,19.27780314607651,155.0,0.5320474624633789,0.07481510642737739,0.4718393623828888,0.07180150074035765
766.9466709234775,1.2543419860750742,565.9,20.976891740258402,169.10000000000002,0.44603002071380615,0.06345393536704003,0.4808573305606842,0.07253056503291337
865.9688908503606,1.2543419860750742,561.9,21.562338653908924,173.10000000000002,0.40569875836372377,0.040129874613353225,0.48544822335243226,0.0706228098810472
964.9911107772435,1.2543419860750742,561.9,21.562338653908924,173.10000000000002,0.40569875836372377,0.040129874613353225,0.48544822335243226,0.0706228098810472
1064.0133307041265,1.2543419860750742,559.1,22.76301694706035,175.89999999999998,0.40025530457496644,0.045712147668149045,0.49068065285682677,0.07239879725353719
1163.0355506310098,1.2543419860750742,553.4,25.215583999967,181.60000000000002,0.3903148531913757,0.04557608355297684,0.48393514752388,0.07353505265015908
1262.0577705578926,1.2543419860750742,544.9,25.005564163775386,190.10000000000002,0.37868099212646483,0.04482811963881463,0.4971840977668762,0.06873462297006216
1361.0799904847756,1.2543419860750742,531.7,25.571271765662296,203.29999999999995,0.37601743936538695,0.04688599664595206,0.5264905869960785,0.0804665328860675
1460.1022104116587,1.2543419860750742,522.3,28.107144705515424,212.70000000000005,0.36246960759162905,0.05078882849583745,0.5317812860012054,0.07985085488480825
1559.1244303385417,1.2543419860750742,517.6,27.79826169470672,217.39999999999998,0.3456355094909668,0.04833015093989183,0.5306404948234558,0.0785741990890494
1658.1466502654246,1.2543419860750742,509.5,26.857923428694214,225.5,0.3373626351356506,0.04555900122217383,0.533256721496582,0.06971467983979494
1757.1688701923076,1.2543419860750742,504.1,25.547691056266125,230.89999999999998,0.3255373418331146,0.04648329683426818,0.5326227009296417,0.06704689302642781
1856.1910901191907,1.2543419860750742,493.3,25.149766750216855,241.7,0.3189487159252167,0.05393740998415567,0.5438289761543273,0.0750946308570711
1955.2133100460737,1.2543419860750742,486.3,24.681944260048528,248.7,0.3175868809223175,0.05933011652342561,0.557182002067566,0.07340009361684531
2054.235529972957,1.2543419860750742,480.3,24.146283405642563,254.7,0.306670480966568,0.060638061420488804,0.5585956394672393,0.07555802962845432
2153.25774989984,1.2543419860750742,473.2,24.810042457493505,261.8,0.29949578642845154,0.06367387462939096,0.5619110584259033,0.07444726274845676
2252.2799698267227,1.2543419860750742,466.7,23.82626570021524,268.3,0.28913567066192625,0.06367854910586224,0.5689659655094147,0.07135421768490384
2351.302189753606,1.2543419860750742,460.3,26.54660680776199,274.7,0.27721538543701174,0.06724982285667476,0.5752051830291748,0.06797282281439115
2450.3244096804888,1.2543419860750742,451.7,27.74472204546811,283.3,0.264174485206604,0.07189973560388052,0.580124706029892,0.06438758588024937
2549.3466296073716,1.2543419860750742,448.5,27.961519258613095,286.5,0.2610863208770752,0.07366508326772343,0.5809557199478149,0.06405453838781697
2648.368849534255,1.2543419860750742,437.3,28.560673620289467,297.7,0.2551290452480316,0.074756803614143,0.5873804450035095,0.059693396751885855
2747.3910694611377,1.2543419860750742,428.0,31.740142198769973,307.0,0.24842220544815063,0.07246718510169932,0.598442804813385,0.05502210306273477
2846.413289388021,1.2543419860750742,410.0,43.89595365281065,325.0,0.24863215684890747,0.07041768186787384,0.6049172699451446,0.061091149933794664
2945.435509314904,1.2543419860750742,395.7,50.82788548443428,339.3,0.23846099376678467,0.07310624579206539,0.6138328850269318,0.06280169112814407
3044.4577292417866,1.2543419860750742,375.7,56.94673324795867,359.3,0.21981783509254454,0.07204204016027115,0.6240653812885284,0.06800568232670931
3143.47994916867,1.2543419860750742,351.7,65.21402358716027,383.3,0.1984206736087799,0.07412896593429187,0.6343044698238373,0.06414368823090867
3242.5021690955527,1.2543419860750742,330.9,73.62922906530532,404.1,0.20118356347084046,0.06612757216115396,0.6433008551597595,0.061501412753752774
3341.524389022436,1.2543419860750742,295.4,96.96081665244077,439.6,0.1672713816165924,0.0743094960184141,0.6517878413200379,0.05838978665121022
3440.546608949319,1.2543419860750742,247.8,110.84405949311136,487.2,0.14507583379745484,0.08117181662440977,0.6640077710151673,0.05717049634794796
3539.5688288762017,1.2543419860750742,200.7,116.49953208516442,534.3,0.13211690187454223,0.07292149396284811,0.6778472661972046,0.04344659159814229
3638.591048803085,1.2543419860750742,167.3,100.8419549665545,567.7,0.10158613324165344,0.06881738022026598,0.6975944697856903,0.03340155953463399
3737.613268729968,1.2543419860750742,116.1,95.56819027330751,618.9,0.08737135529518128,0.07022084292654475,0.704587596654892,0.03286015302782243
3836.635488656851,1.2543419860750742,87.2,88.3186896930244,647.8,0.052900904417037965,0.05469880504503117,0.707706606388092,0.03152527860249887
3935.657708583734,1.2543419860750742,69.0,73.10964689261192,666.0,0.04866472482681274,0.04926326310682542,0.7095501601696015,0.027530882092035306
4034.6799285106167,1.2543419860750742,44.6,56.60638678843344,690.4,0.03031594157218933,0.03876588109506211,0.7107762515544891,0.027038508272513036
4133.7021484375,1.2543419860750742,0.2,0.4524314325708198,734.8,0.0,0.0,0.7072304904460907,0.027338810591051605
271.8355712890625,1.2823710994090192,621.4,17.790523393694187,113.60000000000002,0.6838878214359283,0.04043381056440002,0.37626381516456603,0.09332907397594341
370.8577912159455,1.2823710994090192,620.4,17.82564533554899,114.60000000000002,0.6803021132946014,0.040465466428975215,0.3882510125637054,0.08595269737040018
469.8800111428285,1.2823710994090192,616.3,16.945387649818553,118.70000000000005,0.6674859344959259,0.04105939683666597,0.4179239571094513,0.08430481071290015
568.9022310697115,1.2823710994090192,605.2,20.641762319439877,129.79999999999995,0.6200928270816803,0.05950786485204541,0.4542391896247864,0.08230813980670945
667.9244509965945,1.2823710994090192,590.0,19.907554276728774,145.0,0.5475396811962128,0.07993103240181053,0.47803831100463867,0.07587264757612795
766.9466709234775,1.2823710994090192,575.7,19.177406865023684,159.29999999999995,0.47966434955596926,0.06242724039736467,0.48526272773742674,0.07204049693489434
865.9688908503606,1.2823710994090192,568.6,19.603041779572298,166.39999999999998,0.4164019227027893,0.04233437455918102,0.4890370905399323,0.07243913564964109
964.9911107772435,1.2823710994090192,565.7,20.774245917333005,169.29999999999995,0.41163240671157836,0.0399402024292065,0.4833714485168457,0.06929756566244878
1064.0133307041265,1.2823710994090192,561.7,21.303948403103767,173.29999999999995,0.4051458895206451,0.04402501296662185,0.4920696258544922,0.07149605706292174
1163.0355506310098,1.2823710994090192,553.6,25.118434653283007,181.39999999999998,0.3892046570777893,0.04489649207661733,0.48414387106895446,0.07350025243536812
1262.0577705578926,1.2823710994090192,544.9,25.005564163775386,190.10000000000002,0.37868099212646483,0.04482811963881463,0.4971840977668762,0.06873462297006216
1361.0799904847756,1.2823710994090192,531.7,25.571271765662296,203.29999999999995,0.37601743936538695,0.04688599664595206,0.5264905869960785,0.0804665328860675
1460.1022104116587,1.2823710994090192,522.3,28.107144705515424,212.70000000000005,0.36246960759162905,0.05078882849583745,0.5317812860012054,0.07985085488480825
1559.1244303385417,1.2823710994090192,517.6,27.79826169470672,217.39999999999998,0.3456355094909668,0.04833015093989183,0.5306404948234558,0.0785741990890494
1658.1466502654246,1.2823710994090192,509.5,26.857923428694214,225.5,0.3373626351356506,0.04555900122217383,0.533256721496582,0.06971467983979494
1757.1688701923076,1.2823710994090192,504.1,25.547691056266125,230.89999999999998,0.3255373418331146,0.04648329683426818,0.5326227009296417,0.06704689302642781
1856.1910901191907,1.2823710994090192,493.3,25.149766750216855,241.7,0.3189487159252167,0.05393740998415567,0.5438289761543273,0.0750946308570711
1955.2133100460737,1.2823710994090192,486.3,24.681944260048528,248.7,0.3175868809223175,0.05933011652342561,0.557182002067566,0.07340009361684531
2054.235529972957,1.2823710994090192,480.3,24.146283405642563,254.7,0.306670480966568,0.060638061420488804,0.5585956394672393,0.07555802962845432
2153.25774989984,1.2823710994090192,473.2,24.810042457493505,261.8,0.29949578642845154,0.06367387462939096,0.5619110584259033,0.07444726274845676
2252.2799698267227,1.2823710994090192,466.7,23.82626570021524,268.3,0.28913567066192625,0.06367854910586224,0.5689659655094147,0.07135421768490384
2351.302189753606,1.2823710994090192,460.3,26.54660680776199,274.7,0.27721538543701174,0.06724982285667476,0.5752051830291748,0.06797282281439115
2450.3244096804888,1.2823710994090192,451.7,27.74472204546811,283.3,0.264174485206604,0.07189973560388052,0.580124706029892,0.06438758588024937
2549.3466296073716,1.2823710994090192,448.5,27.961519258613095,286.5,0.2610863208770752,0.07366508326772343,0.5809557199478149,0.06405453838781697
2648.368849534255,1.2823710994090192,437.3,28.560673620289467,297.7,0.2551290452480316,0.074756803614143,0.5873804450035095,0.059693396751885855
2747.3910694611377,1.2823710994090192,428.0,31.740142198769973,307.0,0.24842220544815063,0.07246718510169932,0.598442804813385,0.05502210306273477
2846.413289388021,1.2823710994090192,410.0,43.89595365281065,325.0,0.24863215684890747,0.07041768186787384,0.6049172699451446,0.061091149933794664
2945.435509314904,1.2823710994090192,395.7,50.82788548443428,339.3,0.23846099376678467,0.07310624579206539,0.6138328850269318,0.06280169112814407
3044.4577292417866,1.2823710994090192,375.7,56.94673324795867,359.3,0.21981783509254454,0.07204204016027115,0.6240653812885284,0.06800568232670931
3143.47994916867,1.2823710994090192,351.7,65.21402358716027,383.3,0.1984206736087799,0.07412896593429187,0.6343044698238373,0.06414368823090867
3242.5021690955527,1.2823710994090192,330.9,73.62922906530532,404.1,0.20118356347084046,0.06612757216115396,0.6433008551597595,0.061501412753752774
3341.524389022436,1.2823710994090192,295.4,96.96081665244077,439.6,0.1672713816165924,0.0743094960184141,0.6517878413200379,0.05838978665121022
3440.546608949319,1.2823710994090192,247.8,110.84405949311136,487.2,0.14507583379745484,0.08117181662440977,0.6640077710151673,0.05717049634794796
3539.5688288762017,1.2823710994090192,200.7,116.49953208516442,534.3,0.13211690187454223,0.07292149396284811,0.6778472661972046,0.04344659159814229
3638.591048803085,1.2823710994090192,167.3,100.8419549665545,567.7,0.10158613324165344,0.06881738022026598,0.6975944697856903,0.03340155953463399
3737.613268729968,1.2823710994090192,116.1,95.56819027330751,618.9,0.08737135529518128,0.07022084292654475,0.704587596654892,0.03286015302782243
3836.635488656851,1.2823710994090192,87.2,88.3186896930244,647.8,0.052900904417037965,0.05469880504503117,0.707706606388092,0.03152527860249887
3935.657708583734,1.2823710994090192,69.0,73.10964689261192,666.0,0.04866472482681274,0.04926326310682542,0.7095501601696015,0.027530882092035306
4034.6799285106167,1.2823710994090192,44.6,56.60638678843344,690.4,0.03031594157218933,0.03876588109506211,0.7107762515544891,0.027038508272513036
4133.7021484375,1.2823710994090192,0.2,0.4524314325708198,734.8,0.0,0.0,0.7072304904460907,0.027338810591051605
271.8355712890625,1.3104002127429641,632.9,17.354512015132762,102.10000000000002,0.6879613637924195,0.038384634100586706,0.37708823680877684,0.09223835851171462
370.8577912159455,1.3104002127429641,631.9,17.380703072333507,103.10000000000002,0.6846104145050049,0.038589040051331056,0.39043664932250977,0.08278631209829734
469.8800111428285,1.3104002127429641,627.8,16.516329458145165,107.20000000000005,0.6729787707328796,0.03930092458339686,0.42591434717178345,0.08013754165843606
568.9022310697115,1.3104002127429641,616.7,21.00831091473356,118.29999999999995,0.631835150718689,0.05294991833568689,0.4677628457546234,0.07636871800734885
667.9244509965945,1.3104002127429641,599.9,20.585630181972302,135.10000000000002,0.5612982213497162,0.07958606159566958,0.4918358862400055,0.07076233078033885
766.9466709234775,1.3104002127429641,585.1,19.01483306871039,149.89999999999998,0.505553913116455,0.06099477048094298,0.49660733342170715,0.07258619244260735
865.9688908503606,1.3104002127429641,574.9,19.751135303956566,160.10000000000002,0.42913020253181455,0.05167062161394145,0.500410282611847,0.0746917833820193
964.9911107772435,1.3104002127429641,570.7,21.170079535263508,164.29999999999995,0.4140098810195923,0.04119046266938,0.49273215532302855,0.0712750830623503
1064.0133307041265,1.3104002127429641,565.3,20.70021450169432,169.70000000000005,0.4054452955722809,0.044637693819884784,0.4970170259475708,0.0706614919832866
1163.0355506310098,1.3104002127429641,555.5,25.671580367070124,179.5,0.39030799865722654,0.046825866865681916,0.4854120254516602,0.07304445170348473
1262.0577705578926,1.3104002127429641,546.8,25.926246721586356,188.20000000000005,0.3797843337059021,0.04690129267520145,0.4984522521495819,0.06810908512693738
1361.0799904847756,1.3104002127429641,533.2,26.983699105025924,201.79999999999995,0.3744800329208374,0.04703323886426797,0.5284113585948944,0.07883540106844021
1460.1022104116587,1.3104002127429641,522.3,28.107144705515424,212.70000000000005,0.36246960759162905,0.05078882849583745,0.5317812860012054,0.07985085488480825
1559.1244303385417,1.3104002127429641,517.6,27.79826169470672,217.39999999999998,0.3456355094909668,0.04833015093989183,0.5306404948234558,0.0785741990890494
1658.1466502654246,1.3104002127429641,509.5,26.857923428694214,225.5,0.3373626351356506,0.04555900122217383,0.533256721496582,0.06971467983979494
1757.1688701923076,1.3104002127429641,504.1,25.547691056266125,230.89999999999998,0.3255373418331146,0.04648329683426818,0.5326227009296417,0.06704689302642781
1856.1910901191907,1.3104002127429641,493.3,25.149766750216855,241.7,0.3189487159252167,0.05393740998415567,0.5438289761543273,0.0750946308570711
1955.2133100460737,1.3104002127429641,486.3,24.681944260048528,248.7,0.3175868809223175,0.05933011652342561,0.557182002067566,0.07340009361684531
2054.235529972957,1.3104002127429641,480.3,24.146283405642563,254.7,0.306670480966568,0.060638061420488804,0.5585956394672393,0.07555802962845432
2153.25774989984,1.3104002127429641,473.2,24.810042457493505,261.8,0.29949578642845154,0.06367387462939096,0.5619110584259033,0.07444726274845676
2252.2799698267227,1.3104002127429641,466.7,23.82626570021524,268.3,0.28913567066192625,0.06367854910586224,0.5689659655094147,0.07135421768490384
2351.302189753606,1.3104002127429641,460.3,26.54660680776199,274.7,0.27721538543701174,0.06724982285667476,0.5752051830291748,0.06797282281439115
2450.3244096804888,1.3104002127429641,451.7,27.74472204546811,283.3,0.264174485206604,0.07189973560388052,0.580124706029892,0.06438758588024937
2549.3466296073716,1.3104002127429641,448.5,27.961519258613095,286.5,0.2610863208770752,0.07366508326772343,0.5809557199478149,0.06405453838781697
2648.368849534255,1.3104002127429641,437.3,28.560673620289467,297.7,0.2551290452480316,0.074756803614143,0.5873804450035095,0.059693396751885855
2747.3910694611377,1.3104002127429641,428.0,31.740142198769973,307.0,0.24842220544815063,0.07246718510169932,0.598442804813385,0.05502210306273477
2846.413289388021,1.3104002127429641,410.0,43.89595365281065,325.0,0.24863215684890747,0.07041768186787384,0.6049172699451446,0.061091149933794664
2945.435509314904,1.3104002127429641,395.7,50.82788548443428,339.3,0.23846099376678467,0.07310624579206539,0.6138328850269318,0.06280169112814407
3044.4577292417866,1.3104002127429641,375.7,56.94673324795867,359.3,0.21981783509254454,0.07204204016027115,0.6240653812885284,0.06800568232670931
3143.47994916867,1.3104002127429641,351.7,65.21402358716027,383.3,0.1984206736087799,0.07412896593429187,0.6343044698238373,0.06414368823090867
3242.5021690955527,1.3104002127429641,330.9,73.62922906530532,404.1,0.20118356347084046,0.06612757216115396,0.6433008551597595,0.061501412753752774
3341.524389022436,1.3104002127429641,295.4,96.96081665244077,439.6,0.1672713816165924,0.0743094960184141,0.6517878413200379,0.05838978665121022
3440.546608949319,1.3104002127429641,247.8,110.84405949311136,487.2,0.14507583379745484,0.08117181662440977,0.6640077710151673,0.05717049634794796
3539.5688288762017,1.3104002127429641,200.7,116.49953208516442,534.3,0.13211690187454223,0.07292149396284811,0.6778472661972046,0.04344659159814229
3638.591048803085,1.3104002127429641,167.3,100.8419549665545,567.7,0.10158613324165344,0.06881738022026598,0.6975944697856903,0.03340155953463399
3737.613268729968,1.3104002127429641,116.1,95.56819027330751,618.9,0.08737135529518128,0.07022084292654475,0.704587596654892,0.03286015302782243
3836.635488656851,1.3104002127429641,87.2,88.3186896930244,647.8,0.052900904417037965,0.05469880504503117,0.707706606388092,0.03152527860249887
3935.657708583734,1.3104002127429641,69.0,73.10964689261192,666.0,0.04866472482681274,0.04926326310682542,0.7095501601696015,0.027530882092035306
4034.6799285106167,1.3104002127429641,44.6,56.60638678843344,690.4,0.03031594157218933,0.03876588109506211,0.7107762515544891,0.027038508272513036
4133.7021484375,1.3104002127429641,0.2,0.4524314325708198,734.8,0.0,0.0,0.7072304904460907,0.027338810591051605
271.8355712890625,1.3384293260769091,650.3,13.891969984876313,84.70000000000005,0.6905110478401184,0.03443843099855973,0.3587723433971405,0.09998044201622229
370.8577912159455,1.3384293260769091,649.3,14.331161890511316,85.70000000000005,0.6871386289596557,0.035188100113753576,0.37181931734085083,0.0957343178433126
469.8800111428285,1.3384293260769091,645.2,14.106222291784174,89.79999999999995,0.6761669993400574,0.03614578721421843,0.41177952885627744,0.09184859008464807
568.9022310697115,1.3384293260769091,634.1,20.879082907516786,100.89999999999998,0.6378266513347626,0.051549937464885925,0.45853946208953855,0.08151045102848241
667.9244509965945,1.3384293260769091,616.2,22.45709295751652,118.79999999999995,0.5745164513587951,0.07837154647961699,0.478381872177124,0.07395708418292
766.9466709234775,1.3384293260769091,601.4,19.257736235976104,133.60000000000002,0.529899263381958,0.06086246925297819,0.4814839243888855,0.08332784861578325
865.9688908503606,1.3384293260769091,586.2,20.60316203020995,148.79999999999995,0.4455162167549133,0.05361014659367857,0.48458064794540406,0.08774756722022894
964.9911107772435,1.3384293260769091,576.7,20.746857675977875,158.29999999999995,0.4199006199836731,0.04404272817273595,0.47929865717887876,0.08897759650325612
1064.0133307041265,1.3384293260769091,568.2,20.773561651379463,166.79999999999995,0.4068478405475616,0.0459566490447331,0.488233345746994,0.08236817405274392
1163.0355506310098,1.3384293260769091,556.6,26.045279470648254,178.39999999999998,0.39124051928520204,0.048206616078335145,0.4808530867099762,0.071345071366574
1262.0577705578926,1.3384293260769091,547.5,26.56844494532172,187.5,0.37916568517684934,0.046977583538701566,0.4937361478805542,0.06698642614930525
1361.0799904847756,1.3384293260769091,533.2,26.983699105025924,201.79999999999995,0.3744800329208374,0.04703323886426797,0.5284113585948944,0.07883540106844021
1460.1022104116587,1.3384293260769091,522.3,28.107144705515424,212.70000000000005,0.36246960759162905,0.05078882849583745,0.5317812860012054,0.07985085488480825
1559.1244303385417,1.3384293260769091,517.6,27.79826169470672,217.39999999999998,0.3456355094909668,0.04833015093989183,0.5306404948234558,0.0785741990890494
1658.1466502654246,1.3384293260769091,509.5,26.857923428694214,225.5,0.3373626351356506,0.04555900122217383,0.533256721496582,0.06971467983979494
1757.1688701923076,1.3384293260769091,504.1,25.547691056266125,230.89999999999998,0.3255373418331146,0.04648329683426818,0.5326227009296417,0.06704689302642781
1856.1910901191907,1.3384293260769091,493.3,25.149766750216855,241.7,0.3189487159252167,0.05393740998415567,0.5438289761543273,0.0750946308570711
1955.2133100460737,1.3384293260769091,486.3,24.681944260048528,248.7,0.3175868809223175,0.05933011652342561,0.557182002067566,0.07340009361684531
2054.235529972957,1.3384293260769091,480.3,24.146283405642563,254.7,0.306670480966568,0.060638061420488804,0.5585956394672393,0.07555802962845432
2153.25774989984,1.3384293260769091,473.2,24.810042457493505,261.8,0.29949578642845154,0.06367387462939096,0.5619110584259033,0.07444726274845676
2252.2799698267227,1.3384293260769091,466.7,23.82626570021524,268.3,0.28913567066192625,0.06367854910586224,0.5689659655094147,0.07135421768490384
2351.302189753606,1.3384293260769091,460.3,26.54660680776199,274.7,0.27721538543701174,0.06724982285667476,0.5752051830291748,0.06797282281439115
2450.3244096804888,1.3384293260769091,451.7,27.74472204546811,283.3,0.264174485206604,0.07189973560388052,0.580124706029892,0.06438758588024937
2549.3466296073716,1.3384293260769091,448.5,27.961519258613095,286.5,0.2610863208770752,0.07366508326772343,0.5809557199478149,0.06405453838781697
2648.368849534255,1.3384293260769091,437.3,28.560673620289467,297.7,0.2551290452480316,0.074756803614143,0.5873804450035095,0.059693396751885855
2747.3910694611377,1.3384293260769091,428.0,31.740142198769973,307.0,0.24842220544815063,0.07246718510169932,0.598442804813385,0.05502210306273477
2846.413289388021,1.3384293260769091,410.0,43.89595365281065,325.0,0.24863215684890747,0.07041768186787384,0.6049172699451446,0.061091149933794664
2945.435509314904,1.3384293260769091,395.7,50.82788548443428,339.3,0.23846099376678467,0.07310624579206539,0.6138328850269318,0.06280169112814407
3044.4577292417866,1.3384293260769091,375.7,56.94673324795867,359.3,0.21981783509254454,0.07204204016027115,0.6240653812885284,0.06800568232670931
3143.47994916867,1.3384293260769091,351.7,65.21402358716027,383.3,0.1984206736087799,0.07412896593429187,0.6343044698238373,0.06414368823090867
3242.5021690955527,1.3384293260769091,330.9,73.62922906530532,404.1,0.20118356347084046,0.06612757216115396,0.6433008551597595,0.061501412753752774
3341.524389022436,1.3384293260769091,295.4,96.96081665244077,439.6,0.1672713816165924,0.0743094960184141,0.6517878413200379,0.05838978665121022
3440.546608949319,1.3384293260769091,247.8,110.84405949311136,487.2,0.14507583379745484,0.08117181662440977,0.6640077710151673,0.05717049634794796
3539.5688288762017,1.3384293260769091,200.7,116.49953208516442,534.3,0.13211690187454223,0.07292149396284811,0.6778472661972046,0.04344659159814229
3638.591048803085,1.3384293260769091,167.3,100.8419549665545,567.7,0.10158613324165344,0.06881738022026598,0.6975944697856903,0.03340155953463399
3737.613268729968,1.3384293260769091,116.1,95.56819027330751,618.9,0.08737135529518128,0.07022084292654475,0.704587596654892,0.03286015302782243
3836.635488656851,1.3384293260769091,87.2,88.3186896930244,647.8,0.052900904417037965,0.05469880504503117,0.707706606388092,0.03152527860249887
3935.657708583734,1.3384293260769091,69.0,73.10964689261192,666.0,0.04866472482681274,0.04926326310682542,0.7095501601696015,0.027530882092035306
4034.6799285106167,1.3384293260769091,44.6,56.60638678843344,690.4,0.03031594157218933,0.03876588109506211,0.7107762515544891,0.027038508272513036
4133.7021484375,1.3384293260769091,0.2,0.4524314325708198,734.8,0.0,0.0,0.7072304904460907,0.027338810591051605
271.8355712890625,1.3664584394108539,663.0,10.838437510826433,72.0,0.6970196723937988,0.03168812833875365,0.3467832326889038,0.09914304499529762
370.8577912159455,1.3664584394108539,662.0,11.435770667194449,73.0,0.6938910961151123,0.03242855785822951,0.3604248106479645,0.09501670204487953
469.8800111428285,1.3664584394108539,657.9,11.605794687362522,77.10000000000002,0.683719003200531,0.03363438860027678,0.4047588765621185,0.09140565306165409
568.9022310697115,1.3664584394108539,646.8,19.06962559393687,88.20000000000005,0.6498493432998658,0.04682961003919962,0.4563182175159454,0.08036310284224005
667.9244509965945,1.3664584394108539,628.4,22.407412427357826,106.60000000000002,0.5917844593524932,0.07328616576762575,0.48036947250366213,0.06954237975912009
766.9466709234775,1.3664584394108539,613.6,18.480284163550305,121.39999999999998,0.5550103604793548,0.05842374311499435,0.483426696062088,0.0834871726020446
865.9688908503606,1.3664584394108539,593.6,20.924648057253492,141.39999999999998,0.46948239803314207,0.05556967010442971,0.48280268907546997,0.08852604797051056
964.9911107772435,1.3664584394108539,580.6,20.044749265392383,154.39999999999998,0.4324506878852844,0.04250581223794908,0.47794803977012634,0.09020165390023091
1064.0133307041265,1.3664584394108539,570.8,20.928995358615985,164.20000000000005,0.4180341362953186,0.04622189116829117,0.4882794678211212,0.08277789276109625
1163.0355506310098,1.3664584394108539,558.0,26.35302519630295,177.0,0.3968542814254761,0.05005025608179073,0.48138209581375124,0.07125756142949154
1262.0577705578926,1.3664584394108539,547.6,26.666601862492055,187.39999999999998,0.38017558455467226,0.04687455310872511,0.49425106644630434,0.06702738581826262
1361.0799904847756,1.3664584394108539,533.2,26.983699105025924,201.79999999999995,0.3744800329208374,0.04703323886426797,0.5284113585948944,0.07883540106844021
1460.1022104116587,1.3664584394108539,522.3,28.107144705515424,212.70000000000005,0.36246960759162905,0.05078882849583745,0.5317812860012054,0.07985085488480825
1559.1244303385417,1.3664584394108539,517.6,27.79826169470672,217.39999999999998,0.3456355094909668,0.04833015093989183,0.5306404948234558,0.0785741990890494
1658.1466502654246,1.3664584394108539,509.5,26.857923428694214,225.5,0.3373626351356506,0.04555900122217383,0.533256721496582,0.06971467983979494
1757.1688701923076,1.3664584394108539,504.1,25.547691056266125,230.89999999999998,0.3255373418331146,0.04648329683426818,0.5326227009296417,0.06704689302642781
1856.1910901191907,1.3664584394108539,493.3,25.149766750216855,241.7,0.3189487159252167,0.05393740998415567,0.5438289761543273,0.0750946308570711
1955.2133100460737,1.3664584394108539,486.3,24.681944260048528,248.7,0.3175868809223175,0.05933011652342561,0.557182002067566,0.07340009361684531
2054.235529972957,1.3664584394108539,480.3,24.146283405642563,254.7,0.306670480966568,0.060638061420488804,0.5585956394672393,0.07555802962845432
2153.25774989984,1.3664584394108539,473.2,24.810042457493505,261.8,0.29949578642845154,0.06367387462939096,0.5619110584259033,0.07444726274845676
2252.2799698267227,1.3664584394108539,466.7,23.82626570021524,268.3,0.28913567066192625,0.06367854910586224,0.5689659655094147,0.07135421768490384
2351.302189753606,1.3664584394108539,460.3,26.54660680776199,274.7,0.27721538543701174,0.06724982285667476,0.5752051830291748,0.06797282281439115
2450.3244096804888,1.3664584394108539,451.7,27.74472204546811,283.3,0.264174485206604,0.07189973560388052,0.580124706029892,0.06438758588024937
2549.3466296073716,1.3664584394108539,448.5,27.961519258613095,286.5,0.2610863208770752,0.07366508326772343,0.5809557199478149,0.06405453838781697
2648.368849534255,1.3664584394108539,437.3,28.560673620289467,297.7,0.2551290452480316,0.074756803614143,0.5873804450035095,0.059693396751885855
2747.3910694611377,1.3664584394108539,428.0,31.740142198769973,307.0,0.24842220544815063,0.07246718510169932,0.598442804813385,0.05502210306273477
2846.413289388021,1.3664584394108539,410.0,43.89595365281065,325.0,0.24863215684890747,0.07041768186787384,0.6049172699451446,0.061091149933794664
2945.435509314904,1.3664584394108539,395.7,50.82788548443428,339.3,0.23846099376678467,0.07310624579206539,0.6138328850269318,0.06280169112814407
3044.4577292417866,1.3664584394108539,375.7,56.94673324795867,359.3,0.21981783509254454,0.07204204016027115,0.6240653812885284,0.06800568232670931
3143.47994916867,1.3664584394108539,351.7,65.21402358716027,383.3,0.1984206736087799,0.07412896593429187,0.6343044698238373,0.06414368823090867
3242.5021690955527,1.3664584394108539,330.9,73.62922906530532,404.1,0.20118356347084046,0.06612757216115396,0.6433008551597595,0.061501412753752774
3341.524389022436,1.3664584394108539,295.4,96.96081665244077,439.6,0.1672713816165924,0.0743094960184141,0.6517878413200379,0.05838978665121022
3440.546608949319,1.3664584394108539,247.8,110.84405949311136,487.2,0.14507583379745484,0.08117181662440977,0.6640077710151673,0.05717049634794796
3539.5688288762017,1.3664584394108539,200.7,116.49953208516442,534.3,0.13211690187454223,0.07292149396284811,0.6778472661972046,0.04344659159814229
3638.591048803085,1.3664584394108539,167.3,100.8419549665545,567.7,0.10158613324165344,0.06881738022026598,0.6975944697856903,0.03340155953463399
3737.613268729968,1.3664584394108539,116.1,95.56819027330751,618.9,0.08737135529518128,0.07022084292654475,0.704587596654892,0.03286015302782243
3836.635488656851,1.3664584394108539,87.2,88.3186896930244,647.8,0.052900904417037965,0.05469880504503117,0.707706606388092,0.03152527860249887
3935.657708583734,1.3664584394108539,69.0,73.10964689261192,666.0,0.04866472482681274,0.04926326310682542,0.7095501601696015,0.027530882092035306
4034.6799285106167,1.3664584394108539,44.6,56.60638678843344,690.4,0.03031594157218933,0.03876588109506211,0.7107762515544891,0.027038508272513036
4133.7021484375,1.3664584394108539,0.2,0.4524314325708198,734.8,0.0,0.0,0.7072304904460907,0.027338810591051605
271.8355712890625,1.3944875527447989,679.3,13.268108341552885,55.700000000000045,0.6994656562805176,0.031476567242136794,0.34408620595932005,0.10757542529462792
370.8577912159455,1.3944875527447989,678.3,13.095569439203686,56.700000000000045,0.6965595364570618,0.03298889821696207,0.3602905809879303,0.11068642600913192
469.8800111428285,1.3944875527447989,674.2,12.603281323298049,60.799999999999955,0.6872292578220367,0.034195845761898415,0.4123367965221405,0.09740558203242158
568.9022310697115,1.3944875527447989,663.1,16.103741647286032,71.89999999999998,0.6584103524684906,0.04569571063855661,0.467591381072998,0.08170159758023855
667.9244509965945,1.3944875527447989,642.8,19.912694731805644,92.20000000000005,0.6040339529514313,0.07308592905327548,0.48912506103515624,0.06598787930358918
766.9466709234775,1.3944875527447989,627.6,16.73316836141585,107.39999999999998,0.5721335709095001,0.060961551996923914,0.49178569912910464,0.08778994621194107
865.9688908503606,1.3944875527447989,601.8,20.60040209904726,133.20000000000005,0.4817082405090332,0.06369966190185543,0.4892968416213989,0.08961468568916196
964.9911107772435,1.3944875527447989,585.5,18.906275381661764,149.5,0.43499391674995425,0.04342748781992015,0.4843143820762634,0.09045678728243678
1064.0133307041265,1.3944875527447989,572.2,20.852786737092092,162.79999999999995,0.4210367798805237,0.047654512490053536,0.48570674657821655,0.0852725314221645
1163.0355506310098,1.3944875527447989,558.1,26.44230681264603,176.89999999999998,0.3968634784221649,0.05005041995758326,0.48059247732162474,0.07113340394863933
1262.0577705578926,1.3944875527447989,547.6,26.666601862492055,187.39999999999998,0.38017558455467226,0.04687455310872511,0.49425106644630434,0.06702738581826262
1361.0799904847756,1.3944875527447989,533.2,26.983699105025924,201.79999999999995,0.3744800329208374,0.04703323886426797,0.5284113585948944,0.07883540106844021
1460.1022104116587,1.3944875527447989,522.3,28.107144705515424,212.70000000000005,0.36246960759162905,0.05078882849583745,0.5317812860012054,0.07985085488480825
1559.1244303385417,1.3944875527447989,517.6,27.79826169470672,217.39999999999998,0.3456355094909668,0.04833015093989183,0.5306404948234558,0.0785741990890494
1658.1466502654246,1.3944875527447989,509.5,26.857923428694214,225.5,0.3373626351356506,0.04555900122217383,0.533256721496582,0.06971467983979494
1757.1688701923076,1.3944875527447989,504.1,25.547691056266125,230.89999999999998,0.3255373418331146,0.04648329683426818,0.5326227009296417,0.06704689302642781
1856.1910901191907,1.3944875527447989,493.3,25.149766750216855,241.7,0.3189487159252167,0.05393740998415567,0.5438289761543273,0.0750946308570711
1955.2133100460737,1.3944875527447989,486.3,24.681944260048528,248.7,0.3175868809223175,0.05933011652342561,0.557182002067566,0.07340009361684531
2054.235529972957,1.3944875527447989,480.3,24.146283405642563,254.7,0.306670480966568,0.060638061420488804,0.5585956394672393,0.07555802962845432
2153.25774989984,1.3944875527447989,473.2,24.810042457493505,261.8,0.29949578642845154,0.06367387462939096,0.5619110584259033,0.07444726274845676
2252.2799698267227,1.3944875527447989,466.7,23.82626570021524,268.3,0.28913567066192625,0.06367854910586224,0.5689659655094147,0.07135421768490384
2351.302189753606,1.3944875527447989,460.3,26.54660680776199,274.7,0.27721538543701174,0.06724982285667476,0.5752051830291748,0.06797282281439115
2450.3244096804888,1.3944875527447989,451.7,27.74472204546811,283.3,0.264174485206604,0.07189973560388052,0.580124706029892,0.06438758588024937
2549.3466296073716,1.3944875527447989,448.5,27.961519258613095,286.5,0.2610863208770752,0.07366508326772343,0.5809557199478149,0.06405453838781697
2648.368849534255,1.3944875527447989,437.3,28.560673620289467,297.7,0.2551290452480316,0.074756803614143,0.5873804450035095,0.059693396751885855
2747.3910694611377,1.3944875527447989,428.0,31.740142198769973,307.0,0.24842220544815063,0.07246718510169932,0.598442804813385,0.05502210306273477
2846.413289388021,1.3944875527447989,410.0,43.89595365281065,325.0,0.24863215684890747,0.07041768186787384,0.6049172699451446,0.061091149933794664
2945.435509314904,1.3944875527447989,395.7,50.82788548443428,339.3,0.23846099376678467,0.07310624579206539,0.6138328850269318,0.06280169112814407
3044.4577292417866,1.3944875527447989,375.7,56.94673324795867,359.3,0.21981783509254454,0.07204204016027115,0.6240653812885284,0.06800568232670931
3143.47994916867,1.3944875527447989,351.7,65.21402358716027,383.3,0.1984206736087799,0.07412896593429187,0.6343044698238373,0.06414368823090867
3242.5021690955527,1.3944875527447989,330.9,73.62922906530532,404.1,0.20118356347084046,0.06612757216115396,0.6433008551597595,0.061501412753752774
3341.524389022436,1.3944875527447989,295.4,96.96081665244077,439.6,0.1672713816165924,0.0743094960184141,0.6517878413200379,0.05838978665121022
3440.546608949319,1.3944875527447989,247.8,110.84405949311136,487.2,0.14507583379745484,0.08117181662440977,0.6640077710151673,0.05717049634794796
3539.5688288762017,1.3944875527447989,200.7,116.49953208516442,534.3,0.13211690187454223,0.07292149396284811,0.6778472661972046,0.04344659159814229
3638.591048803085,1.3944875527447989,167.3,100.8419549665545,567.7,0.10158613324165344,0.06881738022026598,0.6975944697856903,0.03340155953463399
3737.613268729968,1.3944875527447989,116.1,95.56819027330751,618.9,0.08737135529518128,0.07022084292654475,0.704587596654892,0.03286015302782243
3836.635488656851,1.3944875527447989,87.2,88.3186896930244,647.8,0.052900904417037965,0.05469880504503117,0.707706606388092,0.03152527860249887
3935.657708583734,1.3944875527447989,69.0,73.10964689261192,666.0,0.04866472482681274,0.04926326310682542,0.7095501601696015,0.027530882092035306
4034.6799285106167,1.3944875527447989,44.6,56.60638678843344,690.4,0.03031594157218933,0.03876588109506211,0.7107762515544891,0.027038508272513036
4133.7021484375,1.3944875527447989,0.2,0.4524314325708198,734.8,0.0,0.0,0.7072304904460907,0.027338810591051605
271.8355712890625,1.4225166660787438,697.7,10.470472891945343,37.299999999999955,0.7039407849311828,0.030083724949104263,0.3228997766971588,0.127477711334544
370.8577912159455,1.4225166660787438,696.7,10.22874217839929,38.299999999999955,0.7013701975345612,0.03123146843264168,0.3496702671051025,0.12560116236733673
469.8800111428285,1.4225166660787438,692.6,10.224016109220896,42.39999999999998,0.6929752588272095,0.03190396361294539,0.42247923016548156,0.10872694609816103
568.9022310697115,1.4225166660787438,681.5,14.347815894232571,53.5,0.6682133197784423,0.03967985390318092,0.48703903555870054,0.1083421179374078
667.9244509965945,1.4225166660787438,658.3,22.419716074091667,76.70000000000005,0.6135308384895325,0.06910185551107625,0.5079227209091186,0.08610589941046481
766.9466709234775,1.4225166660787438,640.4,18.803593189466326,94.60000000000002,0.5875074088573455,0.05930991041106871,0.4966211557388306,0.11411361532336198
865.9688908503606,1.4225166660787438,608.9,22.63275397511587,126.10000000000002,0.4968762695789337,0.06459698181065172,0.4808352530002594,0.10482403840446526
964.9911107772435,1.4225166660787438,588.8,19.926966815984628,146.20000000000005,0.44416335225105286,0.04388506197299312,0.4821732878684998,0.0955062938743623
1064.0133307041265,1.4225166660787438,573.6,22.116242122365588,161.39999999999998,0.4239853501319885,0.04732637745883814,0.4844921112060547,0.08522753082473764
1163.0355506310098,1.4225166660787438,558.1,26.44230681264603,176.89999999999998,0.3968634784221649,0.05005041995758326,0.48059247732162474,0.07113340394863933
1262.0577705578926,1.4225166660787438,547.6,26.666601862492055,187.39999999999998,0.38017558455467226,0.04687455310872511,0.49425106644630434,0.06702738581826262
1361.0799904847756,1.4225166660787438,533.2,26.983699105025924,201.79999999999995,0.3744800329208374,0.04703323886426797,0.5284113585948944,0.07883540106844021
1460.1022104116587,1.4225166660787438,522.3,28.107144705515424,212.70000000000005,0.36246960759162905,0.05078882849583745,0.5317812860012054,0.07985085488480825
1559.1244303385417,1.4225166660787438,517.6,27.79826169470672,217.39999999999998,0.3456355094909668,0.04833015093989183,0.5306404948234558,0.0785741990890494
1658.1466502654246,1.4225166660787438,509.5,26.857923428694214,225.5,0.3373626351356506,0.04555900122217383,0.533256721496582,0.06971467983979494
1757.1688701923076,1.4225166660787438,504.1,25.547691056266125,230.89999999999998,0.3255373418331146,0.04648329683426818,0.5326227009296417,0.06704689302642781
1856.1910901191907,1.4225166660787438,493.3,25.149766750216855,241.7,0.3189487159252167,0.05393740998415567,0.5438289761543273,0.0750946308570711
1955.2133100460737,1.4225166660787438,486.3,24.681944260048528,248.7,0.3175868809223175,0.05933011652342561,0.557182002067566,0.07340009361684531
2054.235529972957,1.4225166660787438,480.3,24.146283405642563,254.7,0.306670480966568,0.060638061420488804,0.5585956394672393,0.07555802962845432
2153.25774989984,1.4225166660787438,473.2,24.810042457493505,261.8,0.29949578642845154,0.06367387462939096,0.5619110584259033,0.07444726274845676
2252.2799698267227,1.4225166660787438,466.7,23.82626570021524,268.3,0.28913567066192625,0.06367854910586224,0.5689659655094147,0.07135421768490384
2351.302189753606,1.4225166660787438,460.3,26.54660680776199,274.7,0.27721538543701174,0.06724982285667476,0.5752051830291748,0.06797282281439115
2450.3244096804888,1.4225166660787438,451.7,27.74472204546811,283.3,0.264174485206604,0.07189973560388052,0.580124706029892,0.06438758588024937
2549.3466296073716,1.4225166660787438,448.5,27.961519258613095,286.5,0.2610863208770752,0.07366508326772343,0.5809557199478149,0.06405453838781697
2648.368849534255,1.4225166660787438,437.3,28.560673620289467,297.7,0.2551290452480316,0.074756803614143,0.5873804450035095,0.059693396751885855
2747.3910694611377,1.4225166660787438,428.0,31.740142198769973,307.0,0.24842220544815063,0.07246718510169932,0.598442804813385,0.05502210306273477
2846.413289388021,1.4225166660787438,410.0,43.89595365281065,325.0,0.24863215684890747,0.07041768186787384,0.6049172699451446,0.061091149933794664
2945.435509314904,1.4225166660787438,395.7,50.82788548443428,339.3,0.23846099376678467,0.07310624579206539,0.6138328850269318,0.06280169112814407
3044.4577292417866,1.4225166660787438,375.7,56.94673324795867,359.3,0.21981783509254454,0.07204204016027115,0.6240653812885284,0.06800568232670931
3143.47994916867,1.4225166660787438,351.7,65.21402358716027,383.3,0.1984206736087799,0.07412896593429187,0.6343044698238373,0.06414368823090867
3242.5021690955527,1.4225166660787438,330.9,73.62922906530532,404.1,0.20118356347084046,0.06612757216115396,0.6433008551597595,0.061501412753752774
3341.524389022436,1.4225166660787438,295.4,96.96081665244077,439.6,0.1672713816165924,0.0743094960184141,0.6517878413200379,0.05838978665121022
3440.546608949319,1.4225166660787438,247.8,110.84405949311136,487.2,0.14507583379745484,0.08117181662440977,0.6640077710151673,0.05717049634794796
3539.5688288762017,1.4225166660787438,200.7,116.49953208516442,534.3,0.13211690187454223,0.07292149396284811,0.6778472661972046,0.04344659159814229
3638.591048803085,1.4225166660787438,167.3,100.8419549665545,567.7,0.10158613324165344,0.06881738022026598,0.6975944697856903,0.03340155953463399
3737.613268729968,1.4225166660787438,116.1,95.56819027330751,618.9,0.08737135529518128,0.07022084292654475,0.704587596654892,0.03286015302782243
3836.635488656851,1.4225166660787438,87.2,88.3186896930244,647.8,0.052900904417037965,0.05469880504503117,0.707706606388092,0.03152527860249887
3935.657708583734,1.4225166660787438,69.0,73.10964689261192,666.0,0.04866472482681274,0.04926326310682542,0.7095501601696015,0.027530882092035306
4034.6799285106167,1.4225166660787438,44.6,56.60638678843344,690.4,0.03031594157218933,0.03876588109506211,0.7107762515544891,0.027038508272513036
4133.7021484375,1.4225166660787438,0.2,0.4524314325708198,734.8,0.0,0.0,0.7072304904460907,0.027338810591051605
271.8355712890625,1.4505457794126886,728.7,8.184508374699611,6.2999999999999545,0.7060356557369232,0.027785602141684417,0.0530436098575592,0.25778021838656245
370.8577912159455,1.4505457794126886,727.7,8.564720741050438,7.2999999999999545,0.7037065386772156,0.02898556947777601,0.0010956168174743653,0.298613398755478
469.8800111428285,1.4505457794126886,723.6,10.590074525019139,11.399999999999977,0.6961941182613373,0.029735013748725315,-3.7848535776138306,8.443301181185591
568.9022310697115,1.4505457794126886,712.5,17.033073722020077,22.5,0.6752286791801453,0.036068820655350727,-2.1671366572380064,4.699475719801509
667.9244509965945,1.4505457794126886,688.4,28.924962084940116,46.60000000000002,0.6287884056568146,0.06302201371900867,0.18738664984703063,0.31963851199179316
766.9466709234775,1.4505457794126886,661.7,26.674809709634,73.29999999999995,0.6014374852180481,0.057994908109623024,0.4147144854068756,0.14844944187239387
865.9688908503606,1.4505457794126886,621.9,27.421911054443143,113.10000000000002,0.5109982788562775,0.06844666440888607,0.43058412075042723,0.12892644076648963
964.9911107772435,1.4505457794126886,591.6,21.953675513996853,143.39999999999998,0.45163255333900454,0.044817193820440186,0.47687532305717467,0.10324635014949601
1064.0133307041265,1.4505457794126886,574.5,23.1218825320718,160.5,0.42580428123474123,0.04759134641542611,0.48119521141052246,0.08555128350729718
1163.0355506310098,1.4505457794126886,558.1,26.44230681264603,176.89999999999998,0.3968634784221649,0.05005041995758326,0.48059247732162474,0.07113340394863933
1262.0577705578926,1.4505457794126886,547.6,26.666601862492055,187.39999999999998,0.38017558455467226,0.04687455310872511,0.49425106644630434,0.06702738581826262
1361.0799904847756,1.4505457794126886,533.2,26.983699105025924,201.79999999999995,0.3744800329208374,0.04703323886426797,0.5284113585948944,0.07883540106844021
1460.1022104116587,1.4505457794126886,522.3,28.107144705515424,212.70000000000005,0.36246960759162905,0.05078882849583745,0.5317812860012054,0.07985085488480825
1559.1244303385417,1.4505457794126886,517.6,27.79826169470672,217.39999999999998,0.3456355094909668,0.04833015093989183,0.5306404948234558,0.0785741990890494
1658.1466502654246,1.4505457794126886,509.5,26.857923428694214,225.5,0.3373626351356506,0.04555900122217383,0.533256721496582,0.06971467983979494
1757.1688701923076,1.4505457794126886,504.1,25.547691056266125,230.89999999999998,0.3255373418331146,0.04648329683426818,0.5326227009296417,0.06704689302642781
1856.1910901191907,1.4505457794126886,493.3,25.149766750216855,241.7,0.3189487159252167,0.05393740998415567,0.5438289761543273,0.0750946308570711
1955.2133100460737,1.4505457794126886,486.3,24.681944260048528,248.7,0.3175868809223175,0.05933011652342561,0.557182002067566,0.07340009361684531
2054.235529972957,1.4505457794126886,480.3,24.146283405642563,254.7,0.306670480966568,0.060638061420488804,0.5585956394672393,0.07555802962845432
2153.25774989984,1.4505457794126886,473.2,24.810042457493505,261.8,0.29949578642845154,0.06367387462939096,0.5619110584259033,0.07444726274845676
2252.2799698267227,1.4505457794126886,466.7,23.82626570021524,268.3,0.28913567066192625,0.06367854910586224,0.5689659655094147,0.07135421768490384
2351.302189753606,1.4505457794126886,460.3,26.54660680776199,274.7,0.27721538543701174,0.06724982285667476,0.5752051830291748,0.06797282281439115
2450.3244096804888,1.4505457794126886,451.7,27.74472204546811,283.3,0.264174485206604,0.07189973560388052,0.580124706029892,0.06438758588024937
2549.3466296073716,1.4505457794126886,448.5,27.961519258613095,286.5,0.2610863208770752,0.07366508326772343,0.5809557199478149,0.06405453838781697
2648.368849534255,1.4505457794126886,437.3,28.560673620289467,297.7,0.2551290452480316,0.074756803614143,0.5873804450035095,0.059693396751885855
2747.3910694611377,1.4505457794126886,428.0,31.740142198769973,307.0,0.24842220544815063,0.07246718510169932,0.598442804813385,0.05502210306273477
2846.413289388021,1.4505457794126886,410.0,43.89595365281065,325.0,0.24863215684890747,0.07041768186787384,0.6049172699451446,0.061091149933794664
2945.435509314904,1.4505457794126886,395.7,50.82788548443428,339.3,0.23846099376678467,0.07310624579206539,0.6138328850269318,0.06280169112814407
3044.4577292417866,1.4505457794126886,375.7,56.94673324795867,359.3,0.21981783509254454,0.07204204016027115,0.6240653812885284,0.06800568232670931
3143.47994916867,1.4505457794126886,351.7,65.21402358716027,383.3,0.1984206736087799,0.07412896593429187,0.6343044698238373,0.06414368823090867
3242.5021690955527,1.4505457794126886,330.9,73.62922906530532,404.1,0.20118356347084046,0.06612757216115396,0.6433008551597595,0.061501412753752774
3341.524389022436,1.4505457794126886,295.4,96.96081665244077,439.6,0.1672713816165924,0.0743094960184141,0.6517878413200379,0.05838978665121022
3440.546608949319,1.4505457794126886,247.8,110.84405949311136,487.2,0.14507583379745484,0.08117181662440977,0.6640077710151673,0.05717049634794796
3539.5688288762017,1.4505457794126886,200.7,116.49953208516442,534.3,0.13211690187454223,0.07292149396284811,0.6778472661972046,0.04344659159814229
3638.591048803085,1.4505457794126886,167.3,100.8419549665545,567.7,0.10158613324165344,0.06881738022026598,0.6975944697856903,0.03340155953463399
3737.613268729968,1.4505457794126886,116.1,95.56819027330751,618.9,0.08737135529518128,0.07022084292654475,0.704587596654892,0.03286015302782243
3836.635488656851,1.4505457794126886,87.2,88.3186896930244,647.8,0.052900904417037965,0.05469880504503117,0.707706606388092,0.03152527860249887
3935.657708583734,1.4505457794126886,69.0,73.10964689261192,666.0,0.04866472482681274,0.04926326310682542,0.7095501601696015,0.027530882092035306
4034.6799285106167,1.4505457794126886,44.6,56.60638678843344,690.4,0.03031594157218933,0.03876588109506211,0.7107762515544891,0.027038508272513036
4133.7021484375,1.4505457794126886,0.2,0.4524314325708198,734.8,0.0,0.0,0.7072304904460907,0.027338810591051605
271.8355712890625,1.4785748927466336,735.9,0.2262157162854099,-0.8999999999999773,0.7072641313076019,0.027353984766313368,0.0,0.0
370.8577912159455,1.4785748927466336,734.9,1.6330066029712864,0.10000000000002274,0.7051040709018708,0.028406657636065636,-0.3446433663368225,0.6479707255980106
469.8800111428285,1.4785748927466336,730.8,4.043858589777324,4.2000000000000455,0.6983067274093628,0.028500556272342287,-4.228063172101974,8.339505947745469
568.9022310697115,1.4785748927466336,719.7,14.127368194347628,15.299999999999955,0.6786552309989929,0.034308953992884736,-2.4467258632183073,4.618585114100456
667.9244509965945,1.4785748927466336,694.4,26.52335728841306,40.60000000000002,0.6364033579826355,0.054482600478502126,0.0544467568397522,0.3769915339057631
766.9466709234775,1.4785748927466336,665.6,26.8599345485469,69.39999999999998,0.6043515741825104,0.05575477016375625,0.36311407685279845,0.21738139696362738
865.9688908503606,1.4785748927466336,623.6,28.745521434749875,111.39999999999998,0.513165271282196,0.0689613890577271,0.40162875056266784,0.18199249466241416
964.9911107772435,1.4785748927466336,593.0,23.104047028003166,142.0,0.45608741641044614,0.04783770584714826,0.4795564889907837,0.09855266788075856
1064.0133307041265,1.4785748927466336,574.5,23.1218825320718,160.5,0.42580428123474123,0.04759134641542611,0.48119521141052246,0.08555128350729718
1163.0355506310098,1.4785748927466336,558.1,26.44230681264603,176.89999999999998,0.3968634784221649,0.05005041995758326,0.48059247732162474,0.07113340394863933
1262.0577705578926,1.4785748927466336,547.6,26.666601862492055,187.39999999999998,0.38017558455467226,0.04687455310872511,0.49425106644630434,0.06702738581826262
1361.0799904847756,1.4785748927466336,533.2,26.983699105025924,201.79999999999995,0.3744800329208374,0.04703323886426797,0.5284113585948944,0.07883540106844021
1460.1022104116587,1.4785748927466336,522.3,28.107144705515424,212.70000000000005,0.36246960759162905,0.05078882849583745,0.5317812860012054,0.07985085488480825
1559.1244303385417,1.4785748927466336,517.6,27.79826169470672,217.39999999999998,0.3456355094909668,0.04833015093989183,0.5306404948234558,0.0785741990890494
1658.1466502654246,1.4785748927466336,509.5,26.857923428694214,225.5,0.3373626351356506,0.04555900122217383,0.533256721496582,0.06971467983979494
1757.1688701923076,1.4785748927466336,504.1,25.547691056266125,230.89999999999998,0.3255373418331146,0.04648329683426818,0.5326227009296417,0.06704689302642781
1856.1910901191907,1.4785748927466336,493.3,25.149766750216855,241.7,0.3189487159252167,0.05393740998415567,0.5438289761543273,0.0750946308570711
1955.2133100460737,1.4785748927466336,486.3,24.681944260048528,248.7,0.3175868809223175,0.05933011652342561,0.557182002067566,0.07340009361684531
2054.235529972957,1.4785748927466336,480.3,24.146283405642563,254.7,0.306670480966568,0.060638061420488804,0.5585956394672393,0.07555802962845432
2153.25774989984,1.4785748927466336,473.2,24.810042457493505,261.8,0.29949578642845154,0.06367387462939096,0.5619110584259033,0.07444726274845676
2252.2799698267227,1.4785748927466336,466.7,23.82626570021524,268.3,0.28913567066192625,0.06367854910586224,0.5689659655094147,0.07135421768490384
2351.302189753606,1.4785748927466336,460.3,26.54660680776199,274.7,0.27721538543701174,0.06724982285667476,0.5752051830291748,0.06797282281439115
2450.3244096804888,1.4785748927466336,451.7,27.74472204546811,283.3,0.264174485206604,0.07189973560388052,0.580124706029892,0.06438758588024937
2549.3466296073716,1.4785748927466336,448.5,27.961519258613095,286.5,0.2610863208770752,0.07366508326772343,0.5809557199478149,0.06405453838781697
2648.368849534255,1.4785748927466336,437.3,28.560673620289467,297.7,0.2551290452480316,0.074756803614143,0.5873804450035095,0.059693396751885855
2747.3910694611377,1.4785748927466336,428.0,31.740142198769973,307.0,0.24842220544815063,0.07246718510169932,0.598442804813385,0.05502210306273477
2846.413289388021,1.4785748927466336,410.0,43.89595365281065,325.0,0.24863215684890747,0.07041768186787384,0.6049172699451446,0.061091149933794664
2945.435509314904,1.4785748927466336,395.7,50.82788548443428,339.3,0.23846099376678467,0.07310624579206539,0.6138328850269318,0.06280169112814407
3044.4577292417866,1.4785748927466336,375.7,56.94673324795867,359.3,0.21981783509254454,0.07204204016027115,0.6240653812885284,0.06800568232670931
3143.47994916867,1.4785748927466336,351.7,65.21402358716027,383.3,0.1984206736087799,0.07412896593429187,0.6343044698238373,0.06414368823090867
3242.5021690955527,1.4785748927466336,330.9,73.62922906530532,404.1,0.20118356347084046,0.06612757216115396,0.6433008551597595,0.061501412753752774
3341.524389022436,1.4785748927466336,295.4,96.96081665244077,439.6,0.1672713816165924,0.0743094960184141,0.6517878413200379,0.05838978665121022
3440.546608949319,1.4785748927466336,247.8,110.84405949311136,487.2,0.14507583379745484,0.08117181662440977,0.6640077710151673,0.05717049634794796
3539.5688288762017,1.4785748927466336,200.7,116.49953208516442,534.3,0.13211690187454223,0.07292149396284811,0.6778472661972046,0.04344659159814229
3638.591048803085,1.4785748927466336,167.3,100.8419549665545,567.7,0.10158613324165344,0.06881738022026598,0.6975944697856903,0.03340155953463399
3737.613268729968,1.4785748927466336,116.1,95.56819027330751,618.9,0.08737135529518128,0.07022084292654475,0.704587596654892,0.03286015302782243
3836.635488656851,1.4785748927466336,87.2,88.3186896930244,647.8,0.052900904417037965,0.05469880504503117,0.707706606388092,0.03152527860249887
3935.657708583734,1.4785748927466336,69.0,73.10964689261192,666.0,0.04866472482681274,0.04926326310682542,0.7095501601696015,0.027530882092035306
4034.6799285106167,1.4785748927466336,44.6,56.60638678843344,690.4,0.03031594157218933,0.03876588109506211,0.7107762515544891,0.027038508272513036
4133.7021484375,1.4785748927466336,0.2,0.4524314325708198,734.8,0.0,0.0,0.7072304904460907,0.027338810591051605
