rho_th,IA_th,count_in,count_in_CI,count_out,r2_in,r2in_CI,r2_out,r2out_CI
0.05965932086110115,0.47404233235840965,0.9,2.0359414465686894,734.1,-1.1219211578369142,2.5379619833583393,0.7070993185043335,0.027199876051822974
0.07602335684574568,0.47404233235840965,0.9,2.0359414465686894,734.1,-1.1219211578369142,2.5379619833583393,0.7070993185043335,0.027199876051822974
0.0923873928303902,0.47404233235840965,0.9,2.0359414465686894,734.1,-1.1219211578369142,2.5379619833583393,0.7070993185043335,0.027199876051822974
0.10875142881503472,0.47404233235840965,0.9,2.0359414465686894,734.1,-1.1219211578369142,2.5379619833583393,0.7070993185043335,0.027199876051822974
0.12511546479967925,0.47404233235840965,0.9,2.0359414465686894,734.1,-1.1219211578369142,2.5379619833583393,0.7070993185043335,0.027199876051822974
0.14147950078432378,0.47404233235840965,0.9,2.0359414465686894,734.1,-1.1219211578369142,2.5379619833583393,0.7070993185043335,0.027199876051822974
0.15784353676896828,0.47404233235840965,0.9,2.0359414465686894,734.1,-1.1219211578369142,2.5379619833583393,0.7070993185043335,0.027199876051822974
0.17420757275361282,0.47404233235840965,0.9,2.0359414465686894,734.1,-1.1219211578369142,2.5379619833583393,0.7070993185043335,0.027199876051822974
0.19057160873825735,0.47404233235840965,0.9,2.0359414465686894,734.1,-1.1219211578369142,2.5379619833583393,0.7070993185043335,0.027199876051822974
0.20693564472290188,0.47404233235840965,0.9,2.0359414465686894,734.1,-1.1219211578369142,2.5379619833583393,0.7070993185043335,0.027199876051822974
0.2232996807075464,0.47404233235840965,0.9,2.0359414465686894,734.1,-1.1219211578369142,2.5379619833583393,0.7070993185043335,0.027199876051822974
0.23966371669219091,0.47404233235840965,0.9,2.0359414465686894,734.1,-1.1219211578369142,2.5379619833583393,0.7070993185043335,0.027199876051822974
0.2560277526768354,0.47404233235840965,0.9,2.0359414465686894,734.1,-1.1219211578369142,2.5379619833583393,0.7070993185043335,0.027199876051822974
0.27239178866147995,0.47404233235840965,0.9,2.0359414465686894,734.1,-1.1219211578369142,2.5379619833583393,0.7070993185043335,0.027199876051822974
0.2887558246461245,0.47404233235840965,0.9,2.0359414465686894,734.1,-1.1219211578369142,2.5379619833583393,0.7070993185043335,0.027199876051822974
0.305119860630769,0.47404233235840965,0.9,2.0359414465686894,734.1,-1.1219211578369142,2.5379619833583393,0.7070993185043335,0.027199876051822974
0.32148389661541354,0.47404233235840965,0.9,2.0359414465686894,734.1,-1.1219211578369142,2.5379619833583393,0.7070993185043335,0.027199876051822974
0.3378479326000581,0.47404233235840965,0.9,2.0359414465686894,734.1,-1.1219211578369142,2.5379619833583393,0.7070993185043335,0.027199876051822974
0.3542119685847026,0.47404233235840965,0.9,2.0359414465686894,734.1,-1.1219211578369142,2.5379619833583393,0.7070993185043335,0.027199876051822974
0.37057600456934714,0.47404233235840965,0.9,2.0359414465686894,734.1,-1.1219211578369142,2.5379619833583393,0.7070993185043335,0.027199876051822974
0.38694004055399167,0.47404233235840965,0.9,2.0359414465686894,734.1,-1.1219211578369142,2.5379619833583393,0.7070993185043335,0.027199876051822974
0.40330407653863615,0.47404233235840965,0.9,2.0359414465686894,734.1,-1.1219211578369142,2.5379619833583393,0.7070993185043335,0.027199876051822974
0.4196681125232807,0.47404233235840965,0.9,2.0359414465686894,734.1,-1.1219211578369142,2.5379619833583393,0.7070993185043335,0.027199876051822974
0.4360321485079252,0.47404233235840965,0.9,2.0359414465686894,734.1,-1.1219211578369142,2.5379619833583393,0.7070993185043335,0.027199876051822974
0.45239618449256974,0.47404233235840965,0.0,0.0,735.0,0.0,0.0,0.7072641313076019,0.027353984766313368
0.4687602204772143,0.47404233235840965,0.0,0.0,735.0,0.0,0.0,0.7072641313076019,0.027353984766313368
0.4851242564618588,0.47404233235840965,0.0,0.0,735.0,0.0,0.0,0.7072641313076019,0.027353984766313368
0.5014882924465034,0.47404233235840965,0.0,0.0,735.0,0.0,0.0,0.7072641313076019,0.027353984766313368
0.5178523284311478,0.47404233235840965,0.0,0.0,735.0,0.0,0.0,0.7072641313076019,0.027353984766313368
0.5342163644157923,0.47404233235840965,0.0,0.0,735.0,0.0,0.0,0.7072641313076019,0.027353984766313368
0.5505804004004369,0.47404233235840965,0.0,0.0,735.0,0.0,0.0,0.7072641313076019,0.027353984766313368
0.5669444363850814,0.47404233235840965,0.0,0.0,735.0,0.0,0.0,0.7072641313076019,0.027353984766313368
0.5833084723697259,0.47404233235840965,0.0,0.0,735.0,0.0,0.0,0.7072641313076019,0.027353984766313368
0.5996725083543705,0.47404233235840965,0.0,0.0,735.0,0.0,0.0,0.7072641313076019,0.027353984766313368
0.616036544339015,0.47404233235840965,0.0,0.0,735.0,0.0,0.0,0.7072641313076019,0.027353984766313368
0.6324005803236595,0.47404233235840965,0.0,0.0,735.0,0.0,0.0,0.7072641313076019,0.027353984766313368
0.6487646163083041,0.47404233235840965,0.0,0.0,735.0,0.0,0.0,0.7072641313076019,0.027353984766313368
0.6651286522929486,0.47404233235840965,0.0,0.0,735.0,0.0,0.0,0.7072641313076019,0.027353984766313368
0.6814926882775931,0.47404233235840965,0.0,0.0,735.0,0.0,0.0,0.7072641313076019,0.027353984766313368
0.6978567242622375,0.47404233235840965,0.0,0.0,735.0,0.0,0.0,0.7072641313076019,0.027353984766313368
0.05965932086110115,0.4974078652854715,2.6,5.171722049176304,732.4,-1.4070618391036986,2.8657362586404496,0.7068006157875061,0.02691065178988733
0.07602335684574568,0.4974078652854715,2.6,5.171722049176304,732.4,-1.4070618391036986,2.8657362586404496,0.7068006157875061,0.02691065178988733
0.0923873928303902,0.4974078652854715,2.6,5.171722049176304,732.4,-1.4070618391036986,2.8657362586404496,0.7068006157875061,0.02691065178988733
0.10875142881503472,0.4974078652854715,2.6,5.171722049176304,732.4,-1.4070618391036986,2.8657362586404496,0.7068006157875061,0.02691065178988733
0.12511546479967925,0.4974078652854715,2.6,5.171722049176304,732.4,-1.4070618391036986,2.8657362586404496,0.7068006157875061,0.02691065178988733
0.14147950078432378,0.4974078652854715,2.6,5.171722049176304,732.4,-1.4070618391036986,2.8657362586404496,0.7068006157875061,0.02691065178988733
0.15784353676896828,0.4974078652854715,2.6,5.171722049176304,732.4,-1.4070618391036986,2.8657362586404496,0.7068006157875061,0.02691065178988733
0.17420757275361282,0.4974078652854715,2.6,5.171722049176304,732.4,-1.4070618391036986,2.8657362586404496,0.7068006157875061,0.02691065178988733
0.19057160873825735,0.4974078652854715,2.6,5.171722049176304,732.4,-1.4070618391036986,2.8657362586404496,0.7068006157875061,0.02691065178988733
0.20693564472290188,0.4974078652854715,2.6,5.171722049176304,732.4,-1.4070618391036986,2.8657362586404496,0.7068006157875061,0.02691065178988733
0.2232996807075464,0.4974078652854715,2.6,5.171722049176304,732.4,-1.4070618391036986,2.8657362586404496,0.7068006157875061,0.02691065178988733
0.23966371669219091,0.4974078652854715,2.6,5.171722049176304,732.4,-1.4070618391036986,2.8657362586404496,0.7068006157875061,0.02691065178988733
0.2560277526768354,0.4974078652854715,2.6,5.171722049176304,732.4,-1.4070618391036986,2.8657362586404496,0.7068006157875061,0.02691065178988733
0.27239178866147995,0.4974078652854715,2.6,5.171722049176304,732.4,-1.4070618391036986,2.8657362586404496,0.7068006157875061,0.02691065178988733
0.2887558246461245,0.4974078652854715,2.6,5.171722049176304,732.4,-1.4070618391036986,2.8657362586404496,0.7068006157875061,0.02691065178988733
0.305119860630769,0.4974078652854715,2.6,5.171722049176304,732.4,-1.4070618391036986,2.8657362586404496,0.7068006157875061,0.02691065178988733
0.32148389661541354,0.4974078652854715,2.6,5.171722049176304,732.4,-1.4070618391036986,2.8657362586404496,0.7068006157875061,0.02691065178988733
0.3378479326000581,0.4974078652854715,2.6,5.171722049176304,732.4,-1.4070618391036986,2.8657362586404496,0.7068006157875061,0.02691065178988733
0.3542119685847026,0.4974078652854715,2.6,5.171722049176304,732.4,-1.4070618391036986,2.8657362586404496,0.7068006157875061,0.02691065178988733
0.37057600456934714,0.4974078652854715,2.6,5.171722049176304,732.4,-1.4070618391036986,2.8657362586404496,0.7068006157875061,0.02691065178988733
0.38694004055399167,0.4974078652854715,2.6,5.171722049176304,732.4,-1.4070618391036986,2.8657362586404496,0.7068006157875061,0.02691065178988733
0.40330407653863615,0.4974078652854715,2.6,5.171722049176304,732.4,-1.4070618391036986,2.8657362586404496,0.7068006157875061,0.02691065178988733
0.4196681125232807,0.4974078652854715,2.6,5.171722049176304,732.4,-1.4070618391036986,2.8657362586404496,0.7068006157875061,0.02691065178988733
0.4360321485079252,0.4974078652854715,2.6,5.171722049176304,732.4,-1.4070618391036986,2.8657362586404496,0.7068006157875061,0.02691065178988733
0.45239618449256974,0.4974078652854715,1.7,3.1643258377777648,733.3,-1.3943663835525513,2.8660896947378696,0.7069752454757691,0.027067806004030696
0.4687602204772143,0.4974078652854715,1.1,1.8608448538041156,733.9,-1.4224488496780396,2.865693669929717,0.7070876359939575,0.027171506491583695
0.4851242564618588,0.4974078652854715,1.1,1.8608448538041156,733.9,-1.4224488496780396,2.865693669929717,0.7070876359939575,0.027171506491583695
0.5014882924465034,0.4974078652854715,0.4,0.9048628651416396,734.6,-0.8631673812866211,1.9526202743195455,0.7071997344493866,0.027293267651089876
0.5178523284311478,0.4974078652854715,0.0,0.0,735.0,0.0,0.0,0.7072641313076019,0.027353984766313368
0.5342163644157923,0.4974078652854715,0.0,0.0,735.0,0.0,0.0,0.7072641313076019,0.027353984766313368
0.5505804004004369,0.4974078652854715,0.0,0.0,735.0,0.0,0.0,0.7072641313076019,0.027353984766313368
0.5669444363850814,0.4974078652854715,0.0,0.0,735.0,0.0,0.0,0.7072641313076019,0.027353984766313368
0.5833084723697259,0.4974078652854715,0.0,0.0,735.0,0.0,0.0,0.7072641313076019,0.027353984766313368
0.5996725083543705,0.4974078652854715,0.0,0.0,735.0,0.0,0.0,0.7072641313076019,0.027353984766313368
0.616036544339015,0.4974078652854715,0.0,0.0,735.0,0.0,0.0,0.7072641313076019,0.027353984766313368
0.6324005803236595,0.4974078652854715,0.0,0.0,735.0,0.0,0.0,0.7072641313076019,0.027353984766313368
0.6487646163083041,0.4974078652854715,0.0,0.0,735.0,0.0,0.0,0.7072641313076019,0.027353984766313368
0.6651286522929486,0.4974078652854715,0.0,0.0,735.0,0.0,0.0,0.7072641313076019,0.027353984766313368
0.6814926882775931,0.4974078652854715,0.0,0.0,735.0,0.0,0.0,0.7072641313076019,0.027353984766313368
0.6978567242622375,0.4974078652854715,0.0,0.0,735.0,0.0,0.0,0.7072641313076019,0.027353984766313368
0.05965932086110115,0.5207733982125333,26.1,33.90964448601394,708.9,-0.18336992859840393,0.3059711680168371,0.7039831101894378,0.02546283398428523
0.07602335684574568,0.5207733982125333,26.1,33.90964448601394,708.9,-0.18336992859840393,0.3059711680168371,0.7039831101894378,0.02546283398428523
0.0923873928303902,0.5207733982125333,26.1,33.90964448601394,708.9,-0.18336992859840393,0.3059711680168371,0.7039831101894378,0.02546283398428523
0.10875142881503472,0.5207733982125333,26.1,33.90964448601394,708.9,-0.18336992859840393,0.3059711680168371,0.7039831101894378,0.02546283398428523
0.12511546479967925,0.5207733982125333,26.1,33.90964448601394,708.9,-0.18336992859840393,0.3059711680168371,0.7039831101894378,0.02546283398428523
0.14147950078432378,0.5207733982125333,26.1,33.90964448601394,708.9,-0.18336992859840393,0.3059711680168371,0.7039831101894378,0.02546283398428523
0.15784353676896828,0.5207733982125333,26.1,33.90964448601394,708.9,-0.18336992859840393,0.3059711680168371,0.7039831101894378,0.02546283398428523
0.17420757275361282,0.5207733982125333,26.1,33.90964448601394,708.9,-0.18336992859840393,0.3059711680168371,0.7039831101894378,0.02546283398428523
0.19057160873825735,0.5207733982125333,26.1,33.90964448601394,708.9,-0.18336992859840393,0.3059711680168371,0.7039831101894378,0.02546283398428523
0.20693564472290188,0.5207733982125333,26.1,33.90964448601394,708.9,-0.18336992859840393,0.3059711680168371,0.7039831101894378,0.02546283398428523
0.2232996807075464,0.5207733982125333,26.1,33.90964448601394,708.9,-0.18336992859840393,0.3059711680168371,0.7039831101894378,0.02546283398428523
0.23966371669219091,0.5207733982125333,26.1,33.90964448601394,708.9,-0.18336992859840393,0.3059711680168371,0.7039831101894378,0.02546283398428523
0.2560277526768354,0.5207733982125333,26.1,33.90964448601394,708.9,-0.18336992859840393,0.3059711680168371,0.7039831101894378,0.02546283398428523
0.27239178866147995,0.5207733982125333,26.1,33.90964448601394,708.9,-0.18336992859840393,0.3059711680168371,0.7039831101894378,0.02546283398428523
0.2887558246461245,0.5207733982125333,26.1,33.90964448601394,708.9,-0.18336992859840393,0.3059711680168371,0.7039831101894378,0.02546283398428523
0.305119860630769,0.5207733982125333,26.1,33.90964448601394,708.9,-0.18336992859840393,0.3059711680168371,0.7039831101894378,0.02546283398428523
0.32148389661541354,0.5207733982125333,26.1,33.90964448601394,708.9,-0.18336992859840393,0.3059711680168371,0.7039831101894378,0.02546283398428523
0.3378479326000581,0.5207733982125333,26.1,33.90964448601394,708.9,-0.18336992859840393,0.3059711680168371,0.7039831101894378,0.02546283398428523
0.3542119685847026,0.5207733982125333,26.1,33.90964448601394,708.9,-0.18336992859840393,0.3059711680168371,0.7039831101894378,0.02546283398428523
0.37057600456934714,0.5207733982125333,26.1,33.90964448601394,708.9,-0.18336992859840393,0.3059711680168371,0.7039831101894378,0.02546283398428523
0.38694004055399167,0.5207733982125333,26.1,33.90964448601394,708.9,-0.18336992859840393,0.3059711680168371,0.7039831101894378,0.02546283398428523
0.40330407653863615,0.5207733982125333,26.1,33.90964448601394,708.9,-0.18336992859840393,0.3059711680168371,0.7039831101894378,0.02546283398428523
0.4196681125232807,0.5207733982125333,26.1,33.90964448601394,708.9,-0.18336992859840393,0.3059711680168371,0.7039831101894378,0.02546283398428523
0.4360321485079252,0.5207733982125333,26.1,33.90964448601394,708.9,-0.18336992859840393,0.3059711680168371,0.7039831101894378,0.02546283398428523
0.45239618449256974,0.5207733982125333,25.2,33.16424928337907,709.8,-0.1856699764728546,0.3106606100677317,0.7042047083377838,0.025639900710280026
0.4687602204772143,0.5207733982125333,24.6,32.72830595928827,710.4,-0.18819153904914857,0.3158201741842916,0.7043466985225677,0.0257578460134863
0.4851242564618588,0.5207733982125333,24.6,32.72830595928827,710.4,-0.18819153904914857,0.3158201741842916,0.7043466985225677,0.0257578460134863
0.5014882924465034,0.5207733982125333,23.7,31.80286901792161,711.3,-0.19226893186569213,0.3250211188748134,0.7045694172382355,0.025913221978726187
0.5178523284311478,0.5207733982125333,9.9,13.99554545837098,725.1,-0.16475043892860414,0.3051792831059275,0.7058232128620148,0.026100078381257653
0.5342163644157923,0.5207733982125333,4.5,6.838635757163818,730.5,-0.14837363958358765,0.40128994354256586,0.7066007912158966,0.026643141876017854
0.5505804004004369,0.5207733982125333,0.8,1.8097257302832792,734.2,-2.2019159317016603,4.981079896901469,0.7071368396282196,0.027234588245785445
0.5669444363850814,0.5207733982125333,0.0,0.0,735.0,0.0,0.0,0.7072641313076019,0.027353984766313368
0.5833084723697259,0.5207733982125333,0.0,0.0,735.0,0.0,0.0,0.7072641313076019,0.027353984766313368
0.5996725083543705,0.5207733982125333,0.0,0.0,735.0,0.0,0.0,0.7072641313076019,0.027353984766313368
0.616036544339015,0.5207733982125333,0.0,0.0,735.0,0.0,0.0,0.7072641313076019,0.027353984766313368
0.6324005803236595,0.5207733982125333,0.0,0.0,735.0,0.0,0.0,0.7072641313076019,0.027353984766313368
0.6487646163083041,0.5207733982125333,0.0,0.0,735.0,0.0,0.0,0.7072641313076019,0.027353984766313368
0.6651286522929486,0.5207733982125333,0.0,0.0,735.0,0.0,0.0,0.7072641313076019,0.027353984766313368
0.6814926882775931,0.5207733982125333,0.0,0.0,735.0,0.0,0.0,0.7072641313076019,0.027353984766313368
0.6978567242622375,0.5207733982125333,0.0,0.0,735.0,0.0,0.0,0.7072641313076019,0.027353984766313368
0.05965932086110115,0.5441389311395952,51.3,53.28227226094442,683.7,0.005195432901382446,0.024033114674295843,0.7009925425052643,0.0247986946824428
0.07602335684574568,0.5441389311395952,51.3,53.28227226094442,683.7,0.005195432901382446,0.024033114674295843,0.7009925425052643,0.0247986946824428
0.0923873928303902,0.5441389311395952,51.3,53.28227226094442,683.7,0.005195432901382446,0.024033114674295843,0.7009925425052643,0.0247986946824428
0.10875142881503472,0.5441389311395952,51.3,53.28227226094442,683.7,0.005195432901382446,0.024033114674295843,0.7009925425052643,0.0247986946824428
0.12511546479967925,0.5441389311395952,51.3,53.28227226094442,683.7,0.005195432901382446,0.024033114674295843,0.7009925425052643,0.0247986946824428
0.14147950078432378,0.5441389311395952,51.3,53.28227226094442,683.7,0.005195432901382446,0.024033114674295843,0.7009925425052643,0.0247986946824428
0.15784353676896828,0.5441389311395952,51.3,53.28227226094442,683.7,0.005195432901382446,0.024033114674295843,0.7009925425052643,0.0247986946824428
0.17420757275361282,0.5441389311395952,51.3,53.28227226094442,683.7,0.005195432901382446,0.024033114674295843,0.7009925425052643,0.0247986946824428
0.19057160873825735,0.5441389311395952,51.3,53.28227226094442,683.7,0.005195432901382446,0.024033114674295843,0.7009925425052643,0.0247986946824428
0.20693564472290188,0.5441389311395952,51.3,53.28227226094442,683.7,0.005195432901382446,0.024033114674295843,0.7009925425052643,0.0247986946824428
0.2232996807075464,0.5441389311395952,51.3,53.28227226094442,683.7,0.005195432901382446,0.024033114674295843,0.7009925425052643,0.0247986946824428
0.23966371669219091,0.5441389311395952,51.3,53.28227226094442,683.7,0.005195432901382446,0.024033114674295843,0.7009925425052643,0.0247986946824428
0.2560277526768354,0.5441389311395952,51.3,53.28227226094442,683.7,0.005195432901382446,0.024033114674295843,0.7009925425052643,0.0247986946824428
0.27239178866147995,0.5441389311395952,51.3,53.28227226094442,683.7,0.005195432901382446,0.024033114674295843,0.7009925425052643,0.0247986946824428
0.2887558246461245,0.5441389311395952,51.3,53.28227226094442,683.7,0.005195432901382446,0.024033114674295843,0.7009925425052643,0.0247986946824428
0.305119860630769,0.5441389311395952,51.3,53.28227226094442,683.7,0.005195432901382446,0.024033114674295843,0.7009925425052643,0.0247986946824428
0.32148389661541354,0.5441389311395952,51.3,53.28227226094442,683.7,0.005195432901382446,0.024033114674295843,0.7009925425052643,0.0247986946824428
0.3378479326000581,0.5441389311395952,51.3,53.28227226094442,683.7,0.005195432901382446,0.024033114674295843,0.7009925425052643,0.0247986946824428
0.3542119685847026,0.5441389311395952,51.3,53.28227226094442,683.7,0.005195432901382446,0.024033114674295843,0.7009925425052643,0.0247986946824428
0.37057600456934714,0.5441389311395952,51.3,53.28227226094442,683.7,0.005195432901382446,0.024033114674295843,0.7009925425052643,0.0247986946824428
0.38694004055399167,0.5441389311395952,51.3,53.28227226094442,683.7,0.005195432901382446,0.024033114674295843,0.7009925425052643,0.0247986946824428
0.40330407653863615,0.5441389311395952,51.3,53.28227226094442,683.7,0.005195432901382446,0.024033114674295843,0.7009925425052643,0.0247986946824428
0.4196681125232807,0.5441389311395952,51.3,53.28227226094442,683.7,0.005195432901382446,0.024033114674295843,0.7009925425052643,0.0247986946824428
0.4360321485079252,0.5441389311395952,51.3,53.28227226094442,683.7,0.005195432901382446,0.024033114674295843,0.7009925425052643,0.0247986946824428
0.45239618449256974,0.5441389311395952,50.4,51.95327924524573,684.6,0.004642105102539063,0.022927199911120962,0.7013620018959046,0.024959600544573763
0.4687602204772143,0.5441389311395952,49.8,51.09315644217307,685.2,0.004213100671768189,0.0220804819596981,0.7015957713127137,0.025075270900832447
0.4851242564618588,0.5441389311395952,49.8,51.09315644217307,685.2,0.004213100671768189,0.0220804819596981,0.7015957713127137,0.025075270900832447
0.5014882924465034,0.5441389311395952,48.9,50.063002596474654,686.1,0.003842294216156006,0.022217577283842178,0.7018946945667267,0.025236399984645733
0.5178523284311478,0.5441389311395952,35.1,39.45135506554448,699.9,-0.004383188486099243,0.02945868930127413,0.7035506725311279,0.02541903368434983
0.5342163644157923,0.5441389311395952,29.7,32.84250914832609,705.3,-0.0015551626682281494,0.03952794124292156,0.7047344505786896,0.026037563453560664
0.5505804004004369,0.5441389311395952,23.1,28.465752286098905,711.9,0.008683156967163087,0.04615003398859781,0.706164538860321,0.02668546317126824
0.5669444363850814,0.5441389311395952,12.5,22.106084582361316,722.5,-13.838535571098328,30.711672931970824,0.705955195426941,0.026516899932257098
0.5833084723697259,0.5441389311395952,0.0,0.0,735.0,0.0,0.0,0.7072641313076019,0.027353984766313368
0.5996725083543705,0.5441389311395952,0.0,0.0,735.0,0.0,0.0,0.7072641313076019,0.027353984766313368
0.616036544339015,0.5441389311395952,0.0,0.0,735.0,0.0,0.0,0.7072641313076019,0.027353984766313368
0.6324005803236595,0.5441389311395952,0.0,0.0,735.0,0.0,0.0,0.7072641313076019,0.027353984766313368
0.6487646163083041,0.5441389311395952,0.0,0.0,735.0,0.0,0.0,0.7072641313076019,0.027353984766313368
0.6651286522929486,0.5441389311395952,0.0,0.0,735.0,0.0,0.0,0.7072641313076019,0.027353984766313368
0.6814926882775931,0.5441389311395952,0.0,0.0,735.0,0.0,0.0,0.7072641313076019,0.027353984766313368
0.6978567242622375,0.5441389311395952,0.0,0.0,735.0,0.0,0.0,0.7072641313076019,0.027353984766313368
0.05965932086110115,0.567504464066657,91.3,72.30025580200277,643.7,-0.22184813022613525,0.5483407445375901,0.6925014197826386,0.02678366182468904
0.07602335684574568,0.567504464066657,91.3,72.30025580200277,643.7,-0.22184813022613525,0.5483407445375901,0.6925014197826386,0.02678366182468904
0.0923873928303902,0.567504464066657,91.3,72.30025580200277,643.7,-0.22184813022613525,0.5483407445375901,0.6925014197826386,0.02678366182468904
0.10875142881503472,0.567504464066657,91.3,72.30025580200277,643.7,-0.22184813022613525,0.5483407445375901,0.6925014197826386,0.02678366182468904
0.12511546479967925,0.567504464066657,91.3,72.30025580200277,643.7,-0.22184813022613525,0.5483407445375901,0.6925014197826386,0.02678366182468904
0.14147950078432378,0.567504464066657,91.3,72.30025580200277,643.7,-0.22184813022613525,0.5483407445375901,0.6925014197826386,0.02678366182468904
0.15784353676896828,0.567504464066657,91.3,72.30025580200277,643.7,-0.22184813022613525,0.5483407445375901,0.6925014197826386,0.02678366182468904
0.17420757275361282,0.567504464066657,91.3,72.30025580200277,643.7,-0.22184813022613525,0.5483407445375901,0.6925014197826386,0.02678366182468904
0.19057160873825735,0.567504464066657,91.3,72.30025580200277,643.7,-0.22184813022613525,0.5483407445375901,0.6925014197826386,0.02678366182468904
0.20693564472290188,0.567504464066657,91.3,72.30025580200277,643.7,-0.22184813022613525,0.5483407445375901,0.6925014197826386,0.02678366182468904
0.2232996807075464,0.567504464066657,91.3,72.30025580200277,643.7,-0.22184813022613525,0.5483407445375901,0.6925014197826386,0.02678366182468904
0.23966371669219091,0.567504464066657,91.3,72.30025580200277,643.7,-0.22184813022613525,0.5483407445375901,0.6925014197826386,0.02678366182468904
0.2560277526768354,0.567504464066657,91.3,72.30025580200277,643.7,-0.22184813022613525,0.5483407445375901,0.6925014197826386,0.02678366182468904
0.27239178866147995,0.567504464066657,91.3,72.30025580200277,643.7,-0.22184813022613525,0.5483407445375901,0.6925014197826386,0.02678366182468904
0.2887558246461245,0.567504464066657,91.3,72.30025580200277,643.7,-0.22184813022613525,0.5483407445375901,0.6925014197826386,0.02678366182468904
0.305119860630769,0.567504464066657,91.3,72.30025580200277,643.7,-0.22184813022613525,0.5483407445375901,0.6925014197826386,0.02678366182468904
0.32148389661541354,0.567504464066657,91.3,72.30025580200277,643.7,-0.22184813022613525,0.5483407445375901,0.6925014197826386,0.02678366182468904
0.3378479326000581,0.567504464066657,91.3,72.30025580200277,643.7,-0.22184813022613525,0.5483407445375901,0.6925014197826386,0.02678366182468904
0.3542119685847026,0.567504464066657,91.3,72.30025580200277,643.7,-0.22184813022613525,0.5483407445375901,0.6925014197826386,0.02678366182468904
0.37057600456934714,0.567504464066657,91.3,72.30025580200277,643.7,-0.22184813022613525,0.5483407445375901,0.6925014197826386,0.02678366182468904
0.38694004055399167,0.567504464066657,91.3,72.30025580200277,643.7,-0.22184813022613525,0.5483407445375901,0.6925014197826386,0.02678366182468904
0.40330407653863615,0.567504464066657,91.3,72.30025580200277,643.7,-0.22184813022613525,0.5483407445375901,0.6925014197826386,0.02678366182468904
0.4196681125232807,0.567504464066657,91.3,72.30025580200277,643.7,-0.22184813022613525,0.5483407445375901,0.6925014197826386,0.02678366182468904
0.4360321485079252,0.567504464066657,91.3,72.30025580200277,643.7,-0.22184813022613525,0.5483407445375901,0.6925014197826386,0.02678366182468904
0.45239618449256974,0.567504464066657,90.4,71.3623642483176,644.6,-0.22247551679611205,0.5481212127302069,0.692942327260971,0.026962945861101883
0.4687602204772143,0.567504464066657,89.8,70.76274452011512,645.2,-0.22294399738311768,0.5479596243825954,0.6932198405265808,0.02709401552799938
0.4851242564618588,0.567504464066657,89.8,70.76274452011512,645.2,-0.22294399738311768,0.5479596243825954,0.6932198405265808,0.02709401552799938
0.5014882924465034,0.567504464066657,88.9,69.89984289446231,646.1,-0.2232459843158722,0.5478718881445899,0.693620252609253,0.02725009228177529
0.5178523284311478,0.567504464066657,75.1,58.781708799901,659.9,-0.22449426651000975,0.5475366188103029,0.6964860558509827,0.027630139881857984
0.5342163644157923,0.567504464066657,69.7,53.927188779755035,665.3,-0.2218596339225769,0.5485274758814135,0.6979993939399719,0.02831369634002354
0.5505804004004369,0.567504464066657,63.1,49.09969723353551,671.9,-0.2219187319278717,0.5486441711683473,0.6999784529209137,0.028900771980764288
0.5669444363850814,0.567504464066657,49.2,38.39422693171513,685.8,-0.22138492465019227,0.5493364516796113,0.7012420237064362,0.0280498593011486
0.5833084723697259,0.567504464066657,23.3,20.51812433856856,711.7,-1.3992242813110352,3.1060169463398783,0.703900796175003,0.028235965637946586
0.5996725083543705,0.567504464066657,1.3,2.9408043117103286,733.7,-0.0008688092231750489,0.001965383007359142,0.7070952713489532,0.027327589108172463
0.616036544339015,0.567504464066657,0.0,0.0,735.0,0.0,0.0,0.7072641313076019,0.027353984766313368
0.6324005803236595,0.567504464066657,0.0,0.0,735.0,0.0,0.0,0.7072641313076019,0.027353984766313368
0.6487646163083041,0.567504464066657,0.0,0.0,735.0,0.0,0.0,0.7072641313076019,0.027353984766313368
0.6651286522929486,0.567504464066657,0.0,0.0,735.0,0.0,0.0,0.7072641313076019,0.027353984766313368
0.6814926882775931,0.567504464066657,0.0,0.0,735.0,0.0,0.0,0.7072641313076019,0.027353984766313368
0.6978567242622375,0.567504464066657,0.0,0.0,735.0,0.0,0.0,0.7072641313076019,0.027353984766313368
0.05965932086110115,0.5908699969937188,126.1,88.92285671332786,608.9,0.04164276123046875,0.04579837580594744,0.6884660243988037,0.030544027330465014
0.07602335684574568,0.5908699969937188,126.1,88.92285671332786,608.9,0.04164276123046875,0.04579837580594744,0.6884660243988037,0.030544027330465014
0.0923873928303902,0.5908699969937188,126.1,88.92285671332786,608.9,0.04164276123046875,0.04579837580594744,0.6884660243988037,0.030544027330465014
0.10875142881503472,0.5908699969937188,126.1,88.92285671332786,608.9,0.04164276123046875,0.04579837580594744,0.6884660243988037,0.030544027330465014
0.12511546479967925,0.5908699969937188,126.1,88.92285671332786,608.9,0.04164276123046875,0.04579837580594744,0.6884660243988037,0.030544027330465014
0.14147950078432378,0.5908699969937188,126.1,88.92285671332786,608.9,0.04164276123046875,0.04579837580594744,0.6884660243988037,0.030544027330465014
0.15784353676896828,0.5908699969937188,126.1,88.92285671332786,608.9,0.04164276123046875,0.04579837580594744,0.6884660243988037,0.030544027330465014
0.17420757275361282,0.5908699969937188,126.1,88.92285671332786,608.9,0.04164276123046875,0.04579837580594744,0.6884660243988037,0.030544027330465014
0.19057160873825735,0.5908699969937188,126.1,88.92285671332786,608.9,0.04164276123046875,0.04579837580594744,0.6884660243988037,0.030544027330465014
0.20693564472290188,0.5908699969937188,126.1,88.92285671332786,608.9,0.04164276123046875,0.04579837580594744,0.6884660243988037,0.030544027330465014
0.2232996807075464,0.5908699969937188,126.1,88.92285671332786,608.9,0.04164276123046875,0.04579837580594744,0.6884660243988037,0.030544027330465014
0.23966371669219091,0.5908699969937188,126.1,88.92285671332786,608.9,0.04164276123046875,0.04579837580594744,0.6884660243988037,0.030544027330465014
0.2560277526768354,0.5908699969937188,126.1,88.92285671332786,608.9,0.04164276123046875,0.04579837580594744,0.6884660243988037,0.030544027330465014
0.27239178866147995,0.5908699969937188,126.1,88.92285671332786,608.9,0.04164276123046875,0.04579837580594744,0.6884660243988037,0.030544027330465014
0.2887558246461245,0.5908699969937188,126.1,88.92285671332786,608.9,0.04164276123046875,0.04579837580594744,0.6884660243988037,0.030544027330465014
0.305119860630769,0.5908699969937188,126.1,88.92285671332786,608.9,0.04164276123046875,0.04579837580594744,0.6884660243988037,0.030544027330465014
0.32148389661541354,0.5908699969937188,126.1,88.92285671332786,608.9,0.04164276123046875,0.04579837580594744,0.6884660243988037,0.030544027330465014
0.3378479326000581,0.5908699969937188,126.1,88.92285671332786,608.9,0.04164276123046875,0.04579837580594744,0.6884660243988037,0.030544027330465014
0.3542119685847026,0.5908699969937188,126.1,88.92285671332786,608.9,0.04164276123046875,0.04579837580594744,0.6884660243988037,0.030544027330465014
0.37057600456934714,0.5908699969937188,126.1,88.92285671332786,608.9,0.04164276123046875,0.04579837580594744,0.6884660243988037,0.030544027330465014
0.38694004055399167,0.5908699969937188,126.1,88.92285671332786,608.9,0.04164276123046875,0.04579837580594744,0.6884660243988037,0.030544027330465014
0.40330407653863615,0.5908699969937188,126.1,88.92285671332786,608.9,0.04164276123046875,0.04579837580594744,0.6884660243988037,0.030544027330465014
0.4196681125232807,0.5908699969937188,126.1,88.92285671332786,608.9,0.04164276123046875,0.04579837580594744,0.6884660243988037,0.030544027330465014
0.4360321485079252,0.5908699969937188,126.1,88.92285671332786,608.9,0.04164276123046875,0.04579837580594744,0.6884660243988037,0.030544027330465014
0.45239618449256974,0.5908699969937188,125.2,88.07951634659399,609.8,0.041067475080490114,0.044785175601116986,0.6890405654907227,0.0306666721032063
0.4687602204772143,0.5908699969937188,124.6,87.53908453887145,610.4,0.04065037369728088,0.04406004050215836,0.6893988370895385,0.030770705424967675
0.4851242564618588,0.5908699969937188,124.6,87.53908453887145,610.4,0.04065037369728088,0.04406004050215836,0.6893988370895385,0.030770705424967675
0.5014882924465034,0.5908699969937188,123.7,86.75539028940817,611.3,0.04032524824142456,0.04375630732004469,0.6898987174034119,0.03095599462323991
0.5178523284311478,0.5908699969937188,109.9,77.17640540884196,625.1,0.040360307693481444,0.043640782784412004,0.6934978902339936,0.031992827666928486
0.5342163644157923,0.5908699969937188,104.5,72.97439134654485,630.5,0.04130062460899353,0.04600217323123587,0.6954047083854675,0.03275730789333836
0.5505804004004369,0.5908699969937188,97.9,68.38506881962567,637.1,0.03928862810134888,0.04558996909235525,0.6978980660438537,0.03348587475274136
0.5669444363850814,0.5908699969937188,84.0,57.67687514199979,651.0,0.04648852944374084,0.04997994793250637,0.7003911077976227,0.03186056568448815
0.5833084723697259,0.5908699969937188,56.7,41.52090721398221,678.3,0.04766620397567749,0.062174955027227675,0.7042323410511017,0.03207777118383814
0.5996725083543705,0.5908699969937188,27.8,26.318048734402318,707.2,0.008524012565612794,0.041081453332129786,0.7071571171283721,0.030318694767734196
0.616036544339015,0.5908699969937188,8.0,9.638901573038256,727.0,-0.017506438493728637,0.0726397089246514,0.7073619902133942,0.02740232440950428
0.6324005803236595,0.5908699969937188,0.1,0.2262157162854099,734.9,0.0,0.0,0.7072973489761353,0.027322708175801617
0.6487646163083041,0.5908699969937188,0.0,0.0,735.0,0.0,0.0,0.7072641313076019,0.027353984766313368
0.6651286522929486,0.5908699969937188,0.0,0.0,735.0,0.0,0.0,0.7072641313076019,0.027353984766313368
0.6814926882775931,0.5908699969937188,0.0,0.0,735.0,0.0,0.0,0.7072641313076019,0.027353984766313368
0.6978567242622375,0.5908699969937188,0.0,0.0,735.0,0.0,0.0,0.7072641313076019,0.027353984766313368
0.05965932086110115,0.6142355299207807,172.6,99.72735524438605,562.4,-0.6117150545120239,1.5492854404222518,0.6760156989097595,0.03844889410963755
0.07602335684574568,0.6142355299207807,172.6,99.72735524438605,562.4,-0.6117150545120239,1.5492854404222518,0.6760156989097595,0.03844889410963755
0.0923873928303902,0.6142355299207807,172.6,99.72735524438605,562.4,-0.6117150545120239,1.5492854404222518,0.6760156989097595,0.03844889410963755
0.10875142881503472,0.6142355299207807,172.6,99.72735524438605,562.4,-0.6117150545120239,1.5492854404222518,0.6760156989097595,0.03844889410963755
0.12511546479967925,0.6142355299207807,172.6,99.72735524438605,562.4,-0.6117150545120239,1.5492854404222518,0.6760156989097595,0.03844889410963755
0.14147950078432378,0.6142355299207807,172.6,99.72735524438605,562.4,-0.6117150545120239,1.5492854404222518,0.6760156989097595,0.03844889410963755
0.15784353676896828,0.6142355299207807,172.6,99.72735524438605,562.4,-0.6117150545120239,1.5492854404222518,0.6760156989097595,0.03844889410963755
0.17420757275361282,0.6142355299207807,172.6,99.72735524438605,562.4,-0.6117150545120239,1.5492854404222518,0.6760156989097595,0.03844889410963755
0.19057160873825735,0.6142355299207807,172.6,99.72735524438605,562.4,-0.6117150545120239,1.5492854404222518,0.6760156989097595,0.03844889410963755
0.20693564472290188,0.6142355299207807,172.6,99.72735524438605,562.4,-0.6117150545120239,1.5492854404222518,0.6760156989097595,0.03844889410963755
0.2232996807075464,0.6142355299207807,172.6,99.72735524438605,562.4,-0.6117150545120239,1.5492854404222518,0.6760156989097595,0.03844889410963755
0.23966371669219091,0.6142355299207807,172.6,99.72735524438605,562.4,-0.6117150545120239,1.5492854404222518,0.6760156989097595,0.03844889410963755
0.2560277526768354,0.6142355299207807,172.6,99.72735524438605,562.4,-0.6117150545120239,1.5492854404222518,0.6760156989097595,0.03844889410963755
0.27239178866147995,0.6142355299207807,172.6,99.72735524438605,562.4,-0.6117150545120239,1.5492854404222518,0.6760156989097595,0.03844889410963755
0.2887558246461245,0.6142355299207807,172.6,99.72735524438605,562.4,-0.6117150545120239,1.5492854404222518,0.6760156989097595,0.03844889410963755
0.305119860630769,0.6142355299207807,172.6,99.72735524438605,562.4,-0.6117150545120239,1.5492854404222518,0.6760156989097595,0.03844889410963755
0.32148389661541354,0.6142355299207807,172.6,99.72735524438605,562.4,-0.6117150545120239,1.5492854404222518,0.6760156989097595,0.03844889410963755
0.3378479326000581,0.6142355299207807,172.6,99.72735524438605,562.4,-0.6117150545120239,1.5492854404222518,0.6760156989097595,0.03844889410963755
0.3542119685847026,0.6142355299207807,172.6,99.72735524438605,562.4,-0.6117150545120239,1.5492854404222518,0.6760156989097595,0.03844889410963755
0.37057600456934714,0.6142355299207807,172.6,99.72735524438605,562.4,-0.6117150545120239,1.5492854404222518,0.6760156989097595,0.03844889410963755
0.38694004055399167,0.6142355299207807,172.6,99.72735524438605,562.4,-0.6117150545120239,1.5492854404222518,0.6760156989097595,0.03844889410963755
0.40330407653863615,0.6142355299207807,172.6,99.72735524438605,562.4,-0.6117150545120239,1.5492854404222518,0.6760156989097595,0.03844889410963755
0.4196681125232807,0.6142355299207807,172.6,99.72735524438605,562.4,-0.6117150545120239,1.5492854404222518,0.6760156989097595,0.03844889410963755
0.4360321485079252,0.6142355299207807,172.6,99.72735524438605,562.4,-0.6117150545120239,1.5492854404222518,0.6760156989097595,0.03844889410963755
0.45239618449256974,0.6142355299207807,171.7,99.08205333687634,563.3,-0.6123001992702484,1.549115256171795,0.6766869187355041,0.03861158586042051
0.4687602204772143,0.6142355299207807,171.1,98.67284759540424,563.9,-0.6127196431159974,1.5489939491116749,0.6771028995513916,0.03874194932151729
0.4851242564618588,0.6142355299207807,171.1,98.67284759540424,563.9,-0.6127196431159974,1.5489939491116749,0.6771028995513916,0.03874194932151729
0.5014882924465034,0.6142355299207807,170.2,97.98608310091066,564.8,-0.6130745112895966,1.5488959569261782,0.6777537941932679,0.03892326330640505
0.5178523284311478,0.6142355299207807,156.4,88.29254757716623,578.6,-0.6133785784244538,1.5488473501771125,0.6829622387886047,0.040041686079344316
0.5342163644157923,0.6142355299207807,151.0,84.84547070074666,584.0,-0.6131255567073822,1.5489357279712344,0.6852767944335938,0.040872319619216446
0.5505804004004369,0.6142355299207807,144.4,80.86325050004717,590.6,-0.6154788494110107,1.5483068833036011,0.6883872091770172,0.04156203584719426
0.5669444363850814,0.6142355299207807,130.5,70.78399451561344,604.5,-0.6123559474945068,1.5491360076914418,0.6925359010696411,0.03830244132081508
0.5833084723697259,0.6142355299207807,99.9,60.18495478437406,635.1,-0.6153106093406677,1.5653977361038849,0.6978702425956727,0.03805261344925356
0.5996725083543705,0.6142355299207807,59.0,51.97494454588134,676.0,-1.416497677564621,3.2659299630820806,0.7025965809822082,0.034113839082408434
0.616036544339015,0.6142355299207807,30.7,38.45230984557011,704.3,0.01496848464012146,0.023757737583473514,0.7053007900714874,0.02992992515430172
0.6324005803236595,0.6142355299207807,7.5,16.716339741649445,727.5,0.01145002841949463,0.025901763804042778,0.7059606432914733,0.028710904162692303
0.6487646163083041,0.6142355299207807,0.0,0.0,735.0,0.0,0.0,0.7072641313076019,0.027353984766313368
0.6651286522929486,0.6142355299207807,0.0,0.0,735.0,0.0,0.0,0.7072641313076019,0.027353984766313368
0.6814926882775931,0.6142355299207807,0.0,0.0,735.0,0.0,0.0,0.7072641313076019,0.027353984766313368
0.6978567242622375,0.6142355299207807,0.0,0.0,735.0,0.0,0.0,0.7072641313076019,0.027353984766313368
0.05965932086110115,0.6376010628478426,206.9,106.580150262264,528.1,-62766.504087007044,141985.50294129518,0.6724402666091919,0.04101176783119312
0.07602335684574568,0.6376010628478426,206.9,106.580150262264,528.1,-62766.504087007044,141985.50294129518,0.6724402666091919,0.04101176783119312
0.0923873928303902,0.6376010628478426,206.9,106.580150262264,528.1,-62766.504087007044,141985.50294129518,0.6724402666091919,0.04101176783119312
0.10875142881503472,0.6376010628478426,206.9,106.580150262264,528.1,-62766.504087007044,141985.50294129518,0.6724402666091919,0.04101176783119312
0.12511546479967925,0.6376010628478426,206.9,106.580150262264,528.1,-62766.504087007044,141985.50294129518,0.6724402666091919,0.04101176783119312
0.14147950078432378,0.6376010628478426,206.9,106.580150262264,528.1,-62766.504087007044,141985.50294129518,0.6724402666091919,0.04101176783119312
0.15784353676896828,0.6376010628478426,206.9,106.580150262264,528.1,-62766.504087007044,141985.50294129518,0.6724402666091919,0.04101176783119312
0.17420757275361282,0.6376010628478426,206.9,106.580150262264,528.1,-62766.504087007044,141985.50294129518,0.6724402666091919,0.04101176783119312
0.19057160873825735,0.6376010628478426,206.9,106.580150262264,528.1,-62766.504087007044,141985.50294129518,0.6724402666091919,0.04101176783119312
0.20693564472290188,0.6376010628478426,206.9,106.580150262264,528.1,-62766.504087007044,141985.50294129518,0.6724402666091919,0.04101176783119312
0.2232996807075464,0.6376010628478426,206.9,106.580150262264,528.1,-62766.504087007044,141985.50294129518,0.6724402666091919,0.04101176783119312
0.23966371669219091,0.6376010628478426,206.9,106.580150262264,528.1,-62766.504087007044,141985.50294129518,0.6724402666091919,0.04101176783119312
0.2560277526768354,0.6376010628478426,206.9,106.580150262264,528.1,-62766.504087007044,141985.50294129518,0.6724402666091919,0.04101176783119312
0.27239178866147995,0.6376010628478426,206.9,106.580150262264,528.1,-62766.504087007044,141985.50294129518,0.6724402666091919,0.04101176783119312
0.2887558246461245,0.6376010628478426,206.9,106.580150262264,528.1,-62766.504087007044,141985.50294129518,0.6724402666091919,0.04101176783119312
0.305119860630769,0.6376010628478426,206.9,106.580150262264,528.1,-62766.504087007044,141985.50294129518,0.6724402666091919,0.04101176783119312
0.32148389661541354,0.6376010628478426,206.9,106.580150262264,528.1,-62766.504087007044,141985.50294129518,0.6724402666091919,0.04101176783119312
0.3378479326000581,0.6376010628478426,206.9,106.580150262264,528.1,-62766.504087007044,141985.50294129518,0.6724402666091919,0.04101176783119312
0.3542119685847026,0.6376010628478426,206.9,106.580150262264,528.1,-62766.504087007044,141985.50294129518,0.6724402666091919,0.04101176783119312
0.37057600456934714,0.6376010628478426,206.9,106.580150262264,528.1,-62766.504087007044,141985.50294129518,0.6724402666091919,0.04101176783119312
0.38694004055399167,0.6376010628478426,206.9,106.580150262264,528.1,-62766.504087007044,141985.50294129518,0.6724402666091919,0.04101176783119312
0.40330407653863615,0.6376010628478426,206.9,106.580150262264,528.1,-62766.504087007044,141985.50294129518,0.6724402666091919,0.04101176783119312
0.4196681125232807,0.6376010628478426,206.9,106.580150262264,528.1,-62766.504087007044,141985.50294129518,0.6724402666091919,0.04101176783119312
0.4360321485079252,0.6376010628478426,206.9,106.580150262264,528.1,-62766.504087007044,141985.50294129518,0.6724402666091919,0.04101176783119312
0.45239618449256974,0.6376010628478426,206.0,106.01665505328538,529.0,-62766.50462502241,141985.50280606194,0.6732157588005065,0.04115112481893753
0.4687602204772143,0.6376010628478426,205.4,105.66111826993955,529.6,-62766.50500816107,141985.50270975783,0.6736931681632996,0.041273779198071764
0.4851242564618588,0.6376010628478426,205.4,105.66111826993955,529.6,-62766.50500816107,141985.50270975783,0.6736931681632996,0.041273779198071764
0.5014882924465034,0.6376010628478426,204.5,105.06753399259092,530.5,-62766.50537008047,141985.5026187875,0.6744543015956879,0.04142121224175111
0.5178523284311478,0.6376010628478426,190.7,96.92729710984841,544.3,-62766.50575428009,141985.5025222174,0.6807095050811768,0.04250413551491977
0.5342163644157923,0.6376010628478426,185.3,94.10262624876773,549.7,-62766.50591636896,141985.50248147585,0.6833499431610107,0.04331843448117997
0.5505804004004369,0.6376010628478426,178.7,90.75298512088493,556.3,-62766.50845260024,141985.50184398086,0.68691286444664,0.04430847862550358
0.5669444363850814,0.6376010628478426,163.3,80.45145323237521,571.7,-62766.510385906695,141985.50135803185,0.6917037069797516,0.04133860988763048
0.5833084723697259,0.6376010628478426,131.1,72.464748310969,603.9,-0.8766631603240966,2.1632006974451086,0.6981668829917907,0.04068919012520181
0.5996725083543705,0.6376010628478426,86.4,68.03057130758654,648.6,0.023430347442626953,0.0627312681744785,0.7044232010841369,0.036827742196163776
0.616036544339015,0.6376010628478426,55.8,54.849005629222084,679.2,0.029647034406661988,0.039244034127552396,0.7081826984882355,0.031915963757175904
0.6324005803236595,0.6376010628478426,18.7,35.06149002859239,716.3,0.0296744167804718,0.06101906252879214,0.7066967189311981,0.0288317879658088
0.6487646163083041,0.6376010628478426,0.0,0.0,735.0,0.0,0.0,0.7072641313076019,0.027353984766313368
0.6651286522929486,0.6376010628478426,0.0,0.0,735.0,0.0,0.0,0.7072641313076019,0.027353984766313368
0.6814926882775931,0.6376010628478426,0.0,0.0,735.0,0.0,0.0,0.7072641313076019,0.027353984766313368
0.6978567242622375,0.6376010628478426,0.0,0.0,735.0,0.0,0.0,0.7072641313076019,0.027353984766313368
0.05965932086110115,0.6609665957749044,264.7,88.94369952661275,470.3,0.14380226731300355,0.04256789835556738,0.6540386259555817,0.043832187615451844
0.07602335684574568,0.6609665957749044,264.7,88.94369952661275,470.3,0.14380226731300355,0.04256789835556738,0.6540386259555817,0.043832187615451844
0.0923873928303902,0.6609665957749044,264.7,88.94369952661275,470.3,0.14380226731300355,0.04256789835556738,0.6540386259555817,0.043832187615451844
0.10875142881503472,0.6609665957749044,264.7,88.94369952661275,470.3,0.14380226731300355,0.04256789835556738,0.6540386259555817,0.043832187615451844
0.12511546479967925,0.6609665957749044,264.7,88.94369952661275,470.3,0.14380226731300355,0.04256789835556738,0.6540386259555817,0.043832187615451844
0.14147950078432378,0.6609665957749044,264.7,88.94369952661275,470.3,0.14380226731300355,0.04256789835556738,0.6540386259555817,0.043832187615451844
0.15784353676896828,0.6609665957749044,264.7,88.94369952661275,470.3,0.14380226731300355,0.04256789835556738,0.6540386259555817,0.043832187615451844
0.17420757275361282,0.6609665957749044,264.7,88.94369952661275,470.3,0.14380226731300355,0.04256789835556738,0.6540386259555817,0.043832187615451844
0.19057160873825735,0.6609665957749044,264.7,88.94369952661275,470.3,0.14380226731300355,0.04256789835556738,0.6540386259555817,0.043832187615451844
0.20693564472290188,0.6609665957749044,264.7,88.94369952661275,470.3,0.14380226731300355,0.04256789835556738,0.6540386259555817,0.043832187615451844
0.2232996807075464,0.6609665957749044,264.7,88.94369952661275,470.3,0.14380226731300355,0.04256789835556738,0.6540386259555817,0.043832187615451844
0.23966371669219091,0.6609665957749044,264.7,88.94369952661275,470.3,0.14380226731300355,0.04256789835556738,0.6540386259555817,0.043832187615451844
0.2560277526768354,0.6609665957749044,264.7,88.94369952661275,470.3,0.14380226731300355,0.04256789835556738,0.6540386259555817,0.043832187615451844
0.27239178866147995,0.6609665957749044,264.7,88.94369952661275,470.3,0.14380226731300355,0.04256789835556738,0.6540386259555817,0.043832187615451844
0.2887558246461245,0.6609665957749044,264.7,88.94369952661275,470.3,0.14380226731300355,0.04256789835556738,0.6540386259555817,0.043832187615451844
0.305119860630769,0.6609665957749044,264.7,88.94369952661275,470.3,0.14380226731300355,0.04256789835556738,0.6540386259555817,0.043832187615451844
0.32148389661541354,0.6609665957749044,264.7,88.94369952661275,470.3,0.14380226731300355,0.04256789835556738,0.6540386259555817,0.043832187615451844
0.3378479326000581,0.6609665957749044,264.7,88.94369952661275,470.3,0.14380226731300355,0.04256789835556738,0.6540386259555817,0.043832187615451844
0.3542119685847026,0.6609665957749044,264.7,88.94369952661275,470.3,0.14380226731300355,0.04256789835556738,0.6540386259555817,0.043832187615451844
0.37057600456934714,0.6609665957749044,264.7,88.94369952661275,470.3,0.14380226731300355,0.04256789835556738,0.6540386259555817,0.043832187615451844
0.38694004055399167,0.6609665957749044,264.7,88.94369952661275,470.3,0.14380226731300355,0.04256789835556738,0.6540386259555817,0.043832187615451844
0.40330407653863615,0.6609665957749044,264.7,88.94369952661275,470.3,0.14380226731300355,0.04256789835556738,0.6540386259555817,0.043832187615451844
0.4196681125232807,0.6609665957749044,264.7,88.94369952661275,470.3,0.14380226731300355,0.04256789835556738,0.6540386259555817,0.043832187615451844
0.4360321485079252,0.6609665957749044,264.7,88.94369952661275,470.3,0.14380226731300355,0.04256789835556738,0.6540386259555817,0.043832187615451844
0.45239618449256974,0.6609665957749044,263.8,88.32448369562444,471.2,0.1433061897754669,0.0417522911106951,0.6551595032215118,0.043973899967013085
0.4687602204772143,0.6609665957749044,263.2,87.93544144828049,471.8,0.1429571270942688,0.04118703989532976,0.6558368384838105,0.04412999081207103
0.4851242564618588,0.6609665957749044,263.2,87.93544144828049,471.8,0.1429571270942688,0.04118703989532976,0.6558368384838105,0.04412999081207103
0.5014882924465034,0.6609665957749044,262.3,87.30028287934343,472.7,0.14261277318000792,0.04105491733175623,0.65693359375,0.04426287983422261
0.5178523284311478,0.6609665957749044,248.5,78.95274188162246,486.5,0.1414058804512024,0.0411181230855963,0.6660952687263488,0.045859826493104466
0.5342163644157923,0.6609665957749044,242.9,75.85365996881717,492.1,0.13803952932357788,0.03723396341468174,0.6696582913398743,0.046939150163863
0.5505804004004369,0.6609665957749044,231.7,70.85047503609687,503.3,0.13910688161849977,0.04275417271797513,0.6748831987380981,0.048654008592800814
0.5669444363850814,0.6609665957749044,216.2,61.217537705861936,518.8,0.13618841171264648,0.033069576843752405,0.681030523777008,0.045169188798597014
0.5833084723697259,0.6609665957749044,180.0,62.34877960612484,555.0,0.14200543761253356,0.039865753956047946,0.6880452275276184,0.04452465379185415
0.5996725083543705,0.6609665957749044,129.0,65.1249863601514,606.0,0.08666551113128662,0.049690306380600104,0.6979965269565582,0.04003508233526334
0.616036544339015,0.6609665957749044,94.8,57.28297321268525,640.2,0.08341652750968934,0.04905619026521123,0.7022870421409607,0.034249969993472164
0.6324005803236595,0.6609665957749044,35.3,40.18476695520093,699.7,-2.598797690868378,6.02796057818721,0.7061243176460266,0.028852960053043355
0.6487646163083041,0.6609665957749044,10.2,16.301489524869044,724.8,0.017800194025039674,0.03998509559765907,0.7072868347167969,0.027333164138013847
0.6651286522929486,0.6609665957749044,0.0,0.0,735.0,0.0,0.0,0.7072641313076019,0.027353984766313368
0.6814926882775931,0.6609665957749044,0.0,0.0,735.0,0.0,0.0,0.7072641313076019,0.027353984766313368
0.6978567242622375,0.6609665957749044,0.0,0.0,735.0,0.0,0.0,0.7072641313076019,0.027353984766313368
0.05965932086110115,0.6843321287019661,315.5,77.30508154800908,419.5,0.14414778351783752,0.0439759293895648,0.640106838941574,0.04290549591365434
0.07602335684574568,0.6843321287019661,315.5,77.30508154800908,419.5,0.14414778351783752,0.0439759293895648,0.640106838941574,0.04290549591365434
0.0923873928303902,0.6843321287019661,315.5,77.30508154800908,419.5,0.14414778351783752,0.0439759293895648,0.640106838941574,0.04290549591365434
0.10875142881503472,0.6843321287019661,315.5,77.30508154800908,419.5,0.14414778351783752,0.0439759293895648,0.640106838941574,0.04290549591365434
0.12511546479967925,0.6843321287019661,315.5,77.30508154800908,419.5,0.14414778351783752,0.0439759293895648,0.640106838941574,0.04290549591365434
0.14147950078432378,0.6843321287019661,315.5,77.30508154800908,419.5,0.14414778351783752,0.0439759293895648,0.640106838941574,0.04290549591365434
0.15784353676896828,0.6843321287019661,315.5,77.30508154800908,419.5,0.14414778351783752,0.0439759293895648,0.640106838941574,0.04290549591365434
0.17420757275361282,0.6843321287019661,315.5,77.30508154800908,419.5,0.14414778351783752,0.0439759293895648,0.640106838941574,0.04290549591365434
0.19057160873825735,0.6843321287019661,315.5,77.30508154800908,419.5,0.14414778351783752,0.0439759293895648,0.640106838941574,0.04290549591365434
0.20693564472290188,0.6843321287019661,315.5,77.30508154800908,419.5,0.14414778351783752,0.0439759293895648,0.640106838941574,0.04290549591365434
0.2232996807075464,0.6843321287019661,315.5,77.30508154800908,419.5,0.14414778351783752,0.0439759293895648,0.640106838941574,0.04290549591365434
0.23966371669219091,0.6843321287019661,315.5,77.30508154800908,419.5,0.14414778351783752,0.0439759293895648,0.640106838941574,0.04290549591365434
0.2560277526768354,0.6843321287019661,315.5,77.30508154800908,419.5,0.14414778351783752,0.0439759293895648,0.640106838941574,0.04290549591365434
0.27239178866147995,0.6843321287019661,315.5,77.30508154800908,419.5,0.14414778351783752,0.0439759293895648,0.640106838941574,0.04290549591365434
0.2887558246461245,0.6843321287019661,315.5,77.30508154800908,419.5,0.14414778351783752,0.0439759293895648,0.640106838941574,0.04290549591365434
0.305119860630769,0.6843321287019661,315.5,77.30508154800908,419.5,0.14414778351783752,0.0439759293895648,0.640106838941574,0.04290549591365434
0.32148389661541354,0.6843321287019661,315.5,77.30508154800908,419.5,0.14414778351783752,0.0439759293895648,0.640106838941574,0.04290549591365434
0.3378479326000581,0.6843321287019661,315.5,77.30508154800908,419.5,0.14414778351783752,0.0439759293895648,0.640106838941574,0.04290549591365434
0.3542119685847026,0.6843321287019661,315.5,77.30508154800908,419.5,0.14414778351783752,0.0439759293895648,0.640106838941574,0.04290549591365434
0.37057600456934714,0.6843321287019661,315.5,77.30508154800908,419.5,0.14414778351783752,0.0439759293895648,0.640106838941574,0.04290549591365434
0.38694004055399167,0.6843321287019661,315.5,77.30508154800908,419.5,0.14414778351783752,0.0439759293895648,0.640106838941574,0.04290549591365434
0.40330407653863615,0.6843321287019661,315.5,77.30508154800908,419.5,0.14414778351783752,0.0439759293895648,0.640106838941574,0.04290549591365434
0.4196681125232807,0.6843321287019661,315.5,77.30508154800908,419.5,0.14414778351783752,0.0439759293895648,0.640106838941574,0.04290549591365434
0.4360321485079252,0.6843321287019661,315.5,77.30508154800908,419.5,0.14414778351783752,0.0439759293895648,0.640106838941574,0.04290549591365434
0.45239618449256974,0.6843321287019661,314.6,76.85062812229405,420.4,0.1436576545238495,0.043137091480811594,0.6413527607917786,0.04316193723728546
0.4687602204772143,0.6843321287019661,314.0,76.57623827760699,421.0,0.14331340193748474,0.04255530143911188,0.6421012222766876,0.04340334594580074
0.4851242564618588,0.6843321287019661,314.0,76.57623827760699,421.0,0.14331340193748474,0.04255530143911188,0.6421012222766876,0.04340334594580074
0.5014882924465034,0.6843321287019661,313.1,76.07222672471238,421.9,0.14297758936882018,0.04240415524466555,0.643394660949707,0.04362759203784425
0.5178523284311478,0.6843321287019661,298.8,69.4283678041076,436.2,0.14104963541030885,0.04174263152980913,0.6547216951847077,0.04650211000316492
0.5342163644157923,0.6843321287019661,292.5,67.48094822213125,442.5,0.13678653836250304,0.036218086114631044,0.658665555715561,0.048058311508262765
0.5505804004004369,0.6843321287019661,280.4,65.56978726169913,454.6,0.14167168736457825,0.0403515141875118,0.664823466539383,0.049897303907696595
0.5669444363850814,0.6843321287019661,263.5,57.8670728741511,471.5,0.13636445999145508,0.03042555488199068,0.6730837821960449,0.046332210715673054
0.5833084723697259,0.6843321287019661,222.3,65.40555826969666,512.7,0.13715035915374757,0.03830962457240044,0.6835963129997253,0.04664167475606857
0.5996725083543705,0.6843321287019661,168.1,76.99790616420385,566.9,0.08197926282882691,0.04488455210645201,0.694579404592514,0.04071280812612655
0.616036544339015,0.6843321287019661,130.9,73.18151262698049,604.1,0.07601826190948487,0.045191116235940104,0.7012371242046356,0.03436437240377265
0.6324005803236595,0.6843321287019661,62.8,51.67960628305184,672.2,0.07192203402519226,0.0622178813838963,0.7042623996734619,0.030548834582844332
0.6487646163083041,0.6843321287019661,33.0,36.56959731384552,702.0,0.011577790975570679,0.044571504594561884,0.7066429853439331,0.02849091857435022
0.6651286522929486,0.6843321287019661,11.1,15.677944188083147,723.9,-0.024948030710220337,0.07094035103737556,0.7068641960620881,0.02739866817407239
0.6814926882775931,0.6843321287019661,0.0,0.0,735.0,0.0,0.0,0.7072641313076019,0.027353984766313368
0.6978567242622375,0.6843321287019661,0.0,0.0,735.0,0.0,0.0,0.7072641313076019,0.027353984766313368
0.05965932086110115,0.707697661629028,356.8,67.24253446460132,378.2,0.15247456431388856,0.029772565660654483,0.61677485704422,0.048930113255822826
0.07602335684574568,0.707697661629028,356.8,67.24253446460132,378.2,0.15247456431388856,0.029772565660654483,0.61677485704422,0.048930113255822826
0.0923873928303902,0.707697661629028,356.8,67.24253446460132,378.2,0.15247456431388856,0.029772565660654483,0.61677485704422,0.048930113255822826
0.10875142881503472,0.707697661629028,356.8,67.24253446460132,378.2,0.15247456431388856,0.029772565660654483,0.61677485704422,0.048930113255822826
0.12511546479967925,0.707697661629028,356.8,67.24253446460132,378.2,0.15247456431388856,0.029772565660654483,0.61677485704422,0.048930113255822826
0.14147950078432378,0.707697661629028,356.8,67.24253446460132,378.2,0.15247456431388856,0.029772565660654483,0.61677485704422,0.048930113255822826
0.15784353676896828,0.707697661629028,356.8,67.24253446460132,378.2,0.15247456431388856,0.029772565660654483,0.61677485704422,0.048930113255822826
0.17420757275361282,0.707697661629028,356.8,67.24253446460132,378.2,0.15247456431388856,0.029772565660654483,0.61677485704422,0.048930113255822826
0.19057160873825735,0.707697661629028,356.8,67.24253446460132,378.2,0.15247456431388856,0.029772565660654483,0.61677485704422,0.048930113255822826
0.20693564472290188,0.707697661629028,356.8,67.24253446460132,378.2,0.15247456431388856,0.029772565660654483,0.61677485704422,0.048930113255822826
0.2232996807075464,0.707697661629028,356.8,67.24253446460132,378.2,0.15247456431388856,0.029772565660654483,0.61677485704422,0.048930113255822826
0.23966371669219091,0.707697661629028,356.8,67.24253446460132,378.2,0.15247456431388856,0.029772565660654483,0.61677485704422,0.048930113255822826
0.2560277526768354,0.707697661629028,356.8,67.24253446460132,378.2,0.15247456431388856,0.029772565660654483,0.61677485704422,0.048930113255822826
0.27239178866147995,0.707697661629028,356.8,67.24253446460132,378.2,0.15247456431388856,0.029772565660654483,0.61677485704422,0.048930113255822826
0.2887558246461245,0.707697661629028,356.8,67.24253446460132,378.2,0.15247456431388856,0.029772565660654483,0.61677485704422,0.048930113255822826
0.305119860630769,0.707697661629028,356.8,67.24253446460132,378.2,0.15247456431388856,0.029772565660654483,0.61677485704422,0.048930113255822826
0.32148389661541354,0.707697661629028,356.8,67.24253446460132,378.2,0.15247456431388856,0.029772565660654483,0.61677485704422,0.048930113255822826
0.3378479326000581,0.707697661629028,356.8,67.24253446460132,378.2,0.15247456431388856,0.029772565660654483,0.61677485704422,0.048930113255822826
0.3542119685847026,0.707697661629028,356.8,67.24253446460132,378.2,0.15247456431388856,0.029772565660654483,0.61677485704422,0.048930113255822826
0.37057600456934714,0.707697661629028,356.8,67.24253446460132,378.2,0.15247456431388856,0.029772565660654483,0.61677485704422,0.048930113255822826
0.38694004055399167,0.707697661629028,356.8,67.24253446460132,378.2,0.15247456431388856,0.029772565660654483,0.61677485704422,0.048930113255822826
0.40330407653863615,0.707697661629028,356.8,67.24253446460132,378.2,0.15247456431388856,0.029772565660654483,0.61677485704422,0.048930113255822826
0.4196681125232807,0.707697661629028,356.8,67.24253446460132,378.2,0.15247456431388856,0.029772565660654483,0.61677485704422,0.048930113255822826
0.4360321485079252,0.707697661629028,356.8,67.24253446460132,378.2,0.15247456431388856,0.029772565660654483,0.61677485704422,0.048930113255822826
0.45239618449256974,0.707697661629028,355.9,66.89804724584376,379.1,0.1519611060619354,0.029011029747906047,0.6181574881076812,0.0495919154083835
0.4687602204772143,0.707697661629028,355.3,66.70193301214253,379.7,0.15160269737243653,0.028495457665241978,0.6189806461334229,0.05007462624074023
0.4851242564618588,0.707697661629028,355.3,66.70193301214253,379.7,0.15160269737243653,0.028495457665241978,0.6189806461334229,0.05007462624074023
0.5014882924465034,0.707697661629028,353.1,65.96165657858458,381.9,0.1518267273902893,0.029213251878577887,0.6210611820220947,0.05028728661696042
0.5178523284311478,0.707697661629028,338.3,60.0597401485429,396.7,0.15427232384681702,0.03605522483454326,0.6359958291053772,0.050896681752853876
0.5342163644157923,0.707697661629028,332.0,59.59685853668569,403.0,0.15005709528923034,0.030505518006471638,0.6404073715209961,0.05275391722136978
0.5505804004004369,0.707697661629028,317.4,61.41635186584231,417.6,0.15230990052223206,0.03609000754511088,0.6474557399749756,0.05488050591703105
0.5669444363850814,0.707697661629028,297.3,57.00760727003094,437.7,0.15013909935951233,0.024557855347378883,0.6586540043354034,0.05271941286206777
0.5833084723697259,0.707697661629028,253.9,72.82557385337795,481.1,0.1487496614456177,0.032270749769462745,0.6717377007007599,0.051037822259479
0.5996725083543705,0.707697661629028,193.5,85.16336567733985,541.5,0.08245053887367249,0.04107178967560809,0.6887905836105347,0.0413953470134677
0.616036544339015,0.707697661629028,156.0,85.43250493814728,579.0,0.07772835493087768,0.04232356248814814,0.6966374456882477,0.03505658102260207
0.6324005803236595,0.707697661629028,87.9,70.89411912476373,647.1,0.07262583374977112,0.05660789017416629,0.7023680984973908,0.030304114195794592
0.6487646163083041,0.707697661629028,58.1,60.92206659258142,676.9,0.027114236354827882,0.0477948525193785,0.7054309546947479,0.02851529718880826
0.6651286522929486,0.707697661629028,27.9,35.90817738302679,707.1,0.004218840599060058,0.03150447852839251,0.7071390151977539,0.027881358846588454
0.6814926882775931,0.707697661629028,15.8,20.470265596998722,719.2,0.014197176694869995,0.018920109909996256,0.7070277810096741,0.028251800913312523
0.6978567242622375,0.707697661629028,0.0,0.0,735.0,0.0,0.0,0.7072641313076019,0.027353984766313368
0.05965932086110115,0.7310631945560899,390.6,41.03763424580531,344.4,0.18636201024055482,0.03753126242611154,0.6068380951881409,0.05181104780277981
0.07602335684574568,0.7310631945560899,390.6,41.03763424580531,344.4,0.18636201024055482,0.03753126242611154,0.6068380951881409,0.05181104780277981
0.0923873928303902,0.7310631945560899,390.6,41.03763424580531,344.4,0.18636201024055482,0.03753126242611154,0.6068380951881409,0.05181104780277981
0.10875142881503472,0.7310631945560899,390.6,41.03763424580531,344.4,0.18636201024055482,0.03753126242611154,0.6068380951881409,0.05181104780277981
0.12511546479967925,0.7310631945560899,390.6,41.03763424580531,344.4,0.18636201024055482,0.03753126242611154,0.6068380951881409,0.05181104780277981
0.14147950078432378,0.7310631945560899,390.6,41.03763424580531,344.4,0.18636201024055482,0.03753126242611154,0.6068380951881409,0.05181104780277981
0.15784353676896828,0.7310631945560899,390.6,41.03763424580531,344.4,0.18636201024055482,0.03753126242611154,0.6068380951881409,0.05181104780277981
0.17420757275361282,0.7310631945560899,390.6,41.03763424580531,344.4,0.18636201024055482,0.03753126242611154,0.6068380951881409,0.05181104780277981
0.19057160873825735,0.7310631945560899,390.6,41.03763424580531,344.4,0.18636201024055482,0.03753126242611154,0.6068380951881409,0.05181104780277981
0.20693564472290188,0.7310631945560899,390.6,41.03763424580531,344.4,0.18636201024055482,0.03753126242611154,0.6068380951881409,0.05181104780277981
0.2232996807075464,0.7310631945560899,390.6,41.03763424580531,344.4,0.18636201024055482,0.03753126242611154,0.6068380951881409,0.05181104780277981
0.23966371669219091,0.7310631945560899,390.6,41.03763424580531,344.4,0.18636201024055482,0.03753126242611154,0.6068380951881409,0.05181104780277981
0.2560277526768354,0.7310631945560899,390.6,41.03763424580531,344.4,0.18636201024055482,0.03753126242611154,0.6068380951881409,0.05181104780277981
0.27239178866147995,0.7310631945560899,390.6,41.03763424580531,344.4,0.18636201024055482,0.03753126242611154,0.6068380951881409,0.05181104780277981
0.2887558246461245,0.7310631945560899,390.6,41.03763424580531,344.4,0.18636201024055482,0.03753126242611154,0.6068380951881409,0.05181104780277981
0.305119860630769,0.7310631945560899,390.6,41.03763424580531,344.4,0.18636201024055482,0.03753126242611154,0.6068380951881409,0.05181104780277981
0.32148389661541354,0.7310631945560899,390.6,41.03763424580531,344.4,0.18636201024055482,0.03753126242611154,0.6068380951881409,0.05181104780277981
0.3378479326000581,0.7310631945560899,390.6,41.03763424580531,344.4,0.18636201024055482,0.03753126242611154,0.6068380951881409,0.05181104780277981
0.3542119685847026,0.7310631945560899,390.6,41.03763424580531,344.4,0.18636201024055482,0.03753126242611154,0.6068380951881409,0.05181104780277981
0.37057600456934714,0.7310631945560899,390.6,41.03763424580531,344.4,0.18636201024055482,0.03753126242611154,0.6068380951881409,0.05181104780277981
0.38694004055399167,0.7310631945560899,390.6,41.03763424580531,344.4,0.18636201024055482,0.03753126242611154,0.6068380951881409,0.05181104780277981
0.40330407653863615,0.7310631945560899,390.6,41.03763424580531,344.4,0.18636201024055482,0.03753126242611154,0.6068380951881409,0.05181104780277981
0.4196681125232807,0.7310631945560899,390.6,41.03763424580531,344.4,0.18636201024055482,0.03753126242611154,0.6068380951881409,0.05181104780277981
0.4360321485079252,0.7310631945560899,390.6,41.03763424580531,344.4,0.18636201024055482,0.03753126242611154,0.6068380951881409,0.05181104780277981
0.45239618449256974,0.7310631945560899,389.7,40.8207080112569,345.3,0.1858616590499878,0.03694376424889027,0.6082717716693878,0.052573511049642224
0.4687602204772143,0.7310631945560899,389.1,40.73202271062251,345.9,0.1855124294757843,0.03654888696237293,0.6091230571269989,0.0531148428918487
0.4851242564618588,0.7310631945560899,388.8,40.704583227639205,346.2,0.18373176455497742,0.03474562049257349,0.6091916620731354,0.05316126625471409
0.5014882924465034,0.7310631945560899,386.3,40.4330315380754,348.7,0.18230238556861877,0.03390096636242547,0.6116007804870606,0.053215756247108705
0.5178523284311478,0.7310631945560899,371.3,36.64267903248358,363.7,0.18346067667007446,0.039662979992890354,0.6284848093986511,0.05206352058439837
0.5342163644157923,0.7310631945560899,364.8,38.79934776338417,370.2,0.1796373963356018,0.036315785495360714,0.6331285655498504,0.05398147103104842
0.5505804004004369,0.7310631945560899,347.6,46.07895620584452,387.4,0.1811003029346466,0.040716024959943066,0.6399143457412719,0.05607284176827675
0.5669444363850814,0.7310631945560899,326.2,45.823559478559176,408.8,0.1729361295700073,0.02866407147461416,0.6520940780639648,0.054631866295857326
0.5833084723697259,0.7310631945560899,280.0,72.62820282341136,455.0,0.1665139377117157,0.03306339753227081,0.6643112778663636,0.05412717378849301
0.5996725083543705,0.7310631945560899,219.6,93.2627161724317,515.4,0.099793940782547,0.054298707781113564,0.68372083902359,0.04350891630110174
0.616036544339015,0.7310631945560899,182.1,98.54022266280577,552.9,0.0947834610939026,0.055508372471090174,0.6922004282474518,0.037635922864209415
0.6324005803236595,0.7310631945560899,114.0,89.44854078210943,621.0,0.09312562346458435,0.06266527029550567,0.7016007840633393,0.030294379711314025
0.6487646163083041,0.7310631945560899,82.4,81.54245956597235,652.6,0.05960063934326172,0.059057569121018144,0.7053733766078949,0.028226478266975105
0.6651286522929486,0.7310631945560899,51.9,65.05549555500936,683.1,0.03671908974647522,0.047574830975925596,0.7082810401916504,0.027134906650530134
0.6814926882775931,0.7310631945560899,37.4,50.38875739103871,697.6,0.04644703269004822,0.0617254193448289,0.7089416861534119,0.027420425612680332
0.6978567242622375,0.7310631945560899,0.1,0.2262157162854099,734.9,0.0,0.0,0.7072571635246276,0.027356304090178446
0.05965932086110115,0.7544287274831517,415.5,33.63149729434795,319.5,0.22048799991607665,0.045640700446401505,0.5986765146255493,0.05293807839687786
0.07602335684574568,0.7544287274831517,415.5,33.63149729434795,319.5,0.22048799991607665,0.045640700446401505,0.5986765146255493,0.05293807839687786
0.0923873928303902,0.7544287274831517,415.5,33.63149729434795,319.5,0.22048799991607665,0.045640700446401505,0.5986765146255493,0.05293807839687786
0.10875142881503472,0.7544287274831517,415.5,33.63149729434795,319.5,0.22048799991607665,0.045640700446401505,0.5986765146255493,0.05293807839687786
0.12511546479967925,0.7544287274831517,415.5,33.63149729434795,319.5,0.22048799991607665,0.045640700446401505,0.5986765146255493,0.05293807839687786
0.14147950078432378,0.7544287274831517,415.5,33.63149729434795,319.5,0.22048799991607665,0.045640700446401505,0.5986765146255493,0.05293807839687786
0.15784353676896828,0.7544287274831517,415.5,33.63149729434795,319.5,0.22048799991607665,0.045640700446401505,0.5986765146255493,0.05293807839687786
0.17420757275361282,0.7544287274831517,415.5,33.63149729434795,319.5,0.22048799991607665,0.045640700446401505,0.5986765146255493,0.05293807839687786
0.19057160873825735,0.7544287274831517,415.5,33.63149729434795,319.5,0.22048799991607665,0.045640700446401505,0.5986765146255493,0.05293807839687786
0.20693564472290188,0.7544287274831517,415.5,33.63149729434795,319.5,0.22048799991607665,0.045640700446401505,0.5986765146255493,0.05293807839687786
0.2232996807075464,0.7544287274831517,415.5,33.63149729434795,319.5,0.22048799991607665,0.045640700446401505,0.5986765146255493,0.05293807839687786
0.23966371669219091,0.7544287274831517,415.5,33.63149729434795,319.5,0.22048799991607665,0.045640700446401505,0.5986765146255493,0.05293807839687786
0.2560277526768354,0.7544287274831517,415.5,33.63149729434795,319.5,0.22048799991607665,0.045640700446401505,0.5986765146255493,0.05293807839687786
0.27239178866147995,0.7544287274831517,415.5,33.63149729434795,319.5,0.22048799991607665,0.045640700446401505,0.5986765146255493,0.05293807839687786
0.2887558246461245,0.7544287274831517,415.5,33.63149729434795,319.5,0.22048799991607665,0.045640700446401505,0.5986765146255493,0.05293807839687786
0.305119860630769,0.7544287274831517,415.5,33.63149729434795,319.5,0.22048799991607665,0.045640700446401505,0.5986765146255493,0.05293807839687786
0.32148389661541354,0.7544287274831517,415.5,33.63149729434795,319.5,0.22048799991607665,0.045640700446401505,0.5986765146255493,0.05293807839687786
0.3378479326000581,0.7544287274831517,415.5,33.63149729434795,319.5,0.22048799991607665,0.045640700446401505,0.5986765146255493,0.05293807839687786
0.3542119685847026,0.7544287274831517,415.5,33.63149729434795,319.5,0.22048799991607665,0.045640700446401505,0.5986765146255493,0.05293807839687786
0.37057600456934714,0.7544287274831517,415.5,33.63149729434795,319.5,0.22048799991607665,0.045640700446401505,0.5986765146255493,0.05293807839687786
0.38694004055399167,0.7544287274831517,415.5,33.63149729434795,319.5,0.22048799991607665,0.045640700446401505,0.5986765146255493,0.05293807839687786
0.40330407653863615,0.7544287274831517,415.5,33.63149729434795,319.5,0.22048799991607665,0.045640700446401505,0.5986765146255493,0.05293807839687786
0.4196681125232807,0.7544287274831517,415.5,33.63149729434795,319.5,0.22048799991607665,0.045640700446401505,0.5986765146255493,0.05293807839687786
0.4360321485079252,0.7544287274831517,415.5,33.63149729434795,319.5,0.22048799991607665,0.045640700446401505,0.5986765146255493,0.05293807839687786
0.45239618449256974,0.7544287274831517,414.6,33.395583289092684,320.4,0.21998712420463562,0.045221879359608426,0.6004296243190765,0.05373028883415462
0.4687602204772143,0.7544287274831517,411.7,33.476953824983006,323.3,0.21723414063453675,0.043378503592630256,0.6025643646717072,0.055066459175376545
0.4851242564618588,0.7544287274831517,411.4,33.55863536083608,323.6,0.21545347571372986,0.042630582874918534,0.6026329696178436,0.05511588073393831
0.5014882924465034,0.7544287274831517,408.7,33.87038477125025,326.3,0.21373096704483033,0.04260584095049025,0.6054653048515319,0.05534943491718
0.5178523284311478,0.7544287274831517,390.9,31.956967932324652,344.1,0.20139402151107788,0.05006231038422559,0.6247486114501953,0.05476279904536647
0.5342163644157923,0.7544287274831517,382.9,35.41389999375986,352.1,0.19485825300216675,0.049798315229661536,0.6276435077190399,0.05536810290352489
0.5505804004004369,0.7544287274831517,364.8,46.6950251606002,370.2,0.19657534956932068,0.05294051262046763,0.6353071630001068,0.05701721645619776
0.5669444363850814,0.7544287274831517,342.2,49.85170304516307,392.8,0.18363882899284362,0.040154760728934785,0.6478669345378876,0.055810212044728615
0.5833084723697259,0.7544287274831517,296.0,80.4620185321052,439.0,0.1772171974182129,0.044024804900094375,0.6603951096534729,0.05562761685648464
0.5996725083543705,0.7544287274831517,235.6,103.21277812417854,499.4,0.11042076349258423,0.06584352540915156,0.6817641794681549,0.04630243155261827
0.616036544339015,0.7544287274831517,197.9,110.31580262859,537.1,0.1047544002532959,0.06682645646921359,0.6906948685646057,0.04137612682891807
0.6324005803236595,0.7544287274831517,127.7,101.5073552913853,607.3,0.0937045931816101,0.06587193804612704,0.701917976140976,0.03185331713770293
0.6487646163083041,0.7544287274831517,96.1,94.31772748931417,638.9,0.059706580638885495,0.0632139333981906,0.7064497470855713,0.03009317142823568
0.6651286522929486,0.7544287274831517,63.1,76.88705810195476,671.9,0.036568814516067506,0.052134973700294046,0.710513174533844,0.028512694902376273
0.6814926882775931,0.7544287274831517,45.1,59.600149982982295,689.9,0.033642953634262084,0.04338477192826667,0.7102819919586182,0.02714912773351531
0.6978567242622375,0.7544287274831517,0.1,0.2262157162854099,734.9,0.0,0.0,0.7072571635246276,0.027356304090178446
0.05965932086110115,0.7777942604102135,436.3,29.122534107306464,298.7,0.24704309701919555,0.04492754782957921,0.5828115224838257,0.05749597304501272
0.07602335684574568,0.7777942604102135,436.3,29.122534107306464,298.7,0.24704309701919555,0.04492754782957921,0.5828115224838257,0.05749597304501272
0.0923873928303902,0.7777942604102135,436.3,29.122534107306464,298.7,0.24704309701919555,0.04492754782957921,0.5828115224838257,0.05749597304501272
0.10875142881503472,0.7777942604102135,436.3,29.122534107306464,298.7,0.24704309701919555,0.04492754782957921,0.5828115224838257,0.05749597304501272
0.12511546479967925,0.7777942604102135,436.3,29.122534107306464,298.7,0.24704309701919555,0.04492754782957921,0.5828115224838257,0.05749597304501272
0.14147950078432378,0.7777942604102135,436.3,29.122534107306464,298.7,0.24704309701919555,0.04492754782957921,0.5828115224838257,0.05749597304501272
0.15784353676896828,0.7777942604102135,436.3,29.122534107306464,298.7,0.24704309701919555,0.04492754782957921,0.5828115224838257,0.05749597304501272
0.17420757275361282,0.7777942604102135,436.3,29.122534107306464,298.7,0.24704309701919555,0.04492754782957921,0.5828115224838257,0.05749597304501272
0.19057160873825735,0.7777942604102135,436.3,29.122534107306464,298.7,0.24704309701919555,0.04492754782957921,0.5828115224838257,0.05749597304501272
0.20693564472290188,0.7777942604102135,436.3,29.122534107306464,298.7,0.24704309701919555,0.04492754782957921,0.5828115224838257,0.05749597304501272
0.2232996807075464,0.7777942604102135,436.3,29.122534107306464,298.7,0.24704309701919555,0.04492754782957921,0.5828115224838257,0.05749597304501272
0.23966371669219091,0.7777942604102135,436.3,29.122534107306464,298.7,0.24704309701919555,0.04492754782957921,0.5828115224838257,0.05749597304501272
0.2560277526768354,0.7777942604102135,436.3,29.122534107306464,298.7,0.24704309701919555,0.04492754782957921,0.5828115224838257,0.05749597304501272
0.27239178866147995,0.7777942604102135,436.3,29.122534107306464,298.7,0.24704309701919555,0.04492754782957921,0.5828115224838257,0.05749597304501272
0.2887558246461245,0.7777942604102135,436.3,29.122534107306464,298.7,0.24704309701919555,0.04492754782957921,0.5828115224838257,0.05749597304501272
0.305119860630769,0.7777942604102135,436.3,29.122534107306464,298.7,0.24704309701919555,0.04492754782957921,0.5828115224838257,0.05749597304501272
0.32148389661541354,0.7777942604102135,436.3,29.122534107306464,298.7,0.24704309701919555,0.04492754782957921,0.5828115224838257,0.05749597304501272
0.3378479326000581,0.7777942604102135,436.3,29.122534107306464,298.7,0.24704309701919555,0.04492754782957921,0.5828115224838257,0.05749597304501272
0.3542119685847026,0.7777942604102135,436.3,29.122534107306464,298.7,0.24704309701919555,0.04492754782957921,0.5828115224838257,0.05749597304501272
0.37057600456934714,0.7777942604102135,436.3,29.122534107306464,298.7,0.24704309701919555,0.04492754782957921,0.5828115224838257,0.05749597304501272
0.38694004055399167,0.7777942604102135,436.3,29.122534107306464,298.7,0.24704309701919555,0.04492754782957921,0.5828115224838257,0.05749597304501272
0.40330407653863615,0.7777942604102135,436.3,29.122534107306464,298.7,0.24704309701919555,0.04492754782957921,0.5828115224838257,0.05749597304501272
0.4196681125232807,0.7777942604102135,436.3,29.122534107306464,298.7,0.24704309701919555,0.04492754782957921,0.5828115224838257,0.05749597304501272
0.4360321485079252,0.7777942604102135,434.5,28.783178238654127,300.5,0.24843944907188414,0.04583979259914715,0.5838564276695252,0.057980617999172646
0.45239618449256974,0.7777942604102135,433.5,28.842380614952145,301.5,0.24620710015296937,0.04447989568942718,0.5853612959384918,0.05883866509643996
0.4687602204772143,0.7777942604102135,430.6,29.994228744507023,304.4,0.24345411658287047,0.043557126779218684,0.5874960362911225,0.060365051590484255
0.4851242564618588,0.7777942604102135,430.0,29.957809552189314,305.0,0.24172893762588502,0.04342659080305607,0.5882778763771057,0.06113148277811752
0.5014882924465034,0.7777942604102135,425.9,30.388311221006735,309.1,0.23872365951538085,0.04467082066920322,0.5927530705928803,0.0612384617485132
0.5178523284311478,0.7777942604102135,407.1,33.61154156018451,327.9,0.22290215492248536,0.055634261136962945,0.6119654953479767,0.06335336103688816
0.5342163644157923,0.7777942604102135,398.3,38.3516263073057,336.7,0.21614474654197693,0.05644549985926768,0.6159581124782563,0.06318665011363787
0.5505804004004369,0.7777942604102135,376.3,49.46612399443402,358.7,0.22062467336654662,0.0606738385724375,0.6291497766971588,0.06007699518716791
0.5669444363850814,0.7777942604102135,353.7,55.201630659680525,381.3,0.20768815279006958,0.05333683532173053,0.6417095482349395,0.05967417491077084
0.5833084723697259,0.7777942604102135,307.5,87.29650520272611,427.5,0.20126150250434877,0.0577086452400282,0.6547758877277374,0.059270957037920576
0.5996725083543705,0.7777942604102135,246.0,110.17528564910421,489.0,0.13315757513046264,0.084773809614477,0.6796291172504425,0.048802209581104324
0.616036544339015,0.7777942604102135,207.5,117.93883158147813,527.5,0.12652381062507628,0.08549033437892631,0.6887255370616913,0.044205455230689285
0.6324005803236595,0.7777942604102135,137.1,109.70539717724498,597.9,0.11709349751472473,0.08466591709244521,0.7025542557239532,0.03310082905657176
0.6487646163083041,0.7777942604102135,103.0,99.63825809465831,632.0,0.07526617646217346,0.07366187632718547,0.7062461256980896,0.031162657576391705
0.6651286522929486,0.7777942604102135,68.9,82.39170588487349,666.1,0.04911921620368957,0.0600141534176327,0.7100013077259064,0.02884295232590158
0.6814926882775931,0.7777942604102135,46.8,62.66878539435226,688.2,0.03882197737693786,0.04578096896955012,0.7100659489631653,0.027263837547256378
0.6978567242622375,0.7777942604102135,0.1,0.2262157162854099,734.9,0.0,0.0,0.7072571635246276,0.027356304090178446
0.05965932086110115,0.8011597933372754,454.6,23.817076207308347,280.4,0.27563870549201963,0.04783875564056182,0.5654735505580902,0.05939316768449868
0.07602335684574568,0.8011597933372754,454.6,23.817076207308347,280.4,0.27563870549201963,0.04783875564056182,0.5654735505580902,0.05939316768449868
0.0923873928303902,0.8011597933372754,454.6,23.817076207308347,280.4,0.27563870549201963,0.04783875564056182,0.5654735505580902,0.05939316768449868
0.10875142881503472,0.8011597933372754,454.6,23.817076207308347,280.4,0.27563870549201963,0.04783875564056182,0.5654735505580902,0.05939316768449868
0.12511546479967925,0.8011597933372754,454.6,23.817076207308347,280.4,0.27563870549201963,0.04783875564056182,0.5654735505580902,0.05939316768449868
0.14147950078432378,0.8011597933372754,454.6,23.817076207308347,280.4,0.27563870549201963,0.04783875564056182,0.5654735505580902,0.05939316768449868
0.15784353676896828,0.8011597933372754,454.6,23.817076207308347,280.4,0.27563870549201963,0.04783875564056182,0.5654735505580902,0.05939316768449868
0.17420757275361282,0.8011597933372754,454.6,23.817076207308347,280.4,0.27563870549201963,0.04783875564056182,0.5654735505580902,0.05939316768449868
0.19057160873825735,0.8011597933372754,454.6,23.817076207308347,280.4,0.27563870549201963,0.04783875564056182,0.5654735505580902,0.05939316768449868
0.20693564472290188,0.8011597933372754,454.6,23.817076207308347,280.4,0.27563870549201963,0.04783875564056182,0.5654735505580902,0.05939316768449868
0.2232996807075464,0.8011597933372754,454.6,23.817076207308347,280.4,0.27563870549201963,0.04783875564056182,0.5654735505580902,0.05939316768449868
0.23966371669219091,0.8011597933372754,454.6,23.817076207308347,280.4,0.27563870549201963,0.04783875564056182,0.5654735505580902,0.05939316768449868
0.2560277526768354,0.8011597933372754,454.6,23.817076207308347,280.4,0.27563870549201963,0.04783875564056182,0.5654735505580902,0.05939316768449868
0.27239178866147995,0.8011597933372754,454.6,23.817076207308347,280.4,0.27563870549201963,0.04783875564056182,0.5654735505580902,0.05939316768449868
0.2887558246461245,0.8011597933372754,454.6,23.817076207308347,280.4,0.27563870549201963,0.04783875564056182,0.5654735505580902,0.05939316768449868
0.305119860630769,0.8011597933372754,454.6,23.817076207308347,280.4,0.27563870549201963,0.04783875564056182,0.5654735505580902,0.05939316768449868
0.32148389661541354,0.8011597933372754,454.6,23.817076207308347,280.4,0.27563870549201963,0.04783875564056182,0.5654735505580902,0.05939316768449868
0.3378479326000581,0.8011597933372754,454.6,23.817076207308347,280.4,0.27563870549201963,0.04783875564056182,0.5654735505580902,0.05939316768449868
0.3542119685847026,0.8011597933372754,454.6,23.817076207308347,280.4,0.27563870549201963,0.04783875564056182,0.5654735505580902,0.05939316768449868
0.37057600456934714,0.8011597933372754,454.6,23.817076207308347,280.4,0.27563870549201963,0.04783875564056182,0.5654735505580902,0.05939316768449868
0.38694004055399167,0.8011597933372754,454.6,23.817076207308347,280.4,0.27563870549201963,0.04783875564056182,0.5654735505580902,0.05939316768449868
0.40330407653863615,0.8011597933372754,454.6,23.817076207308347,280.4,0.27563870549201963,0.04783875564056182,0.5654735505580902,0.05939316768449868
0.4196681125232807,0.8011597933372754,454.3,23.759351952419227,280.7,0.27295616269111633,0.04549946472207921,0.5657126486301423,0.059515652662460755
0.4360321485079252,0.8011597933372754,451.8,24.030029994225472,283.2,0.27039695382118223,0.04393794218099248,0.5672429144382477,0.06040847667379164
0.45239618449256974,0.8011597933372754,450.8,24.50565850280783,284.2,0.26816460490226746,0.043167797336168316,0.5687477827072144,0.06146422990237326
0.4687602204772143,0.8011597933372754,446.4,25.589387440278667,288.6,0.2641694247722626,0.04314985554844715,0.5725061357021332,0.06471299789181512
0.4851242564618588,0.8011597933372754,443.8,24.463858171687818,291.2,0.2561912417411804,0.046588872433202415,0.5746480286121368,0.06643364606272707
0.5014882924465034,0.8011597933372754,437.8,25.255239671618853,297.2,0.2524768471717834,0.04984145133819567,0.5810598909854889,0.06507766186858899
0.5178523284311478,0.8011597933372754,418.0,32.28365903980546,317.0,0.23381192684173585,0.06036338417556999,0.6006538510322571,0.06858246889858045
0.5342163644157923,0.8011597933372754,409.2,38.63192230253903,325.8,0.22705451846122743,0.061793990545094796,0.6046464681625366,0.06880275012068161
0.5505804004004369,0.8011597933372754,387.2,52.356219945450434,347.8,0.2315344452857971,0.06525440492073706,0.6178381323814393,0.06723244639462775
0.5669444363850814,0.8011597933372754,363.7,59.35503623304573,371.3,0.21900961995124818,0.06012208560906863,0.6328324735164642,0.06614646182254641
0.5833084723697259,0.8011597933372754,317.2,92.55377970402606,417.8,0.2117907166481018,0.06410151562843602,0.6461734473705292,0.06623693715161223
0.5996725083543705,0.8011597933372754,255.7,116.77058165662342,479.3,0.14368696808815,0.09350300504596008,0.672621351480484,0.05732526492057572
0.616036544339015,0.8011597933372754,216.3,124.76823876509599,518.7,0.132388836145401,0.0875863658067974,0.6819762408733367,0.053589166295261996
0.6324005803236595,0.8011597933372754,144.8,115.93137964568622,590.2,0.12247838973999023,0.08580354769367213,0.6998568952083588,0.03651096712733465
0.6487646163083041,0.8011597933372754,110.7,106.73720086042911,624.3,0.08106345534324647,0.07675903849890525,0.7040840864181519,0.034163266448755863
0.6651286522929486,0.8011597933372754,72.7,86.65964903097623,662.3,0.05063599944114685,0.060829618951834134,0.7096911072731018,0.02918731703754055
0.6814926882775931,0.8011597933372754,46.8,62.66878539435226,688.2,0.03882197737693786,0.04578096896955012,0.7100659489631653,0.027263837547256378
0.6978567242622375,0.8011597933372754,0.1,0.2262157162854099,734.9,0.0,0.0,0.7072571635246276,0.027356304090178446
0.05965932086110115,0.8245253262643373,472.3,23.141055724232462,262.7,0.28408782482147216,0.04744977292384065,0.5534937381744385,0.054731373699117965
0.07602335684574568,0.8245253262643373,472.3,23.141055724232462,262.7,0.28408782482147216,0.04744977292384065,0.5534937381744385,0.054731373699117965
0.0923873928303902,0.8245253262643373,472.3,23.141055724232462,262.7,0.28408782482147216,0.04744977292384065,0.5534937381744385,0.054731373699117965
0.10875142881503472,0.8245253262643373,472.3,23.141055724232462,262.7,0.28408782482147216,0.04744977292384065,0.5534937381744385,0.054731373699117965
0.12511546479967925,0.8245253262643373,472.3,23.141055724232462,262.7,0.28408782482147216,0.04744977292384065,0.5534937381744385,0.054731373699117965
0.14147950078432378,0.8245253262643373,472.3,23.141055724232462,262.7,0.28408782482147216,0.04744977292384065,0.5534937381744385,0.054731373699117965
0.15784353676896828,0.8245253262643373,472.3,23.141055724232462,262.7,0.28408782482147216,0.04744977292384065,0.5534937381744385,0.054731373699117965
0.17420757275361282,0.8245253262643373,472.3,23.141055724232462,262.7,0.28408782482147216,0.04744977292384065,0.5534937381744385,0.054731373699117965
0.19057160873825735,0.8245253262643373,472.3,23.141055724232462,262.7,0.28408782482147216,0.04744977292384065,0.5534937381744385,0.054731373699117965
0.20693564472290188,0.8245253262643373,472.3,23.141055724232462,262.7,0.28408782482147216,0.04744977292384065,0.5534937381744385,0.054731373699117965
0.2232996807075464,0.8245253262643373,472.3,23.141055724232462,262.7,0.28408782482147216,0.04744977292384065,0.5534937381744385,0.054731373699117965
0.23966371669219091,0.8245253262643373,472.3,23.141055724232462,262.7,0.28408782482147216,0.04744977292384065,0.5534937381744385,0.054731373699117965
0.2560277526768354,0.8245253262643373,472.3,23.141055724232462,262.7,0.28408782482147216,0.04744977292384065,0.5534937381744385,0.054731373699117965
0.27239178866147995,0.8245253262643373,472.3,23.141055724232462,262.7,0.28408782482147216,0.04744977292384065,0.5534937381744385,0.054731373699117965
0.2887558246461245,0.8245253262643373,472.3,23.141055724232462,262.7,0.28408782482147216,0.04744977292384065,0.5534937381744385,0.054731373699117965
0.305119860630769,0.8245253262643373,472.3,23.141055724232462,262.7,0.28408782482147216,0.04744977292384065,0.5534937381744385,0.054731373699117965
0.32148389661541354,0.8245253262643373,472.3,23.141055724232462,262.7,0.28408782482147216,0.04744977292384065,0.5534937381744385,0.054731373699117965
0.3378479326000581,0.8245253262643373,472.3,23.141055724232462,262.7,0.28408782482147216,0.04744977292384065,0.5534937381744385,0.054731373699117965
0.3542119685847026,0.8245253262643373,472.3,23.141055724232462,262.7,0.28408782482147216,0.04744977292384065,0.5534937381744385,0.054731373699117965
0.37057600456934714,0.8245253262643373,472.3,23.141055724232462,262.7,0.28408782482147216,0.04744977292384065,0.5534937381744385,0.054731373699117965
0.38694004055399167,0.8245253262643373,472.3,23.141055724232462,262.7,0.28408782482147216,0.04744977292384065,0.5534937381744385,0.054731373699117965
0.40330407653863615,0.8245253262643373,472.2,23.157635097013898,262.8,0.2836426079273224,0.04702165110899421,0.5535308539867401,0.05475680254294074
0.4196681125232807,0.8245253262643373,471.8,23.245858713112998,263.2,0.2807362496852875,0.04468621750979561,0.5536001861095429,0.054804616435983215
0.4360321485079252,0.8245253262643373,469.1,24.334872302073638,265.9,0.27802284359931945,0.043533538683770856,0.5543074548244477,0.05544737532390591
0.45239618449256974,0.8245253262643373,463.9,22.280812628967304,271.1,0.27615268230438234,0.04257637787807945,0.564215463399887,0.06420036633150454
0.4687602204772143,0.8245253262643373,457.7,25.430801062336293,277.3,0.27327671051025393,0.043333945519560754,0.568725460767746,0.06886708624190913
0.4851242564618588,0.8245253262643373,453.9,24.16370259108593,281.1,0.2622808814048767,0.04697870063621013,0.5733075559139251,0.06800571939594359
0.5014882924465034,0.8245253262643373,447.5,26.027918023710004,287.5,0.2586906611919403,0.05050700558978665,0.5814827799797058,0.06500197860440815
0.5178523284311478,0.8245253262643373,427.7,36.05923930747134,307.3,0.2400257408618927,0.06198723400031958,0.601076740026474,0.06844185380575285
0.5342163644157923,0.8245253262643373,418.5,42.61997216334559,316.5,0.23395896553993226,0.06404725483520174,0.6046149909496308,0.06890616767618302
0.5505804004004369,0.8245253262643373,395.6,56.66963315818238,339.4,0.2417520761489868,0.06881583954237981,0.6179921567440033,0.0672117031494467
0.5669444363850814,0.8245253262643373,371.0,63.98435545164411,364.0,0.22610270977020264,0.06304046075223223,0.6320199251174927,0.06694387675341373
0.5833084723697259,0.8245253262643373,323.7,96.8069652963394,411.3,0.21794174313545228,0.06567116604339193,0.6449706196784973,0.06709676641773629
0.5996725083543705,0.8245253262643373,260.9,120.37352316827653,474.1,0.1492795467376709,0.09620518144315732,0.6724322080612183,0.05769602883810621
0.616036544339015,0.8245253262643373,221.4,128.87997291044266,513.6,0.13793663382530214,0.09076907162380517,0.6820360839366912,0.053846609925477705
0.6324005803236595,0.8245253262643373,149.9,120.0452585214818,585.1,0.12722251415252686,0.0880368499113442,0.7015068531036377,0.035985612974185566
0.6487646163083041,0.8245253262643373,111.7,107.56501145140365,623.3,0.08400426506996155,0.0791140634315305,0.7041114270687103,0.03426595442950881
0.6651286522929486,0.8245253262643373,72.7,86.65964903097623,662.3,0.05063599944114685,0.060829618951834134,0.7096911072731018,0.02918731703754055
0.6814926882775931,0.8245253262643373,46.8,62.66878539435226,688.2,0.03882197737693786,0.04578096896955012,0.7100659489631653,0.027263837547256378
0.6978567242622375,0.8245253262643373,0.1,0.2262157162854099,734.9,0.0,0.0,0.7072571635246276,0.027356304090178446
0.05965932086110115,0.8478908591913991,481.9,21.044547087045697,253.10000000000002,0.31844518780708314,0.0485315203491764,0.5567996382713318,0.06635332679420974
0.07602335684574568,0.8478908591913991,481.9,21.044547087045697,253.10000000000002,0.31844518780708314,0.0485315203491764,0.5567996382713318,0.06635332679420974
0.0923873928303902,0.8478908591913991,481.9,21.044547087045697,253.10000000000002,0.31844518780708314,0.0485315203491764,0.5567996382713318,0.06635332679420974
0.10875142881503472,0.8478908591913991,481.9,21.044547087045697,253.10000000000002,0.31844518780708314,0.0485315203491764,0.5567996382713318,0.06635332679420974
0.12511546479967925,0.8478908591913991,481.9,21.044547087045697,253.10000000000002,0.31844518780708314,0.0485315203491764,0.5567996382713318,0.06635332679420974
0.14147950078432378,0.8478908591913991,481.9,21.044547087045697,253.10000000000002,0.31844518780708314,0.0485315203491764,0.5567996382713318,0.06635332679420974
0.15784353676896828,0.8478908591913991,481.9,21.044547087045697,253.10000000000002,0.31844518780708314,0.0485315203491764,0.5567996382713318,0.06635332679420974
0.17420757275361282,0.8478908591913991,481.9,21.044547087045697,253.10000000000002,0.31844518780708314,0.0485315203491764,0.5567996382713318,0.06635332679420974
0.19057160873825735,0.8478908591913991,481.9,21.044547087045697,253.10000000000002,0.31844518780708314,0.0485315203491764,0.5567996382713318,0.06635332679420974
0.20693564472290188,0.8478908591913991,481.9,21.044547087045697,253.10000000000002,0.31844518780708314,0.0485315203491764,0.5567996382713318,0.06635332679420974
0.2232996807075464,0.8478908591913991,481.9,21.044547087045697,253.10000000000002,0.31844518780708314,0.0485315203491764,0.5567996382713318,0.06635332679420974
0.23966371669219091,0.8478908591913991,481.9,21.044547087045697,253.10000000000002,0.31844518780708314,0.0485315203491764,0.5567996382713318,0.06635332679420974
0.2560277526768354,0.8478908591913991,481.9,21.044547087045697,253.10000000000002,0.31844518780708314,0.0485315203491764,0.5567996382713318,0.06635332679420974
0.27239178866147995,0.8478908591913991,481.9,21.044547087045697,253.10000000000002,0.31844518780708314,0.0485315203491764,0.5567996382713318,0.06635332679420974
0.2887558246461245,0.8478908591913991,481.9,21.044547087045697,253.10000000000002,0.31844518780708314,0.0485315203491764,0.5567996382713318,0.06635332679420974
0.305119860630769,0.8478908591913991,481.9,21.044547087045697,253.10000000000002,0.31844518780708314,0.0485315203491764,0.5567996382713318,0.06635332679420974
0.32148389661541354,0.8478908591913991,481.9,21.044547087045697,253.10000000000002,0.31844518780708314,0.0485315203491764,0.5567996382713318,0.06635332679420974
0.3378479326000581,0.8478908591913991,481.9,21.044547087045697,253.10000000000002,0.31844518780708314,0.0485315203491764,0.5567996382713318,0.06635332679420974
0.3542119685847026,0.8478908591913991,481.9,21.044547087045697,253.10000000000002,0.31844518780708314,0.0485315203491764,0.5567996382713318,0.06635332679420974
0.37057600456934714,0.8478908591913991,481.9,21.044547087045697,253.10000000000002,0.31844518780708314,0.0485315203491764,0.5567996382713318,0.06635332679420974
0.38694004055399167,0.8478908591913991,481.4,21.181222849073162,253.60000000000002,0.3145402669906616,0.045129288652595606,0.5557125329971313,0.06538404597002329
0.40330407653863615,0.8478908591913991,481.0,21.3331535554234,254.0,0.3138199269771576,0.04466452870502591,0.5522676885128022,0.06285170047161602
0.4196681125232807,0.8478908591913991,480.3,21.162020473655613,254.7,0.31064372062683104,0.04373084583176923,0.5531897723674775,0.06357301759884405
0.4360321485079252,0.8478908591913991,476.4,22.049296396893965,258.6,0.3022944927215576,0.04694539460151804,0.5508645474910736,0.061417679239256645
0.45239618449256974,0.8478908591913991,469.8,20.713257727099926,265.2,0.2959280848503113,0.048278778667730386,0.5616157054901123,0.06909975861398254
0.4687602204772143,0.8478908591913991,462.9,24.488598653279997,272.1,0.29160545468330384,0.049167456457079456,0.5684921860694885,0.07121079541361265
0.4851242564618588,0.8478908591913991,459.1,23.64997291265008,275.9,0.2806096255779266,0.054550849950662804,0.5730742812156677,0.0703867545352601
0.5014882924465034,0.8478908591913991,452.7,26.281835855309133,282.3,0.27701940536499026,0.058263079568207504,0.5812495052814484,0.06750513513955483
0.5178523284311478,0.8478908591913991,432.5,37.46547817429466,302.5,0.2558446526527405,0.07057679298475665,0.5997459590435028,0.07138067767660795
0.5342163644157923,0.8478908591913991,423.2,44.300561728888724,311.8,0.24977241158485414,0.073141514868295,0.6035896003246307,0.07170259554758063
0.5505804004004369,0.8478908591913991,400.0,58.70868071109226,335.0,0.25733004212379457,0.07612834405760249,0.616432523727417,0.07010070073767337
0.5669444363850814,0.8478908591913991,374.9,66.21975414321227,360.1,0.23999740481376647,0.07041075093281336,0.6294851839542389,0.07002891361703822
0.5833084723697259,0.8478908591913991,327.6,99.33946940967411,407.4,0.23184674978256226,0.07359707909486635,0.6426256179809571,0.07000307093401952
0.5996725083543705,0.8478908591913991,264.8,123.34868150801965,470.2,0.16326953768730162,0.10665676088585019,0.6705072164535523,0.061608120961262086
0.616036544339015,0.8478908591913991,224.3,131.39611137440693,510.7,0.14916204214096068,0.09990679613619692,0.6814212322235107,0.055591389074496414
0.6324005803236595,0.8478908591913991,150.4,120.56550204540196,584.6,0.13211244344711304,0.0913258557606952,0.7020495176315308,0.03564881618714803
0.6487646163083041,0.8478908591913991,111.7,107.56501145140365,623.3,0.08400426506996155,0.0791140634315305,0.7041114270687103,0.03426595442950881
0.6651286522929486,0.8478908591913991,72.7,86.65964903097623,662.3,0.05063599944114685,0.060829618951834134,0.7096911072731018,0.02918731703754055
0.6814926882775931,0.8478908591913991,46.8,62.66878539435226,688.2,0.03882197737693786,0.04578096896955012,0.7100659489631653,0.027263837547256378
0.6978567242622375,0.8478908591913991,0.1,0.2262157162854099,734.9,0.0,0.0,0.7072571635246276,0.027356304090178446
0.05965932086110115,0.8712563921184608,488.6,20.648372266447993,246.39999999999998,0.33748223185539244,0.04718783744758737,0.557278436422348,0.06757969485280582
0.07602335684574568,0.8712563921184608,488.6,20.648372266447993,246.39999999999998,0.33748223185539244,0.04718783744758737,0.557278436422348,0.06757969485280582
0.0923873928303902,0.8712563921184608,488.6,20.648372266447993,246.39999999999998,0.33748223185539244,0.04718783744758737,0.557278436422348,0.06757969485280582
0.10875142881503472,0.8712563921184608,488.6,20.648372266447993,246.39999999999998,0.33748223185539244,0.04718783744758737,0.557278436422348,0.06757969485280582
0.12511546479967925,0.8712563921184608,488.6,20.648372266447993,246.39999999999998,0.33748223185539244,0.04718783744758737,0.557278436422348,0.06757969485280582
0.14147950078432378,0.8712563921184608,488.6,20.648372266447993,246.39999999999998,0.33748223185539244,0.04718783744758737,0.557278436422348,0.06757969485280582
0.15784353676896828,0.8712563921184608,488.6,20.648372266447993,246.39999999999998,0.33748223185539244,0.04718783744758737,0.557278436422348,0.06757969485280582
0.17420757275361282,0.8712563921184608,488.6,20.648372266447993,246.39999999999998,0.33748223185539244,0.04718783744758737,0.557278436422348,0.06757969485280582
0.19057160873825735,0.8712563921184608,488.6,20.648372266447993,246.39999999999998,0.33748223185539244,0.04718783744758737,0.557278436422348,0.06757969485280582
0.20693564472290188,0.8712563921184608,488.6,20.648372266447993,246.39999999999998,0.33748223185539244,0.04718783744758737,0.557278436422348,0.06757969485280582
0.2232996807075464,0.8712563921184608,488.6,20.648372266447993,246.39999999999998,0.33748223185539244,0.04718783744758737,0.557278436422348,0.06757969485280582
0.23966371669219091,0.8712563921184608,488.6,20.648372266447993,246.39999999999998,0.33748223185539244,0.04718783744758737,0.557278436422348,0.06757969485280582
0.2560277526768354,0.8712563921184608,488.6,20.648372266447993,246.39999999999998,0.33748223185539244,0.04718783744758737,0.557278436422348,0.06757969485280582
0.27239178866147995,0.8712563921184608,488.6,20.648372266447993,246.39999999999998,0.33748223185539244,0.04718783744758737,0.557278436422348,0.06757969485280582
0.2887558246461245,0.8712563921184608,488.6,20.648372266447993,246.39999999999998,0.33748223185539244,0.04718783744758737,0.557278436422348,0.06757969485280582
0.305119860630769,0.8712563921184608,488.6,20.648372266447993,246.39999999999998,0.33748223185539244,0.04718783744758737,0.557278436422348,0.06757969485280582
0.32148389661541354,0.8712563921184608,488.6,20.648372266447993,246.39999999999998,0.33748223185539244,0.04718783744758737,0.557278436422348,0.06757969485280582
0.3378479326000581,0.8712563921184608,488.6,20.648372266447993,246.39999999999998,0.33748223185539244,0.04718783744758737,0.557278436422348,0.06757969485280582
0.3542119685847026,0.8712563921184608,488.6,20.648372266447993,246.39999999999998,0.33748223185539244,0.04718783744758737,0.557278436422348,0.06757969485280582
0.37057600456934714,0.8712563921184608,488.6,20.648372266447993,246.39999999999998,0.33748223185539244,0.04718783744758737,0.557278436422348,0.06757969485280582
0.38694004055399167,0.8712563921184608,487.8,20.980550701385436,247.2,0.33308145999908445,0.0441496989028953,0.5562194585800171,0.06665876813698894
0.40330407653863615,0.8712563921184608,487.3,21.094741892496746,247.7,0.33127214908599856,0.04548677678556987,0.5519609689712525,0.06354949201210086
0.4196681125232807,0.8712563921184608,486.2,21.010340709769658,248.8,0.32542225122451784,0.04611904462116529,0.5532151162624359,0.06460878809561027
0.4360321485079252,0.8712563921184608,481.7,22.467851028866104,253.3,0.3133403420448303,0.05196846056251418,0.5489798605442047,0.06402876748393188
0.45239618449256974,0.8712563921184608,474.4,21.609094393043684,260.6,0.30673024654388426,0.053875844144943744,0.5621281564235687,0.06867611439089526
0.4687602204772143,0.8712563921184608,467.5,25.955727491776646,267.5,0.30240761637687685,0.05515708978015221,0.5690046370029449,0.07077147824967236
0.4851242564618588,0.8712563921184608,463.6,25.44678238062338,271.4,0.2912573516368866,0.06101154433366065,0.5736889243125916,0.06989082347087319
0.5014882924465034,0.8712563921184608,455.3,26.638548196815425,279.7,0.2812811017036438,0.061816505842018706,0.5829875767230988,0.06654731720843135
0.5178523284311478,0.8712563921184608,435.1,38.500189974608354,299.9,0.26010634899139407,0.07423205577296504,0.6014840304851532,0.07021570151278222
0.5342163644157923,0.8712563921184608,425.4,45.103679966365554,309.6,0.2535080790519714,0.0761423266952953,0.6045785129070282,0.07025851540002526
0.5505804004004369,0.8712563921184608,402.2,59.80429370692604,332.8,0.26106570959091185,0.07881238122590392,0.6174214363098145,0.06851760436359493
0.5669444363850814,0.8712563921184608,377.1,67.65867147599181,357.9,0.24373307228088378,0.07380496184749488,0.6304740965366363,0.06833684091249799
0.5833084723697259,0.8712563921184608,329.8,100.88014841271274,405.2,0.2355784595012665,0.07706584027728557,0.6436135470867157,0.06837080631677339
0.5996725083543705,0.8712563921184608,265.8,124.1500026858973,469.2,0.1661730408668518,0.10944359095863754,0.6717537462711334,0.05940203388805063
0.616036544339015,0.8712563921184608,224.3,131.39611137440693,510.7,0.14916204214096068,0.09990679613619692,0.6814212322235107,0.055591389074496414
0.6324005803236595,0.8712563921184608,150.4,120.56550204540196,584.6,0.13211244344711304,0.0913258557606952,0.7020495176315308,0.03564881618714803
0.6487646163083041,0.8712563921184608,111.7,107.56501145140365,623.3,0.08400426506996155,0.0791140634315305,0.7041114270687103,0.03426595442950881
0.6651286522929486,0.8712563921184608,72.7,86.65964903097623,662.3,0.05063599944114685,0.060829618951834134,0.7096911072731018,0.02918731703754055
0.6814926882775931,0.8712563921184608,46.8,62.66878539435226,688.2,0.03882197737693786,0.04578096896955012,0.7100659489631653,0.027263837547256378
0.6978567242622375,0.8712563921184608,0.1,0.2262157162854099,734.9,0.0,0.0,0.7072571635246276,0.027356304090178446
0.05965932086110115,0.8946219250455227,496.3,20.08116685531144,238.7,0.33979434370994566,0.041208870774959945,0.5545847654342652,0.06915147261917373
0.07602335684574568,0.8946219250455227,496.3,20.08116685531144,238.7,0.33979434370994566,0.041208870774959945,0.5545847654342652,0.06915147261917373
0.0923873928303902,0.8946219250455227,496.3,20.08116685531144,238.7,0.33979434370994566,0.041208870774959945,0.5545847654342652,0.06915147261917373
0.10875142881503472,0.8946219250455227,496.3,20.08116685531144,238.7,0.33979434370994566,0.041208870774959945,0.5545847654342652,0.06915147261917373
0.12511546479967925,0.8946219250455227,496.3,20.08116685531144,238.7,0.33979434370994566,0.041208870774959945,0.5545847654342652,0.06915147261917373
0.14147950078432378,0.8946219250455227,496.3,20.08116685531144,238.7,0.33979434370994566,0.041208870774959945,0.5545847654342652,0.06915147261917373
0.15784353676896828,0.8946219250455227,496.3,20.08116685531144,238.7,0.33979434370994566,0.041208870774959945,0.5545847654342652,0.06915147261917373
0.17420757275361282,0.8946219250455227,496.3,20.08116685531144,238.7,0.33979434370994566,0.041208870774959945,0.5545847654342652,0.06915147261917373
0.19057160873825735,0.8946219250455227,496.3,20.08116685531144,238.7,0.33979434370994566,0.041208870774959945,0.5545847654342652,0.06915147261917373
0.20693564472290188,0.8946219250455227,496.3,20.08116685531144,238.7,0.33979434370994566,0.041208870774959945,0.5545847654342652,0.06915147261917373
0.2232996807075464,0.8946219250455227,496.3,20.08116685531144,238.7,0.33979434370994566,0.041208870774959945,0.5545847654342652,0.06915147261917373
0.23966371669219091,0.8946219250455227,496.3,20.08116685531144,238.7,0.33979434370994566,0.041208870774959945,0.5545847654342652,0.06915147261917373
0.2560277526768354,0.8946219250455227,496.3,20.08116685531144,238.7,0.33979434370994566,0.041208870774959945,0.5545847654342652,0.06915147261917373
0.27239178866147995,0.8946219250455227,496.3,20.08116685531144,238.7,0.33979434370994566,0.041208870774959945,0.5545847654342652,0.06915147261917373
0.2887558246461245,0.8946219250455227,496.3,20.08116685531144,238.7,0.33979434370994566,0.041208870774959945,0.5545847654342652,0.06915147261917373
0.305119860630769,0.8946219250455227,496.3,20.08116685531144,238.7,0.33979434370994566,0.041208870774959945,0.5545847654342652,0.06915147261917373
0.32148389661541354,0.8946219250455227,496.3,20.08116685531144,238.7,0.33979434370994566,0.041208870774959945,0.5545847654342652,0.06915147261917373
0.3378479326000581,0.8946219250455227,496.3,20.08116685531144,238.7,0.33979434370994566,0.041208870774959945,0.5545847654342652,0.06915147261917373
0.3542119685847026,0.8946219250455227,495.5,20.304182010676875,239.5,0.34061516523361207,0.041993070642080306,0.5525378584861755,0.06718706477220927
0.37057600456934714,0.8946219250455227,495.0,20.523527436194676,240.0,0.3404677450656891,0.04184724083055831,0.5531692504882812,0.06776534224685041
0.38694004055399167,0.8946219250455227,493.8,20.60316203020995,241.2,0.33390594720840455,0.041797230762311094,0.5526059627532959,0.06718994899288012
0.40330407653863615,0.8946219250455227,492.7,21.41044085459912,242.3,0.3302810788154602,0.04437946984776353,0.5493079960346222,0.06415507651152588
0.4196681125232807,0.8946219250455227,490.8,21.44427417392885,244.2,0.3257849931716919,0.04419605683528805,0.5515311241149903,0.06514747575597149
0.4360321485079252,0.8946219250455227,486.2,23.338621838807928,248.8,0.31337525248527526,0.05026586947505156,0.5473558127880096,0.06443084404704491
0.45239618449256974,0.8946219250455227,478.9,23.32802159811319,256.1,0.3067651569843292,0.05223797222970465,0.5605041086673737,0.06922674503925545
0.4687602204772143,0.8946219250455227,471.4,27.48352863347904,263.6,0.30140057802200315,0.05276571575514096,0.5689302265644074,0.07087850817451752
0.4851242564618588,0.8946219250455227,467.4,27.219515665495255,267.6,0.2902704060077667,0.05877726992507805,0.5736575722694397,0.07002817783269963
0.5014882924465034,0.8946219250455227,458.1,27.915117159612077,276.9,0.2816957712173462,0.06158406048523131,0.5824555337429047,0.06642279710990293
0.5178523284311478,0.8946219250455227,437.6,39.918083382983994,297.4,0.2601837754249573,0.07363118975237232,0.6012690484523773,0.07029065521317464
0.5342163644157923,0.8946219250455227,427.9,46.616601732183014,307.1,0.25358550548553466,0.07556049816439692,0.6043635308742523,0.07033880140056648
0.5505804004004369,0.8946219250455227,404.7,61.49208222781631,330.3,0.2611431360244751,0.07824615622662205,0.6172064542770386,0.06862280876692733
0.5669444363850814,0.8946219250455227,378.9,69.16962461287505,356.1,0.24245758652687072,0.07242208772679937,0.630809223651886,0.06813227174918142
0.5833084723697259,0.8946219250455227,331.0,101.8601697510586,404.0,0.23452547788619996,0.07590284571777758,0.6438973128795624,0.0681660747920021
0.5996725083543705,0.8946219250455227,265.8,124.1500026858973,469.2,0.1661730408668518,0.10944359095863754,0.6717537462711334,0.05940203388805063
0.616036544339015,0.8946219250455227,224.3,131.39611137440693,510.7,0.14916204214096068,0.09990679613619692,0.6814212322235107,0.055591389074496414
0.6324005803236595,0.8946219250455227,150.4,120.56550204540196,584.6,0.13211244344711304,0.0913258557606952,0.7020495176315308,0.03564881618714803
0.6487646163083041,0.8946219250455227,111.7,107.56501145140365,623.3,0.08400426506996155,0.0791140634315305,0.7041114270687103,0.03426595442950881
0.6651286522929486,0.8946219250455227,72.7,86.65964903097623,662.3,0.05063599944114685,0.060829618951834134,0.7096911072731018,0.02918731703754055
0.6814926882775931,0.8946219250455227,46.8,62.66878539435226,688.2,0.03882197737693786,0.04578096896955012,0.7100659489631653,0.027263837547256378
0.6978567242622375,0.8946219250455227,0.1,0.2262157162854099,734.9,0.0,0.0,0.7072571635246276,0.027356304090178446
0.05965932086110115,0.9179874579725846,509.6,20.970792053021,225.39999999999998,0.34044877886772157,0.03361001490481702,0.5381919085979462,0.06240405058340798
0.07602335684574568,0.9179874579725846,509.6,20.970792053021,225.39999999999998,0.34044877886772157,0.03361001490481702,0.5381919085979462,0.06240405058340798
0.0923873928303902,0.9179874579725846,509.6,20.970792053021,225.39999999999998,0.34044877886772157,0.03361001490481702,0.5381919085979462,0.06240405058340798
0.10875142881503472,0.9179874579725846,509.6,20.970792053021,225.39999999999998,0.34044877886772157,0.03361001490481702,0.5381919085979462,0.06240405058340798
0.12511546479967925,0.9179874579725846,509.6,20.970792053021,225.39999999999998,0.34044877886772157,0.03361001490481702,0.5381919085979462,0.06240405058340798
0.14147950078432378,0.9179874579725846,509.6,20.970792053021,225.39999999999998,0.34044877886772157,0.03361001490481702,0.5381919085979462,0.06240405058340798
0.15784353676896828,0.9179874579725846,509.6,20.970792053021,225.39999999999998,0.34044877886772157,0.03361001490481702,0.5381919085979462,0.06240405058340798
0.17420757275361282,0.9179874579725846,509.6,20.970792053021,225.39999999999998,0.34044877886772157,0.03361001490481702,0.5381919085979462,0.06240405058340798
0.19057160873825735,0.9179874579725846,509.6,20.970792053021,225.39999999999998,0.34044877886772157,0.03361001490481702,0.5381919085979462,0.06240405058340798
0.20693564472290188,0.9179874579725846,509.6,20.970792053021,225.39999999999998,0.34044877886772157,0.03361001490481702,0.5381919085979462,0.06240405058340798
0.2232996807075464,0.9179874579725846,509.6,20.970792053021,225.39999999999998,0.34044877886772157,0.03361001490481702,0.5381919085979462,0.06240405058340798
0.23966371669219091,0.9179874579725846,509.6,20.970792053021,225.39999999999998,0.34044877886772157,0.03361001490481702,0.5381919085979462,0.06240405058340798
0.2560277526768354,0.9179874579725846,509.6,20.970792053021,225.39999999999998,0.34044877886772157,0.03361001490481702,0.5381919085979462,0.06240405058340798
0.27239178866147995,0.9179874579725846,509.6,20.970792053021,225.39999999999998,0.34044877886772157,0.03361001490481702,0.5381919085979462,0.06240405058340798
0.2887558246461245,0.9179874579725846,509.6,20.970792053021,225.39999999999998,0.34044877886772157,0.03361001490481702,0.5381919085979462,0.06240405058340798
0.305119860630769,0.9179874579725846,509.6,20.970792053021,225.39999999999998,0.34044877886772157,0.03361001490481702,0.5381919085979462,0.06240405058340798
0.32148389661541354,0.9179874579725846,509.6,20.970792053021,225.39999999999998,0.34044877886772157,0.03361001490481702,0.5381919085979462,0.06240405058340798
0.3378479326000581,0.9179874579725846,505.8,20.41742179118691,229.2,0.35128181576728823,0.03648648567451554,0.546487706899643,0.07021571653307779
0.3542119685847026,0.9179874579725846,504.6,20.984344505709988,230.39999999999998,0.3510629594326019,0.03626710139742479,0.5429628908634185,0.06636270975638703
0.37057600456934714,0.9179874579725846,503.4,21.11939071959808,231.60000000000002,0.3484998345375061,0.03789546843733018,0.5438099026679992,0.06718337249347742
0.38694004055399167,0.9179874579725846,500.6,23.349339025714666,234.39999999999998,0.33864263296127317,0.040138979910965954,0.5463705718517303,0.06501412970643826
0.40330407653863615,0.9179874579725846,498.4,23.857626497115337,236.60000000000002,0.3321264982223511,0.043510261288375665,0.5439685583114624,0.06265904005439456
0.4196681125232807,0.9179874579725846,496.4,24.123077543074036,238.60000000000002,0.32780117988586427,0.043434206389293,0.546304988861084,0.06363050355696498
0.4360321485079252,0.9179874579725846,491.7,26.314267630607354,243.3,0.3144409000873566,0.0490748920283253,0.5418922603130341,0.06276717749361697
0.45239618449256974,0.9179874579725846,484.1,26.923894289682952,250.89999999999998,0.3072538495063782,0.05069630887812421,0.555997085571289,0.06794984995339899
0.4687602204772143,0.9179874579725846,475.9,30.378954291770665,259.1,0.3003466725349426,0.04957633487964404,0.5647143721580505,0.07004404670163725
0.4851242564618588,0.9179874579725846,469.1,27.13425848972975,265.9,0.2932183027267456,0.06048850815688969,0.5733160674571991,0.07114846179241419
0.5014882924465034,0.9179874579725846,459.8,28.153129324493815,275.2,0.28464366793632506,0.06344630464818116,0.5821140289306641,0.06762812019162658
0.5178523284311478,0.9179874579725846,439.3,40.5762168939609,295.7,0.2631316721439362,0.07567366938074808,0.6009275436401367,0.07148186632794022
0.5342163644157923,0.9179874579725846,429.6,47.37969836037149,305.4,0.25653340220451354,0.07769466210546719,0.6040220260620117,0.07153761071127286
0.5505804004004369,0.9179874579725846,405.2,61.821075938518014,329.8,0.2620490908622742,0.07876674379874211,0.618043965101242,0.06837675626161549
0.5669444363850814,0.9179874579725846,378.9,69.16962461287505,356.1,0.24245758652687072,0.07242208772679937,0.630809223651886,0.06813227174918142
0.5833084723697259,0.9179874579725846,331.0,101.8601697510586,404.0,0.23452547788619996,0.07590284571777758,0.6438973128795624,0.0681660747920021
0.5996725083543705,0.9179874579725846,265.8,124.1500026858973,469.2,0.1661730408668518,0.10944359095863754,0.6717537462711334,0.05940203388805063
0.616036544339015,0.9179874579725846,224.3,131.39611137440693,510.7,0.14916204214096068,0.09990679613619692,0.6814212322235107,0.055591389074496414
0.6324005803236595,0.9179874579725846,150.4,120.56550204540196,584.6,0.13211244344711304,0.0913258557606952,0.7020495176315308,0.03564881618714803
0.6487646163083041,0.9179874579725846,111.7,107.56501145140365,623.3,0.08400426506996155,0.0791140634315305,0.7041114270687103,0.03426595442950881
0.6651286522929486,0.9179874579725846,72.7,86.65964903097623,662.3,0.05063599944114685,0.060829618951834134,0.7096911072731018,0.02918731703754055
0.6814926882775931,0.9179874579725846,46.8,62.66878539435226,688.2,0.03882197737693786,0.04578096896955012,0.7100659489631653,0.027263837547256378
0.6978567242622375,0.9179874579725846,0.1,0.2262157162854099,734.9,0.0,0.0,0.7072571635246276,0.027356304090178446
0.05965932086110115,0.9413529908996464,517.9,20.854559023222457,217.10000000000002,0.3540029764175415,0.03631672659850578,0.5220115661621094,0.060801439553913136
0.07602335684574568,0.9413529908996464,517.9,20.854559023222457,217.10000000000002,0.3540029764175415,0.03631672659850578,0.5220115661621094,0.060801439553913136
0.0923873928303902,0.9413529908996464,517.9,20.854559023222457,217.10000000000002,0.3540029764175415,0.03631672659850578,0.5220115661621094,0.060801439553913136
0.10875142881503472,0.9413529908996464,517.9,20.854559023222457,217.10000000000002,0.3540029764175415,0.03631672659850578,0.5220115661621094,0.060801439553913136
0.12511546479967925,0.9413529908996464,517.9,20.854559023222457,217.10000000000002,0.3540029764175415,0.03631672659850578,0.5220115661621094,0.060801439553913136
0.14147950078432378,0.9413529908996464,517.9,20.854559023222457,217.10000000000002,0.3540029764175415,0.03631672659850578,0.5220115661621094,0.060801439553913136
0.15784353676896828,0.9413529908996464,517.9,20.854559023222457,217.10000000000002,0.3540029764175415,0.03631672659850578,0.5220115661621094,0.060801439553913136
0.17420757275361282,0.9413529908996464,517.9,20.854559023222457,217.10000000000002,0.3540029764175415,0.03631672659850578,0.5220115661621094,0.060801439553913136
0.19057160873825735,0.9413529908996464,517.9,20.854559023222457,217.10000000000002,0.3540029764175415,0.03631672659850578,0.5220115661621094,0.060801439553913136
0.20693564472290188,0.9413529908996464,517.9,20.854559023222457,217.10000000000002,0.3540029764175415,0.03631672659850578,0.5220115661621094,0.060801439553913136
0.2232996807075464,0.9413529908996464,517.9,20.854559023222457,217.10000000000002,0.3540029764175415,0.03631672659850578,0.5220115661621094,0.060801439553913136
0.23966371669219091,0.9413529908996464,517.9,20.854559023222457,217.10000000000002,0.3540029764175415,0.03631672659850578,0.5220115661621094,0.060801439553913136
0.2560277526768354,0.9413529908996464,517.9,20.854559023222457,217.10000000000002,0.3540029764175415,0.03631672659850578,0.5220115661621094,0.060801439553913136
0.27239178866147995,0.9413529908996464,517.9,20.854559023222457,217.10000000000002,0.3540029764175415,0.03631672659850578,0.5220115661621094,0.060801439553913136
0.2887558246461245,0.9413529908996464,517.9,20.854559023222457,217.10000000000002,0.3540029764175415,0.03631672659850578,0.5220115661621094,0.060801439553913136
0.305119860630769,0.9413529908996464,517.9,20.854559023222457,217.10000000000002,0.3540029764175415,0.03631672659850578,0.5220115661621094,0.060801439553913136
0.32148389661541354,0.9413529908996464,517.9,20.854559023222457,217.10000000000002,0.3540029764175415,0.03631672659850578,0.5220115661621094,0.060801439553913136
0.3378479326000581,0.9413529908996464,513.7,20.945968358494675,221.29999999999995,0.3623472094535828,0.03841205284336419,0.5306027472019196,0.07008488109728223
0.3542119685847026,0.9413529908996464,510.4,20.41017989135648,224.60000000000002,0.35933205485343933,0.042129324549591375,0.5330360651016235,0.06970326083157528
0.37057600456934714,0.9413529908996464,508.9,21.08773259763494,226.10000000000002,0.3547528386116028,0.04394740625089031,0.5337690651416779,0.07060902297635986
0.38694004055399167,0.9413529908996464,505.4,23.49983427555055,229.60000000000002,0.34612172842025757,0.046538259141657816,0.5379853308200836,0.06981496902674737
0.40330407653863615,0.9413529908996464,503.2,24.253775924287595,231.8,0.33960559368133547,0.05003234367320304,0.5355833172798157,0.06745771615901479
0.4196681125232807,0.9413529908996464,500.2,23.982659600433934,234.8,0.33229459524154664,0.047343906015131186,0.5381312668323517,0.0684496597678366
0.4360321485079252,0.9413529908996464,495.1,26.306487651012517,239.89999999999998,0.3178175151348114,0.05223789330169808,0.5351833164691925,0.06696884188832554
0.45239618449256974,0.9413529908996464,487.3,27.18366701169871,247.7,0.30989197492599485,0.05324046091073761,0.5486740708351135,0.07230188329377607
0.4687602204772143,0.9413529908996464,479.1,31.09302812712401,255.89999999999998,0.30298479795455935,0.05237333099534981,0.557391357421875,0.07476057309244287
0.4851242564618588,0.9413529908996464,472.3,28.3709142006831,262.7,0.2958564281463623,0.06297140544218377,0.5659930527210235,0.07626736138730002
0.5014882924465034,0.9413529908996464,463.0,29.91792529824722,272.0,0.2872817933559418,0.06601284867173653,0.5747910141944885,0.07349446144302285
0.5178523284311478,0.9413529908996464,442.2,42.56597342511832,292.8,0.26559224128723147,0.0781493298151046,0.5940255224704742,0.07755127320153471
0.5342163644157923,0.9413529908996464,431.2,48.700110203673454,303.8,0.25831074714660646,0.07948444965832295,0.6009452521800995,0.07299087309434936
0.5505804004004369,0.9413529908996464,405.2,61.821075938518014,329.8,0.2620490908622742,0.07876674379874211,0.618043965101242,0.06837675626161549
0.5669444363850814,0.9413529908996464,378.9,69.16962461287505,356.1,0.24245758652687072,0.07242208772679937,0.630809223651886,0.06813227174918142
0.5833084723697259,0.9413529908996464,331.0,101.8601697510586,404.0,0.23452547788619996,0.07590284571777758,0.6438973128795624,0.0681660747920021
0.5996725083543705,0.9413529908996464,265.8,124.1500026858973,469.2,0.1661730408668518,0.10944359095863754,0.6717537462711334,0.05940203388805063
0.616036544339015,0.9413529908996464,224.3,131.39611137440693,510.7,0.14916204214096068,0.09990679613619692,0.6814212322235107,0.055591389074496414
0.6324005803236595,0.9413529908996464,150.4,120.56550204540196,584.6,0.13211244344711304,0.0913258557606952,0.7020495176315308,0.03564881618714803
0.6487646163083041,0.9413529908996464,111.7,107.56501145140365,623.3,0.08400426506996155,0.0791140634315305,0.7041114270687103,0.03426595442950881
0.6651286522929486,0.9413529908996464,72.7,86.65964903097623,662.3,0.05063599944114685,0.060829618951834134,0.7096911072731018,0.02918731703754055
0.6814926882775931,0.9413529908996464,46.8,62.66878539435226,688.2,0.03882197737693786,0.04578096896955012,0.7100659489631653,0.027263837547256378
0.6978567242622375,0.9413529908996464,0.1,0.2262157162854099,734.9,0.0,0.0,0.7072571635246276,0.027356304090178446
0.05965932086110115,0.9647185238267082,524.0,21.744967342384644,211.0,0.36158819794654845,0.040304520466579175,0.5259377896785736,0.0648141442980082
0.07602335684574568,0.9647185238267082,524.0,21.744967342384644,211.0,0.36158819794654845,0.040304520466579175,0.5259377896785736,0.0648141442980082
0.0923873928303902,0.9647185238267082,524.0,21.744967342384644,211.0,0.36158819794654845,0.040304520466579175,0.5259377896785736,0.0648141442980082
0.10875142881503472,0.9647185238267082,524.0,21.744967342384644,211.0,0.36158819794654845,0.040304520466579175,0.5259377896785736,0.0648141442980082
0.12511546479967925,0.9647185238267082,524.0,21.744967342384644,211.0,0.36158819794654845,0.040304520466579175,0.5259377896785736,0.0648141442980082
0.14147950078432378,0.9647185238267082,524.0,21.744967342384644,211.0,0.36158819794654845,0.040304520466579175,0.5259377896785736,0.0648141442980082
0.15784353676896828,0.9647185238267082,524.0,21.744967342384644,211.0,0.36158819794654845,0.040304520466579175,0.5259377896785736,0.0648141442980082
0.17420757275361282,0.9647185238267082,524.0,21.744967342384644,211.0,0.36158819794654845,0.040304520466579175,0.5259377896785736,0.0648141442980082
0.19057160873825735,0.9647185238267082,524.0,21.744967342384644,211.0,0.36158819794654845,0.040304520466579175,0.5259377896785736,0.0648141442980082
0.20693564472290188,0.9647185238267082,524.0,21.744967342384644,211.0,0.36158819794654845,0.040304520466579175,0.5259377896785736,0.0648141442980082
0.2232996807075464,0.9647185238267082,524.0,21.744967342384644,211.0,0.36158819794654845,0.040304520466579175,0.5259377896785736,0.0648141442980082
0.23966371669219091,0.9647185238267082,524.0,21.744967342384644,211.0,0.36158819794654845,0.040304520466579175,0.5259377896785736,0.0648141442980082
0.2560277526768354,0.9647185238267082,524.0,21.744967342384644,211.0,0.36158819794654845,0.040304520466579175,0.5259377896785736,0.0648141442980082
0.27239178866147995,0.9647185238267082,524.0,21.744967342384644,211.0,0.36158819794654845,0.040304520466579175,0.5259377896785736,0.0648141442980082
0.2887558246461245,0.9647185238267082,524.0,21.744967342384644,211.0,0.36158819794654845,0.040304520466579175,0.5259377896785736,0.0648141442980082
0.305119860630769,0.9647185238267082,524.0,21.744967342384644,211.0,0.36158819794654845,0.040304520466579175,0.5259377896785736,0.0648141442980082
0.32148389661541354,0.9647185238267082,523.7,21.637624907659653,211.29999999999995,0.36003520488739016,0.04074232213500142,0.5257377862930298,0.06466855508193417
0.3378479326000581,0.9647185238267082,519.4,22.262303309684825,215.60000000000002,0.36857054233551023,0.041704457359995166,0.5351081192493439,0.07345352636137431
0.3542119685847026,0.9647185238267082,516.0,22.358638752776155,219.0,0.3650599718093872,0.04540138290115796,0.5375503599643707,0.07299972908673988
0.37057600456934714,0.9647185238267082,512.3,22.956034827098193,222.70000000000005,0.3598646461963654,0.04763335105349806,0.5421716213226319,0.07333526149857411
0.38694004055399167,0.9647185238267082,508.7,25.419619345475105,226.3,0.35031889081001283,0.050773475974059575,0.5461841940879821,0.0721542971767916
0.40330407653863615,0.9647185238267082,505.6,25.53600386812674,229.39999999999998,0.3407771050930023,0.05058973067659062,0.5392018496990204,0.0709193406373529
0.4196681125232807,0.9647185238267082,501.5,24.047651612543206,233.5,0.3339588940143585,0.04830144442250664,0.5390162229537964,0.06989603696077965
0.4360321485079252,0.9647185238267082,496.4,26.50834677689713,238.60000000000002,0.3194818139076233,0.053364606823352694,0.5360682725906372,0.06846818643197847
0.45239618449256974,0.9647185238267082,488.6,27.588838597893915,246.39999999999998,0.3115562736988068,0.05448422257750577,0.5495590269565582,0.07360062837868371
0.4687602204772143,0.9647185238267082,480.4,31.64002380785478,254.60000000000002,0.3046490967273712,0.05375892781554494,0.5582763135433197,0.07595959914385039
0.4851242564618588,0.9647185238267082,473.6,29.14234446107368,261.4,0.2975207269191742,0.06423352510169442,0.5668780088424683,0.07738715265380532
0.5014882924465034,0.9647185238267082,463.3,30.209281126871012,271.7,0.28839313983917236,0.06724288369120995,0.5747987151145935,0.07349299961313963
0.5178523284311478,0.9647185238267082,442.2,42.56597342511832,292.8,0.26559224128723147,0.0781493298151046,0.5940255224704742,0.07755127320153471
0.5342163644157923,0.9647185238267082,431.2,48.700110203673454,303.8,0.25831074714660646,0.07948444965832295,0.6009452521800995,0.07299087309434936
0.5505804004004369,0.9647185238267082,405.2,61.821075938518014,329.8,0.2620490908622742,0.07876674379874211,0.618043965101242,0.06837675626161549
0.5669444363850814,0.9647185238267082,378.9,69.16962461287505,356.1,0.24245758652687072,0.07242208772679937,0.630809223651886,0.06813227174918142
0.5833084723697259,0.9647185238267082,331.0,101.8601697510586,404.0,0.23452547788619996,0.07590284571777758,0.6438973128795624,0.0681660747920021
0.5996725083543705,0.9647185238267082,265.8,124.1500026858973,469.2,0.1661730408668518,0.10944359095863754,0.6717537462711334,0.05940203388805063
0.616036544339015,0.9647185238267082,224.3,131.39611137440693,510.7,0.14916204214096068,0.09990679613619692,0.6814212322235107,0.055591389074496414
0.6324005803236595,0.9647185238267082,150.4,120.56550204540196,584.6,0.13211244344711304,0.0913258557606952,0.7020495176315308,0.03564881618714803
0.6487646163083041,0.9647185238267082,111.7,107.56501145140365,623.3,0.08400426506996155,0.0791140634315305,0.7041114270687103,0.03426595442950881
0.6651286522929486,0.9647185238267082,72.7,86.65964903097623,662.3,0.05063599944114685,0.060829618951834134,0.7096911072731018,0.02918731703754055
0.6814926882775931,0.9647185238267082,46.8,62.66878539435226,688.2,0.03882197737693786,0.04578096896955012,0.7100659489631653,0.027263837547256378
0.6978567242622375,0.9647185238267082,0.1,0.2262157162854099,734.9,0.0,0.0,0.7072571635246276,0.027356304090178446
0.05965932086110115,0.9880840567537701,532.4,22.00024569375637,202.60000000000002,0.3743985235691071,0.04204188473744563,0.5225031256675721,0.061843908233302124
0.07602335684574568,0.9880840567537701,532.4,22.00024569375637,202.60000000000002,0.3743985235691071,0.04204188473744563,0.5225031256675721,0.061843908233302124
0.0923873928303902,0.9880840567537701,532.4,22.00024569375637,202.60000000000002,0.3743985235691071,0.04204188473744563,0.5225031256675721,0.061843908233302124
0.10875142881503472,0.9880840567537701,532.4,22.00024569375637,202.60000000000002,0.3743985235691071,0.04204188473744563,0.5225031256675721,0.061843908233302124
0.12511546479967925,0.9880840567537701,532.4,22.00024569375637,202.60000000000002,0.3743985235691071,0.04204188473744563,0.5225031256675721,0.061843908233302124
0.14147950078432378,0.9880840567537701,532.4,22.00024569375637,202.60000000000002,0.3743985235691071,0.04204188473744563,0.5225031256675721,0.061843908233302124
0.15784353676896828,0.9880840567537701,532.4,22.00024569375637,202.60000000000002,0.3743985235691071,0.04204188473744563,0.5225031256675721,0.061843908233302124
0.17420757275361282,0.9880840567537701,532.4,22.00024569375637,202.60000000000002,0.3743985235691071,0.04204188473744563,0.5225031256675721,0.061843908233302124
0.19057160873825735,0.9880840567537701,532.4,22.00024569375637,202.60000000000002,0.3743985235691071,0.04204188473744563,0.5225031256675721,0.061843908233302124
0.20693564472290188,0.9880840567537701,532.4,22.00024569375637,202.60000000000002,0.3743985235691071,0.04204188473744563,0.5225031256675721,0.061843908233302124
0.2232996807075464,0.9880840567537701,532.4,22.00024569375637,202.60000000000002,0.3743985235691071,0.04204188473744563,0.5225031256675721,0.061843908233302124
0.23966371669219091,0.9880840567537701,532.4,22.00024569375637,202.60000000000002,0.3743985235691071,0.04204188473744563,0.5225031256675721,0.061843908233302124
0.2560277526768354,0.9880840567537701,532.4,22.00024569375637,202.60000000000002,0.3743985235691071,0.04204188473744563,0.5225031256675721,0.061843908233302124
0.27239178866147995,0.9880840567537701,532.4,22.00024569375637,202.60000000000002,0.3743985235691071,0.04204188473744563,0.5225031256675721,0.061843908233302124
0.2887558246461245,0.9880840567537701,532.4,22.00024569375637,202.60000000000002,0.3743985235691071,0.04204188473744563,0.5225031256675721,0.061843908233302124
0.305119860630769,0.9880840567537701,532.3,21.981758795213956,202.70000000000005,0.37439414858818054,0.04204341655923842,0.5229685306549072,0.06220510471624163
0.32148389661541354,0.9880840567537701,531.6,21.6564055766245,203.39999999999998,0.3708251953125,0.04512774895837872,0.524958461523056,0.06271624490129196
0.3378479326000581,0.9880840567537701,525.3,25.068244525031098,209.70000000000005,0.3800932288169861,0.0440450221304499,0.5343346714973449,0.07192471368231902
0.3542119685847026,0.9880840567537701,521.1,25.70080016948071,213.89999999999998,0.3745491325855255,0.04896901434029279,0.5339944243431092,0.07327499210494445
0.37057600456934714,0.9880840567537701,516.8,26.38493847267158,218.20000000000005,0.3681944489479065,0.05254664505744749,0.5410205662250519,0.0732784627138922
0.38694004055399167,0.9880840567537701,510.8,26.445209589356452,224.2,0.3566387891769409,0.05388359795894431,0.545651113986969,0.07222571710320105
0.40330407653863615,0.9880840567537701,507.0,25.78374057087443,228.0,0.3449995040893555,0.05283041709530021,0.5390128195285797,0.07123602686511325
0.4196681125232807,0.9880840567537701,502.9,24.444443192451562,232.10000000000002,0.33818129301071165,0.05096567916775444,0.5388271927833557,0.07021705438844542
0.4360321485079252,0.9880840567537701,497.8,27.019497412085652,237.2,0.32370421290397644,0.05640714796496765,0.5358792424201966,0.06879126104780084
0.45239618449256974,0.9880840567537701,490.0,28.300581647902256,245.0,0.3157786726951599,0.057797676581356386,0.5493699967861175,0.07392088714976715
0.4687602204772143,0.9880840567537701,481.8,32.464210359497336,253.2,0.30887149572372435,0.05740408706925606,0.558087283372879,0.07628223684034788
0.4851242564618588,0.9880840567537701,473.8,29.330214730736216,261.2,0.2978996992111206,0.06464850324124433,0.5670128107070923,0.07739102386516492
0.5014882924465034,0.9880840567537701,463.3,30.209281126871012,271.7,0.28839313983917236,0.06724288369120995,0.5747987151145935,0.07349299961313963
0.5178523284311478,0.9880840567537701,442.2,42.56597342511832,292.8,0.26559224128723147,0.0781493298151046,0.5940255224704742,0.07755127320153471
0.5342163644157923,0.9880840567537701,431.2,48.700110203673454,303.8,0.25831074714660646,0.07948444965832295,0.6009452521800995,0.07299087309434936
0.5505804004004369,0.9880840567537701,405.2,61.821075938518014,329.8,0.2620490908622742,0.07876674379874211,0.618043965101242,0.06837675626161549
0.5669444363850814,0.9880840567537701,378.9,69.16962461287505,356.1,0.24245758652687072,0.07242208772679937,0.630809223651886,0.06813227174918142
0.5833084723697259,0.9880840567537701,331.0,101.8601697510586,404.0,0.23452547788619996,0.07590284571777758,0.6438973128795624,0.0681660747920021
0.5996725083543705,0.9880840567537701,265.8,124.1500026858973,469.2,0.1661730408668518,0.10944359095863754,0.6717537462711334,0.05940203388805063
0.616036544339015,0.9880840567537701,224.3,131.39611137440693,510.7,0.14916204214096068,0.09990679613619692,0.6814212322235107,0.055591389074496414
0.6324005803236595,0.9880840567537701,150.4,120.56550204540196,584.6,0.13211244344711304,0.0913258557606952,0.7020495176315308,0.03564881618714803
0.6487646163083041,0.9880840567537701,111.7,107.56501145140365,623.3,0.08400426506996155,0.0791140634315305,0.7041114270687103,0.03426595442950881
0.6651286522929486,0.9880840567537701,72.7,86.65964903097623,662.3,0.05063599944114685,0.060829618951834134,0.7096911072731018,0.02918731703754055
0.6814926882775931,0.9880840567537701,46.8,62.66878539435226,688.2,0.03882197737693786,0.04578096896955012,0.7100659489631653,0.027263837547256378
0.6978567242622375,0.9880840567537701,0.1,0.2262157162854099,734.9,0.0,0.0,0.7072571635246276,0.027356304090178446
0.05965932086110115,1.011449589680832,539.7,20.869821715978652,195.29999999999995,0.37438183426856997,0.039611207874608374,0.5191829383373261,0.05956453659174568
0.07602335684574568,1.011449589680832,539.7,20.869821715978652,195.29999999999995,0.37438183426856997,0.039611207874608374,0.5191829383373261,0.05956453659174568
0.0923873928303902,1.011449589680832,539.7,20.869821715978652,195.29999999999995,0.37438183426856997,0.039611207874608374,0.5191829383373261,0.05956453659174568
0.10875142881503472,1.011449589680832,539.7,20.869821715978652,195.29999999999995,0.37438183426856997,0.039611207874608374,0.5191829383373261,0.05956453659174568
0.12511546479967925,1.011449589680832,539.7,20.869821715978652,195.29999999999995,0.37438183426856997,0.039611207874608374,0.5191829383373261,0.05956453659174568
0.14147950078432378,1.011449589680832,539.7,20.869821715978652,195.29999999999995,0.37438183426856997,0.039611207874608374,0.5191829383373261,0.05956453659174568
0.15784353676896828,1.011449589680832,539.7,20.869821715978652,195.29999999999995,0.37438183426856997,0.039611207874608374,0.5191829383373261,0.05956453659174568
0.17420757275361282,1.011449589680832,539.7,20.869821715978652,195.29999999999995,0.37438183426856997,0.039611207874608374,0.5191829383373261,0.05956453659174568
0.19057160873825735,1.011449589680832,539.7,20.869821715978652,195.29999999999995,0.37438183426856997,0.039611207874608374,0.5191829383373261,0.05956453659174568
0.20693564472290188,1.011449589680832,539.7,20.869821715978652,195.29999999999995,0.37438183426856997,0.039611207874608374,0.5191829383373261,0.05956453659174568
0.2232996807075464,1.011449589680832,539.7,20.869821715978652,195.29999999999995,0.37438183426856997,0.039611207874608374,0.5191829383373261,0.05956453659174568
0.23966371669219091,1.011449589680832,539.7,20.869821715978652,195.29999999999995,0.37438183426856997,0.039611207874608374,0.5191829383373261,0.05956453659174568
0.2560277526768354,1.011449589680832,539.7,20.869821715978652,195.29999999999995,0.37438183426856997,0.039611207874608374,0.5191829383373261,0.05956453659174568
0.27239178866147995,1.011449589680832,539.7,20.869821715978652,195.29999999999995,0.37438183426856997,0.039611207874608374,0.5191829383373261,0.05956453659174568
0.2887558246461245,1.011449589680832,539.7,20.869821715978652,195.29999999999995,0.37438183426856997,0.039611207874608374,0.5191829383373261,0.05956453659174568
0.305119860630769,1.011449589680832,539.3,20.801598098232073,195.70000000000005,0.3727332830429077,0.040020650900431255,0.5195037961006165,0.059348198902537314
0.32148389661541354,1.011449589680832,535.9,22.904954127207127,199.10000000000002,0.3679908990859985,0.04315520766337008,0.5170200884342193,0.060854355179003616
0.3378479326000581,1.011449589680832,529.6,26.736873076600848,205.39999999999998,0.3772589325904846,0.042375633384233564,0.5263962984085083,0.07090650722848761
0.3542119685847026,1.011449589680832,524.0,27.35454302865527,211.0,0.3675147473812103,0.046875351962872416,0.527957808971405,0.07207106166062693
0.37057600456934714,1.011449589680832,518.9,27.301382819187573,216.10000000000002,0.3607351064682007,0.04975099811612005,0.5366645097732544,0.07296615591733925
0.38694004055399167,1.011449589680832,512.9,27.620250359846885,222.10000000000002,0.3491794466972351,0.0501939334917342,0.5412950575351715,0.0720681566285474
0.40330407653863615,1.011449589680832,509.1,27.15520527990934,225.89999999999998,0.33754016160964967,0.04804486816337053,0.5346567630767822,0.0708445667141035
0.4196681125232807,1.011449589680832,505.0,26.075388873671724,230.0,0.33072195053100584,0.04535328070111935,0.5344711363315582,0.06981329603930507
0.4360321485079252,1.011449589680832,499.9,28.71633067256349,235.10000000000002,0.31624487042427063,0.050183477163512256,0.5315231859683991,0.06827221995979653
0.45239618449256974,1.011449589680832,490.1,28.295457906842806,244.89999999999998,0.31611867547035216,0.05801758970938173,0.5493210911750793,0.07397314635569405
0.4687602204772143,1.011449589680832,481.8,32.464210359497336,253.2,0.30887149572372435,0.05740408706925606,0.558087283372879,0.07628223684034788
0.4851242564618588,1.011449589680832,473.8,29.330214730736216,261.2,0.2978996992111206,0.06464850324124433,0.5670128107070923,0.07739102386516492
0.5014882924465034,1.011449589680832,463.3,30.209281126871012,271.7,0.28839313983917236,0.06724288369120995,0.5747987151145935,0.07349299961313963
0.5178523284311478,1.011449589680832,442.2,42.56597342511832,292.8,0.26559224128723147,0.0781493298151046,0.5940255224704742,0.07755127320153471
0.5342163644157923,1.011449589680832,431.2,48.700110203673454,303.8,0.25831074714660646,0.07948444965832295,0.6009452521800995,0.07299087309434936
0.5505804004004369,1.011449589680832,405.2,61.821075938518014,329.8,0.2620490908622742,0.07876674379874211,0.618043965101242,0.06837675626161549
0.5669444363850814,1.011449589680832,378.9,69.16962461287505,356.1,0.24245758652687072,0.07242208772679937,0.630809223651886,0.06813227174918142
0.5833084723697259,1.011449589680832,331.0,101.8601697510586,404.0,0.23452547788619996,0.07590284571777758,0.6438973128795624,0.0681660747920021
0.5996725083543705,1.011449589680832,265.8,124.1500026858973,469.2,0.1661730408668518,0.10944359095863754,0.6717537462711334,0.05940203388805063
0.616036544339015,1.011449589680832,224.3,131.39611137440693,510.7,0.14916204214096068,0.09990679613619692,0.6814212322235107,0.055591389074496414
0.6324005803236595,1.011449589680832,150.4,120.56550204540196,584.6,0.13211244344711304,0.0913258557606952,0.7020495176315308,0.03564881618714803
0.6487646163083041,1.011449589680832,111.7,107.56501145140365,623.3,0.08400426506996155,0.0791140634315305,0.7041114270687103,0.03426595442950881
0.6651286522929486,1.011449589680832,72.7,86.65964903097623,662.3,0.05063599944114685,0.060829618951834134,0.7096911072731018,0.02918731703754055
0.6814926882775931,1.011449589680832,46.8,62.66878539435226,688.2,0.03882197737693786,0.04578096896955012,0.7100659489631653,0.027263837547256378
0.6978567242622375,1.011449589680832,0.1,0.2262157162854099,734.9,0.0,0.0,0.7072571635246276,0.027356304090178446
0.05965932086110115,1.0348151226078937,550.6,21.016834736519556,184.39999999999998,0.3969584941864014,0.051527084716628355,0.4998135268688202,0.06537507892636153
0.07602335684574568,1.0348151226078937,549.9,21.75660024623073,185.10000000000002,0.38417019248008727,0.04082288684754559,0.5030995070934295,0.061606579396124184
0.0923873928303902,1.0348151226078937,549.9,21.75660024623073,185.10000000000002,0.38417019248008727,0.04082288684754559,0.5030995070934295,0.061606579396124184
0.10875142881503472,1.0348151226078937,549.9,21.75660024623073,185.10000000000002,0.38417019248008727,0.04082288684754559,0.5030995070934295,0.061606579396124184
0.12511546479967925,1.0348151226078937,549.9,21.75660024623073,185.10000000000002,0.38417019248008727,0.04082288684754559,0.5030995070934295,0.061606579396124184
0.14147950078432378,1.0348151226078937,549.9,21.75660024623073,185.10000000000002,0.38417019248008727,0.04082288684754559,0.5030995070934295,0.061606579396124184
0.15784353676896828,1.0348151226078937,549.9,21.75660024623073,185.10000000000002,0.38417019248008727,0.04082288684754559,0.5030995070934295,0.061606579396124184
0.17420757275361282,1.0348151226078937,549.9,21.75660024623073,185.10000000000002,0.38417019248008727,0.04082288684754559,0.5030995070934295,0.061606579396124184
0.19057160873825735,1.0348151226078937,549.9,21.75660024623073,185.10000000000002,0.38417019248008727,0.04082288684754559,0.5030995070934295,0.061606579396124184
0.20693564472290188,1.0348151226078937,549.9,21.75660024623073,185.10000000000002,0.38417019248008727,0.04082288684754559,0.5030995070934295,0.061606579396124184
0.2232996807075464,1.0348151226078937,549.9,21.75660024623073,185.10000000000002,0.38417019248008727,0.04082288684754559,0.5030995070934295,0.061606579396124184
0.23966371669219091,1.0348151226078937,549.9,21.75660024623073,185.10000000000002,0.38417019248008727,0.04082288684754559,0.5030995070934295,0.061606579396124184
0.2560277526768354,1.0348151226078937,549.9,21.75660024623073,185.10000000000002,0.38417019248008727,0.04082288684754559,0.5030995070934295,0.061606579396124184
0.27239178866147995,1.0348151226078937,549.9,21.75660024623073,185.10000000000002,0.38417019248008727,0.04082288684754559,0.5030995070934295,0.061606579396124184
0.2887558246461245,1.0348151226078937,549.2,21.970762708157963,185.79999999999995,0.3805224061012268,0.040822284393397246,0.5025743067264556,0.06146005662277657
0.305119860630769,1.0348151226078937,548.5,22.12151191863792,186.5,0.3787296056747437,0.04167250128124768,0.5019401967525482,0.06087850512425599
0.32148389661541354,1.0348151226078937,545.1,24.83672750384509,189.89999999999998,0.3739872217178345,0.04505169176459631,0.49945648908615115,0.06194859766382627
0.3378479326000581,1.0348151226078937,534.3,27.532826667686546,200.70000000000005,0.3808366596698761,0.0439142516826955,0.5278816998004914,0.07332348565674746
0.3542119685847026,1.0348151226078937,527.3,27.18366701169872,207.70000000000005,0.37002495527267454,0.047091515064365805,0.5280371963977813,0.07426543422904053
0.37057600456934714,1.0348151226078937,522.2,27.48063208054621,212.79999999999995,0.3632453143596649,0.05014805113748745,0.5367438971996308,0.07512915993832008
0.38694004055399167,1.0348151226078937,516.2,28.199543041984327,218.79999999999995,0.35168965458869933,0.050912501141102844,0.5413744449615479,0.07425450777028836
0.40330407653863615,1.0348151226078937,512.4,28.000027398418627,222.60000000000002,0.3400503695011139,0.049134371666612046,0.5347361505031586,0.0730716405531581
0.4196681125232807,1.0348151226078937,507.8,27.275024445113726,227.2,0.3323832929134369,0.046116274897634944,0.5356167793273926,0.07088554620014656
0.4360321485079252,1.0348151226078937,500.4,28.620634261218456,234.60000000000002,0.31475083231925965,0.04914775640632381,0.531201308965683,0.06860072959503466
0.45239618449256974,1.0348151226078937,490.1,28.295457906842806,244.89999999999998,0.31611867547035216,0.05801758970938173,0.5493210911750793,0.07397314635569405
0.4687602204772143,1.0348151226078937,481.8,32.464210359497336,253.2,0.30887149572372435,0.05740408706925606,0.558087283372879,0.07628223684034788
0.4851242564618588,1.0348151226078937,473.8,29.330214730736216,261.2,0.2978996992111206,0.06464850324124433,0.5670128107070923,0.07739102386516492
0.5014882924465034,1.0348151226078937,463.3,30.209281126871012,271.7,0.28839313983917236,0.06724288369120995,0.5747987151145935,0.07349299961313963
0.5178523284311478,1.0348151226078937,442.2,42.56597342511832,292.8,0.26559224128723147,0.0781493298151046,0.5940255224704742,0.07755127320153471
0.5342163644157923,1.0348151226078937,431.2,48.700110203673454,303.8,0.25831074714660646,0.07948444965832295,0.6009452521800995,0.07299087309434936
0.5505804004004369,1.0348151226078937,405.2,61.821075938518014,329.8,0.2620490908622742,0.07876674379874211,0.618043965101242,0.06837675626161549
0.5669444363850814,1.0348151226078937,378.9,69.16962461287505,356.1,0.24245758652687072,0.07242208772679937,0.630809223651886,0.06813227174918142
0.5833084723697259,1.0348151226078937,331.0,101.8601697510586,404.0,0.23452547788619996,0.07590284571777758,0.6438973128795624,0.0681660747920021
0.5996725083543705,1.0348151226078937,265.8,124.1500026858973,469.2,0.1661730408668518,0.10944359095863754,0.6717537462711334,0.05940203388805063
0.616036544339015,1.0348151226078937,224.3,131.39611137440693,510.7,0.14916204214096068,0.09990679613619692,0.6814212322235107,0.055591389074496414
0.6324005803236595,1.0348151226078937,150.4,120.56550204540196,584.6,0.13211244344711304,0.0913258557606952,0.7020495176315308,0.03564881618714803
0.6487646163083041,1.0348151226078937,111.7,107.56501145140365,623.3,0.08400426506996155,0.0791140634315305,0.7041114270687103,0.03426595442950881
0.6651286522929486,1.0348151226078937,72.7,86.65964903097623,662.3,0.05063599944114685,0.060829618951834134,0.7096911072731018,0.02918731703754055
0.6814926882775931,1.0348151226078937,46.8,62.66878539435226,688.2,0.03882197737693786,0.04578096896955012,0.7100659489631653,0.027263837547256378
0.6978567242622375,1.0348151226078937,0.1,0.2262157162854099,734.9,0.0,0.0,0.7072571635246276,0.027356304090178446
0.05965932086110115,1.0581806555349558,559.1,21.44864870330324,175.89999999999998,0.4083288609981537,0.05219549652481543,0.48926080465316774,0.07131697449030214
0.07602335684574568,1.0581806555349558,558.1,22.013810105001856,176.89999999999998,0.3949211299419403,0.039339480195785724,0.4935525059700012,0.0651508015761164
0.0923873928303902,1.0581806555349558,558.0,22.082279656015107,177.0,0.3939785897731781,0.03916740099706523,0.493525493144989,0.06518691500488623
0.10875142881503472,1.0581806555349558,558.0,22.082279656015107,177.0,0.3939785897731781,0.03916740099706523,0.493525493144989,0.06518691500488623
0.12511546479967925,1.0581806555349558,558.0,22.082279656015107,177.0,0.3939785897731781,0.03916740099706523,0.493525493144989,0.06518691500488623
0.14147950078432378,1.0581806555349558,558.0,22.082279656015107,177.0,0.3939785897731781,0.03916740099706523,0.493525493144989,0.06518691500488623
0.15784353676896828,1.0581806555349558,558.0,22.082279656015107,177.0,0.3939785897731781,0.03916740099706523,0.493525493144989,0.06518691500488623
0.17420757275361282,1.0581806555349558,558.0,22.082279656015107,177.0,0.3939785897731781,0.03916740099706523,0.493525493144989,0.06518691500488623
0.19057160873825735,1.0581806555349558,558.0,22.082279656015107,177.0,0.3939785897731781,0.03916740099706523,0.493525493144989,0.06518691500488623
0.20693564472290188,1.0581806555349558,558.0,22.082279656015107,177.0,0.3939785897731781,0.03916740099706523,0.493525493144989,0.06518691500488623
0.2232996807075464,1.0581806555349558,558.0,22.082279656015107,177.0,0.3939785897731781,0.03916740099706523,0.493525493144989,0.06518691500488623
0.23966371669219091,1.0581806555349558,558.0,22.082279656015107,177.0,0.3939785897731781,0.03916740099706523,0.493525493144989,0.06518691500488623
0.2560277526768354,1.0581806555349558,558.0,22.082279656015107,177.0,0.3939785897731781,0.03916740099706523,0.493525493144989,0.06518691500488623
0.27239178866147995,1.0581806555349558,558.0,22.082279656015107,177.0,0.3939785897731781,0.03916740099706523,0.493525493144989,0.06518691500488623
0.2887558246461245,1.0581806555349558,555.4,23.02565362484568,179.60000000000002,0.3878069221973419,0.04307276126848838,0.4955434322357178,0.06529966430180666
0.305119860630769,1.0581806555349558,554.7,23.27580299512842,180.29999999999995,0.38601412177085875,0.04404829809277328,0.4949093222618103,0.06471344524622406
0.32148389661541354,1.0581806555349558,550.7,26.523035723663227,184.29999999999995,0.3782401502132416,0.04755037621657348,0.4912861526012421,0.06637349512240012
0.3378479326000581,1.0581806555349558,537.0,26.89124625527627,198.0,0.38277241587638855,0.044028520167698766,0.5228394389152526,0.07924448360030087
0.3542119685847026,1.0581806555349558,530.0,26.935612563586787,205.0,0.371960711479187,0.04744955139661504,0.5229949355125427,0.08012241242181263
0.37057600456934714,1.0581806555349558,524.9,27.521259380871477,210.10000000000002,0.3651810705661774,0.05063200910907589,0.531701636314392,0.08123152849818747
0.38694004055399167,1.0581806555349558,518.9,28.563460648976253,216.10000000000002,0.3536254107952118,0.0516361677619478,0.5363321840763092,0.0805881757730254
0.40330407653863615,1.0581806555349558,514.7,28.458960076069534,220.29999999999995,0.34075756669044494,0.04937024565350496,0.5305910050868988,0.07805701553742976
0.4196681125232807,1.0581806555349558,507.8,27.275024445113726,227.2,0.3323832929134369,0.046116274897634944,0.5356167793273926,0.07088554620014656
0.4360321485079252,1.0581806555349558,500.4,28.620634261218456,234.60000000000002,0.31475083231925965,0.04914775640632381,0.531201308965683,0.06860072959503466
0.45239618449256974,1.0581806555349558,490.1,28.295457906842806,244.89999999999998,0.31611867547035216,0.05801758970938173,0.5493210911750793,0.07397314635569405
0.4687602204772143,1.0581806555349558,481.8,32.464210359497336,253.2,0.30887149572372435,0.05740408706925606,0.558087283372879,0.07628223684034788
0.4851242564618588,1.0581806555349558,473.8,29.330214730736216,261.2,0.2978996992111206,0.06464850324124433,0.5670128107070923,0.07739102386516492
0.5014882924465034,1.0581806555349558,463.3,30.209281126871012,271.7,0.28839313983917236,0.06724288369120995,0.5747987151145935,0.07349299961313963
0.5178523284311478,1.0581806555349558,442.2,42.56597342511832,292.8,0.26559224128723147,0.0781493298151046,0.5940255224704742,0.07755127320153471
0.5342163644157923,1.0581806555349558,431.2,48.700110203673454,303.8,0.25831074714660646,0.07948444965832295,0.6009452521800995,0.07299087309434936
0.5505804004004369,1.0581806555349558,405.2,61.821075938518014,329.8,0.2620490908622742,0.07876674379874211,0.618043965101242,0.06837675626161549
0.5669444363850814,1.0581806555349558,378.9,69.16962461287505,356.1,0.24245758652687072,0.07242208772679937,0.630809223651886,0.06813227174918142
0.5833084723697259,1.0581806555349558,331.0,101.8601697510586,404.0,0.23452547788619996,0.07590284571777758,0.6438973128795624,0.0681660747920021
0.5996725083543705,1.0581806555349558,265.8,124.1500026858973,469.2,0.1661730408668518,0.10944359095863754,0.6717537462711334,0.05940203388805063
0.616036544339015,1.0581806555349558,224.3,131.39611137440693,510.7,0.14916204214096068,0.09990679613619692,0.6814212322235107,0.055591389074496414
0.6324005803236595,1.0581806555349558,150.4,120.56550204540196,584.6,0.13211244344711304,0.0913258557606952,0.7020495176315308,0.03564881618714803
0.6487646163083041,1.0581806555349558,111.7,107.56501145140365,623.3,0.08400426506996155,0.0791140634315305,0.7041114270687103,0.03426595442950881
0.6651286522929486,1.0581806555349558,72.7,86.65964903097623,662.3,0.05063599944114685,0.060829618951834134,0.7096911072731018,0.02918731703754055
0.6814926882775931,1.0581806555349558,46.8,62.66878539435226,688.2,0.03882197737693786,0.04578096896955012,0.7100659489631653,0.027263837547256378
0.6978567242622375,1.0581806555349558,0.1,0.2262157162854099,734.9,0.0,0.0,0.7072571635246276,0.027356304090178446
0.05965932086110115,1.0815461884620174,563.3,20.935107223810487,171.70000000000005,0.4302620828151703,0.0568044168337421,0.4867588460445404,0.07265104175614813
0.07602335684574568,1.0815461884620174,562.0,21.274435893928544,173.0,0.4157395899295807,0.04248366606993115,0.49233036041259765,0.06631977771559236
0.0923873928303902,1.0815461884620174,560.7,21.51904869214997,174.29999999999995,0.4041170835494995,0.03866556476164375,0.49300662279129026,0.06651915732575012
0.10875142881503472,1.0815461884620174,560.7,21.51904869214997,174.29999999999995,0.4041170835494995,0.03866556476164375,0.49300662279129026,0.06651915732575012
0.12511546479967925,1.0815461884620174,560.7,21.51904869214997,174.29999999999995,0.4041170835494995,0.03866556476164375,0.49300662279129026,0.06651915732575012
0.14147950078432378,1.0815461884620174,560.7,21.51904869214997,174.29999999999995,0.4041170835494995,0.03866556476164375,0.49300662279129026,0.06651915732575012
0.15784353676896828,1.0815461884620174,560.7,21.51904869214997,174.29999999999995,0.4041170835494995,0.03866556476164375,0.49300662279129026,0.06651915732575012
0.17420757275361282,1.0815461884620174,560.7,21.51904869214997,174.29999999999995,0.4041170835494995,0.03866556476164375,0.49300662279129026,0.06651915732575012
0.19057160873825735,1.0815461884620174,560.7,21.51904869214997,174.29999999999995,0.4041170835494995,0.03866556476164375,0.49300662279129026,0.06651915732575012
0.20693564472290188,1.0815461884620174,560.7,21.51904869214997,174.29999999999995,0.4041170835494995,0.03866556476164375,0.49300662279129026,0.06651915732575012
0.2232996807075464,1.0815461884620174,560.7,21.51904869214997,174.29999999999995,0.4041170835494995,0.03866556476164375,0.49300662279129026,0.06651915732575012
0.23966371669219091,1.0815461884620174,560.7,21.51904869214997,174.29999999999995,0.4041170835494995,0.03866556476164375,0.49300662279129026,0.06651915732575012
0.2560277526768354,1.0815461884620174,560.7,21.51904869214997,174.29999999999995,0.4041170835494995,0.03866556476164375,0.49300662279129026,0.06651915732575012
0.27239178866147995,1.0815461884620174,560.1,21.75660024623073,174.89999999999998,0.40306487679481506,0.03958445292970104,0.4949363172054291,0.0664893684073651
0.2887558246461245,1.0815461884620174,557.3,22.88906118575583,177.70000000000005,0.39547412395477294,0.04502375708657383,0.49664853811264037,0.06654314616182735
0.305119860630769,1.0815461884620174,556.2,23.081394547690586,178.79999999999995,0.39146544337272643,0.044581528826490066,0.49214125871658326,0.0655906937374403
0.32148389661541354,1.0815461884620174,551.3,26.604374565540656,183.70000000000005,0.3806144654750824,0.04813286489050072,0.49065322875976564,0.06606030757315695
0.3378479326000581,1.0815461884620174,537.6,27.144210230555238,197.39999999999998,0.3851467311382294,0.04451974460185426,0.5222065150737762,0.0791259893339254
0.3542119685847026,1.0815461884620174,530.6,27.275858301468958,204.39999999999998,0.3743350267410278,0.04820942973504633,0.5223620116710663,0.08000591789790819
0.37057600456934714,1.0815461884620174,525.5,27.91674660907664,209.5,0.36755538582801817,0.051522760865035294,0.5310687124729156,0.08115524528388593
0.38694004055399167,1.0815461884620174,519.3,28.96591915991739,215.70000000000005,0.35470105409622193,0.052052877803995284,0.5356887698173523,0.08054645469676348
0.40330407653863615,1.0815461884620174,514.9,28.674719672252536,220.10000000000002,0.34136941432952883,0.049694064093858036,0.5300293982028961,0.07799441001281553
0.4196681125232807,1.0815461884620174,507.8,27.275024445113726,227.2,0.3323832929134369,0.046116274897634944,0.5356167793273926,0.07088554620014656
0.4360321485079252,1.0815461884620174,500.4,28.620634261218456,234.60000000000002,0.31475083231925965,0.04914775640632381,0.531201308965683,0.06860072959503466
0.45239618449256974,1.0815461884620174,490.1,28.295457906842806,244.89999999999998,0.31611867547035216,0.05801758970938173,0.5493210911750793,0.07397314635569405
0.4687602204772143,1.0815461884620174,481.8,32.464210359497336,253.2,0.30887149572372435,0.05740408706925606,0.558087283372879,0.07628223684034788
0.4851242564618588,1.0815461884620174,473.8,29.330214730736216,261.2,0.2978996992111206,0.06464850324124433,0.5670128107070923,0.07739102386516492
0.5014882924465034,1.0815461884620174,463.3,30.209281126871012,271.7,0.28839313983917236,0.06724288369120995,0.5747987151145935,0.07349299961313963
0.5178523284311478,1.0815461884620174,442.2,42.56597342511832,292.8,0.26559224128723147,0.0781493298151046,0.5940255224704742,0.07755127320153471
0.5342163644157923,1.0815461884620174,431.2,48.700110203673454,303.8,0.25831074714660646,0.07948444965832295,0.6009452521800995,0.07299087309434936
0.5505804004004369,1.0815461884620174,405.2,61.821075938518014,329.8,0.2620490908622742,0.07876674379874211,0.618043965101242,0.06837675626161549
0.5669444363850814,1.0815461884620174,378.9,69.16962461287505,356.1,0.24245758652687072,0.07242208772679937,0.630809223651886,0.06813227174918142
0.5833084723697259,1.0815461884620174,331.0,101.8601697510586,404.0,0.23452547788619996,0.07590284571777758,0.6438973128795624,0.0681660747920021
0.5996725083543705,1.0815461884620174,265.8,124.1500026858973,469.2,0.1661730408668518,0.10944359095863754,0.6717537462711334,0.05940203388805063
0.616036544339015,1.0815461884620174,224.3,131.39611137440693,510.7,0.14916204214096068,0.09990679613619692,0.6814212322235107,0.055591389074496414
0.6324005803236595,1.0815461884620174,150.4,120.56550204540196,584.6,0.13211244344711304,0.0913258557606952,0.7020495176315308,0.03564881618714803
0.6487646163083041,1.0815461884620174,111.7,107.56501145140365,623.3,0.08400426506996155,0.0791140634315305,0.7041114270687103,0.03426595442950881
0.6651286522929486,1.0815461884620174,72.7,86.65964903097623,662.3,0.05063599944114685,0.060829618951834134,0.7096911072731018,0.02918731703754055
0.6814926882775931,1.0815461884620174,46.8,62.66878539435226,688.2,0.03882197737693786,0.04578096896955012,0.7100659489631653,0.027263837547256378
0.6978567242622375,1.0815461884620174,0.1,0.2262157162854099,734.9,0.0,0.0,0.7072571635246276,0.027356304090178446
0.05965932086110115,1.1049117213890791,570.4,21.862838414784065,164.60000000000002,0.45071887969970703,0.06523904038117706,0.4814235508441925,0.07396382554014712
0.07602335684574568,1.1049117213890791,569.1,21.985379831421664,165.89999999999998,0.43959419131278993,0.05416908269077056,0.48732523918151854,0.0678855874441884
0.0923873928303902,1.1049117213890791,566.9,21.049950121085622,168.10000000000002,0.4196754038333893,0.04636714289571068,0.4903774559497833,0.07027480098542635
0.10875142881503472,1.1049117213890791,565.8,21.8331698785013,169.20000000000005,0.4112627446651459,0.04099876902504036,0.49048563838005066,0.0701543817369391
0.12511546479967925,1.1049117213890791,565.8,21.8331698785013,169.20000000000005,0.4112627446651459,0.04099876902504036,0.49048563838005066,0.0701543817369391
0.14147950078432378,1.1049117213890791,565.8,21.8331698785013,169.20000000000005,0.4112627446651459,0.04099876902504036,0.49048563838005066,0.0701543817369391
0.15784353676896828,1.1049117213890791,565.8,21.8331698785013,169.20000000000005,0.4112627446651459,0.04099876902504036,0.49048563838005066,0.0701543817369391
0.17420757275361282,1.1049117213890791,565.8,21.8331698785013,169.20000000000005,0.4112627446651459,0.04099876902504036,0.49048563838005066,0.0701543817369391
0.19057160873825735,1.1049117213890791,565.8,21.8331698785013,169.20000000000005,0.4112627446651459,0.04099876902504036,0.49048563838005066,0.0701543817369391
0.20693564472290188,1.1049117213890791,565.8,21.8331698785013,169.20000000000005,0.4112627446651459,0.04099876902504036,0.49048563838005066,0.0701543817369391
0.2232996807075464,1.1049117213890791,565.8,21.8331698785013,169.20000000000005,0.4112627446651459,0.04099876902504036,0.49048563838005066,0.0701543817369391
0.23966371669219091,1.1049117213890791,565.8,21.8331698785013,169.20000000000005,0.4112627446651459,0.04099876902504036,0.49048563838005066,0.0701543817369391
0.2560277526768354,1.1049117213890791,565.7,21.911807472531674,169.29999999999995,0.41049288511276244,0.041361459225178844,0.4899661302566528,0.07017728849967249
0.27239178866147995,1.1049117213890791,565.0,22.25157362636753,170.0,0.40881128907203673,0.042341249230854326,0.4917141437530518,0.07001094555055012
0.2887558246461245,1.1049117213890791,559.8,24.06313378453726,175.20000000000005,0.39622960686683656,0.0478787405243331,0.49376187920570375,0.07231499489556101
0.305119860630769,1.1049117213890791,557.7,23.77370646750006,177.29999999999995,0.3899280369281769,0.045037203438680395,0.4940620303153992,0.06416638746665718
0.32148389661541354,1.1049117213890791,552.8,27.360362525163758,182.20000000000005,0.37907705903053285,0.048359473185204484,0.49257400035858157,0.06467148281638571
0.3378479326000581,1.1049117213890791,539.1,28.30148574120935,195.89999999999998,0.3836093246936798,0.04485306554749475,0.5241272866725921,0.07752701050163274
0.3542119685847026,1.1049117213890791,532.1,28.637019524905714,202.89999999999998,0.3727976202964783,0.04832221632809301,0.5242827832698822,0.07842271622096866
0.37057600456934714,1.1049117213890791,526.8,29.270056493467973,208.20000000000005,0.36518651247024536,0.05108564109908972,0.531636655330658,0.0812088205965445
0.38694004055399167,1.1049117213890791,519.3,28.96591915991739,215.70000000000005,0.35470105409622193,0.052052877803995284,0.5356887698173523,0.08054645469676348
0.40330407653863615,1.1049117213890791,514.9,28.674719672252536,220.10000000000002,0.34136941432952883,0.049694064093858036,0.5300293982028961,0.07799441001281553
0.4196681125232807,1.1049117213890791,507.8,27.275024445113726,227.2,0.3323832929134369,0.046116274897634944,0.5356167793273926,0.07088554620014656
0.4360321485079252,1.1049117213890791,500.4,28.620634261218456,234.60000000000002,0.31475083231925965,0.04914775640632381,0.531201308965683,0.06860072959503466
0.45239618449256974,1.1049117213890791,490.1,28.295457906842806,244.89999999999998,0.31611867547035216,0.05801758970938173,0.5493210911750793,0.07397314635569405
0.4687602204772143,1.1049117213890791,481.8,32.464210359497336,253.2,0.30887149572372435,0.05740408706925606,0.558087283372879,0.07628223684034788
0.4851242564618588,1.1049117213890791,473.8,29.330214730736216,261.2,0.2978996992111206,0.06464850324124433,0.5670128107070923,0.07739102386516492
0.5014882924465034,1.1049117213890791,463.3,30.209281126871012,271.7,0.28839313983917236,0.06724288369120995,0.5747987151145935,0.07349299961313963
0.5178523284311478,1.1049117213890791,442.2,42.56597342511832,292.8,0.26559224128723147,0.0781493298151046,0.5940255224704742,0.07755127320153471
0.5342163644157923,1.1049117213890791,431.2,48.700110203673454,303.8,0.25831074714660646,0.07948444965832295,0.6009452521800995,0.07299087309434936
0.5505804004004369,1.1049117213890791,405.2,61.821075938518014,329.8,0.2620490908622742,0.07876674379874211,0.618043965101242,0.06837675626161549
0.5669444363850814,1.1049117213890791,378.9,69.16962461287505,356.1,0.24245758652687072,0.07242208772679937,0.630809223651886,0.06813227174918142
0.5833084723697259,1.1049117213890791,331.0,101.8601697510586,404.0,0.23452547788619996,0.07590284571777758,0.6438973128795624,0.0681660747920021
0.5996725083543705,1.1049117213890791,265.8,124.1500026858973,469.2,0.1661730408668518,0.10944359095863754,0.6717537462711334,0.05940203388805063
0.616036544339015,1.1049117213890791,224.3,131.39611137440693,510.7,0.14916204214096068,0.09990679613619692,0.6814212322235107,0.055591389074496414
0.6324005803236595,1.1049117213890791,150.4,120.56550204540196,584.6,0.13211244344711304,0.0913258557606952,0.7020495176315308,0.03564881618714803
0.6487646163083041,1.1049117213890791,111.7,107.56501145140365,623.3,0.08400426506996155,0.0791140634315305,0.7041114270687103,0.03426595442950881
0.6651286522929486,1.1049117213890791,72.7,86.65964903097623,662.3,0.05063599944114685,0.060829618951834134,0.7096911072731018,0.02918731703754055
0.6814926882775931,1.1049117213890791,46.8,62.66878539435226,688.2,0.03882197737693786,0.04578096896955012,0.7100659489631653,0.027263837547256378
0.6978567242622375,1.1049117213890791,0.1,0.2262157162854099,734.9,0.0,0.0,0.7072571635246276,0.027356304090178446
0.05965932086110115,1.1282772543161412,577.0,22.676801382902518,158.0,0.4679930627346039,0.08244553889041242,0.4736900806427002,0.07842210823245774
0.07602335684574568,1.1282772543161412,575.7,22.61666975692784,159.29999999999995,0.459935063123703,0.07407131687180057,0.48096996545791626,0.07029432538812827
0.0923873928303902,1.1282772543161412,573.0,20.779582418448726,162.0,0.4423844277858734,0.06061413216555826,0.48681458830833435,0.07321564080024129
0.10875142881503472,1.1282772543161412,569.8,21.07519093048298,165.20000000000005,0.41449877619743347,0.0448154930340438,0.4917587101459503,0.07320406361775553
0.12511546479967925,1.1282772543161412,569.8,21.07519093048298,165.20000000000005,0.41449877619743347,0.0448154930340438,0.4917587101459503,0.07320406361775553
0.14147950078432378,1.1282772543161412,569.8,21.07519093048298,165.20000000000005,0.41449877619743347,0.0448154930340438,0.4917587101459503,0.07320406361775553
0.15784353676896828,1.1282772543161412,569.8,21.07519093048298,165.20000000000005,0.41449877619743347,0.0448154930340438,0.4917587101459503,0.07320406361775553
0.17420757275361282,1.1282772543161412,569.8,21.07519093048298,165.20000000000005,0.41449877619743347,0.0448154930340438,0.4917587101459503,0.07320406361775553
0.19057160873825735,1.1282772543161412,569.8,21.07519093048298,165.20000000000005,0.41449877619743347,0.0448154930340438,0.4917587101459503,0.07320406361775553
0.20693564472290188,1.1282772543161412,569.8,21.07519093048298,165.20000000000005,0.41449877619743347,0.0448154930340438,0.4917587101459503,0.07320406361775553
0.2232996807075464,1.1282772543161412,569.8,21.07519093048298,165.20000000000005,0.41449877619743347,0.0448154930340438,0.4917587101459503,0.07320406361775553
0.23966371669219091,1.1282772543161412,569.8,21.07519093048298,165.20000000000005,0.41449877619743347,0.0448154930340438,0.4917587101459503,0.07320406361775553
0.2560277526768354,1.1282772543161412,567.9,22.191314661016413,167.10000000000002,0.4156361758708954,0.0439155668350508,0.48866588473320005,0.07298443439035977
0.27239178866147995,1.1282772543161412,567.2,22.56570276172849,167.79999999999995,0.4139545798301697,0.04494912204690197,0.490413898229599,0.0728422473402426
0.2887558246461245,1.1282772543161412,560.7,23.634580960213654,174.29999999999995,0.39809101819992065,0.04865043220163247,0.49265973567962645,0.07284621012686142
0.305119860630769,1.1282772543161412,558.2,23.63157354925981,176.79999999999995,0.39261011481285096,0.04648336402862522,0.49293678998947144,0.06477374396756572
0.32148389661541354,1.1282772543161412,553.3,27.28805053930459,181.70000000000005,0.3817591369152069,0.050040862464837604,0.4914487600326538,0.06525955267741099
0.3378479326000581,1.1282772543161412,539.6,28.36921062405448,195.39999999999998,0.38629140257835387,0.046512613369054295,0.5230020463466645,0.07827657279674605
0.3542119685847026,1.1282772543161412,532.2,28.744730211908454,202.79999999999995,0.3728389501571655,0.04832210751443072,0.5238101601600647,0.07834885429858532
0.37057600456934714,1.1282772543161412,526.8,29.270056493467973,208.20000000000005,0.36518651247024536,0.05108564109908972,0.531636655330658,0.0812088205965445
0.38694004055399167,1.1282772543161412,519.3,28.96591915991739,215.70000000000005,0.35470105409622193,0.052052877803995284,0.5356887698173523,0.08054645469676348
0.40330407653863615,1.1282772543161412,514.9,28.674719672252536,220.10000000000002,0.34136941432952883,0.049694064093858036,0.5300293982028961,0.07799441001281553
0.4196681125232807,1.1282772543161412,507.8,27.275024445113726,227.2,0.3323832929134369,0.046116274897634944,0.5356167793273926,0.07088554620014656
0.4360321485079252,1.1282772543161412,500.4,28.620634261218456,234.60000000000002,0.31475083231925965,0.04914775640632381,0.531201308965683,0.06860072959503466
0.45239618449256974,1.1282772543161412,490.1,28.295457906842806,244.89999999999998,0.31611867547035216,0.05801758970938173,0.5493210911750793,0.07397314635569405
0.4687602204772143,1.1282772543161412,481.8,32.464210359497336,253.2,0.30887149572372435,0.05740408706925606,0.558087283372879,0.07628223684034788
0.4851242564618588,1.1282772543161412,473.8,29.330214730736216,261.2,0.2978996992111206,0.06464850324124433,0.5670128107070923,0.07739102386516492
0.5014882924465034,1.1282772543161412,463.3,30.209281126871012,271.7,0.28839313983917236,0.06724288369120995,0.5747987151145935,0.07349299961313963
0.5178523284311478,1.1282772543161412,442.2,42.56597342511832,292.8,0.26559224128723147,0.0781493298151046,0.5940255224704742,0.07755127320153471
0.5342163644157923,1.1282772543161412,431.2,48.700110203673454,303.8,0.25831074714660646,0.07948444965832295,0.6009452521800995,0.07299087309434936
0.5505804004004369,1.1282772543161412,405.2,61.821075938518014,329.8,0.2620490908622742,0.07876674379874211,0.618043965101242,0.06837675626161549
0.5669444363850814,1.1282772543161412,378.9,69.16962461287505,356.1,0.24245758652687072,0.07242208772679937,0.630809223651886,0.06813227174918142
0.5833084723697259,1.1282772543161412,331.0,101.8601697510586,404.0,0.23452547788619996,0.07590284571777758,0.6438973128795624,0.0681660747920021
0.5996725083543705,1.1282772543161412,265.8,124.1500026858973,469.2,0.1661730408668518,0.10944359095863754,0.6717537462711334,0.05940203388805063
0.616036544339015,1.1282772543161412,224.3,131.39611137440693,510.7,0.14916204214096068,0.09990679613619692,0.6814212322235107,0.055591389074496414
0.6324005803236595,1.1282772543161412,150.4,120.56550204540196,584.6,0.13211244344711304,0.0913258557606952,0.7020495176315308,0.03564881618714803
0.6487646163083041,1.1282772543161412,111.7,107.56501145140365,623.3,0.08400426506996155,0.0791140634315305,0.7041114270687103,0.03426595442950881
0.6651286522929486,1.1282772543161412,72.7,86.65964903097623,662.3,0.05063599944114685,0.060829618951834134,0.7096911072731018,0.02918731703754055
0.6814926882775931,1.1282772543161412,46.8,62.66878539435226,688.2,0.03882197737693786,0.04578096896955012,0.7100659489631653,0.027263837547256378
0.6978567242622375,1.1282772543161412,0.1,0.2262157162854099,734.9,0.0,0.0,0.7072571635246276,0.027356304090178446
0.05965932086110115,1.151642787243203,585.3,24.8014467418773,149.70000000000005,0.48162381649017333,0.08928980928825608,0.47198628783226015,0.07694109146221327
0.07602335684574568,1.151642787243203,584.0,24.47129456008715,151.0,0.47514215111732483,0.0829060423826545,0.4803193390369415,0.06753424026230523
0.0923873928303902,1.151642787243203,581.3,22.42732319838566,153.70000000000005,0.4610164761543274,0.07252082532554376,0.4873989403247833,0.07023881215061076
0.10875142881503472,1.151642787243203,575.9,21.26761949897558,159.10000000000002,0.4256889224052429,0.04768490059038529,0.4947690725326538,0.07229013733368822
0.12511546479967925,1.151642787243203,574.9,21.21408162377331,160.10000000000002,0.41982733011245726,0.042815904905975845,0.494116073846817,0.07145029283879817
0.14147950078432378,1.151642787243203,574.9,21.21408162377331,160.10000000000002,0.41982733011245726,0.042815904905975845,0.494116073846817,0.07145029283879817
0.15784353676896828,1.151642787243203,574.9,21.21408162377331,160.10000000000002,0.41982733011245726,0.042815904905975845,0.494116073846817,0.07145029283879817
0.17420757275361282,1.151642787243203,574.9,21.21408162377331,160.10000000000002,0.41982733011245726,0.042815904905975845,0.494116073846817,0.07145029283879817
0.19057160873825735,1.151642787243203,574.9,21.21408162377331,160.10000000000002,0.41982733011245726,0.042815904905975845,0.494116073846817,0.07145029283879817
0.20693564472290188,1.151642787243203,574.9,21.21408162377331,160.10000000000002,0.41982733011245726,0.042815904905975845,0.494116073846817,0.07145029283879817
0.2232996807075464,1.151642787243203,574.9,21.21408162377331,160.10000000000002,0.41982733011245726,0.042815904905975845,0.494116073846817,0.07145029283879817
0.23966371669219091,1.151642787243203,574.9,21.21408162377331,160.10000000000002,0.41982733011245726,0.042815904905975845,0.494116073846817,0.07145029283879817
0.2560277526768354,1.151642787243203,572.1,22.787982151535527,162.89999999999998,0.41816776990890503,0.04383822438635868,0.4897967517375946,0.07113801857487362
0.27239178866147995,1.151642787243203,569.5,21.940851385500636,165.5,0.41520254611968993,0.04492166183262845,0.49111045002937315,0.07202075228733223
0.2887558246461245,1.151642787243203,561.8,23.920937847276587,173.20000000000005,0.39999210834503174,0.04958467886846584,0.48908833861351014,0.07168023876347232
0.305119860630769,1.151642787243203,559.3,23.983252307817832,175.70000000000005,0.39451120495796205,0.047584956923904874,0.4893653929233551,0.06346849157962287
0.32148389661541354,1.151642787243203,554.4,27.704011969700215,180.60000000000002,0.383660227060318,0.05129494757895355,0.4878773629665375,0.06391695636145779
0.3378479326000581,1.151642787243203,540.3,29.069770893723213,194.70000000000005,0.38664132356643677,0.04646161510509104,0.5192734837532044,0.07818314627545526
0.3542119685847026,1.151642787243203,532.2,28.744730211908454,202.79999999999995,0.3728389501571655,0.04832210751443072,0.5238101601600647,0.07834885429858532
0.37057600456934714,1.151642787243203,526.8,29.270056493467973,208.20000000000005,0.36518651247024536,0.05108564109908972,0.531636655330658,0.0812088205965445
0.38694004055399167,1.151642787243203,519.3,28.96591915991739,215.70000000000005,0.35470105409622193,0.052052877803995284,0.5356887698173523,0.08054645469676348
0.40330407653863615,1.151642787243203,514.9,28.674719672252536,220.10000000000002,0.34136941432952883,0.049694064093858036,0.5300293982028961,0.07799441001281553
0.4196681125232807,1.151642787243203,507.8,27.275024445113726,227.2,0.3323832929134369,0.046116274897634944,0.5356167793273926,0.07088554620014656
0.4360321485079252,1.151642787243203,500.4,28.620634261218456,234.60000000000002,0.31475083231925965,0.04914775640632381,0.531201308965683,0.06860072959503466
0.45239618449256974,1.151642787243203,490.1,28.295457906842806,244.89999999999998,0.31611867547035216,0.05801758970938173,0.5493210911750793,0.07397314635569405
0.4687602204772143,1.151642787243203,481.8,32.464210359497336,253.2,0.30887149572372435,0.05740408706925606,0.558087283372879,0.07628223684034788
0.4851242564618588,1.151642787243203,473.8,29.330214730736216,261.2,0.2978996992111206,0.06464850324124433,0.5670128107070923,0.07739102386516492
0.5014882924465034,1.151642787243203,463.3,30.209281126871012,271.7,0.28839313983917236,0.06724288369120995,0.5747987151145935,0.07349299961313963
0.5178523284311478,1.151642787243203,442.2,42.56597342511832,292.8,0.26559224128723147,0.0781493298151046,0.5940255224704742,0.07755127320153471
0.5342163644157923,1.151642787243203,431.2,48.700110203673454,303.8,0.25831074714660646,0.07948444965832295,0.6009452521800995,0.07299087309434936
0.5505804004004369,1.151642787243203,405.2,61.821075938518014,329.8,0.2620490908622742,0.07876674379874211,0.618043965101242,0.06837675626161549
0.5669444363850814,1.151642787243203,378.9,69.16962461287505,356.1,0.24245758652687072,0.07242208772679937,0.630809223651886,0.06813227174918142
0.5833084723697259,1.151642787243203,331.0,101.8601697510586,404.0,0.23452547788619996,0.07590284571777758,0.6438973128795624,0.0681660747920021
0.5996725083543705,1.151642787243203,265.8,124.1500026858973,469.2,0.1661730408668518,0.10944359095863754,0.6717537462711334,0.05940203388805063
0.616036544339015,1.151642787243203,224.3,131.39611137440693,510.7,0.14916204214096068,0.09990679613619692,0.6814212322235107,0.055591389074496414
0.6324005803236595,1.151642787243203,150.4,120.56550204540196,584.6,0.13211244344711304,0.0913258557606952,0.7020495176315308,0.03564881618714803
0.6487646163083041,1.151642787243203,111.7,107.56501145140365,623.3,0.08400426506996155,0.0791140634315305,0.7041114270687103,0.03426595442950881
0.6651286522929486,1.151642787243203,72.7,86.65964903097623,662.3,0.05063599944114685,0.060829618951834134,0.7096911072731018,0.02918731703754055
0.6814926882775931,1.151642787243203,46.8,62.66878539435226,688.2,0.03882197737693786,0.04578096896955012,0.7100659489631653,0.027263837547256378
0.6978567242622375,1.151642787243203,0.1,0.2262157162854099,734.9,0.0,0.0,0.7072571635246276,0.027356304090178446
0.05965932086110115,1.1750083201702648,594.3,24.94318220537938,140.70000000000005,0.4980948269367218,0.09585335000407146,0.45613311529159545,0.08616555689065979
0.07602335684574568,1.1750083201702648,593.0,24.482909395123436,142.0,0.4925738751888275,0.09075185455211383,0.46537049412727355,0.07720804238266465
0.0923873928303902,1.1750083201702648,590.2,22.449495920856986,144.79999999999995,0.4797204852104187,0.08308553458314769,0.4741609632968903,0.07989453905781692
0.10875142881503472,1.1750083201702648,584.8,20.814577792823012,150.20000000000005,0.4520029008388519,0.06313469814664044,0.48303312063217163,0.08181349090557664
0.12511546479967925,1.1750083201702648,581.2,19.0218589071221,153.79999999999995,0.42895311713218687,0.04230367748727498,0.4878908395767212,0.08179311071204094
0.14147950078432378,1.1750083201702648,581.2,19.0218589071221,153.79999999999995,0.42895311713218687,0.04230367748727498,0.4878908395767212,0.08179311071204094
0.15784353676896828,1.1750083201702648,581.2,19.0218589071221,153.79999999999995,0.42895311713218687,0.04230367748727498,0.4878908395767212,0.08179311071204094
0.17420757275361282,1.1750083201702648,581.2,19.0218589071221,153.79999999999995,0.42895311713218687,0.04230367748727498,0.4878908395767212,0.08179311071204094
0.19057160873825735,1.1750083201702648,581.2,19.0218589071221,153.79999999999995,0.42895311713218687,0.04230367748727498,0.4878908395767212,0.08179311071204094
0.20693564472290188,1.1750083201702648,581.2,19.0218589071221,153.79999999999995,0.42895311713218687,0.04230367748727498,0.4878908395767212,0.08179311071204094
0.2232996807075464,1.1750083201702648,581.2,19.0218589071221,153.79999999999995,0.42895311713218687,0.04230367748727498,0.4878908395767212,0.08179311071204094
0.23966371669219091,1.1750083201702648,580.1,19.566024883795688,154.89999999999998,0.42624409794807433,0.0438044530949672,0.48854404091835024,0.08154330007265655
0.2560277526768354,1.1750083201702648,575.5,22.10093974384808,159.5,0.4231186807155609,0.04450953305863781,0.4895790159702301,0.07580764613678848
0.27239178866147995,1.1750083201702648,571.2,21.874798535162977,163.79999999999995,0.42056248188018797,0.04523037574959874,0.4878518760204315,0.07575679779699619
0.2887558246461245,1.1750083201702648,563.1,24.012632235316588,171.89999999999998,0.4045959711074829,0.051213243001099244,0.489102429151535,0.07150119442517985
0.305119860630769,1.1750083201702648,560.6,24.15134568004476,174.39999999999998,0.3991150677204132,0.049569941425791325,0.48937948346138,0.06326617705392765
0.32148389661541354,1.1750083201702648,554.9,28.13019694392922,180.10000000000002,0.3858683228492737,0.05135797454202883,0.487745475769043,0.06389645462446959
0.3378479326000581,1.1750083201702648,540.3,29.069770893723213,194.70000000000005,0.38664132356643677,0.04646161510509104,0.5192734837532044,0.07818314627545526
0.3542119685847026,1.1750083201702648,532.2,28.744730211908454,202.79999999999995,0.3728389501571655,0.04832210751443072,0.5238101601600647,0.07834885429858532
0.37057600456934714,1.1750083201702648,526.8,29.270056493467973,208.20000000000005,0.36518651247024536,0.05108564109908972,0.531636655330658,0.0812088205965445
0.38694004055399167,1.1750083201702648,519.3,28.96591915991739,215.70000000000005,0.35470105409622193,0.052052877803995284,0.5356887698173523,0.08054645469676348
0.40330407653863615,1.1750083201702648,514.9,28.674719672252536,220.10000000000002,0.34136941432952883,0.049694064093858036,0.5300293982028961,0.07799441001281553
0.4196681125232807,1.1750083201702648,507.8,27.275024445113726,227.2,0.3323832929134369,0.046116274897634944,0.5356167793273926,0.07088554620014656
0.4360321485079252,1.1750083201702648,500.4,28.620634261218456,234.60000000000002,0.31475083231925965,0.04914775640632381,0.531201308965683,0.06860072959503466
0.45239618449256974,1.1750083201702648,490.1,28.295457906842806,244.89999999999998,0.31611867547035216,0.05801758970938173,0.5493210911750793,0.07397314635569405
0.4687602204772143,1.1750083201702648,481.8,32.464210359497336,253.2,0.30887149572372435,0.05740408706925606,0.558087283372879,0.07628223684034788
0.4851242564618588,1.1750083201702648,473.8,29.330214730736216,261.2,0.2978996992111206,0.06464850324124433,0.5670128107070923,0.07739102386516492
0.5014882924465034,1.1750083201702648,463.3,30.209281126871012,271.7,0.28839313983917236,0.06724288369120995,0.5747987151145935,0.07349299961313963
0.5178523284311478,1.1750083201702648,442.2,42.56597342511832,292.8,0.26559224128723147,0.0781493298151046,0.5940255224704742,0.07755127320153471
0.5342163644157923,1.1750083201702648,431.2,48.700110203673454,303.8,0.25831074714660646,0.07948444965832295,0.6009452521800995,0.07299087309434936
0.5505804004004369,1.1750083201702648,405.2,61.821075938518014,329.8,0.2620490908622742,0.07876674379874211,0.618043965101242,0.06837675626161549
0.5669444363850814,1.1750083201702648,378.9,69.16962461287505,356.1,0.24245758652687072,0.07242208772679937,0.630809223651886,0.06813227174918142
0.5833084723697259,1.1750083201702648,331.0,101.8601697510586,404.0,0.23452547788619996,0.07590284571777758,0.6438973128795624,0.0681660747920021
0.5996725083543705,1.1750083201702648,265.8,124.1500026858973,469.2,0.1661730408668518,0.10944359095863754,0.6717537462711334,0.05940203388805063
0.616036544339015,1.1750083201702648,224.3,131.39611137440693,510.7,0.14916204214096068,0.09990679613619692,0.6814212322235107,0.055591389074496414
0.6324005803236595,1.1750083201702648,150.4,120.56550204540196,584.6,0.13211244344711304,0.0913258557606952,0.7020495176315308,0.03564881618714803
0.6487646163083041,1.1750083201702648,111.7,107.56501145140365,623.3,0.08400426506996155,0.0791140634315305,0.7041114270687103,0.03426595442950881
0.6651286522929486,1.1750083201702648,72.7,86.65964903097623,662.3,0.05063599944114685,0.060829618951834134,0.7096911072731018,0.02918731703754055
0.6814926882775931,1.1750083201702648,46.8,62.66878539435226,688.2,0.03882197737693786,0.04578096896955012,0.7100659489631653,0.027263837547256378
0.6978567242622375,1.1750083201702648,0.1,0.2262157162854099,734.9,0.0,0.0,0.7072571635246276,0.027356304090178446
0.05965932086110115,1.1983738530973267,601.9,25.647648495249463,133.10000000000002,0.5160497069358826,0.09443118873963688,0.4465321660041809,0.09548290451602212
0.07602335684574568,1.1983738530973267,600.6,25.00726951106775,134.39999999999998,0.5112238228321075,0.08993070901409263,0.4567012369632721,0.08603578046944059
0.0923873928303902,1.1983738530973267,597.7,22.87663714277082,137.29999999999995,0.4994488716125488,0.08293527717563334,0.46733124256134034,0.08921881500320755
0.10875142881503472,1.1983738530973267,591.8,20.78450720335417,143.20000000000005,0.47092790603637696,0.06700013509271129,0.47808936834335325,0.09237320809602649
0.12511546479967925,1.1983738530973267,586.6,18.24495159532705,148.39999999999998,0.43766621351242063,0.04459731734403993,0.4866316318511963,0.09412405028538177
0.14147950078432378,1.1983738530973267,586.0,17.44780114375657,149.0,0.4364190995693207,0.043558090375735624,0.48151633739471433,0.09207005236167166
0.15784353676896828,1.1983738530973267,586.0,17.44780114375657,149.0,0.4364190995693207,0.043558090375735624,0.48151633739471433,0.09207005236167166
0.17420757275361282,1.1983738530973267,586.0,17.44780114375657,149.0,0.4364190995693207,0.043558090375735624,0.48151633739471433,0.09207005236167166
0.19057160873825735,1.1983738530973267,586.0,17.44780114375657,149.0,0.4364190995693207,0.043558090375735624,0.48151633739471433,0.09207005236167166
0.20693564472290188,1.1983738530973267,586.0,17.44780114375657,149.0,0.4364190995693207,0.043558090375735624,0.48151633739471433,0.09207005236167166
0.2232996807075464,1.1983738530973267,584.6,18.35060502376092,150.39999999999998,0.43612592220306395,0.04378938197132774,0.4812427222728729,0.09203358962892666
0.23966371669219091,1.1983738530973267,583.0,18.90853082758469,152.0,0.4317316234111786,0.04596378720335711,0.48177234530448915,0.09129429797921168
0.2560277526768354,1.1983738530973267,577.2,21.647476940674345,157.79999999999995,0.4263149619102478,0.04581352336498179,0.4827327489852905,0.0847881607730175
0.27239178866147995,1.1983738530973267,572.5,21.551260483394145,162.5,0.42275230884552,0.04675698772376394,0.48571096658706664,0.07708018800293866
0.2887558246461245,1.1983738530973267,564.4,23.969379113915757,170.60000000000002,0.40678579807281495,0.052943232449203265,0.48696151971817014,0.07292275637289737
0.305119860630769,1.1983738530973267,560.7,24.24263767275425,174.29999999999995,0.39912426471710205,0.049569868388713675,0.48858986496925355,0.06318315819722257
0.32148389661541354,1.1983738530973267,554.9,28.13019694392922,180.10000000000002,0.3858683228492737,0.05135797454202883,0.487745475769043,0.06389645462446959
0.3378479326000581,1.1983738530973267,540.3,29.069770893723213,194.70000000000005,0.38664132356643677,0.04646161510509104,0.5192734837532044,0.07818314627545526
0.3542119685847026,1.1983738530973267,532.2,28.744730211908454,202.79999999999995,0.3728389501571655,0.04832210751443072,0.5238101601600647,0.07834885429858532
0.37057600456934714,1.1983738530973267,526.8,29.270056493467973,208.20000000000005,0.36518651247024536,0.05108564109908972,0.531636655330658,0.0812088205965445
0.38694004055399167,1.1983738530973267,519.3,28.96591915991739,215.70000000000005,0.35470105409622193,0.052052877803995284,0.5356887698173523,0.08054645469676348
0.40330407653863615,1.1983738530973267,514.9,28.674719672252536,220.10000000000002,0.34136941432952883,0.049694064093858036,0.5300293982028961,0.07799441001281553
0.4196681125232807,1.1983738530973267,507.8,27.275024445113726,227.2,0.3323832929134369,0.046116274897634944,0.5356167793273926,0.07088554620014656
0.4360321485079252,1.1983738530973267,500.4,28.620634261218456,234.60000000000002,0.31475083231925965,0.04914775640632381,0.531201308965683,0.06860072959503466
0.45239618449256974,1.1983738530973267,490.1,28.295457906842806,244.89999999999998,0.31611867547035216,0.05801758970938173,0.5493210911750793,0.07397314635569405
0.4687602204772143,1.1983738530973267,481.8,32.464210359497336,253.2,0.30887149572372435,0.05740408706925606,0.558087283372879,0.07628223684034788
0.4851242564618588,1.1983738530973267,473.8,29.330214730736216,261.2,0.2978996992111206,0.06464850324124433,0.5670128107070923,0.07739102386516492
0.5014882924465034,1.1983738530973267,463.3,30.209281126871012,271.7,0.28839313983917236,0.06724288369120995,0.5747987151145935,0.07349299961313963
0.5178523284311478,1.1983738530973267,442.2,42.56597342511832,292.8,0.26559224128723147,0.0781493298151046,0.5940255224704742,0.07755127320153471
0.5342163644157923,1.1983738530973267,431.2,48.700110203673454,303.8,0.25831074714660646,0.07948444965832295,0.6009452521800995,0.07299087309434936
0.5505804004004369,1.1983738530973267,405.2,61.821075938518014,329.8,0.2620490908622742,0.07876674379874211,0.618043965101242,0.06837675626161549
0.5669444363850814,1.1983738530973267,378.9,69.16962461287505,356.1,0.24245758652687072,0.07242208772679937,0.630809223651886,0.06813227174918142
0.5833084723697259,1.1983738530973267,331.0,101.8601697510586,404.0,0.23452547788619996,0.07590284571777758,0.6438973128795624,0.0681660747920021
0.5996725083543705,1.1983738530973267,265.8,124.1500026858973,469.2,0.1661730408668518,0.10944359095863754,0.6717537462711334,0.05940203388805063
0.616036544339015,1.1983738530973267,224.3,131.39611137440693,510.7,0.14916204214096068,0.09990679613619692,0.6814212322235107,0.055591389074496414
0.6324005803236595,1.1983738530973267,150.4,120.56550204540196,584.6,0.13211244344711304,0.0913258557606952,0.7020495176315308,0.03564881618714803
0.6487646163083041,1.1983738530973267,111.7,107.56501145140365,623.3,0.08400426506996155,0.0791140634315305,0.7041114270687103,0.03426595442950881
0.6651286522929486,1.1983738530973267,72.7,86.65964903097623,662.3,0.05063599944114685,0.060829618951834134,0.7096911072731018,0.02918731703754055
0.6814926882775931,1.1983738530973267,46.8,62.66878539435226,688.2,0.03882197737693786,0.04578096896955012,0.7100659489631653,0.027263837547256378
0.6978567242622375,1.1983738530973267,0.1,0.2262157162854099,734.9,0.0,0.0,0.7072571635246276,0.027356304090178446
0.05965932086110115,1.2217393860243884,613.8,29.608056880608398,121.20000000000005,0.5440487205982208,0.08637258636241922,0.4468219816684723,0.08938001373872034
0.07602335684574568,1.2217393860243884,612.5,28.666390224085024,122.5,0.539590471982956,0.08317168142866913,0.4576166868209839,0.08575429784357541
0.0923873928303902,1.2217393860243884,609.6,26.50405649788204,125.39999999999998,0.5294995188713074,0.07718816169956794,0.46846399903297425,0.08997330509346972
0.10875142881503472,1.2217393860243884,602.7,23.44860452381971,132.29999999999995,0.4981984555721283,0.06722247121954188,0.48001458048820494,0.09228167415337998
0.12511546479967925,1.2217393860243884,595.4,20.443582641146495,139.60000000000002,0.45501719117164613,0.05338842865645316,0.4914224445819855,0.09534676197167649
0.14147950078432378,1.2217393860243884,593.2,17.734824837313504,141.79999999999995,0.444370311498642,0.04317099413418934,0.4842893958091736,0.0910481607075311
0.15784353676896828,1.2217393860243884,593.2,17.734824837313504,141.79999999999995,0.444370311498642,0.04317099413418934,0.4842893958091736,0.0910481607075311
0.17420757275361282,1.2217393860243884,593.2,17.734824837313504,141.79999999999995,0.444370311498642,0.04317099413418934,0.4842893958091736,0.0910481607075311
0.19057160873825735,1.2217393860243884,593.2,17.734824837313504,141.79999999999995,0.444370311498642,0.04317099413418934,0.4842893958091736,0.0910481607075311
0.20693564472290188,1.2217393860243884,593.2,17.734824837313504,141.79999999999995,0.444370311498642,0.04317099413418934,0.4842893958091736,0.0910481607075311
0.2232996807075464,1.2217393860243884,591.0,19.260098134094502,144.0,0.4421496093273163,0.04491754841717696,0.48352927565574644,0.09096881561488718
0.23966371669219091,1.2217393860243884,587.5,17.952940639488336,147.5,0.43573023080825807,0.04508679841459915,0.48555741310119627,0.09242289729134245
0.2560277526768354,1.2217393860243884,581.1,21.72521636869086,153.89999999999998,0.42959870100021363,0.0450578084972862,0.48675490617752076,0.0862231702424397
0.27239178866147995,1.2217393860243884,575.9,21.959502187557383,159.10000000000002,0.4238991796970367,0.047571595152117785,0.49390511512756347,0.07066125581921966
0.2887558246461245,1.2217393860243884,564.6,24.14663662201648,170.39999999999998,0.4065308213233948,0.05295755735550521,0.48790661096572874,0.07302364200377827
0.305119860630769,1.2217393860243884,560.7,24.24263767275425,174.29999999999995,0.39912426471710205,0.049569868388713675,0.48858986496925355,0.06318315819722257
0.32148389661541354,1.2217393860243884,554.9,28.13019694392922,180.10000000000002,0.3858683228492737,0.05135797454202883,0.487745475769043,0.06389645462446959
0.3378479326000581,1.2217393860243884,540.3,29.069770893723213,194.70000000000005,0.38664132356643677,0.04646161510509104,0.5192734837532044,0.07818314627545526
0.3542119685847026,1.2217393860243884,532.2,28.744730211908454,202.79999999999995,0.3728389501571655,0.04832210751443072,0.5238101601600647,0.07834885429858532
0.37057600456934714,1.2217393860243884,526.8,29.270056493467973,208.20000000000005,0.36518651247024536,0.05108564109908972,0.531636655330658,0.0812088205965445
0.38694004055399167,1.2217393860243884,519.3,28.96591915991739,215.70000000000005,0.35470105409622193,0.052052877803995284,0.5356887698173523,0.08054645469676348
0.40330407653863615,1.2217393860243884,514.9,28.674719672252536,220.10000000000002,0.34136941432952883,0.049694064093858036,0.5300293982028961,0.07799441001281553
0.4196681125232807,1.2217393860243884,507.8,27.275024445113726,227.2,0.3323832929134369,0.046116274897634944,0.5356167793273926,0.07088554620014656
0.4360321485079252,1.2217393860243884,500.4,28.620634261218456,234.60000000000002,0.31475083231925965,0.04914775640632381,0.531201308965683,0.06860072959503466
0.45239618449256974,1.2217393860243884,490.1,28.295457906842806,244.89999999999998,0.31611867547035216,0.05801758970938173,0.5493210911750793,0.07397314635569405
0.4687602204772143,1.2217393860243884,481.8,32.464210359497336,253.2,0.30887149572372435,0.05740408706925606,0.558087283372879,0.07628223684034788
0.4851242564618588,1.2217393860243884,473.8,29.330214730736216,261.2,0.2978996992111206,0.06464850324124433,0.5670128107070923,0.07739102386516492
0.5014882924465034,1.2217393860243884,463.3,30.209281126871012,271.7,0.28839313983917236,0.06724288369120995,0.5747987151145935,0.07349299961313963
0.5178523284311478,1.2217393860243884,442.2,42.56597342511832,292.8,0.26559224128723147,0.0781493298151046,0.5940255224704742,0.07755127320153471
0.5342163644157923,1.2217393860243884,431.2,48.700110203673454,303.8,0.25831074714660646,0.07948444965832295,0.6009452521800995,0.07299087309434936
0.5505804004004369,1.2217393860243884,405.2,61.821075938518014,329.8,0.2620490908622742,0.07876674379874211,0.618043965101242,0.06837675626161549
0.5669444363850814,1.2217393860243884,378.9,69.16962461287505,356.1,0.24245758652687072,0.07242208772679937,0.630809223651886,0.06813227174918142
0.5833084723697259,1.2217393860243884,331.0,101.8601697510586,404.0,0.23452547788619996,0.07590284571777758,0.6438973128795624,0.0681660747920021
0.5996725083543705,1.2217393860243884,265.8,124.1500026858973,469.2,0.1661730408668518,0.10944359095863754,0.6717537462711334,0.05940203388805063
0.616036544339015,1.2217393860243884,224.3,131.39611137440693,510.7,0.14916204214096068,0.09990679613619692,0.6814212322235107,0.055591389074496414
0.6324005803236595,1.2217393860243884,150.4,120.56550204540196,584.6,0.13211244344711304,0.0913258557606952,0.7020495176315308,0.03564881618714803
0.6487646163083041,1.2217393860243884,111.7,107.56501145140365,623.3,0.08400426506996155,0.0791140634315305,0.7041114270687103,0.03426595442950881
0.6651286522929486,1.2217393860243884,72.7,86.65964903097623,662.3,0.05063599944114685,0.060829618951834134,0.7096911072731018,0.02918731703754055
0.6814926882775931,1.2217393860243884,46.8,62.66878539435226,688.2,0.03882197737693786,0.04578096896955012,0.7100659489631653,0.027263837547256378
0.6978567242622375,1.2217393860243884,0.1,0.2262157162854099,734.9,0.0,0.0,0.7072571635246276,0.027356304090178446
0.05965932086110115,1.2451049189514505,628.9,29.358601456995252,106.10000000000002,0.5868433713912964,0.06968156491919547,0.42891043424606323,0.0896784098037777
0.07602335684574568,1.2451049189514505,627.6,28.48322479055473,107.39999999999998,0.5826883435249328,0.06751883116773694,0.440554541349411,0.08956014945756527
0.0923873928303902,1.2451049189514505,624.7,26.279672313877093,110.29999999999995,0.5744033336639405,0.0627240925265383,0.4542548656463623,0.09047660953717554
0.10875142881503472,1.2451049189514505,617.4,23.833781740825664,117.60000000000002,0.5460669338703156,0.055126100744533335,0.46948888897895813,0.09026688535511215
0.12511546479967925,1.2451049189514505,608.2,21.657980836163965,126.79999999999995,0.4975307881832123,0.05028177973339548,0.4839892089366913,0.08847669314328309
0.14147950078432378,1.2451049189514505,600.4,17.31104591076794,134.60000000000002,0.45932329893112184,0.0382146086788552,0.4843624889850616,0.08645385526690622
0.15784353676896828,1.2451049189514505,600.4,17.31104591076794,134.60000000000002,0.45932329893112184,0.0382146086788552,0.4843624889850616,0.08645385526690622
0.17420757275361282,1.2451049189514505,600.4,17.31104591076794,134.60000000000002,0.45932329893112184,0.0382146086788552,0.4843624889850616,0.08645385526690622
0.19057160873825735,1.2451049189514505,600.4,17.31104591076794,134.60000000000002,0.45932329893112184,0.0382146086788552,0.4843624889850616,0.08645385526690622
0.20693564472290188,1.2451049189514505,600.1,17.514317523542204,134.89999999999998,0.4587766706943512,0.03876324927476213,0.4845182001590729,0.08647911368571408
0.2232996807075464,1.2451049189514505,596.8,19.057695146326438,138.20000000000005,0.45287604331970216,0.04191964492773143,0.4834703803062439,0.08486070417158233
0.23966371669219091,1.2451049189514505,590.8,19.68582257439031,144.20000000000005,0.4439642310142517,0.04314416979206382,0.48738645315170287,0.08783839180458607
0.2560277526768354,1.2451049189514505,583.9,23.743551962471994,151.10000000000002,0.43720129132270813,0.04407366399191257,0.4884839117527008,0.07993942576950547
0.27239178866147995,1.2451049189514505,578.2,24.140984539867812,156.79999999999995,0.42844932675361636,0.047696290466969826,0.4911926329135895,0.07066318819485386
0.2887558246461245,1.2451049189514505,564.6,24.14663662201648,170.39999999999998,0.4065308213233948,0.05295755735550521,0.48790661096572874,0.07302364200377827
0.305119860630769,1.2451049189514505,560.7,24.24263767275425,174.29999999999995,0.39912426471710205,0.049569868388713675,0.48858986496925355,0.06318315819722257
0.32148389661541354,1.2451049189514505,554.9,28.13019694392922,180.10000000000002,0.3858683228492737,0.05135797454202883,0.487745475769043,0.06389645462446959
0.3378479326000581,1.2451049189514505,540.3,29.069770893723213,194.70000000000005,0.38664132356643677,0.04646161510509104,0.5192734837532044,0.07818314627545526
0.3542119685847026,1.2451049189514505,532.2,28.744730211908454,202.79999999999995,0.3728389501571655,0.04832210751443072,0.5238101601600647,0.07834885429858532
0.37057600456934714,1.2451049189514505,526.8,29.270056493467973,208.20000000000005,0.36518651247024536,0.05108564109908972,0.531636655330658,0.0812088205965445
0.38694004055399167,1.2451049189514505,519.3,28.96591915991739,215.70000000000005,0.35470105409622193,0.052052877803995284,0.5356887698173523,0.08054645469676348
0.40330407653863615,1.2451049189514505,514.9,28.674719672252536,220.10000000000002,0.34136941432952883,0.049694064093858036,0.5300293982028961,0.07799441001281553
0.4196681125232807,1.2451049189514505,507.8,27.275024445113726,227.2,0.3323832929134369,0.046116274897634944,0.5356167793273926,0.07088554620014656
0.4360321485079252,1.2451049189514505,500.4,28.620634261218456,234.60000000000002,0.31475083231925965,0.04914775640632381,0.531201308965683,0.06860072959503466
0.45239618449256974,1.2451049189514505,490.1,28.295457906842806,244.89999999999998,0.31611867547035216,0.05801758970938173,0.5493210911750793,0.07397314635569405
0.4687602204772143,1.2451049189514505,481.8,32.464210359497336,253.2,0.30887149572372435,0.05740408706925606,0.558087283372879,0.07628223684034788
0.4851242564618588,1.2451049189514505,473.8,29.330214730736216,261.2,0.2978996992111206,0.06464850324124433,0.5670128107070923,0.07739102386516492
0.5014882924465034,1.2451049189514505,463.3,30.209281126871012,271.7,0.28839313983917236,0.06724288369120995,0.5747987151145935,0.07349299961313963
0.5178523284311478,1.2451049189514505,442.2,42.56597342511832,292.8,0.26559224128723147,0.0781493298151046,0.5940255224704742,0.07755127320153471
0.5342163644157923,1.2451049189514505,431.2,48.700110203673454,303.8,0.25831074714660646,0.07948444965832295,0.6009452521800995,0.07299087309434936
0.5505804004004369,1.2451049189514505,405.2,61.821075938518014,329.8,0.2620490908622742,0.07876674379874211,0.618043965101242,0.06837675626161549
0.5669444363850814,1.2451049189514505,378.9,69.16962461287505,356.1,0.24245758652687072,0.07242208772679937,0.630809223651886,0.06813227174918142
0.5833084723697259,1.2451049189514505,331.0,101.8601697510586,404.0,0.23452547788619996,0.07590284571777758,0.6438973128795624,0.0681660747920021
0.5996725083543705,1.2451049189514505,265.8,124.1500026858973,469.2,0.1661730408668518,0.10944359095863754,0.6717537462711334,0.05940203388805063
0.616036544339015,1.2451049189514505,224.3,131.39611137440693,510.7,0.14916204214096068,0.09990679613619692,0.6814212322235107,0.055591389074496414
0.6324005803236595,1.2451049189514505,150.4,120.56550204540196,584.6,0.13211244344711304,0.0913258557606952,0.7020495176315308,0.03564881618714803
0.6487646163083041,1.2451049189514505,111.7,107.56501145140365,623.3,0.08400426506996155,0.0791140634315305,0.7041114270687103,0.03426595442950881
0.6651286522929486,1.2451049189514505,72.7,86.65964903097623,662.3,0.05063599944114685,0.060829618951834134,0.7096911072731018,0.02918731703754055
0.6814926882775931,1.2451049189514505,46.8,62.66878539435226,688.2,0.03882197737693786,0.04578096896955012,0.7100659489631653,0.027263837547256378
0.6978567242622375,1.2451049189514505,0.1,0.2262157162854099,734.9,0.0,0.0,0.7072571635246276,0.027356304090178446
0.05965932086110115,1.2684704518785122,643.9,26.302164445755505,91.10000000000002,0.6499773025512695,0.03721721840623585,0.37791964411735535,0.10342560113198644
0.07602335684574568,1.2684704518785122,642.6,25.269644486519777,92.39999999999998,0.6463749349117279,0.03642253150282884,0.39421347975730897,0.1037887418813486
0.0923873928303902,1.2684704518785122,639.7,23.111551917259433,95.29999999999995,0.6390554666519165,0.03435999976696287,0.4115734577178955,0.10784214978882992
0.10875142881503472,1.2684704518785122,631.0,20.991930057432874,104.0,0.6050109565258026,0.035334778435155166,0.43884060978889466,0.09881612942451318
0.12511546479967925,1.2684704518785122,620.6,19.272493350308864,114.39999999999998,0.5489909410476684,0.05206193495558084,0.4612818002700806,0.09513467313663442
0.14147950078432378,1.2684704518785122,606.7,15.013219016827618,128.29999999999995,0.4913585722446442,0.040691469761328834,0.4728154957294464,0.08715503648990054
0.15784353676896828,1.2684704518785122,603.7,17.118982172917192,131.29999999999995,0.4654974460601807,0.03921129405222703,0.4804403603076935,0.08978018469238015
0.17420757275361282,1.2684704518785122,603.7,17.118982172917192,131.29999999999995,0.4654974460601807,0.03921129405222703,0.4804403603076935,0.08978018469238015
0.19057160873825735,1.2684704518785122,603.7,17.118982172917192,131.29999999999995,0.4654974460601807,0.03921129405222703,0.4804403603076935,0.08978018469238015
0.20693564472290188,1.2684704518785122,602.6,17.10618988799484,132.39999999999998,0.4637134730815887,0.0403848705787697,0.4840757131576538,0.09091620567558185
0.2232996807075464,1.2684704518785122,597.7,18.992692174256895,137.29999999999995,0.45440680980682374,0.04295687256211459,0.4849739491939545,0.08708146069002445
0.23966371669219091,1.2684704518785122,591.4,19.942369194478545,143.60000000000002,0.44565464854240416,0.044278255839033796,0.48665218353271483,0.08891391383208065
0.2560277526768354,1.2684704518785122,584.2,23.975545968930977,150.79999999999995,0.43801502585411073,0.044845917814737235,0.4884830594062805,0.07989790843882487
0.27239178866147995,1.2684704518785122,578.2,24.140984539867812,156.79999999999995,0.42844932675361636,0.047696290466969826,0.4911926329135895,0.07066318819485386
0.2887558246461245,1.2684704518785122,564.6,24.14663662201648,170.39999999999998,0.4065308213233948,0.05295755735550521,0.48790661096572874,0.07302364200377827
0.305119860630769,1.2684704518785122,560.7,24.24263767275425,174.29999999999995,0.39912426471710205,0.049569868388713675,0.48858986496925355,0.06318315819722257
0.32148389661541354,1.2684704518785122,554.9,28.13019694392922,180.10000000000002,0.3858683228492737,0.05135797454202883,0.487745475769043,0.06389645462446959
0.3378479326000581,1.2684704518785122,540.3,29.069770893723213,194.70000000000005,0.38664132356643677,0.04646161510509104,0.5192734837532044,0.07818314627545526
0.3542119685847026,1.2684704518785122,532.2,28.744730211908454,202.79999999999995,0.3728389501571655,0.04832210751443072,0.5238101601600647,0.07834885429858532
0.37057600456934714,1.2684704518785122,526.8,29.270056493467973,208.20000000000005,0.36518651247024536,0.05108564109908972,0.531636655330658,0.0812088205965445
0.38694004055399167,1.2684704518785122,519.3,28.96591915991739,215.70000000000005,0.35470105409622193,0.052052877803995284,0.5356887698173523,0.08054645469676348
0.40330407653863615,1.2684704518785122,514.9,28.674719672252536,220.10000000000002,0.34136941432952883,0.049694064093858036,0.5300293982028961,0.07799441001281553
0.4196681125232807,1.2684704518785122,507.8,27.275024445113726,227.2,0.3323832929134369,0.046116274897634944,0.5356167793273926,0.07088554620014656
0.4360321485079252,1.2684704518785122,500.4,28.620634261218456,234.60000000000002,0.31475083231925965,0.04914775640632381,0.531201308965683,0.06860072959503466
0.45239618449256974,1.2684704518785122,490.1,28.295457906842806,244.89999999999998,0.31611867547035216,0.05801758970938173,0.5493210911750793,0.07397314635569405
0.4687602204772143,1.2684704518785122,481.8,32.464210359497336,253.2,0.30887149572372435,0.05740408706925606,0.558087283372879,0.07628223684034788
0.4851242564618588,1.2684704518785122,473.8,29.330214730736216,261.2,0.2978996992111206,0.06464850324124433,0.5670128107070923,0.07739102386516492
0.5014882924465034,1.2684704518785122,463.3,30.209281126871012,271.7,0.28839313983917236,0.06724288369120995,0.5747987151145935,0.07349299961313963
0.5178523284311478,1.2684704518785122,442.2,42.56597342511832,292.8,0.26559224128723147,0.0781493298151046,0.5940255224704742,0.07755127320153471
0.5342163644157923,1.2684704518785122,431.2,48.700110203673454,303.8,0.25831074714660646,0.07948444965832295,0.6009452521800995,0.07299087309434936
0.5505804004004369,1.2684704518785122,405.2,61.821075938518014,329.8,0.2620490908622742,0.07876674379874211,0.618043965101242,0.06837675626161549
0.5669444363850814,1.2684704518785122,378.9,69.16962461287505,356.1,0.24245758652687072,0.07242208772679937,0.630809223651886,0.06813227174918142
0.5833084723697259,1.2684704518785122,331.0,101.8601697510586,404.0,0.23452547788619996,0.07590284571777758,0.6438973128795624,0.0681660747920021
0.5996725083543705,1.2684704518785122,265.8,124.1500026858973,469.2,0.1661730408668518,0.10944359095863754,0.6717537462711334,0.05940203388805063
0.616036544339015,1.2684704518785122,224.3,131.39611137440693,510.7,0.14916204214096068,0.09990679613619692,0.6814212322235107,0.055591389074496414
0.6324005803236595,1.2684704518785122,150.4,120.56550204540196,584.6,0.13211244344711304,0.0913258557606952,0.7020495176315308,0.03564881618714803
0.6487646163083041,1.2684704518785122,111.7,107.56501145140365,623.3,0.08400426506996155,0.0791140634315305,0.7041114270687103,0.03426595442950881
0.6651286522929486,1.2684704518785122,72.7,86.65964903097623,662.3,0.05063599944114685,0.060829618951834134,0.7096911072731018,0.02918731703754055
0.6814926882775931,1.2684704518785122,46.8,62.66878539435226,688.2,0.03882197737693786,0.04578096896955012,0.7100659489631653,0.027263837547256378
0.6978567242622375,1.2684704518785122,0.1,0.2262157162854099,734.9,0.0,0.0,0.7072571635246276,0.027356304090178446
0.05965932086110115,1.2918359848055738,658.4,24.87961543839709,76.60000000000002,0.6650070250034332,0.02921615090868284,0.3708255052566528,0.10258938009456642
0.07602335684574568,1.2918359848055738,657.1,24.04103023741743,77.89999999999998,0.6616402208805084,0.02873192683223462,0.38966002464294436,0.10110166238931069
0.0923873928303902,1.2918359848055738,654.2,21.90077626387963,80.79999999999995,0.6550906598567963,0.027488776457964336,0.4173301935195923,0.10258835514247454
0.10875142881503472,1.2918359848055738,645.5,20.3740713196714,89.5,0.6261485576629638,0.030666170559910434,0.44874419569969176,0.09169555033392378
0.12511546479967925,1.2918359848055738,634.3,20.041486877517244,100.70000000000005,0.5753712475299835,0.045017722207952894,0.4714425206184387,0.08462807957348246
0.14147950078432378,1.2918359848055738,616.7,14.944892212239392,118.29999999999995,0.5041077256202697,0.04553249552778388,0.48412035703659057,0.07959712550547764
0.15784353676896828,1.2918359848055738,609.1,17.030402967024806,125.89999999999998,0.4798342823982239,0.03710595301014026,0.47317527532577514,0.09264836969736993
0.17420757275361282,1.2918359848055738,609.0,17.12545773659592,126.0,0.47884747982025144,0.03752935920848501,0.47333682179450987,0.09275286137157916
0.19057160873825735,1.2918359848055738,608.3,17.632737556585244,126.70000000000005,0.47746552228927613,0.03895063793986303,0.47542322874069215,0.09306477672870143
0.20693564472290188,1.2918359848055738,605.8,16.388457393720053,129.20000000000005,0.4734544575214386,0.03871678428743576,0.48001975417137144,0.09589444424150217
0.2232996807075464,1.2918359848055738,599.6,19.020065322760267,135.39999999999998,0.4602876424789429,0.04190686520556352,0.4814873695373535,0.09096922741954681
0.23966371669219091,1.2918359848055738,592.6,20.560064913148373,142.39999999999998,0.4489453792572021,0.044471496060371776,0.48238937854766845,0.09231031706600827
0.2560277526768354,1.2918359848055738,584.2,23.975545968930977,150.79999999999995,0.43801502585411073,0.044845917814737235,0.4884830594062805,0.07989790843882487
0.27239178866147995,1.2918359848055738,578.2,24.140984539867812,156.79999999999995,0.42844932675361636,0.047696290466969826,0.4911926329135895,0.07066318819485386
0.2887558246461245,1.2918359848055738,564.6,24.14663662201648,170.39999999999998,0.4065308213233948,0.05295755735550521,0.48790661096572874,0.07302364200377827
0.305119860630769,1.2918359848055738,560.7,24.24263767275425,174.29999999999995,0.39912426471710205,0.049569868388713675,0.48858986496925355,0.06318315819722257
0.32148389661541354,1.2918359848055738,554.9,28.13019694392922,180.10000000000002,0.3858683228492737,0.05135797454202883,0.487745475769043,0.06389645462446959
0.3378479326000581,1.2918359848055738,540.3,29.069770893723213,194.70000000000005,0.38664132356643677,0.04646161510509104,0.5192734837532044,0.07818314627545526
0.3542119685847026,1.2918359848055738,532.2,28.744730211908454,202.79999999999995,0.3728389501571655,0.04832210751443072,0.5238101601600647,0.07834885429858532
0.37057600456934714,1.2918359848055738,526.8,29.270056493467973,208.20000000000005,0.36518651247024536,0.05108564109908972,0.531636655330658,0.0812088205965445
0.38694004055399167,1.2918359848055738,519.3,28.96591915991739,215.70000000000005,0.35470105409622193,0.052052877803995284,0.5356887698173523,0.08054645469676348
0.40330407653863615,1.2918359848055738,514.9,28.674719672252536,220.10000000000002,0.34136941432952883,0.049694064093858036,0.5300293982028961,0.07799441001281553
0.4196681125232807,1.2918359848055738,507.8,27.275024445113726,227.2,0.3323832929134369,0.046116274897634944,0.5356167793273926,0.07088554620014656
0.4360321485079252,1.2918359848055738,500.4,28.620634261218456,234.60000000000002,0.31475083231925965,0.04914775640632381,0.531201308965683,0.06860072959503466
0.45239618449256974,1.2918359848055738,490.1,28.295457906842806,244.89999999999998,0.31611867547035216,0.05801758970938173,0.5493210911750793,0.07397314635569405
0.4687602204772143,1.2918359848055738,481.8,32.464210359497336,253.2,0.30887149572372435,0.05740408706925606,0.558087283372879,0.07628223684034788
0.4851242564618588,1.2918359848055738,473.8,29.330214730736216,261.2,0.2978996992111206,0.06464850324124433,0.5670128107070923,0.07739102386516492
0.5014882924465034,1.2918359848055738,463.3,30.209281126871012,271.7,0.28839313983917236,0.06724288369120995,0.5747987151145935,0.07349299961313963
0.5178523284311478,1.2918359848055738,442.2,42.56597342511832,292.8,0.26559224128723147,0.0781493298151046,0.5940255224704742,0.07755127320153471
0.5342163644157923,1.2918359848055738,431.2,48.700110203673454,303.8,0.25831074714660646,0.07948444965832295,0.6009452521800995,0.07299087309434936
0.5505804004004369,1.2918359848055738,405.2,61.821075938518014,329.8,0.2620490908622742,0.07876674379874211,0.618043965101242,0.06837675626161549
0.5669444363850814,1.2918359848055738,378.9,69.16962461287505,356.1,0.24245758652687072,0.07242208772679937,0.630809223651886,0.06813227174918142
0.5833084723697259,1.2918359848055738,331.0,101.8601697510586,404.0,0.23452547788619996,0.07590284571777758,0.6438973128795624,0.0681660747920021
0.5996725083543705,1.2918359848055738,265.8,124.1500026858973,469.2,0.1661730408668518,0.10944359095863754,0.6717537462711334,0.05940203388805063
0.616036544339015,1.2918359848055738,224.3,131.39611137440693,510.7,0.14916204214096068,0.09990679613619692,0.6814212322235107,0.055591389074496414
0.6324005803236595,1.2918359848055738,150.4,120.56550204540196,584.6,0.13211244344711304,0.0913258557606952,0.7020495176315308,0.03564881618714803
0.6487646163083041,1.2918359848055738,111.7,107.56501145140365,623.3,0.08400426506996155,0.0791140634315305,0.7041114270687103,0.03426595442950881
0.6651286522929486,1.2918359848055738,72.7,86.65964903097623,662.3,0.05063599944114685,0.060829618951834134,0.7096911072731018,0.02918731703754055
0.6814926882775931,1.2918359848055738,46.8,62.66878539435226,688.2,0.03882197737693786,0.04578096896955012,0.7100659489631653,0.027263837547256378
0.6978567242622375,1.2918359848055738,0.1,0.2262157162854099,734.9,0.0,0.0,0.7072571635246276,0.027356304090178446
0.05965932086110115,1.315201517732636,671.5,20.19467172541236,63.5,0.6816228926181793,0.02767844283880828,0.3763739287853241,0.12074408937205798
0.07602335684574568,1.315201517732636,670.2,19.17370035532629,64.79999999999995,0.6784368813037872,0.028447394218627173,0.39185208082199097,0.13217103274609426
0.0923873928303902,1.315201517732636,667.3,17.089063158370216,67.70000000000005,0.6721324861049652,0.028901551648529943,0.4173759758472443,0.12025231410393378
0.10875142881503472,1.315201517732636,658.6,15.365656157771292,76.39999999999998,0.648069167137146,0.032291676104339716,0.4520629823207855,0.09383916066242427
0.12511546479967925,1.315201517732636,647.4,14.979663951218738,87.60000000000002,0.6103798687458039,0.03355746924557902,0.4795962929725647,0.07742231489382337
0.14147950078432378,1.315201517732636,628.1,10.81454142454092,106.89999999999998,0.5454436600208282,0.041792818509183836,0.48847941160202024,0.07494133864053339
0.15784353676896828,1.315201517732636,616.6,13.143892338052039,118.39999999999998,0.5049051940441132,0.03428918140157996,0.4772291243076324,0.09899958336045436
0.17420757275361282,1.315201517732636,613.0,15.446114831022157,122.0,0.48639934659004214,0.03751086272186249,0.47363921999931335,0.0961218014382477
0.19057160873825735,1.315201517732636,610.7,16.93196050668691,124.29999999999995,0.482529354095459,0.041014870871076095,0.4755497992038727,0.09641646973509829
0.20693564472290188,1.315201517732636,607.9,15.897634824230115,127.10000000000002,0.47832465171813965,0.04103086250235356,0.48109127283096315,0.09802854441722796
0.2232996807075464,1.315201517732636,599.7,19.034558624650114,135.29999999999995,0.46043534874916076,0.041866728456337925,0.48029119372367857,0.09292843815423253
0.23966371669219091,1.315201517732636,592.6,20.560064913148373,142.39999999999998,0.4489453792572021,0.044471496060371776,0.48238937854766845,0.09231031706600827
0.2560277526768354,1.315201517732636,584.2,23.975545968930977,150.79999999999995,0.43801502585411073,0.044845917814737235,0.4884830594062805,0.07989790843882487
0.27239178866147995,1.315201517732636,578.2,24.140984539867812,156.79999999999995,0.42844932675361636,0.047696290466969826,0.4911926329135895,0.07066318819485386
0.2887558246461245,1.315201517732636,564.6,24.14663662201648,170.39999999999998,0.4065308213233948,0.05295755735550521,0.48790661096572874,0.07302364200377827
0.305119860630769,1.315201517732636,560.7,24.24263767275425,174.29999999999995,0.39912426471710205,0.049569868388713675,0.48858986496925355,0.06318315819722257
0.32148389661541354,1.315201517732636,554.9,28.13019694392922,180.10000000000002,0.3858683228492737,0.05135797454202883,0.487745475769043,0.06389645462446959
0.3378479326000581,1.315201517732636,540.3,29.069770893723213,194.70000000000005,0.38664132356643677,0.04646161510509104,0.5192734837532044,0.07818314627545526
0.3542119685847026,1.315201517732636,532.2,28.744730211908454,202.79999999999995,0.3728389501571655,0.04832210751443072,0.5238101601600647,0.07834885429858532
0.37057600456934714,1.315201517732636,526.8,29.270056493467973,208.20000000000005,0.36518651247024536,0.05108564109908972,0.531636655330658,0.0812088205965445
0.38694004055399167,1.315201517732636,519.3,28.96591915991739,215.70000000000005,0.35470105409622193,0.052052877803995284,0.5356887698173523,0.08054645469676348
0.40330407653863615,1.315201517732636,514.9,28.674719672252536,220.10000000000002,0.34136941432952883,0.049694064093858036,0.5300293982028961,0.07799441001281553
0.4196681125232807,1.315201517732636,507.8,27.275024445113726,227.2,0.3323832929134369,0.046116274897634944,0.5356167793273926,0.07088554620014656
0.4360321485079252,1.315201517732636,500.4,28.620634261218456,234.60000000000002,0.31475083231925965,0.04914775640632381,0.531201308965683,0.06860072959503466
0.45239618449256974,1.315201517732636,490.1,28.295457906842806,244.89999999999998,0.31611867547035216,0.05801758970938173,0.5493210911750793,0.07397314635569405
0.4687602204772143,1.315201517732636,481.8,32.464210359497336,253.2,0.30887149572372435,0.05740408706925606,0.558087283372879,0.07628223684034788
0.4851242564618588,1.315201517732636,473.8,29.330214730736216,261.2,0.2978996992111206,0.06464850324124433,0.5670128107070923,0.07739102386516492
0.5014882924465034,1.315201517732636,463.3,30.209281126871012,271.7,0.28839313983917236,0.06724288369120995,0.5747987151145935,0.07349299961313963
0.5178523284311478,1.315201517732636,442.2,42.56597342511832,292.8,0.26559224128723147,0.0781493298151046,0.5940255224704742,0.07755127320153471
0.5342163644157923,1.315201517732636,431.2,48.700110203673454,303.8,0.25831074714660646,0.07948444965832295,0.6009452521800995,0.07299087309434936
0.5505804004004369,1.315201517732636,405.2,61.821075938518014,329.8,0.2620490908622742,0.07876674379874211,0.618043965101242,0.06837675626161549
0.5669444363850814,1.315201517732636,378.9,69.16962461287505,356.1,0.24245758652687072,0.07242208772679937,0.630809223651886,0.06813227174918142
0.5833084723697259,1.315201517732636,331.0,101.8601697510586,404.0,0.23452547788619996,0.07590284571777758,0.6438973128795624,0.0681660747920021
0.5996725083543705,1.315201517732636,265.8,124.1500026858973,469.2,0.1661730408668518,0.10944359095863754,0.6717537462711334,0.05940203388805063
0.616036544339015,1.315201517732636,224.3,131.39611137440693,510.7,0.14916204214096068,0.09990679613619692,0.6814212322235107,0.055591389074496414
0.6324005803236595,1.315201517732636,150.4,120.56550204540196,584.6,0.13211244344711304,0.0913258557606952,0.7020495176315308,0.03564881618714803
0.6487646163083041,1.315201517732636,111.7,107.56501145140365,623.3,0.08400426506996155,0.0791140634315305,0.7041114270687103,0.03426595442950881
0.6651286522929486,1.315201517732636,72.7,86.65964903097623,662.3,0.05063599944114685,0.060829618951834134,0.7096911072731018,0.02918731703754055
0.6814926882775931,1.315201517732636,46.8,62.66878539435226,688.2,0.03882197737693786,0.04578096896955012,0.7100659489631653,0.027263837547256378
0.6978567242622375,1.315201517732636,0.1,0.2262157162854099,734.9,0.0,0.0,0.7072571635246276,0.027356304090178446
0.05965932086110115,1.3385670506596976,689.6,17.006180125604402,45.39999999999998,0.6934658288955688,0.02872432679534119,0.3730958759784698,0.15473747266782267
0.07602335684574568,1.3385670506596976,688.3,16.11291917823199,46.700000000000045,0.6904327034950256,0.02996320916600732,0.3894469976425171,0.1671261880283478
0.0923873928303902,1.3385670506596976,685.4,14.563951387613088,49.60000000000002,0.6844778776168823,0.03138999341504464,0.4158412218093872,0.15565184834477508
0.10875142881503472,1.3385670506596976,676.7,14.215637520458367,58.299999999999955,0.6635748982429505,0.03539718634731858,0.46114970445632936,0.1152859560513858
0.12511546479967925,1.3385670506596976,665.5,14.144262154718914,69.5,0.6329095721244812,0.036433559517379394,0.49166310429573057,0.0934312294184991
0.14147950078432378,1.3385670506596976,645.6,11.750642986436246,89.39999999999998,0.5789388358592987,0.04788216596431688,0.5004879057407379,0.08524481927476973
0.15784353676896828,1.3385670506596976,632.2,9.760828794130793,102.79999999999995,0.5496472835540771,0.03276720329646268,0.4862348258495331,0.10930525316201516
0.17420757275361282,1.3385670506596976,618.9,12.79869268686306,116.10000000000002,0.49955740571022034,0.03716974102382791,0.4666665017604828,0.10677555718417019
0.19057160873825735,1.3385670506596976,613.2,16.50944277583846,121.79999999999995,0.48565260171890257,0.04090112829916163,0.4709425985813141,0.10620685588233034
0.20693564472290188,1.3385670506596976,609.5,15.717063948833403,125.5,0.48065351247787474,0.04036062916587862,0.4780912697315216,0.10533419101197493
0.2232996807075464,1.3385670506596976,600.0,19.09405970709998,135.0,0.46093533039093015,0.041750430957969896,0.4761422336101532,0.09999434475351536
0.23966371669219091,1.3385670506596976,592.6,20.560064913148373,142.39999999999998,0.4489453792572021,0.044471496060371776,0.48238937854766845,0.09231031706600827
0.2560277526768354,1.3385670506596976,584.2,23.975545968930977,150.79999999999995,0.43801502585411073,0.044845917814737235,0.4884830594062805,0.07989790843882487
0.27239178866147995,1.3385670506596976,578.2,24.140984539867812,156.79999999999995,0.42844932675361636,0.047696290466969826,0.4911926329135895,0.07066318819485386
0.2887558246461245,1.3385670506596976,564.6,24.14663662201648,170.39999999999998,0.4065308213233948,0.05295755735550521,0.48790661096572874,0.07302364200377827
0.305119860630769,1.3385670506596976,560.7,24.24263767275425,174.29999999999995,0.39912426471710205,0.049569868388713675,0.48858986496925355,0.06318315819722257
0.32148389661541354,1.3385670506596976,554.9,28.13019694392922,180.10000000000002,0.3858683228492737,0.05135797454202883,0.487745475769043,0.06389645462446959
0.3378479326000581,1.3385670506596976,540.3,29.069770893723213,194.70000000000005,0.38664132356643677,0.04646161510509104,0.5192734837532044,0.07818314627545526
0.3542119685847026,1.3385670506596976,532.2,28.744730211908454,202.79999999999995,0.3728389501571655,0.04832210751443072,0.5238101601600647,0.07834885429858532
0.37057600456934714,1.3385670506596976,526.8,29.270056493467973,208.20000000000005,0.36518651247024536,0.05108564109908972,0.531636655330658,0.0812088205965445
0.38694004055399167,1.3385670506596976,519.3,28.96591915991739,215.70000000000005,0.35470105409622193,0.052052877803995284,0.5356887698173523,0.08054645469676348
0.40330407653863615,1.3385670506596976,514.9,28.674719672252536,220.10000000000002,0.34136941432952883,0.049694064093858036,0.5300293982028961,0.07799441001281553
0.4196681125232807,1.3385670506596976,507.8,27.275024445113726,227.2,0.3323832929134369,0.046116274897634944,0.5356167793273926,0.07088554620014656
0.4360321485079252,1.3385670506596976,500.4,28.620634261218456,234.60000000000002,0.31475083231925965,0.04914775640632381,0.531201308965683,0.06860072959503466
0.45239618449256974,1.3385670506596976,490.1,28.295457906842806,244.89999999999998,0.31611867547035216,0.05801758970938173,0.5493210911750793,0.07397314635569405
0.4687602204772143,1.3385670506596976,481.8,32.464210359497336,253.2,0.30887149572372435,0.05740408706925606,0.558087283372879,0.07628223684034788
0.4851242564618588,1.3385670506596976,473.8,29.330214730736216,261.2,0.2978996992111206,0.06464850324124433,0.5670128107070923,0.07739102386516492
0.5014882924465034,1.3385670506596976,463.3,30.209281126871012,271.7,0.28839313983917236,0.06724288369120995,0.5747987151145935,0.07349299961313963
0.5178523284311478,1.3385670506596976,442.2,42.56597342511832,292.8,0.26559224128723147,0.0781493298151046,0.5940255224704742,0.07755127320153471
0.5342163644157923,1.3385670506596976,431.2,48.700110203673454,303.8,0.25831074714660646,0.07948444965832295,0.6009452521800995,0.07299087309434936
0.5505804004004369,1.3385670506596976,405.2,61.821075938518014,329.8,0.2620490908622742,0.07876674379874211,0.618043965101242,0.06837675626161549
0.5669444363850814,1.3385670506596976,378.9,69.16962461287505,356.1,0.24245758652687072,0.07242208772679937,0.630809223651886,0.06813227174918142
0.5833084723697259,1.3385670506596976,331.0,101.8601697510586,404.0,0.23452547788619996,0.07590284571777758,0.6438973128795624,0.0681660747920021
0.5996725083543705,1.3385670506596976,265.8,124.1500026858973,469.2,0.1661730408668518,0.10944359095863754,0.6717537462711334,0.05940203388805063
0.616036544339015,1.3385670506596976,224.3,131.39611137440693,510.7,0.14916204214096068,0.09990679613619692,0.6814212322235107,0.055591389074496414
0.6324005803236595,1.3385670506596976,150.4,120.56550204540196,584.6,0.13211244344711304,0.0913258557606952,0.7020495176315308,0.03564881618714803
0.6487646163083041,1.3385670506596976,111.7,107.56501145140365,623.3,0.08400426506996155,0.0791140634315305,0.7041114270687103,0.03426595442950881
0.6651286522929486,1.3385670506596976,72.7,86.65964903097623,662.3,0.05063599944114685,0.060829618951834134,0.7096911072731018,0.02918731703754055
0.6814926882775931,1.3385670506596976,46.8,62.66878539435226,688.2,0.03882197737693786,0.04578096896955012,0.7100659489631653,0.027263837547256378
0.6978567242622375,1.3385670506596976,0.1,0.2262157162854099,734.9,0.0,0.0,0.7072571635246276,0.027356304090178446
0.05965932086110115,1.3619325835867595,721.4,10.595442295917325,13.600000000000023,0.7007668793201447,0.026201828779246653,0.14907612204551696,0.16798093370413777
0.07602335684574568,1.3619325835867595,720.1,10.236521535808977,14.899999999999977,0.6979778647422791,0.02759395054828869,0.1295708179473877,0.18941509290983308
0.0923873928303902,1.3619325835867595,717.2,10.387328233043437,17.799999999999955,0.6926049888134003,0.029231871635080835,-3.483501297235489,8.490036065338044
0.10875142881503472,1.3619325835867595,708.5,13.527834335296987,26.5,0.6749118328094482,0.03323877869651669,-0.5251636564731598,2.081607202150816
0.12511546479967925,1.3619325835867595,697.3,15.899780640152457,37.700000000000045,0.6499595582485199,0.03600479753182134,0.3482331335544586,0.16199434663347462
0.14147950078432378,1.3619325835867595,676.7,18.605545515848334,58.299999999999955,0.6067981660366059,0.04707969435303585,0.46401039958000184,0.10560792736367194
0.15784353676896828,1.3619325835867595,661.0,14.66433190560153,74.0,0.5835168302059174,0.042382266691824065,0.4598001062870026,0.11703116050077102
0.17420757275361282,1.3619325835867595,637.0,14.48879826652959,98.0,0.5319333255290986,0.04547220191074441,0.4468690574169159,0.11287018157437329
0.19057160873825735,1.3619325835867595,622.9,16.34555309824952,112.10000000000002,0.5004464387893677,0.04034167176448365,0.46377410888671877,0.09531401129424537
0.20693564472290188,1.3619325835867595,612.4,16.267970319715122,122.60000000000002,0.48827347755432127,0.03981848057655709,0.47408751845359803,0.09786340708068429
0.2232996807075464,1.3619325835867595,600.6,19.28429091100623,134.39999999999998,0.46328216791152954,0.04161300860779216,0.4645926237106323,0.12133188509355018
0.23966371669219091,1.3619325835867595,592.6,20.560064913148373,142.39999999999998,0.4489453792572021,0.044471496060371776,0.48238937854766845,0.09231031706600827
0.2560277526768354,1.3619325835867595,584.2,23.975545968930977,150.79999999999995,0.43801502585411073,0.044845917814737235,0.4884830594062805,0.07989790843882487
0.27239178866147995,1.3619325835867595,578.2,24.140984539867812,156.79999999999995,0.42844932675361636,0.047696290466969826,0.4911926329135895,0.07066318819485386
0.2887558246461245,1.3619325835867595,564.6,24.14663662201648,170.39999999999998,0.4065308213233948,0.05295755735550521,0.48790661096572874,0.07302364200377827
0.305119860630769,1.3619325835867595,560.7,24.24263767275425,174.29999999999995,0.39912426471710205,0.049569868388713675,0.48858986496925355,0.06318315819722257
0.32148389661541354,1.3619325835867595,554.9,28.13019694392922,180.10000000000002,0.3858683228492737,0.05135797454202883,0.487745475769043,0.06389645462446959
0.3378479326000581,1.3619325835867595,540.3,29.069770893723213,194.70000000000005,0.38664132356643677,0.04646161510509104,0.5192734837532044,0.07818314627545526
0.3542119685847026,1.3619325835867595,532.2,28.744730211908454,202.79999999999995,0.3728389501571655,0.04832210751443072,0.5238101601600647,0.07834885429858532
0.37057600456934714,1.3619325835867595,526.8,29.270056493467973,208.20000000000005,0.36518651247024536,0.05108564109908972,0.531636655330658,0.0812088205965445
0.38694004055399167,1.3619325835867595,519.3,28.96591915991739,215.70000000000005,0.35470105409622193,0.052052877803995284,0.5356887698173523,0.08054645469676348
0.40330407653863615,1.3619325835867595,514.9,28.674719672252536,220.10000000000002,0.34136941432952883,0.049694064093858036,0.5300293982028961,0.07799441001281553
0.4196681125232807,1.3619325835867595,507.8,27.275024445113726,227.2,0.3323832929134369,0.046116274897634944,0.5356167793273926,0.07088554620014656
0.4360321485079252,1.3619325835867595,500.4,28.620634261218456,234.60000000000002,0.31475083231925965,0.04914775640632381,0.531201308965683,0.06860072959503466
0.45239618449256974,1.3619325835867595,490.1,28.295457906842806,244.89999999999998,0.31611867547035216,0.05801758970938173,0.5493210911750793,0.07397314635569405
0.4687602204772143,1.3619325835867595,481.8,32.464210359497336,253.2,0.30887149572372435,0.05740408706925606,0.558087283372879,0.07628223684034788
0.4851242564618588,1.3619325835867595,473.8,29.330214730736216,261.2,0.2978996992111206,0.06464850324124433,0.5670128107070923,0.07739102386516492
0.5014882924465034,1.3619325835867595,463.3,30.209281126871012,271.7,0.28839313983917236,0.06724288369120995,0.5747987151145935,0.07349299961313963
0.5178523284311478,1.3619325835867595,442.2,42.56597342511832,292.8,0.26559224128723147,0.0781493298151046,0.5940255224704742,0.07755127320153471
0.5342163644157923,1.3619325835867595,431.2,48.700110203673454,303.8,0.25831074714660646,0.07948444965832295,0.6009452521800995,0.07299087309434936
0.5505804004004369,1.3619325835867595,405.2,61.821075938518014,329.8,0.2620490908622742,0.07876674379874211,0.618043965101242,0.06837675626161549
0.5669444363850814,1.3619325835867595,378.9,69.16962461287505,356.1,0.24245758652687072,0.07242208772679937,0.630809223651886,0.06813227174918142
0.5833084723697259,1.3619325835867595,331.0,101.8601697510586,404.0,0.23452547788619996,0.07590284571777758,0.6438973128795624,0.0681660747920021
0.5996725083543705,1.3619325835867595,265.8,124.1500026858973,469.2,0.1661730408668518,0.10944359095863754,0.6717537462711334,0.05940203388805063
0.616036544339015,1.3619325835867595,224.3,131.39611137440693,510.7,0.14916204214096068,0.09990679613619692,0.6814212322235107,0.055591389074496414
0.6324005803236595,1.3619325835867595,150.4,120.56550204540196,584.6,0.13211244344711304,0.0913258557606952,0.7020495176315308,0.03564881618714803
0.6487646163083041,1.3619325835867595,111.7,107.56501145140365,623.3,0.08400426506996155,0.0791140634315305,0.7041114270687103,0.03426595442950881
0.6651286522929486,1.3619325835867595,72.7,86.65964903097623,662.3,0.05063599944114685,0.060829618951834134,0.7096911072731018,0.02918731703754055
0.6814926882775931,1.3619325835867595,46.8,62.66878539435226,688.2,0.03882197737693786,0.04578096896955012,0.7100659489631653,0.027263837547256378
0.6978567242622375,1.3619325835867595,0.1,0.2262157162854099,734.9,0.0,0.0,0.7072571635246276,0.027356304090178446
0.05965932086110115,1.3852981165138214,735.9,0.2262157162854099,-0.8999999999999773,0.7072641313076019,0.027353984766313368,0.0,0.0
0.07602335684574568,1.3852981165138214,734.6,2.267178605576324,0.39999999999997726,0.7046487271785736,0.02868384781705111,-0.309878945350647,0.645687274230069
0.0923873928303902,1.3852981165138214,731.7,4.371553277724893,3.2999999999999545,0.6998841047286988,0.029658172614017483,-3.70906600356102,8.433160667443005
0.10875142881503472,1.3852981165138214,723.0,9.923741963936257,12.0,0.6846200406551362,0.03286375879641977,-0.7943474173545837,2.0193936664387673
0.12511546479967925,1.3852981165138214,711.8,13.09014095364093,23.200000000000045,0.663268220424652,0.035529445524646076,0.04112021923065186,0.3379420306302453
0.14147950078432378,1.3852981165138214,691.2,17.970509677207943,43.799999999999955,0.6275817334651947,0.042213905524957664,0.35908767580986023,0.16442336593031967
0.15784353676896828,1.3852981165138214,674.7,16.98560539428834,60.299999999999955,0.6048220634460449,0.04453130480473635,0.37804538011550903,0.20668371402373822
0.17420757275361282,1.3852981165138214,647.3,17.761255410741423,87.70000000000005,0.5562256932258606,0.05258051312593731,0.42087051272392273,0.15070682691208298
0.19057160873825735,1.3852981165138214,628.8,18.623109520057803,106.20000000000005,0.5196225762367248,0.051787852065316727,0.46489258408546447,0.09724418796030135
0.20693564472290188,1.3852981165138214,613.4,16.71957079021081,121.60000000000002,0.4924797832965851,0.04111525080183495,0.4736174285411835,0.09862524633830301
0.2232996807075464,1.3852981165138214,600.6,19.28429091100623,134.39999999999998,0.46328216791152954,0.04161300860779216,0.4645926237106323,0.12133188509355018
0.23966371669219091,1.3852981165138214,592.6,20.560064913148373,142.39999999999998,0.4489453792572021,0.044471496060371776,0.48238937854766845,0.09231031706600827
0.2560277526768354,1.3852981165138214,584.2,23.975545968930977,150.79999999999995,0.43801502585411073,0.044845917814737235,0.4884830594062805,0.07989790843882487
0.27239178866147995,1.3852981165138214,578.2,24.140984539867812,156.79999999999995,0.42844932675361636,0.047696290466969826,0.4911926329135895,0.07066318819485386
0.2887558246461245,1.3852981165138214,564.6,24.14663662201648,170.39999999999998,0.4065308213233948,0.05295755735550521,0.48790661096572874,0.07302364200377827
0.305119860630769,1.3852981165138214,560.7,24.24263767275425,174.29999999999995,0.39912426471710205,0.049569868388713675,0.48858986496925355,0.06318315819722257
0.32148389661541354,1.3852981165138214,554.9,28.13019694392922,180.10000000000002,0.3858683228492737,0.05135797454202883,0.487745475769043,0.06389645462446959
0.3378479326000581,1.3852981165138214,540.3,29.069770893723213,194.70000000000005,0.38664132356643677,0.04646161510509104,0.5192734837532044,0.07818314627545526
0.3542119685847026,1.3852981165138214,532.2,28.744730211908454,202.79999999999995,0.3728389501571655,0.04832210751443072,0.5238101601600647,0.07834885429858532
0.37057600456934714,1.3852981165138214,526.8,29.270056493467973,208.20000000000005,0.36518651247024536,0.05108564109908972,0.531636655330658,0.0812088205965445
0.38694004055399167,1.3852981165138214,519.3,28.96591915991739,215.70000000000005,0.35470105409622193,0.052052877803995284,0.5356887698173523,0.08054645469676348
0.40330407653863615,1.3852981165138214,514.9,28.674719672252536,220.10000000000002,0.34136941432952883,0.049694064093858036,0.5300293982028961,0.07799441001281553
0.4196681125232807,1.3852981165138214,507.8,27.275024445113726,227.2,0.3323832929134369,0.046116274897634944,0.5356167793273926,0.07088554620014656
0.4360321485079252,1.3852981165138214,500.4,28.620634261218456,234.60000000000002,0.31475083231925965,0.04914775640632381,0.531201308965683,0.06860072959503466
0.45239618449256974,1.3852981165138214,490.1,28.295457906842806,244.89999999999998,0.31611867547035216,0.05801758970938173,0.5493210911750793,0.07397314635569405
0.4687602204772143,1.3852981165138214,481.8,32.464210359497336,253.2,0.30887149572372435,0.05740408706925606,0.558087283372879,0.07628223684034788
0.4851242564618588,1.3852981165138214,473.8,29.330214730736216,261.2,0.2978996992111206,0.06464850324124433,0.5670128107070923,0.07739102386516492
0.5014882924465034,1.3852981165138214,463.3,30.209281126871012,271.7,0.28839313983917236,0.06724288369120995,0.5747987151145935,0.07349299961313963
0.5178523284311478,1.3852981165138214,442.2,42.56597342511832,292.8,0.26559224128723147,0.0781493298151046,0.5940255224704742,0.07755127320153471
0.5342163644157923,1.3852981165138214,431.2,48.700110203673454,303.8,0.25831074714660646,0.07948444965832295,0.6009452521800995,0.07299087309434936
0.5505804004004369,1.3852981165138214,405.2,61.821075938518014,329.8,0.2620490908622742,0.07876674379874211,0.618043965101242,0.06837675626161549
0.5669444363850814,1.3852981165138214,378.9,69.16962461287505,356.1,0.24245758652687072,0.07242208772679937,0.630809223651886,0.06813227174918142
0.5833084723697259,1.3852981165138214,331.0,101.8601697510586,404.0,0.23452547788619996,0.07590284571777758,0.6438973128795624,0.0681660747920021
0.5996725083543705,1.3852981165138214,265.8,124.1500026858973,469.2,0.1661730408668518,0.10944359095863754,0.6717537462711334,0.05940203388805063
0.616036544339015,1.3852981165138214,224.3,131.39611137440693,510.7,0.14916204214096068,0.09990679613619692,0.6814212322235107,0.055591389074496414
0.6324005803236595,1.3852981165138214,150.4,120.56550204540196,584.6,0.13211244344711304,0.0913258557606952,0.7020495176315308,0.03564881618714803
0.6487646163083041,1.3852981165138214,111.7,107.56501145140365,623.3,0.08400426506996155,0.0791140634315305,0.7041114270687103,0.03426595442950881
0.6651286522929486,1.3852981165138214,72.7,86.65964903097623,662.3,0.05063599944114685,0.060829618951834134,0.7096911072731018,0.02918731703754055
0.6814926882775931,1.3852981165138214,46.8,62.66878539435226,688.2,0.03882197737693786,0.04578096896955012,0.7100659489631653,0.027263837547256378
0.6978567242622375,1.3852981165138214,0.1,0.2262157162854099,734.9,0.0,0.0,0.7072571635246276,0.027356304090178446
