rho_th,IA_th,count_in,count_in_CI,count_out,r2_in,r2in_CI,r2_out,r2out_CI
0.002718438161537051,0.21217073033820572,0.3,0.6786471488562298,417.7,0.03964384198188782,0.08968060110238359,0.6354818403720855,0.03589081534379824
0.02201148534480196,0.21217073033820572,0.3,0.6786471488562298,417.7,0.03964384198188782,0.08968060110238359,0.6354818403720855,0.03589081534379824
0.041304532528066866,0.21217073033820572,0.3,0.6786471488562298,417.7,0.03964384198188782,0.08968060110238359,0.6354818403720855,0.03589081534379824
0.06059757971133177,0.21217073033820572,0.3,0.6786471488562298,417.7,0.03964384198188782,0.08968060110238359,0.6354818403720855,0.03589081534379824
0.07989062689459668,0.21217073033820572,0.3,0.6786471488562298,417.7,0.03964384198188782,0.08968060110238359,0.6354818403720855,0.03589081534379824
0.09918367407786159,0.21217073033820572,0.3,0.6786471488562298,417.7,0.03964384198188782,0.08968060110238359,0.6354818403720855,0.03589081534379824
0.11847672126112649,0.21217073033820572,0.3,0.6786471488562298,417.7,0.03964384198188782,0.08968060110238359,0.6354818403720855,0.03589081534379824
0.1377697684443914,0.21217073033820572,0.3,0.6786471488562298,417.7,0.03964384198188782,0.08968060110238359,0.6354818403720855,0.03589081534379824
0.1570628156276563,0.21217073033820572,0.3,0.6786471488562298,417.7,0.03964384198188782,0.08968060110238359,0.6354818403720855,0.03589081534379824
0.17635586281092122,0.21217073033820572,0.3,0.6786471488562298,417.7,0.03964384198188782,0.08968060110238359,0.6354818403720855,0.03589081534379824
0.19564890999418613,0.21217073033820572,0.3,0.6786471488562298,417.7,0.03964384198188782,0.08968060110238359,0.6354818403720855,0.03589081534379824
0.21494195717745104,0.21217073033820572,0.3,0.6786471488562298,417.7,0.03964384198188782,0.08968060110238359,0.6354818403720855,0.03589081534379824
0.23423500436071593,0.21217073033820572,0.0,0.0,418.0,0.0,0.0,0.635667759180069,0.03577930791506133
0.25352805154398084,0.21217073033820572,0.0,0.0,418.0,0.0,0.0,0.635667759180069,0.03577930791506133
0.27282109872724575,0.21217073033820572,0.0,0.0,418.0,0.0,0.0,0.635667759180069,0.03577930791506133
0.29211414591051066,0.21217073033820572,0.0,0.0,418.0,0.0,0.0,0.635667759180069,0.03577930791506133
0.31140719309377557,0.21217073033820572,0.0,0.0,418.0,0.0,0.0,0.635667759180069,0.03577930791506133
0.3307002402770405,0.21217073033820572,0.0,0.0,418.0,0.0,0.0,0.635667759180069,0.03577930791506133
0.3499932874603054,0.21217073033820572,0.0,0.0,418.0,0.0,0.0,0.635667759180069,0.03577930791506133
0.3692863346435703,0.21217073033820572,0.0,0.0,418.0,0.0,0.0,0.635667759180069,0.03577930791506133
0.3885793818268352,0.21217073033820572,0.0,0.0,418.0,0.0,0.0,0.635667759180069,0.03577930791506133
0.4078724290101001,0.21217073033820572,0.0,0.0,418.0,0.0,0.0,0.635667759180069,0.03577930791506133
0.42716547619336503,0.21217073033820572,0.0,0.0,418.0,0.0,0.0,0.635667759180069,0.03577930791506133
0.44645852337662995,0.21217073033820572,0.0,0.0,418.0,0.0,0.0,0.635667759180069,0.03577930791506133
0.4657515705598948,0.21217073033820572,0.0,0.0,418.0,0.0,0.0,0.635667759180069,0.03577930791506133
0.4850446177431597,0.21217073033820572,0.0,0.0,418.0,0.0,0.0,0.635667759180069,0.03577930791506133
0.5043376649264246,0.21217073033820572,0.0,0.0,418.0,0.0,0.0,0.635667759180069,0.03577930791506133
0.5236307121096896,0.21217073033820572,0.0,0.0,418.0,0.0,0.0,0.635667759180069,0.03577930791506133
0.5429237592929544,0.21217073033820572,0.0,0.0,418.0,0.0,0.0,0.635667759180069,0.03577930791506133
0.5622168064762194,0.21217073033820572,0.0,0.0,418.0,0.0,0.0,0.635667759180069,0.03577930791506133
0.5815098536594843,0.21217073033820572,0.0,0.0,418.0,0.0,0.0,0.635667759180069,0.03577930791506133
0.6008029008427492,0.21217073033820572,0.0,0.0,418.0,0.0,0.0,0.635667759180069,0.03577930791506133
0.6200959480260141,0.21217073033820572,0.0,0.0,418.0,0.0,0.0,0.635667759180069,0.03577930791506133
0.6393889952092789,0.21217073033820572,0.0,0.0,418.0,0.0,0.0,0.635667759180069,0.03577930791506133
0.6586820423925439,0.21217073033820572,0.0,0.0,418.0,0.0,0.0,0.635667759180069,0.03577930791506133
0.6779750895758088,0.21217073033820572,0.0,0.0,418.0,0.0,0.0,0.635667759180069,0.03577930791506133
0.6972681367590737,0.21217073033820572,0.0,0.0,418.0,0.0,0.0,0.635667759180069,0.03577930791506133
0.7165611839423386,0.21217073033820572,0.0,0.0,418.0,0.0,0.0,0.635667759180069,0.03577930791506133
0.7358542311256036,0.21217073033820572,0.0,0.0,418.0,0.0,0.0,0.635667759180069,0.03577930791506133
0.7551472783088684,0.21217073033820572,0.0,0.0,418.0,0.0,0.0,0.635667759180069,0.03577930791506133
0.002718438161537051,0.24999686025259937,2.5,5.655392907135248,415.5,-0.0028946518898010252,0.006548157506482544,0.6358384609222412,0.03568098589820484
0.02201148534480196,0.24999686025259937,2.5,5.655392907135248,415.5,-0.0028946518898010252,0.006548157506482544,0.6358384609222412,0.03568098589820484
0.041304532528066866,0.24999686025259937,2.5,5.655392907135248,415.5,-0.0028946518898010252,0.006548157506482544,0.6358384609222412,0.03568098589820484
0.06059757971133177,0.24999686025259937,2.5,5.655392907135248,415.5,-0.0028946518898010252,0.006548157506482544,0.6358384609222412,0.03568098589820484
0.07989062689459668,0.24999686025259937,2.5,5.655392907135248,415.5,-0.0028946518898010252,0.006548157506482544,0.6358384609222412,0.03568098589820484
0.09918367407786159,0.24999686025259937,2.5,5.655392907135248,415.5,-0.0028946518898010252,0.006548157506482544,0.6358384609222412,0.03568098589820484
0.11847672126112649,0.24999686025259937,2.5,5.655392907135248,415.5,-0.0028946518898010252,0.006548157506482544,0.6358384609222412,0.03568098589820484
0.1377697684443914,0.24999686025259937,2.5,5.655392907135248,415.5,-0.0028946518898010252,0.006548157506482544,0.6358384609222412,0.03568098589820484
0.1570628156276563,0.24999686025259937,2.5,5.655392907135248,415.5,-0.0028946518898010252,0.006548157506482544,0.6358384609222412,0.03568098589820484
0.17635586281092122,0.24999686025259937,2.5,5.655392907135248,415.5,-0.0028946518898010252,0.006548157506482544,0.6358384609222412,0.03568098589820484
0.19564890999418613,0.24999686025259937,2.5,5.655392907135248,415.5,-0.0028946518898010252,0.006548157506482544,0.6358384609222412,0.03568098589820484
0.21494195717745104,0.24999686025259937,1.2,2.714588595424919,416.8,-0.015242826938629151,0.03448167014136535,0.637197059392929,0.03504061792904749
0.23423500436071593,0.24999686025259937,0.9,2.0359414465686894,417.1,-0.02008024454116821,0.0454246690206656,0.6373835146427155,0.034972900729047914
0.25352805154398084,0.24999686025259937,0.9,2.0359414465686894,417.1,-0.02008024454116821,0.0454246690206656,0.6373835146427155,0.034972900729047914
0.27282109872724575,0.24999686025259937,0.9,2.0359414465686894,417.1,-0.02008024454116821,0.0454246690206656,0.6373835146427155,0.034972900729047914
0.29211414591051066,0.24999686025259937,0.9,2.0359414465686894,417.1,-0.02008024454116821,0.0454246690206656,0.6373835146427155,0.034972900729047914
0.31140719309377557,0.24999686025259937,0.9,2.0359414465686894,417.1,-0.02008024454116821,0.0454246690206656,0.6373835146427155,0.034972900729047914
0.3307002402770405,0.24999686025259937,0.9,2.0359414465686894,417.1,-0.02008024454116821,0.0454246690206656,0.6373835146427155,0.034972900729047914
0.3499932874603054,0.24999686025259937,0.9,2.0359414465686894,417.1,-0.02008024454116821,0.0454246690206656,0.6373835146427155,0.034972900729047914
0.3692863346435703,0.24999686025259937,0.9,2.0359414465686894,417.1,-0.02008024454116821,0.0454246690206656,0.6373835146427155,0.034972900729047914
0.3885793818268352,0.24999686025259937,0.9,2.0359414465686894,417.1,-0.02008024454116821,0.0454246690206656,0.6373835146427155,0.034972900729047914
0.4078724290101001,0.24999686025259937,0.9,2.0359414465686894,417.1,-0.02008024454116821,0.0454246690206656,0.6373835146427155,0.034972900729047914
0.42716547619336503,0.24999686025259937,0.9,2.0359414465686894,417.1,-0.02008024454116821,0.0454246690206656,0.6373835146427155,0.034972900729047914
0.44645852337662995,0.24999686025259937,0.9,2.0359414465686894,417.1,-0.02008024454116821,0.0454246690206656,0.6373835146427155,0.034972900729047914
0.4657515705598948,0.24999686025259937,0.9,2.0359414465686894,417.1,-0.02008024454116821,0.0454246690206656,0.6373835146427155,0.034972900729047914
0.4850446177431597,0.24999686025259937,0.9,2.0359414465686894,417.1,-0.02008024454116821,0.0454246690206656,0.6373835146427155,0.034972900729047914
0.5043376649264246,0.24999686025259937,0.9,2.0359414465686894,417.1,-0.02008024454116821,0.0454246690206656,0.6373835146427155,0.034972900729047914
0.5236307121096896,0.24999686025259937,0.9,2.0359414465686894,417.1,-0.02008024454116821,0.0454246690206656,0.6373835146427155,0.034972900729047914
0.5429237592929544,0.24999686025259937,0.9,2.0359414465686894,417.1,-0.02008024454116821,0.0454246690206656,0.6373835146427155,0.034972900729047914
0.5622168064762194,0.24999686025259937,0.0,0.0,418.0,0.0,0.0,0.635667759180069,0.03577930791506133
0.5815098536594843,0.24999686025259937,0.0,0.0,418.0,0.0,0.0,0.635667759180069,0.03577930791506133
0.6008029008427492,0.24999686025259937,0.0,0.0,418.0,0.0,0.0,0.635667759180069,0.03577930791506133
0.6200959480260141,0.24999686025259937,0.0,0.0,418.0,0.0,0.0,0.635667759180069,0.03577930791506133
0.6393889952092789,0.24999686025259937,0.0,0.0,418.0,0.0,0.0,0.635667759180069,0.03577930791506133
0.6586820423925439,0.24999686025259937,0.0,0.0,418.0,0.0,0.0,0.635667759180069,0.03577930791506133
0.6779750895758088,0.24999686025259937,0.0,0.0,418.0,0.0,0.0,0.635667759180069,0.03577930791506133
0.6972681367590737,0.24999686025259937,0.0,0.0,418.0,0.0,0.0,0.635667759180069,0.03577930791506133
0.7165611839423386,0.24999686025259937,0.0,0.0,418.0,0.0,0.0,0.635667759180069,0.03577930791506133
0.7358542311256036,0.24999686025259937,0.0,0.0,418.0,0.0,0.0,0.635667759180069,0.03577930791506133
0.7551472783088684,0.24999686025259937,0.0,0.0,418.0,0.0,0.0,0.635667759180069,0.03577930791506133
0.002718438161537051,0.28782299016699303,13.1,15.656168751029837,404.9,-9.748977136611938,21.44974443249249,0.6275418639183045,0.04289095399257826
0.02201148534480196,0.28782299016699303,13.1,15.656168751029837,404.9,-9.748977136611938,21.44974443249249,0.6275418639183045,0.04289095399257826
0.041304532528066866,0.28782299016699303,13.1,15.656168751029837,404.9,-9.748977136611938,21.44974443249249,0.6275418639183045,0.04289095399257826
0.06059757971133177,0.28782299016699303,13.1,15.656168751029837,404.9,-9.748977136611938,21.44974443249249,0.6275418639183045,0.04289095399257826
0.07989062689459668,0.28782299016699303,13.1,15.656168751029837,404.9,-9.748977136611938,21.44974443249249,0.6275418639183045,0.04289095399257826
0.09918367407786159,0.28782299016699303,13.0,15.701681229057513,405.0,-9.748977136611938,21.44974443249249,0.6270111560821533,0.042511763089397386
0.11847672126112649,0.28782299016699303,13.0,15.701681229057513,405.0,-9.748977136611938,21.44974443249249,0.6270111560821533,0.042511763089397386
0.1377697684443914,0.28782299016699303,13.0,15.701681229057513,405.0,-9.748977136611938,21.44974443249249,0.6270111560821533,0.042511763089397386
0.1570628156276563,0.28782299016699303,13.0,15.701681229057513,405.0,-9.748977136611938,21.44974443249249,0.6270111560821533,0.042511763089397386
0.17635586281092122,0.28782299016699303,13.0,15.701681229057513,405.0,-9.748977136611938,21.44974443249249,0.6270111560821533,0.042511763089397386
0.19564890999418613,0.28782299016699303,13.0,15.701681229057513,405.0,-9.748977136611938,21.44974443249249,0.6270111560821533,0.042511763089397386
0.21494195717745104,0.28782299016699303,11.7,13.130258601499113,406.3,-9.749547648429871,21.449597334729493,0.6292333126068115,0.04030458113747456
0.23423500436071593,0.28782299016699303,11.4,12.559896405142451,406.6,-9.750285589694977,21.449407181523995,0.6295524179935456,0.04002948942693123
0.25352805154398084,0.28782299016699303,11.4,12.559896405142451,406.6,-9.750285589694977,21.449407181523995,0.6295524179935456,0.04002948942693123
0.27282109872724575,0.28782299016699303,11.4,12.559896405142451,406.6,-9.750285589694977,21.449407181523995,0.6295524179935456,0.04002948942693123
0.29211414591051066,0.28782299016699303,11.4,12.559896405142451,406.6,-9.750285589694977,21.449407181523995,0.6295524179935456,0.04002948942693123
0.31140719309377557,0.28782299016699303,11.4,12.559896405142451,406.6,-9.750285589694977,21.449407181523995,0.6295524179935456,0.04002948942693123
0.3307002402770405,0.28782299016699303,10.5,12.730986045189654,407.5,-9.630466401576996,21.478297594870295,0.6288737952709198,0.03861896808409115
0.3499932874603054,0.28782299016699303,10.5,12.730986045189654,407.5,-9.630466401576996,21.478297594870295,0.6288737952709198,0.03861896808409115
0.3692863346435703,0.28782299016699303,10.5,12.730986045189654,407.5,-9.630466401576996,21.478297594870295,0.6288737952709198,0.03861896808409115
0.3885793818268352,0.28782299016699303,10.5,12.730986045189654,407.5,-9.630466401576996,21.478297594870295,0.6288737952709198,0.03861896808409115
0.4078724290101001,0.28782299016699303,10.5,12.730986045189654,407.5,-9.630466401576996,21.478297594870295,0.6288737952709198,0.03861896808409115
0.42716547619336503,0.28782299016699303,10.5,12.730986045189654,407.5,-9.630466401576996,21.478297594870295,0.6288737952709198,0.03861896808409115
0.44645852337662995,0.28782299016699303,10.5,12.730986045189654,407.5,-9.630466401576996,21.478297594870295,0.6288737952709198,0.03861896808409115
0.4657515705598948,0.28782299016699303,10.5,12.730986045189654,407.5,-9.630466401576996,21.478297594870295,0.6288737952709198,0.03861896808409115
0.4850446177431597,0.28782299016699303,10.0,12.33976263452275,408.0,-362.3734481215477,819.4357199848084,0.629303902387619,0.03853769407215164
0.5043376649264246,0.28782299016699303,8.3,11.749917137775277,409.7,-189.8120955824852,429.07488495959757,0.6306348502635956,0.0384414291453641
0.5236307121096896,0.28782299016699303,8.3,11.749917137775277,409.7,-189.8120955824852,429.07488495959757,0.6306348502635956,0.0384414291453641
0.5429237592929544,0.28782299016699303,8.3,11.749917137775277,409.7,-189.8120955824852,429.07488495959757,0.6306348502635956,0.0384414291453641
0.5622168064762194,0.28782299016699303,3.0,3.520706047277953,415.0,-189.8088015794754,429.0757134279947,0.6334964036941528,0.03636789945345671
0.5815098536594843,0.28782299016699303,1.8,2.7354543028655267,416.2,-189.83524901866912,429.06905602042485,0.6346116244792939,0.03581912284860093
0.6008029008427492,0.28782299016699303,1.8,2.7354543028655267,416.2,-189.83524901866912,429.06905602042485,0.6346116244792939,0.03581912284860093
0.6200959480260141,0.28782299016699303,0.8,1.8097257302832792,417.2,-189.6887451171875,429.1057534796512,0.6351155340671539,0.03578722692690711
0.6393889952092789,0.28782299016699303,0.8,1.8097257302832792,417.2,-189.6887451171875,429.1057534796512,0.6351155340671539,0.03578722692690711
0.6586820423925439,0.28782299016699303,0.5,1.1310785814270496,417.5,-155.02711181640626,350.6956914320668,0.6353331863880157,0.035778898681293206
0.6779750895758088,0.28782299016699303,0.5,1.1310785814270496,417.5,-155.02711181640626,350.6956914320668,0.6353331863880157,0.035778898681293206
0.6972681367590737,0.28782299016699303,0.4,0.9048628651416396,417.6,-166.2524658203125,376.08920639757616,0.6354066550731658,0.0357776166788417
0.7165611839423386,0.28782299016699303,0.0,0.0,418.0,0.0,0.0,0.635667759180069,0.03577930791506133
0.7358542311256036,0.28782299016699303,0.0,0.0,418.0,0.0,0.0,0.635667759180069,0.03577930791506133
0.7551472783088684,0.28782299016699303,0.0,0.0,418.0,0.0,0.0,0.635667759180069,0.03577930791506133
0.002718438161537051,0.3256491200813867,21.7,14.929666012099386,396.3,-2.9621119081974028,3.4027563551171713,0.6195861339569092,0.04613681310954249
0.02201148534480196,0.3256491200813867,21.7,14.929666012099386,396.3,-2.9621119081974028,3.4027563551171713,0.6195861339569092,0.04613681310954249
0.041304532528066866,0.3256491200813867,21.7,14.929666012099386,396.3,-2.9621119081974028,3.4027563551171713,0.6195861339569092,0.04613681310954249
0.06059757971133177,0.3256491200813867,21.7,14.929666012099386,396.3,-2.9621119081974028,3.4027563551171713,0.6195861339569092,0.04613681310954249
0.07989062689459668,0.3256491200813867,21.7,14.929666012099386,396.3,-2.9621119081974028,3.4027563551171713,0.6195861339569092,0.04613681310954249
0.09918367407786159,0.3256491200813867,21.6,15.00621088403144,396.4,-2.8799515783786775,3.4370461728787127,0.61905437707901,0.04573173393273254
0.11847672126112649,0.3256491200813867,21.5,15.085759843634017,396.5,-2.8799515783786775,3.4370461728787127,0.6190623641014099,0.045737610759043194
0.1377697684443914,0.3256491200813867,21.5,15.085759843634017,396.5,-2.8799515783786775,3.4370461728787127,0.6190623641014099,0.045737610759043194
0.1570628156276563,0.3256491200813867,21.5,15.085759843634017,396.5,-2.8799515783786775,3.4370461728787127,0.6190623641014099,0.045737610759043194
0.17635586281092122,0.3256491200813867,21.5,15.085759843634017,396.5,-2.8799515783786775,3.4370461728787127,0.6190623641014099,0.045737610759043194
0.19564890999418613,0.3256491200813867,21.5,15.085759843634017,396.5,-2.8799515783786775,3.4370461728787127,0.6190623641014099,0.045737610759043194
0.21494195717745104,0.3256491200813867,20.2,12.826872188765194,397.8,-2.88049094080925,3.4367911561367115,0.6213137030601501,0.043849913624902676
0.23423500436071593,0.3256491200813867,19.9,12.346442176890992,398.1,-2.8812319457530977,3.436441476061398,0.6216372609138489,0.0436207932176081
0.25352805154398084,0.3256491200813867,19.9,12.346442176890992,398.1,-2.8812319457530977,3.436441476061398,0.6216372609138489,0.0436207932176081
0.27282109872724575,0.3256491200813867,19.9,12.346442176890992,398.1,-2.8812319457530977,3.436441476061398,0.6216372609138489,0.0436207932176081
0.29211414591051066,0.3256491200813867,19.9,12.346442176890992,398.1,-2.8812319457530977,3.436441476061398,0.6216372609138489,0.0436207932176081
0.31140719309377557,0.3256491200813867,19.9,12.346442176890992,398.1,-2.8812319457530977,3.436441476061398,0.6216372609138489,0.0436207932176081
0.3307002402770405,0.3256491200813867,19.0,12.787803679332836,399.0,-2.781413549184799,3.474756058431307,0.6209665417671204,0.04225081959700623
0.3499932874603054,0.3256491200813867,18.5,12.943589831041052,399.5,-7.569008749723435,11.368672402978234,0.6215370237827301,0.041747881855664436
0.3692863346435703,0.3256491200813867,18.2,13.020456450359777,399.8,-7.651792353391647,11.39010169304499,0.62169109582901,0.041889798320754096
0.3885793818268352,0.3256491200813867,17.2,13.521738396089873,400.8,-6.331301420927048,11.41572146489601,0.6221930265426636,0.04236872017301949
0.4078724290101001,0.3256491200813867,17.2,13.521738396089873,400.8,-6.331301420927048,11.41572146489601,0.6221930265426636,0.04236872017301949
0.42716547619336503,0.3256491200813867,17.2,13.521738396089873,400.8,-6.331301420927048,11.41572146489601,0.6221930265426636,0.04236872017301949
0.44645852337662995,0.3256491200813867,17.2,13.521738396089873,400.8,-6.331301420927048,11.41572146489601,0.6221930265426636,0.04236872017301949
0.4657515705598948,0.3256491200813867,17.2,13.521738396089873,400.8,-6.331301420927048,11.41572146489601,0.6221930265426636,0.04236872017301949
0.4850446177431597,0.3256491200813867,16.2,12.728976083429457,401.8,-6.4004756808280945,11.43542417996373,0.6229565739631653,0.04205548800617023
0.5043376649264246,0.3256491200813867,14.5,12.01406848576755,403.5,-5.601496303081513,11.355709777033526,0.6243926644325256,0.041959030900539075
0.5236307121096896,0.3256491200813867,13.4,12.289897341690667,404.6,-0.5381988763809205,0.9242867660210358,0.6257424771785736,0.04069596684597298
0.5429237592929544,0.3256491200813867,13.3,12.349205068655454,404.7,-0.5381988763809205,0.9242867660210358,0.62577223777771,0.040735988834869355
0.5622168064762194,0.3256491200813867,8.0,7.548060633560129,410.0,-0.5349048733711242,0.9253400479170719,0.6286337912082672,0.03898878037678264
0.5815098536594843,0.3256491200813867,6.1,5.825756238063255,411.9,-2.6755854725837707,4.747662967122403,0.6307306587696075,0.03750348860434394
0.6008029008427492,0.3256491200813867,6.1,5.825756238063255,411.9,-2.6755854725837707,4.747662967122403,0.6307306587696075,0.03750348860434394
0.6200959480260141,0.3256491200813867,5.1,5.586607175166796,412.9,-15680.346835935115,35465.02344419653,0.6312519490718842,0.03748459067437203
0.6393889952092789,0.3256491200813867,3.1,4.21797791037307,414.9,-15678.225263631344,35465.55639819212,0.6339276969432831,0.03592715639317042
0.6586820423925439,0.3256491200813867,2.8,3.721689707608231,415.2,-15678.134153974057,35465.579294097486,0.6341614305973053,0.03590131589927821
0.6779750895758088,0.3256491200813867,2.8,3.721689707608231,415.2,-15678.134153974057,35465.579294097486,0.6341614305973053,0.03590131589927821
0.6972681367590737,0.3256491200813867,1.6,2.764401715377455,416.4,-166.27091468572615,376.0845715476145,0.6350213587284088,0.03586131173558368
0.7165611839423386,0.3256491200813867,1.2,2.714588595424919,416.8,-0.01844886541366577,0.041734233042055285,0.6352824628353119,0.0358645940053587
0.7358542311256036,0.3256491200813867,1.2,2.714588595424919,416.8,-0.01844886541366577,0.041734233042055285,0.6352824628353119,0.0358645940053587
0.7551472783088684,0.3256491200813867,0.2,0.4524314325708198,417.8,-0.07954103946685791,0.17993433217081323,0.6361937820911407,0.03569691951916984
0.002718438161537051,0.36347524999578035,33.2,15.963130540924109,384.8,-0.20464473366737365,0.3329918501972557,0.6200410068035126,0.042702236257681846
0.02201148534480196,0.36347524999578035,33.2,15.963130540924109,384.8,-0.20464473366737365,0.3329918501972557,0.6200410068035126,0.042702236257681846
0.041304532528066866,0.36347524999578035,33.2,15.963130540924109,384.8,-0.20464473366737365,0.3329918501972557,0.6200410068035126,0.042702236257681846
0.06059757971133177,0.36347524999578035,33.2,15.963130540924109,384.8,-0.20464473366737365,0.3329918501972557,0.6200410068035126,0.042702236257681846
0.07989062689459668,0.36347524999578035,32.4,15.92889934239968,385.6,-0.2107900321483612,0.32917205693325324,0.6203675985336303,0.04289307829771176
0.09918367407786159,0.36347524999578035,32.3,15.939069402326043,385.7,-0.3133212149143219,0.35096291251598766,0.6197995007038116,0.04256881057005253
0.11847672126112649,0.36347524999578035,32.2,15.952441181982792,385.8,-0.23408401608467103,0.3198061818618288,0.6198195397853852,0.042579630850042696
0.1377697684443914,0.36347524999578035,32.2,15.952441181982792,385.8,-0.23408401608467103,0.3198061818618288,0.6198195397853852,0.042579630850042696
0.1570628156276563,0.36347524999578035,32.2,15.952441181982792,385.8,-0.23408401608467103,0.3198061818618288,0.6198195397853852,0.042579630850042696
0.17635586281092122,0.36347524999578035,32.2,15.952441181982792,385.8,-0.23408401608467103,0.3198061818618288,0.6198195397853852,0.042579630850042696
0.19564890999418613,0.36347524999578035,32.2,15.952441181982792,385.8,-0.23408401608467103,0.3198061818618288,0.6198195397853852,0.042579630850042696
0.21494195717745104,0.36347524999578035,30.9,14.084640950046518,387.1,-0.23463850617408752,0.31959155385965765,0.6222332954406739,0.040073463083809616
0.23423500436071593,0.36347524999578035,30.6,13.707170856210643,387.4,-0.23535998463630675,0.3193194498736338,0.6225816488265992,0.03976067766686924
0.25352805154398084,0.36347524999578035,30.6,13.707170856210643,387.4,-0.23535998463630675,0.3193194498736338,0.6225816488265992,0.03976067766686924
0.27282109872724575,0.36347524999578035,30.6,13.707170856210643,387.4,-0.23535998463630675,0.3193194498736338,0.6225816488265992,0.03976067766686924
0.29211414591051066,0.36347524999578035,30.6,13.707170856210643,387.4,-0.23535998463630675,0.3193194498736338,0.6225816488265992,0.03976067766686924
0.31140719309377557,0.36347524999578035,30.6,13.707170856210643,387.4,-0.23535998463630675,0.3193194498736338,0.6225816488265992,0.03976067766686924
0.3307002402770405,0.36347524999578035,29.7,14.255579262857353,388.3,-0.3905163943767548,0.4633386229231969,0.6218972086906434,0.038323799860777996
0.3499932874603054,0.36347524999578035,29.2,14.48801336995725,388.8,-0.44085020422935484,0.4922065036841312,0.6224917590618133,0.037712339341603826
0.3692863346435703,0.36347524999578035,28.9,14.470931336828775,389.1,-0.4407510221004486,0.4922615646472811,0.6226682186126709,0.03787183046794072
0.3885793818268352,0.36347524999578035,26.8,14.848515025716468,391.2,-16.312223935127257,35.82105335770108,0.6239359855651856,0.0388249416556229
0.4078724290101001,0.36347524999578035,26.8,14.848515025716468,391.2,-16.312223935127257,35.82105335770108,0.6239359855651856,0.0388249416556229
0.42716547619336503,0.36347524999578035,26.8,14.848515025716468,391.2,-16.312223935127257,35.82105335770108,0.6239359855651856,0.0388249416556229
0.44645852337662995,0.36347524999578035,26.8,14.848515025716468,391.2,-16.312223935127257,35.82105335770108,0.6239359855651856,0.0388249416556229
0.4657515705598948,0.36347524999578035,26.8,14.848515025716468,391.2,-16.312223935127257,35.82105335770108,0.6239359855651856,0.0388249416556229
0.4850446177431597,0.36347524999578035,25.8,13.829411242013284,392.2,-16.311391592025757,35.821268762115096,0.6247180759906769,0.03871800484093791
0.5043376649264246,0.36347524999578035,24.1,12.847468369292114,393.9,-16.30805554986,35.82213381816101,0.626294082403183,0.038611513088332855
0.5236307121096896,0.36347524999578035,22.4,12.45990287656816,395.6,-16.146511405706406,35.862841748347805,0.6284358263015747,0.036357848980397574
0.5429237592929544,0.36347524999578035,21.7,12.872228630024662,396.3,-15.239343839883805,26.548193344571324,0.6290063917636871,0.036145459654805326
0.5622168064762194,0.36347524999578035,16.4,10.990556059417587,401.6,-15.236049836874008,26.54926716814381,0.6318679451942444,0.034009911866634115
0.5815098536594843,0.36347524999578035,13.8,8.415711117167529,404.2,-18.094390243291855,26.398873275775372,0.6259947955608368,0.03748703724448776
0.6008029008427492,0.36347524999578035,12.3,7.074040305087954,405.7,-17.36649406552315,26.28616747296986,0.6282400250434875,0.035669460358909146
0.6200959480260141,0.36347524999578035,9.4,7.534489042179439,408.6,-283.2475137352943,624.1761880788727,0.6296319544315339,0.03626623471866055
0.6393889952092789,0.36347524999578035,6.3,7.403934377444031,411.7,-280.12106319665907,624.9528548163347,0.6328402817249298,0.03524732068846834
0.6586820423925439,0.36347524999578035,4.9,6.865190443189024,413.1,-276.6412006378174,625.7785931391544,0.633711177110672,0.036077839223907594
0.6779750895758088,0.36347524999578035,4.9,6.865190443189024,413.1,-276.6412006378174,625.7785931391544,0.633711177110672,0.036077839223907594
0.6972681367590737,0.36347524999578035,3.7,5.396086555790455,414.3,-0.012262606620788574,0.0358993797074744,0.6346280992031097,0.036075950007110974
0.7165611839423386,0.36347524999578035,2.9,4.529966188406151,415.1,-0.013255840539932251,0.0353009399942126,0.6351711452007294,0.03611677094903864
0.7358542311256036,0.36347524999578035,1.8,4.071882893137379,416.2,-0.015255701541900635,0.03451079451737485,0.6345939099788666,0.03606899377501927
0.7551472783088684,0.36347524999578035,0.2,0.4524314325708198,417.8,-0.07954103946685791,0.17993433217081323,0.6361937820911407,0.03569691951916984
0.002718438161537051,0.401301379910174,41.9,20.6215061767427,376.1,-0.08725346922874451,0.16119497187488988,0.6218462467193604,0.04530945665810799
0.02201148534480196,0.401301379910174,41.9,20.6215061767427,376.1,-0.08725346922874451,0.16119497187488988,0.6218462467193604,0.04530945665810799
0.041304532528066866,0.401301379910174,41.9,20.6215061767427,376.1,-0.08725346922874451,0.16119497187488988,0.6218462467193604,0.04530945665810799
0.06059757971133177,0.401301379910174,41.9,20.6215061767427,376.1,-0.08725346922874451,0.16119497187488988,0.6218462467193604,0.04530945665810799
0.07989062689459668,0.401301379910174,41.1,20.742472201409235,376.9,-0.09348286390304565,0.15571248559594347,0.6221803545951843,0.0454802093882831
0.09918367407786159,0.401301379910174,41.0,20.768634270998312,377.0,-0.19062169790267944,0.22031136378492133,0.6216095507144928,0.04519574730162486
0.11847672126112649,0.401301379910174,40.9,20.797224166684476,377.1,-0.11415112018585205,0.14603654461636753,0.6216305911540985,0.04520560993914169
0.1377697684443914,0.401301379910174,40.9,20.797224166684476,377.1,-0.11415112018585205,0.14603654461636753,0.6216305911540985,0.04520560993914169
0.1570628156276563,0.401301379910174,40.2,19.978261898802245,377.8,-0.11244349479675293,0.14660120882717043,0.6230376780033111,0.043372483871494484
0.17635586281092122,0.401301379910174,40.0,19.761352389133773,378.0,-0.1118542194366455,0.14681915171715226,0.6233914017677307,0.04293647269644872
0.19564890999418613,0.401301379910174,40.0,19.761352389133773,378.0,-0.1118542194366455,0.14681915171715226,0.6233914017677307,0.04293647269644872
0.21494195717745104,0.401301379910174,38.6,18.63653862172231,379.4,-0.11301282644271851,0.14649841864229782,0.625932651758194,0.040190851425710224
0.23423500436071593,0.401301379910174,38.3,18.415095598495427,379.7,-0.11373802423477172,0.14624257058543136,0.6262862741947174,0.039847052659229346
0.25352805154398084,0.401301379910174,38.3,18.415095598495427,379.7,-0.11373802423477172,0.14624257058543136,0.6262862741947174,0.039847052659229346
0.27282109872724575,0.401301379910174,38.3,18.415095598495427,379.7,-0.11373802423477172,0.14624257058543136,0.6262862741947174,0.039847052659229346
0.29211414591051066,0.401301379910174,37.7,18.059672749723724,380.3,-0.11183317303657532,0.14772285770856428,0.6266853094100953,0.04012720673921389
0.31140719309377557,0.401301379910174,37.6,18.009701098761745,380.4,-0.11147686839103699,0.14801203147688263,0.6267486095428467,0.04017333287267148
0.3307002402770405,0.401301379910174,34.7,18.091129589764666,383.3,-0.09436527490615845,0.1473155427109773,0.6263021469116211,0.03915093030613858
0.3499932874603054,0.401301379910174,34.2,18.352464034523326,383.8,-0.14469908475875853,0.2573671639674354,0.6268966972827912,0.03851394545111471
0.3692863346435703,0.401301379910174,33.9,18.385430196093935,384.1,-0.14459990262985228,0.25740757619391846,0.6270731568336487,0.03865869977480092
0.3885793818268352,0.401301379910174,31.8,18.934974657059364,386.2,-0.7351914584636688,1.3425241771178587,0.6283536612987518,0.039505968246004365
0.4078724290101001,0.401301379910174,31.8,18.934974657059364,386.2,-0.7351914584636688,1.3425241771178587,0.6283536612987518,0.039505968246004365
0.42716547619336503,0.401301379910174,31.8,18.934974657059364,386.2,-0.7351914584636688,1.3425241771178587,0.6283536612987518,0.039505968246004365
0.44645852337662995,0.401301379910174,31.8,18.934974657059364,386.2,-0.7351914584636688,1.3425241771178587,0.6283536612987518,0.039505968246004365
0.4657515705598948,0.401301379910174,31.8,18.934974657059364,386.2,-0.7351914584636688,1.3425241771178587,0.6283536612987518,0.039505968246004365
0.4850446177431597,0.401301379910174,30.8,17.750848064626787,387.2,-0.7348477959632873,1.3426229952436017,0.6292531490325928,0.039408279039453285
0.5043376649264246,0.401301379910174,29.1,15.195418548987448,388.9,-0.7364700257778167,1.3421049441825017,0.6311528146266937,0.03948182167910618
0.5236307121096896,0.401301379910174,26.9,15.473515112216703,391.1,-0.5775418698787689,1.3628308824251012,0.6329609155654907,0.0372752726345
0.5429237592929544,0.401301379910174,26.0,15.860215302691659,392.0,-0.41358059644699097,0.9217792346339084,0.6337916731834412,0.0368154601756692
0.5622168064762194,0.401301379910174,20.7,15.249952206104364,397.3,-0.4102865934371948,0.9225824230467259,0.6366532266139984,0.03449617416191428
0.5815098536594843,0.401301379910174,18.1,13.975217267508082,399.9,-3.2686269998550417,6.4092800807607695,0.6307800769805908,0.038347754069873244
0.6008029008427492,0.401301379910174,16.4,13.523420308951168,401.6,-6.030011606216431,8.643789050744743,0.6330101311206817,0.03638585687841545
0.6200959480260141,0.401301379910174,13.3,14.07898803504041,404.7,-6.643810230493545,8.665560321546778,0.634461635351181,0.037188908607518625
0.6393889952092789,0.401301379910174,10.2,14.49193742771181,407.8,-3.5173596918582914,7.862625048179847,0.637669962644577,0.03595174231047628
0.6586820423925439,0.401301379910174,8.7,13.805749927003607,409.3,-0.037324261665344236,0.060279135718104615,0.638340026140213,0.03673777621270453
0.6779750895758088,0.401301379910174,6.8,10.6468352035897,411.2,-276.64567773342134,625.7774676704365,0.6355806231498718,0.03625531428919869
0.6972681367590737,0.401301379910174,4.9,7.483376368478617,413.1,-0.018658542633056642,0.03451399473273375,0.6369041562080383,0.03657157556136004
0.7165611839423386,0.401301379910174,3.3,5.002386040083351,414.7,-0.015578782558441162,0.03443724845519183,0.6353443145751954,0.03614029291017958
0.7358542311256036,0.401301379910174,1.8,4.071882893137379,416.2,-0.015255701541900635,0.03451079451737485,0.6345939099788666,0.03606899377501927
0.7551472783088684,0.401301379910174,0.2,0.4524314325708198,417.8,-0.07954103946685791,0.17993433217081323,0.6361937820911407,0.03569691951916984
0.002718438161537051,0.43912750982456766,61.6,17.591251933304854,356.4,-0.027156740427017212,0.08609561983092658,0.6095328569412232,0.055091931048961665
0.02201148534480196,0.43912750982456766,60.2,18.59866812948797,357.8,-0.01105007529258728,0.05611747280330055,0.6094973683357239,0.055049725583893164
0.041304532528066866,0.43912750982456766,60.2,18.59866812948797,357.8,-0.01105007529258728,0.05611747280330055,0.6094973683357239,0.055049725583893164
0.06059757971133177,0.43912750982456766,60.2,18.59866812948797,357.8,-0.01105007529258728,0.05611747280330055,0.6094973683357239,0.055049725583893164
0.07989062689459668,0.43912750982456766,59.4,18.495661593163966,358.6,-0.021092700958251952,0.05237011975762781,0.6099739134311676,0.05519692397366622
0.09918367407786159,0.43912750982456766,58.6,19.201555768270225,359.4,-0.2527599811553955,0.5388741873243346,0.6096748590469361,0.05500057577808404
0.11847672126112649,0.43912750982456766,58.5,19.201703827317623,359.5,-0.20504212379455566,0.43151403138744054,0.6097148299217224,0.05501147347239185
0.1377697684443914,0.43912750982456766,58.5,19.201703827317623,359.5,-0.20504212379455566,0.43151403138744054,0.6097148299217224,0.05501147347239185
0.1570628156276563,0.43912750982456766,55.3,20.143363182082023,362.7,-0.22237106561660766,0.42804102018444024,0.6108888745307922,0.05490775744903726
0.17635586281092122,0.43912750982456766,52.8,18.674941263821793,365.2,-0.6290618479251862,0.941321544691871,0.6117659866809845,0.05371022377302377
0.19564890999418613,0.43912750982456766,52.4,19.067836502669607,365.6,-0.6305732071399689,0.9407960580875295,0.61210315823555,0.053703535125045825
0.21494195717745104,0.43912750982456766,51.0,18.3096590336751,367.0,-0.6319924175739289,0.9402945507886753,0.6147219896316528,0.05170714200542067
0.23423500436071593,0.43912750982456766,49.2,18.055736791288677,368.8,-0.44083788990974426,0.5907727349139865,0.6166728377342224,0.04611764415952897
0.25352805154398084,0.43912750982456766,49.0,17.87279141148539,369.0,-0.44299790263175964,0.5898188952642514,0.6166978120803833,0.04613160437608866
0.27282109872724575,0.43912750982456766,48.9,17.877403765351808,369.1,-0.44369401335716246,0.590926106971795,0.616886419057846,0.04582264917340707
0.29211414591051066,0.43912750982456766,48.3,17.385936549109754,369.7,-0.4414169490337372,0.5919323853829226,0.6173621475696563,0.04610166330825344
0.31140719309377557,0.43912750982456766,47.5,17.412733429735763,370.5,-0.801980459690094,1.3030243916052873,0.6186004221439362,0.04429198678384484
0.3307002402770405,0.43912750982456766,44.6,17.072918393689815,373.4,-0.817108416557312,1.2984041783838924,0.6182795226573944,0.04336412068867827
0.3499932874603054,0.43912750982456766,43.4,17.099540768185207,374.6,-1.0041900992393493,1.7078148415280465,0.6194491565227509,0.042590391263054965
0.3692863346435703,0.43912750982456766,43.1,17.12695174974892,374.9,-1.003992533683777,1.7078655465902057,0.619642186164856,0.04273875169622408
0.3885793818268352,0.43912750982456766,41.0,17.012197290934534,377.0,-1.3581376433372498,1.9807257429644214,0.6212108552455902,0.043495795456010865
0.4078724290101001,0.43912750982456766,41.0,17.012197290934534,377.0,-1.3581376433372498,1.9807257429644214,0.6212108552455902,0.043495795456010865
0.42716547619336503,0.43912750982456766,41.0,17.012197290934534,377.0,-1.3581376433372498,1.9807257429644214,0.6212108552455902,0.043495795456010865
0.44645852337662995,0.43912750982456766,41.0,17.012197290934534,377.0,-1.3581376433372498,1.9807257429644214,0.6212108552455902,0.043495795456010865
0.4657515705598948,0.43912750982456766,41.0,17.012197290934534,377.0,-1.3581376433372498,1.9807257429644214,0.6212108552455902,0.043495795456010865
0.4850446177431597,0.43912750982456766,39.1,16.163654229587472,378.9,-1.3047938466072082,1.8872073582439521,0.6235819458961487,0.04132769777372111
0.5043376649264246,0.43912750982456766,37.1,13.901789656813081,380.9,-1.2155870139598846,1.733640187376288,0.6259632050991059,0.04089411866329166
0.5236307121096896,0.43912750982456766,34.6,14.055342327278344,383.4,-1.0915513575077056,1.5179129070801052,0.6276190161705018,0.03831659347469706
0.5429237592929544,0.43912750982456766,33.4,14.327789082111993,384.6,-451.80473616719246,1020.5559492570204,0.6288726806640625,0.03763783314397367
0.5622168064762194,0.43912750982456766,26.7,15.160204031369748,391.3,-317.55363983511927,717.0588556342344,0.6332304418087006,0.034209348119880884
0.5815098536594843,0.43912750982456766,20.7,14.32719379820729,397.3,-4.0471523880958555,6.691657910132798,0.6298217892646789,0.03789704257817236
0.6008029008427492,0.43912750982456766,18.0,13.535187847029883,400.0,-2.5444736957550047,4.780932631965707,0.6324472486972809,0.036258398148878934
0.6200959480260141,0.43912750982456766,14.7,14.095133205948393,403.3,-3.1493951857089995,5.069208967390164,0.6341430604457855,0.036990219055282214
0.6393889952092789,0.43912750982456766,10.7,14.524270452043845,407.3,-0.03118443489074707,0.05359677541345893,0.637737101316452,0.036086139778695486
0.6586820423925439,0.43912750982456766,8.7,13.805749927003607,409.3,-0.037324261665344236,0.060279135718104615,0.638340026140213,0.03673777621270453
0.6779750895758088,0.43912750982456766,6.8,10.6468352035897,411.2,-276.64567773342134,625.7774676704365,0.6355806231498718,0.03625531428919869
0.6972681367590737,0.43912750982456766,4.9,7.483376368478617,413.1,-0.018658542633056642,0.03451399473273375,0.6369041562080383,0.03657157556136004
0.7165611839423386,0.43912750982456766,3.3,5.002386040083351,414.7,-0.015578782558441162,0.03443724845519183,0.6353443145751954,0.03614029291017958
0.7358542311256036,0.43912750982456766,1.8,4.071882893137379,416.2,-0.015255701541900635,0.03451079451737485,0.6345939099788666,0.03606899377501927
0.7551472783088684,0.43912750982456766,0.2,0.4524314325708198,417.8,-0.07954103946685791,0.17993433217081323,0.6361937820911407,0.03569691951916984
0.002718438161537051,0.4769536397389613,71.7,17.96497174524577,346.3,-0.007829254865646363,0.05430526156941534,0.5995160222053528,0.060752807877764235
0.02201148534480196,0.4769536397389613,70.3,17.379394456895255,347.7,0.0005053102970123291,0.04518279138817453,0.5997117757797241,0.06094581617066779
0.041304532528066866,0.4769536397389613,70.3,17.379394456895255,347.7,0.0005053102970123291,0.04518279138817453,0.5997117757797241,0.06094581617066779
0.06059757971133177,0.4769536397389613,70.3,17.379394456895255,347.7,0.0005053102970123291,0.04518279138817453,0.5997117757797241,0.06094581617066779
0.07989062689459668,0.4769536397389613,69.4,17.383156460755743,348.6,-0.011601668596267701,0.05658870330154763,0.600348311662674,0.06109957051168643
0.09918367407786159,0.4769536397389613,68.6,18.22000292839139,349.4,-0.34857123494148257,0.8082703192268158,0.6000554203987122,0.06093104143137574
0.11847672126112649,0.4769536397389613,68.5,18.22015896364858,349.5,-0.3049445927143097,0.7097241683080278,0.6001043736934661,0.06094326031054819
0.1377697684443914,0.4769536397389613,68.2,18.374138595946576,349.8,-0.31740724444389345,0.7374344493842364,0.6004417181015015,0.06097473154018719
0.1570628156276563,0.4769536397389613,65.0,20.10932038452247,353.0,-0.3349691808223724,0.7338159744513745,0.6016690194606781,0.061188473697401206
0.17635586281092122,0.4769536397389613,62.4,18.48336067294643,355.6,-0.581795847415924,0.8554410918184384,0.6035159945487976,0.05838577783822468
0.19564890999418613,0.4769536397389613,62.0,18.935575223995997,356.0,-0.5827711701393128,0.8550965568968611,0.6038677632808686,0.0583977564965274
0.21494195717745104,0.4769536397389613,60.4,18.356800994165308,357.6,-0.5838939547538757,0.8546922765080723,0.6067652761936188,0.05672132108049294
0.23423500436071593,0.4769536397389613,58.6,17.974938794319737,359.4,-0.4861750602722168,0.7611533512407719,0.6094081461429596,0.04936530743268198
0.25352805154398084,0.4769536397389613,58.1,17.634027371524454,359.9,-0.49718923568725587,0.7566577753372659,0.60877565741539,0.04900296782463179
0.27282109872724575,0.4769536397389613,58.0,17.62289961349765,360.0,-0.4967442750930786,0.7563557321446253,0.6090025961399078,0.04859901853717654
0.29211414591051066,0.4769536397389613,57.0,17.415182305836716,361.0,-0.49531144499778745,0.7569442278938406,0.6099525988101959,0.0489601266745957
0.31140719309377557,0.4769536397389613,55.6,17.142713947661157,362.4,-0.5624644219875335,0.8149469678342378,0.6124554693698883,0.046626988948032196
0.3307002402770405,0.4769536397389613,52.4,16.54865847663024,365.6,-0.5869309842586518,0.8078228498887344,0.6125140726566315,0.045978447101605105
0.3499932874603054,0.4769536397389613,50.8,16.52665410093517,367.2,-0.6002748250961304,0.8263850107008331,0.614128851890564,0.04518885165988833
0.3692863346435703,0.4769536397389613,50.4,16.65824436719217,367.6,-0.5981446504592896,0.8269071088883464,0.6143840968608856,0.04538961348076248
0.3885793818268352,0.4769536397389613,48.3,16.725861040917483,369.7,-1.140431773662567,1.9548819375200794,0.6160517454147338,0.04613479327532555
0.4078724290101001,0.4769536397389613,48.3,16.725861040917483,369.7,-1.140431773662567,1.9548819375200794,0.6160517454147338,0.04613479327532555
0.42716547619336503,0.4769536397389613,48.3,16.725861040917483,369.7,-1.140431773662567,1.9548819375200794,0.6160517454147338,0.04613479327532555
0.44645852337662995,0.4769536397389613,48.3,16.725861040917483,369.7,-1.140431773662567,1.9548819375200794,0.6160517454147338,0.04613479327532555
0.4657515705598948,0.4769536397389613,48.3,16.725861040917483,369.7,-1.140431773662567,1.9548819375200794,0.6160517454147338,0.04613479327532555
0.4850446177431597,0.4769536397389613,46.4,15.90746743691069,371.6,-1.0918415904045105,1.9426437637475826,0.6186877608299255,0.04337069200258993
0.5043376649264246,0.4769536397389613,44.3,13.95322955700657,373.7,-1.0722727954387665,1.938450551080379,0.6212374627590179,0.04294233049563575
0.5236307121096896,0.4769536397389613,40.4,14.035100745406488,377.6,-0.6752441346645355,1.2248439561473121,0.6245974004268646,0.03896010265200726
0.5429237592929544,0.4769536397389613,38.6,14.002653353149677,379.4,-0.6702310740947723,1.1795615661252277,0.6264414489269257,0.03836468625782452
0.5622168064762194,0.4769536397389613,31.1,15.965445625381381,386.9,-321.2934268951416,716.1664966005268,0.6319415688514709,0.033313690402138094
0.5815098536594843,0.4769536397389613,24.7,16.385855073669077,393.3,-4.1370447158813475,6.664186855474994,0.628914189338684,0.036839693163602485
0.6008029008427492,0.4769536397389613,21.6,15.55688841616113,396.4,-2.541474664211273,4.78184312443657,0.6314390659332275,0.03509732715379262
0.6200959480260141,0.4769536397389613,17.7,16.316306765999368,400.3,-3.147313493490219,5.069953808674552,0.6332612931728363,0.03592790910810303
0.6393889952092789,0.4769536397389613,11.0,14.59047529127162,407.0,-0.033120650053024295,0.052688358238517106,0.6375748038291931,0.03588389468777067
0.6586820423925439,0.4769536397389613,8.9,13.741350539039097,409.1,-13026.293574261665,29467.429499687758,0.6382381081581116,0.03660597565809105
0.6779750895758088,0.4769536397389613,6.8,10.6468352035897,411.2,-276.64567773342134,625.7774676704365,0.6355806231498718,0.03625531428919869
0.6972681367590737,0.4769536397389613,4.9,7.483376368478617,413.1,-0.018658542633056642,0.03451399473273375,0.6369041562080383,0.03657157556136004
0.7165611839423386,0.4769536397389613,3.3,5.002386040083351,414.7,-0.015578782558441162,0.03443724845519183,0.6353443145751954,0.03614029291017958
0.7358542311256036,0.4769536397389613,1.8,4.071882893137379,416.2,-0.015255701541900635,0.03451079451737485,0.6345939099788666,0.03606899377501927
0.7551472783088684,0.4769536397389613,0.2,0.4524314325708198,417.8,-0.07954103946685791,0.17993433217081323,0.6361937820911407,0.03569691951916984
0.002718438161537051,0.5147797696533549,86.0,21.590140890757517,332.0,0.0030220985412597657,0.05762701487095976,0.5895855724811554,0.05892935180284661
0.02201148534480196,0.5147797696533549,84.0,20.66983999596813,334.0,-0.002017873525619507,0.03258213313972276,0.5899270892143249,0.05913122910400814
0.041304532528066866,0.5147797696533549,84.0,20.66983999596813,334.0,-0.002017873525619507,0.03258213313972276,0.5899270892143249,0.05913122910400814
0.06059757971133177,0.5147797696533549,83.9,20.687575329485696,334.1,-0.001302427053451538,0.03182850991190324,0.5899702072143554,0.05917928190726854
0.07989062689459668,0.5147797696533549,83.0,19.628549977454178,335.0,-0.0029489636421203614,0.03147270843603397,0.591263347864151,0.0590577766399298
0.09918367407786159,0.5147797696533549,82.2,20.291716476675454,335.8,-0.002683854103088379,0.029743510182800064,0.5908519566059113,0.05914617671138836
0.11847672126112649,0.5147797696533549,82.1,20.158600221463587,335.9,-0.0013201594352722167,0.02909145934285199,0.5909839689731597,0.05913016065952575
0.1377697684443914,0.5147797696533549,81.5,20.22280781948229,336.5,-0.0007068932056427002,0.028879718944079393,0.5910587668418884,0.05905703800383756
0.1570628156276563,0.5147797696533549,78.3,22.22101678123289,339.7,-0.015018540620803832,0.047661484655527414,0.5924590229988098,0.05931757789144191
0.17635586281092122,0.5147797696533549,75.2,22.16657524354914,342.8,-0.2628382921218872,0.5339531570359182,0.5948839008808136,0.05660883784945641
0.19564890999418613,0.5147797696533549,74.8,22.613526972657677,343.2,-0.26358994245529177,0.5337750922113007,0.5952518343925476,0.05664751738804557
0.21494195717745104,0.5147797696533549,73.2,22.570741661097227,344.8,-0.26470863819122314,0.5334973748335788,0.598196417093277,0.05510365740464236
0.23423500436071593,0.5147797696533549,71.2,22.798833483131297,346.8,-0.16588479280471802,0.31329469182771436,0.6003473401069641,0.04775997082758816
0.25352805154398084,0.5147797696533549,70.7,22.42732319838566,347.3,-0.1862540602684021,0.30883049296596016,0.5997003614902496,0.04751802886459267
0.27282109872724575,0.5147797696533549,70.6,22.450509007611302,347.4,-0.18580909967422485,0.3078342789267997,0.5999273002147675,0.0471262018221458
0.29211414591051066,0.5147797696533549,69.6,22.172730630878476,348.4,-0.18394373655319213,0.30780125384629803,0.6010753393173218,0.04753006874916364
0.31140719309377557,0.5147797696533549,68.2,22.299561566585997,349.8,-0.2509371042251587,0.4578771732061447,0.603655743598938,0.04533346833910387
0.3307002402770405,0.5147797696533549,65.0,21.343812138928982,353.0,-0.3191042602062225,0.4797797468987417,0.6040804147720337,0.04471993508587275
0.3499932874603054,0.5147797696533549,63.4,21.24019819579134,354.6,-0.33543930053710935,0.5142412782179234,0.6058660507202148,0.04406386336673133
0.3692863346435703,0.5147797696533549,61.7,20.16029251497072,356.3,-0.33525638580322265,0.5122960894615024,0.6078079998493194,0.044032977143622955
0.3885793818268352,0.5147797696533549,59.6,18.434074909139074,358.4,-0.3351518511772156,0.5117139984922825,0.6103714287281037,0.04448239958598847
0.4078724290101001,0.5147797696533549,59.6,18.434074909139074,358.4,-0.3351518511772156,0.5117139984922825,0.6103714287281037,0.04448239958598847
0.42716547619336503,0.5147797696533549,59.6,18.434074909139074,358.4,-0.3351518511772156,0.5117139984922825,0.6103714287281037,0.04448239958598847
0.44645852337662995,0.5147797696533549,59.6,18.434074909139074,358.4,-0.3351518511772156,0.5117139984922825,0.6103714287281037,0.04448239958598847
0.4657515705598948,0.5147797696533549,59.4,18.132412268980236,358.6,-0.33492614030838014,0.511791170804265,0.610687130689621,0.04449623267082227
0.4850446177431597,0.5147797696533549,57.4,18.044396434182538,360.6,-0.2861123442649841,0.4120540528705286,0.6134468734264373,0.0418340527537211
0.5043376649264246,0.5147797696533549,54.8,16.291022181786253,363.2,-0.2667622983455658,0.36813651782642115,0.6167585790157318,0.041603884306094324
0.5236307121096896,0.5147797696533549,47.8,12.782466903550858,370.2,-0.1877682089805603,0.2505206674111346,0.6231981694698334,0.03859163287567223
0.5429237592929544,0.5147797696533549,45.1,12.664713359295867,372.9,-0.20972227454185485,0.2737885747532531,0.6247338056564331,0.0379126909005145
0.5622168064762194,0.5147797696533549,37.4,16.03562921372079,380.6,-317.1390294313431,717.1622978491919,0.630452448129654,0.033002191779641206
0.5815098536594843,0.5147797696533549,30.4,16.88875357868647,387.6,-4.119168454408646,6.668177476923432,0.6262793838977814,0.03574713891839405
0.6008029008427492,0.5147797696533549,25.6,15.900317048885062,392.4,-2.7613463699817657,4.728740856088724,0.6292885184288025,0.034252687978120935
0.6200959480260141,0.5147797696533549,21.7,16.657732365090737,396.3,-4.8075473487377165,6.955665230072331,0.631168395280838,0.035174819104008985
0.6393889952092789,0.5147797696533549,11.9,14.697059426741578,406.1,-0.18345779776573182,0.34563043848184516,0.6370812356472015,0.036125066316639504
0.6586820423925439,0.5147797696533549,9.5,14.031251543717975,408.5,-13026.28935239315,29467.43056085025,0.6380054891109467,0.03670184349152209
0.6779750895758088,0.5147797696533549,7.0,10.775300444453306,411.0,-276.6466341495514,625.7772273959472,0.6353712618350983,0.03633339227919245
0.6972681367590737,0.5147797696533549,4.9,7.483376368478617,413.1,-0.018658542633056642,0.03451399473273375,0.6369041562080383,0.03657157556136004
0.7165611839423386,0.5147797696533549,3.3,5.002386040083351,414.7,-0.015578782558441162,0.03443724845519183,0.6353443145751954,0.03614029291017958
0.7358542311256036,0.5147797696533549,1.8,4.071882893137379,416.2,-0.015255701541900635,0.03451079451737485,0.6345939099788666,0.03606899377501927
0.7551472783088684,0.5147797696533549,0.2,0.4524314325708198,417.8,-0.07954103946685791,0.17993433217081323,0.6361937820911407,0.03569691951916984
0.002718438161537051,0.5526058995677486,108.1,17.672678046847558,309.9,0.01717301607131958,0.07871044709347447,0.5727304220199585,0.0568412192809713
0.02201148534480196,0.5526058995677486,105.7,15.974702608146139,312.3,-0.0026935338973999023,0.04273883091521067,0.5724445700645446,0.057185012239191285
0.041304532528066866,0.5526058995677486,105.3,16.17982773260184,312.7,-0.0028531432151794435,0.042669914331933345,0.57159343957901,0.056759176283863046
0.06059757971133177,0.5526058995677486,104.4,16.063970750881353,313.6,0.0016757726669311523,0.04112759849598243,0.5723634839057923,0.05767633171693483
0.07989062689459668,0.5526058995677486,101.2,15.278820783801994,316.8,-0.007153999805450439,0.043684172652351,0.5749569475650788,0.05838338411702185
0.09918367407786159,0.5526058995677486,99.6,15.785470352007929,318.4,-0.010658717155456543,0.03525965563190369,0.5755672574043273,0.05767567085828909
0.11847672126112649,0.5526058995677486,99.4,15.73496133534997,318.6,-0.009610962867736817,0.0347441044814518,0.575744354724884,0.05773068234438991
0.1377697684443914,0.5526058995677486,98.5,15.821629188888828,319.5,-0.006404131650924683,0.03408007240290855,0.5733544111251831,0.05691102907641769
0.1570628156276563,0.5526058995677486,95.3,18.228894806390656,322.7,-0.03285062313079834,0.07178833625485284,0.5755138397216797,0.056920303978695165
0.17635586281092122,0.5526058995677486,91.8,19.12619359165246,326.2,-0.27989572286605835,0.5321640476738573,0.5785328388214112,0.054075238188405234
0.19564890999418613,0.5526058995677486,90.3,19.138824077203626,327.7,-0.2811435520648956,0.5318334086504904,0.5798924267292023,0.0541353375643725
0.21494195717745104,0.5526058995677486,88.4,19.157086388910354,329.6,-0.281773579120636,0.5316692638808272,0.5833608627319335,0.05295220987173052
0.23423500436071593,0.5526058995677486,86.4,20.070262681846966,331.6,-0.1896101713180542,0.31165527049008684,0.5853031277656555,0.046626886163703855
0.25352805154398084,0.5526058995677486,85.9,19.507817657037457,332.1,-0.1971044659614563,0.30880378384103585,0.5846406877040863,0.04644664312383525
0.27282109872724575,0.5526058995677486,85.8,19.578662043310295,332.2,-0.19665950536727905,0.3078164017203248,0.5848676264286041,0.04608788317315884
0.29211414591051066,0.5526058995677486,84.8,18.868795596144476,333.2,-0.19595398902893066,0.3080667620028024,0.5864356398582459,0.04644507602695843
0.31140719309377557,0.5526058995677486,83.4,19.254783455904473,334.6,-0.26306599378585815,0.4570919878478468,0.5893487215042115,0.04431486849758819
0.3307002402770405,0.5526058995677486,80.2,17.08157521656869,337.8,-0.26098554730415346,0.4579263809905517,0.5904821515083313,0.043684681123686835
0.3499932874603054,0.5526058995677486,78.6,16.831422234335058,339.4,-0.27648195028305056,0.49510299368635907,0.5924980580806732,0.04335940214175192
0.3692863346435703,0.5526058995677486,76.9,15.373979865679786,341.1,-0.2808650016784668,0.49420716786202096,0.5946862578392029,0.04362658000113964
0.3885793818268352,0.5526058995677486,74.8,13.068404462018881,343.2,-0.2821893572807312,0.4938481536736396,0.5974706053733826,0.04457509113757216
0.4078724290101001,0.5526058995677486,74.8,13.068404462018881,343.2,-0.2821893572807312,0.4938481536736396,0.5974706053733826,0.04457509113757216
0.42716547619336503,0.5526058995677486,74.8,13.068404462018881,343.2,-0.2821893572807312,0.4938481536736396,0.5974706053733826,0.04457509113757216
0.44645852337662995,0.5526058995677486,74.7,13.02154813860008,343.3,-0.28198466300964353,0.4938995260947346,0.5975473999977112,0.044637115352635634
0.4657515705598948,0.5526058995677486,74.5,12.726519032404704,343.5,-0.2817589521408081,0.4939656682280422,0.5978631019592285,0.04470242622591109
0.4850446177431597,0.5526058995677486,70.1,13.728931409064092,347.9,-0.23363475799560546,0.38571451943577845,0.6033437490463257,0.04306911660675833
0.5043376649264246,0.5526058995677486,67.5,12.87752820631397,350.5,-0.21428471207618713,0.3366851516498021,0.6066554546356201,0.043287328171577204
0.5236307121096896,0.5526058995677486,60.4,11.803750234645035,357.6,-0.14815324544906616,0.18794745592677964,0.6133618891239166,0.04127043152522589
0.5429237592929544,0.5526058995677486,56.4,13.022203107614985,361.6,-0.16762372851371765,0.21972067225559358,0.6167330265045166,0.03951185034762475
0.5622168064762194,0.5526058995677486,47.3,17.958640589035962,370.7,-317.1847791552544,717.150803352597,0.6221983730792999,0.03525255335699347
0.5815098536594843,0.5526058995677486,36.8,16.574750730587777,381.2,-4.145903688669205,6.659510383502331,0.6209018528461456,0.037372886865494365
0.6008029008427492,0.5526058995677486,30.5,15.465428805130454,387.5,-2.6416985213756563,4.753711313771523,0.6250252664089203,0.03650474365081603
0.6200959480260141,0.5526058995677486,25.1,16.25835573086443,392.9,-4.683455163240433,6.99431168259575,0.6286077558994293,0.03688083832678335
0.6393889952092789,0.5526058995677486,15.3,15.516082312735737,402.7,-0.05936561226844787,0.07773468351687671,0.6345205962657928,0.0380153462577847
0.6586820423925439,0.5526058995677486,12.9,14.808828677925668,405.1,-13026.322037947179,29467.422345378654,0.6355319321155548,0.03842606724629893
0.6779750895758088,0.5526058995677486,8.0,10.64256194024133,410.0,-277.41010041236876,625.5876715623634,0.6347167074680329,0.036692505369581095
0.6972681367590737,0.5526058995677486,4.9,7.483376368478617,413.1,-0.018658542633056642,0.03451399473273375,0.6369041562080383,0.03657157556136004
0.7165611839423386,0.5526058995677486,3.3,5.002386040083351,414.7,-0.015578782558441162,0.03443724845519183,0.6353443145751954,0.03614029291017958
0.7358542311256036,0.5526058995677486,1.8,4.071882893137379,416.2,-0.015255701541900635,0.03451079451737485,0.6345939099788666,0.03606899377501927
0.7551472783088684,0.5526058995677486,0.2,0.4524314325708198,417.8,-0.07954103946685791,0.17993433217081323,0.6361937820911407,0.03569691951916984
0.002718438161537051,0.5904320294821424,121.7,20.948682762305474,296.3,0.055426448583602905,0.07381640445837118,0.5628703653812408,0.06841503200820316
0.02201148534480196,0.5904320294821424,119.2,19.421204426369048,298.8,0.03347821235656738,0.049581146390805034,0.5624981820583344,0.06883949859467442
0.041304532528066866,0.5904320294821424,117.6,19.773433390543786,300.4,0.03475770354270935,0.03573402854939857,0.5616177797317505,0.0679921475340464
0.06059757971133177,0.5904320294821424,116.3,19.60260669302832,301.7,0.03147386908531189,0.03654275145990552,0.5607169985771179,0.06687311442956628
0.07989062689459668,0.5904320294821424,112.8,19.412419333222047,305.2,0.02139917016029358,0.04110264435394314,0.562179046869278,0.06912407269388446
0.09918367407786159,0.5904320294821424,109.6,20.526851712452668,308.4,0.013234853744506836,0.030509000838284235,0.5639417469501495,0.06917339761785087
0.11847672126112649,0.5904320294821424,109.2,20.550659956085347,308.8,0.01317480206489563,0.02819272439114993,0.5626009225845336,0.0711166995066599
0.1377697684443914,0.5904320294821424,107.3,20.261571467009812,310.7,0.013710951805114746,0.027777364743257198,0.5620793700218201,0.07040191998448465
0.1570628156276563,0.5904320294821424,102.7,20.202553781613894,315.3,-0.015726089477539062,0.07202587678960118,0.5665149211883544,0.06784397063386559
0.17635586281092122,0.5904320294821424,97.8,21.60277840662866,320.2,-0.2760715544223785,0.5331067071357056,0.5687864482402801,0.06342176837373407
0.19564890999418613,0.5904320294821424,95.9,20.610474060409658,322.1,-0.2758725881576538,0.5331945754913932,0.5713495135307312,0.06291910239538304
0.21494195717745104,0.5904320294821424,93.5,19.352134220943267,324.5,-0.2767413377761841,0.5329432189038359,0.5777324497699737,0.05763457587302365
0.23423500436071593,0.5904320294821424,91.5,20.20030207938679,326.5,-0.18451854586601257,0.31295425249305237,0.5798494815826416,0.05183872070070035
0.25352805154398084,0.5904320294821424,91.0,19.715261708560988,327.0,-0.19201284050941467,0.3101846651605949,0.5791870415210724,0.0516368934590755
0.27282109872724575,0.5904320294821424,90.9,19.800014363790897,327.1,-0.19156787991523744,0.309197526457893,0.5794139802455902,0.05132814549390568
0.29211414591051066,0.5904320294821424,87.8,18.982959971351992,330.2,-0.19248316884040834,0.3088888371395889,0.5843140363693238,0.049300767456161056
0.31140719309377557,0.5904320294821424,86.3,19.275000936141502,331.7,-0.2593987166881561,0.4579913869981742,0.5877869665622711,0.04655430439954337
0.3307002402770405,0.5904320294821424,83.1,17.29872435390139,334.9,-0.2573015093803406,0.45880328189131114,0.589037811756134,0.0457727709391253
0.3499932874603054,0.5904320294821424,81.5,17.205783575699318,336.5,-0.27279791235923767,0.4959796133380893,0.591053718328476,0.045498835726729775
0.3692863346435703,0.5904320294821424,79.8,15.866667061765455,338.2,-0.27709675431251524,0.49512727710409576,0.5933527767658233,0.045602054854342905
0.3885793818268352,0.5904320294821424,77.7,13.896062358141565,340.3,-0.27842110991477964,0.49477466568059986,0.5961371243000031,0.0465556647285134
0.4078724290101001,0.5904320294821424,77.7,13.896062358141565,340.3,-0.27842110991477964,0.49477466568059986,0.5961371243000031,0.0465556647285134
0.42716547619336503,0.5904320294821424,77.3,13.871490008554666,340.7,-0.28078524470329286,0.49408693213010973,0.5959082245826721,0.04672115491176068
0.44645852337662995,0.5904320294821424,76.9,13.658343040927777,341.1,-0.28066039085388184,0.49411039816431246,0.5958476841449738,0.04670477054790091
0.4657515705598948,0.5904320294821424,76.6,13.341400969328884,341.4,-0.2794347763061523,0.4945255525960397,0.5938193500041962,0.04577651109506076
0.4850446177431597,0.5904320294821424,71.6,13.400934513442435,346.4,-0.22990288734436035,0.3867076758654241,0.6011821806430817,0.042651208439177364
0.5043376649264246,0.5904320294821424,67.7,13.03900271985926,350.3,-0.2120195209980011,0.33720496347026585,0.6066271901130676,0.04328079269652073
0.5236307121096896,0.5904320294821424,60.6,12.046916146270037,357.4,-0.14588805437088012,0.18842555747485687,0.6133336246013641,0.0412661885033043
0.5429237592929544,0.5904320294821424,56.4,13.022203107614985,361.6,-0.16762372851371765,0.21972067225559358,0.6167330265045166,0.03951185034762475
0.5622168064762194,0.5904320294821424,47.3,17.958640589035962,370.7,-317.1847791552544,717.150803352597,0.6221983730792999,0.03525255335699347
0.5815098536594843,0.5904320294821424,36.8,16.574750730587777,381.2,-4.145903688669205,6.659510383502331,0.6209018528461456,0.037372886865494365
0.6008029008427492,0.5904320294821424,30.5,15.465428805130454,387.5,-2.6416985213756563,4.753711313771523,0.6250252664089203,0.03650474365081603
0.6200959480260141,0.5904320294821424,25.1,16.25835573086443,392.9,-4.683455163240433,6.99431168259575,0.6286077558994293,0.03688083832678335
0.6393889952092789,0.5904320294821424,15.3,15.516082312735737,402.7,-0.05936561226844787,0.07773468351687671,0.6345205962657928,0.0380153462577847
0.6586820423925439,0.5904320294821424,12.9,14.808828677925668,405.1,-13026.322037947179,29467.422345378654,0.6355319321155548,0.03842606724629893
0.6779750895758088,0.5904320294821424,8.0,10.64256194024133,410.0,-277.41010041236876,625.5876715623634,0.6347167074680329,0.036692505369581095
0.6972681367590737,0.5904320294821424,4.9,7.483376368478617,413.1,-0.018658542633056642,0.03451399473273375,0.6369041562080383,0.03657157556136004
0.7165611839423386,0.5904320294821424,3.3,5.002386040083351,414.7,-0.015578782558441162,0.03443724845519183,0.6353443145751954,0.03614029291017958
0.7358542311256036,0.5904320294821424,1.8,4.071882893137379,416.2,-0.015255701541900635,0.03451079451737485,0.6345939099788666,0.03606899377501927
0.7551472783088684,0.5904320294821424,0.2,0.4524314325708198,417.8,-0.07954103946685791,0.17993433217081323,0.6361937820911407,0.03569691951916984
0.002718438161537051,0.628258159396536,131.0,21.14575868994678,287.0,0.12917227149009705,0.10872826556366105,0.5624184310436249,0.06998130242227936
0.02201148534480196,0.628258159396536,127.5,19.922543563369064,290.5,0.1046562671661377,0.09656872599243689,0.5573359549045562,0.07256173785147739
0.041304532528066866,0.628258159396536,124.7,20.177207643603992,293.3,0.09376291632652282,0.08315831932093297,0.5545280039310455,0.07177307228630792
0.06059757971133177,0.628258159396536,122.6,19.876683628659826,295.4,0.08221743106842042,0.09088366937297206,0.5528844356536865,0.06997336564989493
0.07989062689459668,0.628258159396536,118.4,19.793552007026264,299.6,0.07509908676147461,0.09405946306377697,0.5555869221687317,0.07194304872116783
0.09918367407786159,0.628258159396536,113.3,21.463488942885704,304.7,0.07285670042037964,0.09873706820781511,0.558327031135559,0.07180426969231601
0.11847672126112649,0.628258159396536,112.2,21.223058634238114,305.8,0.07347214221954346,0.10004952354696943,0.558562046289444,0.07130885551551784
0.1377697684443914,0.628258159396536,108.7,19.69520746736379,309.3,0.012728255987167359,0.028155222463095122,0.561038488149643,0.0716795481370963
0.1570628156276563,0.628258159396536,104.0,19.239421694280967,314.0,0.0022959351539611817,0.03772648768996191,0.5660902202129364,0.0687822467608981
0.17635586281092122,0.628258159396536,98.8,20.792712586102006,319.2,-0.2583348572254181,0.5344807480768866,0.568762481212616,0.06380733222992832
0.19564890999418613,0.628258159396536,96.9,19.794270150854686,321.1,-0.25819775462150574,0.5345503518354949,0.5713526010513306,0.06324953397267657
0.21494195717745104,0.628258159396536,94.3,18.464432022464095,323.7,-0.258499538898468,0.5344789240337421,0.5781201779842376,0.05762908282005889
0.23423500436071593,0.628258159396536,92.3,19.39850146572524,325.7,-0.1662767469882965,0.3125164061679879,0.5802372097969055,0.05182360824430408
0.25352805154398084,0.628258159396536,91.8,18.904921984947073,326.2,-0.1737710416316986,0.30999375969960796,0.5795747697353363,0.05162455091505079
0.27282109872724575,0.628258159396536,91.7,18.99568569509228,326.3,-0.17332608103752137,0.3089910750861111,0.5798017084598541,0.051314753716161045
0.29211414591051066,0.628258159396536,88.3,18.489050865780897,329.7,-0.19869332909584045,0.3102037581719959,0.583591902256012,0.0494090186467172
0.31140719309377557,0.628258159396536,86.8,18.811453591805336,331.2,-0.26560887694358826,0.4583640496321613,0.5870648324489594,0.04669947208592989
0.3307002402770405,0.628258159396536,83.6,16.834800071017277,334.4,-0.2635116696357727,0.45919141287718,0.5883156776428222,0.045931592538496456
0.3499932874603054,0.628258159396536,82.0,16.766435805438867,336.0,-0.2790080726146698,0.49622841654497013,0.5903315842151642,0.045676735392263676
0.3692863346435703,0.628258159396536,80.0,15.679938756736588,338.0,-0.2797604024410248,0.4951722343754816,0.5930615842342377,0.04567501652533707
0.3885793818268352,0.628258159396536,77.7,13.896062358141565,340.3,-0.27842110991477964,0.49477466568059986,0.5961371243000031,0.0465556647285134
0.4078724290101001,0.628258159396536,77.7,13.896062358141565,340.3,-0.27842110991477964,0.49477466568059986,0.5961371243000031,0.0465556647285134
0.42716547619336503,0.628258159396536,77.3,13.871490008554666,340.7,-0.28078524470329286,0.49408693213010973,0.5959082245826721,0.04672115491176068
0.44645852337662995,0.628258159396536,76.9,13.658343040927777,341.1,-0.28066039085388184,0.49411039816431246,0.5958476841449738,0.04670477054790091
0.4657515705598948,0.628258159396536,76.6,13.341400969328884,341.4,-0.2794347763061523,0.4945255525960397,0.5938193500041962,0.04577651109506076
0.4850446177431597,0.628258159396536,71.6,13.400934513442435,346.4,-0.22990288734436035,0.3867076758654241,0.6011821806430817,0.042651208439177364
0.5043376649264246,0.628258159396536,67.7,13.03900271985926,350.3,-0.2120195209980011,0.33720496347026585,0.6066271901130676,0.04328079269652073
0.5236307121096896,0.628258159396536,60.6,12.046916146270037,357.4,-0.14588805437088012,0.18842555747485687,0.6133336246013641,0.0412661885033043
0.5429237592929544,0.628258159396536,56.4,13.022203107614985,361.6,-0.16762372851371765,0.21972067225559358,0.6167330265045166,0.03951185034762475
0.5622168064762194,0.628258159396536,47.3,17.958640589035962,370.7,-317.1847791552544,717.150803352597,0.6221983730792999,0.03525255335699347
0.5815098536594843,0.628258159396536,36.8,16.574750730587777,381.2,-4.145903688669205,6.659510383502331,0.6209018528461456,0.037372886865494365
0.6008029008427492,0.628258159396536,30.5,15.465428805130454,387.5,-2.6416985213756563,4.753711313771523,0.6250252664089203,0.03650474365081603
0.6200959480260141,0.628258159396536,25.1,16.25835573086443,392.9,-4.683455163240433,6.99431168259575,0.6286077558994293,0.03688083832678335
0.6393889952092789,0.628258159396536,15.3,15.516082312735737,402.7,-0.05936561226844787,0.07773468351687671,0.6345205962657928,0.0380153462577847
0.6586820423925439,0.628258159396536,12.9,14.808828677925668,405.1,-13026.322037947179,29467.422345378654,0.6355319321155548,0.03842606724629893
0.6779750895758088,0.628258159396536,8.0,10.64256194024133,410.0,-277.41010041236876,625.5876715623634,0.6347167074680329,0.036692505369581095
0.6972681367590737,0.628258159396536,4.9,7.483376368478617,413.1,-0.018658542633056642,0.03451399473273375,0.6369041562080383,0.03657157556136004
0.7165611839423386,0.628258159396536,3.3,5.002386040083351,414.7,-0.015578782558441162,0.03443724845519183,0.6353443145751954,0.03614029291017958
0.7358542311256036,0.628258159396536,1.8,4.071882893137379,416.2,-0.015255701541900635,0.03451079451737485,0.6345939099788666,0.03606899377501927
0.7551472783088684,0.628258159396536,0.2,0.4524314325708198,417.8,-0.07954103946685791,0.17993433217081323,0.6361937820911407,0.03569691951916984
0.002718438161537051,0.6660842893109296,140.6,20.273214154777293,277.4,0.2898105502128601,0.17883584781519257,0.5543431282043457,0.07097649585313333
0.02201148534480196,0.6660842893109296,136.6,19.148180120058687,281.4,0.2642581880092621,0.19394045521534706,0.5478779315948487,0.07300329419208153
0.041304532528066866,0.6660842893109296,133.4,19.5245700079153,284.6,0.2537672758102417,0.20567608209428273,0.5457545757293701,0.07106842892259259
0.06059757971133177,0.6660842893109296,130.7,19.32508432321531,287.3,0.24930018782615662,0.21916931049432067,0.5443474352359772,0.06825575055015236
0.07989062689459668,0.6660842893109296,126.2,19.598980596213178,291.8,0.21651844978332518,0.20640545165252625,0.5484019219875336,0.07153538467065718
0.09918367407786159,0.6660842893109296,120.5,22.310905306931673,297.5,0.18465480208396912,0.21808734980427108,0.5515717983245849,0.07192388205877552
0.11847672126112649,0.6660842893109296,119.4,22.252084680986318,298.6,0.18483708500862123,0.21839950605520056,0.5518199384212494,0.07142726789822597
0.1377697684443914,0.6660842893109296,115.3,20.90521000768092,302.7,0.16744627356529235,0.215732994420749,0.5550866425037384,0.07174064817520469
0.1570628156276563,0.6660842893109296,109.3,20.935107223810487,308.7,0.08094464540481568,0.1547893331361637,0.5651972532272339,0.06859460669037366
0.17635586281092122,0.6660842893109296,102.6,21.74287537380581,315.4,-0.2523327529430389,0.5361891158411957,0.5680441319942474,0.06352074147146106
0.19564890999418613,0.6660842893109296,98.8,20.023747214435296,319.2,-0.25521329045295715,0.5352809735009646,0.5709506511688233,0.06304504299229614
0.21494195717745104,0.6660842893109296,95.8,18.50057967118565,322.2,-0.25636315941810606,0.534957294024107,0.5777250468730927,0.05738162854421192
0.23423500436071593,0.6660842893109296,93.1,19.43773890462866,324.9,-0.16429872512817384,0.3129232389817835,0.5801410257816315,0.05175546257323786
0.25352805154398084,0.6660842893109296,92.6,18.957182962358182,325.4,-0.17179301977157593,0.310431051910132,0.5794785857200623,0.05155543942716468
0.27282109872724575,0.6660842893109296,92.5,19.050085586123895,325.5,-0.17134805917739868,0.30942816699803616,0.5797055244445801,0.05124546661649277
0.29211414591051066,0.6660842893109296,89.0,18.602336385293565,329.0,-0.19668655395507811,0.31073930380447656,0.5836144864559174,0.04939046242348758
0.31140719309377557,0.6660842893109296,87.5,18.954333351972615,330.5,-0.26360210180282595,0.45889307282162334,0.5870874166488648,0.04667888338700206
0.3307002402770405,0.6660842893109296,84.0,16.914993516011172,334.0,-0.2616225779056549,0.4596657138453473,0.5883801817893982,0.0459380852863226
0.3499932874603054,0.6660842893109296,82.4,16.868541236208547,335.6,-0.277118980884552,0.49670086214530546,0.5903960883617401,0.04568164586572855
0.3692863346435703,0.6660842893109296,80.2,15.755184373044438,337.8,-0.27990059852600097,0.4951285129864376,0.5928411066532135,0.04556618991984323
0.3885793818268352,0.6660842893109296,77.8,13.960358996876375,340.2,-0.2785161852836609,0.4947421431545925,0.5960304260253906,0.046495563768278875
0.4078724290101001,0.6660842893109296,77.7,13.896062358141565,340.3,-0.27842110991477964,0.49477466568059986,0.5961371243000031,0.0465556647285134
0.42716547619336503,0.6660842893109296,77.3,13.871490008554666,340.7,-0.28078524470329286,0.49408693213010973,0.5959082245826721,0.04672115491176068
0.44645852337662995,0.6660842893109296,76.9,13.658343040927777,341.1,-0.28066039085388184,0.49411039816431246,0.5958476841449738,0.04670477054790091
0.4657515705598948,0.6660842893109296,76.6,13.341400969328884,341.4,-0.2794347763061523,0.4945255525960397,0.5938193500041962,0.04577651109506076
0.4850446177431597,0.6660842893109296,71.6,13.400934513442435,346.4,-0.22990288734436035,0.3867076758654241,0.6011821806430817,0.042651208439177364
0.5043376649264246,0.6660842893109296,67.7,13.03900271985926,350.3,-0.2120195209980011,0.33720496347026585,0.6066271901130676,0.04328079269652073
0.5236307121096896,0.6660842893109296,60.6,12.046916146270037,357.4,-0.14588805437088012,0.18842555747485687,0.6133336246013641,0.0412661885033043
0.5429237592929544,0.6660842893109296,56.4,13.022203107614985,361.6,-0.16762372851371765,0.21972067225559358,0.6167330265045166,0.03951185034762475
0.5622168064762194,0.6660842893109296,47.3,17.958640589035962,370.7,-317.1847791552544,717.150803352597,0.6221983730792999,0.03525255335699347
0.5815098536594843,0.6660842893109296,36.8,16.574750730587777,381.2,-4.145903688669205,6.659510383502331,0.6209018528461456,0.037372886865494365
0.6008029008427492,0.6660842893109296,30.5,15.465428805130454,387.5,-2.6416985213756563,4.753711313771523,0.6250252664089203,0.03650474365081603
0.6200959480260141,0.6660842893109296,25.1,16.25835573086443,392.9,-4.683455163240433,6.99431168259575,0.6286077558994293,0.03688083832678335
0.6393889952092789,0.6660842893109296,15.3,15.516082312735737,402.7,-0.05936561226844787,0.07773468351687671,0.6345205962657928,0.0380153462577847
0.6586820423925439,0.6660842893109296,12.9,14.808828677925668,405.1,-13026.322037947179,29467.422345378654,0.6355319321155548,0.03842606724629893
0.6779750895758088,0.6660842893109296,8.0,10.64256194024133,410.0,-277.41010041236876,625.5876715623634,0.6347167074680329,0.036692505369581095
0.6972681367590737,0.6660842893109296,4.9,7.483376368478617,413.1,-0.018658542633056642,0.03451399473273375,0.6369041562080383,0.03657157556136004
0.7165611839423386,0.6660842893109296,3.3,5.002386040083351,414.7,-0.015578782558441162,0.03443724845519183,0.6353443145751954,0.03614029291017958
0.7358542311256036,0.6660842893109296,1.8,4.071882893137379,416.2,-0.015255701541900635,0.03451079451737485,0.6345939099788666,0.03606899377501927
0.7551472783088684,0.6660842893109296,0.2,0.4524314325708198,417.8,-0.07954103946685791,0.17993433217081323,0.6361937820911407,0.03569691951916984
0.002718438161537051,0.7039104192253233,162.0,22.50565326568203,256.0,0.4527642011642456,0.16666939715156104,0.5439720690250397,0.07415844010214993
0.02201148534480196,0.7039104192253233,157.5,21.418937377712776,260.5,0.4553027629852295,0.1727951441246364,0.5368471384048462,0.07792487597118102
0.041304532528066866,0.7039104192253233,152.6,21.46388630820325,265.4,0.4616879880428314,0.1805727589789806,0.5330684781074524,0.07366024010563156
0.06059757971133177,0.7039104192253233,149.1,22.334339265375487,268.9,0.45490718483924864,0.19855952926627807,0.5249358355998993,0.06940649408990286
0.07989062689459668,0.7039104192253233,142.6,23.697408487680857,275.4,0.40315436124801635,0.22715714486128114,0.5301873683929443,0.07536720436145794
0.09918367407786159,0.7039104192253233,136.2,26.924633430601265,281.8,0.4164422810077667,0.22871676442408026,0.5326923906803132,0.07746680899981083
0.11847672126112649,0.7039104192253233,133.9,26.892197729308116,284.1,0.41112859845161437,0.24458010485539458,0.5322114288806915,0.07325454200144584
0.1377697684443914,0.7039104192253233,128.9,25.69416222315132,289.1,0.40865413546562196,0.24259547799852024,0.5371057748794555,0.07252801565249269
0.1570628156276563,0.7039104192253233,119.8,26.863321357443326,298.2,0.22626184821128845,0.24701122495919323,0.5531560242176056,0.07166232657177568
0.17635586281092122,0.7039104192253233,110.6,26.647404824612366,307.4,0.1271345555782318,0.2386145483526601,0.5615895688533783,0.06869476906849825
0.19564890999418613,0.7039104192253233,105.9,23.388876986687446,312.1,0.12495887875556946,0.2390510427822605,0.565973299741745,0.06923002414896556
0.21494195717745104,0.7039104192253233,102.6,22.059608963005193,315.4,0.12230674624443054,0.23911766500272497,0.5732265412807465,0.06371664697632422
0.23423500436071593,0.7039104192253233,98.6,22.8446763558513,319.4,-0.1670101284980774,0.3121397583760706,0.580335921049118,0.05198367414617511
0.25352805154398084,0.7039104192253233,97.8,22.151179291947393,320.2,-0.17443307042121886,0.3096268600366419,0.5801481544971466,0.052145206309434936
0.27282109872724575,0.7039104192253233,97.5,22.015876329131334,320.5,-0.17392629981040955,0.3086434533939427,0.5806614756584167,0.0520639279679933
0.29211414591051066,0.7039104192253233,91.0,19.439347704459493,327.0,-0.1963329017162323,0.3108796864768895,0.5863375306129456,0.05154656798299789
0.31140719309377557,0.7039104192253233,88.5,19.28148964394856,329.5,-0.26412442326545715,0.45871185203259746,0.5879880368709565,0.04731745317618197
0.3307002402770405,0.7039104192253233,85.0,17.395581644245222,333.0,-0.2621448993682861,0.4594860772554285,0.5892808020114899,0.04657259796443473
0.3499932874603054,0.7039104192253233,83.1,17.21305232244544,334.9,-0.2775732040405273,0.4965480815003438,0.5916340827941895,0.04654890011760144
0.3692863346435703,0.7039104192253233,80.2,15.755184373044438,337.8,-0.27990059852600097,0.4951285129864376,0.5928411066532135,0.04556618991984323
0.3885793818268352,0.7039104192253233,77.8,13.960358996876375,340.2,-0.2785161852836609,0.4947421431545925,0.5960304260253906,0.046495563768278875
0.4078724290101001,0.7039104192253233,77.7,13.896062358141565,340.3,-0.27842110991477964,0.49477466568059986,0.5961371243000031,0.0465556647285134
0.42716547619336503,0.7039104192253233,77.3,13.871490008554666,340.7,-0.28078524470329286,0.49408693213010973,0.5959082245826721,0.04672115491176068
0.44645852337662995,0.7039104192253233,76.9,13.658343040927777,341.1,-0.28066039085388184,0.49411039816431246,0.5958476841449738,0.04670477054790091
0.4657515705598948,0.7039104192253233,76.6,13.341400969328884,341.4,-0.2794347763061523,0.4945255525960397,0.5938193500041962,0.04577651109506076
0.4850446177431597,0.7039104192253233,71.6,13.400934513442435,346.4,-0.22990288734436035,0.3867076758654241,0.6011821806430817,0.042651208439177364
0.5043376649264246,0.7039104192253233,67.7,13.03900271985926,350.3,-0.2120195209980011,0.33720496347026585,0.6066271901130676,0.04328079269652073
0.5236307121096896,0.7039104192253233,60.6,12.046916146270037,357.4,-0.14588805437088012,0.18842555747485687,0.6133336246013641,0.0412661885033043
0.5429237592929544,0.7039104192253233,56.4,13.022203107614985,361.6,-0.16762372851371765,0.21972067225559358,0.6167330265045166,0.03951185034762475
0.5622168064762194,0.7039104192253233,47.3,17.958640589035962,370.7,-317.1847791552544,717.150803352597,0.6221983730792999,0.03525255335699347
0.5815098536594843,0.7039104192253233,36.8,16.574750730587777,381.2,-4.145903688669205,6.659510383502331,0.6209018528461456,0.037372886865494365
0.6008029008427492,0.7039104192253233,30.5,15.465428805130454,387.5,-2.6416985213756563,4.753711313771523,0.6250252664089203,0.03650474365081603
0.6200959480260141,0.7039104192253233,25.1,16.25835573086443,392.9,-4.683455163240433,6.99431168259575,0.6286077558994293,0.03688083832678335
0.6393889952092789,0.7039104192253233,15.3,15.516082312735737,402.7,-0.05936561226844787,0.07773468351687671,0.6345205962657928,0.0380153462577847
0.6586820423925439,0.7039104192253233,12.9,14.808828677925668,405.1,-13026.322037947179,29467.422345378654,0.6355319321155548,0.03842606724629893
0.6779750895758088,0.7039104192253233,8.0,10.64256194024133,410.0,-277.41010041236876,625.5876715623634,0.6347167074680329,0.036692505369581095
0.6972681367590737,0.7039104192253233,4.9,7.483376368478617,413.1,-0.018658542633056642,0.03451399473273375,0.6369041562080383,0.03657157556136004
0.7165611839423386,0.7039104192253233,3.3,5.002386040083351,414.7,-0.015578782558441162,0.03443724845519183,0.6353443145751954,0.03614029291017958
0.7358542311256036,0.7039104192253233,1.8,4.071882893137379,416.2,-0.015255701541900635,0.03451079451737485,0.6345939099788666,0.03606899377501927
0.7551472783088684,0.7039104192253233,0.2,0.4524314325708198,417.8,-0.07954103946685791,0.17993433217081323,0.6361937820911407,0.03569691951916984
0.002718438161537051,0.741736549139717,180.5,20.32097736642166,237.5,0.539820671081543,0.1444018284718923,0.5162989556789398,0.103499950703092
0.02201148534480196,0.741736549139717,175.6,19.819388791300902,242.4,0.5407526910305023,0.15042912236529585,0.5083078861236572,0.1070874102297085
0.041304532528066866,0.741736549139717,169.3,18.45211028336812,248.7,0.5455620646476745,0.1568507794839494,0.5070972859859466,0.09794128422393339
0.06059757971133177,0.741736549139717,164.7,18.968727000535463,253.3,0.5573439061641693,0.17141103536834587,0.4963675200939178,0.09467934936679645
0.07989062689459668,0.741736549139717,156.4,19.764804857329313,261.6,0.523173189163208,0.21748308633650243,0.5005609929561615,0.10099625755928536
0.09918367407786159,0.741736549139717,146.4,22.764890287076888,271.6,0.5339851081371307,0.22758289232620665,0.5089937150478363,0.09809312851369188
0.11847672126112649,0.741736549139717,141.9,23.293873135931523,276.1,0.5550650179386138,0.23709370249915937,0.506537014245987,0.09007014268610515
0.1377697684443914,0.741736549139717,134.7,23.847733817349265,283.3,0.5433275818824768,0.23151742889312119,0.51830273270607,0.084788067791338
0.1570628156276563,0.741736549139717,125.3,26.053683057423783,292.7,0.38375518321990965,0.2746853069790845,0.5348453223705292,0.08442270354006516
0.17635586281092122,0.741736549139717,115.2,25.443653961762017,302.8,0.27406585216522217,0.28577307121776097,0.5485660612583161,0.07672508343736086
0.19564890999418613,0.741736549139717,109.3,22.29509896391613,308.7,0.27599639296531675,0.28995415334788216,0.5559620976448059,0.07616499958307393
0.21494195717745104,0.741736549139717,104.5,21.071008715894394,313.5,0.27490187287330625,0.2926792700946393,0.566485470533371,0.06636746787127132
0.23423500436071593,0.741736549139717,99.7,22.102997822958926,318.3,-0.07183181047439575,0.390390355616427,0.5775702774524689,0.05317412943523691
0.25352805154398084,0.741736549139717,97.8,22.151179291947393,320.2,-0.17443307042121886,0.3096268600366419,0.5801481544971466,0.052145206309434936
0.27282109872724575,0.741736549139717,97.5,22.015876329131334,320.5,-0.17392629981040955,0.3086434533939427,0.5806614756584167,0.0520639279679933
0.29211414591051066,0.741736549139717,91.0,19.439347704459493,327.0,-0.1963329017162323,0.3108796864768895,0.5863375306129456,0.05154656798299789
0.31140719309377557,0.741736549139717,88.5,19.28148964394856,329.5,-0.26412442326545715,0.45871185203259746,0.5879880368709565,0.04731745317618197
0.3307002402770405,0.741736549139717,85.0,17.395581644245222,333.0,-0.2621448993682861,0.4594860772554285,0.5892808020114899,0.04657259796443473
0.3499932874603054,0.741736549139717,83.1,17.21305232244544,334.9,-0.2775732040405273,0.4965480815003438,0.5916340827941895,0.04654890011760144
0.3692863346435703,0.741736549139717,80.2,15.755184373044438,337.8,-0.27990059852600097,0.4951285129864376,0.5928411066532135,0.04556618991984323
0.3885793818268352,0.741736549139717,77.8,13.960358996876375,340.2,-0.2785161852836609,0.4947421431545925,0.5960304260253906,0.046495563768278875
0.4078724290101001,0.741736549139717,77.7,13.896062358141565,340.3,-0.27842110991477964,0.49477466568059986,0.5961371243000031,0.0465556647285134
0.42716547619336503,0.741736549139717,77.3,13.871490008554666,340.7,-0.28078524470329286,0.49408693213010973,0.5959082245826721,0.04672115491176068
0.44645852337662995,0.741736549139717,76.9,13.658343040927777,341.1,-0.28066039085388184,0.49411039816431246,0.5958476841449738,0.04670477054790091
0.4657515705598948,0.741736549139717,76.6,13.341400969328884,341.4,-0.2794347763061523,0.4945255525960397,0.5938193500041962,0.04577651109506076
0.4850446177431597,0.741736549139717,71.6,13.400934513442435,346.4,-0.22990288734436035,0.3867076758654241,0.6011821806430817,0.042651208439177364
0.5043376649264246,0.741736549139717,67.7,13.03900271985926,350.3,-0.2120195209980011,0.33720496347026585,0.6066271901130676,0.04328079269652073
0.5236307121096896,0.741736549139717,60.6,12.046916146270037,357.4,-0.14588805437088012,0.18842555747485687,0.6133336246013641,0.0412661885033043
0.5429237592929544,0.741736549139717,56.4,13.022203107614985,361.6,-0.16762372851371765,0.21972067225559358,0.6167330265045166,0.03951185034762475
0.5622168064762194,0.741736549139717,47.3,17.958640589035962,370.7,-317.1847791552544,717.150803352597,0.6221983730792999,0.03525255335699347
0.5815098536594843,0.741736549139717,36.8,16.574750730587777,381.2,-4.145903688669205,6.659510383502331,0.6209018528461456,0.037372886865494365
0.6008029008427492,0.741736549139717,30.5,15.465428805130454,387.5,-2.6416985213756563,4.753711313771523,0.6250252664089203,0.03650474365081603
0.6200959480260141,0.741736549139717,25.1,16.25835573086443,392.9,-4.683455163240433,6.99431168259575,0.6286077558994293,0.03688083832678335
0.6393889952092789,0.741736549139717,15.3,15.516082312735737,402.7,-0.05936561226844787,0.07773468351687671,0.6345205962657928,0.0380153462577847
0.6586820423925439,0.741736549139717,12.9,14.808828677925668,405.1,-13026.322037947179,29467.422345378654,0.6355319321155548,0.03842606724629893
0.6779750895758088,0.741736549139717,8.0,10.64256194024133,410.0,-277.41010041236876,625.5876715623634,0.6347167074680329,0.036692505369581095
0.6972681367590737,0.741736549139717,4.9,7.483376368478617,413.1,-0.018658542633056642,0.03451399473273375,0.6369041562080383,0.03657157556136004
0.7165611839423386,0.741736549139717,3.3,5.002386040083351,414.7,-0.015578782558441162,0.03443724845519183,0.6353443145751954,0.03614029291017958
0.7358542311256036,0.741736549139717,1.8,4.071882893137379,416.2,-0.015255701541900635,0.03451079451737485,0.6345939099788666,0.03606899377501927
0.7551472783088684,0.741736549139717,0.2,0.4524314325708198,417.8,-0.07954103946685791,0.17993433217081323,0.6361937820911407,0.03569691951916984
0.002718438161537051,0.7795626790541106,198.0,24.63571201514216,220.0,0.6006082355976105,0.11972763052839891,0.4948871672153473,0.11420184907039645
0.02201148534480196,0.7795626790541106,191.5,23.388390771882246,226.5,0.6069657027721405,0.1242647172821223,0.4847436726093292,0.11567410703991858
0.041304532528066866,0.7795626790541106,183.7,21.378548818393476,234.3,0.6148191273212433,0.13212411179819297,0.48197863101959226,0.10318353694046167
0.06059757971133177,0.7795626790541106,176.9,21.251572298286057,241.1,0.6296056270599365,0.1410643392029803,0.47105188965797423,0.09921983635250664
0.07989062689459668,0.7795626790541106,168.1,22.400433130587228,249.9,0.6175989270210266,0.16777058142597837,0.4739499092102051,0.10723531410777129
0.09918367407786159,0.7795626790541106,154.7,25.53121614223609,263.3,0.623558509349823,0.18270650718094736,0.49094337224960327,0.0967949158263798
0.11847672126112649,0.7795626790541106,148.2,24.90611179550351,269.8,0.6264153182506561,0.19259906474757368,0.49271875619888306,0.08808072623044269
0.1377697684443914,0.7795626790541106,139.2,25.584054095610433,278.8,0.5995882868766784,0.2098295667940237,0.5089005589485168,0.0837223738357271
0.1570628156276563,0.7795626790541106,128.9,28.02083428574,289.1,0.46878374814987184,0.24530780199096539,0.5294425964355469,0.08173442982981599
0.17635586281092122,0.7795626790541106,117.8,27.22703475346696,300.2,0.3262877225875854,0.29767206618934433,0.5452162146568298,0.07605937009640594
0.19564890999418613,0.7795626790541106,110.0,22.93856612842945,308.0,0.30076074600219727,0.304950360767789,0.5544838607311249,0.07579811451499303
0.21494195717745104,0.7795626790541106,104.7,21.207647996384363,313.3,0.29355064034461975,0.30184529496885565,0.5660358846187592,0.06634462307164102
0.23423500436071593,0.7795626790541106,99.8,22.176833273272898,318.2,-0.025781458616256712,0.40742026327078956,0.5769781112670899,0.05317096894778974
0.25352805154398084,0.7795626790541106,97.8,22.151179291947393,320.2,-0.17443307042121886,0.3096268600366419,0.5801481544971466,0.052145206309434936
0.27282109872724575,0.7795626790541106,97.5,22.015876329131334,320.5,-0.17392629981040955,0.3086434533939427,0.5806614756584167,0.0520639279679933
0.29211414591051066,0.7795626790541106,91.0,19.439347704459493,327.0,-0.1963329017162323,0.3108796864768895,0.5863375306129456,0.05154656798299789
0.31140719309377557,0.7795626790541106,88.5,19.28148964394856,329.5,-0.26412442326545715,0.45871185203259746,0.5879880368709565,0.04731745317618197
0.3307002402770405,0.7795626790541106,85.0,17.395581644245222,333.0,-0.2621448993682861,0.4594860772554285,0.5892808020114899,0.04657259796443473
0.3499932874603054,0.7795626790541106,83.1,17.21305232244544,334.9,-0.2775732040405273,0.4965480815003438,0.5916340827941895,0.04654890011760144
0.3692863346435703,0.7795626790541106,80.2,15.755184373044438,337.8,-0.27990059852600097,0.4951285129864376,0.5928411066532135,0.04556618991984323
0.3885793818268352,0.7795626790541106,77.8,13.960358996876375,340.2,-0.2785161852836609,0.4947421431545925,0.5960304260253906,0.046495563768278875
0.4078724290101001,0.7795626790541106,77.7,13.896062358141565,340.3,-0.27842110991477964,0.49477466568059986,0.5961371243000031,0.0465556647285134
0.42716547619336503,0.7795626790541106,77.3,13.871490008554666,340.7,-0.28078524470329286,0.49408693213010973,0.5959082245826721,0.04672115491176068
0.44645852337662995,0.7795626790541106,76.9,13.658343040927777,341.1,-0.28066039085388184,0.49411039816431246,0.5958476841449738,0.04670477054790091
0.4657515705598948,0.7795626790541106,76.6,13.341400969328884,341.4,-0.2794347763061523,0.4945255525960397,0.5938193500041962,0.04577651109506076
0.4850446177431597,0.7795626790541106,71.6,13.400934513442435,346.4,-0.22990288734436035,0.3867076758654241,0.6011821806430817,0.042651208439177364
0.5043376649264246,0.7795626790541106,67.7,13.03900271985926,350.3,-0.2120195209980011,0.33720496347026585,0.6066271901130676,0.04328079269652073
0.5236307121096896,0.7795626790541106,60.6,12.046916146270037,357.4,-0.14588805437088012,0.18842555747485687,0.6133336246013641,0.0412661885033043
0.5429237592929544,0.7795626790541106,56.4,13.022203107614985,361.6,-0.16762372851371765,0.21972067225559358,0.6167330265045166,0.03951185034762475
0.5622168064762194,0.7795626790541106,47.3,17.958640589035962,370.7,-317.1847791552544,717.150803352597,0.6221983730792999,0.03525255335699347
0.5815098536594843,0.7795626790541106,36.8,16.574750730587777,381.2,-4.145903688669205,6.659510383502331,0.6209018528461456,0.037372886865494365
0.6008029008427492,0.7795626790541106,30.5,15.465428805130454,387.5,-2.6416985213756563,4.753711313771523,0.6250252664089203,0.03650474365081603
0.6200959480260141,0.7795626790541106,25.1,16.25835573086443,392.9,-4.683455163240433,6.99431168259575,0.6286077558994293,0.03688083832678335
0.6393889952092789,0.7795626790541106,15.3,15.516082312735737,402.7,-0.05936561226844787,0.07773468351687671,0.6345205962657928,0.0380153462577847
0.6586820423925439,0.7795626790541106,12.9,14.808828677925668,405.1,-13026.322037947179,29467.422345378654,0.6355319321155548,0.03842606724629893
0.6779750895758088,0.7795626790541106,8.0,10.64256194024133,410.0,-277.41010041236876,625.5876715623634,0.6347167074680329,0.036692505369581095
0.6972681367590737,0.7795626790541106,4.9,7.483376368478617,413.1,-0.018658542633056642,0.03451399473273375,0.6369041562080383,0.03657157556136004
0.7165611839423386,0.7795626790541106,3.3,5.002386040083351,414.7,-0.015578782558441162,0.03443724845519183,0.6353443145751954,0.03614029291017958
0.7358542311256036,0.7795626790541106,1.8,4.071882893137379,416.2,-0.015255701541900635,0.03451079451737485,0.6345939099788666,0.03606899377501927
0.7551472783088684,0.7795626790541106,0.2,0.4524314325708198,417.8,-0.07954103946685791,0.17993433217081323,0.6361937820911407,0.03569691951916984
0.002718438161537051,0.8173888089685042,225.4,20.66763920379878,192.6,0.6209701776504517,0.08604624810042867,0.4836397707462311,0.09396111853771807
0.02201148534480196,0.8173888089685042,217.3,20.202553781613894,200.7,0.6300420641899109,0.08833850480637573,0.46910491585731506,0.094249905872994
0.041304532528066866,0.8173888089685042,207.0,19.998743093050766,211.0,0.6386439979076386,0.09306661139252917,0.4673651993274689,0.07935164980179815
0.06059757971133177,0.8173888089685042,194.4,23.320098733279586,223.6,0.6648249804973603,0.10060839212924082,0.44423320293426516,0.08974387906413482
0.07989062689459668,0.8173888089685042,183.0,24.134388771052485,235.0,0.6754872560501098,0.11178504237196393,0.44665407538414004,0.10050740961307862
0.09918367407786159,0.8173888089685042,165.7,26.8701994988016,252.3,0.6839049458503723,0.1181414319768386,0.46990912556648257,0.09271892844995125
0.11847672126112649,0.8173888089685042,156.5,27.079301061333236,261.5,0.6865351915359497,0.13077277837759957,0.47598419785499574,0.08297833640481973
0.1377697684443914,0.8173888089685042,144.8,25.994144688541997,273.2,0.6339481711387634,0.1921002054229361,0.4968005299568176,0.08123310950165798
0.1570628156276563,0.8173888089685042,133.0,28.554600937374392,285.0,0.6180500984191895,0.1885654863320897,0.5205356776714325,0.0771177235295113
0.17635586281092122,0.8173888089685042,121.5,27.28846727164742,296.5,0.5224180579185486,0.2629477010349428,0.5375304758548737,0.07270412903908254
0.19564890999418613,0.8173888089685042,112.2,22.573260688979882,305.8,0.4601085603237152,0.29228281343131424,0.5498006582260132,0.07313692103609473
0.21494195717745104,0.8173888089685042,106.0,21.191421226160976,312.0,0.3818807125091553,0.3096824105697302,0.562980568408966,0.06382870623801211
0.23423500436071593,0.8173888089685042,100.7,21.74509808373849,317.3,0.08531473278999328,0.4498121383494082,0.5746150076389313,0.050663733778592894
0.25352805154398084,0.8173888089685042,97.8,22.151179291947393,320.2,-0.17443307042121886,0.3096268600366419,0.5801481544971466,0.052145206309434936
0.27282109872724575,0.8173888089685042,97.5,22.015876329131334,320.5,-0.17392629981040955,0.3086434533939427,0.5806614756584167,0.0520639279679933
0.29211414591051066,0.8173888089685042,91.0,19.439347704459493,327.0,-0.1963329017162323,0.3108796864768895,0.5863375306129456,0.05154656798299789
0.31140719309377557,0.8173888089685042,88.5,19.28148964394856,329.5,-0.26412442326545715,0.45871185203259746,0.5879880368709565,0.04731745317618197
0.3307002402770405,0.8173888089685042,85.0,17.395581644245222,333.0,-0.2621448993682861,0.4594860772554285,0.5892808020114899,0.04657259796443473
0.3499932874603054,0.8173888089685042,83.1,17.21305232244544,334.9,-0.2775732040405273,0.4965480815003438,0.5916340827941895,0.04654890011760144
0.3692863346435703,0.8173888089685042,80.2,15.755184373044438,337.8,-0.27990059852600097,0.4951285129864376,0.5928411066532135,0.04556618991984323
0.3885793818268352,0.8173888089685042,77.8,13.960358996876375,340.2,-0.2785161852836609,0.4947421431545925,0.5960304260253906,0.046495563768278875
0.4078724290101001,0.8173888089685042,77.7,13.896062358141565,340.3,-0.27842110991477964,0.49477466568059986,0.5961371243000031,0.0465556647285134
0.42716547619336503,0.8173888089685042,77.3,13.871490008554666,340.7,-0.28078524470329286,0.49408693213010973,0.5959082245826721,0.04672115491176068
0.44645852337662995,0.8173888089685042,76.9,13.658343040927777,341.1,-0.28066039085388184,0.49411039816431246,0.5958476841449738,0.04670477054790091
0.4657515705598948,0.8173888089685042,76.6,13.341400969328884,341.4,-0.2794347763061523,0.4945255525960397,0.5938193500041962,0.04577651109506076
0.4850446177431597,0.8173888089685042,71.6,13.400934513442435,346.4,-0.22990288734436035,0.3867076758654241,0.6011821806430817,0.042651208439177364
0.5043376649264246,0.8173888089685042,67.7,13.03900271985926,350.3,-0.2120195209980011,0.33720496347026585,0.6066271901130676,0.04328079269652073
0.5236307121096896,0.8173888089685042,60.6,12.046916146270037,357.4,-0.14588805437088012,0.18842555747485687,0.6133336246013641,0.0412661885033043
0.5429237592929544,0.8173888089685042,56.4,13.022203107614985,361.6,-0.16762372851371765,0.21972067225559358,0.6167330265045166,0.03951185034762475
0.5622168064762194,0.8173888089685042,47.3,17.958640589035962,370.7,-317.1847791552544,717.150803352597,0.6221983730792999,0.03525255335699347
0.5815098536594843,0.8173888089685042,36.8,16.574750730587777,381.2,-4.145903688669205,6.659510383502331,0.6209018528461456,0.037372886865494365
0.6008029008427492,0.8173888089685042,30.5,15.465428805130454,387.5,-2.6416985213756563,4.753711313771523,0.6250252664089203,0.03650474365081603
0.6200959480260141,0.8173888089685042,25.1,16.25835573086443,392.9,-4.683455163240433,6.99431168259575,0.6286077558994293,0.03688083832678335
0.6393889952092789,0.8173888089685042,15.3,15.516082312735737,402.7,-0.05936561226844787,0.07773468351687671,0.6345205962657928,0.0380153462577847
0.6586820423925439,0.8173888089685042,12.9,14.808828677925668,405.1,-13026.322037947179,29467.422345378654,0.6355319321155548,0.03842606724629893
0.6779750895758088,0.8173888089685042,8.0,10.64256194024133,410.0,-277.41010041236876,625.5876715623634,0.6347167074680329,0.036692505369581095
0.6972681367590737,0.8173888089685042,4.9,7.483376368478617,413.1,-0.018658542633056642,0.03451399473273375,0.6369041562080383,0.03657157556136004
0.7165611839423386,0.8173888089685042,3.3,5.002386040083351,414.7,-0.015578782558441162,0.03443724845519183,0.6353443145751954,0.03614029291017958
0.7358542311256036,0.8173888089685042,1.8,4.071882893137379,416.2,-0.015255701541900635,0.03451079451737485,0.6345939099788666,0.03606899377501927
0.7551472783088684,0.8173888089685042,0.2,0.4524314325708198,417.8,-0.07954103946685791,0.17993433217081323,0.6361937820911407,0.03569691951916984
0.002718438161537051,0.8552149388828978,247.4,22.622074324547285,170.6,0.6289402127265931,0.06542205265763328,0.4702064037322998,0.06028969955049653
0.02201148534480196,0.8552149388828978,237.9,21.238190368908718,180.1,0.637567812204361,0.06657488322400092,0.45490631461143494,0.06800976223445854
0.041304532528066866,0.8552149388828978,225.6,22.379482180839446,192.4,0.6477256059646607,0.07363437020025235,0.4541579902172089,0.05330408900169169
0.06059757971133177,0.8552149388828978,208.6,25.616037507322353,209.4,0.6719422519207001,0.08084199656287164,0.4344951331615448,0.06242407016648891
0.07989062689459668,0.8552149388828978,192.1,24.135448926891723,225.9,0.6897161424160003,0.09544350890353577,0.4291983425617218,0.10565876819523098
0.09918367407786159,0.8552149388828978,173.4,27.248744908221084,244.6,0.6986426413059235,0.10153447199580747,0.4559989035129547,0.09514616720847266
0.11847672126112649,0.8552149388828978,161.1,27.911043119768202,256.9,0.7041219413280487,0.11983471703378457,0.46585774421691895,0.08622346451533383
0.1377697684443914,0.8552149388828978,149.3,26.676941204827795,268.7,0.6552622973918915,0.18256556200710009,0.48776655793190005,0.08592385728159148
0.1570628156276563,0.8552149388828978,136.6,29.721910115001343,281.4,0.647349625825882,0.18203039059097922,0.5189414978027344,0.07451333377736438
0.17635586281092122,0.8552149388828978,124.0,28.592409756876698,294.0,0.5363637328147888,0.2623667537309872,0.5358394622802735,0.07019001018493304
0.19564890999418613,0.8552149388828978,114.1,23.42774147690873,303.9,0.47440879344940184,0.2920283201990002,0.5479901790618896,0.07109991501408529
0.21494195717745104,0.8552149388828978,106.7,20.81526071044138,311.3,0.38868483901023865,0.3152850828896688,0.5606253862380981,0.06140053795902559
0.23423500436071593,0.8552149388828978,100.7,21.74509808373849,317.3,0.08531473278999328,0.4498121383494082,0.5746150076389313,0.050663733778592894
0.25352805154398084,0.8552149388828978,97.8,22.151179291947393,320.2,-0.17443307042121886,0.3096268600366419,0.5801481544971466,0.052145206309434936
0.27282109872724575,0.8552149388828978,97.5,22.015876329131334,320.5,-0.17392629981040955,0.3086434533939427,0.5806614756584167,0.0520639279679933
0.29211414591051066,0.8552149388828978,91.0,19.439347704459493,327.0,-0.1963329017162323,0.3108796864768895,0.5863375306129456,0.05154656798299789
0.31140719309377557,0.8552149388828978,88.5,19.28148964394856,329.5,-0.26412442326545715,0.45871185203259746,0.5879880368709565,0.04731745317618197
0.3307002402770405,0.8552149388828978,85.0,17.395581644245222,333.0,-0.2621448993682861,0.4594860772554285,0.5892808020114899,0.04657259796443473
0.3499932874603054,0.8552149388828978,83.1,17.21305232244544,334.9,-0.2775732040405273,0.4965480815003438,0.5916340827941895,0.04654890011760144
0.3692863346435703,0.8552149388828978,80.2,15.755184373044438,337.8,-0.27990059852600097,0.4951285129864376,0.5928411066532135,0.04556618991984323
0.3885793818268352,0.8552149388828978,77.8,13.960358996876375,340.2,-0.2785161852836609,0.4947421431545925,0.5960304260253906,0.046495563768278875
0.4078724290101001,0.8552149388828978,77.7,13.896062358141565,340.3,-0.27842110991477964,0.49477466568059986,0.5961371243000031,0.0465556647285134
0.42716547619336503,0.8552149388828978,77.3,13.871490008554666,340.7,-0.28078524470329286,0.49408693213010973,0.5959082245826721,0.04672115491176068
0.44645852337662995,0.8552149388828978,76.9,13.658343040927777,341.1,-0.28066039085388184,0.49411039816431246,0.5958476841449738,0.04670477054790091
0.4657515705598948,0.8552149388828978,76.6,13.341400969328884,341.4,-0.2794347763061523,0.4945255525960397,0.5938193500041962,0.04577651109506076
0.4850446177431597,0.8552149388828978,71.6,13.400934513442435,346.4,-0.22990288734436035,0.3867076758654241,0.6011821806430817,0.042651208439177364
0.5043376649264246,0.8552149388828978,67.7,13.03900271985926,350.3,-0.2120195209980011,0.33720496347026585,0.6066271901130676,0.04328079269652073
0.5236307121096896,0.8552149388828978,60.6,12.046916146270037,357.4,-0.14588805437088012,0.18842555747485687,0.6133336246013641,0.0412661885033043
0.5429237592929544,0.8552149388828978,56.4,13.022203107614985,361.6,-0.16762372851371765,0.21972067225559358,0.6167330265045166,0.03951185034762475
0.5622168064762194,0.8552149388828978,47.3,17.958640589035962,370.7,-317.1847791552544,717.150803352597,0.6221983730792999,0.03525255335699347
0.5815098536594843,0.8552149388828978,36.8,16.574750730587777,381.2,-4.145903688669205,6.659510383502331,0.6209018528461456,0.037372886865494365
0.6008029008427492,0.8552149388828978,30.5,15.465428805130454,387.5,-2.6416985213756563,4.753711313771523,0.6250252664089203,0.03650474365081603
0.6200959480260141,0.8552149388828978,25.1,16.25835573086443,392.9,-4.683455163240433,6.99431168259575,0.6286077558994293,0.03688083832678335
0.6393889952092789,0.8552149388828978,15.3,15.516082312735737,402.7,-0.05936561226844787,0.07773468351687671,0.6345205962657928,0.0380153462577847
0.6586820423925439,0.8552149388828978,12.9,14.808828677925668,405.1,-13026.322037947179,29467.422345378654,0.6355319321155548,0.03842606724629893
0.6779750895758088,0.8552149388828978,8.0,10.64256194024133,410.0,-277.41010041236876,625.5876715623634,0.6347167074680329,0.036692505369581095
0.6972681367590737,0.8552149388828978,4.9,7.483376368478617,413.1,-0.018658542633056642,0.03451399473273375,0.6369041562080383,0.03657157556136004
0.7165611839423386,0.8552149388828978,3.3,5.002386040083351,414.7,-0.015578782558441162,0.03443724845519183,0.6353443145751954,0.03614029291017958
0.7358542311256036,0.8552149388828978,1.8,4.071882893137379,416.2,-0.015255701541900635,0.03451079451737485,0.6345939099788666,0.03606899377501927
0.7551472783088684,0.8552149388828978,0.2,0.4524314325708198,417.8,-0.07954103946685791,0.17993433217081323,0.6361937820911407,0.03569691951916984
0.002718438161537051,0.8930410687972916,267.4,21.83421156221947,150.60000000000002,0.6466120421886444,0.059346857956814394,0.45339553356170653,0.05464511767473621
0.02201148534480196,0.8930410687972916,257.1,20.4220162802382,160.89999999999998,0.6561187386512757,0.05990384198163597,0.43804341554641724,0.05854484494347979
0.041304532528066866,0.8930410687972916,241.7,22.990685091839,176.3,0.6689490795135498,0.0643632737493402,0.4358219504356384,0.04280335830062627
0.06059757971133177,0.8930410687972916,220.3,23.84534942546427,197.7,0.6904782474040985,0.06873888193724886,0.42168853878974916,0.052216234739583645
0.07989062689459668,0.8930410687972916,201.9,24.2763884245962,216.1,0.7157968044281006,0.07788493877317475,0.4157350301742554,0.10010248285953008
0.09918367407786159,0.8930410687972916,178.2,28.7249425577991,239.8,0.7246319234371186,0.08607989387018201,0.44243243932723997,0.0900342997472585
0.11847672126112649,0.8930410687972916,164.7,29.560488611982443,253.3,0.7271906197071075,0.11049725171167371,0.4550692975521088,0.08139767876904701
0.1377697684443914,0.8930410687972916,152.3,27.728322152179494,265.7,0.6815514147281647,0.1817632811456104,0.47915562987327576,0.0825091800079891
0.1570628156276563,0.8930410687972916,138.0,29.85133312146366,280.0,0.6552719414234162,0.18224852542469294,0.5181953728199005,0.07444171732630163
0.17635586281092122,0.8930410687972916,124.4,28.958360703367678,293.6,0.5490730047225952,0.25102419060010167,0.5372289657592774,0.07099041251351547
0.19564890999418613,0.8930410687972916,114.1,23.42774147690873,303.9,0.47440879344940184,0.2920283201990002,0.5479901790618896,0.07109991501408529
0.21494195717745104,0.8930410687972916,106.7,20.81526071044138,311.3,0.38868483901023865,0.3152850828896688,0.5606253862380981,0.06140053795902559
0.23423500436071593,0.8930410687972916,100.7,21.74509808373849,317.3,0.08531473278999328,0.4498121383494082,0.5746150076389313,0.050663733778592894
0.25352805154398084,0.8930410687972916,97.8,22.151179291947393,320.2,-0.17443307042121886,0.3096268600366419,0.5801481544971466,0.052145206309434936
0.27282109872724575,0.8930410687972916,97.5,22.015876329131334,320.5,-0.17392629981040955,0.3086434533939427,0.5806614756584167,0.0520639279679933
0.29211414591051066,0.8930410687972916,91.0,19.439347704459493,327.0,-0.1963329017162323,0.3108796864768895,0.5863375306129456,0.05154656798299789
0.31140719309377557,0.8930410687972916,88.5,19.28148964394856,329.5,-0.26412442326545715,0.45871185203259746,0.5879880368709565,0.04731745317618197
0.3307002402770405,0.8930410687972916,85.0,17.395581644245222,333.0,-0.2621448993682861,0.4594860772554285,0.5892808020114899,0.04657259796443473
0.3499932874603054,0.8930410687972916,83.1,17.21305232244544,334.9,-0.2775732040405273,0.4965480815003438,0.5916340827941895,0.04654890011760144
0.3692863346435703,0.8930410687972916,80.2,15.755184373044438,337.8,-0.27990059852600097,0.4951285129864376,0.5928411066532135,0.04556618991984323
0.3885793818268352,0.8930410687972916,77.8,13.960358996876375,340.2,-0.2785161852836609,0.4947421431545925,0.5960304260253906,0.046495563768278875
0.4078724290101001,0.8930410687972916,77.7,13.896062358141565,340.3,-0.27842110991477964,0.49477466568059986,0.5961371243000031,0.0465556647285134
0.42716547619336503,0.8930410687972916,77.3,13.871490008554666,340.7,-0.28078524470329286,0.49408693213010973,0.5959082245826721,0.04672115491176068
0.44645852337662995,0.8930410687972916,76.9,13.658343040927777,341.1,-0.28066039085388184,0.49411039816431246,0.5958476841449738,0.04670477054790091
0.4657515705598948,0.8930410687972916,76.6,13.341400969328884,341.4,-0.2794347763061523,0.4945255525960397,0.5938193500041962,0.04577651109506076
0.4850446177431597,0.8930410687972916,71.6,13.400934513442435,346.4,-0.22990288734436035,0.3867076758654241,0.6011821806430817,0.042651208439177364
0.5043376649264246,0.8930410687972916,67.7,13.03900271985926,350.3,-0.2120195209980011,0.33720496347026585,0.6066271901130676,0.04328079269652073
0.5236307121096896,0.8930410687972916,60.6,12.046916146270037,357.4,-0.14588805437088012,0.18842555747485687,0.6133336246013641,0.0412661885033043
0.5429237592929544,0.8930410687972916,56.4,13.022203107614985,361.6,-0.16762372851371765,0.21972067225559358,0.6167330265045166,0.03951185034762475
0.5622168064762194,0.8930410687972916,47.3,17.958640589035962,370.7,-317.1847791552544,717.150803352597,0.6221983730792999,0.03525255335699347
0.5815098536594843,0.8930410687972916,36.8,16.574750730587777,381.2,-4.145903688669205,6.659510383502331,0.6209018528461456,0.037372886865494365
0.6008029008427492,0.8930410687972916,30.5,15.465428805130454,387.5,-2.6416985213756563,4.753711313771523,0.6250252664089203,0.03650474365081603
0.6200959480260141,0.8930410687972916,25.1,16.25835573086443,392.9,-4.683455163240433,6.99431168259575,0.6286077558994293,0.03688083832678335
0.6393889952092789,0.8930410687972916,15.3,15.516082312735737,402.7,-0.05936561226844787,0.07773468351687671,0.6345205962657928,0.0380153462577847
0.6586820423925439,0.8930410687972916,12.9,14.808828677925668,405.1,-13026.322037947179,29467.422345378654,0.6355319321155548,0.03842606724629893
0.6779750895758088,0.8930410687972916,8.0,10.64256194024133,410.0,-277.41010041236876,625.5876715623634,0.6347167074680329,0.036692505369581095
0.6972681367590737,0.8930410687972916,4.9,7.483376368478617,413.1,-0.018658542633056642,0.03451399473273375,0.6369041562080383,0.03657157556136004
0.7165611839423386,0.8930410687972916,3.3,5.002386040083351,414.7,-0.015578782558441162,0.03443724845519183,0.6353443145751954,0.03614029291017958
0.7358542311256036,0.8930410687972916,1.8,4.071882893137379,416.2,-0.015255701541900635,0.03451079451737485,0.6345939099788666,0.03606899377501927
0.7551472783088684,0.8930410687972916,0.2,0.4524314325708198,417.8,-0.07954103946685791,0.17993433217081323,0.6361937820911407,0.03569691951916984
0.002718438161537051,0.9308671987116852,294.3,13.789265935659598,123.69999999999999,0.6561645269393921,0.0512598087041386,0.4123417556285858,0.05966879021613197
0.02201148534480196,0.9308671987116852,282.4,14.327789082111993,135.60000000000002,0.666010582447052,0.05096376397554537,0.3994187951087952,0.0682209710175646
0.041304532528066866,0.9308671987116852,258.5,18.590870682653964,159.5,0.6807571351528168,0.0549014084371068,0.41383078694343567,0.058436245043322295
0.06059757971133177,0.9308671987116852,233.3,22.714506200211787,184.7,0.7044392406940461,0.055863816337416446,0.39919570088386536,0.05862152418639227
0.07989062689459668,0.9308671987116852,213.0,24.89515120594726,205.0,0.7318338453769684,0.05872881060433476,0.3966779887676239,0.10085145234484527
0.09918367407786159,0.9308671987116852,185.3,29.61429754354254,232.7,0.738203477859497,0.0706666224253921,0.4279132604598999,0.09267720164342907
0.11847672126112649,0.9308671987116852,170.8,31.11925876002699,247.2,0.7373463034629821,0.0979338557891423,0.4423155426979065,0.08693561553396527
0.1377697684443914,0.9308671987116852,157.6,29.443211200365322,260.4,0.680149894952774,0.18507447477798264,0.46861701607704165,0.08868540738347748
0.1570628156276563,0.9308671987116852,141.1,31.229878692739288,276.9,0.6532933413982391,0.18640596895677075,0.5139719188213349,0.07274774231754119
0.17635586281092122,0.9308671987116852,125.9,30.610162037183798,292.1,0.5544133424758911,0.25184159483616847,0.5353108286857605,0.07019209161570446
0.19564890999418613,0.9308671987116852,114.1,23.42774147690873,303.9,0.47440879344940184,0.2920283201990002,0.5479901790618896,0.07109991501408529
0.21494195717745104,0.9308671987116852,106.7,20.81526071044138,311.3,0.38868483901023865,0.3152850828896688,0.5606253862380981,0.06140053795902559
0.23423500436071593,0.9308671987116852,100.7,21.74509808373849,317.3,0.08531473278999328,0.4498121383494082,0.5746150076389313,0.050663733778592894
0.25352805154398084,0.9308671987116852,97.8,22.151179291947393,320.2,-0.17443307042121886,0.3096268600366419,0.5801481544971466,0.052145206309434936
0.27282109872724575,0.9308671987116852,97.5,22.015876329131334,320.5,-0.17392629981040955,0.3086434533939427,0.5806614756584167,0.0520639279679933
0.29211414591051066,0.9308671987116852,91.0,19.439347704459493,327.0,-0.1963329017162323,0.3108796864768895,0.5863375306129456,0.05154656798299789
0.31140719309377557,0.9308671987116852,88.5,19.28148964394856,329.5,-0.26412442326545715,0.45871185203259746,0.5879880368709565,0.04731745317618197
0.3307002402770405,0.9308671987116852,85.0,17.395581644245222,333.0,-0.2621448993682861,0.4594860772554285,0.5892808020114899,0.04657259796443473
0.3499932874603054,0.9308671987116852,83.1,17.21305232244544,334.9,-0.2775732040405273,0.4965480815003438,0.5916340827941895,0.04654890011760144
0.3692863346435703,0.9308671987116852,80.2,15.755184373044438,337.8,-0.27990059852600097,0.4951285129864376,0.5928411066532135,0.04556618991984323
0.3885793818268352,0.9308671987116852,77.8,13.960358996876375,340.2,-0.2785161852836609,0.4947421431545925,0.5960304260253906,0.046495563768278875
0.4078724290101001,0.9308671987116852,77.7,13.896062358141565,340.3,-0.27842110991477964,0.49477466568059986,0.5961371243000031,0.0465556647285134
0.42716547619336503,0.9308671987116852,77.3,13.871490008554666,340.7,-0.28078524470329286,0.49408693213010973,0.5959082245826721,0.04672115491176068
0.44645852337662995,0.9308671987116852,76.9,13.658343040927777,341.1,-0.28066039085388184,0.49411039816431246,0.5958476841449738,0.04670477054790091
0.4657515705598948,0.9308671987116852,76.6,13.341400969328884,341.4,-0.2794347763061523,0.4945255525960397,0.5938193500041962,0.04577651109506076
0.4850446177431597,0.9308671987116852,71.6,13.400934513442435,346.4,-0.22990288734436035,0.3867076758654241,0.6011821806430817,0.042651208439177364
0.5043376649264246,0.9308671987116852,67.7,13.03900271985926,350.3,-0.2120195209980011,0.33720496347026585,0.6066271901130676,0.04328079269652073
0.5236307121096896,0.9308671987116852,60.6,12.046916146270037,357.4,-0.14588805437088012,0.18842555747485687,0.6133336246013641,0.0412661885033043
0.5429237592929544,0.9308671987116852,56.4,13.022203107614985,361.6,-0.16762372851371765,0.21972067225559358,0.6167330265045166,0.03951185034762475
0.5622168064762194,0.9308671987116852,47.3,17.958640589035962,370.7,-317.1847791552544,717.150803352597,0.6221983730792999,0.03525255335699347
0.5815098536594843,0.9308671987116852,36.8,16.574750730587777,381.2,-4.145903688669205,6.659510383502331,0.6209018528461456,0.037372886865494365
0.6008029008427492,0.9308671987116852,30.5,15.465428805130454,387.5,-2.6416985213756563,4.753711313771523,0.6250252664089203,0.03650474365081603
0.6200959480260141,0.9308671987116852,25.1,16.25835573086443,392.9,-4.683455163240433,6.99431168259575,0.6286077558994293,0.03688083832678335
0.6393889952092789,0.9308671987116852,15.3,15.516082312735737,402.7,-0.05936561226844787,0.07773468351687671,0.6345205962657928,0.0380153462577847
0.6586820423925439,0.9308671987116852,12.9,14.808828677925668,405.1,-13026.322037947179,29467.422345378654,0.6355319321155548,0.03842606724629893
0.6779750895758088,0.9308671987116852,8.0,10.64256194024133,410.0,-277.41010041236876,625.5876715623634,0.6347167074680329,0.036692505369581095
0.6972681367590737,0.9308671987116852,4.9,7.483376368478617,413.1,-0.018658542633056642,0.03451399473273375,0.6369041562080383,0.03657157556136004
0.7165611839423386,0.9308671987116852,3.3,5.002386040083351,414.7,-0.015578782558441162,0.03443724845519183,0.6353443145751954,0.03614029291017958
0.7358542311256036,0.9308671987116852,1.8,4.071882893137379,416.2,-0.015255701541900635,0.03451079451737485,0.6345939099788666,0.03606899377501927
0.7551472783088684,0.9308671987116852,0.2,0.4524314325708198,417.8,-0.07954103946685791,0.17993433217081323,0.6361937820911407,0.03569691951916984
0.002718438161537051,0.9686933286260788,308.1,14.44733677019007,109.89999999999998,0.6591269850730896,0.05014419283713753,0.35623220205307005,0.084367449168658
0.02201148534480196,0.9686933286260788,295.7,14.853300886326439,122.30000000000001,0.6689519464969635,0.048773983592472606,0.3529652297496796,0.08381017869314192
0.041304532528066866,0.9686933286260788,268.1,18.385430196093935,149.89999999999998,0.6856711268424988,0.05026522904513774,0.3839565455913544,0.07491074918483381
0.06059757971133177,0.9686933286260788,240.4,23.687808953750675,177.6,0.7096229135990143,0.05001833102394315,0.37851343154907224,0.06351812144374953
0.07989062689459668,0.9686933286260788,217.9,25.57438457351953,200.1,0.7377131164073945,0.050317494350506024,0.38585729598999025,0.09807372609061273
0.09918367407786159,0.9686933286260788,190.1,30.106338348703083,227.9,0.7462407648563385,0.062308740048042766,0.4210787653923035,0.09135510633721804
0.11847672126112649,0.9686933286260788,173.5,32.46850113290261,244.5,0.7382670521736145,0.09733267658615467,0.43984193801879884,0.08702173407689814
0.1377697684443914,0.9686933286260788,159.2,30.23891103301561,258.8,0.6784796833992004,0.1838431778298546,0.46632317304611204,0.0878794985639615
0.1570628156276563,0.9686933286260788,142.4,32.16756022385513,275.6,0.6513790428638458,0.1847380681456972,0.5127907693386078,0.07138471585791689
0.17635586281092122,0.9686933286260788,126.5,31.61674311979559,291.5,0.5539038360118866,0.2523935043817305,0.5335546135902405,0.0691377556600277
0.19564890999418613,0.9686933286260788,114.7,24.32225169170602,303.3,0.47372986674308776,0.2925887602405563,0.5470797955989838,0.07044369153359092
0.21494195717745104,0.9686933286260788,106.7,20.81526071044138,311.3,0.38868483901023865,0.3152850828896688,0.5606253862380981,0.06140053795902559
0.23423500436071593,0.9686933286260788,100.7,21.74509808373849,317.3,0.08531473278999328,0.4498121383494082,0.5746150076389313,0.050663733778592894
0.25352805154398084,0.9686933286260788,97.8,22.151179291947393,320.2,-0.17443307042121886,0.3096268600366419,0.5801481544971466,0.052145206309434936
0.27282109872724575,0.9686933286260788,97.5,22.015876329131334,320.5,-0.17392629981040955,0.3086434533939427,0.5806614756584167,0.0520639279679933
0.29211414591051066,0.9686933286260788,91.0,19.439347704459493,327.0,-0.1963329017162323,0.3108796864768895,0.5863375306129456,0.05154656798299789
0.31140719309377557,0.9686933286260788,88.5,19.28148964394856,329.5,-0.26412442326545715,0.45871185203259746,0.5879880368709565,0.04731745317618197
0.3307002402770405,0.9686933286260788,85.0,17.395581644245222,333.0,-0.2621448993682861,0.4594860772554285,0.5892808020114899,0.04657259796443473
0.3499932874603054,0.9686933286260788,83.1,17.21305232244544,334.9,-0.2775732040405273,0.4965480815003438,0.5916340827941895,0.04654890011760144
0.3692863346435703,0.9686933286260788,80.2,15.755184373044438,337.8,-0.27990059852600097,0.4951285129864376,0.5928411066532135,0.04556618991984323
0.3885793818268352,0.9686933286260788,77.8,13.960358996876375,340.2,-0.2785161852836609,0.4947421431545925,0.5960304260253906,0.046495563768278875
0.4078724290101001,0.9686933286260788,77.7,13.896062358141565,340.3,-0.27842110991477964,0.49477466568059986,0.5961371243000031,0.0465556647285134
0.42716547619336503,0.9686933286260788,77.3,13.871490008554666,340.7,-0.28078524470329286,0.49408693213010973,0.5959082245826721,0.04672115491176068
0.44645852337662995,0.9686933286260788,76.9,13.658343040927777,341.1,-0.28066039085388184,0.49411039816431246,0.5958476841449738,0.04670477054790091
0.4657515705598948,0.9686933286260788,76.6,13.341400969328884,341.4,-0.2794347763061523,0.4945255525960397,0.5938193500041962,0.04577651109506076
0.4850446177431597,0.9686933286260788,71.6,13.400934513442435,346.4,-0.22990288734436035,0.3867076758654241,0.6011821806430817,0.042651208439177364
0.5043376649264246,0.9686933286260788,67.7,13.03900271985926,350.3,-0.2120195209980011,0.33720496347026585,0.6066271901130676,0.04328079269652073
0.5236307121096896,0.9686933286260788,60.6,12.046916146270037,357.4,-0.14588805437088012,0.18842555747485687,0.6133336246013641,0.0412661885033043
0.5429237592929544,0.9686933286260788,56.4,13.022203107614985,361.6,-0.16762372851371765,0.21972067225559358,0.6167330265045166,0.03951185034762475
0.5622168064762194,0.9686933286260788,47.3,17.958640589035962,370.7,-317.1847791552544,717.150803352597,0.6221983730792999,0.03525255335699347
0.5815098536594843,0.9686933286260788,36.8,16.574750730587777,381.2,-4.145903688669205,6.659510383502331,0.6209018528461456,0.037372886865494365
0.6008029008427492,0.9686933286260788,30.5,15.465428805130454,387.5,-2.6416985213756563,4.753711313771523,0.6250252664089203,0.03650474365081603
0.6200959480260141,0.9686933286260788,25.1,16.25835573086443,392.9,-4.683455163240433,6.99431168259575,0.6286077558994293,0.03688083832678335
0.6393889952092789,0.9686933286260788,15.3,15.516082312735737,402.7,-0.05936561226844787,0.07773468351687671,0.6345205962657928,0.0380153462577847
0.6586820423925439,0.9686933286260788,12.9,14.808828677925668,405.1,-13026.322037947179,29467.422345378654,0.6355319321155548,0.03842606724629893
0.6779750895758088,0.9686933286260788,8.0,10.64256194024133,410.0,-277.41010041236876,625.5876715623634,0.6347167074680329,0.036692505369581095
0.6972681367590737,0.9686933286260788,4.9,7.483376368478617,413.1,-0.018658542633056642,0.03451399473273375,0.6369041562080383,0.03657157556136004
0.7165611839423386,0.9686933286260788,3.3,5.002386040083351,414.7,-0.015578782558441162,0.03443724845519183,0.6353443145751954,0.03614029291017958
0.7358542311256036,0.9686933286260788,1.8,4.071882893137379,416.2,-0.015255701541900635,0.03451079451737485,0.6345939099788666,0.03606899377501927
0.7551472783088684,0.9686933286260788,0.2,0.4524314325708198,417.8,-0.07954103946685791,0.17993433217081323,0.6361937820911407,0.03569691951916984
0.002718438161537051,1.0065194585404724,326.2,12.906416704829377,91.80000000000001,0.6539816081523895,0.041825990889447204,0.3578790843486786,0.10350582840655079
0.02201148534480196,1.0065194585404724,312.7,13.004070129127312,105.30000000000001,0.6642948627471924,0.03813905916410619,0.3553537964820862,0.09931670726083264
0.041304532528066866,1.0065194585404724,281.4,19.343170783338678,136.60000000000002,0.6854246199131012,0.0439576652978161,0.37280152440071107,0.0833585524229687
0.06059757971133177,1.0065194585404724,249.8,22.133203812810688,168.2,0.7111611306667328,0.04569106545240486,0.3635645806789398,0.07546763688752513
0.07989062689459668,1.0065194585404724,222.6,25.312360488258197,195.4,0.7320614218711853,0.05030505839473341,0.3851356148719788,0.10470694960908511
0.09918367407786159,1.0065194585404724,194.2,29.877607188957175,223.8,0.7412413418292999,0.062103580105667605,0.4196917712688446,0.09442992116460158
0.11847672126112649,1.0065194585404724,176.0,33.123419484022655,242.0,0.7345366060733796,0.09636469538956526,0.44044592380523684,0.08841270031437061
0.1377697684443914,1.0065194585404724,161.1,31.120446383751347,256.9,0.6750259101390839,0.1844501785459998,0.4676159381866455,0.08878195341321873
0.1570628156276563,1.0065194585404724,143.6,32.60821062124729,274.4,0.6508683741092682,0.18456552565076426,0.5126645267009735,0.07110996791548639
0.17635586281092122,1.0065194585404724,126.8,31.691378480279713,291.2,0.5536362886428833,0.2524993990240605,0.5331954956054688,0.0689264684053346
0.19564890999418613,1.0065194585404724,114.7,24.32225169170602,303.3,0.47372986674308776,0.2925887602405563,0.5470797955989838,0.07044369153359092
0.21494195717745104,1.0065194585404724,106.7,20.81526071044138,311.3,0.38868483901023865,0.3152850828896688,0.5606253862380981,0.06140053795902559
0.23423500436071593,1.0065194585404724,100.7,21.74509808373849,317.3,0.08531473278999328,0.4498121383494082,0.5746150076389313,0.050663733778592894
0.25352805154398084,1.0065194585404724,97.8,22.151179291947393,320.2,-0.17443307042121886,0.3096268600366419,0.5801481544971466,0.052145206309434936
0.27282109872724575,1.0065194585404724,97.5,22.015876329131334,320.5,-0.17392629981040955,0.3086434533939427,0.5806614756584167,0.0520639279679933
0.29211414591051066,1.0065194585404724,91.0,19.439347704459493,327.0,-0.1963329017162323,0.3108796864768895,0.5863375306129456,0.05154656798299789
0.31140719309377557,1.0065194585404724,88.5,19.28148964394856,329.5,-0.26412442326545715,0.45871185203259746,0.5879880368709565,0.04731745317618197
0.3307002402770405,1.0065194585404724,85.0,17.395581644245222,333.0,-0.2621448993682861,0.4594860772554285,0.5892808020114899,0.04657259796443473
0.3499932874603054,1.0065194585404724,83.1,17.21305232244544,334.9,-0.2775732040405273,0.4965480815003438,0.5916340827941895,0.04654890011760144
0.3692863346435703,1.0065194585404724,80.2,15.755184373044438,337.8,-0.27990059852600097,0.4951285129864376,0.5928411066532135,0.04556618991984323
0.3885793818268352,1.0065194585404724,77.8,13.960358996876375,340.2,-0.2785161852836609,0.4947421431545925,0.5960304260253906,0.046495563768278875
0.4078724290101001,1.0065194585404724,77.7,13.896062358141565,340.3,-0.27842110991477964,0.49477466568059986,0.5961371243000031,0.0465556647285134
0.42716547619336503,1.0065194585404724,77.3,13.871490008554666,340.7,-0.28078524470329286,0.49408693213010973,0.5959082245826721,0.04672115491176068
0.44645852337662995,1.0065194585404724,76.9,13.658343040927777,341.1,-0.28066039085388184,0.49411039816431246,0.5958476841449738,0.04670477054790091
0.4657515705598948,1.0065194585404724,76.6,13.341400969328884,341.4,-0.2794347763061523,0.4945255525960397,0.5938193500041962,0.04577651109506076
0.4850446177431597,1.0065194585404724,71.6,13.400934513442435,346.4,-0.22990288734436035,0.3867076758654241,0.6011821806430817,0.042651208439177364
0.5043376649264246,1.0065194585404724,67.7,13.03900271985926,350.3,-0.2120195209980011,0.33720496347026585,0.6066271901130676,0.04328079269652073
0.5236307121096896,1.0065194585404724,60.6,12.046916146270037,357.4,-0.14588805437088012,0.18842555747485687,0.6133336246013641,0.0412661885033043
0.5429237592929544,1.0065194585404724,56.4,13.022203107614985,361.6,-0.16762372851371765,0.21972067225559358,0.6167330265045166,0.03951185034762475
0.5622168064762194,1.0065194585404724,47.3,17.958640589035962,370.7,-317.1847791552544,717.150803352597,0.6221983730792999,0.03525255335699347
0.5815098536594843,1.0065194585404724,36.8,16.574750730587777,381.2,-4.145903688669205,6.659510383502331,0.6209018528461456,0.037372886865494365
0.6008029008427492,1.0065194585404724,30.5,15.465428805130454,387.5,-2.6416985213756563,4.753711313771523,0.6250252664089203,0.03650474365081603
0.6200959480260141,1.0065194585404724,25.1,16.25835573086443,392.9,-4.683455163240433,6.99431168259575,0.6286077558994293,0.03688083832678335
0.6393889952092789,1.0065194585404724,15.3,15.516082312735737,402.7,-0.05936561226844787,0.07773468351687671,0.6345205962657928,0.0380153462577847
0.6586820423925439,1.0065194585404724,12.9,14.808828677925668,405.1,-13026.322037947179,29467.422345378654,0.6355319321155548,0.03842606724629893
0.6779750895758088,1.0065194585404724,8.0,10.64256194024133,410.0,-277.41010041236876,625.5876715623634,0.6347167074680329,0.036692505369581095
0.6972681367590737,1.0065194585404724,4.9,7.483376368478617,413.1,-0.018658542633056642,0.03451399473273375,0.6369041562080383,0.03657157556136004
0.7165611839423386,1.0065194585404724,3.3,5.002386040083351,414.7,-0.015578782558441162,0.03443724845519183,0.6353443145751954,0.03614029291017958
0.7358542311256036,1.0065194585404724,1.8,4.071882893137379,416.2,-0.015255701541900635,0.03451079451737485,0.6345939099788666,0.03606899377501927
0.7551472783088684,1.0065194585404724,0.2,0.4524314325708198,417.8,-0.07954103946685791,0.17993433217081323,0.6361937820911407,0.03569691951916984
0.002718438161537051,1.0443455884548662,343.0,12.527259113756608,75.0,0.6424317300319672,0.03804231060043924,0.3753580927848816,0.13305117152997745
0.02201148534480196,1.0443455884548662,326.4,14.055342327278346,91.60000000000002,0.6533468246459961,0.035357856844530626,0.36594128608703613,0.1161895748102523
0.041304532528066866,1.0443455884548662,292.2,21.21233937569572,125.80000000000001,0.6732844531536102,0.04385751609467402,0.3817426860332489,0.09301807947372606
0.06059757971133177,1.0443455884548662,259.7,24.902116306028567,158.3,0.6974620342254638,0.04581320893645316,0.37019721865653993,0.07950501089638859
0.07989062689459668,1.0443455884548662,230.2,30.47864453262986,187.8,0.7208746016025543,0.05276575983365858,0.3926958620548248,0.10651566909080526
0.09918367407786159,1.0443455884548662,200.9,34.590298920885274,217.1,0.7274264812469482,0.06582260671564459,0.43297111988067627,0.10059729799843237
0.11847672126112649,1.0443455884548662,181.8,37.608698280323814,236.2,0.7225975811481475,0.10020200351989006,0.4490547776222229,0.09189507232137953
0.1377697684443914,1.0443455884548662,165.0,35.10678750745184,253.0,0.6713154554367066,0.17644367357865856,0.47614515423774717,0.09248579878532091
0.1570628156276563,1.0443455884548662,147.4,36.935022345348706,270.6,0.6459635674953461,0.1762807345806382,0.5210938870906829,0.07426015575253603
0.17635586281092122,1.0443455884548662,129.4,35.845972328773954,288.6,0.5624601364135742,0.2420593020592025,0.5388933420181274,0.07257846205920682
0.19564890999418613,1.0443455884548662,116.4,27.0665946512738,301.6,0.4743818759918213,0.2920504067207057,0.5474798262119294,0.07072540630404002
0.21494195717745104,1.0443455884548662,106.7,20.81526071044138,311.3,0.38868483901023865,0.3152850828896688,0.5606253862380981,0.06140053795902559
0.23423500436071593,1.0443455884548662,100.7,21.74509808373849,317.3,0.08531473278999328,0.4498121383494082,0.5746150076389313,0.050663733778592894
0.25352805154398084,1.0443455884548662,97.8,22.151179291947393,320.2,-0.17443307042121886,0.3096268600366419,0.5801481544971466,0.052145206309434936
0.27282109872724575,1.0443455884548662,97.5,22.015876329131334,320.5,-0.17392629981040955,0.3086434533939427,0.5806614756584167,0.0520639279679933
0.29211414591051066,1.0443455884548662,91.0,19.439347704459493,327.0,-0.1963329017162323,0.3108796864768895,0.5863375306129456,0.05154656798299789
0.31140719309377557,1.0443455884548662,88.5,19.28148964394856,329.5,-0.26412442326545715,0.45871185203259746,0.5879880368709565,0.04731745317618197
0.3307002402770405,1.0443455884548662,85.0,17.395581644245222,333.0,-0.2621448993682861,0.4594860772554285,0.5892808020114899,0.04657259796443473
0.3499932874603054,1.0443455884548662,83.1,17.21305232244544,334.9,-0.2775732040405273,0.4965480815003438,0.5916340827941895,0.04654890011760144
0.3692863346435703,1.0443455884548662,80.2,15.755184373044438,337.8,-0.27990059852600097,0.4951285129864376,0.5928411066532135,0.04556618991984323
0.3885793818268352,1.0443455884548662,77.8,13.960358996876375,340.2,-0.2785161852836609,0.4947421431545925,0.5960304260253906,0.046495563768278875
0.4078724290101001,1.0443455884548662,77.7,13.896062358141565,340.3,-0.27842110991477964,0.49477466568059986,0.5961371243000031,0.0465556647285134
0.42716547619336503,1.0443455884548662,77.3,13.871490008554666,340.7,-0.28078524470329286,0.49408693213010973,0.5959082245826721,0.04672115491176068
0.44645852337662995,1.0443455884548662,76.9,13.658343040927777,341.1,-0.28066039085388184,0.49411039816431246,0.5958476841449738,0.04670477054790091
0.4657515705598948,1.0443455884548662,76.6,13.341400969328884,341.4,-0.2794347763061523,0.4945255525960397,0.5938193500041962,0.04577651109506076
0.4850446177431597,1.0443455884548662,71.6,13.400934513442435,346.4,-0.22990288734436035,0.3867076758654241,0.6011821806430817,0.042651208439177364
0.5043376649264246,1.0443455884548662,67.7,13.03900271985926,350.3,-0.2120195209980011,0.33720496347026585,0.6066271901130676,0.04328079269652073
0.5236307121096896,1.0443455884548662,60.6,12.046916146270037,357.4,-0.14588805437088012,0.18842555747485687,0.6133336246013641,0.0412661885033043
0.5429237592929544,1.0443455884548662,56.4,13.022203107614985,361.6,-0.16762372851371765,0.21972067225559358,0.6167330265045166,0.03951185034762475
0.5622168064762194,1.0443455884548662,47.3,17.958640589035962,370.7,-317.1847791552544,717.150803352597,0.6221983730792999,0.03525255335699347
0.5815098536594843,1.0443455884548662,36.8,16.574750730587777,381.2,-4.145903688669205,6.659510383502331,0.6209018528461456,0.037372886865494365
0.6008029008427492,1.0443455884548662,30.5,15.465428805130454,387.5,-2.6416985213756563,4.753711313771523,0.6250252664089203,0.03650474365081603
0.6200959480260141,1.0443455884548662,25.1,16.25835573086443,392.9,-4.683455163240433,6.99431168259575,0.6286077558994293,0.03688083832678335
0.6393889952092789,1.0443455884548662,15.3,15.516082312735737,402.7,-0.05936561226844787,0.07773468351687671,0.6345205962657928,0.0380153462577847
0.6586820423925439,1.0443455884548662,12.9,14.808828677925668,405.1,-13026.322037947179,29467.422345378654,0.6355319321155548,0.03842606724629893
0.6779750895758088,1.0443455884548662,8.0,10.64256194024133,410.0,-277.41010041236876,625.5876715623634,0.6347167074680329,0.036692505369581095
0.6972681367590737,1.0443455884548662,4.9,7.483376368478617,413.1,-0.018658542633056642,0.03451399473273375,0.6369041562080383,0.03657157556136004
0.7165611839423386,1.0443455884548662,3.3,5.002386040083351,414.7,-0.015578782558441162,0.03443724845519183,0.6353443145751954,0.03614029291017958
0.7358542311256036,1.0443455884548662,1.8,4.071882893137379,416.2,-0.015255701541900635,0.03451079451737485,0.6345939099788666,0.03606899377501927
0.7551472783088684,1.0443455884548662,0.2,0.4524314325708198,417.8,-0.07954103946685791,0.17993433217081323,0.6361937820911407,0.03569691951916984
0.002718438161537051,1.0821717183692598,358.3,11.913311830336594,59.69999999999999,0.6395819187164307,0.037368797437110045,0.37555062770843506,0.10291854289923394
0.02201148534480196,1.0821717183692598,339.8,13.369499812211727,78.19999999999999,0.650415176153183,0.035704237610136316,0.35845155119895933,0.09035561876933045
0.041304532528066866,1.0821717183692598,301.5,21.45341989984091,116.5,0.6715574383735656,0.04460851380347714,0.36697312593460085,0.0768807383933839
0.06059757971133177,1.0821717183692598,267.2,26.109819323839535,150.8,0.6941258907318115,0.04820425520083223,0.36037864089012145,0.07520537371379336
0.07989062689459668,1.0821717183692598,236.3,31.872519806199875,181.7,0.717443186044693,0.05663546908048309,0.38364146947860717,0.1070637896585692
0.09918367407786159,1.0821717183692598,205.2,36.45716576819382,212.8,0.7237110674381256,0.06995491805219829,0.4308264434337616,0.10198742887005674
0.11847672126112649,1.0821717183692598,184.2,38.42679377333527,233.8,0.7189034581184387,0.10381735919947614,0.45085713267326355,0.0956873932205649
0.1377697684443914,1.0821717183692598,166.7,35.34254078499401,251.3,0.6755971670150757,0.1669545019415689,0.47764706015586855,0.09595152632831258
0.1570628156276563,1.0821717183692598,149.0,37.33130526810964,269.0,0.6471287190914154,0.1684165792437913,0.5235188722610473,0.07708256142071747
0.17635586281092122,1.0821717183692598,130.4,36.02161214143359,287.6,0.5750016868114471,0.23170029977151144,0.5400733351707458,0.07431190057986024
0.19564890999418613,1.0821717183692598,116.6,27.13583005986664,301.4,0.4801910758018494,0.2949663532230752,0.5467776477336883,0.0706517235677073
0.21494195717745104,1.0821717183692598,106.7,20.81526071044138,311.3,0.38868483901023865,0.3152850828896688,0.5606253862380981,0.06140053795902559
0.23423500436071593,1.0821717183692598,100.7,21.74509808373849,317.3,0.08531473278999328,0.4498121383494082,0.5746150076389313,0.050663733778592894
0.25352805154398084,1.0821717183692598,97.8,22.151179291947393,320.2,-0.17443307042121886,0.3096268600366419,0.5801481544971466,0.052145206309434936
0.27282109872724575,1.0821717183692598,97.5,22.015876329131334,320.5,-0.17392629981040955,0.3086434533939427,0.5806614756584167,0.0520639279679933
0.29211414591051066,1.0821717183692598,91.0,19.439347704459493,327.0,-0.1963329017162323,0.3108796864768895,0.5863375306129456,0.05154656798299789
0.31140719309377557,1.0821717183692598,88.5,19.28148964394856,329.5,-0.26412442326545715,0.45871185203259746,0.5879880368709565,0.04731745317618197
0.3307002402770405,1.0821717183692598,85.0,17.395581644245222,333.0,-0.2621448993682861,0.4594860772554285,0.5892808020114899,0.04657259796443473
0.3499932874603054,1.0821717183692598,83.1,17.21305232244544,334.9,-0.2775732040405273,0.4965480815003438,0.5916340827941895,0.04654890011760144
0.3692863346435703,1.0821717183692598,80.2,15.755184373044438,337.8,-0.27990059852600097,0.4951285129864376,0.5928411066532135,0.04556618991984323
0.3885793818268352,1.0821717183692598,77.8,13.960358996876375,340.2,-0.2785161852836609,0.4947421431545925,0.5960304260253906,0.046495563768278875
0.4078724290101001,1.0821717183692598,77.7,13.896062358141565,340.3,-0.27842110991477964,0.49477466568059986,0.5961371243000031,0.0465556647285134
0.42716547619336503,1.0821717183692598,77.3,13.871490008554666,340.7,-0.28078524470329286,0.49408693213010973,0.5959082245826721,0.04672115491176068
0.44645852337662995,1.0821717183692598,76.9,13.658343040927777,341.1,-0.28066039085388184,0.49411039816431246,0.5958476841449738,0.04670477054790091
0.4657515705598948,1.0821717183692598,76.6,13.341400969328884,341.4,-0.2794347763061523,0.4945255525960397,0.5938193500041962,0.04577651109506076
0.4850446177431597,1.0821717183692598,71.6,13.400934513442435,346.4,-0.22990288734436035,0.3867076758654241,0.6011821806430817,0.042651208439177364
0.5043376649264246,1.0821717183692598,67.7,13.03900271985926,350.3,-0.2120195209980011,0.33720496347026585,0.6066271901130676,0.04328079269652073
0.5236307121096896,1.0821717183692598,60.6,12.046916146270037,357.4,-0.14588805437088012,0.18842555747485687,0.6133336246013641,0.0412661885033043
0.5429237592929544,1.0821717183692598,56.4,13.022203107614985,361.6,-0.16762372851371765,0.21972067225559358,0.6167330265045166,0.03951185034762475
0.5622168064762194,1.0821717183692598,47.3,17.958640589035962,370.7,-317.1847791552544,717.150803352597,0.6221983730792999,0.03525255335699347
0.5815098536594843,1.0821717183692598,36.8,16.574750730587777,381.2,-4.145903688669205,6.659510383502331,0.6209018528461456,0.037372886865494365
0.6008029008427492,1.0821717183692598,30.5,15.465428805130454,387.5,-2.6416985213756563,4.753711313771523,0.6250252664089203,0.03650474365081603
0.6200959480260141,1.0821717183692598,25.1,16.25835573086443,392.9,-4.683455163240433,6.99431168259575,0.6286077558994293,0.03688083832678335
0.6393889952092789,1.0821717183692598,15.3,15.516082312735737,402.7,-0.05936561226844787,0.07773468351687671,0.6345205962657928,0.0380153462577847
0.6586820423925439,1.0821717183692598,12.9,14.808828677925668,405.1,-13026.322037947179,29467.422345378654,0.6355319321155548,0.03842606724629893
0.6779750895758088,1.0821717183692598,8.0,10.64256194024133,410.0,-277.41010041236876,625.5876715623634,0.6347167074680329,0.036692505369581095
0.6972681367590737,1.0821717183692598,4.9,7.483376368478617,413.1,-0.018658542633056642,0.03451399473273375,0.6369041562080383,0.03657157556136004
0.7165611839423386,1.0821717183692598,3.3,5.002386040083351,414.7,-0.015578782558441162,0.03443724845519183,0.6353443145751954,0.03614029291017958
0.7358542311256036,1.0821717183692598,1.8,4.071882893137379,416.2,-0.015255701541900635,0.03451079451737485,0.6345939099788666,0.03606899377501927
0.7551472783088684,1.0821717183692598,0.2,0.4524314325708198,417.8,-0.07954103946685791,0.17993433217081323,0.6361937820911407,0.03569691951916984
0.002718438161537051,1.1199978482836535,369.3,8.832718743343621,48.69999999999999,0.6426191449165344,0.0367120734993358,0.34314862489700315,0.10555577824808207
0.02201148534480196,1.1199978482836535,350.2,8.727484553889413,67.80000000000001,0.6528345584869385,0.03478102373991508,0.32376019954681395,0.07771412110648461
0.041304532528066866,1.1199978482836535,310.3,18.153879746399898,107.69999999999999,0.675547045469284,0.04236339338722574,0.34012492299079894,0.07629365880556385
0.06059757971133177,1.1199978482836535,272.4,23.173343843533644,145.60000000000002,0.6956906080245971,0.046712608228293706,0.3350705862045288,0.07407755821474796
0.07989062689459668,1.1199978482836535,240.6,29.986645060346333,177.4,0.7185909807682037,0.05551847667882444,0.365739119052887,0.10443445026602946
0.09918367407786159,1.1199978482836535,209.0,35.13107334117752,209.0,0.7243344902992248,0.06833146530580948,0.41711185574531556,0.10108649617647263
0.11847672126112649,1.1199978482836535,187.6,37.65161093444766,230.4,0.7191933453083038,0.10287638406548497,0.4386058270931244,0.09373405375377966
0.1377697684443914,1.1199978482836535,169.3,34.17122158586592,248.7,0.6771900475025177,0.16679647120463365,0.4695882499217987,0.09489024073327283
0.1570628156276563,1.1199978482836535,151.6,36.425023327872836,266.4,0.6486240565776825,0.1692583234995103,0.5180792391300202,0.07697784631702777
0.17635586281092122,1.1199978482836535,132.4,35.33956435763964,285.6,0.5775488615036011,0.23331773470280487,0.5363829791545868,0.07408403615020534
0.19564890999418613,1.1199978482836535,118.0,26.827738539472076,300.0,0.48577171564102173,0.2980749912212852,0.5449421107769012,0.07089506071471015
0.21494195717745104,1.1199978482836535,107.7,20.7605563131279,310.3,0.3990411400794983,0.320243525087395,0.5598973274230957,0.06176513019111654
0.23423500436071593,1.1199978482836535,101.4,21.477127611828063,316.6,0.0839972198009491,0.4486238681757722,0.5751225531101227,0.051313383824904565
0.25352805154398084,1.1199978482836535,97.8,22.151179291947393,320.2,-0.17443307042121886,0.3096268600366419,0.5801481544971466,0.052145206309434936
0.27282109872724575,1.1199978482836535,97.5,22.015876329131334,320.5,-0.17392629981040955,0.3086434533939427,0.5806614756584167,0.0520639279679933
0.29211414591051066,1.1199978482836535,91.0,19.439347704459493,327.0,-0.1963329017162323,0.3108796864768895,0.5863375306129456,0.05154656798299789
0.31140719309377557,1.1199978482836535,88.5,19.28148964394856,329.5,-0.26412442326545715,0.45871185203259746,0.5879880368709565,0.04731745317618197
0.3307002402770405,1.1199978482836535,85.0,17.395581644245222,333.0,-0.2621448993682861,0.4594860772554285,0.5892808020114899,0.04657259796443473
0.3499932874603054,1.1199978482836535,83.1,17.21305232244544,334.9,-0.2775732040405273,0.4965480815003438,0.5916340827941895,0.04654890011760144
0.3692863346435703,1.1199978482836535,80.2,15.755184373044438,337.8,-0.27990059852600097,0.4951285129864376,0.5928411066532135,0.04556618991984323
0.3885793818268352,1.1199978482836535,77.8,13.960358996876375,340.2,-0.2785161852836609,0.4947421431545925,0.5960304260253906,0.046495563768278875
0.4078724290101001,1.1199978482836535,77.7,13.896062358141565,340.3,-0.27842110991477964,0.49477466568059986,0.5961371243000031,0.0465556647285134
0.42716547619336503,1.1199978482836535,77.3,13.871490008554666,340.7,-0.28078524470329286,0.49408693213010973,0.5959082245826721,0.04672115491176068
0.44645852337662995,1.1199978482836535,76.9,13.658343040927777,341.1,-0.28066039085388184,0.49411039816431246,0.5958476841449738,0.04670477054790091
0.4657515705598948,1.1199978482836535,76.6,13.341400969328884,341.4,-0.2794347763061523,0.4945255525960397,0.5938193500041962,0.04577651109506076
0.4850446177431597,1.1199978482836535,71.6,13.400934513442435,346.4,-0.22990288734436035,0.3867076758654241,0.6011821806430817,0.042651208439177364
0.5043376649264246,1.1199978482836535,67.7,13.03900271985926,350.3,-0.2120195209980011,0.33720496347026585,0.6066271901130676,0.04328079269652073
0.5236307121096896,1.1199978482836535,60.6,12.046916146270037,357.4,-0.14588805437088012,0.18842555747485687,0.6133336246013641,0.0412661885033043
0.5429237592929544,1.1199978482836535,56.4,13.022203107614985,361.6,-0.16762372851371765,0.21972067225559358,0.6167330265045166,0.03951185034762475
0.5622168064762194,1.1199978482836535,47.3,17.958640589035962,370.7,-317.1847791552544,717.150803352597,0.6221983730792999,0.03525255335699347
0.5815098536594843,1.1199978482836535,36.8,16.574750730587777,381.2,-4.145903688669205,6.659510383502331,0.6209018528461456,0.037372886865494365
0.6008029008427492,1.1199978482836535,30.5,15.465428805130454,387.5,-2.6416985213756563,4.753711313771523,0.6250252664089203,0.03650474365081603
0.6200959480260141,1.1199978482836535,25.1,16.25835573086443,392.9,-4.683455163240433,6.99431168259575,0.6286077558994293,0.03688083832678335
0.6393889952092789,1.1199978482836535,15.3,15.516082312735737,402.7,-0.05936561226844787,0.07773468351687671,0.6345205962657928,0.0380153462577847
0.6586820423925439,1.1199978482836535,12.9,14.808828677925668,405.1,-13026.322037947179,29467.422345378654,0.6355319321155548,0.03842606724629893
0.6779750895758088,1.1199978482836535,8.0,10.64256194024133,410.0,-277.41010041236876,625.5876715623634,0.6347167074680329,0.036692505369581095
0.6972681367590737,1.1199978482836535,4.9,7.483376368478617,413.1,-0.018658542633056642,0.03451399473273375,0.6369041562080383,0.03657157556136004
0.7165611839423386,1.1199978482836535,3.3,5.002386040083351,414.7,-0.015578782558441162,0.03443724845519183,0.6353443145751954,0.03614029291017958
0.7358542311256036,1.1199978482836535,1.8,4.071882893137379,416.2,-0.015255701541900635,0.03451079451737485,0.6345939099788666,0.03606899377501927
0.7551472783088684,1.1199978482836535,0.2,0.4524314325708198,417.8,-0.07954103946685791,0.17993433217081323,0.6361937820911407,0.03569691951916984
0.002718438161537051,1.157823978198047,382.7,6.651494358761032,35.30000000000001,0.6448325395584107,0.037463114108680536,0.3293703138828278,0.07019312411780118
0.02201148534480196,1.157823978198047,362.5,6.329100882474899,55.5,0.6562347769737243,0.03633964506807152,0.28725430369377136,0.07376071526187483
0.041304532528066866,1.157823978198047,319.1,17.685542834477697,98.89999999999998,0.6783407032489777,0.04380290189752623,0.31163773536682127,0.07374844201191154
0.06059757971133177,1.157823978198047,278.6,22.182985814180082,139.39999999999998,0.6990341782569885,0.048169219544701256,0.3030493974685669,0.0768315524654435
0.07989062689459668,1.157823978198047,244.8,29.93274565349136,173.2,0.7208675086498261,0.057114900490070133,0.3415555238723755,0.1090233381703973
0.09918367407786159,1.157823978198047,212.5,34.35410046184406,205.5,0.7272270917892456,0.06894429066375476,0.40121846199035643,0.1065463537920065
0.11847672126112649,1.157823978198047,190.2,37.11868354521325,227.8,0.7222855031490326,0.10339882731097995,0.42761359810829164,0.09581401376793038
0.1377697684443914,1.157823978198047,171.7,33.88716799260578,246.3,0.6804974853992463,0.16756896947082786,0.46130205392837526,0.09649691086905685
0.1570628156276563,1.157823978198047,153.7,36.09706352945062,264.3,0.6506899178028107,0.1696443367321058,0.5125622391700745,0.07929797940506401
0.17635586281092122,1.157823978198047,134.1,34.875147104350376,283.9,0.5815443336963654,0.2355675808555695,0.5323108851909637,0.07558933902714324
0.19564890999418613,1.157823978198047,118.7,27.038955992378053,299.3,0.49088406562805176,0.3012117960697917,0.5425347805023193,0.07160156806543598
0.21494195717745104,1.157823978198047,108.3,21.159333437676267,309.7,0.4079576790332794,0.3262492575300609,0.5579670965671539,0.062021392206637584
0.23423500436071593,1.157823978198047,101.5,21.48520079977713,316.5,0.09346511960029602,0.4511218687044832,0.5750267207622528,0.051393171315822585
0.25352805154398084,1.157823978198047,97.8,22.151179291947393,320.2,-0.17443307042121886,0.3096268600366419,0.5801481544971466,0.052145206309434936
0.27282109872724575,1.157823978198047,97.5,22.015876329131334,320.5,-0.17392629981040955,0.3086434533939427,0.5806614756584167,0.0520639279679933
0.29211414591051066,1.157823978198047,91.0,19.439347704459493,327.0,-0.1963329017162323,0.3108796864768895,0.5863375306129456,0.05154656798299789
0.31140719309377557,1.157823978198047,88.5,19.28148964394856,329.5,-0.26412442326545715,0.45871185203259746,0.5879880368709565,0.04731745317618197
0.3307002402770405,1.157823978198047,85.0,17.395581644245222,333.0,-0.2621448993682861,0.4594860772554285,0.5892808020114899,0.04657259796443473
0.3499932874603054,1.157823978198047,83.1,17.21305232244544,334.9,-0.2775732040405273,0.4965480815003438,0.5916340827941895,0.04654890011760144
0.3692863346435703,1.157823978198047,80.2,15.755184373044438,337.8,-0.27990059852600097,0.4951285129864376,0.5928411066532135,0.04556618991984323
0.3885793818268352,1.157823978198047,77.8,13.960358996876375,340.2,-0.2785161852836609,0.4947421431545925,0.5960304260253906,0.046495563768278875
0.4078724290101001,1.157823978198047,77.7,13.896062358141565,340.3,-0.27842110991477964,0.49477466568059986,0.5961371243000031,0.0465556647285134
0.42716547619336503,1.157823978198047,77.3,13.871490008554666,340.7,-0.28078524470329286,0.49408693213010973,0.5959082245826721,0.04672115491176068
0.44645852337662995,1.157823978198047,76.9,13.658343040927777,341.1,-0.28066039085388184,0.49411039816431246,0.5958476841449738,0.04670477054790091
0.4657515705598948,1.157823978198047,76.6,13.341400969328884,341.4,-0.2794347763061523,0.4945255525960397,0.5938193500041962,0.04577651109506076
0.4850446177431597,1.157823978198047,71.6,13.400934513442435,346.4,-0.22990288734436035,0.3867076758654241,0.6011821806430817,0.042651208439177364
0.5043376649264246,1.157823978198047,67.7,13.03900271985926,350.3,-0.2120195209980011,0.33720496347026585,0.6066271901130676,0.04328079269652073
0.5236307121096896,1.157823978198047,60.6,12.046916146270037,357.4,-0.14588805437088012,0.18842555747485687,0.6133336246013641,0.0412661885033043
0.5429237592929544,1.157823978198047,56.4,13.022203107614985,361.6,-0.16762372851371765,0.21972067225559358,0.6167330265045166,0.03951185034762475
0.5622168064762194,1.157823978198047,47.3,17.958640589035962,370.7,-317.1847791552544,717.150803352597,0.6221983730792999,0.03525255335699347
0.5815098536594843,1.157823978198047,36.8,16.574750730587777,381.2,-4.145903688669205,6.659510383502331,0.6209018528461456,0.037372886865494365
0.6008029008427492,1.157823978198047,30.5,15.465428805130454,387.5,-2.6416985213756563,4.753711313771523,0.6250252664089203,0.03650474365081603
0.6200959480260141,1.157823978198047,25.1,16.25835573086443,392.9,-4.683455163240433,6.99431168259575,0.6286077558994293,0.03688083832678335
0.6393889952092789,1.157823978198047,15.3,15.516082312735737,402.7,-0.05936561226844787,0.07773468351687671,0.6345205962657928,0.0380153462577847
0.6586820423925439,1.157823978198047,12.9,14.808828677925668,405.1,-13026.322037947179,29467.422345378654,0.6355319321155548,0.03842606724629893
0.6779750895758088,1.157823978198047,8.0,10.64256194024133,410.0,-277.41010041236876,625.5876715623634,0.6347167074680329,0.036692505369581095
0.6972681367590737,1.157823978198047,4.9,7.483376368478617,413.1,-0.018658542633056642,0.03451399473273375,0.6369041562080383,0.03657157556136004
0.7165611839423386,1.157823978198047,3.3,5.002386040083351,414.7,-0.015578782558441162,0.03443724845519183,0.6353443145751954,0.03614029291017958
0.7358542311256036,1.157823978198047,1.8,4.071882893137379,416.2,-0.015255701541900635,0.03451079451737485,0.6345939099788666,0.03606899377501927
0.7551472783088684,1.157823978198047,0.2,0.4524314325708198,417.8,-0.07954103946685791,0.17993433217081323,0.6361937820911407,0.03569691951916984
0.002718438161537051,1.1956501081124409,390.1,7.7447457605276755,27.899999999999977,0.6467999577522278,0.03660475745009481,0.2653377175331116,0.1047504284924794
0.02201148534480196,1.1956501081124409,368.6,5.704943293961422,49.39999999999998,0.6573489367961883,0.03504886190473317,0.22639865279197693,0.10597866093681788
0.041304532528066866,1.1956501081124409,324.7,17.16210644545608,93.30000000000001,0.6792184054851532,0.04269256004087555,0.2766631007194519,0.08323779065560379
0.06059757971133177,1.1956501081124409,282.4,21.666905143602555,135.60000000000002,0.7006075739860534,0.04804446538703777,0.2819144308567047,0.08448142913529598
0.07989062689459668,1.1956501081124409,248.0,29.18874359926183,170.0,0.7214519739151001,0.05745780262051264,0.3252479076385498,0.11610235461079116
0.09918367407786159,1.1956501081124409,214.9,33.9615853309021,203.1,0.7278810143470764,0.06891704409425592,0.38686609268188477,0.11594320694134726
0.11847672126112649,1.1956501081124409,192.5,36.830268388337,225.5,0.7228993892669677,0.10336464178711013,0.41614983081817625,0.10365780246788038
0.1377697684443914,1.1956501081124409,173.6,33.756290233942075,244.4,0.6813257038593292,0.1677845530971768,0.45267549753189085,0.10168942492992225
0.1570628156276563,1.1956501081124409,155.5,35.909444136207966,262.5,0.6523342132568359,0.16972350727465285,0.5072513461112976,0.08286209943601747
0.17635586281092122,1.1956501081124409,135.3,34.38520227881143,282.7,0.5817072212696075,0.23568032418108767,0.5295298635959625,0.07740629473895516
0.19564890999418613,1.1956501081124409,119.9,26.31513193080156,298.1,0.492340499162674,0.30210111067045664,0.5404910087585449,0.07263740567470321
0.21494195717745104,1.1956501081124409,108.9,20.77534069598111,309.1,0.40860633850097655,0.32670109498620076,0.5573929369449615,0.062178960346297885
0.23423500436071593,1.1956501081124409,102.1,21.15234554665423,315.9,0.09355719089508056,0.45121136952499147,0.5745008051395416,0.05169526815946048
0.25352805154398084,1.1956501081124409,98.4,21.714090368091675,319.6,-0.09682795405387878,0.3665629514327564,0.5797880232334137,0.05225814447616691
0.27282109872724575,1.1956501081124409,97.5,22.015876329131334,320.5,-0.17392629981040955,0.3086434533939427,0.5806614756584167,0.0520639279679933
0.29211414591051066,1.1956501081124409,91.0,19.439347704459493,327.0,-0.1963329017162323,0.3108796864768895,0.5863375306129456,0.05154656798299789
0.31140719309377557,1.1956501081124409,88.5,19.28148964394856,329.5,-0.26412442326545715,0.45871185203259746,0.5879880368709565,0.04731745317618197
0.3307002402770405,1.1956501081124409,85.0,17.395581644245222,333.0,-0.2621448993682861,0.4594860772554285,0.5892808020114899,0.04657259796443473
0.3499932874603054,1.1956501081124409,83.1,17.21305232244544,334.9,-0.2775732040405273,0.4965480815003438,0.5916340827941895,0.04654890011760144
0.3692863346435703,1.1956501081124409,80.2,15.755184373044438,337.8,-0.27990059852600097,0.4951285129864376,0.5928411066532135,0.04556618991984323
0.3885793818268352,1.1956501081124409,77.8,13.960358996876375,340.2,-0.2785161852836609,0.4947421431545925,0.5960304260253906,0.046495563768278875
0.4078724290101001,1.1956501081124409,77.7,13.896062358141565,340.3,-0.27842110991477964,0.49477466568059986,0.5961371243000031,0.0465556647285134
0.42716547619336503,1.1956501081124409,77.3,13.871490008554666,340.7,-0.28078524470329286,0.49408693213010973,0.5959082245826721,0.04672115491176068
0.44645852337662995,1.1956501081124409,76.9,13.658343040927777,341.1,-0.28066039085388184,0.49411039816431246,0.5958476841449738,0.04670477054790091
0.4657515705598948,1.1956501081124409,76.6,13.341400969328884,341.4,-0.2794347763061523,0.4945255525960397,0.5938193500041962,0.04577651109506076
0.4850446177431597,1.1956501081124409,71.6,13.400934513442435,346.4,-0.22990288734436035,0.3867076758654241,0.6011821806430817,0.042651208439177364
0.5043376649264246,1.1956501081124409,67.7,13.03900271985926,350.3,-0.2120195209980011,0.33720496347026585,0.6066271901130676,0.04328079269652073
0.5236307121096896,1.1956501081124409,60.6,12.046916146270037,357.4,-0.14588805437088012,0.18842555747485687,0.6133336246013641,0.0412661885033043
0.5429237592929544,1.1956501081124409,56.4,13.022203107614985,361.6,-0.16762372851371765,0.21972067225559358,0.6167330265045166,0.03951185034762475
0.5622168064762194,1.1956501081124409,47.3,17.958640589035962,370.7,-317.1847791552544,717.150803352597,0.6221983730792999,0.03525255335699347
0.5815098536594843,1.1956501081124409,36.8,16.574750730587777,381.2,-4.145903688669205,6.659510383502331,0.6209018528461456,0.037372886865494365
0.6008029008427492,1.1956501081124409,30.5,15.465428805130454,387.5,-2.6416985213756563,4.753711313771523,0.6250252664089203,0.03650474365081603
0.6200959480260141,1.1956501081124409,25.1,16.25835573086443,392.9,-4.683455163240433,6.99431168259575,0.6286077558994293,0.03688083832678335
0.6393889952092789,1.1956501081124409,15.3,15.516082312735737,402.7,-0.05936561226844787,0.07773468351687671,0.6345205962657928,0.0380153462577847
0.6586820423925439,1.1956501081124409,12.9,14.808828677925668,405.1,-13026.322037947179,29467.422345378654,0.6355319321155548,0.03842606724629893
0.6779750895758088,1.1956501081124409,8.0,10.64256194024133,410.0,-277.41010041236876,625.5876715623634,0.6347167074680329,0.036692505369581095
0.6972681367590737,1.1956501081124409,4.9,7.483376368478617,413.1,-0.018658542633056642,0.03451399473273375,0.6369041562080383,0.03657157556136004
0.7165611839423386,1.1956501081124409,3.3,5.002386040083351,414.7,-0.015578782558441162,0.03443724845519183,0.6353443145751954,0.03614029291017958
0.7358542311256036,1.1956501081124409,1.8,4.071882893137379,416.2,-0.015255701541900635,0.03451079451737485,0.6345939099788666,0.03606899377501927
0.7551472783088684,1.1956501081124409,0.2,0.4524314325708198,417.8,-0.07954103946685791,0.17993433217081323,0.6361937820911407,0.03569691951916984
0.002718438161537051,1.2334762380268345,396.1,4.868749910031188,21.899999999999977,0.6461249709129333,0.03490075238238117,0.20946377515792847,0.17359321154825863
0.02201148534480196,1.2334762380268345,373.8,4.289491147665033,44.19999999999999,0.656786835193634,0.032650789426121235,0.21717828512191772,0.08836005959360083
0.041304532528066866,1.2334762380268345,329.0,15.647268400878145,89.0,0.6783383607864379,0.04003545629399571,0.27071046829223633,0.07255012005320698
0.06059757971133177,1.2334762380268345,284.9,21.230157162490425,133.10000000000002,0.7010287046432495,0.04595248440251443,0.27871744632720946,0.08256168013952891
0.07989062689459668,1.2334762380268345,250.2,28.67739648108158,167.8,0.7222095191478729,0.05612853805019138,0.3248292803764343,0.11858764893666104
0.09918367407786159,1.2334762380268345,216.5,33.54516270979103,201.5,0.7304650723934174,0.06824903879467034,0.3851278483867645,0.11647320038327964
0.11847672126112649,1.2334762380268345,194.1,36.33163379407778,223.9,0.7275730609893799,0.10294525838537026,0.4150021016597748,0.10336978063494745
0.1377697684443914,1.2334762380268345,174.9,33.35000749551968,243.1,0.6902521431446076,0.1683524010919223,0.45056400299072263,0.10173178830304291
0.1570628156276563,1.2334762380268345,155.7,35.885368179266216,262.3,0.654776418209076,0.1698455031857329,0.5070690810680389,0.08300454387536105
0.17635586281092122,1.2334762380268345,135.5,34.40041206963661,282.5,0.583935409784317,0.23637674974362283,0.5293344378471374,0.07760363306904708
0.19564890999418613,1.2334762380268345,120.0,26.34223494682457,298.0,0.4932981252670288,0.302521785397445,0.5404446959495545,0.07268754824936607
0.21494195717745104,1.2334762380268345,108.9,20.77534069598111,309.1,0.40860633850097655,0.32670109498620076,0.5573929369449615,0.062178960346297885
0.23423500436071593,1.2334762380268345,102.1,21.15234554665423,315.9,0.09355719089508056,0.45121136952499147,0.5745008051395416,0.05169526815946048
0.25352805154398084,1.2334762380268345,98.4,21.714090368091675,319.6,-0.09682795405387878,0.3665629514327564,0.5797880232334137,0.05225814447616691
0.27282109872724575,1.2334762380268345,97.5,22.015876329131334,320.5,-0.17392629981040955,0.3086434533939427,0.5806614756584167,0.0520639279679933
0.29211414591051066,1.2334762380268345,91.0,19.439347704459493,327.0,-0.1963329017162323,0.3108796864768895,0.5863375306129456,0.05154656798299789
0.31140719309377557,1.2334762380268345,88.5,19.28148964394856,329.5,-0.26412442326545715,0.45871185203259746,0.5879880368709565,0.04731745317618197
0.3307002402770405,1.2334762380268345,85.0,17.395581644245222,333.0,-0.2621448993682861,0.4594860772554285,0.5892808020114899,0.04657259796443473
0.3499932874603054,1.2334762380268345,83.1,17.21305232244544,334.9,-0.2775732040405273,0.4965480815003438,0.5916340827941895,0.04654890011760144
0.3692863346435703,1.2334762380268345,80.2,15.755184373044438,337.8,-0.27990059852600097,0.4951285129864376,0.5928411066532135,0.04556618991984323
0.3885793818268352,1.2334762380268345,77.8,13.960358996876375,340.2,-0.2785161852836609,0.4947421431545925,0.5960304260253906,0.046495563768278875
0.4078724290101001,1.2334762380268345,77.7,13.896062358141565,340.3,-0.27842110991477964,0.49477466568059986,0.5961371243000031,0.0465556647285134
0.42716547619336503,1.2334762380268345,77.3,13.871490008554666,340.7,-0.28078524470329286,0.49408693213010973,0.5959082245826721,0.04672115491176068
0.44645852337662995,1.2334762380268345,76.9,13.658343040927777,341.1,-0.28066039085388184,0.49411039816431246,0.5958476841449738,0.04670477054790091
0.4657515705598948,1.2334762380268345,76.6,13.341400969328884,341.4,-0.2794347763061523,0.4945255525960397,0.5938193500041962,0.04577651109506076
0.4850446177431597,1.2334762380268345,71.6,13.400934513442435,346.4,-0.22990288734436035,0.3867076758654241,0.6011821806430817,0.042651208439177364
0.5043376649264246,1.2334762380268345,67.7,13.03900271985926,350.3,-0.2120195209980011,0.33720496347026585,0.6066271901130676,0.04328079269652073
0.5236307121096896,1.2334762380268345,60.6,12.046916146270037,357.4,-0.14588805437088012,0.18842555747485687,0.6133336246013641,0.0412661885033043
0.5429237592929544,1.2334762380268345,56.4,13.022203107614985,361.6,-0.16762372851371765,0.21972067225559358,0.6167330265045166,0.03951185034762475
0.5622168064762194,1.2334762380268345,47.3,17.958640589035962,370.7,-317.1847791552544,717.150803352597,0.6221983730792999,0.03525255335699347
0.5815098536594843,1.2334762380268345,36.8,16.574750730587777,381.2,-4.145903688669205,6.659510383502331,0.6209018528461456,0.037372886865494365
0.6008029008427492,1.2334762380268345,30.5,15.465428805130454,387.5,-2.6416985213756563,4.753711313771523,0.6250252664089203,0.03650474365081603
0.6200959480260141,1.2334762380268345,25.1,16.25835573086443,392.9,-4.683455163240433,6.99431168259575,0.6286077558994293,0.03688083832678335
0.6393889952092789,1.2334762380268345,15.3,15.516082312735737,402.7,-0.05936561226844787,0.07773468351687671,0.6345205962657928,0.0380153462577847
0.6586820423925439,1.2334762380268345,12.9,14.808828677925668,405.1,-13026.322037947179,29467.422345378654,0.6355319321155548,0.03842606724629893
0.6779750895758088,1.2334762380268345,8.0,10.64256194024133,410.0,-277.41010041236876,625.5876715623634,0.6347167074680329,0.036692505369581095
0.6972681367590737,1.2334762380268345,4.9,7.483376368478617,413.1,-0.018658542633056642,0.03451399473273375,0.6369041562080383,0.03657157556136004
0.7165611839423386,1.2334762380268345,3.3,5.002386040083351,414.7,-0.015578782558441162,0.03443724845519183,0.6353443145751954,0.03614029291017958
0.7358542311256036,1.2334762380268345,1.8,4.071882893137379,416.2,-0.015255701541900635,0.03451079451737485,0.6345939099788666,0.03606899377501927
0.7551472783088684,1.2334762380268345,0.2,0.4524314325708198,417.8,-0.07954103946685791,0.17993433217081323,0.6361937820911407,0.03569691951916984
0.002718438161537051,1.271302367941228,403.3,5.928309805692558,14.699999999999989,0.6443714439868927,0.03601105492791543,0.14804890155792236,0.2153343568769594
0.02201148534480196,1.271302367941228,380.2,4.65806669390606,37.80000000000001,0.6549426555633545,0.03383506871703766,0.17064884305000305,0.11792122821481615
0.041304532528066866,1.271302367941228,333.4,15.53860296775794,84.60000000000002,0.6767727613449097,0.0412210513149731,0.24845418930053711,0.08661698577489253
0.06059757971133177,1.271302367941228,288.6,21.016834736519556,129.39999999999998,0.7000634729862213,0.04637623636831806,0.2652421832084656,0.0842651322360276
0.07989062689459668,1.271302367941228,252.3,28.578585490723448,165.7,0.7224663138389588,0.055972461726045176,0.3163901209831238,0.12021723321458637
0.09918367407786159,1.271302367941228,217.9,33.435145430877725,200.1,0.7304753303527832,0.06789886842501884,0.38120572566986083,0.1193486531570704
0.11847672126112649,1.271302367941228,195.3,36.17102139116277,222.7,0.7273446023464203,0.102287660646285,0.4132627010345459,0.10532211122826993
0.1377697684443914,1.271302367941228,176.1,33.380682167430315,241.9,0.690138429403305,0.16798114222573282,0.4489944398403168,0.10365282629128036
0.1570628156276563,1.271302367941228,156.6,35.73317342678591,261.4,0.6538837432861329,0.16938463599226328,0.5072908103466034,0.08269373088632104
0.17635586281092122,1.271302367941228,136.4,34.004669421345625,281.6,0.5822464108467102,0.23507832982342097,0.5295318603515625,0.0773261971858002
0.19564890999418613,1.271302367941228,120.2,26.24665620921601,297.8,0.49087661504745483,0.30048034091433323,0.5413733899593354,0.07127766868612932
0.21494195717745104,1.271302367941228,108.9,20.77534069598111,309.1,0.40860633850097655,0.32670109498620076,0.5573929369449615,0.062178960346297885
0.23423500436071593,1.271302367941228,102.1,21.15234554665423,315.9,0.09355719089508056,0.45121136952499147,0.5745008051395416,0.05169526815946048
0.25352805154398084,1.271302367941228,98.4,21.714090368091675,319.6,-0.09682795405387878,0.3665629514327564,0.5797880232334137,0.05225814447616691
0.27282109872724575,1.271302367941228,97.5,22.015876329131334,320.5,-0.17392629981040955,0.3086434533939427,0.5806614756584167,0.0520639279679933
0.29211414591051066,1.271302367941228,91.0,19.439347704459493,327.0,-0.1963329017162323,0.3108796864768895,0.5863375306129456,0.05154656798299789
0.31140719309377557,1.271302367941228,88.5,19.28148964394856,329.5,-0.26412442326545715,0.45871185203259746,0.5879880368709565,0.04731745317618197
0.3307002402770405,1.271302367941228,85.0,17.395581644245222,333.0,-0.2621448993682861,0.4594860772554285,0.5892808020114899,0.04657259796443473
0.3499932874603054,1.271302367941228,83.1,17.21305232244544,334.9,-0.2775732040405273,0.4965480815003438,0.5916340827941895,0.04654890011760144
0.3692863346435703,1.271302367941228,80.2,15.755184373044438,337.8,-0.27990059852600097,0.4951285129864376,0.5928411066532135,0.04556618991984323
0.3885793818268352,1.271302367941228,77.8,13.960358996876375,340.2,-0.2785161852836609,0.4947421431545925,0.5960304260253906,0.046495563768278875
0.4078724290101001,1.271302367941228,77.7,13.896062358141565,340.3,-0.27842110991477964,0.49477466568059986,0.5961371243000031,0.0465556647285134
0.42716547619336503,1.271302367941228,77.3,13.871490008554666,340.7,-0.28078524470329286,0.49408693213010973,0.5959082245826721,0.04672115491176068
0.44645852337662995,1.271302367941228,76.9,13.658343040927777,341.1,-0.28066039085388184,0.49411039816431246,0.5958476841449738,0.04670477054790091
0.4657515705598948,1.271302367941228,76.6,13.341400969328884,341.4,-0.2794347763061523,0.4945255525960397,0.5938193500041962,0.04577651109506076
0.4850446177431597,1.271302367941228,71.6,13.400934513442435,346.4,-0.22990288734436035,0.3867076758654241,0.6011821806430817,0.042651208439177364
0.5043376649264246,1.271302367941228,67.7,13.03900271985926,350.3,-0.2120195209980011,0.33720496347026585,0.6066271901130676,0.04328079269652073
0.5236307121096896,1.271302367941228,60.6,12.046916146270037,357.4,-0.14588805437088012,0.18842555747485687,0.6133336246013641,0.0412661885033043
0.5429237592929544,1.271302367941228,56.4,13.022203107614985,361.6,-0.16762372851371765,0.21972067225559358,0.6167330265045166,0.03951185034762475
0.5622168064762194,1.271302367941228,47.3,17.958640589035962,370.7,-317.1847791552544,717.150803352597,0.6221983730792999,0.03525255335699347
0.5815098536594843,1.271302367941228,36.8,16.574750730587777,381.2,-4.145903688669205,6.659510383502331,0.6209018528461456,0.037372886865494365
0.6008029008427492,1.271302367941228,30.5,15.465428805130454,387.5,-2.6416985213756563,4.753711313771523,0.6250252664089203,0.03650474365081603
0.6200959480260141,1.271302367941228,25.1,16.25835573086443,392.9,-4.683455163240433,6.99431168259575,0.6286077558994293,0.03688083832678335
0.6393889952092789,1.271302367941228,15.3,15.516082312735737,402.7,-0.05936561226844787,0.07773468351687671,0.6345205962657928,0.0380153462577847
0.6586820423925439,1.271302367941228,12.9,14.808828677925668,405.1,-13026.322037947179,29467.422345378654,0.6355319321155548,0.03842606724629893
0.6779750895758088,1.271302367941228,8.0,10.64256194024133,410.0,-277.41010041236876,625.5876715623634,0.6347167074680329,0.036692505369581095
0.6972681367590737,1.271302367941228,4.9,7.483376368478617,413.1,-0.018658542633056642,0.03451399473273375,0.6369041562080383,0.03657157556136004
0.7165611839423386,1.271302367941228,3.3,5.002386040083351,414.7,-0.015578782558441162,0.03443724845519183,0.6353443145751954,0.03614029291017958
0.7358542311256036,1.271302367941228,1.8,4.071882893137379,416.2,-0.015255701541900635,0.03451079451737485,0.6345939099788666,0.03606899377501927
0.7551472783088684,1.271302367941228,0.2,0.4524314325708198,417.8,-0.07954103946685791,0.17993433217081323,0.6361937820911407,0.03569691951916984
0.002718438161537051,1.3091284978556217,407.9,5.566214308514913,10.100000000000023,0.6419234693050384,0.036556211984066056,0.019650763273239134,0.25766402790975496
0.02201148534480196,1.3091284978556217,384.8,5.680972837969269,33.19999999999999,0.652392041683197,0.034668914679109424,0.13093099594116211,0.15651318521740604
0.041304532528066866,1.3091284978556217,336.6,16.060430793864686,81.39999999999998,0.6752728343009948,0.042015278170876844,0.23752188682556152,0.09386314892229038
0.06059757971133177,1.3091284978556217,290.6,21.37894776247258,127.39999999999998,0.6999230802059173,0.04634970530498392,0.2527550637722015,0.08465108984331333
0.07989062689459668,1.3091284978556217,253.1,29.12136263004937,164.9,0.7214731931686401,0.056439614035458996,0.3106257259845734,0.12101126263050523
0.09918367407786159,1.3091284978556217,218.3,33.59394362746363,199.7,0.7297621726989746,0.06871196609425982,0.3812737464904785,0.11939052069018193
0.11847672126112649,1.3091284978556217,195.5,36.10997772437087,222.5,0.7272627115249634,0.10223076339156208,0.413195276260376,0.10530309023530772
0.1377697684443914,1.3091284978556217,176.3,33.25371029395526,241.7,0.6900390207767486,0.16791836274656932,0.4489717185497284,0.10364427734257439
0.1570628156276563,1.3091284978556217,156.6,35.73317342678591,261.4,0.6538837432861329,0.16938463599226328,0.5072908103466034,0.08269373088632104
0.17635586281092122,1.3091284978556217,136.4,34.004669421345625,281.6,0.5822464108467102,0.23507832982342097,0.5295318603515625,0.0773261971858002
0.19564890999418613,1.3091284978556217,120.2,26.24665620921601,297.8,0.49087661504745483,0.30048034091433323,0.5413733899593354,0.07127766868612932
0.21494195717745104,1.3091284978556217,108.9,20.77534069598111,309.1,0.40860633850097655,0.32670109498620076,0.5573929369449615,0.062178960346297885
0.23423500436071593,1.3091284978556217,102.1,21.15234554665423,315.9,0.09355719089508056,0.45121136952499147,0.5745008051395416,0.05169526815946048
0.25352805154398084,1.3091284978556217,98.4,21.714090368091675,319.6,-0.09682795405387878,0.3665629514327564,0.5797880232334137,0.05225814447616691
0.27282109872724575,1.3091284978556217,97.5,22.015876329131334,320.5,-0.17392629981040955,0.3086434533939427,0.5806614756584167,0.0520639279679933
0.29211414591051066,1.3091284978556217,91.0,19.439347704459493,327.0,-0.1963329017162323,0.3108796864768895,0.5863375306129456,0.05154656798299789
0.31140719309377557,1.3091284978556217,88.5,19.28148964394856,329.5,-0.26412442326545715,0.45871185203259746,0.5879880368709565,0.04731745317618197
0.3307002402770405,1.3091284978556217,85.0,17.395581644245222,333.0,-0.2621448993682861,0.4594860772554285,0.5892808020114899,0.04657259796443473
0.3499932874603054,1.3091284978556217,83.1,17.21305232244544,334.9,-0.2775732040405273,0.4965480815003438,0.5916340827941895,0.04654890011760144
0.3692863346435703,1.3091284978556217,80.2,15.755184373044438,337.8,-0.27990059852600097,0.4951285129864376,0.5928411066532135,0.04556618991984323
0.3885793818268352,1.3091284978556217,77.8,13.960358996876375,340.2,-0.2785161852836609,0.4947421431545925,0.5960304260253906,0.046495563768278875
0.4078724290101001,1.3091284978556217,77.7,13.896062358141565,340.3,-0.27842110991477964,0.49477466568059986,0.5961371243000031,0.0465556647285134
0.42716547619336503,1.3091284978556217,77.3,13.871490008554666,340.7,-0.28078524470329286,0.49408693213010973,0.5959082245826721,0.04672115491176068
0.44645852337662995,1.3091284978556217,76.9,13.658343040927777,341.1,-0.28066039085388184,0.49411039816431246,0.5958476841449738,0.04670477054790091
0.4657515705598948,1.3091284978556217,76.6,13.341400969328884,341.4,-0.2794347763061523,0.4945255525960397,0.5938193500041962,0.04577651109506076
0.4850446177431597,1.3091284978556217,71.6,13.400934513442435,346.4,-0.22990288734436035,0.3867076758654241,0.6011821806430817,0.042651208439177364
0.5043376649264246,1.3091284978556217,67.7,13.03900271985926,350.3,-0.2120195209980011,0.33720496347026585,0.6066271901130676,0.04328079269652073
0.5236307121096896,1.3091284978556217,60.6,12.046916146270037,357.4,-0.14588805437088012,0.18842555747485687,0.6133336246013641,0.0412661885033043
0.5429237592929544,1.3091284978556217,56.4,13.022203107614985,361.6,-0.16762372851371765,0.21972067225559358,0.6167330265045166,0.03951185034762475
0.5622168064762194,1.3091284978556217,47.3,17.958640589035962,370.7,-317.1847791552544,717.150803352597,0.6221983730792999,0.03525255335699347
0.5815098536594843,1.3091284978556217,36.8,16.574750730587777,381.2,-4.145903688669205,6.659510383502331,0.6209018528461456,0.037372886865494365
0.6008029008427492,1.3091284978556217,30.5,15.465428805130454,387.5,-2.6416985213756563,4.753711313771523,0.6250252664089203,0.03650474365081603
0.6200959480260141,1.3091284978556217,25.1,16.25835573086443,392.9,-4.683455163240433,6.99431168259575,0.6286077558994293,0.03688083832678335
0.6393889952092789,1.3091284978556217,15.3,15.516082312735737,402.7,-0.05936561226844787,0.07773468351687671,0.6345205962657928,0.0380153462577847
0.6586820423925439,1.3091284978556217,12.9,14.808828677925668,405.1,-13026.322037947179,29467.422345378654,0.6355319321155548,0.03842606724629893
0.6779750895758088,1.3091284978556217,8.0,10.64256194024133,410.0,-277.41010041236876,625.5876715623634,0.6347167074680329,0.036692505369581095
0.6972681367590737,1.3091284978556217,4.9,7.483376368478617,413.1,-0.018658542633056642,0.03451399473273375,0.6369041562080383,0.03657157556136004
0.7165611839423386,1.3091284978556217,3.3,5.002386040083351,414.7,-0.015578782558441162,0.03443724845519183,0.6353443145751954,0.03614029291017958
0.7358542311256036,1.3091284978556217,1.8,4.071882893137379,416.2,-0.015255701541900635,0.03451079451737485,0.6345939099788666,0.03606899377501927
0.7551472783088684,1.3091284978556217,0.2,0.4524314325708198,417.8,-0.07954103946685791,0.17993433217081323,0.6361937820911407,0.03569691951916984
0.002718438161537051,1.3469546277700155,411.5,4.901340519517214,6.5,0.6421470224857331,0.0363282524418329,-0.0623715341091156,0.39303084061341065
0.02201148534480196,1.3469546277700155,388.4,5.397666900400641,29.600000000000023,0.652664041519165,0.03453361219563255,0.09683385491371155,0.15495242846270266
0.041304532528066866,1.3469546277700155,338.1,16.047149000120324,79.89999999999998,0.6751297950744629,0.042203655853994056,0.23269712328910827,0.09548565043416787
0.06059757971133177,1.3469546277700155,290.9,21.26494580648048,127.10000000000002,0.700046283006668,0.04635164392173886,0.25197661519050596,0.0846770175241552
0.07989062689459668,1.3469546277700155,253.3,28.96788207272882,164.7,0.7217392861843109,0.05635712767841734,0.3103271245956421,0.1209257186268538
0.09918367407786159,1.3469546277700155,218.5,33.4194963333968,199.5,0.7300953507423401,0.0685959869370302,0.3810220718383789,0.11931585436892495
0.11847672126112649,1.3469546277700155,195.5,36.10997772437087,222.5,0.7272627115249634,0.10223076339156208,0.413195276260376,0.10530309023530772
0.1377697684443914,1.3469546277700155,176.3,33.25371029395526,241.7,0.6900390207767486,0.16791836274656932,0.4489717185497284,0.10364427734257439
0.1570628156276563,1.3469546277700155,156.6,35.73317342678591,261.4,0.6538837432861329,0.16938463599226328,0.5072908103466034,0.08269373088632104
0.17635586281092122,1.3469546277700155,136.4,34.004669421345625,281.6,0.5822464108467102,0.23507832982342097,0.5295318603515625,0.0773261971858002
0.19564890999418613,1.3469546277700155,120.2,26.24665620921601,297.8,0.49087661504745483,0.30048034091433323,0.5413733899593354,0.07127766868612932
0.21494195717745104,1.3469546277700155,108.9,20.77534069598111,309.1,0.40860633850097655,0.32670109498620076,0.5573929369449615,0.062178960346297885
0.23423500436071593,1.3469546277700155,102.1,21.15234554665423,315.9,0.09355719089508056,0.45121136952499147,0.5745008051395416,0.05169526815946048
0.25352805154398084,1.3469546277700155,98.4,21.714090368091675,319.6,-0.09682795405387878,0.3665629514327564,0.5797880232334137,0.05225814447616691
0.27282109872724575,1.3469546277700155,97.5,22.015876329131334,320.5,-0.17392629981040955,0.3086434533939427,0.5806614756584167,0.0520639279679933
0.29211414591051066,1.3469546277700155,91.0,19.439347704459493,327.0,-0.1963329017162323,0.3108796864768895,0.5863375306129456,0.05154656798299789
0.31140719309377557,1.3469546277700155,88.5,19.28148964394856,329.5,-0.26412442326545715,0.45871185203259746,0.5879880368709565,0.04731745317618197
0.3307002402770405,1.3469546277700155,85.0,17.395581644245222,333.0,-0.2621448993682861,0.4594860772554285,0.5892808020114899,0.04657259796443473
0.3499932874603054,1.3469546277700155,83.1,17.21305232244544,334.9,-0.2775732040405273,0.4965480815003438,0.5916340827941895,0.04654890011760144
0.3692863346435703,1.3469546277700155,80.2,15.755184373044438,337.8,-0.27990059852600097,0.4951285129864376,0.5928411066532135,0.04556618991984323
0.3885793818268352,1.3469546277700155,77.8,13.960358996876375,340.2,-0.2785161852836609,0.4947421431545925,0.5960304260253906,0.046495563768278875
0.4078724290101001,1.3469546277700155,77.7,13.896062358141565,340.3,-0.27842110991477964,0.49477466568059986,0.5961371243000031,0.0465556647285134
0.42716547619336503,1.3469546277700155,77.3,13.871490008554666,340.7,-0.28078524470329286,0.49408693213010973,0.5959082245826721,0.04672115491176068
0.44645852337662995,1.3469546277700155,76.9,13.658343040927777,341.1,-0.28066039085388184,0.49411039816431246,0.5958476841449738,0.04670477054790091
0.4657515705598948,1.3469546277700155,76.6,13.341400969328884,341.4,-0.2794347763061523,0.4945255525960397,0.5938193500041962,0.04577651109506076
0.4850446177431597,1.3469546277700155,71.6,13.400934513442435,346.4,-0.22990288734436035,0.3867076758654241,0.6011821806430817,0.042651208439177364
0.5043376649264246,1.3469546277700155,67.7,13.03900271985926,350.3,-0.2120195209980011,0.33720496347026585,0.6066271901130676,0.04328079269652073
0.5236307121096896,1.3469546277700155,60.6,12.046916146270037,357.4,-0.14588805437088012,0.18842555747485687,0.6133336246013641,0.0412661885033043
0.5429237592929544,1.3469546277700155,56.4,13.022203107614985,361.6,-0.16762372851371765,0.21972067225559358,0.6167330265045166,0.03951185034762475
0.5622168064762194,1.3469546277700155,47.3,17.958640589035962,370.7,-317.1847791552544,717.150803352597,0.6221983730792999,0.03525255335699347
0.5815098536594843,1.3469546277700155,36.8,16.574750730587777,381.2,-4.145903688669205,6.659510383502331,0.6209018528461456,0.037372886865494365
0.6008029008427492,1.3469546277700155,30.5,15.465428805130454,387.5,-2.6416985213756563,4.753711313771523,0.6250252664089203,0.03650474365081603
0.6200959480260141,1.3469546277700155,25.1,16.25835573086443,392.9,-4.683455163240433,6.99431168259575,0.6286077558994293,0.03688083832678335
0.6393889952092789,1.3469546277700155,15.3,15.516082312735737,402.7,-0.05936561226844787,0.07773468351687671,0.6345205962657928,0.0380153462577847
0.6586820423925439,1.3469546277700155,12.9,14.808828677925668,405.1,-13026.322037947179,29467.422345378654,0.6355319321155548,0.03842606724629893
0.6779750895758088,1.3469546277700155,8.0,10.64256194024133,410.0,-277.41010041236876,625.5876715623634,0.6347167074680329,0.036692505369581095
0.6972681367590737,1.3469546277700155,4.9,7.483376368478617,413.1,-0.018658542633056642,0.03451399473273375,0.6369041562080383,0.03657157556136004
0.7165611839423386,1.3469546277700155,3.3,5.002386040083351,414.7,-0.015578782558441162,0.03443724845519183,0.6353443145751954,0.03614029291017958
0.7358542311256036,1.3469546277700155,1.8,4.071882893137379,416.2,-0.015255701541900635,0.03451079451737485,0.6345939099788666,0.03606899377501927
0.7551472783088684,1.3469546277700155,0.2,0.4524314325708198,417.8,-0.07954103946685791,0.17993433217081323,0.6361937820911407,0.03569691951916984
0.002718438161537051,1.3847807576844091,413.0,3.1813505085497455,5.0,0.641541862487793,0.03627936553580763,-0.09373157024383545,0.39241712907192133
0.02201148534480196,1.3847807576844091,389.1,5.452690411266419,28.899999999999977,0.6525944530963897,0.03430177360044712,0.09015772938728332,0.14998163818234486
0.041304532528066866,1.3847807576844091,338.3,16.059899733012625,79.69999999999999,0.6751644253730774,0.04225145944540782,0.23077375292778016,0.09462265382458476
0.06059757971133177,1.3847807576844091,291.1,21.35566356203442,126.89999999999998,0.7000579118728638,0.04649588442830152,0.25119271874427795,0.08439646835331543
0.07989062689459668,1.3847807576844091,253.4,28.893492824592037,164.6,0.7220381259918213,0.05627202288865404,0.30957225561141966,0.12072604709145315
0.09918367407786159,1.3847807576844091,218.6,33.33423314244929,199.4,0.7304678440093995,0.06847591223285651,0.38045662045478823,0.11915784865635291
0.11847672126112649,1.3847807576844091,195.6,36.027925519942094,222.4,0.7277905821800232,0.1020999064766729,0.4127180874347687,0.105192530292009
0.1377697684443914,1.3847807576844091,176.3,33.25371029395526,241.7,0.6900390207767486,0.16791836274656932,0.4489717185497284,0.10364427734257439
0.1570628156276563,1.3847807576844091,156.6,35.73317342678591,261.4,0.6538837432861329,0.16938463599226328,0.5072908103466034,0.08269373088632104
0.17635586281092122,1.3847807576844091,136.4,34.004669421345625,281.6,0.5822464108467102,0.23507832982342097,0.5295318603515625,0.0773261971858002
0.19564890999418613,1.3847807576844091,120.2,26.24665620921601,297.8,0.49087661504745483,0.30048034091433323,0.5413733899593354,0.07127766868612932
0.21494195717745104,1.3847807576844091,108.9,20.77534069598111,309.1,0.40860633850097655,0.32670109498620076,0.5573929369449615,0.062178960346297885
0.23423500436071593,1.3847807576844091,102.1,21.15234554665423,315.9,0.09355719089508056,0.45121136952499147,0.5745008051395416,0.05169526815946048
0.25352805154398084,1.3847807576844091,98.4,21.714090368091675,319.6,-0.09682795405387878,0.3665629514327564,0.5797880232334137,0.05225814447616691
0.27282109872724575,1.3847807576844091,97.5,22.015876329131334,320.5,-0.17392629981040955,0.3086434533939427,0.5806614756584167,0.0520639279679933
0.29211414591051066,1.3847807576844091,91.0,19.439347704459493,327.0,-0.1963329017162323,0.3108796864768895,0.5863375306129456,0.05154656798299789
0.31140719309377557,1.3847807576844091,88.5,19.28148964394856,329.5,-0.26412442326545715,0.45871185203259746,0.5879880368709565,0.04731745317618197
0.3307002402770405,1.3847807576844091,85.0,17.395581644245222,333.0,-0.2621448993682861,0.4594860772554285,0.5892808020114899,0.04657259796443473
0.3499932874603054,1.3847807576844091,83.1,17.21305232244544,334.9,-0.2775732040405273,0.4965480815003438,0.5916340827941895,0.04654890011760144
0.3692863346435703,1.3847807576844091,80.2,15.755184373044438,337.8,-0.27990059852600097,0.4951285129864376,0.5928411066532135,0.04556618991984323
0.3885793818268352,1.3847807576844091,77.8,13.960358996876375,340.2,-0.2785161852836609,0.4947421431545925,0.5960304260253906,0.046495563768278875
0.4078724290101001,1.3847807576844091,77.7,13.896062358141565,340.3,-0.27842110991477964,0.49477466568059986,0.5961371243000031,0.0465556647285134
0.42716547619336503,1.3847807576844091,77.3,13.871490008554666,340.7,-0.28078524470329286,0.49408693213010973,0.5959082245826721,0.04672115491176068
0.44645852337662995,1.3847807576844091,76.9,13.658343040927777,341.1,-0.28066039085388184,0.49411039816431246,0.5958476841449738,0.04670477054790091
0.4657515705598948,1.3847807576844091,76.6,13.341400969328884,341.4,-0.2794347763061523,0.4945255525960397,0.5938193500041962,0.04577651109506076
0.4850446177431597,1.3847807576844091,71.6,13.400934513442435,346.4,-0.22990288734436035,0.3867076758654241,0.6011821806430817,0.042651208439177364
0.5043376649264246,1.3847807576844091,67.7,13.03900271985926,350.3,-0.2120195209980011,0.33720496347026585,0.6066271901130676,0.04328079269652073
0.5236307121096896,1.3847807576844091,60.6,12.046916146270037,357.4,-0.14588805437088012,0.18842555747485687,0.6133336246013641,0.0412661885033043
0.5429237592929544,1.3847807576844091,56.4,13.022203107614985,361.6,-0.16762372851371765,0.21972067225559358,0.6167330265045166,0.03951185034762475
0.5622168064762194,1.3847807576844091,47.3,17.958640589035962,370.7,-317.1847791552544,717.150803352597,0.6221983730792999,0.03525255335699347
0.5815098536594843,1.3847807576844091,36.8,16.574750730587777,381.2,-4.145903688669205,6.659510383502331,0.6209018528461456,0.037372886865494365
0.6008029008427492,1.3847807576844091,30.5,15.465428805130454,387.5,-2.6416985213756563,4.753711313771523,0.6250252664089203,0.03650474365081603
0.6200959480260141,1.3847807576844091,25.1,16.25835573086443,392.9,-4.683455163240433,6.99431168259575,0.6286077558994293,0.03688083832678335
0.6393889952092789,1.3847807576844091,15.3,15.516082312735737,402.7,-0.05936561226844787,0.07773468351687671,0.6345205962657928,0.0380153462577847
0.6586820423925439,1.3847807576844091,12.9,14.808828677925668,405.1,-13026.322037947179,29467.422345378654,0.6355319321155548,0.03842606724629893
0.6779750895758088,1.3847807576844091,8.0,10.64256194024133,410.0,-277.41010041236876,625.5876715623634,0.6347167074680329,0.036692505369581095
0.6972681367590737,1.3847807576844091,4.9,7.483376368478617,413.1,-0.018658542633056642,0.03451399473273375,0.6369041562080383,0.03657157556136004
0.7165611839423386,1.3847807576844091,3.3,5.002386040083351,414.7,-0.015578782558441162,0.03443724845519183,0.6353443145751954,0.03614029291017958
0.7358542311256036,1.3847807576844091,1.8,4.071882893137379,416.2,-0.015255701541900635,0.03451079451737485,0.6345939099788666,0.03606899377501927
0.7551472783088684,1.3847807576844091,0.2,0.4524314325708198,417.8,-0.07954103946685791,0.17993433217081323,0.6361937820911407,0.03569691951916984
0.002718438161537051,1.4226068875988027,415.0,2.7808078043089215,3.0,0.6389069378376007,0.03574584446803555,-1.0848984599113465,2.1408116099902115
0.02201148534480196,1.4226068875988027,391.1,5.606925871717416,26.899999999999977,0.6498381197452545,0.033834429684561934,0.10517966747283936,0.17375214751548845
0.041304532528066866,1.4226068875988027,339.6,15.92175857934644,78.39999999999998,0.6731301784515381,0.04241635779025654,0.2398221254348755,0.09691805767727045
0.06059757971133177,1.4226068875988027,291.5,21.08988955186534,126.5,0.6991167068481445,0.046154455413261804,0.2508086621761322,0.08521118809534524
0.07989062689459668,1.4226068875988027,253.8,28.61983958575187,164.2,0.7211582660675049,0.05615727079587756,0.31036322116851806,0.12126496766499732
0.09918367407786159,1.4226068875988027,218.8,33.16767806964211,199.2,0.73096804022789,0.06833068749889178,0.37994188666343687,0.11902578572159285
0.11847672126112649,1.4226068875988027,195.6,36.027925519942094,222.4,0.7277905821800232,0.1020999064766729,0.4127180874347687,0.105192530292009
0.1377697684443914,1.4226068875988027,176.3,33.25371029395526,241.7,0.6900390207767486,0.16791836274656932,0.4489717185497284,0.10364427734257439
0.1570628156276563,1.4226068875988027,156.6,35.73317342678591,261.4,0.6538837432861329,0.16938463599226328,0.5072908103466034,0.08269373088632104
0.17635586281092122,1.4226068875988027,136.4,34.004669421345625,281.6,0.5822464108467102,0.23507832982342097,0.5295318603515625,0.0773261971858002
0.19564890999418613,1.4226068875988027,120.2,26.24665620921601,297.8,0.49087661504745483,0.30048034091433323,0.5413733899593354,0.07127766868612932
0.21494195717745104,1.4226068875988027,108.9,20.77534069598111,309.1,0.40860633850097655,0.32670109498620076,0.5573929369449615,0.062178960346297885
0.23423500436071593,1.4226068875988027,102.1,21.15234554665423,315.9,0.09355719089508056,0.45121136952499147,0.5745008051395416,0.05169526815946048
0.25352805154398084,1.4226068875988027,98.4,21.714090368091675,319.6,-0.09682795405387878,0.3665629514327564,0.5797880232334137,0.05225814447616691
0.27282109872724575,1.4226068875988027,97.5,22.015876329131334,320.5,-0.17392629981040955,0.3086434533939427,0.5806614756584167,0.0520639279679933
0.29211414591051066,1.4226068875988027,91.0,19.439347704459493,327.0,-0.1963329017162323,0.3108796864768895,0.5863375306129456,0.05154656798299789
0.31140719309377557,1.4226068875988027,88.5,19.28148964394856,329.5,-0.26412442326545715,0.45871185203259746,0.5879880368709565,0.04731745317618197
0.3307002402770405,1.4226068875988027,85.0,17.395581644245222,333.0,-0.2621448993682861,0.4594860772554285,0.5892808020114899,0.04657259796443473
0.3499932874603054,1.4226068875988027,83.1,17.21305232244544,334.9,-0.2775732040405273,0.4965480815003438,0.5916340827941895,0.04654890011760144
0.3692863346435703,1.4226068875988027,80.2,15.755184373044438,337.8,-0.27990059852600097,0.4951285129864376,0.5928411066532135,0.04556618991984323
0.3885793818268352,1.4226068875988027,77.8,13.960358996876375,340.2,-0.2785161852836609,0.4947421431545925,0.5960304260253906,0.046495563768278875
0.4078724290101001,1.4226068875988027,77.7,13.896062358141565,340.3,-0.27842110991477964,0.49477466568059986,0.5961371243000031,0.0465556647285134
0.42716547619336503,1.4226068875988027,77.3,13.871490008554666,340.7,-0.28078524470329286,0.49408693213010973,0.5959082245826721,0.04672115491176068
0.44645852337662995,1.4226068875988027,76.9,13.658343040927777,341.1,-0.28066039085388184,0.49411039816431246,0.5958476841449738,0.04670477054790091
0.4657515705598948,1.4226068875988027,76.6,13.341400969328884,341.4,-0.2794347763061523,0.4945255525960397,0.5938193500041962,0.04577651109506076
0.4850446177431597,1.4226068875988027,71.6,13.400934513442435,346.4,-0.22990288734436035,0.3867076758654241,0.6011821806430817,0.042651208439177364
0.5043376649264246,1.4226068875988027,67.7,13.03900271985926,350.3,-0.2120195209980011,0.33720496347026585,0.6066271901130676,0.04328079269652073
0.5236307121096896,1.4226068875988027,60.6,12.046916146270037,357.4,-0.14588805437088012,0.18842555747485687,0.6133336246013641,0.0412661885033043
0.5429237592929544,1.4226068875988027,56.4,13.022203107614985,361.6,-0.16762372851371765,0.21972067225559358,0.6167330265045166,0.03951185034762475
0.5622168064762194,1.4226068875988027,47.3,17.958640589035962,370.7,-317.1847791552544,717.150803352597,0.6221983730792999,0.03525255335699347
0.5815098536594843,1.4226068875988027,36.8,16.574750730587777,381.2,-4.145903688669205,6.659510383502331,0.6209018528461456,0.037372886865494365
0.6008029008427492,1.4226068875988027,30.5,15.465428805130454,387.5,-2.6416985213756563,4.753711313771523,0.6250252664089203,0.03650474365081603
0.6200959480260141,1.4226068875988027,25.1,16.25835573086443,392.9,-4.683455163240433,6.99431168259575,0.6286077558994293,0.03688083832678335
0.6393889952092789,1.4226068875988027,15.3,15.516082312735737,402.7,-0.05936561226844787,0.07773468351687671,0.6345205962657928,0.0380153462577847
0.6586820423925439,1.4226068875988027,12.9,14.808828677925668,405.1,-13026.322037947179,29467.422345378654,0.6355319321155548,0.03842606724629893
0.6779750895758088,1.4226068875988027,8.0,10.64256194024133,410.0,-277.41010041236876,625.5876715623634,0.6347167074680329,0.036692505369581095
0.6972681367590737,1.4226068875988027,4.9,7.483376368478617,413.1,-0.018658542633056642,0.03451399473273375,0.6369041562080383,0.03657157556136004
0.7165611839423386,1.4226068875988027,3.3,5.002386040083351,414.7,-0.015578782558441162,0.03443724845519183,0.6353443145751954,0.03614029291017958
0.7358542311256036,1.4226068875988027,1.8,4.071882893137379,416.2,-0.015255701541900635,0.03451079451737485,0.6345939099788666,0.03606899377501927
0.7551472783088684,1.4226068875988027,0.2,0.4524314325708198,417.8,-0.07954103946685791,0.17993433217081323,0.6361937820911407,0.03569691951916984
0.002718438161537051,1.4604330175131963,416.4,1.7907752004248478,1.6000000000000227,0.6380269408226014,0.03593786636358465,-0.21542950272560119,0.518486129127225
0.02201148534480196,1.4604330175131963,392.5,5.128110656114112,25.5,0.6488899648189544,0.034230834790630243,0.10750035047531128,0.17998176852194542
0.041304532528066866,1.4604330175131963,340.1,16.124912683374802,77.89999999999998,0.6724142372608185,0.04295094768310621,0.23931914567947388,0.09755985665412659
0.06059757971133177,1.4604330175131963,291.6,21.081664980686007,126.39999999999998,0.6991199970245361,0.04615379306597283,0.25067560076713563,0.08538202849428025
0.07989062689459668,1.4604330175131963,253.8,28.61983958575187,164.2,0.7211582660675049,0.05615727079587756,0.31036322116851806,0.12126496766499732
0.09918367407786159,1.4604330175131963,218.8,33.16767806964211,199.2,0.73096804022789,0.06833068749889178,0.37994188666343687,0.11902578572159285
0.11847672126112649,1.4604330175131963,195.6,36.027925519942094,222.4,0.7277905821800232,0.1020999064766729,0.4127180874347687,0.105192530292009
0.1377697684443914,1.4604330175131963,176.3,33.25371029395526,241.7,0.6900390207767486,0.16791836274656932,0.4489717185497284,0.10364427734257439
0.1570628156276563,1.4604330175131963,156.6,35.73317342678591,261.4,0.6538837432861329,0.16938463599226328,0.5072908103466034,0.08269373088632104
0.17635586281092122,1.4604330175131963,136.4,34.004669421345625,281.6,0.5822464108467102,0.23507832982342097,0.5295318603515625,0.0773261971858002
0.19564890999418613,1.4604330175131963,120.2,26.24665620921601,297.8,0.49087661504745483,0.30048034091433323,0.5413733899593354,0.07127766868612932
0.21494195717745104,1.4604330175131963,108.9,20.77534069598111,309.1,0.40860633850097655,0.32670109498620076,0.5573929369449615,0.062178960346297885
0.23423500436071593,1.4604330175131963,102.1,21.15234554665423,315.9,0.09355719089508056,0.45121136952499147,0.5745008051395416,0.05169526815946048
0.25352805154398084,1.4604330175131963,98.4,21.714090368091675,319.6,-0.09682795405387878,0.3665629514327564,0.5797880232334137,0.05225814447616691
0.27282109872724575,1.4604330175131963,97.5,22.015876329131334,320.5,-0.17392629981040955,0.3086434533939427,0.5806614756584167,0.0520639279679933
0.29211414591051066,1.4604330175131963,91.0,19.439347704459493,327.0,-0.1963329017162323,0.3108796864768895,0.5863375306129456,0.05154656798299789
0.31140719309377557,1.4604330175131963,88.5,19.28148964394856,329.5,-0.26412442326545715,0.45871185203259746,0.5879880368709565,0.04731745317618197
0.3307002402770405,1.4604330175131963,85.0,17.395581644245222,333.0,-0.2621448993682861,0.4594860772554285,0.5892808020114899,0.04657259796443473
0.3499932874603054,1.4604330175131963,83.1,17.21305232244544,334.9,-0.2775732040405273,0.4965480815003438,0.5916340827941895,0.04654890011760144
0.3692863346435703,1.4604330175131963,80.2,15.755184373044438,337.8,-0.27990059852600097,0.4951285129864376,0.5928411066532135,0.04556618991984323
0.3885793818268352,1.4604330175131963,77.8,13.960358996876375,340.2,-0.2785161852836609,0.4947421431545925,0.5960304260253906,0.046495563768278875
0.4078724290101001,1.4604330175131963,77.7,13.896062358141565,340.3,-0.27842110991477964,0.49477466568059986,0.5961371243000031,0.0465556647285134
0.42716547619336503,1.4604330175131963,77.3,13.871490008554666,340.7,-0.28078524470329286,0.49408693213010973,0.5959082245826721,0.04672115491176068
0.44645852337662995,1.4604330175131963,76.9,13.658343040927777,341.1,-0.28066039085388184,0.49411039816431246,0.5958476841449738,0.04670477054790091
0.4657515705598948,1.4604330175131963,76.6,13.341400969328884,341.4,-0.2794347763061523,0.4945255525960397,0.5938193500041962,0.04577651109506076
0.4850446177431597,1.4604330175131963,71.6,13.400934513442435,346.4,-0.22990288734436035,0.3867076758654241,0.6011821806430817,0.042651208439177364
0.5043376649264246,1.4604330175131963,67.7,13.03900271985926,350.3,-0.2120195209980011,0.33720496347026585,0.6066271901130676,0.04328079269652073
0.5236307121096896,1.4604330175131963,60.6,12.046916146270037,357.4,-0.14588805437088012,0.18842555747485687,0.6133336246013641,0.0412661885033043
0.5429237592929544,1.4604330175131963,56.4,13.022203107614985,361.6,-0.16762372851371765,0.21972067225559358,0.6167330265045166,0.03951185034762475
0.5622168064762194,1.4604330175131963,47.3,17.958640589035962,370.7,-317.1847791552544,717.150803352597,0.6221983730792999,0.03525255335699347
0.5815098536594843,1.4604330175131963,36.8,16.574750730587777,381.2,-4.145903688669205,6.659510383502331,0.6209018528461456,0.037372886865494365
0.6008029008427492,1.4604330175131963,30.5,15.465428805130454,387.5,-2.6416985213756563,4.753711313771523,0.6250252664089203,0.03650474365081603
0.6200959480260141,1.4604330175131963,25.1,16.25835573086443,392.9,-4.683455163240433,6.99431168259575,0.6286077558994293,0.03688083832678335
0.6393889952092789,1.4604330175131963,15.3,15.516082312735737,402.7,-0.05936561226844787,0.07773468351687671,0.6345205962657928,0.0380153462577847
0.6586820423925439,1.4604330175131963,12.9,14.808828677925668,405.1,-13026.322037947179,29467.422345378654,0.6355319321155548,0.03842606724629893
0.6779750895758088,1.4604330175131963,8.0,10.64256194024133,410.0,-277.41010041236876,625.5876715623634,0.6347167074680329,0.036692505369581095
0.6972681367590737,1.4604330175131963,4.9,7.483376368478617,413.1,-0.018658542633056642,0.03451399473273375,0.6369041562080383,0.03657157556136004
0.7165611839423386,1.4604330175131963,3.3,5.002386040083351,414.7,-0.015578782558441162,0.03443724845519183,0.6353443145751954,0.03614029291017958
0.7358542311256036,1.4604330175131963,1.8,4.071882893137379,416.2,-0.015255701541900635,0.03451079451737485,0.6345939099788666,0.03606899377501927
0.7551472783088684,1.4604330175131963,0.2,0.4524314325708198,417.8,-0.07954103946685791,0.17993433217081323,0.6361937820911407,0.03569691951916984
0.002718438161537051,1.49825914742759,416.9,1.56181707124709,1.1000000000000227,0.6380378425121307,0.035894811837820347,-0.25941671133041383,0.5005238336915231
0.02201148534480196,1.49825914742759,392.5,5.128110656114112,25.5,0.6488899648189544,0.034230834790630243,0.10750035047531128,0.17998176852194542
0.041304532528066866,1.49825914742759,340.1,16.124912683374802,77.89999999999998,0.6724142372608185,0.04295094768310621,0.23931914567947388,0.09755985665412659
0.06059757971133177,1.49825914742759,291.6,21.081664980686007,126.39999999999998,0.6991199970245361,0.04615379306597283,0.25067560076713563,0.08538202849428025
0.07989062689459668,1.49825914742759,253.8,28.61983958575187,164.2,0.7211582660675049,0.05615727079587756,0.31036322116851806,0.12126496766499732
0.09918367407786159,1.49825914742759,218.8,33.16767806964211,199.2,0.73096804022789,0.06833068749889178,0.37994188666343687,0.11902578572159285
0.11847672126112649,1.49825914742759,195.6,36.027925519942094,222.4,0.7277905821800232,0.1020999064766729,0.4127180874347687,0.105192530292009
0.1377697684443914,1.49825914742759,176.3,33.25371029395526,241.7,0.6900390207767486,0.16791836274656932,0.4489717185497284,0.10364427734257439
0.1570628156276563,1.49825914742759,156.6,35.73317342678591,261.4,0.6538837432861329,0.16938463599226328,0.5072908103466034,0.08269373088632104
0.17635586281092122,1.49825914742759,136.4,34.004669421345625,281.6,0.5822464108467102,0.23507832982342097,0.5295318603515625,0.0773261971858002
0.19564890999418613,1.49825914742759,120.2,26.24665620921601,297.8,0.49087661504745483,0.30048034091433323,0.5413733899593354,0.07127766868612932
0.21494195717745104,1.49825914742759,108.9,20.77534069598111,309.1,0.40860633850097655,0.32670109498620076,0.5573929369449615,0.062178960346297885
0.23423500436071593,1.49825914742759,102.1,21.15234554665423,315.9,0.09355719089508056,0.45121136952499147,0.5745008051395416,0.05169526815946048
0.25352805154398084,1.49825914742759,98.4,21.714090368091675,319.6,-0.09682795405387878,0.3665629514327564,0.5797880232334137,0.05225814447616691
0.27282109872724575,1.49825914742759,97.5,22.015876329131334,320.5,-0.17392629981040955,0.3086434533939427,0.5806614756584167,0.0520639279679933
0.29211414591051066,1.49825914742759,91.0,19.439347704459493,327.0,-0.1963329017162323,0.3108796864768895,0.5863375306129456,0.05154656798299789
0.31140719309377557,1.49825914742759,88.5,19.28148964394856,329.5,-0.26412442326545715,0.45871185203259746,0.5879880368709565,0.04731745317618197
0.3307002402770405,1.49825914742759,85.0,17.395581644245222,333.0,-0.2621448993682861,0.4594860772554285,0.5892808020114899,0.04657259796443473
0.3499932874603054,1.49825914742759,83.1,17.21305232244544,334.9,-0.2775732040405273,0.4965480815003438,0.5916340827941895,0.04654890011760144
0.3692863346435703,1.49825914742759,80.2,15.755184373044438,337.8,-0.27990059852600097,0.4951285129864376,0.5928411066532135,0.04556618991984323
0.3885793818268352,1.49825914742759,77.8,13.960358996876375,340.2,-0.2785161852836609,0.4947421431545925,0.5960304260253906,0.046495563768278875
0.4078724290101001,1.49825914742759,77.7,13.896062358141565,340.3,-0.27842110991477964,0.49477466568059986,0.5961371243000031,0.0465556647285134
0.42716547619336503,1.49825914742759,77.3,13.871490008554666,340.7,-0.28078524470329286,0.49408693213010973,0.5959082245826721,0.04672115491176068
0.44645852337662995,1.49825914742759,76.9,13.658343040927777,341.1,-0.28066039085388184,0.49411039816431246,0.5958476841449738,0.04670477054790091
0.4657515705598948,1.49825914742759,76.6,13.341400969328884,341.4,-0.2794347763061523,0.4945255525960397,0.5938193500041962,0.04577651109506076
0.4850446177431597,1.49825914742759,71.6,13.400934513442435,346.4,-0.22990288734436035,0.3867076758654241,0.6011821806430817,0.042651208439177364
0.5043376649264246,1.49825914742759,67.7,13.03900271985926,350.3,-0.2120195209980011,0.33720496347026585,0.6066271901130676,0.04328079269652073
0.5236307121096896,1.49825914742759,60.6,12.046916146270037,357.4,-0.14588805437088012,0.18842555747485687,0.6133336246013641,0.0412661885033043
0.5429237592929544,1.49825914742759,56.4,13.022203107614985,361.6,-0.16762372851371765,0.21972067225559358,0.6167330265045166,0.03951185034762475
0.5622168064762194,1.49825914742759,47.3,17.958640589035962,370.7,-317.1847791552544,717.150803352597,0.6221983730792999,0.03525255335699347
0.5815098536594843,1.49825914742759,36.8,16.574750730587777,381.2,-4.145903688669205,6.659510383502331,0.6209018528461456,0.037372886865494365
0.6008029008427492,1.49825914742759,30.5,15.465428805130454,387.5,-2.6416985213756563,4.753711313771523,0.6250252664089203,0.03650474365081603
0.6200959480260141,1.49825914742759,25.1,16.25835573086443,392.9,-4.683455163240433,6.99431168259575,0.6286077558994293,0.03688083832678335
0.6393889952092789,1.49825914742759,15.3,15.516082312735737,402.7,-0.05936561226844787,0.07773468351687671,0.6345205962657928,0.0380153462577847
0.6586820423925439,1.49825914742759,12.9,14.808828677925668,405.1,-13026.322037947179,29467.422345378654,0.6355319321155548,0.03842606724629893
0.6779750895758088,1.49825914742759,8.0,10.64256194024133,410.0,-277.41010041236876,625.5876715623634,0.6347167074680329,0.036692505369581095
0.6972681367590737,1.49825914742759,4.9,7.483376368478617,413.1,-0.018658542633056642,0.03451399473273375,0.6369041562080383,0.03657157556136004
0.7165611839423386,1.49825914742759,3.3,5.002386040083351,414.7,-0.015578782558441162,0.03443724845519183,0.6353443145751954,0.03614029291017958
0.7358542311256036,1.49825914742759,1.8,4.071882893137379,416.2,-0.015255701541900635,0.03451079451737485,0.6345939099788666,0.03606899377501927
0.7551472783088684,1.49825914742759,0.2,0.4524314325708198,417.8,-0.07954103946685791,0.17993433217081323,0.6361937820911407,0.03569691951916984
0.002718438161537051,1.5360852773419837,417.2,1.6451480831757643,0.8000000000000114,0.638003009557724,0.035850090825023315,-0.2711804747581482,0.4961735421593346
0.02201148534480196,1.5360852773419837,392.7,5.070126240829488,25.30000000000001,0.6488357901573181,0.034195784522949586,0.10389188528060914,0.17554214578095914
0.041304532528066866,1.5360852773419837,340.2,16.203531365449,77.80000000000001,0.6723375618457794,0.042934961994696805,0.23588650226593016,0.09330038495916144
0.06059757971133177,1.5360852773419837,291.6,21.081664980686007,126.39999999999998,0.6991199970245361,0.04615379306597283,0.25067560076713563,0.08538202849428025
0.07989062689459668,1.5360852773419837,253.8,28.61983958575187,164.2,0.7211582660675049,0.05615727079587756,0.31036322116851806,0.12126496766499732
0.09918367407786159,1.5360852773419837,218.8,33.16767806964211,199.2,0.73096804022789,0.06833068749889178,0.37994188666343687,0.11902578572159285
0.11847672126112649,1.5360852773419837,195.6,36.027925519942094,222.4,0.7277905821800232,0.1020999064766729,0.4127180874347687,0.105192530292009
0.1377697684443914,1.5360852773419837,176.3,33.25371029395526,241.7,0.6900390207767486,0.16791836274656932,0.4489717185497284,0.10364427734257439
0.1570628156276563,1.5360852773419837,156.6,35.73317342678591,261.4,0.6538837432861329,0.16938463599226328,0.5072908103466034,0.08269373088632104
0.17635586281092122,1.5360852773419837,136.4,34.004669421345625,281.6,0.5822464108467102,0.23507832982342097,0.5295318603515625,0.0773261971858002
0.19564890999418613,1.5360852773419837,120.2,26.24665620921601,297.8,0.49087661504745483,0.30048034091433323,0.5413733899593354,0.07127766868612932
0.21494195717745104,1.5360852773419837,108.9,20.77534069598111,309.1,0.40860633850097655,0.32670109498620076,0.5573929369449615,0.062178960346297885
0.23423500436071593,1.5360852773419837,102.1,21.15234554665423,315.9,0.09355719089508056,0.45121136952499147,0.5745008051395416,0.05169526815946048
0.25352805154398084,1.5360852773419837,98.4,21.714090368091675,319.6,-0.09682795405387878,0.3665629514327564,0.5797880232334137,0.05225814447616691
0.27282109872724575,1.5360852773419837,97.5,22.015876329131334,320.5,-0.17392629981040955,0.3086434533939427,0.5806614756584167,0.0520639279679933
0.29211414591051066,1.5360852773419837,91.0,19.439347704459493,327.0,-0.1963329017162323,0.3108796864768895,0.5863375306129456,0.05154656798299789
0.31140719309377557,1.5360852773419837,88.5,19.28148964394856,329.5,-0.26412442326545715,0.45871185203259746,0.5879880368709565,0.04731745317618197
0.3307002402770405,1.5360852773419837,85.0,17.395581644245222,333.0,-0.2621448993682861,0.4594860772554285,0.5892808020114899,0.04657259796443473
0.3499932874603054,1.5360852773419837,83.1,17.21305232244544,334.9,-0.2775732040405273,0.4965480815003438,0.5916340827941895,0.04654890011760144
0.3692863346435703,1.5360852773419837,80.2,15.755184373044438,337.8,-0.27990059852600097,0.4951285129864376,0.5928411066532135,0.04556618991984323
0.3885793818268352,1.5360852773419837,77.8,13.960358996876375,340.2,-0.2785161852836609,0.4947421431545925,0.5960304260253906,0.046495563768278875
0.4078724290101001,1.5360852773419837,77.7,13.896062358141565,340.3,-0.27842110991477964,0.49477466568059986,0.5961371243000031,0.0465556647285134
0.42716547619336503,1.5360852773419837,77.3,13.871490008554666,340.7,-0.28078524470329286,0.49408693213010973,0.5959082245826721,0.04672115491176068
0.44645852337662995,1.5360852773419837,76.9,13.658343040927777,341.1,-0.28066039085388184,0.49411039816431246,0.5958476841449738,0.04670477054790091
0.4657515705598948,1.5360852773419837,76.6,13.341400969328884,341.4,-0.2794347763061523,0.4945255525960397,0.5938193500041962,0.04577651109506076
0.4850446177431597,1.5360852773419837,71.6,13.400934513442435,346.4,-0.22990288734436035,0.3867076758654241,0.6011821806430817,0.042651208439177364
0.5043376649264246,1.5360852773419837,67.7,13.03900271985926,350.3,-0.2120195209980011,0.33720496347026585,0.6066271901130676,0.04328079269652073
0.5236307121096896,1.5360852773419837,60.6,12.046916146270037,357.4,-0.14588805437088012,0.18842555747485687,0.6133336246013641,0.0412661885033043
0.5429237592929544,1.5360852773419837,56.4,13.022203107614985,361.6,-0.16762372851371765,0.21972067225559358,0.6167330265045166,0.03951185034762475
0.5622168064762194,1.5360852773419837,47.3,17.958640589035962,370.7,-317.1847791552544,717.150803352597,0.6221983730792999,0.03525255335699347
0.5815098536594843,1.5360852773419837,36.8,16.574750730587777,381.2,-4.145903688669205,6.659510383502331,0.6209018528461456,0.037372886865494365
0.6008029008427492,1.5360852773419837,30.5,15.465428805130454,387.5,-2.6416985213756563,4.753711313771523,0.6250252664089203,0.03650474365081603
0.6200959480260141,1.5360852773419837,25.1,16.25835573086443,392.9,-4.683455163240433,6.99431168259575,0.6286077558994293,0.03688083832678335
0.6393889952092789,1.5360852773419837,15.3,15.516082312735737,402.7,-0.05936561226844787,0.07773468351687671,0.6345205962657928,0.0380153462577847
0.6586820423925439,1.5360852773419837,12.9,14.808828677925668,405.1,-13026.322037947179,29467.422345378654,0.6355319321155548,0.03842606724629893
0.6779750895758088,1.5360852773419837,8.0,10.64256194024133,410.0,-277.41010041236876,625.5876715623634,0.6347167074680329,0.036692505369581095
0.6972681367590737,1.5360852773419837,4.9,7.483376368478617,413.1,-0.018658542633056642,0.03451399473273375,0.6369041562080383,0.03657157556136004
0.7165611839423386,1.5360852773419837,3.3,5.002386040083351,414.7,-0.015578782558441162,0.03443724845519183,0.6353443145751954,0.03614029291017958
0.7358542311256036,1.5360852773419837,1.8,4.071882893137379,416.2,-0.015255701541900635,0.03451079451737485,0.6345939099788666,0.03606899377501927
0.7551472783088684,1.5360852773419837,0.2,0.4524314325708198,417.8,-0.07954103946685791,0.17993433217081323,0.6361937820911407,0.03569691951916984
0.002718438161537051,1.5739114072563773,417.4,1.3985588336774575,0.6000000000000227,0.637848436832428,0.035904516611789804,-0.2575030207633972,0.49318583425810136
0.02201148534480196,1.5739114072563773,392.8,4.99954361355686,25.19999999999999,0.6488340616226196,0.03419645183406157,0.10390396118164062,0.17554748236252604
0.041304532528066866,1.5739114072563773,340.2,16.203531365449,77.80000000000001,0.6723375618457794,0.042934961994696805,0.23588650226593016,0.09330038495916144
0.06059757971133177,1.5739114072563773,291.6,21.081664980686007,126.39999999999998,0.6991199970245361,0.04615379306597283,0.25067560076713563,0.08538202849428025
0.07989062689459668,1.5739114072563773,253.8,28.61983958575187,164.2,0.7211582660675049,0.05615727079587756,0.31036322116851806,0.12126496766499732
0.09918367407786159,1.5739114072563773,218.8,33.16767806964211,199.2,0.73096804022789,0.06833068749889178,0.37994188666343687,0.11902578572159285
0.11847672126112649,1.5739114072563773,195.6,36.027925519942094,222.4,0.7277905821800232,0.1020999064766729,0.4127180874347687,0.105192530292009
0.1377697684443914,1.5739114072563773,176.3,33.25371029395526,241.7,0.6900390207767486,0.16791836274656932,0.4489717185497284,0.10364427734257439
0.1570628156276563,1.5739114072563773,156.6,35.73317342678591,261.4,0.6538837432861329,0.16938463599226328,0.5072908103466034,0.08269373088632104
0.17635586281092122,1.5739114072563773,136.4,34.004669421345625,281.6,0.5822464108467102,0.23507832982342097,0.5295318603515625,0.0773261971858002
0.19564890999418613,1.5739114072563773,120.2,26.24665620921601,297.8,0.49087661504745483,0.30048034091433323,0.5413733899593354,0.07127766868612932
0.21494195717745104,1.5739114072563773,108.9,20.77534069598111,309.1,0.40860633850097655,0.32670109498620076,0.5573929369449615,0.062178960346297885
0.23423500436071593,1.5739114072563773,102.1,21.15234554665423,315.9,0.09355719089508056,0.45121136952499147,0.5745008051395416,0.05169526815946048
0.25352805154398084,1.5739114072563773,98.4,21.714090368091675,319.6,-0.09682795405387878,0.3665629514327564,0.5797880232334137,0.05225814447616691
0.27282109872724575,1.5739114072563773,97.5,22.015876329131334,320.5,-0.17392629981040955,0.3086434533939427,0.5806614756584167,0.0520639279679933
0.29211414591051066,1.5739114072563773,91.0,19.439347704459493,327.0,-0.1963329017162323,0.3108796864768895,0.5863375306129456,0.05154656798299789
0.31140719309377557,1.5739114072563773,88.5,19.28148964394856,329.5,-0.26412442326545715,0.45871185203259746,0.5879880368709565,0.04731745317618197
0.3307002402770405,1.5739114072563773,85.0,17.395581644245222,333.0,-0.2621448993682861,0.4594860772554285,0.5892808020114899,0.04657259796443473
0.3499932874603054,1.5739114072563773,83.1,17.21305232244544,334.9,-0.2775732040405273,0.4965480815003438,0.5916340827941895,0.04654890011760144
0.3692863346435703,1.5739114072563773,80.2,15.755184373044438,337.8,-0.27990059852600097,0.4951285129864376,0.5928411066532135,0.04556618991984323
0.3885793818268352,1.5739114072563773,77.8,13.960358996876375,340.2,-0.2785161852836609,0.4947421431545925,0.5960304260253906,0.046495563768278875
0.4078724290101001,1.5739114072563773,77.7,13.896062358141565,340.3,-0.27842110991477964,0.49477466568059986,0.5961371243000031,0.0465556647285134
0.42716547619336503,1.5739114072563773,77.3,13.871490008554666,340.7,-0.28078524470329286,0.49408693213010973,0.5959082245826721,0.04672115491176068
0.44645852337662995,1.5739114072563773,76.9,13.658343040927777,341.1,-0.28066039085388184,0.49411039816431246,0.5958476841449738,0.04670477054790091
0.4657515705598948,1.5739114072563773,76.6,13.341400969328884,341.4,-0.2794347763061523,0.4945255525960397,0.5938193500041962,0.04577651109506076
0.4850446177431597,1.5739114072563773,71.6,13.400934513442435,346.4,-0.22990288734436035,0.3867076758654241,0.6011821806430817,0.042651208439177364
0.5043376649264246,1.5739114072563773,67.7,13.03900271985926,350.3,-0.2120195209980011,0.33720496347026585,0.6066271901130676,0.04328079269652073
0.5236307121096896,1.5739114072563773,60.6,12.046916146270037,357.4,-0.14588805437088012,0.18842555747485687,0.6133336246013641,0.0412661885033043
0.5429237592929544,1.5739114072563773,56.4,13.022203107614985,361.6,-0.16762372851371765,0.21972067225559358,0.6167330265045166,0.03951185034762475
0.5622168064762194,1.5739114072563773,47.3,17.958640589035962,370.7,-317.1847791552544,717.150803352597,0.6221983730792999,0.03525255335699347
0.5815098536594843,1.5739114072563773,36.8,16.574750730587777,381.2,-4.145903688669205,6.659510383502331,0.6209018528461456,0.037372886865494365
0.6008029008427492,1.5739114072563773,30.5,15.465428805130454,387.5,-2.6416985213756563,4.753711313771523,0.6250252664089203,0.03650474365081603
0.6200959480260141,1.5739114072563773,25.1,16.25835573086443,392.9,-4.683455163240433,6.99431168259575,0.6286077558994293,0.03688083832678335
0.6393889952092789,1.5739114072563773,15.3,15.516082312735737,402.7,-0.05936561226844787,0.07773468351687671,0.6345205962657928,0.0380153462577847
0.6586820423925439,1.5739114072563773,12.9,14.808828677925668,405.1,-13026.322037947179,29467.422345378654,0.6355319321155548,0.03842606724629893
0.6779750895758088,1.5739114072563773,8.0,10.64256194024133,410.0,-277.41010041236876,625.5876715623634,0.6347167074680329,0.036692505369581095
0.6972681367590737,1.5739114072563773,4.9,7.483376368478617,413.1,-0.018658542633056642,0.03451399473273375,0.6369041562080383,0.03657157556136004
0.7165611839423386,1.5739114072563773,3.3,5.002386040083351,414.7,-0.015578782558441162,0.03443724845519183,0.6353443145751954,0.03614029291017958
0.7358542311256036,1.5739114072563773,1.8,4.071882893137379,416.2,-0.015255701541900635,0.03451079451737485,0.6345939099788666,0.03606899377501927
0.7551472783088684,1.5739114072563773,0.2,0.4524314325708198,417.8,-0.07954103946685791,0.17993433217081323,0.6361937820911407,0.03569691951916984
0.002718438161537051,1.611737537170771,418.2,0.5642811372291082,-0.19999999999998863,0.6365131795406341,0.03552371940935052,-0.24354517459869385,0.5509374611969875
0.02201148534480196,1.611737537170771,392.9,5.063393002479174,25.100000000000023,0.6484552264213562,0.033711937813148865,0.0010533273220062257,0.2770053395704723
0.041304532528066866,1.611737537170771,340.2,16.203531365449,77.80000000000001,0.6723375618457794,0.042934961994696805,0.23588650226593016,0.09330038495916144
0.06059757971133177,1.611737537170771,291.6,21.081664980686007,126.39999999999998,0.6991199970245361,0.04615379306597283,0.25067560076713563,0.08538202849428025
0.07989062689459668,1.611737537170771,253.8,28.61983958575187,164.2,0.7211582660675049,0.05615727079587756,0.31036322116851806,0.12126496766499732
0.09918367407786159,1.611737537170771,218.8,33.16767806964211,199.2,0.73096804022789,0.06833068749889178,0.37994188666343687,0.11902578572159285
0.11847672126112649,1.611737537170771,195.6,36.027925519942094,222.4,0.7277905821800232,0.1020999064766729,0.4127180874347687,0.105192530292009
0.1377697684443914,1.611737537170771,176.3,33.25371029395526,241.7,0.6900390207767486,0.16791836274656932,0.4489717185497284,0.10364427734257439
0.1570628156276563,1.611737537170771,156.6,35.73317342678591,261.4,0.6538837432861329,0.16938463599226328,0.5072908103466034,0.08269373088632104
0.17635586281092122,1.611737537170771,136.4,34.004669421345625,281.6,0.5822464108467102,0.23507832982342097,0.5295318603515625,0.0773261971858002
0.19564890999418613,1.611737537170771,120.2,26.24665620921601,297.8,0.49087661504745483,0.30048034091433323,0.5413733899593354,0.07127766868612932
0.21494195717745104,1.611737537170771,108.9,20.77534069598111,309.1,0.40860633850097655,0.32670109498620076,0.5573929369449615,0.062178960346297885
0.23423500436071593,1.611737537170771,102.1,21.15234554665423,315.9,0.09355719089508056,0.45121136952499147,0.5745008051395416,0.05169526815946048
0.25352805154398084,1.611737537170771,98.4,21.714090368091675,319.6,-0.09682795405387878,0.3665629514327564,0.5797880232334137,0.05225814447616691
0.27282109872724575,1.611737537170771,97.5,22.015876329131334,320.5,-0.17392629981040955,0.3086434533939427,0.5806614756584167,0.0520639279679933
0.29211414591051066,1.611737537170771,91.0,19.439347704459493,327.0,-0.1963329017162323,0.3108796864768895,0.5863375306129456,0.05154656798299789
0.31140719309377557,1.611737537170771,88.5,19.28148964394856,329.5,-0.26412442326545715,0.45871185203259746,0.5879880368709565,0.04731745317618197
0.3307002402770405,1.611737537170771,85.0,17.395581644245222,333.0,-0.2621448993682861,0.4594860772554285,0.5892808020114899,0.04657259796443473
0.3499932874603054,1.611737537170771,83.1,17.21305232244544,334.9,-0.2775732040405273,0.4965480815003438,0.5916340827941895,0.04654890011760144
0.3692863346435703,1.611737537170771,80.2,15.755184373044438,337.8,-0.27990059852600097,0.4951285129864376,0.5928411066532135,0.04556618991984323
0.3885793818268352,1.611737537170771,77.8,13.960358996876375,340.2,-0.2785161852836609,0.4947421431545925,0.5960304260253906,0.046495563768278875
0.4078724290101001,1.611737537170771,77.7,13.896062358141565,340.3,-0.27842110991477964,0.49477466568059986,0.5961371243000031,0.0465556647285134
0.42716547619336503,1.611737537170771,77.3,13.871490008554666,340.7,-0.28078524470329286,0.49408693213010973,0.5959082245826721,0.04672115491176068
0.44645852337662995,1.611737537170771,76.9,13.658343040927777,341.1,-0.28066039085388184,0.49411039816431246,0.5958476841449738,0.04670477054790091
0.4657515705598948,1.611737537170771,76.6,13.341400969328884,341.4,-0.2794347763061523,0.4945255525960397,0.5938193500041962,0.04577651109506076
0.4850446177431597,1.611737537170771,71.6,13.400934513442435,346.4,-0.22990288734436035,0.3867076758654241,0.6011821806430817,0.042651208439177364
0.5043376649264246,1.611737537170771,67.7,13.03900271985926,350.3,-0.2120195209980011,0.33720496347026585,0.6066271901130676,0.04328079269652073
0.5236307121096896,1.611737537170771,60.6,12.046916146270037,357.4,-0.14588805437088012,0.18842555747485687,0.6133336246013641,0.0412661885033043
0.5429237592929544,1.611737537170771,56.4,13.022203107614985,361.6,-0.16762372851371765,0.21972067225559358,0.6167330265045166,0.03951185034762475
0.5622168064762194,1.611737537170771,47.3,17.958640589035962,370.7,-317.1847791552544,717.150803352597,0.6221983730792999,0.03525255335699347
0.5815098536594843,1.611737537170771,36.8,16.574750730587777,381.2,-4.145903688669205,6.659510383502331,0.6209018528461456,0.037372886865494365
0.6008029008427492,1.611737537170771,30.5,15.465428805130454,387.5,-2.6416985213756563,4.753711313771523,0.6250252664089203,0.03650474365081603
0.6200959480260141,1.611737537170771,25.1,16.25835573086443,392.9,-4.683455163240433,6.99431168259575,0.6286077558994293,0.03688083832678335
0.6393889952092789,1.611737537170771,15.3,15.516082312735737,402.7,-0.05936561226844787,0.07773468351687671,0.6345205962657928,0.0380153462577847
0.6586820423925439,1.611737537170771,12.9,14.808828677925668,405.1,-13026.322037947179,29467.422345378654,0.6355319321155548,0.03842606724629893
0.6779750895758088,1.611737537170771,8.0,10.64256194024133,410.0,-277.41010041236876,625.5876715623634,0.6347167074680329,0.036692505369581095
0.6972681367590737,1.611737537170771,4.9,7.483376368478617,413.1,-0.018658542633056642,0.03451399473273375,0.6369041562080383,0.03657157556136004
0.7165611839423386,1.611737537170771,3.3,5.002386040083351,414.7,-0.015578782558441162,0.03443724845519183,0.6353443145751954,0.03614029291017958
0.7358542311256036,1.611737537170771,1.8,4.071882893137379,416.2,-0.015255701541900635,0.03451079451737485,0.6345939099788666,0.03606899377501927
0.7551472783088684,1.611737537170771,0.2,0.4524314325708198,417.8,-0.07954103946685791,0.17993433217081323,0.6361937820911407,0.03569691951916984
0.002718438161537051,1.6495636670851648,418.5,0.37702619380901653,-0.5,0.6359489560127258,0.03574809963939682,0.0,0.0
0.02201148534480196,1.6495636670851648,393.0,5.125337954826733,25.0,0.6484581351280212,0.03370956080697868,-0.00030222535133361816,0.27567877377572875
0.041304532528066866,1.6495636670851648,340.2,16.203531365449,77.80000000000001,0.6723375618457794,0.042934961994696805,0.23588650226593016,0.09330038495916144
0.06059757971133177,1.6495636670851648,291.6,21.081664980686007,126.39999999999998,0.6991199970245361,0.04615379306597283,0.25067560076713563,0.08538202849428025
0.07989062689459668,1.6495636670851648,253.8,28.61983958575187,164.2,0.7211582660675049,0.05615727079587756,0.31036322116851806,0.12126496766499732
0.09918367407786159,1.6495636670851648,218.8,33.16767806964211,199.2,0.73096804022789,0.06833068749889178,0.37994188666343687,0.11902578572159285
0.11847672126112649,1.6495636670851648,195.6,36.027925519942094,222.4,0.7277905821800232,0.1020999064766729,0.4127180874347687,0.105192530292009
0.1377697684443914,1.6495636670851648,176.3,33.25371029395526,241.7,0.6900390207767486,0.16791836274656932,0.4489717185497284,0.10364427734257439
0.1570628156276563,1.6495636670851648,156.6,35.73317342678591,261.4,0.6538837432861329,0.16938463599226328,0.5072908103466034,0.08269373088632104
0.17635586281092122,1.6495636670851648,136.4,34.004669421345625,281.6,0.5822464108467102,0.23507832982342097,0.5295318603515625,0.0773261971858002
0.19564890999418613,1.6495636670851648,120.2,26.24665620921601,297.8,0.49087661504745483,0.30048034091433323,0.5413733899593354,0.07127766868612932
0.21494195717745104,1.6495636670851648,108.9,20.77534069598111,309.1,0.40860633850097655,0.32670109498620076,0.5573929369449615,0.062178960346297885
0.23423500436071593,1.6495636670851648,102.1,21.15234554665423,315.9,0.09355719089508056,0.45121136952499147,0.5745008051395416,0.05169526815946048
0.25352805154398084,1.6495636670851648,98.4,21.714090368091675,319.6,-0.09682795405387878,0.3665629514327564,0.5797880232334137,0.05225814447616691
0.27282109872724575,1.6495636670851648,97.5,22.015876329131334,320.5,-0.17392629981040955,0.3086434533939427,0.5806614756584167,0.0520639279679933
0.29211414591051066,1.6495636670851648,91.0,19.439347704459493,327.0,-0.1963329017162323,0.3108796864768895,0.5863375306129456,0.05154656798299789
0.31140719309377557,1.6495636670851648,88.5,19.28148964394856,329.5,-0.26412442326545715,0.45871185203259746,0.5879880368709565,0.04731745317618197
0.3307002402770405,1.6495636670851648,85.0,17.395581644245222,333.0,-0.2621448993682861,0.4594860772554285,0.5892808020114899,0.04657259796443473
0.3499932874603054,1.6495636670851648,83.1,17.21305232244544,334.9,-0.2775732040405273,0.4965480815003438,0.5916340827941895,0.04654890011760144
0.3692863346435703,1.6495636670851648,80.2,15.755184373044438,337.8,-0.27990059852600097,0.4951285129864376,0.5928411066532135,0.04556618991984323
0.3885793818268352,1.6495636670851648,77.8,13.960358996876375,340.2,-0.2785161852836609,0.4947421431545925,0.5960304260253906,0.046495563768278875
0.4078724290101001,1.6495636670851648,77.7,13.896062358141565,340.3,-0.27842110991477964,0.49477466568059986,0.5961371243000031,0.0465556647285134
0.42716547619336503,1.6495636670851648,77.3,13.871490008554666,340.7,-0.28078524470329286,0.49408693213010973,0.5959082245826721,0.04672115491176068
0.44645852337662995,1.6495636670851648,76.9,13.658343040927777,341.1,-0.28066039085388184,0.49411039816431246,0.5958476841449738,0.04670477054790091
0.4657515705598948,1.6495636670851648,76.6,13.341400969328884,341.4,-0.2794347763061523,0.4945255525960397,0.5938193500041962,0.04577651109506076
0.4850446177431597,1.6495636670851648,71.6,13.400934513442435,346.4,-0.22990288734436035,0.3867076758654241,0.6011821806430817,0.042651208439177364
0.5043376649264246,1.6495636670851648,67.7,13.03900271985926,350.3,-0.2120195209980011,0.33720496347026585,0.6066271901130676,0.04328079269652073
0.5236307121096896,1.6495636670851648,60.6,12.046916146270037,357.4,-0.14588805437088012,0.18842555747485687,0.6133336246013641,0.0412661885033043
0.5429237592929544,1.6495636670851648,56.4,13.022203107614985,361.6,-0.16762372851371765,0.21972067225559358,0.6167330265045166,0.03951185034762475
0.5622168064762194,1.6495636670851648,47.3,17.958640589035962,370.7,-317.1847791552544,717.150803352597,0.6221983730792999,0.03525255335699347
0.5815098536594843,1.6495636670851648,36.8,16.574750730587777,381.2,-4.145903688669205,6.659510383502331,0.6209018528461456,0.037372886865494365
0.6008029008427492,1.6495636670851648,30.5,15.465428805130454,387.5,-2.6416985213756563,4.753711313771523,0.6250252664089203,0.03650474365081603
0.6200959480260141,1.6495636670851648,25.1,16.25835573086443,392.9,-4.683455163240433,6.99431168259575,0.6286077558994293,0.03688083832678335
0.6393889952092789,1.6495636670851648,15.3,15.516082312735737,402.7,-0.05936561226844787,0.07773468351687671,0.6345205962657928,0.0380153462577847
0.6586820423925439,1.6495636670851648,12.9,14.808828677925668,405.1,-13026.322037947179,29467.422345378654,0.6355319321155548,0.03842606724629893
0.6779750895758088,1.6495636670851648,8.0,10.64256194024133,410.0,-277.41010041236876,625.5876715623634,0.6347167074680329,0.036692505369581095
0.6972681367590737,1.6495636670851648,4.9,7.483376368478617,413.1,-0.018658542633056642,0.03451399473273375,0.6369041562080383,0.03657157556136004
0.7165611839423386,1.6495636670851648,3.3,5.002386040083351,414.7,-0.015578782558441162,0.03443724845519183,0.6353443145751954,0.03614029291017958
0.7358542311256036,1.6495636670851648,1.8,4.071882893137379,416.2,-0.015255701541900635,0.03451079451737485,0.6345939099788666,0.03606899377501927
0.7551472783088684,1.6495636670851648,0.2,0.4524314325708198,417.8,-0.07954103946685791,0.17993433217081323,0.6361937820911407,0.03569691951916984
0.002718438161537051,1.6873897969995584,418.7,0.34555021442218187,-0.6999999999999886,0.635667759180069,0.03577930791506133,0.0,0.0
0.02201148534480196,1.6873897969995584,393.1,5.040883920132071,24.899999999999977,0.6484364151954651,0.03368878723897966,0.0006343066692352295,0.2751833746892689
0.041304532528066866,1.6873897969995584,340.3,16.228952260261117,77.69999999999999,0.6723150610923767,0.04291913837483632,0.23620837330818176,0.09310256637628322
0.06059757971133177,1.6873897969995584,291.6,21.081664980686007,126.39999999999998,0.6991199970245361,0.04615379306597283,0.25067560076713563,0.08538202849428025
0.07989062689459668,1.6873897969995584,253.8,28.61983958575187,164.2,0.7211582660675049,0.05615727079587756,0.31036322116851806,0.12126496766499732
0.09918367407786159,1.6873897969995584,218.8,33.16767806964211,199.2,0.73096804022789,0.06833068749889178,0.37994188666343687,0.11902578572159285
0.11847672126112649,1.6873897969995584,195.6,36.027925519942094,222.4,0.7277905821800232,0.1020999064766729,0.4127180874347687,0.105192530292009
0.1377697684443914,1.6873897969995584,176.3,33.25371029395526,241.7,0.6900390207767486,0.16791836274656932,0.4489717185497284,0.10364427734257439
0.1570628156276563,1.6873897969995584,156.6,35.73317342678591,261.4,0.6538837432861329,0.16938463599226328,0.5072908103466034,0.08269373088632104
0.17635586281092122,1.6873897969995584,136.4,34.004669421345625,281.6,0.5822464108467102,0.23507832982342097,0.5295318603515625,0.0773261971858002
0.19564890999418613,1.6873897969995584,120.2,26.24665620921601,297.8,0.49087661504745483,0.30048034091433323,0.5413733899593354,0.07127766868612932
0.21494195717745104,1.6873897969995584,108.9,20.77534069598111,309.1,0.40860633850097655,0.32670109498620076,0.5573929369449615,0.062178960346297885
0.23423500436071593,1.6873897969995584,102.1,21.15234554665423,315.9,0.09355719089508056,0.45121136952499147,0.5745008051395416,0.05169526815946048
0.25352805154398084,1.6873897969995584,98.4,21.714090368091675,319.6,-0.09682795405387878,0.3665629514327564,0.5797880232334137,0.05225814447616691
0.27282109872724575,1.6873897969995584,97.5,22.015876329131334,320.5,-0.17392629981040955,0.3086434533939427,0.5806614756584167,0.0520639279679933
0.29211414591051066,1.6873897969995584,91.0,19.439347704459493,327.0,-0.1963329017162323,0.3108796864768895,0.5863375306129456,0.05154656798299789
0.31140719309377557,1.6873897969995584,88.5,19.28148964394856,329.5,-0.26412442326545715,0.45871185203259746,0.5879880368709565,0.04731745317618197
0.3307002402770405,1.6873897969995584,85.0,17.395581644245222,333.0,-0.2621448993682861,0.4594860772554285,0.5892808020114899,0.04657259796443473
0.3499932874603054,1.6873897969995584,83.1,17.21305232244544,334.9,-0.2775732040405273,0.4965480815003438,0.5916340827941895,0.04654890011760144
0.3692863346435703,1.6873897969995584,80.2,15.755184373044438,337.8,-0.27990059852600097,0.4951285129864376,0.5928411066532135,0.04556618991984323
0.3885793818268352,1.6873897969995584,77.8,13.960358996876375,340.2,-0.2785161852836609,0.4947421431545925,0.5960304260253906,0.046495563768278875
0.4078724290101001,1.6873897969995584,77.7,13.896062358141565,340.3,-0.27842110991477964,0.49477466568059986,0.5961371243000031,0.0465556647285134
0.42716547619336503,1.6873897969995584,77.3,13.871490008554666,340.7,-0.28078524470329286,0.49408693213010973,0.5959082245826721,0.04672115491176068
0.44645852337662995,1.6873897969995584,76.9,13.658343040927777,341.1,-0.28066039085388184,0.49411039816431246,0.5958476841449738,0.04670477054790091
0.4657515705598948,1.6873897969995584,76.6,13.341400969328884,341.4,-0.2794347763061523,0.4945255525960397,0.5938193500041962,0.04577651109506076
0.4850446177431597,1.6873897969995584,71.6,13.400934513442435,346.4,-0.22990288734436035,0.3867076758654241,0.6011821806430817,0.042651208439177364
0.5043376649264246,1.6873897969995584,67.7,13.03900271985926,350.3,-0.2120195209980011,0.33720496347026585,0.6066271901130676,0.04328079269652073
0.5236307121096896,1.6873897969995584,60.6,12.046916146270037,357.4,-0.14588805437088012,0.18842555747485687,0.6133336246013641,0.0412661885033043
0.5429237592929544,1.6873897969995584,56.4,13.022203107614985,361.6,-0.16762372851371765,0.21972067225559358,0.6167330265045166,0.03951185034762475
0.5622168064762194,1.6873897969995584,47.3,17.958640589035962,370.7,-317.1847791552544,717.150803352597,0.6221983730792999,0.03525255335699347
0.5815098536594843,1.6873897969995584,36.8,16.574750730587777,381.2,-4.145903688669205,6.659510383502331,0.6209018528461456,0.037372886865494365
0.6008029008427492,1.6873897969995584,30.5,15.465428805130454,387.5,-2.6416985213756563,4.753711313771523,0.6250252664089203,0.03650474365081603
0.6200959480260141,1.6873897969995584,25.1,16.25835573086443,392.9,-4.683455163240433,6.99431168259575,0.6286077558994293,0.03688083832678335
0.6393889952092789,1.6873897969995584,15.3,15.516082312735737,402.7,-0.05936561226844787,0.07773468351687671,0.6345205962657928,0.0380153462577847
0.6586820423925439,1.6873897969995584,12.9,14.808828677925668,405.1,-13026.322037947179,29467.422345378654,0.6355319321155548,0.03842606724629893
0.6779750895758088,1.6873897969995584,8.0,10.64256194024133,410.0,-277.41010041236876,625.5876715623634,0.6347167074680329,0.036692505369581095
0.6972681367590737,1.6873897969995584,4.9,7.483376368478617,413.1,-0.018658542633056642,0.03451399473273375,0.6369041562080383,0.03657157556136004
0.7165611839423386,1.6873897969995584,3.3,5.002386040083351,414.7,-0.015578782558441162,0.03443724845519183,0.6353443145751954,0.03614029291017958
0.7358542311256036,1.6873897969995584,1.8,4.071882893137379,416.2,-0.015255701541900635,0.03451079451737485,0.6345939099788666,0.03606899377501927
0.7551472783088684,1.6873897969995584,0.2,0.4524314325708198,417.8,-0.07954103946685791,0.17993433217081323,0.6361937820911407,0.03569691951916984
