rho_th,IA_th,count_in,count_in_CI,count_out,r2_in,r2in_CI,r2_out,r2out_CI
0.0004075132601428777,0.21226050008025785,0.3,0.6786471488562298,417.7,0.03964384198188782,0.08968060110238359,0.6354818403720855,0.03589081534379824
0.0034290739642575574,0.21226050008025785,0.3,0.6786471488562298,417.7,0.03964384198188782,0.08968060110238359,0.6354818403720855,0.03589081534379824
0.006450634668372237,0.21226050008025785,0.3,0.6786471488562298,417.7,0.03964384198188782,0.08968060110238359,0.6354818403720855,0.03589081534379824
0.009472195372486917,0.21226050008025785,0.3,0.6786471488562298,417.7,0.03964384198188782,0.08968060110238359,0.6354818403720855,0.03589081534379824
0.012493756076601597,0.21226050008025785,0.3,0.6786471488562298,417.7,0.03964384198188782,0.08968060110238359,0.6354818403720855,0.03589081534379824
0.015515316780716276,0.21226050008025785,0.3,0.6786471488562298,417.7,0.03964384198188782,0.08968060110238359,0.6354818403720855,0.03589081534379824
0.018536877484830957,0.21226050008025785,0.3,0.6786471488562298,417.7,0.03964384198188782,0.08968060110238359,0.6354818403720855,0.03589081534379824
0.021558438188945636,0.21226050008025785,0.3,0.6786471488562298,417.7,0.03964384198188782,0.08968060110238359,0.6354818403720855,0.03589081534379824
0.024579998893060315,0.21226050008025785,0.3,0.6786471488562298,417.7,0.03964384198188782,0.08968060110238359,0.6354818403720855,0.03589081534379824
0.027601559597174995,0.21226050008025785,0.3,0.6786471488562298,417.7,0.03964384198188782,0.08968060110238359,0.6354818403720855,0.03589081534379824
0.030623120301289674,0.21226050008025785,0.3,0.6786471488562298,417.7,0.03964384198188782,0.08968060110238359,0.6354818403720855,0.03589081534379824
0.03364468100540435,0.21226050008025785,0.3,0.6786471488562298,417.7,0.03964384198188782,0.08968060110238359,0.6354818403720855,0.03589081534379824
0.036666241709519036,0.21226050008025785,0.0,0.0,418.0,0.0,0.0,0.635667759180069,0.03577930791506133
0.03968780241363371,0.21226050008025785,0.0,0.0,418.0,0.0,0.0,0.635667759180069,0.03577930791506133
0.042709363117748395,0.21226050008025785,0.0,0.0,418.0,0.0,0.0,0.635667759180069,0.03577930791506133
0.04573092382186307,0.21226050008025785,0.0,0.0,418.0,0.0,0.0,0.635667759180069,0.03577930791506133
0.04875248452597775,0.21226050008025785,0.0,0.0,418.0,0.0,0.0,0.635667759180069,0.03577930791506133
0.051774045230092436,0.21226050008025785,0.0,0.0,418.0,0.0,0.0,0.635667759180069,0.03577930791506133
0.05479560593420711,0.21226050008025785,0.0,0.0,418.0,0.0,0.0,0.635667759180069,0.03577930791506133
0.057817166638321794,0.21226050008025785,0.0,0.0,418.0,0.0,0.0,0.635667759180069,0.03577930791506133
0.06083872734243647,0.21226050008025785,0.0,0.0,418.0,0.0,0.0,0.635667759180069,0.03577930791506133
0.06386028804655115,0.21226050008025785,0.0,0.0,418.0,0.0,0.0,0.635667759180069,0.03577930791506133
0.06688184875066583,0.21226050008025785,0.0,0.0,418.0,0.0,0.0,0.635667759180069,0.03577930791506133
0.0699034094547805,0.21226050008025785,0.0,0.0,418.0,0.0,0.0,0.635667759180069,0.03577930791506133
0.0729249701588952,0.21226050008025785,0.0,0.0,418.0,0.0,0.0,0.635667759180069,0.03577930791506133
0.07594653086300987,0.21226050008025785,0.0,0.0,418.0,0.0,0.0,0.635667759180069,0.03577930791506133
0.07896809156712455,0.21226050008025785,0.0,0.0,418.0,0.0,0.0,0.635667759180069,0.03577930791506133
0.08198965227123924,0.21226050008025785,0.0,0.0,418.0,0.0,0.0,0.635667759180069,0.03577930791506133
0.08501121297535391,0.21226050008025785,0.0,0.0,418.0,0.0,0.0,0.635667759180069,0.03577930791506133
0.08803277367946859,0.21226050008025785,0.0,0.0,418.0,0.0,0.0,0.635667759180069,0.03577930791506133
0.09105433438358326,0.21226050008025785,0.0,0.0,418.0,0.0,0.0,0.635667759180069,0.03577930791506133
0.09407589508769795,0.21226050008025785,0.0,0.0,418.0,0.0,0.0,0.635667759180069,0.03577930791506133
0.09709745579181263,0.21226050008025785,0.0,0.0,418.0,0.0,0.0,0.635667759180069,0.03577930791506133
0.1001190164959273,0.21226050008025785,0.0,0.0,418.0,0.0,0.0,0.635667759180069,0.03577930791506133
0.103140577200042,0.21226050008025785,0.0,0.0,418.0,0.0,0.0,0.635667759180069,0.03577930791506133
0.10616213790415667,0.21226050008025785,0.0,0.0,418.0,0.0,0.0,0.635667759180069,0.03577930791506133
0.10918369860827135,0.21226050008025785,0.0,0.0,418.0,0.0,0.0,0.635667759180069,0.03577930791506133
0.11220525931238602,0.21226050008025785,0.0,0.0,418.0,0.0,0.0,0.635667759180069,0.03577930791506133
0.11522682001650071,0.21226050008025785,0.0,0.0,418.0,0.0,0.0,0.635667759180069,0.03577930791506133
0.11824838072061539,0.21226050008025785,0.0,0.0,418.0,0.0,0.0,0.635667759180069,0.03577930791506133
0.0004075132601428777,0.25008432436139344,2.5,5.655392907135248,415.5,-0.0028946518898010252,0.006548157506482544,0.6358384609222412,0.03568098589820484
0.0034290739642575574,0.25008432436139344,2.5,5.655392907135248,415.5,-0.0028946518898010252,0.006548157506482544,0.6358384609222412,0.03568098589820484
0.006450634668372237,0.25008432436139344,2.5,5.655392907135248,415.5,-0.0028946518898010252,0.006548157506482544,0.6358384609222412,0.03568098589820484
0.009472195372486917,0.25008432436139344,2.5,5.655392907135248,415.5,-0.0028946518898010252,0.006548157506482544,0.6358384609222412,0.03568098589820484
0.012493756076601597,0.25008432436139344,2.5,5.655392907135248,415.5,-0.0028946518898010252,0.006548157506482544,0.6358384609222412,0.03568098589820484
0.015515316780716276,0.25008432436139344,2.5,5.655392907135248,415.5,-0.0028946518898010252,0.006548157506482544,0.6358384609222412,0.03568098589820484
0.018536877484830957,0.25008432436139344,2.5,5.655392907135248,415.5,-0.0028946518898010252,0.006548157506482544,0.6358384609222412,0.03568098589820484
0.021558438188945636,0.25008432436139344,2.5,5.655392907135248,415.5,-0.0028946518898010252,0.006548157506482544,0.6358384609222412,0.03568098589820484
0.024579998893060315,0.25008432436139344,2.5,5.655392907135248,415.5,-0.0028946518898010252,0.006548157506482544,0.6358384609222412,0.03568098589820484
0.027601559597174995,0.25008432436139344,2.5,5.655392907135248,415.5,-0.0028946518898010252,0.006548157506482544,0.6358384609222412,0.03568098589820484
0.030623120301289674,0.25008432436139344,1.2,2.714588595424919,416.8,-0.015242826938629151,0.03448167014136535,0.637197059392929,0.03504061792904749
0.03364468100540435,0.25008432436139344,1.2,2.714588595424919,416.8,-0.015242826938629151,0.03448167014136535,0.637197059392929,0.03504061792904749
0.036666241709519036,0.25008432436139344,0.9,2.0359414465686894,417.1,-0.02008024454116821,0.0454246690206656,0.6373835146427155,0.034972900729047914
0.03968780241363371,0.25008432436139344,0.9,2.0359414465686894,417.1,-0.02008024454116821,0.0454246690206656,0.6373835146427155,0.034972900729047914
0.042709363117748395,0.25008432436139344,0.9,2.0359414465686894,417.1,-0.02008024454116821,0.0454246690206656,0.6373835146427155,0.034972900729047914
0.04573092382186307,0.25008432436139344,0.9,2.0359414465686894,417.1,-0.02008024454116821,0.0454246690206656,0.6373835146427155,0.034972900729047914
0.04875248452597775,0.25008432436139344,0.9,2.0359414465686894,417.1,-0.02008024454116821,0.0454246690206656,0.6373835146427155,0.034972900729047914
0.051774045230092436,0.25008432436139344,0.9,2.0359414465686894,417.1,-0.02008024454116821,0.0454246690206656,0.6373835146427155,0.034972900729047914
0.05479560593420711,0.25008432436139344,0.9,2.0359414465686894,417.1,-0.02008024454116821,0.0454246690206656,0.6373835146427155,0.034972900729047914
0.057817166638321794,0.25008432436139344,0.9,2.0359414465686894,417.1,-0.02008024454116821,0.0454246690206656,0.6373835146427155,0.034972900729047914
0.06083872734243647,0.25008432436139344,0.9,2.0359414465686894,417.1,-0.02008024454116821,0.0454246690206656,0.6373835146427155,0.034972900729047914
0.06386028804655115,0.25008432436139344,0.9,2.0359414465686894,417.1,-0.02008024454116821,0.0454246690206656,0.6373835146427155,0.034972900729047914
0.06688184875066583,0.25008432436139344,0.9,2.0359414465686894,417.1,-0.02008024454116821,0.0454246690206656,0.6373835146427155,0.034972900729047914
0.0699034094547805,0.25008432436139344,0.9,2.0359414465686894,417.1,-0.02008024454116821,0.0454246690206656,0.6373835146427155,0.034972900729047914
0.0729249701588952,0.25008432436139344,0.9,2.0359414465686894,417.1,-0.02008024454116821,0.0454246690206656,0.6373835146427155,0.034972900729047914
0.07594653086300987,0.25008432436139344,0.9,2.0359414465686894,417.1,-0.02008024454116821,0.0454246690206656,0.6373835146427155,0.034972900729047914
0.07896809156712455,0.25008432436139344,0.9,2.0359414465686894,417.1,-0.02008024454116821,0.0454246690206656,0.6373835146427155,0.034972900729047914
0.08198965227123924,0.25008432436139344,0.9,2.0359414465686894,417.1,-0.02008024454116821,0.0454246690206656,0.6373835146427155,0.034972900729047914
0.08501121297535391,0.25008432436139344,0.0,0.0,418.0,0.0,0.0,0.635667759180069,0.03577930791506133
0.08803277367946859,0.25008432436139344,0.0,0.0,418.0,0.0,0.0,0.635667759180069,0.03577930791506133
0.09105433438358326,0.25008432436139344,0.0,0.0,418.0,0.0,0.0,0.635667759180069,0.03577930791506133
0.09407589508769795,0.25008432436139344,0.0,0.0,418.0,0.0,0.0,0.635667759180069,0.03577930791506133
0.09709745579181263,0.25008432436139344,0.0,0.0,418.0,0.0,0.0,0.635667759180069,0.03577930791506133
0.1001190164959273,0.25008432436139344,0.0,0.0,418.0,0.0,0.0,0.635667759180069,0.03577930791506133
0.103140577200042,0.25008432436139344,0.0,0.0,418.0,0.0,0.0,0.635667759180069,0.03577930791506133
0.10616213790415667,0.25008432436139344,0.0,0.0,418.0,0.0,0.0,0.635667759180069,0.03577930791506133
0.10918369860827135,0.25008432436139344,0.0,0.0,418.0,0.0,0.0,0.635667759180069,0.03577930791506133
0.11220525931238602,0.25008432436139344,0.0,0.0,418.0,0.0,0.0,0.635667759180069,0.03577930791506133
0.11522682001650071,0.25008432436139344,0.0,0.0,418.0,0.0,0.0,0.635667759180069,0.03577930791506133
0.11824838072061539,0.25008432436139344,0.0,0.0,418.0,0.0,0.0,0.635667759180069,0.03577930791506133
0.0004075132601428777,0.287908148642529,11.6,15.756627882541537,406.4,-7.7397106170654295,16.838701467648683,0.6289056003093719,0.04247090844379568
0.0034290739642575574,0.287908148642529,11.6,15.756627882541537,406.4,-7.7397106170654295,16.838701467648683,0.6289056003093719,0.04247090844379568
0.006450634668372237,0.287908148642529,11.6,15.756627882541537,406.4,-7.7397106170654295,16.838701467648683,0.6289056003093719,0.04247090844379568
0.009472195372486917,0.287908148642529,11.6,15.756627882541537,406.4,-7.7397106170654295,16.838701467648683,0.6289056003093719,0.04247090844379568
0.012493756076601597,0.287908148642529,11.6,15.756627882541537,406.4,-7.7397106170654295,16.838701467648683,0.6289056003093719,0.04247090844379568
0.015515316780716276,0.287908148642529,11.5,15.796452677298072,406.5,-7.7397106170654295,16.838701467648683,0.6283748924732209,0.04209770975799232
0.018536877484830957,0.287908148642529,11.5,15.796452677298072,406.5,-7.7397106170654295,16.838701467648683,0.6283748924732209,0.04209770975799232
0.021558438188945636,0.287908148642529,11.5,15.796452677298072,406.5,-7.7397106170654295,16.838701467648683,0.6283748924732209,0.04209770975799232
0.024579998893060315,0.287908148642529,11.5,15.796452677298072,406.5,-7.7397106170654295,16.838701467648683,0.6283748924732209,0.04209770975799232
0.027601559597174995,0.287908148642529,11.5,15.796452677298072,406.5,-7.7397106170654295,16.838701467648683,0.6283748924732209,0.04209770975799232
0.030623120301289674,0.287908148642529,10.2,13.159456455213462,407.8,-7.740281128883362,16.838552796840865,0.630597048997879,0.0398243674821194
0.03364468100540435,0.287908148642529,10.2,13.159456455213462,407.8,-7.740281128883362,16.838552796840865,0.630597048997879,0.0398243674821194
0.036666241709519036,0.287908148642529,9.9,12.57007818032103,408.1,-7.741019070148468,16.838360640035976,0.630916154384613,0.039539677933547006
0.03968780241363371,0.287908148642529,9.9,12.57007818032103,408.1,-7.741019070148468,16.838360640035976,0.630916154384613,0.039539677933547006
0.042709363117748395,0.287908148642529,9.9,12.57007818032103,408.1,-7.741019070148468,16.838360640035976,0.630916154384613,0.039539677933547006
0.04573092382186307,0.287908148642529,9.9,12.57007818032103,408.1,-7.741019070148468,16.838360640035976,0.630916154384613,0.039539677933547006
0.04875248452597775,0.287908148642529,9.0,12.680641424054647,409.0,-7.621199882030487,16.867033265586986,0.6302375316619873,0.03812483744092978
0.051774045230092436,0.287908148642529,9.0,12.680641424054647,409.0,-7.621199882030487,16.867033265586986,0.6302375316619873,0.03812483744092978
0.05479560593420711,0.287908148642529,9.0,12.680641424054647,409.0,-7.621199882030487,16.867033265586986,0.6302375316619873,0.03812483744092978
0.057817166638321794,0.287908148642529,9.0,12.680641424054647,409.0,-7.621199882030487,16.867033265586986,0.6302375316619873,0.03812483744092978
0.06083872734243647,0.287908148642529,9.0,12.680641424054647,409.0,-7.621199882030487,16.867033265586986,0.6302375316619873,0.03812483744092978
0.06386028804655115,0.287908148642529,9.0,12.680641424054647,409.0,-7.621199882030487,16.867033265586986,0.6302375316619873,0.03812483744092978
0.06688184875066583,0.287908148642529,9.0,12.680641424054647,409.0,-7.621199882030487,16.867033265586986,0.6302375316619873,0.03812483744092978
0.0699034094547805,0.287908148642529,9.0,12.680641424054647,409.0,-7.621199882030487,16.867033265586986,0.6302375316619873,0.03812483744092978
0.0729249701588952,0.287908148642529,8.5,12.322471165472834,409.5,-287.8042412638664,650.6819905818339,0.6306551694869995,0.0380515459260886
0.07594653086300987,0.287908148642529,6.8,11.854701219719557,411.2,-75.85219658613205,171.21338677720584,0.6319484829902648,0.037973075824647685
0.07896809156712455,0.287908148642529,6.8,11.854701219719557,411.2,-75.85219658613205,171.21338677720584,0.6319484829902648,0.037973075824647685
0.08198965227123924,0.287908148642529,6.8,11.854701219719557,411.2,-75.85219658613205,171.21338677720584,0.6319484829902648,0.037973075824647685
0.08501121297535391,0.287908148642529,1.5,2.414145559725568,416.5,-75.84890258312225,171.21421634652205,0.6348100364208221,0.0358128523282498
0.08803277367946859,0.287908148642529,1.5,2.414145559725568,416.5,-75.84890258312225,171.21421634652205,0.6348100364208221,0.0358128523282498
0.09105433438358326,0.287908148642529,1.5,2.414145559725568,416.5,-75.84890258312225,171.21421634652205,0.6348100364208221,0.0358128523282498
0.09407589508769795,0.287908148642529,0.5,1.1310785814270496,417.5,-75.70239868164063,171.25072342291008,0.6353139460086823,0.03577936197297034
0.09709745579181263,0.287908148642529,0.5,1.1310785814270496,417.5,-75.70239868164063,171.25072342291008,0.6353139460086823,0.03577936197297034
0.1001190164959273,0.287908148642529,0.2,0.4524314325708198,417.8,-33.39958801269531,75.5551172592946,0.6355257987976074,0.035777178815977514
0.103140577200042,0.287908148642529,0.2,0.4524314325708198,417.8,-33.39958801269531,75.5551172592946,0.6355257987976074,0.035777178815977514
0.10616213790415667,0.287908148642529,0.2,0.4524314325708198,417.8,-33.39958801269531,75.5551172592946,0.6355257987976074,0.035777178815977514
0.10918369860827135,0.287908148642529,0.1,0.2262157162854099,417.9,0.0,0.0,0.6355973899364471,0.03577789226374071
0.11220525931238602,0.287908148642529,0.1,0.2262157162854099,417.9,0.0,0.0,0.6355973899364471,0.03577789226374071
0.11522682001650071,0.287908148642529,0.0,0.0,418.0,0.0,0.0,0.635667759180069,0.03577930791506133
0.11824838072061539,0.287908148642529,0.0,0.0,418.0,0.0,0.0,0.635667759180069,0.03577930791506133
0.0004075132601428777,0.32573197292366457,21.5,15.010188874451607,396.5,-58.857872027158734,125.79093039101424,0.6190508365631103,0.04615258857949844
0.0034290739642575574,0.32573197292366457,21.5,15.010188874451607,396.5,-58.857872027158734,125.79093039101424,0.6190508365631103,0.04615258857949844
0.006450634668372237,0.32573197292366457,21.5,15.010188874451607,396.5,-58.857872027158734,125.79093039101424,0.6190508365631103,0.04615258857949844
0.009472195372486917,0.32573197292366457,21.5,15.010188874451607,396.5,-58.857872027158734,125.79093039101424,0.6190508365631103,0.04615258857949844
0.012493756076601597,0.32573197292366457,21.5,15.010188874451607,396.5,-58.857872027158734,125.79093039101424,0.6190508365631103,0.04615258857949844
0.015515316780716276,0.32573197292366457,21.4,15.085571388242737,396.6,-58.775711697340014,125.81261920659897,0.6185190796852111,0.045744111077124
0.018536877484830957,0.32573197292366457,21.3,15.163954143738833,396.7,-58.775711697340014,125.81261920659897,0.618527066707611,0.04575003944989139
0.021558438188945636,0.32573197292366457,21.3,15.163954143738833,396.7,-58.775711697340014,125.81261920659897,0.618527066707611,0.04575003944989139
0.024579998893060315,0.32573197292366457,21.3,15.163954143738833,396.7,-58.775711697340014,125.81261920659897,0.618527066707611,0.04575003944989139
0.027601559597174995,0.32573197292366457,21.3,15.163954143738833,396.7,-58.775711697340014,125.81261920659897,0.618527066707611,0.04575003944989139
0.030623120301289674,0.32573197292366457,20.0,12.907297779118204,398.0,-58.77625105977059,125.81247598944108,0.6207784056663513,0.04387849661404032
0.03364468100540435,0.32573197292366457,20.0,12.907297779118204,398.0,-58.77625105977059,125.81247598944108,0.6207784056663513,0.04387849661404032
0.036666241709519036,0.32573197292366457,19.7,12.427231744794648,398.3,-58.776992064714435,125.81227924908197,0.6211019635200501,0.04365178234701003
0.03968780241363371,0.32573197292366457,19.7,12.427231744794648,398.3,-58.776992064714435,125.81227924908197,0.6211019635200501,0.04365178234701003
0.042709363117748395,0.32573197292366457,19.7,12.427231744794648,398.3,-58.776992064714435,125.81227924908197,0.6211019635200501,0.04365178234701003
0.04573092382186307,0.32573197292366457,19.7,12.427231744794648,398.3,-58.776992064714435,125.81227924908197,0.6211019635200501,0.04365178234701003
0.04875248452597775,0.32573197292366457,18.8,12.857864641980775,399.2,-58.67717366814613,125.83854447671858,0.6204312443733215,0.04227798443207973
0.051774045230092436,0.32573197292366457,18.3,13.008441833052709,399.7,-63.46476886868477,125.09273711673433,0.6210017263889313,0.04177952994873537
0.05479560593420711,0.32573197292366457,18.0,13.082319977168016,400.0,-63.54755247235298,125.07365237523612,0.6211557984352112,0.041922457891680136
0.057817166638321794,0.32573197292366457,17.0,13.572942977124596,401.0,-62.22706153988838,125.41107852141391,0.6216577291488647,0.04240461371291961
0.06083872734243647,0.32573197292366457,17.0,13.572942977124596,401.0,-62.22706153988838,125.41107852141391,0.6216577291488647,0.04240461371291961
0.06386028804655115,0.32573197292366457,17.0,13.572942977124596,401.0,-62.22706153988838,125.41107852141391,0.6216577291488647,0.04240461371291961
0.06688184875066583,0.32573197292366457,17.0,13.572942977124596,401.0,-62.22706153988838,125.41107852141391,0.6216577291488647,0.04240461371291961
0.0699034094547805,0.32573197292366457,17.0,13.572942977124596,401.0,-62.22706153988838,125.41107852141391,0.6216577291488647,0.04240461371291961
0.0729249701588952,0.32573197292366457,16.0,12.774457559489365,402.0,-62.29623579978943,125.3953422019927,0.6224212765693664,0.042097169553325556
0.07594653086300987,0.32573197292366457,14.3,12.046208149669491,403.7,-61.497256422042845,125.590451345781,0.6238573670387269,0.04201121380522706
0.07896809156712455,0.32573197292366457,13.3,12.49567420544603,404.7,-56.43390307426453,126.35945220073125,0.6250607669353485,0.04087360975078468
0.08198965227123924,0.32573197292366457,13.1,12.36944741815839,404.9,-56.43395899534225,126.3594380082036,0.6252369403839111,0.04080002931370982
0.08501121297535391,0.32573197292366457,7.8,7.501210670541275,410.2,-56.43066499233246,126.36027422518359,0.6280984938144684,0.03907798009369227
0.08803277367946859,0.32573197292366457,5.9,5.72732448345543,412.1,-58.571345591545104,125.9068406260248,0.6301953613758087,0.037613184214897274
0.09105433438358326,0.32573197292366457,5.9,5.72732448345543,412.1,-58.571345591545104,125.9068406260248,0.6301953613758087,0.037613184214897274
0.09407589508769795,0.32573197292366457,4.9,5.463108247304938,413.1,-15736.242596054077,35451.19434982949,0.6307166516780853,0.03759856160659783
0.09709745579181263,0.32573197292366457,3.1,3.939156970635384,414.9,-15734.06773827076,35451.74286062667,0.6331595122814179,0.03616413702111287
0.1001190164959273,0.32573197292366457,2.6,3.4587915330144545,415.4,-15734.029914093018,35451.75240019916,0.6336261332035065,0.03604487318538104
0.103140577200042,0.32573197292366457,2.6,3.4587915330144545,415.4,-15734.029914093018,35451.75240019916,0.6336261332035065,0.03604487318538104
0.10616213790415667,0.32573197292366457,2.3,3.5053299446297173,415.7,-56.223664093017575,126.41086098050714,0.6338451564311981,0.036039920771374155
0.10918369860827135,0.32573197292366457,2.2,3.334924026722235,415.8,-56.22324929237366,126.41096011064828,0.6339238584041595,0.0360333880427487
0.11220525931238602,0.32573197292366457,2.2,3.334924026722235,415.8,-56.22324929237366,126.41096011064828,0.6339238584041595,0.0360333880427487
0.11522682001650071,0.32573197292366457,1.6,2.6164639954336035,416.4,-16.629578590393066,36.85006015163446,0.6344434380531311,0.035903647577684356
0.11824838072061539,0.32573197292366457,0.8,1.8097257302832792,417.2,0.010011237859725953,0.02264699343341521,0.6351254403591156,0.03578670077271057
0.0004075132601428777,0.36355579720480014,33.6,16.253983583125528,384.4,-0.20344441533088684,0.3334410801631114,0.6201505482196807,0.04268523524649381
0.0034290739642575574,0.36355579720480014,33.6,16.253983583125528,384.4,-0.20344441533088684,0.3334410801631114,0.6201505482196807,0.04268523524649381
0.006450634668372237,0.36355579720480014,33.6,16.253983583125528,384.4,-0.20344441533088684,0.3334410801631114,0.6201505482196807,0.04268523524649381
0.009472195372486917,0.36355579720480014,33.6,16.253983583125528,384.4,-0.20344441533088684,0.3334410801631114,0.6201505482196807,0.04268523524649381
0.012493756076601597,0.36355579720480014,32.8,16.231579735698105,385.2,-0.20958971381187438,0.32963921638557725,0.6204771399497986,0.04287567852708775
0.015515316780716276,0.36355579720480014,32.7,16.24296055121887,385.3,-0.3121208965778351,0.3516001847499976,0.6199090421199799,0.042552109751004145
0.018536877484830957,0.36355579720480014,32.6,16.257481395381287,385.4,-0.2328836977481842,0.32033663531696954,0.6199290812015533,0.04256290495234024
0.021558438188945636,0.36355579720480014,32.6,16.257481395381287,385.4,-0.2328836977481842,0.32033663531696954,0.6199290812015533,0.04256290495234024
0.024579998893060315,0.36355579720480014,32.6,16.257481395381287,385.4,-0.2328836977481842,0.32033663531696954,0.6199290812015533,0.04256290495234024
0.027601559597174995,0.36355579720480014,32.6,16.257481395381287,385.4,-0.2328836977481842,0.32033663531696954,0.6199290812015533,0.04256290495234024
0.030623120301289674,0.36355579720480014,31.3,14.449697960569235,386.7,-0.2334381878376007,0.3201235451212906,0.622342836856842,0.04005193725754935
0.03364468100540435,0.36355579720480014,31.3,14.449697960569235,386.7,-0.2334381878376007,0.3201235451212906,0.622342836856842,0.04005193725754935
0.036666241709519036,0.36355579720480014,31.0,14.086861117441574,387.0,-0.23415966629981994,0.319853433186344,0.6226911902427673,0.03973843641750776
0.03968780241363371,0.36355579720480014,31.0,14.086861117441574,387.0,-0.23415966629981994,0.319853433186344,0.6226911902427673,0.03973843641750776
0.042709363117748395,0.36355579720480014,31.0,14.086861117441574,387.0,-0.23415966629981994,0.319853433186344,0.6226911902427673,0.03973843641750776
0.04573092382186307,0.36355579720480014,31.0,14.086861117441574,387.0,-0.23415966629981994,0.319853433186344,0.6226911902427673,0.03973843641750776
0.04875248452597775,0.36355579720480014,30.1,14.635028246733986,387.9,-0.38931607604026797,0.4639350968575379,0.6220067501068115,0.03830183724638091
0.051774045230092436,0.36355579720480014,29.6,14.869178897049492,388.4,-0.439649885892868,0.49283774411135345,0.6226013004779816,0.03768903788252382
0.05479560593420711,0.36355579720480014,29.3,14.857128464827928,388.7,-0.43955070376396177,0.49289259722396395,0.6227777600288391,0.03784833681187907
0.057817166638321794,0.36355579720480014,27.2,15.256475691968074,390.8,-16.31102361679077,35.82136443132391,0.6240455269813537,0.038799990026057045
0.06083872734243647,0.36355579720480014,27.2,15.256475691968074,390.8,-16.31102361679077,35.82136443132391,0.6240455269813537,0.038799990026057045
0.06386028804655115,0.36355579720480014,27.2,15.256475691968074,390.8,-16.31102361679077,35.82136443132391,0.6240455269813537,0.038799990026057045
0.06688184875066583,0.36355579720480014,27.2,15.256475691968074,390.8,-16.31102361679077,35.82136443132391,0.6240455269813537,0.038799990026057045
0.0699034094547805,0.36355579720480014,27.2,15.256475691968074,390.8,-16.31102361679077,35.82136443132391,0.6240455269813537,0.038799990026057045
0.0729249701588952,0.36355579720480014,26.2,14.20263226873584,391.8,-16.310315597057343,35.82154760274455,0.6248382925987244,0.03869832236177559
0.07594653086300987,0.36355579720480014,24.5,12.98306545928656,393.5,-16.30860577225685,35.82199103409631,0.626444137096405,0.03861852262481525
0.07896809156712455,0.36355579720480014,23.5,13.640847291166018,394.5,-16.146438878774642,35.86285966650984,0.6276883602142334,0.03722762205222051
0.08198965227123924,0.36355579720480014,22.1,13.049464262185936,395.9,-15.239894062280655,26.548013276368156,0.6291564464569092,0.03614654575542086
0.08501121297535391,0.36355579720480014,16.8,11.304751785665943,401.2,-15.23660005927086,26.549087146040243,0.6320179998874664,0.03400388689685751
0.08803277367946859,0.36355579720480014,14.8,9.807320263638212,403.2,-15.247772002220154,26.54543364560756,0.6341152429580689,0.03368036805939272
0.09105433438358326,0.36355579720480014,12.2,7.7105313398084325,405.8,-8.954562216997147,10.368134910678712,0.6287163913249969,0.03589236173558394
0.09407589508769795,0.36355579720480014,10.3,8.301770916295778,407.7,-282.2410051882267,624.4307798877797,0.6298110783100128,0.036293449523888285
0.09709745579181263,0.36355579720480014,6.9,8.068360547512953,411.1,-280.06832793951037,624.9663064062106,0.6327574491500855,0.03533538673028532
0.1001190164959273,0.36355579720480014,5.3,7.615929114942134,412.7,-276.6420227766037,625.7783864547554,0.6338655710220337,0.036073752928931696
0.103140577200042,0.36355579720480014,5.3,7.615929114942134,412.7,-276.6420227766037,625.7783864547554,0.6338655710220337,0.036073752928931696
0.10616213790415667,0.36355579720480014,5.0,7.675053246657412,413.0,-0.01167609691619873,0.03631346530397455,0.634086525440216,0.03606543529181512
0.10918369860827135,0.36355579720480014,4.9,7.483376368478617,413.1,-0.011899840831756592,0.03615031345682327,0.634173434972763,0.03606431949492638
0.11220525931238602,0.36355579720480014,4.8,7.516355468253963,413.2,-0.011899840831756592,0.03615031345682327,0.6342438995838166,0.03606302684223313
0.11522682001650071,0.36355579720480014,4.2,6.884626313228043,413.8,-0.00028784871101379396,0.01103207188960754,0.6348010301589966,0.035917621974542124
0.11824838072061539,0.36355579720480014,0.8,1.8097257302832792,417.2,0.010011237859725953,0.02264699343341521,0.6351254403591156,0.03578670077271057
0.0004075132601428777,0.4013796214859357,41.4,20.73630355860857,376.6,-0.2167944848537445,0.32965709982881725,0.6180219948291779,0.04442976178934601
0.0034290739642575574,0.4013796214859357,41.4,20.73630355860857,376.6,-0.2167944848537445,0.32965709982881725,0.6180219948291779,0.04442976178934601
0.006450634668372237,0.4013796214859357,41.4,20.73630355860857,376.6,-0.2167944848537445,0.32965709982881725,0.6180219948291779,0.04442976178934601
0.009472195372486917,0.4013796214859357,41.4,20.73630355860857,376.6,-0.2167944848537445,0.32965709982881725,0.6180219948291779,0.04442976178934601
0.012493756076601597,0.4013796214859357,40.6,20.84569608578572,377.4,-0.22302387952804564,0.32560511886315213,0.6183561027050019,0.044620167167919896
0.015515316780716276,0.4013796214859357,40.5,20.870366605713116,377.5,-0.32016271352767944,0.3405871748300435,0.6177852988243103,0.04430217914118388
0.018536877484830957,0.4013796214859357,40.4,20.897456934119457,377.6,-0.24369213581085206,0.3163135943729264,0.617806339263916,0.04431327312741137
0.021558438188945636,0.4013796214859357,39.7,20.072670606296892,378.3,-0.24198451042175292,0.31697174486148816,0.6192134261131287,0.042513652441638954
0.024579998893060315,0.4013796214859357,39.5,19.853928730068272,378.5,-0.2413952350616455,0.3172094634382122,0.6195671498775482,0.042087020374486576
0.027601559597174995,0.4013796214859357,39.5,19.853928730068272,378.5,-0.2413952350616455,0.3172094634382122,0.6195671498775482,0.042087020374486576
0.030623120301289674,0.4013796214859357,38.2,18.638369113185306,379.8,-0.24191097021102906,0.3170011151986922,0.6220155417919159,0.039453721471096805
0.03364468100540435,0.4013796214859357,38.1,18.713417020027986,379.9,-0.24255384206771852,0.3167918708965252,0.6221083998680115,0.039422490781522636
0.036666241709519036,0.4013796214859357,37.8,18.488282023142926,380.2,-0.24327903985977173,0.31650491524299584,0.622462022304535,0.03909160671681664
0.03968780241363371,0.4013796214859357,37.8,18.488282023142926,380.2,-0.24327903985977173,0.31650491524299584,0.622462022304535,0.03909160671681664
0.042709363117748395,0.4013796214859357,37.8,18.488282023142926,380.2,-0.24327903985977173,0.31650491524299584,0.622462022304535,0.03909160671681664
0.04573092382186307,0.4013796214859357,37.1,18.07352050459438,380.9,-0.241017884016037,0.3178507990636026,0.6229243576526642,0.039449631618634365
0.04875248452597775,0.4013796214859357,34.2,18.159360068512708,383.8,-0.2201053023338318,0.3204574139380583,0.6225043118000031,0.038227836638923714
0.051774045230092436,0.4013796214859357,33.7,18.41200768251717,384.3,-0.2704391121864319,0.3742080910533186,0.623098862171173,0.03760935953142666
0.05479560593420711,0.4013796214859357,33.4,18.440242833462356,384.6,-0.27033993005752566,0.3742548338843228,0.6232753217220306,0.03776767271822004
0.057817166638321794,0.4013796214859357,31.3,18.95673305235438,386.7,-0.8609314858913422,1.3385553112442239,0.6245558261871338,0.03870599283075269
0.06083872734243647,0.4013796214859357,31.3,18.95673305235438,386.7,-0.8609314858913422,1.3385553112442239,0.6245558261871338,0.03870599283075269
0.06386028804655115,0.4013796214859357,31.3,18.95673305235438,386.7,-0.8609314858913422,1.3385553112442239,0.6245558261871338,0.03870599283075269
0.06688184875066583,0.4013796214859357,31.3,18.95673305235438,386.7,-0.8609314858913422,1.3385553112442239,0.6245558261871338,0.03870599283075269
0.0699034094547805,0.4013796214859357,31.3,18.95673305235438,386.7,-0.8609314858913422,1.3385553112442239,0.6245558261871338,0.03870599283075269
0.0729249701588952,0.4013796214859357,30.3,17.77405608656081,387.7,-0.8605343639850617,1.3386923671276176,0.6254597544670105,0.03863132915031057
0.07594653086300987,0.4013796214859357,28.6,15.254239382519865,389.4,-0.8618265926837921,1.338206426877817,0.6273737728595734,0.03874115763317243
0.07896809156712455,0.4013796214859357,27.6,15.964555248012573,390.4,-0.6996596992015839,1.3681546342986304,0.6286179959774018,0.03733721320926863
0.08198965227123924,0.4013796214859357,26.1,15.517548064557511,391.9,-0.5535502552986145,0.9359645584693671,0.6302562475204467,0.036053761490677495
0.08501121297535391,0.4013796214859357,20.2,15.151762884934774,397.8,-0.5356431603431702,0.9419171496291417,0.6328741848468781,0.033995397348799784
0.08803277367946859,0.4013796214859357,18.2,14.342068483445605,399.8,-0.5468151032924652,0.9380816386065443,0.6349714279174805,0.03364146160971578
0.09105433438358326,0.4013796214859357,15.6,13.33713840461121,402.4,-2.314423477649689,4.761372752439491,0.6295780599117279,0.035926575244338566
0.09407589508769795,0.4013796214859357,13.5,13.982538820801967,404.5,-278.75375201702116,625.2657900456202,0.6307861685752869,0.03638581163810864
0.09709745579181263,0.4013796214859357,9.9,14.269133986399945,408.1,-280.07035555243493,624.9657897041602,0.6337173640727997,0.035364012480255856
0.1001190164959273,0.4013796214859357,8.3,13.846874053500487,409.7,-276.6443462729454,625.7778023609419,0.6348699152469635,0.03612967167598152
0.103140577200042,0.4013796214859357,8.3,13.846874053500487,409.7,-276.6443462729454,625.7778023609419,0.6348699152469635,0.03612967167598152
0.10616213790415667,0.4013796214859357,6.5,10.713118192689993,411.5,-0.015331053733825683,0.03449227068377555,0.6358015775680542,0.036241093393385264
0.10918369860827135,0.4013796214859357,6.1,9.880388459562106,411.9,-0.015429949760437012,0.0344692231637098,0.6360234916210175,0.03629407571158165
0.11220525931238602,0.4013796214859357,5.5,8.891745340766066,412.5,-0.015364420413970948,0.03448433413403134,0.6363140642642975,0.03634983488579615
0.11522682001650071,0.4013796214859357,4.2,6.884626313228043,413.8,-0.00028784871101379396,0.01103207188960754,0.6348010301589966,0.035917621974542124
0.11824838072061539,0.4013796214859357,0.8,1.8097257302832792,417.2,0.010011237859725953,0.02264699343341521,0.6351254403591156,0.03578670077271057
0.0004075132601428777,0.43920344576707127,61.6,17.591251933304854,356.4,-0.027156740427017212,0.08609561983092658,0.6095328569412232,0.055091931048961665
0.0034290739642575574,0.43920344576707127,60.2,18.59866812948797,357.8,-0.01105007529258728,0.05611747280330055,0.6094973683357239,0.055049725583893164
0.006450634668372237,0.43920344576707127,60.2,18.59866812948797,357.8,-0.01105007529258728,0.05611747280330055,0.6094973683357239,0.055049725583893164
0.009472195372486917,0.43920344576707127,60.2,18.59866812948797,357.8,-0.01105007529258728,0.05611747280330055,0.6094973683357239,0.055049725583893164
0.012493756076601597,0.43920344576707127,58.7,19.204072616831773,359.3,-0.01709134578704834,0.05025400079700586,0.6102942109107972,0.05518583473688594
0.015515316780716276,0.43920344576707127,58.6,19.201555768270225,359.4,-0.2527599811553955,0.5388741873243346,0.6096748590469361,0.05500057577808404
0.018536877484830957,0.43920344576707127,58.5,19.201703827317623,359.5,-0.20504212379455566,0.43151403138744054,0.6097148299217224,0.05501147347239185
0.021558438188945636,0.43920344576707127,57.8,18.626162438804243,360.2,-0.2033911943435669,0.4318923357140495,0.6111742496490479,0.05357769511914889
0.024579998893060315,0.43920344576707127,52.8,18.674941263821793,365.2,-0.6290618479251862,0.941321544691871,0.6117659866809845,0.05371022377302377
0.027601559597174995,0.43920344576707127,52.4,19.067836502669607,365.6,-0.6305732071399689,0.9407960580875295,0.61210315823555,0.053703535125045825
0.030623120301289674,0.43920344576707127,51.1,18.20517348056541,366.9,-0.6311582267284394,0.9405797550721956,0.6146304130554199,0.051709630939334617
0.03364468100540435,0.43920344576707127,49.6,18.20439264868011,368.4,-0.44105965495109556,0.5925336734727871,0.6160921931266785,0.04674684737592091
0.036666241709519036,0.43920344576707127,49.1,17.96307263268415,368.9,-0.44295021891593933,0.5898395316265485,0.6166109561920166,0.04608333367722247
0.03968780241363371,0.43920344576707127,48.9,17.877403765351808,369.1,-0.44369401335716246,0.590926106971795,0.616886419057846,0.04582264917340707
0.042709363117748395,0.43920344576707127,48.9,17.877403765351808,369.1,-0.44369401335716246,0.590926106971795,0.616886419057846,0.04582264917340707
0.04573092382186307,0.43920344576707127,47.5,17.412733429735763,370.5,-0.801980459690094,1.3030243916052873,0.6186004221439362,0.04429198678384484
0.04875248452597775,0.43920344576707127,44.6,17.072918393689815,373.4,-0.817108416557312,1.2984041783838924,0.6182795226573944,0.04336412068867827
0.051774045230092436,0.43920344576707127,43.4,17.099540768185207,374.6,-1.0041900992393493,1.7078148415280465,0.6194491565227509,0.042590391263054965
0.05479560593420711,0.43920344576707127,43.1,17.12695174974892,374.9,-1.003992533683777,1.7078655465902057,0.619642186164856,0.04273875169622408
0.057817166638321794,0.43920344576707127,41.0,17.012197290934534,377.0,-1.3581376433372498,1.9807257429644214,0.6212108552455902,0.043495795456010865
0.06083872734243647,0.43920344576707127,41.0,17.012197290934534,377.0,-1.3581376433372498,1.9807257429644214,0.6212108552455902,0.043495795456010865
0.06386028804655115,0.43920344576707127,41.0,17.012197290934534,377.0,-1.3581376433372498,1.9807257429644214,0.6212108552455902,0.043495795456010865
0.06688184875066583,0.43920344576707127,41.0,17.012197290934534,377.0,-1.3581376433372498,1.9807257429644214,0.6212108552455902,0.043495795456010865
0.0699034094547805,0.43920344576707127,41.0,17.012197290934534,377.0,-1.3581376433372498,1.9807257429644214,0.6212108552455902,0.043495795456010865
0.0729249701588952,0.43920344576707127,39.1,16.163654229587472,378.9,-1.3047938466072082,1.8872073582439521,0.6235819458961487,0.04132769777372111
0.07594653086300987,0.43920344576707127,37.2,13.84995344049921,380.8,-1.2557784736156463,1.7998198700710872,0.6258028864860534,0.04112405084338534
0.07896809156712455,0.43920344576707127,36.1,14.54930354925289,381.9,-1.0753129303455353,1.5237127229827891,0.6273855865001678,0.03905498714479992
0.08198965227123924,0.43920344576707127,34.2,13.61811096545128,383.8,-451.7899330914021,1020.5596744780017,0.6289345741271972,0.03760712553091571
0.08501121297535391,0.43920344576707127,27.0,14.952309362995733,391.0,-317.5697281420231,717.0548043739111,0.6329553365707398,0.034381328652599075
0.08803277367946859,0.43920344576707127,22.3,14.772692652526198,395.7,-1.225881177186966,2.6519440420420684,0.6373176217079163,0.033229263132482374
0.09105433438358326,0.43920344576707127,19.1,14.201230992794518,398.9,-2.225055676698685,4.7750085034350676,0.6323360860347748,0.035963706862461385
0.09407589508769795,0.43920344576707127,15.8,14.214637538920933,402.2,-2.146580719947815,4.7932253066434365,0.6338786125183106,0.037003493328166
0.09709745579181263,0.43920344576707127,12.0,14.648814089714737,406.0,0.030522722005844116,0.13329147847938647,0.6368960797786712,0.03596280070858344
0.1001190164959273,0.43920344576707127,10.4,13.917119023516667,407.6,-0.03490163683891297,0.04245031028720585,0.6380820751190186,0.03671049485761293
0.103140577200042,0.43920344576707127,9.3,13.904243491203246,408.7,-0.025664544105529784,0.04152620386129463,0.6378670513629914,0.03672883479275517
0.10616213790415667,0.43920344576707127,6.9,10.63427760597112,411.1,-0.06972666978836059,0.12402830780585224,0.6392536759376526,0.036907942722132984
0.10918369860827135,0.43920344576707127,6.1,9.880388459562106,411.9,-0.015429949760437012,0.0344692231637098,0.6360234916210175,0.03629407571158165
0.11220525931238602,0.43920344576707127,5.5,8.891745340766066,412.5,-0.015364420413970948,0.03448433413403134,0.6363140642642975,0.03634983488579615
0.11522682001650071,0.43920344576707127,4.2,6.884626313228043,413.8,-0.00028784871101379396,0.01103207188960754,0.6348010301589966,0.035917621974542124
0.11824838072061539,0.43920344576707127,0.8,1.8097257302832792,417.2,0.010011237859725953,0.02264699343341521,0.6351254403591156,0.03578670077271057
0.0004075132601428777,0.4770272700482069,71.7,17.96497174524577,346.3,-0.007829254865646363,0.05430526156941534,0.5995160222053528,0.060752807877764235
0.0034290739642575574,0.4770272700482069,70.3,17.379394456895255,347.7,0.0005053102970123291,0.04518279138817453,0.5997117757797241,0.06094581617066779
0.006450634668372237,0.4770272700482069,70.3,17.379394456895255,347.7,0.0005053102970123291,0.04518279138817453,0.5997117757797241,0.06094581617066779
0.009472195372486917,0.4770272700482069,70.3,17.379394456895255,347.7,0.0005053102970123291,0.04518279138817453,0.5997117757797241,0.06094581617066779
0.012493756076601597,0.4770272700482069,68.7,18.222655346056108,349.3,-0.007583826780319214,0.054416688089013066,0.6006955802440643,0.061106483512835326
0.015515316780716276,0.4770272700482069,68.6,18.22000292839139,349.4,-0.34857123494148257,0.8082703192268158,0.6000554203987122,0.06093104143137574
0.018536877484830957,0.4770272700482069,68.5,18.22015896364858,349.5,-0.3049445927143097,0.7097241683080278,0.6001043736934661,0.06094326031054819
0.021558438188945636,0.4770272700482069,67.5,17.92124124045115,350.5,-0.3157389223575592,0.7377995383168507,0.6019741117954254,0.059654244333533196
0.024579998893060315,0.4770272700482069,62.5,18.375531086021656,355.5,-0.5814179062843323,0.8555760926165439,0.6034127414226532,0.058384320357787574
0.027601559597174995,0.4770272700482069,62.0,18.935575223995997,356.0,-0.5827711701393128,0.8550965568968611,0.6038677632808686,0.0583977564965274
0.030623120301289674,0.4770272700482069,60.7,18.33464076235771,357.3,-0.5832689523696899,0.8549105300621992,0.6065055429935455,0.05655313512693269
0.03364468100540435,0.4770272700482069,59.0,18.07839616451105,359.0,-0.4856082320213318,0.7615059912193823,0.6087677896022796,0.050083818721429696
0.036666241709519036,0.4770272700482069,58.2,17.70273487356253,359.8,-0.4971507787704468,0.7566720983801539,0.6086868345737457,0.04895004278460912
0.03968780241363371,0.4770272700482069,58.0,17.62289961349765,360.0,-0.4967442750930786,0.7563557321446253,0.6090025961399078,0.04859901853717654
0.042709363117748395,0.4770272700482069,57.9,17.58559456856254,360.1,-0.496840500831604,0.7563207112810474,0.6091870129108429,0.048601054161809897
0.04573092382186307,0.4770272700482069,55.7,17.168731334797982,362.3,-0.562382048368454,0.8149780944982541,0.6123065114021301,0.046612237882459454
0.04875248452597775,0.4770272700482069,52.5,16.600288200389656,365.5,-0.5870879352092743,0.8077553841152693,0.6124294996261597,0.045888119363498736
0.051774045230092436,0.4770272700482069,51.2,16.65005044423346,366.8,-0.6022765576839447,0.8258697141900019,0.6138262093067169,0.04487836342828392
0.05479560593420711,0.4770272700482069,50.4,16.65824436719217,367.6,-0.5981446504592896,0.8269071088883464,0.6143840968608856,0.04538961348076248
0.057817166638321794,0.4770272700482069,48.3,16.725861040917483,369.7,-1.140431773662567,1.9548819375200794,0.6160517454147338,0.04613479327532555
0.06083872734243647,0.4770272700482069,48.3,16.725861040917483,369.7,-1.140431773662567,1.9548819375200794,0.6160517454147338,0.04613479327532555
0.06386028804655115,0.4770272700482069,48.3,16.725861040917483,369.7,-1.140431773662567,1.9548819375200794,0.6160517454147338,0.04613479327532555
0.06688184875066583,0.4770272700482069,48.3,16.725861040917483,369.7,-1.140431773662567,1.9548819375200794,0.6160517454147338,0.04613479327532555
0.0699034094547805,0.4770272700482069,48.3,16.725861040917483,369.7,-1.140431773662567,1.9548819375200794,0.6160517454147338,0.04613479327532555
0.0729249701588952,0.4770272700482069,46.4,15.90746743691069,371.6,-1.0918415904045105,1.9426437637475826,0.6186877608299255,0.04337069200258993
0.07594653086300987,0.4770272700482069,44.4,13.929370370432865,373.6,-1.079001897573471,1.9394146212401506,0.6210497200489045,0.04323893667745831
0.07896809156712455,0.4770272700482069,42.9,14.273118220013748,375.1,-0.8307869076728821,1.47057257222775,0.6232387721538544,0.040440603497113994
0.08198965227123924,0.4770272700482069,39.6,13.1395657003437,378.4,-0.6951438367366791,1.1874352868715157,0.6262557804584503,0.03852426414293967
0.08501121297535391,0.4770272700482069,31.4,15.753018860784456,386.6,-321.29338536262514,716.1665071958688,0.6316612899303437,0.03349163921399857
0.08803277367946859,0.4770272700482069,26.4,16.476346632746036,391.6,-1.2503929436206818,2.6463745662837894,0.6363124549388885,0.03219655227546202
0.09105433438358326,0.4770272700482069,23.2,16.426577390100984,394.8,-2.2495674431324004,4.7689984090414885,0.631330919265747,0.0349303312223282
0.09407589508769795,0.4770272700482069,19.4,16.634334143346653,398.6,-2.1384861767292023,4.795246559504707,0.632853776216507,0.03585386073711946
0.09709745579181263,0.4770272700482069,12.9,14.82417899294162,405.1,0.03280329704284668,0.13135508895317952,0.6366234004497529,0.03571183812112443
0.1001190164959273,0.4770272700482069,11.1,13.97928527052476,406.9,-0.029590970277786253,0.03854234485003072,0.6379317164421081,0.03651470931017656
0.103140577200042,0.4770272700482069,9.3,13.904243491203246,408.7,-0.025664544105529784,0.04152620386129463,0.6378670513629914,0.03672883479275517
0.10616213790415667,0.4770272700482069,6.9,10.63427760597112,411.1,-0.06972666978836059,0.12402830780585224,0.6392536759376526,0.036907942722132984
0.10918369860827135,0.4770272700482069,6.1,9.880388459562106,411.9,-0.015429949760437012,0.0344692231637098,0.6360234916210175,0.03629407571158165
0.11220525931238602,0.4770272700482069,5.5,8.891745340766066,412.5,-0.015364420413970948,0.03448433413403134,0.6363140642642975,0.03634983488579615
0.11522682001650071,0.4770272700482069,4.2,6.884626313228043,413.8,-0.00028784871101379396,0.01103207188960754,0.6348010301589966,0.035917621974542124
0.11824838072061539,0.4770272700482069,0.8,1.8097257302832792,417.2,0.010011237859725953,0.02264699343341521,0.6351254403591156,0.03578670077271057
0.0004075132601428777,0.5148510943293424,86.8,22.500094380105704,331.2,0.0017248153686523437,0.05719378765271983,0.5885885715484619,0.05847530655291013
0.0034290739642575574,0.5148510943293424,84.8,21.66060601415159,333.2,-0.0033151566982269286,0.031692532979767235,0.5889300882816315,0.058682045231687886
0.006450634668372237,0.5148510943293424,84.8,21.66060601415159,333.2,-0.0033151566982269286,0.031692532979767235,0.5889300882816315,0.058682045231687886
0.009472195372486917,0.5148510943293424,84.7,21.679629047911433,333.3,-0.00259971022605896,0.0309342974333685,0.5889732062816619,0.058730881745360494
0.012493756076601597,0.5148510943293424,83.1,21.46454856738522,334.9,-0.0006332278251647949,0.027771665409097653,0.590670931339264,0.05863847897284665
0.015515316780716276,0.5148510943293424,83.0,21.338483512672198,335.0,-0.0039811372756958004,0.028749176543311973,0.5898549556732178,0.05870603880763997
0.018536877484830957,0.5148510943293424,82.9,21.21408162377331,335.1,-0.0026174426078796388,0.028109848120405068,0.5899869680404664,0.05869117774798898
0.021558438188945636,0.5148510943293424,81.6,21.127466042311113,336.4,-0.00040439963340759276,0.02700615054584724,0.5916233003139496,0.057347026064079355
0.024579998893060315,0.5148510943293424,76.6,22.667271312558164,341.4,-0.26278183460235593,0.5338754721453163,0.5932129085063934,0.056143258070419644
0.027601559597174995,0.5148510943293424,75.6,23.699807763622545,342.4,-0.2648872256278992,0.5333599011605801,0.5942548334598541,0.05623218375950589
0.030623120301289674,0.5148510943293424,74.3,23.5888269346413,343.7,-0.2655133605003357,0.5331948227415823,0.5969355285167695,0.05450787628843603
0.03364468100540435,0.5148510943293424,72.4,23.91000125659257,345.6,-0.1666483998298645,0.3133413350829274,0.5987034857273101,0.048010161095805026
0.036666241709519036,0.5148510943293424,71.6,23.610872178054898,346.4,-0.18906197547912598,0.30873049961122,0.5985642731189728,0.04713150306581175
0.03968780241363371,0.5148510943293424,71.4,23.528851204132227,346.6,-0.1885932207107544,0.3077364180828209,0.5989284753799439,0.046781523652547286
0.042709363117748395,0.5148510943293424,71.3,23.526071965703107,346.7,-0.18867367506027222,0.30771038532028594,0.5991220593452453,0.046794812880005414
0.04573092382186307,0.5148510943293424,69.1,23.25478491971922,348.9,-0.25366121530532837,0.45749837314584463,0.6026050031185151,0.04492633805419828
0.04875248452597775,0.5148510943293424,65.9,21.923222170022694,352.1,-0.32542893290519714,0.48385294544522933,0.6032522261142731,0.04421792261457333
0.051774045230092436,0.5148510943293424,64.6,21.664280728914505,353.4,-0.3433916985988617,0.518921777256419,0.6048731505870819,0.0432921597842433
0.05479560593420711,0.5148510943293424,62.7,20.484843137429817,355.3,-0.3412071704864502,0.5160756121448413,0.6068389892578125,0.0435529350758436
0.057817166638321794,0.5148510943293424,60.4,18.53251536561334,357.6,-0.341852867603302,0.5156394744584932,0.6098266780376435,0.04407086211018577
0.06083872734243647,0.5148510943293424,60.4,18.53251536561334,357.6,-0.341852867603302,0.5156394744584932,0.6098266780376435,0.04407086211018577
0.06386028804655115,0.5148510943293424,60.4,18.53251536561334,357.6,-0.341852867603302,0.5156394744584932,0.6098266780376435,0.04407086211018577
0.06688184875066583,0.5148510943293424,60.4,18.53251536561334,357.6,-0.341852867603302,0.5156394744584932,0.6098266780376435,0.04407086211018577
0.0699034094547805,0.5148510943293424,60.2,18.237470578845524,357.8,-0.34162715673446653,0.5157177269312464,0.6101423799991608,0.04408704241323141
0.0729249701588952,0.5148510943293424,58.3,18.19455129579339,359.7,-0.29304232597351076,0.4172814243976357,0.6127852499485016,0.04139677007919753
0.07594653086300987,0.5148510943293424,55.9,16.798452731549038,362.1,-0.2801429808139801,0.3872259102609403,0.615723866224289,0.041483770360053934
0.07896809156712455,0.5148510943293424,51.1,13.175217969697814,366.9,-0.23844069242477417,0.31440838088649026,0.6212625741958618,0.03958249699000641
0.08198965227123924,0.5148510943293424,47.2,12.232393921926302,370.8,-0.2343473970890045,0.30021801261036496,0.6238887786865235,0.03763109097622636
0.08501121297535391,0.5148510943293424,38.4,16.465990445777567,379.6,-317.2018598377705,717.1465171795827,0.6282150328159333,0.03210059571311566
0.08803277367946859,0.5148510943293424,32.9,18.180170226162517,385.1,-1.2963290512561798,2.6412646425064503,0.6330180704593659,0.03095642998799284
0.09105433438358326,0.5148510943293424,29.6,18.62738346620329,388.4,-2.2984329164028168,4.760387095879917,0.6281323611736298,0.03354720670879724
0.09407589508769795,0.5148510943293424,23.7,17.20842711157321,394.3,-2.3560865044593813,4.753526956581996,0.6304994404315949,0.03497747885810948
0.09709745579181263,0.5148510943293424,14.3,15.182690811469701,403.7,-0.12278369665145875,0.3811888435318676,0.6358094155788422,0.03610360747204356
0.1001190164959273,0.5148510943293424,12.2,14.585798107214506,405.8,-0.030618947744369508,0.0404047244424607,0.6373786807060242,0.03677152681565808
0.103140577200042,0.5148510943293424,10.4,14.591254676186642,407.6,-0.026692521572113038,0.04331333550358311,0.6373140156269074,0.036983615632860456
0.10616213790415667,0.5148510943293424,7.1,10.761836098759664,410.9,-0.06626336574554444,0.12295600518988505,0.6393166542053222,0.03688246298490592
0.10918369860827135,0.5148510943293424,6.1,9.880388459562106,411.9,-0.015429949760437012,0.0344692231637098,0.6360234916210175,0.03629407571158165
0.11220525931238602,0.5148510943293424,5.5,8.891745340766066,412.5,-0.015364420413970948,0.03448433413403134,0.6363140642642975,0.03634983488579615
0.11522682001650071,0.5148510943293424,4.2,6.884626313228043,413.8,-0.00028784871101379396,0.01103207188960754,0.6348010301589966,0.035917621974542124
0.11824838072061539,0.5148510943293424,0.8,1.8097257302832792,417.2,0.010011237859725953,0.02264699343341521,0.6351254403591156,0.03578670077271057
0.0004075132601428777,0.552674918610478,108.1,17.73690867543207,309.9,0.017412203550338744,0.07866613908264965,0.5726734876632691,0.05670729353254708
0.0034290739642575574,0.552674918610478,105.7,16.04573162656664,312.3,-0.0024543464183807372,0.042720467671928115,0.5723876357078552,0.05705173132954623
0.006450634668372237,0.552674918610478,104.5,16.13478299352967,313.5,0.0013700425624847412,0.04114985617058228,0.5722467482089997,0.0574713529853579
0.009472195372486917,0.552674918610478,104.4,16.134606790940442,313.6,0.0019149601459503174,0.041094057839696364,0.5723065495491028,0.0575441431710136
0.012493756076601597,0.552674918610478,100.5,15.789252014734851,317.5,-0.0038075864315032957,0.04147091073002946,0.5756475865840912,0.05805986444979345
0.015515316780716276,0.552674918610478,99.5,15.911220104286825,318.5,-0.010741299390792847,0.035494362023400707,0.5755561649799347,0.05759827480876795
0.018536877484830957,0.552674918610478,99.3,15.810124901107027,318.7,-0.008677488565444947,0.03467952292002156,0.572774487733841,0.0569393321994061
0.021558438188945636,0.552674918610478,97.8,15.848739023835314,320.2,-0.004964989423751831,0.03401650309196173,0.5749878287315369,0.05557509087381795
0.024579998893060315,0.552674918610478,92.5,18.918301319353375,325.5,-0.27874245643615725,0.5323062686761301,0.5772032856941223,0.05431178470495303
0.027601559597174995,0.552674918610478,90.5,19.571255042906426,327.5,-0.2809493839740753,0.5316817872937424,0.5794519782066345,0.054000995119179385
0.030623120301289674,0.552674918610478,88.7,19.14179474497633,329.3,-0.2808846473693848,0.5317463155039609,0.5829356670379638,0.052747548558839445
0.03364468100540435,0.552674918610478,86.8,19.989642930771712,331.2,-0.1883504033088684,0.3121381871670315,0.5845293879508973,0.04724535392177979
0.036666241709519036,0.552674918610478,86.0,19.764229487844386,332.0,-0.19635637998580932,0.30875814662817624,0.5843567550182343,0.046399949779895255
0.03968780241363371,0.552674918610478,85.8,19.68871071022757,332.2,-0.19594249725341797,0.3077600648160143,0.5847528159618378,0.04610130837715133
0.042709363117748395,0.552674918610478,85.7,19.674988289143172,332.3,-0.19598855972290039,0.30774477885065515,0.5850060164928437,0.0460711761711133
0.04573092382186307,0.552674918610478,83.5,19.34919584646217,334.5,-0.26228172779083253,0.457132730380712,0.5890642762184143,0.04427791490006599
0.04875248452597775,0.552674918610478,80.3,17.135581275227555,337.7,-0.26039041876792907,0.4578997380582568,0.5903229415416718,0.043515979732095374
0.051774045230092436,0.552674918610478,79.0,16.867867074338033,339.0,-0.2762232482433319,0.494996619028076,0.5920757293701172,0.04289360142219366
0.05479560593420711,0.552674918610478,77.1,15.502884310128701,340.9,-0.27993628978729246,0.4943026207955683,0.594179916381836,0.04355273865090135
0.057817166638321794,0.552674918610478,74.8,13.18535582381402,343.2,-0.28142580986022947,0.49389622452757803,0.5974040746688842,0.04452087709842388
0.06083872734243647,0.552674918610478,74.8,13.18535582381402,343.2,-0.28142580986022947,0.49389622452757803,0.5974040746688842,0.04452087709842388
0.06386028804655115,0.552674918610478,74.8,13.18535582381402,343.2,-0.28142580986022947,0.49389622452757803,0.5974040746688842,0.04452087709842388
0.06688184875066583,0.552674918610478,74.7,13.13891658180196,343.3,-0.28122111558914187,0.49394741203554127,0.5974808692932129,0.044583041897410976
0.0699034094547805,0.552674918610478,74.5,12.846583191644012,343.5,-0.2809954047203064,0.4940133493981448,0.5977965712547302,0.044648699350600764
0.0729249701588952,0.552674918610478,70.2,13.693059858158994,347.8,-0.23302801847457885,0.3856734902421489,0.6032141923904419,0.04292281869360338
0.07594653086300987,0.552674918610478,67.7,13.125927469767117,350.3,-0.2203518807888031,0.35161449912104387,0.6063260674476624,0.043420414991660064
0.07896809156712455,0.552674918610478,62.7,11.275793926892863,355.3,-0.1772737979888916,0.26504291810253316,0.6121288418769837,0.04213273465102895
0.08198965227123924,0.552674918610478,57.7,12.590868630177726,360.3,-0.17100961804389953,0.2467608547080002,0.6162648320198059,0.039667012885587806
0.08501121297535391,0.552674918610478,47.5,17.981422318906873,370.5,-317.2395932674408,717.1370318063804,0.6203942358493805,0.03478201477192604
0.08803277367946859,0.552674918610478,38.5,17.185944095390205,379.5,-1.3218428671360016,2.6350666740021897,0.6280794978141785,0.03391977993520089
0.09105433438358326,0.552674918610478,34.2,17.87533630561925,383.8,-2.323476105928421,4.7540056532107435,0.6239611446857453,0.03597020710192807
0.09407589508769795,0.552674918610478,27.1,16.590694835785612,390.9,-2.231994318962097,4.773802921665449,0.6279388010501862,0.03666612076441416
0.09709745579181263,0.552674918610478,17.7,15.683745865248433,400.3,0.0013084888458251953,0.15272558769664468,0.6332487761974335,0.03794618757834679
0.1001190164959273,0.552674918610478,13.2,14.282476794100747,404.8,-0.7940852105617523,1.7198420390880278,0.6367241263389587,0.037146520264543556
0.103140577200042,0.552674918610478,11.4,14.359501801480565,406.6,-0.7901587843894958,1.720903567970487,0.636659461259842,0.03735583589030473
0.10616213790415667,0.552674918610478,7.1,10.761836098759664,410.9,-0.06626336574554444,0.12295600518988505,0.6393166542053222,0.03688246298490592
0.10918369860827135,0.552674918610478,6.1,9.880388459562106,411.9,-0.015429949760437012,0.0344692231637098,0.6360234916210175,0.03629407571158165
0.11220525931238602,0.552674918610478,5.5,8.891745340766066,412.5,-0.015364420413970948,0.03448433413403134,0.6363140642642975,0.03634983488579615
0.11522682001650071,0.552674918610478,4.2,6.884626313228043,413.8,-0.00028784871101379396,0.01103207188960754,0.6348010301589966,0.035917621974542124
0.11824838072061539,0.552674918610478,0.8,1.8097257302832792,417.2,0.010011237859725953,0.02264699343341521,0.6351254403591156,0.03578670077271057
0.0004075132601428777,0.5904987428916135,121.7,20.948682762305474,296.3,0.055426448583602905,0.07381640445837118,0.5628703653812408,0.06841503200820316
0.0034290739642575574,0.5904987428916135,119.2,19.421204426369048,298.8,0.03347821235656738,0.049581146390805034,0.5624981820583344,0.06883949859467442
0.006450634668372237,0.5904987428916135,116.8,19.61637974792157,301.2,0.03624444603919983,0.03587133113515123,0.5623222947120666,0.06889670157008598
0.009472195372486917,0.5904987428916135,116.3,19.60260669302832,301.7,0.03147386908531189,0.03654275145990552,0.5607169985771179,0.06687311442956628
0.012493756076601597,0.5904987428916135,112.1,19.957332332812495,305.9,0.02450159192085266,0.03744340105703506,0.5629494369029999,0.06901397212943049
0.015515316780716276,0.5904987428916135,109.3,20.614887615407138,308.7,0.01186954379081726,0.029139550940653916,0.5624641537666321,0.07110123905171845
0.018536877484830957,0.5904987428916135,108.9,20.53031392784434,309.1,0.013595002889633178,0.02803179829345386,0.5600331723690033,0.07121137528466293
0.021558438188945636,0.5904987428916135,106.6,19.672531688305007,311.4,0.014579898118972779,0.027747833954054776,0.5651534140110016,0.06644885379671482
0.024579998893060315,0.5904987428916135,99.9,21.03103342909262,318.1,-0.26219978332519533,0.5368336359565926,0.5686421930789948,0.06511452109983595
0.027601559597174995,0.5904987428916135,96.1,20.873635645417657,321.9,-0.27641499042510986,0.533006961994202,0.571021580696106,0.06278640268890118
0.030623120301289674,0.5904987428916135,94.3,19.386773406452306,323.7,-0.2767115592956543,0.5329430051930448,0.5762166082859039,0.05844391811222714
0.03364468100540435,0.5904987428916135,91.9,20.2261815206059,326.1,-0.18419983983039856,0.31345677362396235,0.5789889931678772,0.05270978035698781
0.036666241709519036,0.5904987428916135,91.1,19.845908213452912,326.9,-0.19198176264762878,0.31019430193550046,0.5790179193019866,0.05157323561851913
0.03968780241363371,0.5904987428916135,90.9,19.800014363790897,327.1,-0.19156787991523744,0.309197526457893,0.5794139802455902,0.05132814549390568
0.042709363117748395,0.5904987428916135,88.7,19.599705869244673,329.3,-0.1932384192943573,0.30862754726687774,0.5829941868782044,0.04891160861021279
0.04573092382186307,0.5904987428916135,86.4,19.304919293923472,331.6,-0.2593718469142914,0.457999549278433,0.5875368177890777,0.04663740855895218
0.04875248452597775,0.5904987428916135,83.2,17.247207365600328,334.8,-0.25745846033096315,0.4587486114572763,0.5889532387256622,0.04565731723056252
0.051774045230092436,0.5904987428916135,81.9,17.10702084625785,336.1,-0.27329128980636597,0.4958352155422189,0.5907060265541076,0.045094803820286855
0.05479560593420711,0.5904987428916135,80.0,15.960280745214366,338.0,-0.27700433135032654,0.49515489399597123,0.5928102135658264,0.04575804672735796
0.057817166638321794,0.5904987428916135,77.7,13.896062358141565,340.3,-0.27842110991477964,0.49477466568059986,0.5961371243000031,0.0465556647285134
0.06083872734243647,0.5904987428916135,77.7,13.896062358141565,340.3,-0.27842110991477964,0.49477466568059986,0.5961371243000031,0.0465556647285134
0.06386028804655115,0.5904987428916135,77.3,13.871490008554666,340.7,-0.28078524470329286,0.49408693213010973,0.5959082245826721,0.04672115491176068
0.06688184875066583,0.5904987428916135,77.1,13.774413477240547,340.9,-0.28062188625335693,0.49412367704485854,0.5961063265800476,0.046851433128044705
0.0699034094547805,0.5904987428916135,76.6,13.341400969328884,341.4,-0.2794347763061523,0.4945255525960397,0.5938193500041962,0.04577651109506076
0.0729249701588952,0.5904987428916135,71.7,13.39180906308649,346.3,-0.23020167350769044,0.38660868854062813,0.6010340213775635,0.042642866807853654
0.07594653086300987,0.5904987428916135,68.0,13.216368071648828,350.0,-0.21869918704032898,0.35219217062918345,0.6061372280120849,0.04347863600640934
0.07896809156712455,0.5904987428916135,62.9,11.507392854687913,355.1,-0.17500860691070558,0.2655234568194626,0.6121005773544311,0.042128108095638536
0.08198965227123924,0.5904987428916135,57.7,12.590868630177726,360.3,-0.17100961804389953,0.2467608547080002,0.6162648320198059,0.039667012885587806
0.08501121297535391,0.5904987428916135,47.5,17.981422318906873,370.5,-317.2395932674408,717.1370318063804,0.6203942358493805,0.03478201477192604
0.08803277367946859,0.5904987428916135,38.5,17.185944095390205,379.5,-1.3218428671360016,2.6350666740021897,0.6280794978141785,0.03391977993520089
0.09105433438358326,0.5904987428916135,34.2,17.87533630561925,383.8,-2.323476105928421,4.7540056532107435,0.6239611446857453,0.03597020710192807
0.09407589508769795,0.5904987428916135,27.1,16.590694835785612,390.9,-2.231994318962097,4.773802921665449,0.6279388010501862,0.03666612076441416
0.09709745579181263,0.5904987428916135,17.7,15.683745865248433,400.3,0.0013084888458251953,0.15272558769664468,0.6332487761974335,0.03794618757834679
0.1001190164959273,0.5904987428916135,13.2,14.282476794100747,404.8,-0.7940852105617523,1.7198420390880278,0.6367241263389587,0.037146520264543556
0.103140577200042,0.5904987428916135,11.4,14.359501801480565,406.6,-0.7901587843894958,1.720903567970487,0.636659461259842,0.03735583589030473
0.10616213790415667,0.5904987428916135,7.1,10.761836098759664,410.9,-0.06626336574554444,0.12295600518988505,0.6393166542053222,0.03688246298490592
0.10918369860827135,0.5904987428916135,6.1,9.880388459562106,411.9,-0.015429949760437012,0.0344692231637098,0.6360234916210175,0.03629407571158165
0.11220525931238602,0.5904987428916135,5.5,8.891745340766066,412.5,-0.015364420413970948,0.03448433413403134,0.6363140642642975,0.03634983488579615
0.11522682001650071,0.5904987428916135,4.2,6.884626313228043,413.8,-0.00028784871101379396,0.01103207188960754,0.6348010301589966,0.035917621974542124
0.11824838072061539,0.5904987428916135,0.8,1.8097257302832792,417.2,0.010011237859725953,0.02264699343341521,0.6351254403591156,0.03578670077271057
0.0004075132601428777,0.6283225671727491,131.0,21.14575868994678,287.0,0.12917227149009705,0.10872826556366105,0.5624184310436249,0.06998130242227936
0.0034290739642575574,0.6283225671727491,127.5,19.922543563369064,290.5,0.1046562671661377,0.09656872599243689,0.5573359549045562,0.07256173785147739
0.006450634668372237,0.6283225671727491,123.9,19.79714246566083,294.1,0.0948192834854126,0.08287290962842599,0.5553493559360504,0.07283011685163587
0.009472195372486917,0.6283225671727491,122.6,19.876683628659826,295.4,0.08221743106842042,0.09088366937297206,0.5528844356536865,0.06997336564989493
0.012493756076601597,0.6283225671727491,117.7,20.379094100087837,300.3,0.07820769548416137,0.09152224082300822,0.5563890933990479,0.07185080874820518
0.015515316780716276,0.6283225671727491,112.7,21.61396170623708,305.3,0.07223243713378906,0.09880702107362196,0.5566706657409668,0.073793692129653
0.018536877484830957,0.6283225671727491,111.9,21.219441489856077,306.1,0.0738910436630249,0.09986422883403584,0.5559845626354217,0.07139744090123243
0.021558438188945636,0.6283225671727491,108.0,19.07618415968907,310.0,0.013603687286376953,0.028041688035565743,0.5642510890960694,0.06741984436105582
0.024579998893060315,0.6283225671727491,101.2,20.19903538657685,316.8,-0.24417615532875062,0.5380292963747406,0.5682502269744873,0.06600854767028624
0.027601559597174995,0.6283225671727491,97.1,20.06247035802269,320.9,-0.2587401568889618,0.5343734152639039,0.5710246682167053,0.0631175380978782
0.030623120301289674,0.6283225671727491,95.1,18.48105333891258,322.9,-0.25846976041793823,0.5344781330498223,0.5766043365001678,0.05844421939541869
0.03364468100540435,0.6283225671727491,92.7,19.416080271766265,325.3,-0.1659580409526825,0.31300906941920065,0.5793767213821411,0.052698517625900825
0.036666241709519036,0.6283225671727491,91.9,19.03874020612074,326.1,-0.17373996376991271,0.31000236259395186,0.5794056475162506,0.05156160095186052
0.03968780241363371,0.6283225671727491,91.7,18.99568569509228,326.3,-0.17332608103752137,0.3089910750861111,0.5798017084598541,0.051314753716161045
0.042709363117748395,0.6283225671727491,89.2,19.1083481049891,328.8,-0.19944857954978942,0.30993497241843426,0.5822720527648926,0.04900966275564618
0.04573092382186307,0.6283225671727491,86.9,18.8405991038757,331.1,-0.2655820071697235,0.45837241226738934,0.586814683675766,0.04678012279779169
0.04875248452597775,0.6283225671727491,83.7,16.78016482548825,334.3,-0.2636686205863953,0.45913558160038376,0.5882311046123505,0.04581578110961066
0.051774045230092436,0.6283225671727491,82.4,16.65824436719217,335.6,-0.2795014500617981,0.49608057935659955,0.5899838924407959,0.04527113770855053
0.05479560593420711,0.6283225671727491,80.2,15.773218746720534,337.8,-0.27966797947883604,0.4952001314297554,0.5925190210342407,0.045828799928704735
0.057817166638321794,0.6283225671727491,77.9,13.699909657738809,340.1,-0.2810847580432892,0.49481560140326536,0.5958459317684174,0.04663702025485215
0.06083872734243647,0.6283225671727491,77.7,13.896062358141565,340.3,-0.27842110991477964,0.49477466568059986,0.5961371243000031,0.0465556647285134
0.06386028804655115,0.6283225671727491,77.3,13.871490008554666,340.7,-0.28078524470329286,0.49408693213010973,0.5959082245826721,0.04672115491176068
0.06688184875066583,0.6283225671727491,77.1,13.774413477240547,340.9,-0.28062188625335693,0.49412367704485854,0.5961063265800476,0.046851433128044705
0.0699034094547805,0.6283225671727491,76.6,13.341400969328884,341.4,-0.2794347763061523,0.4945255525960397,0.5938193500041962,0.04577651109506076
0.0729249701588952,0.6283225671727491,71.7,13.39180906308649,346.3,-0.23020167350769044,0.38660868854062813,0.6010340213775635,0.042642866807853654
0.07594653086300987,0.6283225671727491,68.0,13.216368071648828,350.0,-0.21869918704032898,0.35219217062918345,0.6061372280120849,0.04347863600640934
0.07896809156712455,0.6283225671727491,62.9,11.507392854687913,355.1,-0.17500860691070558,0.2655234568194626,0.6121005773544311,0.042128108095638536
0.08198965227123924,0.6283225671727491,57.7,12.590868630177726,360.3,-0.17100961804389953,0.2467608547080002,0.6162648320198059,0.039667012885587806
0.08501121297535391,0.6283225671727491,47.5,17.981422318906873,370.5,-317.2395932674408,717.1370318063804,0.6203942358493805,0.03478201477192604
0.08803277367946859,0.6283225671727491,38.5,17.185944095390205,379.5,-1.3218428671360016,2.6350666740021897,0.6280794978141785,0.03391977993520089
0.09105433438358326,0.6283225671727491,34.2,17.87533630561925,383.8,-2.323476105928421,4.7540056532107435,0.6239611446857453,0.03597020710192807
0.09407589508769795,0.6283225671727491,27.1,16.590694835785612,390.9,-2.231994318962097,4.773802921665449,0.6279388010501862,0.03666612076441416
0.09709745579181263,0.6283225671727491,17.7,15.683745865248433,400.3,0.0013084888458251953,0.15272558769664468,0.6332487761974335,0.03794618757834679
0.1001190164959273,0.6283225671727491,13.2,14.282476794100747,404.8,-0.7940852105617523,1.7198420390880278,0.6367241263389587,0.037146520264543556
0.103140577200042,0.6283225671727491,11.4,14.359501801480565,406.6,-0.7901587843894958,1.720903567970487,0.636659461259842,0.03735583589030473
0.10616213790415667,0.6283225671727491,7.1,10.761836098759664,410.9,-0.06626336574554444,0.12295600518988505,0.6393166542053222,0.03688246298490592
0.10918369860827135,0.6283225671727491,6.1,9.880388459562106,411.9,-0.015429949760437012,0.0344692231637098,0.6360234916210175,0.03629407571158165
0.11220525931238602,0.6283225671727491,5.5,8.891745340766066,412.5,-0.015364420413970948,0.03448433413403134,0.6363140642642975,0.03634983488579615
0.11522682001650071,0.6283225671727491,4.2,6.884626313228043,413.8,-0.00028784871101379396,0.01103207188960754,0.6348010301589966,0.035917621974542124
0.11824838072061539,0.6283225671727491,0.8,1.8097257302832792,417.2,0.010011237859725953,0.02264699343341521,0.6351254403591156,0.03578670077271057
0.0004075132601428777,0.6661463914538848,140.6,20.273214154777293,277.4,0.2898105502128601,0.17883584781519257,0.5543431282043457,0.07097649585313333
0.0034290739642575574,0.6661463914538848,136.6,19.148180120058687,281.4,0.2642581880092621,0.19394045521534706,0.5478779315948487,0.07300329419208153
0.006450634668372237,0.6661463914538848,132.5,19.118611295114995,285.5,0.25413410663604735,0.20619411318357145,0.5469682037830352,0.07171692661876791
0.009472195372486917,0.6661463914538848,130.7,19.32508432321531,287.3,0.24930018782615662,0.21916931049432067,0.5443474352359772,0.06825575055015236
0.012493756076601597,0.6661463914538848,125.5,20.304182010676875,292.5,0.21958367824554442,0.20397660217490962,0.549233341217041,0.07146460997627717
0.015515316780716276,0.6661463914538848,119.9,22.557260083584808,298.1,0.18405289053916932,0.21828809868834204,0.549916249513626,0.07382497594553573
0.018536877484830957,0.6661463914538848,119.0,22.315364748666273,299.0,0.18527970910072328,0.21818130661602228,0.5495212614536286,0.07141087594404193
0.021558438188945636,0.6661463914538848,114.6,20.451924804461555,303.4,0.16832170486450196,0.21536090151829168,0.5582992434501648,0.0676457130582576
0.024579998893060315,0.6661463914538848,106.0,21.51098820749816,312.0,-0.17128979563713073,0.5765281432000685,0.5661423146724701,0.06541815553303716
0.027601559597174995,0.6661463914538848,100.3,20.76603323776266,317.7,-0.2537472784519196,0.5357320605846637,0.5706137299537659,0.06293817403345782
0.030623120301289674,0.6661463914538848,96.8,18.750904144162117,321.2,-0.25630757212638855,0.5349648915517475,0.5759921789169311,0.058100315916169785
0.03364468100540435,0.6661463914538848,94.0,19.48609101860469,324.0,-0.16390951871871948,0.3134375246184485,0.5790793418884277,0.05249686100322955
0.036666241709519036,0.6661463914538848,92.7,19.08825199034796,325.3,-0.17176194190979005,0.3104395300940847,0.5793094635009766,0.05149222535065224
0.03968780241363371,0.6661463914538848,92.5,19.050085586123895,325.5,-0.17134805917739868,0.30942816699803616,0.5797055244445801,0.05124546661649277
0.042709363117748395,0.6661463914538848,89.9,19.19933474554524,328.1,-0.1974418044090271,0.3104737573746501,0.582294636964798,0.04899130122037904
0.04573092382186307,0.6661463914538848,87.6,18.9811627113188,330.4,-0.26357523202896116,0.4589013590056197,0.5868372678756714,0.04675963830678914
0.04875248452597775,0.6661463914538848,84.1,16.859269147441363,333.9,-0.2617795288562775,0.45961030698537764,0.5882956087589264,0.045822357960498605
0.051774045230092436,0.6661463914538848,82.8,16.755580229159715,335.2,-0.2776123583316803,0.4965542328740324,0.5900483965873718,0.045276373824898436
0.05479560593420711,0.6661463914538848,80.6,15.90746743691069,337.4,-0.2777788877487183,0.49567498715009334,0.5925835251808167,0.045831943660827074
0.057817166638321794,0.6661463914538848,78.0,13.764296389223185,340.0,-0.2811798334121704,0.4947827905410556,0.595739233493805,0.04657664498296545
0.06083872734243647,0.6661463914538848,77.7,13.896062358141565,340.3,-0.27842110991477964,0.49477466568059986,0.5961371243000031,0.0465556647285134
0.06386028804655115,0.6661463914538848,77.3,13.871490008554666,340.7,-0.28078524470329286,0.49408693213010973,0.5959082245826721,0.04672115491176068
0.06688184875066583,0.6661463914538848,77.1,13.774413477240547,340.9,-0.28062188625335693,0.49412367704485854,0.5961063265800476,0.046851433128044705
0.0699034094547805,0.6661463914538848,76.6,13.341400969328884,341.4,-0.2794347763061523,0.4945255525960397,0.5938193500041962,0.04577651109506076
0.0729249701588952,0.6661463914538848,71.7,13.39180906308649,346.3,-0.23020167350769044,0.38660868854062813,0.6010340213775635,0.042642866807853654
0.07594653086300987,0.6661463914538848,68.0,13.216368071648828,350.0,-0.21869918704032898,0.35219217062918345,0.6061372280120849,0.04347863600640934
0.07896809156712455,0.6661463914538848,62.9,11.507392854687913,355.1,-0.17500860691070558,0.2655234568194626,0.6121005773544311,0.042128108095638536
0.08198965227123924,0.6661463914538848,57.7,12.590868630177726,360.3,-0.17100961804389953,0.2467608547080002,0.6162648320198059,0.039667012885587806
0.08501121297535391,0.6661463914538848,47.5,17.981422318906873,370.5,-317.2395932674408,717.1370318063804,0.6203942358493805,0.03478201477192604
0.08803277367946859,0.6661463914538848,38.5,17.185944095390205,379.5,-1.3218428671360016,2.6350666740021897,0.6280794978141785,0.03391977993520089
0.09105433438358326,0.6661463914538848,34.2,17.87533630561925,383.8,-2.323476105928421,4.7540056532107435,0.6239611446857453,0.03597020710192807
0.09407589508769795,0.6661463914538848,27.1,16.590694835785612,390.9,-2.231994318962097,4.773802921665449,0.6279388010501862,0.03666612076441416
0.09709745579181263,0.6661463914538848,17.7,15.683745865248433,400.3,0.0013084888458251953,0.15272558769664468,0.6332487761974335,0.03794618757834679
0.1001190164959273,0.6661463914538848,13.2,14.282476794100747,404.8,-0.7940852105617523,1.7198420390880278,0.6367241263389587,0.037146520264543556
0.103140577200042,0.6661463914538848,11.4,14.359501801480565,406.6,-0.7901587843894958,1.720903567970487,0.636659461259842,0.03735583589030473
0.10616213790415667,0.6661463914538848,7.1,10.761836098759664,410.9,-0.06626336574554444,0.12295600518988505,0.6393166542053222,0.03688246298490592
0.10918369860827135,0.6661463914538848,6.1,9.880388459562106,411.9,-0.015429949760437012,0.0344692231637098,0.6360234916210175,0.03629407571158165
0.11220525931238602,0.6661463914538848,5.5,8.891745340766066,412.5,-0.015364420413970948,0.03448433413403134,0.6363140642642975,0.03634983488579615
0.11522682001650071,0.6661463914538848,4.2,6.884626313228043,413.8,-0.00028784871101379396,0.01103207188960754,0.6348010301589966,0.035917621974542124
0.11824838072061539,0.6661463914538848,0.8,1.8097257302832792,417.2,0.010011237859725953,0.02264699343341521,0.6351254403591156,0.03578670077271057
0.0004075132601428777,0.7039702157350203,162.0,22.50565326568203,256.0,0.4527642011642456,0.16666939715156104,0.5439720690250397,0.07415844010214993
0.0034290739642575574,0.7039702157350203,157.5,21.418937377712776,260.5,0.4553027629852295,0.1727951441246364,0.5368471384048462,0.07792487597118102
0.006450634668372237,0.7039702157350203,151.6,21.27497042077864,266.4,0.46031181812286376,0.1814797923987264,0.5336140155792236,0.0753377971179883
0.009472195372486917,0.7039702157350203,149.1,22.334339265375487,268.9,0.45490718483924864,0.19855952926627807,0.5249358355998993,0.06940649408990286
0.012493756076601597,0.7039702157350203,141.7,24.469087118156434,276.3,0.40537848472595217,0.22502386937142604,0.5313359022140502,0.07505217819153057
0.015515316780716276,0.7039702157350203,135.3,27.26720580164195,282.7,0.4215183436870575,0.24212927472431853,0.5267781376838684,0.07914576306464742
0.018536877484830957,0.7039702157350203,133.4,27.144210230555238,284.6,0.4117861926555634,0.24434123244145642,0.5300953984260559,0.07286534722201903
0.021558438188945636,0.7039702157350203,127.2,26.224983739904058,290.8,0.3260301351547241,0.23838250035922637,0.5444504380226135,0.07249734163595536
0.024579998893060315,0.7039702157350203,116.5,27.371686211520696,301.5,0.24866623878479005,0.27359974976565826,0.5542244613170624,0.06808953753252661
0.027601559597174995,0.7039702157350203,107.4,25.23587025377334,310.6,0.12578386664390565,0.23880667091939867,0.5652775347232819,0.06889934258178601
0.030623120301289674,0.7039702157350203,103.9,22.257833236891198,314.1,0.12427876591682434,0.2392604936567393,0.5710511684417725,0.06499679334631066
0.03364468100540435,0.7039702157350203,99.6,23.473203913636098,318.4,-0.1199580192565918,0.34167794285546194,0.5784462511539459,0.05258279842195936
0.036666241709519036,0.7039702157350203,97.9,22.250168165640794,320.1,-0.17440199255943298,0.3096355109065022,0.5799790322780609,0.052083944285149515
0.03968780241363371,0.7039702157350203,97.5,22.015876329131334,320.5,-0.17392629981040955,0.3086434533939427,0.5806614756584167,0.0520639279679933
0.042709363117748395,0.7039702157350203,94.4,22.208603054642126,323.6,-0.19917612075805663,0.30981131149475766,0.5838627696037293,0.050185272588516724
0.04573092382186307,0.7039702157350203,88.8,19.400699687543106,329.2,-0.2641079187393188,0.45871659312067664,0.5875467836856842,0.047257364621644316
0.04875248452597775,0.7039702157350203,85.1,17.33812251312451,332.9,-0.2623018503189087,0.4594305472737886,0.5891962289810181,0.046459383424000515
0.051774045230092436,0.7039702157350203,83.5,17.09305538607863,334.5,-0.2780665814876556,0.49640115040427196,0.5912863910198212,0.046156547233321236
0.05479560593420711,0.7039702157350203,80.7,15.956895951764514,337.3,-0.27776198983192446,0.4956807356044524,0.5925154149532318,0.04579073149945245
0.057817166638321794,0.7039702157350203,78.0,13.764296389223185,340.0,-0.2811798334121704,0.4947827905410556,0.595739233493805,0.04657664498296545
0.06083872734243647,0.7039702157350203,77.7,13.896062358141565,340.3,-0.27842110991477964,0.49477466568059986,0.5961371243000031,0.0465556647285134
0.06386028804655115,0.7039702157350203,77.3,13.871490008554666,340.7,-0.28078524470329286,0.49408693213010973,0.5959082245826721,0.04672115491176068
0.06688184875066583,0.7039702157350203,77.1,13.774413477240547,340.9,-0.28062188625335693,0.49412367704485854,0.5961063265800476,0.046851433128044705
0.0699034094547805,0.7039702157350203,76.6,13.341400969328884,341.4,-0.2794347763061523,0.4945255525960397,0.5938193500041962,0.04577651109506076
0.0729249701588952,0.7039702157350203,71.7,13.39180906308649,346.3,-0.23020167350769044,0.38660868854062813,0.6010340213775635,0.042642866807853654
0.07594653086300987,0.7039702157350203,68.0,13.216368071648828,350.0,-0.21869918704032898,0.35219217062918345,0.6061372280120849,0.04347863600640934
0.07896809156712455,0.7039702157350203,62.9,11.507392854687913,355.1,-0.17500860691070558,0.2655234568194626,0.6121005773544311,0.042128108095638536
0.08198965227123924,0.7039702157350203,57.7,12.590868630177726,360.3,-0.17100961804389953,0.2467608547080002,0.6162648320198059,0.039667012885587806
0.08501121297535391,0.7039702157350203,47.5,17.981422318906873,370.5,-317.2395932674408,717.1370318063804,0.6203942358493805,0.03478201477192604
0.08803277367946859,0.7039702157350203,38.5,17.185944095390205,379.5,-1.3218428671360016,2.6350666740021897,0.6280794978141785,0.03391977993520089
0.09105433438358326,0.7039702157350203,34.2,17.87533630561925,383.8,-2.323476105928421,4.7540056532107435,0.6239611446857453,0.03597020710192807
0.09407589508769795,0.7039702157350203,27.1,16.590694835785612,390.9,-2.231994318962097,4.773802921665449,0.6279388010501862,0.03666612076441416
0.09709745579181263,0.7039702157350203,17.7,15.683745865248433,400.3,0.0013084888458251953,0.15272558769664468,0.6332487761974335,0.03794618757834679
0.1001190164959273,0.7039702157350203,13.2,14.282476794100747,404.8,-0.7940852105617523,1.7198420390880278,0.6367241263389587,0.037146520264543556
0.103140577200042,0.7039702157350203,11.4,14.359501801480565,406.6,-0.7901587843894958,1.720903567970487,0.636659461259842,0.03735583589030473
0.10616213790415667,0.7039702157350203,7.1,10.761836098759664,410.9,-0.06626336574554444,0.12295600518988505,0.6393166542053222,0.03688246298490592
0.10918369860827135,0.7039702157350203,6.1,9.880388459562106,411.9,-0.015429949760437012,0.0344692231637098,0.6360234916210175,0.03629407571158165
0.11220525931238602,0.7039702157350203,5.5,8.891745340766066,412.5,-0.015364420413970948,0.03448433413403134,0.6363140642642975,0.03634983488579615
0.11522682001650071,0.7039702157350203,4.2,6.884626313228043,413.8,-0.00028784871101379396,0.01103207188960754,0.6348010301589966,0.035917621974542124
0.11824838072061539,0.7039702157350203,0.8,1.8097257302832792,417.2,0.010011237859725953,0.02264699343341521,0.6351254403591156,0.03578670077271057
0.0004075132601428777,0.7417940400161559,180.6,20.36276553384648,237.4,0.538685816526413,0.1442374322484659,0.5179539620876312,0.10436130294634913
0.0034290739642575574,0.7417940400161559,175.7,19.86767065414997,242.3,0.5396065890789032,0.15025105509215958,0.5099411964416504,0.10793603219761114
0.006450634668372237,0.7417940400161559,168.4,18.495661593163966,249.6,0.5454380869865417,0.15743123904738426,0.5093438863754273,0.10032758281147632
0.009472195372486917,0.7417940400161559,164.8,18.982959971351992,253.2,0.5559471726417542,0.17082950335883515,0.49774683713912965,0.09468644149881182
0.012493756076601597,0.7417940400161559,155.3,20.334403662998405,262.7,0.5222692489624023,0.21549099387044574,0.5039280831813813,0.10038828901668727
0.015515316780716276,0.7417940400161559,145.3,23.114012006244884,272.7,0.5464359045028686,0.23343101610255337,0.5009656190872193,0.09978772608915883
0.018536877484830957,0.7417940400161559,140.6,24.07825178738538,277.4,0.550593900680542,0.23420608695841733,0.5070048749446869,0.0867483776861996
0.021558438188945636,0.7417940400161559,132.7,24.58962408069637,285.3,0.4610015690326691,0.2543465377375538,0.5260269284248352,0.08436375054335185
0.024579998893060315,0.7417940400161559,121.7,26.36607549391714,296.3,0.39719209671020506,0.2838240718605498,0.5374137938022614,0.07989857901662056
0.027601559597174995,0.7417940400161559,111.2,23.85905642468395,306.8,0.2791561007499695,0.2919703650757487,0.5539029479026795,0.07614323091068918
0.030623120301289674,0.7417940400161559,105.8,21.31662221871036,312.2,0.2769127428531647,0.2922334866258155,0.5642280161380768,0.06785742689483332
0.03364468100540435,0.7417940400161559,100.9,22.61516127498413,317.1,-0.02281309962272644,0.4106492288418109,0.5747874319553375,0.05421647745186037
0.036666241709519036,0.7417940400161559,99.0,21.50834476807712,319.0,-0.07922367453575134,0.3894195875543533,0.5772133886814117,0.05326162294141425
0.03968780241363371,0.7417940400161559,97.5,22.015876329131334,320.5,-0.17392629981040955,0.3086434533939427,0.5806614756584167,0.0520639279679933
0.042709363117748395,0.7417940400161559,94.4,22.208603054642126,323.6,-0.19917612075805663,0.30981131149475766,0.5838627696037293,0.050185272588516724
0.04573092382186307,0.7417940400161559,88.8,19.400699687543106,329.2,-0.2641079187393188,0.45871659312067664,0.5875467836856842,0.047257364621644316
0.04875248452597775,0.7417940400161559,85.1,17.33812251312451,332.9,-0.2623018503189087,0.4594305472737886,0.5891962289810181,0.046459383424000515
0.051774045230092436,0.7417940400161559,83.5,17.09305538607863,334.5,-0.2780665814876556,0.49640115040427196,0.5912863910198212,0.046156547233321236
0.05479560593420711,0.7417940400161559,80.7,15.956895951764514,337.3,-0.27776198983192446,0.4956807356044524,0.5925154149532318,0.04579073149945245
0.057817166638321794,0.7417940400161559,78.0,13.764296389223185,340.0,-0.2811798334121704,0.4947827905410556,0.595739233493805,0.04657664498296545
0.06083872734243647,0.7417940400161559,77.7,13.896062358141565,340.3,-0.27842110991477964,0.49477466568059986,0.5961371243000031,0.0465556647285134
0.06386028804655115,0.7417940400161559,77.3,13.871490008554666,340.7,-0.28078524470329286,0.49408693213010973,0.5959082245826721,0.04672115491176068
0.06688184875066583,0.7417940400161559,77.1,13.774413477240547,340.9,-0.28062188625335693,0.49412367704485854,0.5961063265800476,0.046851433128044705
0.0699034094547805,0.7417940400161559,76.6,13.341400969328884,341.4,-0.2794347763061523,0.4945255525960397,0.5938193500041962,0.04577651109506076
0.0729249701588952,0.7417940400161559,71.7,13.39180906308649,346.3,-0.23020167350769044,0.38660868854062813,0.6010340213775635,0.042642866807853654
0.07594653086300987,0.7417940400161559,68.0,13.216368071648828,350.0,-0.21869918704032898,0.35219217062918345,0.6061372280120849,0.04347863600640934
0.07896809156712455,0.7417940400161559,62.9,11.507392854687913,355.1,-0.17500860691070558,0.2655234568194626,0.6121005773544311,0.042128108095638536
0.08198965227123924,0.7417940400161559,57.7,12.590868630177726,360.3,-0.17100961804389953,0.2467608547080002,0.6162648320198059,0.039667012885587806
0.08501121297535391,0.7417940400161559,47.5,17.981422318906873,370.5,-317.2395932674408,717.1370318063804,0.6203942358493805,0.03478201477192604
0.08803277367946859,0.7417940400161559,38.5,17.185944095390205,379.5,-1.3218428671360016,2.6350666740021897,0.6280794978141785,0.03391977993520089
0.09105433438358326,0.7417940400161559,34.2,17.87533630561925,383.8,-2.323476105928421,4.7540056532107435,0.6239611446857453,0.03597020710192807
0.09407589508769795,0.7417940400161559,27.1,16.590694835785612,390.9,-2.231994318962097,4.773802921665449,0.6279388010501862,0.03666612076441416
0.09709745579181263,0.7417940400161559,17.7,15.683745865248433,400.3,0.0013084888458251953,0.15272558769664468,0.6332487761974335,0.03794618757834679
0.1001190164959273,0.7417940400161559,13.2,14.282476794100747,404.8,-0.7940852105617523,1.7198420390880278,0.6367241263389587,0.037146520264543556
0.103140577200042,0.7417940400161559,11.4,14.359501801480565,406.6,-0.7901587843894958,1.720903567970487,0.636659461259842,0.03735583589030473
0.10616213790415667,0.7417940400161559,7.1,10.761836098759664,410.9,-0.06626336574554444,0.12295600518988505,0.6393166542053222,0.03688246298490592
0.10918369860827135,0.7417940400161559,6.1,9.880388459562106,411.9,-0.015429949760437012,0.0344692231637098,0.6360234916210175,0.03629407571158165
0.11220525931238602,0.7417940400161559,5.5,8.891745340766066,412.5,-0.015364420413970948,0.03448433413403134,0.6363140642642975,0.03634983488579615
0.11522682001650071,0.7417940400161559,4.2,6.884626313228043,413.8,-0.00028784871101379396,0.01103207188960754,0.6348010301589966,0.035917621974542124
0.11824838072061539,0.7417940400161559,0.8,1.8097257302832792,417.2,0.010011237859725953,0.02264699343341521,0.6351254403591156,0.03578670077271057
0.0004075132601428777,0.7796178642972914,198.2,24.704395008024868,219.8,0.6003372073173523,0.11962613005896161,0.49426190853118895,0.11407694899204326
0.0034290739642575574,0.7796178642972914,191.7,23.48252797557496,226.3,0.6066910803318024,0.12417635363455451,0.4841288387775421,0.11551781079238235
0.006450634668372237,0.7796178642972914,182.9,21.670185215006562,235.1,0.61553995013237,0.13279190793232226,0.48223809003829954,0.10490472245302668
0.009472195372486917,0.7796178642972914,177.0,21.359790041707313,241.0,0.6296585023403167,0.1410983957076202,0.4700610339641571,0.09897203991049641
0.012493756076601597,0.7796178642972914,167.1,23.257229857896988,250.9,0.6179740488529205,0.16689276577955073,0.4757801353931427,0.10676836024140064
0.015515316780716276,0.7796178642972914,152.9,25.467442633347748,265.1,0.6283503115177155,0.18813145880654,0.4845296323299408,0.09930476680058797
0.018536877484830957,0.7796178642972914,146.0,25.73738873336632,272.0,0.6061922132968902,0.2133450876892172,0.49457908868789674,0.08581362870098495
0.021558438188945636,0.7796178642972914,136.9,26.530323567588486,281.1,0.516296774148941,0.2449986004960132,0.5179653227329254,0.08288507704375886
0.024579998893060315,0.7796178642972914,124.7,28.542750509346646,293.3,0.4840745091438293,0.2566945301292606,0.5313742458820343,0.0784081320130041
0.027601559597174995,0.7796178642972914,112.6,25.18625278700432,305.4,0.3281988024711609,0.30526669842891535,0.5500152468681335,0.0752297992362119
0.030623120301289674,0.7796178642972914,106.1,21.512177649262277,311.9,0.30285321474075316,0.30641345281591176,0.5631526827812194,0.06780900923240211
0.03364468100540435,0.7796178642972914,101.0,22.686828710999414,317.0,-0.006178450584411621,0.42302956393737723,0.574171394109726,0.05423663772380458
0.036666241709519036,0.7796178642972914,99.0,21.50834476807712,319.0,-0.07922367453575134,0.3894195875543533,0.5772133886814117,0.05326162294141425
0.03968780241363371,0.7796178642972914,97.5,22.015876329131334,320.5,-0.17392629981040955,0.3086434533939427,0.5806614756584167,0.0520639279679933
0.042709363117748395,0.7796178642972914,94.4,22.208603054642126,323.6,-0.19917612075805663,0.30981131149475766,0.5838627696037293,0.050185272588516724
0.04573092382186307,0.7796178642972914,88.8,19.400699687543106,329.2,-0.2641079187393188,0.45871659312067664,0.5875467836856842,0.047257364621644316
0.04875248452597775,0.7796178642972914,85.1,17.33812251312451,332.9,-0.2623018503189087,0.4594305472737886,0.5891962289810181,0.046459383424000515
0.051774045230092436,0.7796178642972914,83.5,17.09305538607863,334.5,-0.2780665814876556,0.49640115040427196,0.5912863910198212,0.046156547233321236
0.05479560593420711,0.7796178642972914,80.7,15.956895951764514,337.3,-0.27776198983192446,0.4956807356044524,0.5925154149532318,0.04579073149945245
0.057817166638321794,0.7796178642972914,78.0,13.764296389223185,340.0,-0.2811798334121704,0.4947827905410556,0.595739233493805,0.04657664498296545
0.06083872734243647,0.7796178642972914,77.7,13.896062358141565,340.3,-0.27842110991477964,0.49477466568059986,0.5961371243000031,0.0465556647285134
0.06386028804655115,0.7796178642972914,77.3,13.871490008554666,340.7,-0.28078524470329286,0.49408693213010973,0.5959082245826721,0.04672115491176068
0.06688184875066583,0.7796178642972914,77.1,13.774413477240547,340.9,-0.28062188625335693,0.49412367704485854,0.5961063265800476,0.046851433128044705
0.0699034094547805,0.7796178642972914,76.6,13.341400969328884,341.4,-0.2794347763061523,0.4945255525960397,0.5938193500041962,0.04577651109506076
0.0729249701588952,0.7796178642972914,71.7,13.39180906308649,346.3,-0.23020167350769044,0.38660868854062813,0.6010340213775635,0.042642866807853654
0.07594653086300987,0.7796178642972914,68.0,13.216368071648828,350.0,-0.21869918704032898,0.35219217062918345,0.6061372280120849,0.04347863600640934
0.07896809156712455,0.7796178642972914,62.9,11.507392854687913,355.1,-0.17500860691070558,0.2655234568194626,0.6121005773544311,0.042128108095638536
0.08198965227123924,0.7796178642972914,57.7,12.590868630177726,360.3,-0.17100961804389953,0.2467608547080002,0.6162648320198059,0.039667012885587806
0.08501121297535391,0.7796178642972914,47.5,17.981422318906873,370.5,-317.2395932674408,717.1370318063804,0.6203942358493805,0.03478201477192604
0.08803277367946859,0.7796178642972914,38.5,17.185944095390205,379.5,-1.3218428671360016,2.6350666740021897,0.6280794978141785,0.03391977993520089
0.09105433438358326,0.7796178642972914,34.2,17.87533630561925,383.8,-2.323476105928421,4.7540056532107435,0.6239611446857453,0.03597020710192807
0.09407589508769795,0.7796178642972914,27.1,16.590694835785612,390.9,-2.231994318962097,4.773802921665449,0.6279388010501862,0.03666612076441416
0.09709745579181263,0.7796178642972914,17.7,15.683745865248433,400.3,0.0013084888458251953,0.15272558769664468,0.6332487761974335,0.03794618757834679
0.1001190164959273,0.7796178642972914,13.2,14.282476794100747,404.8,-0.7940852105617523,1.7198420390880278,0.6367241263389587,0.037146520264543556
0.103140577200042,0.7796178642972914,11.4,14.359501801480565,406.6,-0.7901587843894958,1.720903567970487,0.636659461259842,0.03735583589030473
0.10616213790415667,0.7796178642972914,7.1,10.761836098759664,410.9,-0.06626336574554444,0.12295600518988505,0.6393166542053222,0.03688246298490592
0.10918369860827135,0.7796178642972914,6.1,9.880388459562106,411.9,-0.015429949760437012,0.0344692231637098,0.6360234916210175,0.03629407571158165
0.11220525931238602,0.7796178642972914,5.5,8.891745340766066,412.5,-0.015364420413970948,0.03448433413403134,0.6363140642642975,0.03634983488579615
0.11522682001650071,0.7796178642972914,4.2,6.884626313228043,413.8,-0.00028784871101379396,0.01103207188960754,0.6348010301589966,0.035917621974542124
0.11824838072061539,0.7796178642972914,0.8,1.8097257302832792,417.2,0.010011237859725953,0.02264699343341521,0.6351254403591156,0.03578670077271057
0.0004075132601428777,0.817441688578427,225.4,20.66763920379878,192.6,0.6209701776504517,0.08604624810042867,0.4836397707462311,0.09396111853771807
0.0034290739642575574,0.817441688578427,217.3,20.202553781613894,200.7,0.6300420641899109,0.08833850480637573,0.46910491585731506,0.094249905872994
0.006450634668372237,0.817441688578427,206.0,20.38453404891834,212.0,0.6392904281616211,0.09333753530663326,0.4680961310863495,0.08208576475644111
0.009472195372486917,0.817441688578427,194.3,23.3050988643233,223.7,0.6651705920696258,0.10068779132467999,0.44384602904319764,0.08969009551813209
0.012493756076601597,0.817441688578427,180.8,25.412348591122488,237.2,0.6756433963775634,0.1109224082891572,0.4501811146736145,0.10082414549917477
0.015515316780716276,0.817441688578427,162.7,26.889237477312147,255.3,0.6900254368782044,0.12358457250945083,0.465607213973999,0.09304083037184119
0.018536877484830957,0.817441688578427,153.6,27.479390607252427,264.4,0.6382177233695984,0.19224591648080075,0.47995535135269163,0.08154644700206266
0.021558438188945636,0.817441688578427,141.8,26.272639573758685,276.2,0.6257922291755676,0.18608076627842784,0.5047966122627259,0.08001713496272105
0.024579998893060315,0.817441688578427,128.6,29.303837935365987,289.4,0.634448504447937,0.1969178774755543,0.522396981716156,0.07437188431264755
0.027601559597174995,0.817441688578427,116.1,24.96460088078531,301.9,0.5172270715236664,0.2686205284039012,0.5431403875350952,0.07224760818843369
0.030623120301289674,0.817441688578427,107.4,21.50358575822396,310.6,0.3911846339702606,0.3127277643967752,0.5600801646709442,0.06533644687090641
0.03364468100540435,0.817441688578427,101.9,22.24505665081539,316.1,0.10457321405410766,0.4614030809464343,0.5718055367469788,0.051730308064851016
0.036666241709519036,0.817441688578427,99.0,21.50834476807712,319.0,-0.07922367453575134,0.3894195875543533,0.5772133886814117,0.05326162294141425
0.03968780241363371,0.817441688578427,97.5,22.015876329131334,320.5,-0.17392629981040955,0.3086434533939427,0.5806614756584167,0.0520639279679933
0.042709363117748395,0.817441688578427,94.4,22.208603054642126,323.6,-0.19917612075805663,0.30981131149475766,0.5838627696037293,0.050185272588516724
0.04573092382186307,0.817441688578427,88.8,19.400699687543106,329.2,-0.2641079187393188,0.45871659312067664,0.5875467836856842,0.047257364621644316
0.04875248452597775,0.817441688578427,85.1,17.33812251312451,332.9,-0.2623018503189087,0.4594305472737886,0.5891962289810181,0.046459383424000515
0.051774045230092436,0.817441688578427,83.5,17.09305538607863,334.5,-0.2780665814876556,0.49640115040427196,0.5912863910198212,0.046156547233321236
0.05479560593420711,0.817441688578427,80.7,15.956895951764514,337.3,-0.27776198983192446,0.4956807356044524,0.5925154149532318,0.04579073149945245
0.057817166638321794,0.817441688578427,78.0,13.764296389223185,340.0,-0.2811798334121704,0.4947827905410556,0.595739233493805,0.04657664498296545
0.06083872734243647,0.817441688578427,77.7,13.896062358141565,340.3,-0.27842110991477964,0.49477466568059986,0.5961371243000031,0.0465556647285134
0.06386028804655115,0.817441688578427,77.3,13.871490008554666,340.7,-0.28078524470329286,0.49408693213010973,0.5959082245826721,0.04672115491176068
0.06688184875066583,0.817441688578427,77.1,13.774413477240547,340.9,-0.28062188625335693,0.49412367704485854,0.5961063265800476,0.046851433128044705
0.0699034094547805,0.817441688578427,76.6,13.341400969328884,341.4,-0.2794347763061523,0.4945255525960397,0.5938193500041962,0.04577651109506076
0.0729249701588952,0.817441688578427,71.7,13.39180906308649,346.3,-0.23020167350769044,0.38660868854062813,0.6010340213775635,0.042642866807853654
0.07594653086300987,0.817441688578427,68.0,13.216368071648828,350.0,-0.21869918704032898,0.35219217062918345,0.6061372280120849,0.04347863600640934
0.07896809156712455,0.817441688578427,62.9,11.507392854687913,355.1,-0.17500860691070558,0.2655234568194626,0.6121005773544311,0.042128108095638536
0.08198965227123924,0.817441688578427,57.7,12.590868630177726,360.3,-0.17100961804389953,0.2467608547080002,0.6162648320198059,0.039667012885587806
0.08501121297535391,0.817441688578427,47.5,17.981422318906873,370.5,-317.2395932674408,717.1370318063804,0.6203942358493805,0.03478201477192604
0.08803277367946859,0.817441688578427,38.5,17.185944095390205,379.5,-1.3218428671360016,2.6350666740021897,0.6280794978141785,0.03391977993520089
0.09105433438358326,0.817441688578427,34.2,17.87533630561925,383.8,-2.323476105928421,4.7540056532107435,0.6239611446857453,0.03597020710192807
0.09407589508769795,0.817441688578427,27.1,16.590694835785612,390.9,-2.231994318962097,4.773802921665449,0.6279388010501862,0.03666612076441416
0.09709745579181263,0.817441688578427,17.7,15.683745865248433,400.3,0.0013084888458251953,0.15272558769664468,0.6332487761974335,0.03794618757834679
0.1001190164959273,0.817441688578427,13.2,14.282476794100747,404.8,-0.7940852105617523,1.7198420390880278,0.6367241263389587,0.037146520264543556
0.103140577200042,0.817441688578427,11.4,14.359501801480565,406.6,-0.7901587843894958,1.720903567970487,0.636659461259842,0.03735583589030473
0.10616213790415667,0.817441688578427,7.1,10.761836098759664,410.9,-0.06626336574554444,0.12295600518988505,0.6393166542053222,0.03688246298490592
0.10918369860827135,0.817441688578427,6.1,9.880388459562106,411.9,-0.015429949760437012,0.0344692231637098,0.6360234916210175,0.03629407571158165
0.11220525931238602,0.817441688578427,5.5,8.891745340766066,412.5,-0.015364420413970948,0.03448433413403134,0.6363140642642975,0.03634983488579615
0.11522682001650071,0.817441688578427,4.2,6.884626313228043,413.8,-0.00028784871101379396,0.01103207188960754,0.6348010301589966,0.035917621974542124
0.11824838072061539,0.817441688578427,0.8,1.8097257302832792,417.2,0.010011237859725953,0.02264699343341521,0.6351254403591156,0.03578670077271057
0.0004075132601428777,0.8552655128595626,247.4,22.622074324547285,170.6,0.6289402127265931,0.06542205265763328,0.4702064037322998,0.06028969955049653
0.0034290739642575574,0.8552655128595626,237.9,21.238190368908718,180.1,0.637567812204361,0.06657488322400092,0.45490631461143494,0.06800976223445854
0.006450634668372237,0.8552655128595626,222.7,21.80254821542212,195.3,0.6452173054218292,0.07503760703111056,0.45692080855369566,0.054821129969076995
0.009472195372486917,0.8552655128595626,208.2,25.937210028679637,209.8,0.6723732233047486,0.08077664443081478,0.43466981649398806,0.06280654867789713
0.012493756076601597,0.8552655128595626,189.5,25.159260469915687,228.5,0.68987535238266,0.09525398186415568,0.4350516438484192,0.10295611933233538
0.015515316780716276,0.8552655128595626,168.1,27.892702576617943,249.9,0.7022125005722046,0.11027994543635032,0.4585789740085602,0.09504478380671924
0.018536877484830957,0.8552655128595626,158.1,28.10795387603028,259.9,0.6593928933143616,0.18189571528801055,0.4705172896385193,0.08595128189619368
0.021558438188945636,0.8552655128595626,146.2,26.90562049770197,271.8,0.6555957615375518,0.17970663669570205,0.4980460822582245,0.08493716158141404
0.024579998893060315,0.8552655128595626,132.2,30.670194482817045,285.8,0.6634433805942536,0.18927877752869324,0.520796000957489,0.07168144315275111
0.027601559597174995,0.8552655128595626,118.6,26.258351905028455,299.4,0.5319321870803833,0.2672464599917438,0.541482275724411,0.06995545164662437
0.030623120301289674,0.8552655128595626,109.3,22.452661665187776,308.7,0.405592143535614,0.31430023040945504,0.5582708120346069,0.06325093312891451
0.03364468100540435,0.8552655128595626,102.1,22.152847703499077,315.9,0.10739408135414123,0.4638712330394976,0.571184778213501,0.050956831654274407
0.036666241709519036,0.8552655128595626,99.0,21.50834476807712,319.0,-0.07922367453575134,0.3894195875543533,0.5772133886814117,0.05326162294141425
0.03968780241363371,0.8552655128595626,97.5,22.015876329131334,320.5,-0.17392629981040955,0.3086434533939427,0.5806614756584167,0.0520639279679933
0.042709363117748395,0.8552655128595626,94.4,22.208603054642126,323.6,-0.19917612075805663,0.30981131149475766,0.5838627696037293,0.050185272588516724
0.04573092382186307,0.8552655128595626,88.8,19.400699687543106,329.2,-0.2641079187393188,0.45871659312067664,0.5875467836856842,0.047257364621644316
0.04875248452597775,0.8552655128595626,85.1,17.33812251312451,332.9,-0.2623018503189087,0.4594305472737886,0.5891962289810181,0.046459383424000515
0.051774045230092436,0.8552655128595626,83.5,17.09305538607863,334.5,-0.2780665814876556,0.49640115040427196,0.5912863910198212,0.046156547233321236
0.05479560593420711,0.8552655128595626,80.7,15.956895951764514,337.3,-0.27776198983192446,0.4956807356044524,0.5925154149532318,0.04579073149945245
0.057817166638321794,0.8552655128595626,78.0,13.764296389223185,340.0,-0.2811798334121704,0.4947827905410556,0.595739233493805,0.04657664498296545
0.06083872734243647,0.8552655128595626,77.7,13.896062358141565,340.3,-0.27842110991477964,0.49477466568059986,0.5961371243000031,0.0465556647285134
0.06386028804655115,0.8552655128595626,77.3,13.871490008554666,340.7,-0.28078524470329286,0.49408693213010973,0.5959082245826721,0.04672115491176068
0.06688184875066583,0.8552655128595626,77.1,13.774413477240547,340.9,-0.28062188625335693,0.49412367704485854,0.5961063265800476,0.046851433128044705
0.0699034094547805,0.8552655128595626,76.6,13.341400969328884,341.4,-0.2794347763061523,0.4945255525960397,0.5938193500041962,0.04577651109506076
0.0729249701588952,0.8552655128595626,71.7,13.39180906308649,346.3,-0.23020167350769044,0.38660868854062813,0.6010340213775635,0.042642866807853654
0.07594653086300987,0.8552655128595626,68.0,13.216368071648828,350.0,-0.21869918704032898,0.35219217062918345,0.6061372280120849,0.04347863600640934
0.07896809156712455,0.8552655128595626,62.9,11.507392854687913,355.1,-0.17500860691070558,0.2655234568194626,0.6121005773544311,0.042128108095638536
0.08198965227123924,0.8552655128595626,57.7,12.590868630177726,360.3,-0.17100961804389953,0.2467608547080002,0.6162648320198059,0.039667012885587806
0.08501121297535391,0.8552655128595626,47.5,17.981422318906873,370.5,-317.2395932674408,717.1370318063804,0.6203942358493805,0.03478201477192604
0.08803277367946859,0.8552655128595626,38.5,17.185944095390205,379.5,-1.3218428671360016,2.6350666740021897,0.6280794978141785,0.03391977993520089
0.09105433438358326,0.8552655128595626,34.2,17.87533630561925,383.8,-2.323476105928421,4.7540056532107435,0.6239611446857453,0.03597020710192807
0.09407589508769795,0.8552655128595626,27.1,16.590694835785612,390.9,-2.231994318962097,4.773802921665449,0.6279388010501862,0.03666612076441416
0.09709745579181263,0.8552655128595626,17.7,15.683745865248433,400.3,0.0013084888458251953,0.15272558769664468,0.6332487761974335,0.03794618757834679
0.1001190164959273,0.8552655128595626,13.2,14.282476794100747,404.8,-0.7940852105617523,1.7198420390880278,0.6367241263389587,0.037146520264543556
0.103140577200042,0.8552655128595626,11.4,14.359501801480565,406.6,-0.7901587843894958,1.720903567970487,0.636659461259842,0.03735583589030473
0.10616213790415667,0.8552655128595626,7.1,10.761836098759664,410.9,-0.06626336574554444,0.12295600518988505,0.6393166542053222,0.03688246298490592
0.10918369860827135,0.8552655128595626,6.1,9.880388459562106,411.9,-0.015429949760437012,0.0344692231637098,0.6360234916210175,0.03629407571158165
0.11220525931238602,0.8552655128595626,5.5,8.891745340766066,412.5,-0.015364420413970948,0.03448433413403134,0.6363140642642975,0.03634983488579615
0.11522682001650071,0.8552655128595626,4.2,6.884626313228043,413.8,-0.00028784871101379396,0.01103207188960754,0.6348010301589966,0.035917621974542124
0.11824838072061539,0.8552655128595626,0.8,1.8097257302832792,417.2,0.010011237859725953,0.02264699343341521,0.6351254403591156,0.03578670077271057
0.0004075132601428777,0.8930893371406982,267.4,21.83421156221947,150.60000000000002,0.6466120421886444,0.059346857956814394,0.45339553356170653,0.05464511767473621
0.0034290739642575574,0.8930893371406982,257.0,20.415193787929383,161.0,0.6562946200370788,0.06013119787147568,0.43802175521850584,0.058544615810897
0.006450634668372237,0.8930893371406982,238.2,22.383546928124634,179.8,0.6668000459671021,0.06640605528553264,0.4390807390213013,0.04643132934954942
0.009472195372486917,0.8930893371406982,219.6,24.306232785033,198.4,0.6906487703323364,0.06867988149808636,0.42314389944076536,0.05255803559913409
0.012493756076601597,0.8930893371406982,195.9,27.04610481677505,222.1,0.7208102226257325,0.07845133203006935,0.4172613203525543,0.09617117350878057
0.015515316780716276,0.8930893371406982,172.5,29.36402378272631,245.5,0.7269958555698395,0.0970790647486551,0.44650750160217284,0.09015027180157789
0.018536877484830957,0.8930893371406982,161.6,29.656795087500036,256.4,0.6844295620918274,0.17954711066504184,0.4600589096546173,0.08221500043526482
0.021558438188945636,0.8930893371406982,148.8,28.16726333469858,269.2,0.6748907208442688,0.18127607724258632,0.49066632986068726,0.08277835335851767
0.024579998893060315,0.8930893371406982,132.8,31.161254833343445,285.2,0.6586253464221954,0.18769707098964128,0.5220835030078887,0.07223574683520521
0.027601559597174995,0.8930893371406982,119.0,26.629902141791803,299.0,0.5455936193466187,0.2552886234006431,0.5428678035736084,0.0707803341585359
0.030623120301289674,0.8930893371406982,109.3,22.452661665187776,308.7,0.405592143535614,0.31430023040945504,0.5582708120346069,0.06325093312891451
0.03364468100540435,0.8930893371406982,102.1,22.152847703499077,315.9,0.10739408135414123,0.4638712330394976,0.571184778213501,0.050956831654274407
0.036666241709519036,0.8930893371406982,99.0,21.50834476807712,319.0,-0.07922367453575134,0.3894195875543533,0.5772133886814117,0.05326162294141425
0.03968780241363371,0.8930893371406982,97.5,22.015876329131334,320.5,-0.17392629981040955,0.3086434533939427,0.5806614756584167,0.0520639279679933
0.042709363117748395,0.8930893371406982,94.4,22.208603054642126,323.6,-0.19917612075805663,0.30981131149475766,0.5838627696037293,0.050185272588516724
0.04573092382186307,0.8930893371406982,88.8,19.400699687543106,329.2,-0.2641079187393188,0.45871659312067664,0.5875467836856842,0.047257364621644316
0.04875248452597775,0.8930893371406982,85.1,17.33812251312451,332.9,-0.2623018503189087,0.4594305472737886,0.5891962289810181,0.046459383424000515
0.051774045230092436,0.8930893371406982,83.5,17.09305538607863,334.5,-0.2780665814876556,0.49640115040427196,0.5912863910198212,0.046156547233321236
0.05479560593420711,0.8930893371406982,80.7,15.956895951764514,337.3,-0.27776198983192446,0.4956807356044524,0.5925154149532318,0.04579073149945245
0.057817166638321794,0.8930893371406982,78.0,13.764296389223185,340.0,-0.2811798334121704,0.4947827905410556,0.595739233493805,0.04657664498296545
0.06083872734243647,0.8930893371406982,77.7,13.896062358141565,340.3,-0.27842110991477964,0.49477466568059986,0.5961371243000031,0.0465556647285134
0.06386028804655115,0.8930893371406982,77.3,13.871490008554666,340.7,-0.28078524470329286,0.49408693213010973,0.5959082245826721,0.04672115491176068
0.06688184875066583,0.8930893371406982,77.1,13.774413477240547,340.9,-0.28062188625335693,0.49412367704485854,0.5961063265800476,0.046851433128044705
0.0699034094547805,0.8930893371406982,76.6,13.341400969328884,341.4,-0.2794347763061523,0.4945255525960397,0.5938193500041962,0.04577651109506076
0.0729249701588952,0.8930893371406982,71.7,13.39180906308649,346.3,-0.23020167350769044,0.38660868854062813,0.6010340213775635,0.042642866807853654
0.07594653086300987,0.8930893371406982,68.0,13.216368071648828,350.0,-0.21869918704032898,0.35219217062918345,0.6061372280120849,0.04347863600640934
0.07896809156712455,0.8930893371406982,62.9,11.507392854687913,355.1,-0.17500860691070558,0.2655234568194626,0.6121005773544311,0.042128108095638536
0.08198965227123924,0.8930893371406982,57.7,12.590868630177726,360.3,-0.17100961804389953,0.2467608547080002,0.6162648320198059,0.039667012885587806
0.08501121297535391,0.8930893371406982,47.5,17.981422318906873,370.5,-317.2395932674408,717.1370318063804,0.6203942358493805,0.03478201477192604
0.08803277367946859,0.8930893371406982,38.5,17.185944095390205,379.5,-1.3218428671360016,2.6350666740021897,0.6280794978141785,0.03391977993520089
0.09105433438358326,0.8930893371406982,34.2,17.87533630561925,383.8,-2.323476105928421,4.7540056532107435,0.6239611446857453,0.03597020710192807
0.09407589508769795,0.8930893371406982,27.1,16.590694835785612,390.9,-2.231994318962097,4.773802921665449,0.6279388010501862,0.03666612076441416
0.09709745579181263,0.8930893371406982,17.7,15.683745865248433,400.3,0.0013084888458251953,0.15272558769664468,0.6332487761974335,0.03794618757834679
0.1001190164959273,0.8930893371406982,13.2,14.282476794100747,404.8,-0.7940852105617523,1.7198420390880278,0.6367241263389587,0.037146520264543556
0.103140577200042,0.8930893371406982,11.4,14.359501801480565,406.6,-0.7901587843894958,1.720903567970487,0.636659461259842,0.03735583589030473
0.10616213790415667,0.8930893371406982,7.1,10.761836098759664,410.9,-0.06626336574554444,0.12295600518988505,0.6393166542053222,0.03688246298490592
0.10918369860827135,0.8930893371406982,6.1,9.880388459562106,411.9,-0.015429949760437012,0.0344692231637098,0.6360234916210175,0.03629407571158165
0.11220525931238602,0.8930893371406982,5.5,8.891745340766066,412.5,-0.015364420413970948,0.03448433413403134,0.6363140642642975,0.03634983488579615
0.11522682001650071,0.8930893371406982,4.2,6.884626313228043,413.8,-0.00028784871101379396,0.01103207188960754,0.6348010301589966,0.035917621974542124
0.11824838072061539,0.8930893371406982,0.8,1.8097257302832792,417.2,0.010011237859725953,0.02264699343341521,0.6351254403591156,0.03578670077271057
0.0004075132601428777,0.9309131614218338,294.3,13.789265935659598,123.69999999999999,0.6561645269393921,0.0512598087041386,0.4123417556285858,0.05966879021613197
0.0034290739642575574,0.9309131614218338,282.3,14.34702328480239,135.7,0.6661680638790131,0.05116127409302024,0.39938915371894834,0.06821098675125091
0.006450634668372237,0.9309131614218338,253.9,18.764999322584572,164.1,0.6805350303649902,0.05485743531411539,0.41545756459236144,0.05823038082027773
0.009472195372486917,0.9309131614218338,232.6,23.183156404882766,185.4,0.7045755207538604,0.05593978176578892,0.4007174551486969,0.05901941088398944
0.012493756076601597,0.9309131614218338,206.2,27.18523572554426,211.8,0.7373864114284515,0.05854024791307523,0.39809690713882445,0.09669815326643227
0.015515316780716276,0.9309131614218338,179.0,30.779749746425274,239.0,0.7373566269874573,0.08652755835835123,0.4324688673019409,0.09442582937186761
0.018536877484830957,0.9309131614218338,167.5,31.492409156143992,250.5,0.7136955797672272,0.12434928114081485,0.44856539368629456,0.08777649263532017
0.021558438188945636,0.9309131614218338,154.1,29.80071894537474,263.9,0.6740567326545716,0.18480930768574935,0.48100717067718507,0.08907220548509033
0.024579998893060315,0.9309131614218338,135.4,32.21172000641551,282.6,0.6604365587234498,0.18861690342772888,0.5170594573020935,0.07196990904487482
0.027601559597174995,0.9309131614218338,119.0,26.629902141791803,299.0,0.5455936193466187,0.2552886234006431,0.5428678035736084,0.0707803341585359
0.030623120301289674,0.9309131614218338,109.3,22.452661665187776,308.7,0.405592143535614,0.31430023040945504,0.5582708120346069,0.06325093312891451
0.03364468100540435,0.9309131614218338,102.1,22.152847703499077,315.9,0.10739408135414123,0.4638712330394976,0.571184778213501,0.050956831654274407
0.036666241709519036,0.9309131614218338,99.0,21.50834476807712,319.0,-0.07922367453575134,0.3894195875543533,0.5772133886814117,0.05326162294141425
0.03968780241363371,0.9309131614218338,97.5,22.015876329131334,320.5,-0.17392629981040955,0.3086434533939427,0.5806614756584167,0.0520639279679933
0.042709363117748395,0.9309131614218338,94.4,22.208603054642126,323.6,-0.19917612075805663,0.30981131149475766,0.5838627696037293,0.050185272588516724
0.04573092382186307,0.9309131614218338,88.8,19.400699687543106,329.2,-0.2641079187393188,0.45871659312067664,0.5875467836856842,0.047257364621644316
0.04875248452597775,0.9309131614218338,85.1,17.33812251312451,332.9,-0.2623018503189087,0.4594305472737886,0.5891962289810181,0.046459383424000515
0.051774045230092436,0.9309131614218338,83.5,17.09305538607863,334.5,-0.2780665814876556,0.49640115040427196,0.5912863910198212,0.046156547233321236
0.05479560593420711,0.9309131614218338,80.7,15.956895951764514,337.3,-0.27776198983192446,0.4956807356044524,0.5925154149532318,0.04579073149945245
0.057817166638321794,0.9309131614218338,78.0,13.764296389223185,340.0,-0.2811798334121704,0.4947827905410556,0.595739233493805,0.04657664498296545
0.06083872734243647,0.9309131614218338,77.7,13.896062358141565,340.3,-0.27842110991477964,0.49477466568059986,0.5961371243000031,0.0465556647285134
0.06386028804655115,0.9309131614218338,77.3,13.871490008554666,340.7,-0.28078524470329286,0.49408693213010973,0.5959082245826721,0.04672115491176068
0.06688184875066583,0.9309131614218338,77.1,13.774413477240547,340.9,-0.28062188625335693,0.49412367704485854,0.5961063265800476,0.046851433128044705
0.0699034094547805,0.9309131614218338,76.6,13.341400969328884,341.4,-0.2794347763061523,0.4945255525960397,0.5938193500041962,0.04577651109506076
0.0729249701588952,0.9309131614218338,71.7,13.39180906308649,346.3,-0.23020167350769044,0.38660868854062813,0.6010340213775635,0.042642866807853654
0.07594653086300987,0.9309131614218338,68.0,13.216368071648828,350.0,-0.21869918704032898,0.35219217062918345,0.6061372280120849,0.04347863600640934
0.07896809156712455,0.9309131614218338,62.9,11.507392854687913,355.1,-0.17500860691070558,0.2655234568194626,0.6121005773544311,0.042128108095638536
0.08198965227123924,0.9309131614218338,57.7,12.590868630177726,360.3,-0.17100961804389953,0.2467608547080002,0.6162648320198059,0.039667012885587806
0.08501121297535391,0.9309131614218338,47.5,17.981422318906873,370.5,-317.2395932674408,717.1370318063804,0.6203942358493805,0.03478201477192604
0.08803277367946859,0.9309131614218338,38.5,17.185944095390205,379.5,-1.3218428671360016,2.6350666740021897,0.6280794978141785,0.03391977993520089
0.09105433438358326,0.9309131614218338,34.2,17.87533630561925,383.8,-2.323476105928421,4.7540056532107435,0.6239611446857453,0.03597020710192807
0.09407589508769795,0.9309131614218338,27.1,16.590694835785612,390.9,-2.231994318962097,4.773802921665449,0.6279388010501862,0.03666612076441416
0.09709745579181263,0.9309131614218338,17.7,15.683745865248433,400.3,0.0013084888458251953,0.15272558769664468,0.6332487761974335,0.03794618757834679
0.1001190164959273,0.9309131614218338,13.2,14.282476794100747,404.8,-0.7940852105617523,1.7198420390880278,0.6367241263389587,0.037146520264543556
0.103140577200042,0.9309131614218338,11.4,14.359501801480565,406.6,-0.7901587843894958,1.720903567970487,0.636659461259842,0.03735583589030473
0.10616213790415667,0.9309131614218338,7.1,10.761836098759664,410.9,-0.06626336574554444,0.12295600518988505,0.6393166542053222,0.03688246298490592
0.10918369860827135,0.9309131614218338,6.1,9.880388459562106,411.9,-0.015429949760437012,0.0344692231637098,0.6360234916210175,0.03629407571158165
0.11220525931238602,0.9309131614218338,5.5,8.891745340766066,412.5,-0.015364420413970948,0.03448433413403134,0.6363140642642975,0.03634983488579615
0.11522682001650071,0.9309131614218338,4.2,6.884626313228043,413.8,-0.00028784871101379396,0.01103207188960754,0.6348010301589966,0.035917621974542124
0.11824838072061539,0.9309131614218338,0.8,1.8097257302832792,417.2,0.010011237859725953,0.02264699343341521,0.6351254403591156,0.03578670077271057
0.0004075132601428777,0.9687369857029693,308.1,14.44733677019007,109.89999999999998,0.6591269850730896,0.05014419283713753,0.35623220205307005,0.084367449168658
0.0034290739642575574,0.9687369857029693,295.6,14.88828653928095,122.39999999999998,0.6691038727760314,0.048931298930809636,0.3529311180114746,0.08378398590810252
0.006450634668372237,0.9687369857029693,263.5,18.5571970871671,154.5,0.6865210473537445,0.04907470170878684,0.38811166286468507,0.07198305335295385
0.009472195372486917,0.9687369857029693,239.2,23.60750046929007,178.8,0.7077069759368897,0.0510655918812523,0.38403937220573425,0.06325470645323769
0.012493756076601597,0.9687369857029693,211.1,27.659336415631113,206.9,0.7437765240669251,0.05087398954151101,0.3882886469364166,0.09494060959467591
0.015515316780716276,0.9687369857029693,183.4,31.683124255308616,234.6,0.7426020562648773,0.0810545013289202,0.427545028924942,0.09348866886865138
0.018536877484830957,0.9687369857029693,169.8,32.88705933075707,248.2,0.716834282875061,0.117271428471407,0.44749348163604735,0.08799340722607238
0.021558438188945636,0.9687369857029693,155.5,30.68956163210319,262.5,0.6719218015670776,0.18384052028836398,0.47956114411354067,0.08847399142010584
0.024579998893060315,0.9687369857029693,136.3,33.231474558102256,281.7,0.6565497934818267,0.18705156010563148,0.5166463613510132,0.07116796975254139
0.027601559597174995,0.9687369857029693,119.6,27.60738100918904,298.4,0.5450137376785278,0.2559251808672147,0.5416514456272126,0.06989391736274653
0.030623120301289674,0.9687369857029693,109.3,22.452661665187776,308.7,0.405592143535614,0.31430023040945504,0.5582708120346069,0.06325093312891451
0.03364468100540435,0.9687369857029693,102.1,22.152847703499077,315.9,0.10739408135414123,0.4638712330394976,0.571184778213501,0.050956831654274407
0.036666241709519036,0.9687369857029693,99.0,21.50834476807712,319.0,-0.07922367453575134,0.3894195875543533,0.5772133886814117,0.05326162294141425
0.03968780241363371,0.9687369857029693,97.5,22.015876329131334,320.5,-0.17392629981040955,0.3086434533939427,0.5806614756584167,0.0520639279679933
0.042709363117748395,0.9687369857029693,94.4,22.208603054642126,323.6,-0.19917612075805663,0.30981131149475766,0.5838627696037293,0.050185272588516724
0.04573092382186307,0.9687369857029693,88.8,19.400699687543106,329.2,-0.2641079187393188,0.45871659312067664,0.5875467836856842,0.047257364621644316
0.04875248452597775,0.9687369857029693,85.1,17.33812251312451,332.9,-0.2623018503189087,0.4594305472737886,0.5891962289810181,0.046459383424000515
0.051774045230092436,0.9687369857029693,83.5,17.09305538607863,334.5,-0.2780665814876556,0.49640115040427196,0.5912863910198212,0.046156547233321236
0.05479560593420711,0.9687369857029693,80.7,15.956895951764514,337.3,-0.27776198983192446,0.4956807356044524,0.5925154149532318,0.04579073149945245
0.057817166638321794,0.9687369857029693,78.0,13.764296389223185,340.0,-0.2811798334121704,0.4947827905410556,0.595739233493805,0.04657664498296545
0.06083872734243647,0.9687369857029693,77.7,13.896062358141565,340.3,-0.27842110991477964,0.49477466568059986,0.5961371243000031,0.0465556647285134
0.06386028804655115,0.9687369857029693,77.3,13.871490008554666,340.7,-0.28078524470329286,0.49408693213010973,0.5959082245826721,0.04672115491176068
0.06688184875066583,0.9687369857029693,77.1,13.774413477240547,340.9,-0.28062188625335693,0.49412367704485854,0.5961063265800476,0.046851433128044705
0.0699034094547805,0.9687369857029693,76.6,13.341400969328884,341.4,-0.2794347763061523,0.4945255525960397,0.5938193500041962,0.04577651109506076
0.0729249701588952,0.9687369857029693,71.7,13.39180906308649,346.3,-0.23020167350769044,0.38660868854062813,0.6010340213775635,0.042642866807853654
0.07594653086300987,0.9687369857029693,68.0,13.216368071648828,350.0,-0.21869918704032898,0.35219217062918345,0.6061372280120849,0.04347863600640934
0.07896809156712455,0.9687369857029693,62.9,11.507392854687913,355.1,-0.17500860691070558,0.2655234568194626,0.6121005773544311,0.042128108095638536
0.08198965227123924,0.9687369857029693,57.7,12.590868630177726,360.3,-0.17100961804389953,0.2467608547080002,0.6162648320198059,0.039667012885587806
0.08501121297535391,0.9687369857029693,47.5,17.981422318906873,370.5,-317.2395932674408,717.1370318063804,0.6203942358493805,0.03478201477192604
0.08803277367946859,0.9687369857029693,38.5,17.185944095390205,379.5,-1.3218428671360016,2.6350666740021897,0.6280794978141785,0.03391977993520089
0.09105433438358326,0.9687369857029693,34.2,17.87533630561925,383.8,-2.323476105928421,4.7540056532107435,0.6239611446857453,0.03597020710192807
0.09407589508769795,0.9687369857029693,27.1,16.590694835785612,390.9,-2.231994318962097,4.773802921665449,0.6279388010501862,0.03666612076441416
0.09709745579181263,0.9687369857029693,17.7,15.683745865248433,400.3,0.0013084888458251953,0.15272558769664468,0.6332487761974335,0.03794618757834679
0.1001190164959273,0.9687369857029693,13.2,14.282476794100747,404.8,-0.7940852105617523,1.7198420390880278,0.6367241263389587,0.037146520264543556
0.103140577200042,0.9687369857029693,11.4,14.359501801480565,406.6,-0.7901587843894958,1.720903567970487,0.636659461259842,0.03735583589030473
0.10616213790415667,0.9687369857029693,7.1,10.761836098759664,410.9,-0.06626336574554444,0.12295600518988505,0.6393166542053222,0.03688246298490592
0.10918369860827135,0.9687369857029693,6.1,9.880388459562106,411.9,-0.015429949760437012,0.0344692231637098,0.6360234916210175,0.03629407571158165
0.11220525931238602,0.9687369857029693,5.5,8.891745340766066,412.5,-0.015364420413970948,0.03448433413403134,0.6363140642642975,0.03634983488579615
0.11522682001650071,0.9687369857029693,4.2,6.884626313228043,413.8,-0.00028784871101379396,0.01103207188960754,0.6348010301589966,0.035917621974542124
0.11824838072061539,0.9687369857029693,0.8,1.8097257302832792,417.2,0.010011237859725953,0.02264699343341521,0.6351254403591156,0.03578670077271057
0.0004075132601428777,1.0065608099841048,326.2,12.906416704829377,91.80000000000001,0.6539816081523895,0.041825990889447204,0.3578790843486786,0.10350582840655079
0.0034290739642575574,1.0065608099841048,312.6,12.96093005022458,105.39999999999998,0.6644238948822021,0.03827389565973756,0.3553333044052124,0.09930301011261027
0.006450634668372237,1.0065608099841048,276.7,19.91055303680913,141.3,0.6862752437591553,0.043623039229047054,0.3770355224609375,0.0811633682687858
0.009472195372486917,1.0065608099841048,248.6,21.99249084536998,169.4,0.7091671466827393,0.04685652958845387,0.3690957188606262,0.07508125240584317
0.012493756076601597,1.0065608099841048,215.5,27.171532566256197,202.5,0.7395679116249084,0.05059603139535772,0.3837181508541107,0.09885746101018617
0.015515316780716276,1.0065608099841048,186.4,32.39126801837908,231.6,0.7379490017890931,0.08054062749454456,0.4270301342010498,0.09510640150107363
0.018536877484830957,1.0065608099841048,172.2,33.41873070042649,245.8,0.7139974355697631,0.1164613986334493,0.44859941601753234,0.08938049713730636
0.021558438188945636,1.0065608099841048,157.0,31.511812288648485,261.0,0.670858496427536,0.18488886339289048,0.4790201723575592,0.08845408153119677
0.024579998893060315,1.0065608099841048,137.5,33.63149729434795,280.5,0.6562074005603791,0.18685381097366996,0.5165062308311462,0.07096768402984259
0.027601559597174995,1.0065608099841048,119.9,27.67166791064435,298.1,0.5446275770664215,0.2559687598835029,0.5414229214191437,0.06969770915406374
0.030623120301289674,1.0065608099841048,109.3,22.452661665187776,308.7,0.405592143535614,0.31430023040945504,0.5582708120346069,0.06325093312891451
0.03364468100540435,1.0065608099841048,102.1,22.152847703499077,315.9,0.10739408135414123,0.4638712330394976,0.571184778213501,0.050956831654274407
0.036666241709519036,1.0065608099841048,99.0,21.50834476807712,319.0,-0.07922367453575134,0.3894195875543533,0.5772133886814117,0.05326162294141425
0.03968780241363371,1.0065608099841048,97.5,22.015876329131334,320.5,-0.17392629981040955,0.3086434533939427,0.5806614756584167,0.0520639279679933
0.042709363117748395,1.0065608099841048,94.4,22.208603054642126,323.6,-0.19917612075805663,0.30981131149475766,0.5838627696037293,0.050185272588516724
0.04573092382186307,1.0065608099841048,88.8,19.400699687543106,329.2,-0.2641079187393188,0.45871659312067664,0.5875467836856842,0.047257364621644316
0.04875248452597775,1.0065608099841048,85.1,17.33812251312451,332.9,-0.2623018503189087,0.4594305472737886,0.5891962289810181,0.046459383424000515
0.051774045230092436,1.0065608099841048,83.5,17.09305538607863,334.5,-0.2780665814876556,0.49640115040427196,0.5912863910198212,0.046156547233321236
0.05479560593420711,1.0065608099841048,80.7,15.956895951764514,337.3,-0.27776198983192446,0.4956807356044524,0.5925154149532318,0.04579073149945245
0.057817166638321794,1.0065608099841048,78.0,13.764296389223185,340.0,-0.2811798334121704,0.4947827905410556,0.595739233493805,0.04657664498296545
0.06083872734243647,1.0065608099841048,77.7,13.896062358141565,340.3,-0.27842110991477964,0.49477466568059986,0.5961371243000031,0.0465556647285134
0.06386028804655115,1.0065608099841048,77.3,13.871490008554666,340.7,-0.28078524470329286,0.49408693213010973,0.5959082245826721,0.04672115491176068
0.06688184875066583,1.0065608099841048,77.1,13.774413477240547,340.9,-0.28062188625335693,0.49412367704485854,0.5961063265800476,0.046851433128044705
0.0699034094547805,1.0065608099841048,76.6,13.341400969328884,341.4,-0.2794347763061523,0.4945255525960397,0.5938193500041962,0.04577651109506076
0.0729249701588952,1.0065608099841048,71.7,13.39180906308649,346.3,-0.23020167350769044,0.38660868854062813,0.6010340213775635,0.042642866807853654
0.07594653086300987,1.0065608099841048,68.0,13.216368071648828,350.0,-0.21869918704032898,0.35219217062918345,0.6061372280120849,0.04347863600640934
0.07896809156712455,1.0065608099841048,62.9,11.507392854687913,355.1,-0.17500860691070558,0.2655234568194626,0.6121005773544311,0.042128108095638536
0.08198965227123924,1.0065608099841048,57.7,12.590868630177726,360.3,-0.17100961804389953,0.2467608547080002,0.6162648320198059,0.039667012885587806
0.08501121297535391,1.0065608099841048,47.5,17.981422318906873,370.5,-317.2395932674408,717.1370318063804,0.6203942358493805,0.03478201477192604
0.08803277367946859,1.0065608099841048,38.5,17.185944095390205,379.5,-1.3218428671360016,2.6350666740021897,0.6280794978141785,0.03391977993520089
0.09105433438358326,1.0065608099841048,34.2,17.87533630561925,383.8,-2.323476105928421,4.7540056532107435,0.6239611446857453,0.03597020710192807
0.09407589508769795,1.0065608099841048,27.1,16.590694835785612,390.9,-2.231994318962097,4.773802921665449,0.6279388010501862,0.03666612076441416
0.09709745579181263,1.0065608099841048,17.7,15.683745865248433,400.3,0.0013084888458251953,0.15272558769664468,0.6332487761974335,0.03794618757834679
0.1001190164959273,1.0065608099841048,13.2,14.282476794100747,404.8,-0.7940852105617523,1.7198420390880278,0.6367241263389587,0.037146520264543556
0.103140577200042,1.0065608099841048,11.4,14.359501801480565,406.6,-0.7901587843894958,1.720903567970487,0.636659461259842,0.03735583589030473
0.10616213790415667,1.0065608099841048,7.1,10.761836098759664,410.9,-0.06626336574554444,0.12295600518988505,0.6393166542053222,0.03688246298490592
0.10918369860827135,1.0065608099841048,6.1,9.880388459562106,411.9,-0.015429949760437012,0.0344692231637098,0.6360234916210175,0.03629407571158165
0.11220525931238602,1.0065608099841048,5.5,8.891745340766066,412.5,-0.015364420413970948,0.03448433413403134,0.6363140642642975,0.03634983488579615
0.11522682001650071,1.0065608099841048,4.2,6.884626313228043,413.8,-0.00028784871101379396,0.01103207188960754,0.6348010301589966,0.035917621974542124
0.11824838072061539,1.0065608099841048,0.8,1.8097257302832792,417.2,0.010011237859725953,0.02264699343341521,0.6351254403591156,0.03578670077271057
0.0004075132601428777,1.0443846342652403,343.0,12.527259113756608,75.0,0.6424317300319672,0.03804231060043924,0.3753580927848816,0.13305117152997745
0.0034290739642575574,1.0443846342652403,326.1,14.023955422130733,91.89999999999998,0.6541006624698639,0.036384472857780854,0.36316338181495667,0.11311796406745896
0.006450634668372237,1.0443846342652403,287.4,22.16247070222268,130.60000000000002,0.6739752054214477,0.04362932080826945,0.38554859161376953,0.09071847625073176
0.009472195372486917,1.0443846342652403,257.5,25.24724595710564,160.5,0.6953036546707153,0.04782087415476727,0.37682793736457826,0.08003009316694515
0.012493756076601597,1.0443846342652403,222.7,31.818955809029447,195.3,0.7260113418102264,0.053610472789010266,0.3956701934337616,0.10331806632338682
0.015515316780716276,1.0443846342652403,193.1,37.049149942340165,224.9,0.7245922744274139,0.08489348031561778,0.43993151783943174,0.10264531142760104
0.018536877484830957,1.0443846342652403,176.4,37.50332443790655,241.6,0.7078898787498474,0.12018421786220684,0.4560766577720642,0.0926982892828644
0.021558438188945636,1.0443846342652403,160.9,35.60125609925301,257.1,0.6669938802719116,0.17637485812192039,0.4874865710735321,0.09151429529815062
0.024579998893060315,1.0443846342652403,140.2,37.50575014975605,277.8,0.6527330875396729,0.1829490414673505,0.5241062343120575,0.07379174915839726
0.027601559597174995,1.0443846342652403,122.5,31.733423712951048,295.5,0.5557906091213226,0.24279088085177,0.5473972797393799,0.07430255719517795
0.030623120301289674,1.0443846342652403,110.7,24.617356487604773,307.3,0.406174099445343,0.3139405430242568,0.5590283513069153,0.06386416225457812
0.03364468100540435,1.0443846342652403,102.1,22.152847703499077,315.9,0.10739408135414123,0.4638712330394976,0.571184778213501,0.050956831654274407
0.036666241709519036,1.0443846342652403,99.0,21.50834476807712,319.0,-0.07922367453575134,0.3894195875543533,0.5772133886814117,0.05326162294141425
0.03968780241363371,1.0443846342652403,97.5,22.015876329131334,320.5,-0.17392629981040955,0.3086434533939427,0.5806614756584167,0.0520639279679933
0.042709363117748395,1.0443846342652403,94.4,22.208603054642126,323.6,-0.19917612075805663,0.30981131149475766,0.5838627696037293,0.050185272588516724
0.04573092382186307,1.0443846342652403,88.8,19.400699687543106,329.2,-0.2641079187393188,0.45871659312067664,0.5875467836856842,0.047257364621644316
0.04875248452597775,1.0443846342652403,85.1,17.33812251312451,332.9,-0.2623018503189087,0.4594305472737886,0.5891962289810181,0.046459383424000515
0.051774045230092436,1.0443846342652403,83.5,17.09305538607863,334.5,-0.2780665814876556,0.49640115040427196,0.5912863910198212,0.046156547233321236
0.05479560593420711,1.0443846342652403,80.7,15.956895951764514,337.3,-0.27776198983192446,0.4956807356044524,0.5925154149532318,0.04579073149945245
0.057817166638321794,1.0443846342652403,78.0,13.764296389223185,340.0,-0.2811798334121704,0.4947827905410556,0.595739233493805,0.04657664498296545
0.06083872734243647,1.0443846342652403,77.7,13.896062358141565,340.3,-0.27842110991477964,0.49477466568059986,0.5961371243000031,0.0465556647285134
0.06386028804655115,1.0443846342652403,77.3,13.871490008554666,340.7,-0.28078524470329286,0.49408693213010973,0.5959082245826721,0.04672115491176068
0.06688184875066583,1.0443846342652403,77.1,13.774413477240547,340.9,-0.28062188625335693,0.49412367704485854,0.5961063265800476,0.046851433128044705
0.0699034094547805,1.0443846342652403,76.6,13.341400969328884,341.4,-0.2794347763061523,0.4945255525960397,0.5938193500041962,0.04577651109506076
0.0729249701588952,1.0443846342652403,71.7,13.39180906308649,346.3,-0.23020167350769044,0.38660868854062813,0.6010340213775635,0.042642866807853654
0.07594653086300987,1.0443846342652403,68.0,13.216368071648828,350.0,-0.21869918704032898,0.35219217062918345,0.6061372280120849,0.04347863600640934
0.07896809156712455,1.0443846342652403,62.9,11.507392854687913,355.1,-0.17500860691070558,0.2655234568194626,0.6121005773544311,0.042128108095638536
0.08198965227123924,1.0443846342652403,57.7,12.590868630177726,360.3,-0.17100961804389953,0.2467608547080002,0.6162648320198059,0.039667012885587806
0.08501121297535391,1.0443846342652403,47.5,17.981422318906873,370.5,-317.2395932674408,717.1370318063804,0.6203942358493805,0.03478201477192604
0.08803277367946859,1.0443846342652403,38.5,17.185944095390205,379.5,-1.3218428671360016,2.6350666740021897,0.6280794978141785,0.03391977993520089
0.09105433438358326,1.0443846342652403,34.2,17.87533630561925,383.8,-2.323476105928421,4.7540056532107435,0.6239611446857453,0.03597020710192807
0.09407589508769795,1.0443846342652403,27.1,16.590694835785612,390.9,-2.231994318962097,4.773802921665449,0.6279388010501862,0.03666612076441416
0.09709745579181263,1.0443846342652403,17.7,15.683745865248433,400.3,0.0013084888458251953,0.15272558769664468,0.6332487761974335,0.03794618757834679
0.1001190164959273,1.0443846342652403,13.2,14.282476794100747,404.8,-0.7940852105617523,1.7198420390880278,0.6367241263389587,0.037146520264543556
0.103140577200042,1.0443846342652403,11.4,14.359501801480565,406.6,-0.7901587843894958,1.720903567970487,0.636659461259842,0.03735583589030473
0.10616213790415667,1.0443846342652403,7.1,10.761836098759664,410.9,-0.06626336574554444,0.12295600518988505,0.6393166542053222,0.03688246298490592
0.10918369860827135,1.0443846342652403,6.1,9.880388459562106,411.9,-0.015429949760437012,0.0344692231637098,0.6360234916210175,0.03629407571158165
0.11220525931238602,1.0443846342652403,5.5,8.891745340766066,412.5,-0.015364420413970948,0.03448433413403134,0.6363140642642975,0.03634983488579615
0.11522682001650071,1.0443846342652403,4.2,6.884626313228043,413.8,-0.00028784871101379396,0.01103207188960754,0.6348010301589966,0.035917621974542124
0.11824838072061539,1.0443846342652403,0.8,1.8097257302832792,417.2,0.010011237859725953,0.02264699343341521,0.6351254403591156,0.03578670077271057
0.0004075132601428777,1.082208458546376,358.4,11.961657352703302,59.60000000000002,0.6395798444747924,0.03736996079883183,0.37306566834449767,0.10704935001092832
0.0034290739642575574,1.082208458546376,339.4,13.32434252868755,78.60000000000002,0.6511185765266418,0.0367016841397664,0.3542362987995148,0.08802968192976314
0.006450634668372237,1.082208458546376,296.8,22.381006547581883,121.19999999999999,0.6721204102039338,0.04460053344238927,0.3683579385280609,0.07899036869539626
0.009472195372486917,1.082208458546376,265.0,26.15594593849398,153.0,0.6919001758098602,0.05015698616676679,0.3675627648830414,0.0744337119633503
0.012493756076601597,1.082208458546376,227.9,33.869377513502485,190.1,0.7227206110954285,0.05790234435263458,0.3898665726184845,0.1031935341755891
0.015515316780716276,1.082208458546376,196.7,39.32084967098875,221.3,0.7207871019840241,0.08868664366594063,0.4394882023334503,0.1047464992156895
0.018536877484830957,1.082208458546376,178.8,38.28299539789112,239.2,0.70532928109169,0.1226739193581163,0.4576516628265381,0.09616675081252789
0.021558438188945636,1.082208458546376,162.5,35.91419406270178,255.5,0.6704722344875336,0.1667916869727423,0.4900507390499115,0.09417801051326587
0.024579998893060315,1.082208458546376,141.4,38.06314243646141,276.6,0.6514913320541382,0.17363657811117705,0.5277926325798035,0.07687671887645188
0.027601559597174995,1.082208458546376,123.4,31.837088381848165,294.6,0.5710140585899353,0.23139160406693474,0.5485568642616272,0.0758375146972848
0.030623120301289674,1.082208458546376,110.8,24.667542007708263,307.2,0.40849393606185913,0.3152470947764396,0.5588650047779083,0.0638584584632238
0.03364468100540435,1.082208458546376,102.1,22.152847703499077,315.9,0.10739408135414123,0.4638712330394976,0.571184778213501,0.050956831654274407
0.036666241709519036,1.082208458546376,99.0,21.50834476807712,319.0,-0.07922367453575134,0.3894195875543533,0.5772133886814117,0.05326162294141425
0.03968780241363371,1.082208458546376,97.5,22.015876329131334,320.5,-0.17392629981040955,0.3086434533939427,0.5806614756584167,0.0520639279679933
0.042709363117748395,1.082208458546376,94.4,22.208603054642126,323.6,-0.19917612075805663,0.30981131149475766,0.5838627696037293,0.050185272588516724
0.04573092382186307,1.082208458546376,88.8,19.400699687543106,329.2,-0.2641079187393188,0.45871659312067664,0.5875467836856842,0.047257364621644316
0.04875248452597775,1.082208458546376,85.1,17.33812251312451,332.9,-0.2623018503189087,0.4594305472737886,0.5891962289810181,0.046459383424000515
0.051774045230092436,1.082208458546376,83.5,17.09305538607863,334.5,-0.2780665814876556,0.49640115040427196,0.5912863910198212,0.046156547233321236
0.05479560593420711,1.082208458546376,80.7,15.956895951764514,337.3,-0.27776198983192446,0.4956807356044524,0.5925154149532318,0.04579073149945245
0.057817166638321794,1.082208458546376,78.0,13.764296389223185,340.0,-0.2811798334121704,0.4947827905410556,0.595739233493805,0.04657664498296545
0.06083872734243647,1.082208458546376,77.7,13.896062358141565,340.3,-0.27842110991477964,0.49477466568059986,0.5961371243000031,0.0465556647285134
0.06386028804655115,1.082208458546376,77.3,13.871490008554666,340.7,-0.28078524470329286,0.49408693213010973,0.5959082245826721,0.04672115491176068
0.06688184875066583,1.082208458546376,77.1,13.774413477240547,340.9,-0.28062188625335693,0.49412367704485854,0.5961063265800476,0.046851433128044705
0.0699034094547805,1.082208458546376,76.6,13.341400969328884,341.4,-0.2794347763061523,0.4945255525960397,0.5938193500041962,0.04577651109506076
0.0729249701588952,1.082208458546376,71.7,13.39180906308649,346.3,-0.23020167350769044,0.38660868854062813,0.6010340213775635,0.042642866807853654
0.07594653086300987,1.082208458546376,68.0,13.216368071648828,350.0,-0.21869918704032898,0.35219217062918345,0.6061372280120849,0.04347863600640934
0.07896809156712455,1.082208458546376,62.9,11.507392854687913,355.1,-0.17500860691070558,0.2655234568194626,0.6121005773544311,0.042128108095638536
0.08198965227123924,1.082208458546376,57.7,12.590868630177726,360.3,-0.17100961804389953,0.2467608547080002,0.6162648320198059,0.039667012885587806
0.08501121297535391,1.082208458546376,47.5,17.981422318906873,370.5,-317.2395932674408,717.1370318063804,0.6203942358493805,0.03478201477192604
0.08803277367946859,1.082208458546376,38.5,17.185944095390205,379.5,-1.3218428671360016,2.6350666740021897,0.6280794978141785,0.03391977993520089
0.09105433438358326,1.082208458546376,34.2,17.87533630561925,383.8,-2.323476105928421,4.7540056532107435,0.6239611446857453,0.03597020710192807
0.09407589508769795,1.082208458546376,27.1,16.590694835785612,390.9,-2.231994318962097,4.773802921665449,0.6279388010501862,0.03666612076441416
0.09709745579181263,1.082208458546376,17.7,15.683745865248433,400.3,0.0013084888458251953,0.15272558769664468,0.6332487761974335,0.03794618757834679
0.1001190164959273,1.082208458546376,13.2,14.282476794100747,404.8,-0.7940852105617523,1.7198420390880278,0.6367241263389587,0.037146520264543556
0.103140577200042,1.082208458546376,11.4,14.359501801480565,406.6,-0.7901587843894958,1.720903567970487,0.636659461259842,0.03735583589030473
0.10616213790415667,1.082208458546376,7.1,10.761836098759664,410.9,-0.06626336574554444,0.12295600518988505,0.6393166542053222,0.03688246298490592
0.10918369860827135,1.082208458546376,6.1,9.880388459562106,411.9,-0.015429949760437012,0.0344692231637098,0.6360234916210175,0.03629407571158165
0.11220525931238602,1.082208458546376,5.5,8.891745340766066,412.5,-0.015364420413970948,0.03448433413403134,0.6363140642642975,0.03634983488579615
0.11522682001650071,1.082208458546376,4.2,6.884626313228043,413.8,-0.00028784871101379396,0.01103207188960754,0.6348010301589966,0.035917621974542124
0.11824838072061539,1.082208458546376,0.8,1.8097257302832792,417.2,0.010011237859725953,0.02264699343341521,0.6351254403591156,0.03578670077271057
0.0004075132601428777,1.1200322828275115,369.3,8.832718743343621,48.69999999999999,0.6426191449165344,0.0367120734993358,0.34314862489700315,0.10555577824808207
0.0034290739642575574,1.1200322828275115,349.7,8.558079362305838,68.30000000000001,0.6535032093524933,0.035687427150699336,0.3202465116977692,0.07749415166951187
0.006450634668372237,1.1200322828275115,305.3,18.6604733582534,112.69999999999999,0.6767622470855713,0.041935708474873885,0.33769086599349973,0.07593951050269775
0.009472195372486917,1.1200322828275115,270.2,23.33131184337732,147.8,0.6934205412864685,0.04881627547519119,0.3423357367515564,0.0739548153690862
0.012493756076601597,1.1200322828275115,231.9,32.6330491324202,186.1,0.7236582636833191,0.056631509384954225,0.374000096321106,0.10029617304114233
0.015515316780716276,1.1200322828275115,200.5,38.23015859451391,217.5,0.7210364937782288,0.08774026151915297,0.4261777579784393,0.10452035203815603
0.018536877484830957,1.1200322828275115,181.7,37.51977072227361,236.3,0.7066948413848877,0.12234383680491696,0.4478868842124939,0.09469795798039549
0.021558438188945636,1.1200322828275115,165.1,34.67895046669579,252.9,0.6722226083278656,0.16718200377855807,0.4840382277965546,0.09357507998264343
0.024579998893060315,1.1200322828275115,144.0,37.259650561834704,274.0,0.6535622000694274,0.17473177074790036,0.5229351162910462,0.0766307074259787
0.027601559597174995,1.1200322828275115,125.4,31.216675998710475,292.6,0.574962067604065,0.23373174233301347,0.5450320661067962,0.07557525895126688
0.030623120301289674,1.1200322828275115,112.0,24.63801991828228,306.0,0.4146753966808319,0.3188735005957487,0.5576354086399078,0.06409547873308703
0.03364468100540435,1.1200322828275115,102.8,21.900776263879628,315.2,0.10548677444458007,0.46219420878988277,0.5716709196567535,0.05156031046633997
0.036666241709519036,1.1200322828275115,99.1,21.44334612872727,318.9,-0.10834836363792419,0.39408185198043116,0.5780745565891265,0.054490303409505024
0.03968780241363371,1.1200322828275115,97.5,22.015876329131334,320.5,-0.17392629981040955,0.3086434533939427,0.5806614756584167,0.0520639279679933
0.042709363117748395,1.1200322828275115,94.4,22.208603054642126,323.6,-0.19917612075805663,0.30981131149475766,0.5838627696037293,0.050185272588516724
0.04573092382186307,1.1200322828275115,88.8,19.400699687543106,329.2,-0.2641079187393188,0.45871659312067664,0.5875467836856842,0.047257364621644316
0.04875248452597775,1.1200322828275115,85.1,17.33812251312451,332.9,-0.2623018503189087,0.4594305472737886,0.5891962289810181,0.046459383424000515
0.051774045230092436,1.1200322828275115,83.5,17.09305538607863,334.5,-0.2780665814876556,0.49640115040427196,0.5912863910198212,0.046156547233321236
0.05479560593420711,1.1200322828275115,80.7,15.956895951764514,337.3,-0.27776198983192446,0.4956807356044524,0.5925154149532318,0.04579073149945245
0.057817166638321794,1.1200322828275115,78.0,13.764296389223185,340.0,-0.2811798334121704,0.4947827905410556,0.595739233493805,0.04657664498296545
0.06083872734243647,1.1200322828275115,77.7,13.896062358141565,340.3,-0.27842110991477964,0.49477466568059986,0.5961371243000031,0.0465556647285134
0.06386028804655115,1.1200322828275115,77.3,13.871490008554666,340.7,-0.28078524470329286,0.49408693213010973,0.5959082245826721,0.04672115491176068
0.06688184875066583,1.1200322828275115,77.1,13.774413477240547,340.9,-0.28062188625335693,0.49412367704485854,0.5961063265800476,0.046851433128044705
0.0699034094547805,1.1200322828275115,76.6,13.341400969328884,341.4,-0.2794347763061523,0.4945255525960397,0.5938193500041962,0.04577651109506076
0.0729249701588952,1.1200322828275115,71.7,13.39180906308649,346.3,-0.23020167350769044,0.38660868854062813,0.6010340213775635,0.042642866807853654
0.07594653086300987,1.1200322828275115,68.0,13.216368071648828,350.0,-0.21869918704032898,0.35219217062918345,0.6061372280120849,0.04347863600640934
0.07896809156712455,1.1200322828275115,62.9,11.507392854687913,355.1,-0.17500860691070558,0.2655234568194626,0.6121005773544311,0.042128108095638536
0.08198965227123924,1.1200322828275115,57.7,12.590868630177726,360.3,-0.17100961804389953,0.2467608547080002,0.6162648320198059,0.039667012885587806
0.08501121297535391,1.1200322828275115,47.5,17.981422318906873,370.5,-317.2395932674408,717.1370318063804,0.6203942358493805,0.03478201477192604
0.08803277367946859,1.1200322828275115,38.5,17.185944095390205,379.5,-1.3218428671360016,2.6350666740021897,0.6280794978141785,0.03391977993520089
0.09105433438358326,1.1200322828275115,34.2,17.87533630561925,383.8,-2.323476105928421,4.7540056532107435,0.6239611446857453,0.03597020710192807
0.09407589508769795,1.1200322828275115,27.1,16.590694835785612,390.9,-2.231994318962097,4.773802921665449,0.6279388010501862,0.03666612076441416
0.09709745579181263,1.1200322828275115,17.7,15.683745865248433,400.3,0.0013084888458251953,0.15272558769664468,0.6332487761974335,0.03794618757834679
0.1001190164959273,1.1200322828275115,13.2,14.282476794100747,404.8,-0.7940852105617523,1.7198420390880278,0.6367241263389587,0.037146520264543556
0.103140577200042,1.1200322828275115,11.4,14.359501801480565,406.6,-0.7901587843894958,1.720903567970487,0.636659461259842,0.03735583589030473
0.10616213790415667,1.1200322828275115,7.1,10.761836098759664,410.9,-0.06626336574554444,0.12295600518988505,0.6393166542053222,0.03688246298490592
0.10918369860827135,1.1200322828275115,6.1,9.880388459562106,411.9,-0.015429949760437012,0.0344692231637098,0.6360234916210175,0.03629407571158165
0.11220525931238602,1.1200322828275115,5.5,8.891745340766066,412.5,-0.015364420413970948,0.03448433413403134,0.6363140642642975,0.03634983488579615
0.11522682001650071,1.1200322828275115,4.2,6.884626313228043,413.8,-0.00028784871101379396,0.01103207188960754,0.6348010301589966,0.035917621974542124
0.11824838072061539,1.1200322828275115,0.8,1.8097257302832792,417.2,0.010011237859725953,0.02264699343341521,0.6351254403591156,0.03578670077271057
0.0004075132601428777,1.157856107108647,382.7,6.651494358761032,35.30000000000001,0.6448325395584107,0.037463114108680536,0.3293703138828278,0.07019312411780118
0.0034290739642575574,1.157856107108647,362.0,6.308854906325866,56.0,0.6569093346595765,0.0371485495815322,0.2843188107013702,0.07468891675963302
0.006450634668372237,1.157856107108647,313.7,18.119394052769785,104.30000000000001,0.6796138525009155,0.04319542767195334,0.3099351406097412,0.06795525350422331
0.009472195372486917,1.157856107108647,275.8,22.593402801213465,142.2,0.6964426279067993,0.05070069376133724,0.31363701820373535,0.07613976956049598
0.012493756076601597,1.157856107108647,236.1,32.86223978619448,181.9,0.7259049773216247,0.058107377691948,0.3516880512237549,0.10423504518543009
0.015515316780716276,1.157856107108647,204.0,37.4893735488986,214.0,0.7235849440097809,0.08812243451893013,0.41046959161758423,0.11169095696901607
0.018536877484830957,1.157856107108647,184.2,37.11868354521326,233.8,0.7101491093635559,0.12303256469942399,0.43760491609573365,0.09712247876238564
0.021558438188945636,1.157856107108647,167.5,34.43345365446065,250.5,0.6751929342746734,0.16801226305412317,0.47567835450172424,0.09602877548781845
0.024579998893060315,1.157856107108647,146.1,37.04301061532912,271.9,0.6557326138019561,0.17535472137122257,0.5178324937820434,0.07851747470133165
0.027601559597174995,1.157856107108647,127.0,30.81667364375423,291.0,0.5793358504772186,0.23627177187267212,0.5415697157382965,0.07675244993093576
0.030623120301289674,1.157856107108647,112.6,24.96175371215109,305.4,0.4206157386302948,0.322988819232186,0.5555512428283691,0.06452828650856936
0.03364468100540435,1.157856107108647,103.3,22.210779157634608,314.7,0.13096435666084288,0.4754985877174259,0.5703032553195954,0.051768405530691466
0.036666241709519036,1.157856107108647,99.1,21.44334612872727,318.9,-0.10834836363792419,0.39408185198043116,0.5780745565891265,0.054490303409505024
0.03968780241363371,1.157856107108647,97.5,22.015876329131334,320.5,-0.17392629981040955,0.3086434533939427,0.5806614756584167,0.0520639279679933
0.042709363117748395,1.157856107108647,94.4,22.208603054642126,323.6,-0.19917612075805663,0.30981131149475766,0.5838627696037293,0.050185272588516724
0.04573092382186307,1.157856107108647,88.8,19.400699687543106,329.2,-0.2641079187393188,0.45871659312067664,0.5875467836856842,0.047257364621644316
0.04875248452597775,1.157856107108647,85.1,17.33812251312451,332.9,-0.2623018503189087,0.4594305472737886,0.5891962289810181,0.046459383424000515
0.051774045230092436,1.157856107108647,83.5,17.09305538607863,334.5,-0.2780665814876556,0.49640115040427196,0.5912863910198212,0.046156547233321236
0.05479560593420711,1.157856107108647,80.7,15.956895951764514,337.3,-0.27776198983192446,0.4956807356044524,0.5925154149532318,0.04579073149945245
0.057817166638321794,1.157856107108647,78.0,13.764296389223185,340.0,-0.2811798334121704,0.4947827905410556,0.595739233493805,0.04657664498296545
0.06083872734243647,1.157856107108647,77.7,13.896062358141565,340.3,-0.27842110991477964,0.49477466568059986,0.5961371243000031,0.0465556647285134
0.06386028804655115,1.157856107108647,77.3,13.871490008554666,340.7,-0.28078524470329286,0.49408693213010973,0.5959082245826721,0.04672115491176068
0.06688184875066583,1.157856107108647,77.1,13.774413477240547,340.9,-0.28062188625335693,0.49412367704485854,0.5961063265800476,0.046851433128044705
0.0699034094547805,1.157856107108647,76.6,13.341400969328884,341.4,-0.2794347763061523,0.4945255525960397,0.5938193500041962,0.04577651109506076
0.0729249701588952,1.157856107108647,71.7,13.39180906308649,346.3,-0.23020167350769044,0.38660868854062813,0.6010340213775635,0.042642866807853654
0.07594653086300987,1.157856107108647,68.0,13.216368071648828,350.0,-0.21869918704032898,0.35219217062918345,0.6061372280120849,0.04347863600640934
0.07896809156712455,1.157856107108647,62.9,11.507392854687913,355.1,-0.17500860691070558,0.2655234568194626,0.6121005773544311,0.042128108095638536
0.08198965227123924,1.157856107108647,57.7,12.590868630177726,360.3,-0.17100961804389953,0.2467608547080002,0.6162648320198059,0.039667012885587806
0.08501121297535391,1.157856107108647,47.5,17.981422318906873,370.5,-317.2395932674408,717.1370318063804,0.6203942358493805,0.03478201477192604
0.08803277367946859,1.157856107108647,38.5,17.185944095390205,379.5,-1.3218428671360016,2.6350666740021897,0.6280794978141785,0.03391977993520089
0.09105433438358326,1.157856107108647,34.2,17.87533630561925,383.8,-2.323476105928421,4.7540056532107435,0.6239611446857453,0.03597020710192807
0.09407589508769795,1.157856107108647,27.1,16.590694835785612,390.9,-2.231994318962097,4.773802921665449,0.6279388010501862,0.03666612076441416
0.09709745579181263,1.157856107108647,17.7,15.683745865248433,400.3,0.0013084888458251953,0.15272558769664468,0.6332487761974335,0.03794618757834679
0.1001190164959273,1.157856107108647,13.2,14.282476794100747,404.8,-0.7940852105617523,1.7198420390880278,0.6367241263389587,0.037146520264543556
0.103140577200042,1.157856107108647,11.4,14.359501801480565,406.6,-0.7901587843894958,1.720903567970487,0.636659461259842,0.03735583589030473
0.10616213790415667,1.157856107108647,7.1,10.761836098759664,410.9,-0.06626336574554444,0.12295600518988505,0.6393166542053222,0.03688246298490592
0.10918369860827135,1.157856107108647,6.1,9.880388459562106,411.9,-0.015429949760437012,0.0344692231637098,0.6360234916210175,0.03629407571158165
0.11220525931238602,1.157856107108647,5.5,8.891745340766066,412.5,-0.015364420413970948,0.03448433413403134,0.6363140642642975,0.03634983488579615
0.11522682001650071,1.157856107108647,4.2,6.884626313228043,413.8,-0.00028784871101379396,0.01103207188960754,0.6348010301589966,0.035917621974542124
0.11824838072061539,1.157856107108647,0.8,1.8097257302832792,417.2,0.010011237859725953,0.02264699343341521,0.6351254403591156,0.03578670077271057
0.0004075132601428777,1.1956799313897828,390.1,7.7447457605276755,27.899999999999977,0.6467999577522278,0.03660475745009481,0.2653377175331116,0.1047504284924794
0.0034290739642575574,1.1956799313897828,368.0,5.622622358112678,50.0,0.6579951345920563,0.035894118559090714,0.2246167242527008,0.10717860627252317
0.006450634668372237,1.1956799313897828,319.0,17.58413952343309,99.0,0.6804421126842499,0.041903853103599634,0.27926215529441833,0.07124247758108149
0.009472195372486917,1.1956799313897828,279.4,22.082794628547116,138.60000000000002,0.6975154995918273,0.0510457826070785,0.29266017079353335,0.08498003314799764
0.012493756076601597,1.1956799313897828,239.1,32.286212747074586,178.9,0.7268550872802735,0.058650695589282174,0.3358662188053131,0.11085384700302234
0.015515316780716276,1.1956799313897828,206.4,37.038021662816426,211.6,0.723928564786911,0.08792829567670317,0.3971753716468811,0.12091477041116475
0.018536877484830957,1.1956799313897828,186.1,36.978486142889864,231.9,0.7109819114208221,0.12319349311345225,0.42698814272880553,0.10436346022007688
0.021558438188945636,1.1956799313897828,169.4,34.33580672687395,248.6,0.6759406864643097,0.16828133614126492,0.46734774112701416,0.10135765217424768
0.024579998893060315,1.1956799313897828,147.3,36.662845957264686,270.7,0.6559599220752717,0.17548778631250014,0.5144490540027619,0.08103509280831324
0.027601559597174995,1.1956799313897828,128.2,30.289637724481036,289.8,0.5794853091239929,0.23633844676912463,0.5390311181545258,0.07825555667180129
0.030623120301289674,1.1956799313897828,113.6,24.383307388904633,304.4,0.4227611064910889,0.3244757649317034,0.5540478587150574,0.06496852688572269
0.03364468100540435,1.1956799313897828,103.9,21.892077158376743,314.1,0.13056270480155946,0.47513762380617725,0.5697262585163116,0.05212530529204552
0.036666241709519036,1.1956799313897828,99.7,21.14858187974189,318.3,-0.10825629234313965,0.3942111058977341,0.5775486409664154,0.05479195803029337
0.03968780241363371,1.1956799313897828,98.0,21.648002256493754,320.0,-0.1002853512763977,0.36091197598042546,0.5804181814193725,0.052140338443176365
0.042709363117748395,1.1956799313897828,94.4,22.208603054642126,323.6,-0.19917612075805663,0.30981131149475766,0.5838627696037293,0.050185272588516724
0.04573092382186307,1.1956799313897828,88.8,19.400699687543106,329.2,-0.2641079187393188,0.45871659312067664,0.5875467836856842,0.047257364621644316
0.04875248452597775,1.1956799313897828,85.1,17.33812251312451,332.9,-0.2623018503189087,0.4594305472737886,0.5891962289810181,0.046459383424000515
0.051774045230092436,1.1956799313897828,83.5,17.09305538607863,334.5,-0.2780665814876556,0.49640115040427196,0.5912863910198212,0.046156547233321236
0.05479560593420711,1.1956799313897828,80.7,15.956895951764514,337.3,-0.27776198983192446,0.4956807356044524,0.5925154149532318,0.04579073149945245
0.057817166638321794,1.1956799313897828,78.0,13.764296389223185,340.0,-0.2811798334121704,0.4947827905410556,0.595739233493805,0.04657664498296545
0.06083872734243647,1.1956799313897828,77.7,13.896062358141565,340.3,-0.27842110991477964,0.49477466568059986,0.5961371243000031,0.0465556647285134
0.06386028804655115,1.1956799313897828,77.3,13.871490008554666,340.7,-0.28078524470329286,0.49408693213010973,0.5959082245826721,0.04672115491176068
0.06688184875066583,1.1956799313897828,77.1,13.774413477240547,340.9,-0.28062188625335693,0.49412367704485854,0.5961063265800476,0.046851433128044705
0.0699034094547805,1.1956799313897828,76.6,13.341400969328884,341.4,-0.2794347763061523,0.4945255525960397,0.5938193500041962,0.04577651109506076
0.0729249701588952,1.1956799313897828,71.7,13.39180906308649,346.3,-0.23020167350769044,0.38660868854062813,0.6010340213775635,0.042642866807853654
0.07594653086300987,1.1956799313897828,68.0,13.216368071648828,350.0,-0.21869918704032898,0.35219217062918345,0.6061372280120849,0.04347863600640934
0.07896809156712455,1.1956799313897828,62.9,11.507392854687913,355.1,-0.17500860691070558,0.2655234568194626,0.6121005773544311,0.042128108095638536
0.08198965227123924,1.1956799313897828,57.7,12.590868630177726,360.3,-0.17100961804389953,0.2467608547080002,0.6162648320198059,0.039667012885587806
0.08501121297535391,1.1956799313897828,47.5,17.981422318906873,370.5,-317.2395932674408,717.1370318063804,0.6203942358493805,0.03478201477192604
0.08803277367946859,1.1956799313897828,38.5,17.185944095390205,379.5,-1.3218428671360016,2.6350666740021897,0.6280794978141785,0.03391977993520089
0.09105433438358326,1.1956799313897828,34.2,17.87533630561925,383.8,-2.323476105928421,4.7540056532107435,0.6239611446857453,0.03597020710192807
0.09407589508769795,1.1956799313897828,27.1,16.590694835785612,390.9,-2.231994318962097,4.773802921665449,0.6279388010501862,0.03666612076441416
0.09709745579181263,1.1956799313897828,17.7,15.683745865248433,400.3,0.0013084888458251953,0.15272558769664468,0.6332487761974335,0.03794618757834679
0.1001190164959273,1.1956799313897828,13.2,14.282476794100747,404.8,-0.7940852105617523,1.7198420390880278,0.6367241263389587,0.037146520264543556
0.103140577200042,1.1956799313897828,11.4,14.359501801480565,406.6,-0.7901587843894958,1.720903567970487,0.636659461259842,0.03735583589030473
0.10616213790415667,1.1956799313897828,7.1,10.761836098759664,410.9,-0.06626336574554444,0.12295600518988505,0.6393166542053222,0.03688246298490592
0.10918369860827135,1.1956799313897828,6.1,9.880388459562106,411.9,-0.015429949760437012,0.0344692231637098,0.6360234916210175,0.03629407571158165
0.11220525931238602,1.1956799313897828,5.5,8.891745340766066,412.5,-0.015364420413970948,0.03448433413403134,0.6363140642642975,0.03634983488579615
0.11522682001650071,1.1956799313897828,4.2,6.884626313228043,413.8,-0.00028784871101379396,0.01103207188960754,0.6348010301589966,0.035917621974542124
0.11824838072061539,1.1956799313897828,0.8,1.8097257302832792,417.2,0.010011237859725953,0.02264699343341521,0.6351254403591156,0.03578670077271057
0.0004075132601428777,1.2335037556709183,396.1,4.868749910031188,21.899999999999977,0.6461249709129333,0.03490075238238117,0.20946377515792847,0.17359321154825863
0.0034290739642575574,1.2335037556709183,373.2,4.154821813189077,44.80000000000001,0.6574223101139068,0.03352227318073935,0.21369295716285705,0.08894121443305911
0.006450634668372237,1.2335037556709183,323.2,15.848739023835314,94.80000000000001,0.6800122499465943,0.03942749865385169,0.2728565871715546,0.06581214512543546
0.009472195372486917,1.2335037556709183,281.9,21.638676004895377,136.10000000000002,0.6980098068714142,0.0490237438347791,0.29005160331726076,0.08216477448878251
0.012493756076601597,1.2335037556709183,241.3,31.965151443887088,176.7,0.7275956332683563,0.057300453204056974,0.33587048649787904,0.11298475799848202
0.015515316780716276,1.2335037556709183,208.0,36.5960198752261,210.0,0.7274221181869507,0.08705745038176059,0.3958424210548401,0.12083723435861328
0.018536877484830957,1.2335037556709183,187.5,36.4687831220681,230.5,0.717476898431778,0.1236105577949066,0.424651300907135,0.10431863370177737
0.021558438188945636,1.2335037556709183,169.7,34.194509072064655,248.3,0.6795636236667633,0.1680188107617409,0.4668163001537323,0.10141708587530182
0.024579998893060315,1.2335037556709183,147.5,36.64919571396295,270.5,0.6582094848155975,0.17587587530243834,0.5142543375492096,0.08121552384342094
0.027601559597174995,1.2335037556709183,128.3,30.29761474494463,289.7,0.5804429352283478,0.23667553749341447,0.5389848053455353,0.07830161064812599
0.030623120301289674,1.2335037556709183,113.6,24.383307388904633,304.4,0.4227611064910889,0.3244757649317034,0.5540478587150574,0.06496852688572269
0.03364468100540435,1.2335037556709183,103.9,21.892077158376743,314.1,0.13056270480155946,0.47513762380617725,0.5697262585163116,0.05212530529204552
0.036666241709519036,1.2335037556709183,99.7,21.14858187974189,318.3,-0.10825629234313965,0.3942111058977341,0.5775486409664154,0.05479195803029337
0.03968780241363371,1.2335037556709183,98.0,21.648002256493754,320.0,-0.1002853512763977,0.36091197598042546,0.5804181814193725,0.052140338443176365
0.042709363117748395,1.2335037556709183,94.4,22.208603054642126,323.6,-0.19917612075805663,0.30981131149475766,0.5838627696037293,0.050185272588516724
0.04573092382186307,1.2335037556709183,88.8,19.400699687543106,329.2,-0.2641079187393188,0.45871659312067664,0.5875467836856842,0.047257364621644316
0.04875248452597775,1.2335037556709183,85.1,17.33812251312451,332.9,-0.2623018503189087,0.4594305472737886,0.5891962289810181,0.046459383424000515
0.051774045230092436,1.2335037556709183,83.5,17.09305538607863,334.5,-0.2780665814876556,0.49640115040427196,0.5912863910198212,0.046156547233321236
0.05479560593420711,1.2335037556709183,80.7,15.956895951764514,337.3,-0.27776198983192446,0.4956807356044524,0.5925154149532318,0.04579073149945245
0.057817166638321794,1.2335037556709183,78.0,13.764296389223185,340.0,-0.2811798334121704,0.4947827905410556,0.595739233493805,0.04657664498296545
0.06083872734243647,1.2335037556709183,77.7,13.896062358141565,340.3,-0.27842110991477964,0.49477466568059986,0.5961371243000031,0.0465556647285134
0.06386028804655115,1.2335037556709183,77.3,13.871490008554666,340.7,-0.28078524470329286,0.49408693213010973,0.5959082245826721,0.04672115491176068
0.06688184875066583,1.2335037556709183,77.1,13.774413477240547,340.9,-0.28062188625335693,0.49412367704485854,0.5961063265800476,0.046851433128044705
0.0699034094547805,1.2335037556709183,76.6,13.341400969328884,341.4,-0.2794347763061523,0.4945255525960397,0.5938193500041962,0.04577651109506076
0.0729249701588952,1.2335037556709183,71.7,13.39180906308649,346.3,-0.23020167350769044,0.38660868854062813,0.6010340213775635,0.042642866807853654
0.07594653086300987,1.2335037556709183,68.0,13.216368071648828,350.0,-0.21869918704032898,0.35219217062918345,0.6061372280120849,0.04347863600640934
0.07896809156712455,1.2335037556709183,62.9,11.507392854687913,355.1,-0.17500860691070558,0.2655234568194626,0.6121005773544311,0.042128108095638536
0.08198965227123924,1.2335037556709183,57.7,12.590868630177726,360.3,-0.17100961804389953,0.2467608547080002,0.6162648320198059,0.039667012885587806
0.08501121297535391,1.2335037556709183,47.5,17.981422318906873,370.5,-317.2395932674408,717.1370318063804,0.6203942358493805,0.03478201477192604
0.08803277367946859,1.2335037556709183,38.5,17.185944095390205,379.5,-1.3218428671360016,2.6350666740021897,0.6280794978141785,0.03391977993520089
0.09105433438358326,1.2335037556709183,34.2,17.87533630561925,383.8,-2.323476105928421,4.7540056532107435,0.6239611446857453,0.03597020710192807
0.09407589508769795,1.2335037556709183,27.1,16.590694835785612,390.9,-2.231994318962097,4.773802921665449,0.6279388010501862,0.03666612076441416
0.09709745579181263,1.2335037556709183,17.7,15.683745865248433,400.3,0.0013084888458251953,0.15272558769664468,0.6332487761974335,0.03794618757834679
0.1001190164959273,1.2335037556709183,13.2,14.282476794100747,404.8,-0.7940852105617523,1.7198420390880278,0.6367241263389587,0.037146520264543556
0.103140577200042,1.2335037556709183,11.4,14.359501801480565,406.6,-0.7901587843894958,1.720903567970487,0.636659461259842,0.03735583589030473
0.10616213790415667,1.2335037556709183,7.1,10.761836098759664,410.9,-0.06626336574554444,0.12295600518988505,0.6393166542053222,0.03688246298490592
0.10918369860827135,1.2335037556709183,6.1,9.880388459562106,411.9,-0.015429949760437012,0.0344692231637098,0.6360234916210175,0.03629407571158165
0.11220525931238602,1.2335037556709183,5.5,8.891745340766066,412.5,-0.015364420413970948,0.03448433413403134,0.6363140642642975,0.03634983488579615
0.11522682001650071,1.2335037556709183,4.2,6.884626313228043,413.8,-0.00028784871101379396,0.01103207188960754,0.6348010301589966,0.035917621974542124
0.11824838072061539,1.2335037556709183,0.8,1.8097257302832792,417.2,0.010011237859725953,0.02264699343341521,0.6351254403591156,0.03578670077271057
0.0004075132601428777,1.2713275799520538,403.3,5.928309805692558,14.699999999999989,0.6443714439868927,0.03601105492791543,0.14804890155792236,0.2153343568769594
0.0034290739642575574,1.2713275799520538,379.6,4.589200248541327,38.39999999999998,0.6555673539638519,0.034675147194677236,0.16606329679489135,0.11678940893307806
0.006450634668372237,1.2713275799520538,327.4,15.69153849108189,90.60000000000002,0.6790776789188385,0.04029803399334872,0.2534149408340454,0.07834316453503702
0.009472195372486917,1.2713275799520538,285.4,21.482421848014635,132.60000000000002,0.6971236884593963,0.049488700345753846,0.2775208234786987,0.0844706876398416
0.012493756076601597,1.2713275799520538,243.4,31.944065750509612,174.6,0.7278825581073761,0.057303498671121625,0.32804582715034486,0.1148190812808269
0.015515316780716276,1.2713275799520538,209.4,36.53724254077206,208.6,0.727527403831482,0.08656494409923295,0.3918393671512604,0.12448413056883495
0.018536877484830957,1.2713275799520538,188.7,36.35447581187948,229.3,0.7172444999217987,0.12315806532356242,0.42304611802101133,0.10614747696679579
0.021558438188945636,1.2713275799520538,170.9,34.21844538094822,247.1,0.6801831185817718,0.16727474335728088,0.4653886675834656,0.10323814806532407
0.024579998893060315,1.2713275799520538,148.4,36.221524738075246,269.6,0.6566321551799774,0.17462435194242903,0.5143415927886963,0.08109189592833894
0.027601559597174995,1.2713275799520538,128.7,30.098027263654842,289.3,0.578160285949707,0.23470334072011448,0.5398415982723236,0.07708840490281893
0.030623120301289674,1.2713275799520538,113.8,24.272523531573484,304.2,0.4190937101840973,0.3210545917752376,0.5549110233783722,0.06362352994320847
0.03364468100540435,1.2713275799520538,103.9,21.892077158376743,314.1,0.13056270480155946,0.47513762380617725,0.5697262585163116,0.05212530529204552
0.036666241709519036,1.2713275799520538,99.7,21.14858187974189,318.3,-0.10825629234313965,0.3942111058977341,0.5775486409664154,0.05479195803029337
0.03968780241363371,1.2713275799520538,98.0,21.648002256493754,320.0,-0.1002853512763977,0.36091197598042546,0.5804181814193725,0.052140338443176365
0.042709363117748395,1.2713275799520538,94.4,22.208603054642126,323.6,-0.19917612075805663,0.30981131149475766,0.5838627696037293,0.050185272588516724
0.04573092382186307,1.2713275799520538,88.8,19.400699687543106,329.2,-0.2641079187393188,0.45871659312067664,0.5875467836856842,0.047257364621644316
0.04875248452597775,1.2713275799520538,85.1,17.33812251312451,332.9,-0.2623018503189087,0.4594305472737886,0.5891962289810181,0.046459383424000515
0.051774045230092436,1.2713275799520538,83.5,17.09305538607863,334.5,-0.2780665814876556,0.49640115040427196,0.5912863910198212,0.046156547233321236
0.05479560593420711,1.2713275799520538,80.7,15.956895951764514,337.3,-0.27776198983192446,0.4956807356044524,0.5925154149532318,0.04579073149945245
0.057817166638321794,1.2713275799520538,78.0,13.764296389223185,340.0,-0.2811798334121704,0.4947827905410556,0.595739233493805,0.04657664498296545
0.06083872734243647,1.2713275799520538,77.7,13.896062358141565,340.3,-0.27842110991477964,0.49477466568059986,0.5961371243000031,0.0465556647285134
0.06386028804655115,1.2713275799520538,77.3,13.871490008554666,340.7,-0.28078524470329286,0.49408693213010973,0.5959082245826721,0.04672115491176068
0.06688184875066583,1.2713275799520538,77.1,13.774413477240547,340.9,-0.28062188625335693,0.49412367704485854,0.5961063265800476,0.046851433128044705
0.0699034094547805,1.2713275799520538,76.6,13.341400969328884,341.4,-0.2794347763061523,0.4945255525960397,0.5938193500041962,0.04577651109506076
0.0729249701588952,1.2713275799520538,71.7,13.39180906308649,346.3,-0.23020167350769044,0.38660868854062813,0.6010340213775635,0.042642866807853654
0.07594653086300987,1.2713275799520538,68.0,13.216368071648828,350.0,-0.21869918704032898,0.35219217062918345,0.6061372280120849,0.04347863600640934
0.07896809156712455,1.2713275799520538,62.9,11.507392854687913,355.1,-0.17500860691070558,0.2655234568194626,0.6121005773544311,0.042128108095638536
0.08198965227123924,1.2713275799520538,57.7,12.590868630177726,360.3,-0.17100961804389953,0.2467608547080002,0.6162648320198059,0.039667012885587806
0.08501121297535391,1.2713275799520538,47.5,17.981422318906873,370.5,-317.2395932674408,717.1370318063804,0.6203942358493805,0.03478201477192604
0.08803277367946859,1.2713275799520538,38.5,17.185944095390205,379.5,-1.3218428671360016,2.6350666740021897,0.6280794978141785,0.03391977993520089
0.09105433438358326,1.2713275799520538,34.2,17.87533630561925,383.8,-2.323476105928421,4.7540056532107435,0.6239611446857453,0.03597020710192807
0.09407589508769795,1.2713275799520538,27.1,16.590694835785612,390.9,-2.231994318962097,4.773802921665449,0.6279388010501862,0.03666612076441416
0.09709745579181263,1.2713275799520538,17.7,15.683745865248433,400.3,0.0013084888458251953,0.15272558769664468,0.6332487761974335,0.03794618757834679
0.1001190164959273,1.2713275799520538,13.2,14.282476794100747,404.8,-0.7940852105617523,1.7198420390880278,0.6367241263389587,0.037146520264543556
0.103140577200042,1.2713275799520538,11.4,14.359501801480565,406.6,-0.7901587843894958,1.720903567970487,0.636659461259842,0.03735583589030473
0.10616213790415667,1.2713275799520538,7.1,10.761836098759664,410.9,-0.06626336574554444,0.12295600518988505,0.6393166542053222,0.03688246298490592
0.10918369860827135,1.2713275799520538,6.1,9.880388459562106,411.9,-0.015429949760437012,0.0344692231637098,0.6360234916210175,0.03629407571158165
0.11220525931238602,1.2713275799520538,5.5,8.891745340766066,412.5,-0.015364420413970948,0.03448433413403134,0.6363140642642975,0.03634983488579615
0.11522682001650071,1.2713275799520538,4.2,6.884626313228043,413.8,-0.00028784871101379396,0.01103207188960754,0.6348010301589966,0.035917621974542124
0.11824838072061539,1.2713275799520538,0.8,1.8097257302832792,417.2,0.010011237859725953,0.02264699343341521,0.6351254403591156,0.03578670077271057
0.0004075132601428777,1.3091514042331893,407.9,5.566214308514913,10.100000000000023,0.6419234693050384,0.036556211984066056,0.019650763273239134,0.25766402790975496
0.0034290739642575574,1.3091514042331893,384.2,5.610474078111686,33.80000000000001,0.6530108034610749,0.03548786019943379,0.1277170240879059,0.153785182751492
0.006450634668372237,1.3091514042331893,330.5,16.18404424911947,87.5,0.6774933815002442,0.04098410238160825,0.242559015750885,0.0859157193668736
0.009472195372486917,1.3091514042331893,287.4,21.909601675127245,130.60000000000002,0.6969542443752289,0.049595900410148115,0.2656284809112549,0.08381830192909238
0.012493756076601597,1.3091514042331893,244.1,32.46534878321993,173.9,0.7272473692893981,0.05794645052336484,0.32425827383995054,0.11506841282911652
0.015515316780716276,1.3091514042331893,209.6,36.460908675609474,208.4,0.7274515151977539,0.08650204971770963,0.39178847670555117,0.12447021994515052
0.018536877484830957,1.3091514042331893,188.9,36.251730236136254,229.1,0.717153400182724,0.12309064859376424,0.42303218245506286,0.10614124376650151
0.021558438188945636,1.3091514042331893,170.9,34.21844538094822,247.1,0.6801831185817718,0.16727474335728088,0.4653886675834656,0.10323814806532407
0.024579998893060315,1.3091514042331893,148.4,36.221524738075246,269.6,0.6566321551799774,0.17462435194242903,0.5143415927886963,0.08109189592833894
0.027601559597174995,1.3091514042331893,128.7,30.098027263654842,289.3,0.578160285949707,0.23470334072011448,0.5398415982723236,0.07708840490281893
0.030623120301289674,1.3091514042331893,113.8,24.272523531573484,304.2,0.4190937101840973,0.3210545917752376,0.5549110233783722,0.06362352994320847
0.03364468100540435,1.3091514042331893,103.9,21.892077158376743,314.1,0.13056270480155946,0.47513762380617725,0.5697262585163116,0.05212530529204552
0.036666241709519036,1.3091514042331893,99.7,21.14858187974189,318.3,-0.10825629234313965,0.3942111058977341,0.5775486409664154,0.05479195803029337
0.03968780241363371,1.3091514042331893,98.0,21.648002256493754,320.0,-0.1002853512763977,0.36091197598042546,0.5804181814193725,0.052140338443176365
0.042709363117748395,1.3091514042331893,94.4,22.208603054642126,323.6,-0.19917612075805663,0.30981131149475766,0.5838627696037293,0.050185272588516724
0.04573092382186307,1.3091514042331893,88.8,19.400699687543106,329.2,-0.2641079187393188,0.45871659312067664,0.5875467836856842,0.047257364621644316
0.04875248452597775,1.3091514042331893,85.1,17.33812251312451,332.9,-0.2623018503189087,0.4594305472737886,0.5891962289810181,0.046459383424000515
0.051774045230092436,1.3091514042331893,83.5,17.09305538607863,334.5,-0.2780665814876556,0.49640115040427196,0.5912863910198212,0.046156547233321236
0.05479560593420711,1.3091514042331893,80.7,15.956895951764514,337.3,-0.27776198983192446,0.4956807356044524,0.5925154149532318,0.04579073149945245
0.057817166638321794,1.3091514042331893,78.0,13.764296389223185,340.0,-0.2811798334121704,0.4947827905410556,0.595739233493805,0.04657664498296545
0.06083872734243647,1.3091514042331893,77.7,13.896062358141565,340.3,-0.27842110991477964,0.49477466568059986,0.5961371243000031,0.0465556647285134
0.06386028804655115,1.3091514042331893,77.3,13.871490008554666,340.7,-0.28078524470329286,0.49408693213010973,0.5959082245826721,0.04672115491176068
0.06688184875066583,1.3091514042331893,77.1,13.774413477240547,340.9,-0.28062188625335693,0.49412367704485854,0.5961063265800476,0.046851433128044705
0.0699034094547805,1.3091514042331893,76.6,13.341400969328884,341.4,-0.2794347763061523,0.4945255525960397,0.5938193500041962,0.04577651109506076
0.0729249701588952,1.3091514042331893,71.7,13.39180906308649,346.3,-0.23020167350769044,0.38660868854062813,0.6010340213775635,0.042642866807853654
0.07594653086300987,1.3091514042331893,68.0,13.216368071648828,350.0,-0.21869918704032898,0.35219217062918345,0.6061372280120849,0.04347863600640934
0.07896809156712455,1.3091514042331893,62.9,11.507392854687913,355.1,-0.17500860691070558,0.2655234568194626,0.6121005773544311,0.042128108095638536
0.08198965227123924,1.3091514042331893,57.7,12.590868630177726,360.3,-0.17100961804389953,0.2467608547080002,0.6162648320198059,0.039667012885587806
0.08501121297535391,1.3091514042331893,47.5,17.981422318906873,370.5,-317.2395932674408,717.1370318063804,0.6203942358493805,0.03478201477192604
0.08803277367946859,1.3091514042331893,38.5,17.185944095390205,379.5,-1.3218428671360016,2.6350666740021897,0.6280794978141785,0.03391977993520089
0.09105433438358326,1.3091514042331893,34.2,17.87533630561925,383.8,-2.323476105928421,4.7540056532107435,0.6239611446857453,0.03597020710192807
0.09407589508769795,1.3091514042331893,27.1,16.590694835785612,390.9,-2.231994318962097,4.773802921665449,0.6279388010501862,0.03666612076441416
0.09709745579181263,1.3091514042331893,17.7,15.683745865248433,400.3,0.0013084888458251953,0.15272558769664468,0.6332487761974335,0.03794618757834679
0.1001190164959273,1.3091514042331893,13.2,14.282476794100747,404.8,-0.7940852105617523,1.7198420390880278,0.6367241263389587,0.037146520264543556
0.103140577200042,1.3091514042331893,11.4,14.359501801480565,406.6,-0.7901587843894958,1.720903567970487,0.636659461259842,0.03735583589030473
0.10616213790415667,1.3091514042331893,7.1,10.761836098759664,410.9,-0.06626336574554444,0.12295600518988505,0.6393166542053222,0.03688246298490592
0.10918369860827135,1.3091514042331893,6.1,9.880388459562106,411.9,-0.015429949760437012,0.0344692231637098,0.6360234916210175,0.03629407571158165
0.11220525931238602,1.3091514042331893,5.5,8.891745340766066,412.5,-0.015364420413970948,0.03448433413403134,0.6363140642642975,0.03634983488579615
0.11522682001650071,1.3091514042331893,4.2,6.884626313228043,413.8,-0.00028784871101379396,0.01103207188960754,0.6348010301589966,0.035917621974542124
0.11824838072061539,1.3091514042331893,0.8,1.8097257302832792,417.2,0.010011237859725953,0.02264699343341521,0.6351254403591156,0.03578670077271057
0.0004075132601428777,1.3469752285143248,411.5,4.901340519517214,6.5,0.6421470224857331,0.0363282524418329,-0.0623715341091156,0.39303084061341065
0.0034290739642575574,1.3469752285143248,387.8,5.254614482424993,30.19999999999999,0.6532824456691741,0.03533575937171299,0.09583690166473388,0.15474150038730236
0.006450634668372237,1.3469752285143248,332.0,16.333547548999775,86.0,0.6773351550102233,0.04118467428889732,0.2365237593650818,0.09174157868211656
0.009472195372486917,1.3469752285143248,287.6,21.74026013000297,130.39999999999998,0.6971043825149537,0.04959817245386585,0.2650084733963013,0.08368221647845028
0.012493756076601597,1.3469752285143248,244.3,32.3031149574719,173.7,0.7274961233139038,0.05787075474267888,0.3239720344543457,0.11492198178696664
0.015515316780716276,1.3469752285143248,209.6,36.460908675609474,208.4,0.7274515151977539,0.08650204971770963,0.39178847670555117,0.12447021994515052
0.018536877484830957,1.3469752285143248,188.9,36.251730236136254,229.1,0.717153400182724,0.12309064859376424,0.42303218245506286,0.10614124376650151
0.021558438188945636,1.3469752285143248,170.9,34.21844538094822,247.1,0.6801831185817718,0.16727474335728088,0.4653886675834656,0.10323814806532407
0.024579998893060315,1.3469752285143248,148.4,36.221524738075246,269.6,0.6566321551799774,0.17462435194242903,0.5143415927886963,0.08109189592833894
0.027601559597174995,1.3469752285143248,128.7,30.098027263654842,289.3,0.578160285949707,0.23470334072011448,0.5398415982723236,0.07708840490281893
0.030623120301289674,1.3469752285143248,113.8,24.272523531573484,304.2,0.4190937101840973,0.3210545917752376,0.5549110233783722,0.06362352994320847
0.03364468100540435,1.3469752285143248,103.9,21.892077158376743,314.1,0.13056270480155946,0.47513762380617725,0.5697262585163116,0.05212530529204552
0.036666241709519036,1.3469752285143248,99.7,21.14858187974189,318.3,-0.10825629234313965,0.3942111058977341,0.5775486409664154,0.05479195803029337
0.03968780241363371,1.3469752285143248,98.0,21.648002256493754,320.0,-0.1002853512763977,0.36091197598042546,0.5804181814193725,0.052140338443176365
0.042709363117748395,1.3469752285143248,94.4,22.208603054642126,323.6,-0.19917612075805663,0.30981131149475766,0.5838627696037293,0.050185272588516724
0.04573092382186307,1.3469752285143248,88.8,19.400699687543106,329.2,-0.2641079187393188,0.45871659312067664,0.5875467836856842,0.047257364621644316
0.04875248452597775,1.3469752285143248,85.1,17.33812251312451,332.9,-0.2623018503189087,0.4594305472737886,0.5891962289810181,0.046459383424000515
0.051774045230092436,1.3469752285143248,83.5,17.09305538607863,334.5,-0.2780665814876556,0.49640115040427196,0.5912863910198212,0.046156547233321236
0.05479560593420711,1.3469752285143248,80.7,15.956895951764514,337.3,-0.27776198983192446,0.4956807356044524,0.5925154149532318,0.04579073149945245
0.057817166638321794,1.3469752285143248,78.0,13.764296389223185,340.0,-0.2811798334121704,0.4947827905410556,0.595739233493805,0.04657664498296545
0.06083872734243647,1.3469752285143248,77.7,13.896062358141565,340.3,-0.27842110991477964,0.49477466568059986,0.5961371243000031,0.0465556647285134
0.06386028804655115,1.3469752285143248,77.3,13.871490008554666,340.7,-0.28078524470329286,0.49408693213010973,0.5959082245826721,0.04672115491176068
0.06688184875066583,1.3469752285143248,77.1,13.774413477240547,340.9,-0.28062188625335693,0.49412367704485854,0.5961063265800476,0.046851433128044705
0.0699034094547805,1.3469752285143248,76.6,13.341400969328884,341.4,-0.2794347763061523,0.4945255525960397,0.5938193500041962,0.04577651109506076
0.0729249701588952,1.3469752285143248,71.7,13.39180906308649,346.3,-0.23020167350769044,0.38660868854062813,0.6010340213775635,0.042642866807853654
0.07594653086300987,1.3469752285143248,68.0,13.216368071648828,350.0,-0.21869918704032898,0.35219217062918345,0.6061372280120849,0.04347863600640934
0.07896809156712455,1.3469752285143248,62.9,11.507392854687913,355.1,-0.17500860691070558,0.2655234568194626,0.6121005773544311,0.042128108095638536
0.08198965227123924,1.3469752285143248,57.7,12.590868630177726,360.3,-0.17100961804389953,0.2467608547080002,0.6162648320198059,0.039667012885587806
0.08501121297535391,1.3469752285143248,47.5,17.981422318906873,370.5,-317.2395932674408,717.1370318063804,0.6203942358493805,0.03478201477192604
0.08803277367946859,1.3469752285143248,38.5,17.185944095390205,379.5,-1.3218428671360016,2.6350666740021897,0.6280794978141785,0.03391977993520089
0.09105433438358326,1.3469752285143248,34.2,17.87533630561925,383.8,-2.323476105928421,4.7540056532107435,0.6239611446857453,0.03597020710192807
0.09407589508769795,1.3469752285143248,27.1,16.590694835785612,390.9,-2.231994318962097,4.773802921665449,0.6279388010501862,0.03666612076441416
0.09709745579181263,1.3469752285143248,17.7,15.683745865248433,400.3,0.0013084888458251953,0.15272558769664468,0.6332487761974335,0.03794618757834679
0.1001190164959273,1.3469752285143248,13.2,14.282476794100747,404.8,-0.7940852105617523,1.7198420390880278,0.6367241263389587,0.037146520264543556
0.103140577200042,1.3469752285143248,11.4,14.359501801480565,406.6,-0.7901587843894958,1.720903567970487,0.636659461259842,0.03735583589030473
0.10616213790415667,1.3469752285143248,7.1,10.761836098759664,410.9,-0.06626336574554444,0.12295600518988505,0.6393166542053222,0.03688246298490592
0.10918369860827135,1.3469752285143248,6.1,9.880388459562106,411.9,-0.015429949760437012,0.0344692231637098,0.6360234916210175,0.03629407571158165
0.11220525931238602,1.3469752285143248,5.5,8.891745340766066,412.5,-0.015364420413970948,0.03448433413403134,0.6363140642642975,0.03634983488579615
0.11522682001650071,1.3469752285143248,4.2,6.884626313228043,413.8,-0.00028784871101379396,0.01103207188960754,0.6348010301589966,0.035917621974542124
0.11824838072061539,1.3469752285143248,0.8,1.8097257302832792,417.2,0.010011237859725953,0.02264699343341521,0.6351254403591156,0.03578670077271057
0.0004075132601428777,1.3847990527954606,413.0,3.1813505085497455,5.0,0.641541862487793,0.03627936553580763,-0.09373157024383545,0.39241712907192133
0.0034290739642575574,1.3847990527954606,388.5,5.281059070916929,29.5,0.6532102465629578,0.0350940113479805,0.08946722149848937,0.14995120602101566
0.006450634668372237,1.3847990527954606,332.2,16.37110077980418,85.80000000000001,0.6773601233959198,0.04124839212119783,0.23422561287879945,0.09169886581053327
0.009472195372486917,1.3847990527954606,287.8,21.78885228579904,130.2,0.6971312940120697,0.04976535459756105,0.2644608974456787,0.08340390635628439
0.012493756076601597,1.3847990527954606,244.4,32.2240739009873,173.6,0.7277698159217835,0.05779368647285777,0.3233154773712158,0.11459922237502576
0.015515316780716276,1.3847990527954606,209.7,36.36229512228021,208.3,0.7279869914054871,0.08632968633738997,0.3913135826587677,0.1243290614861995
0.018536877484830957,1.3847990527954606,189.0,36.172514725003246,229.0,0.7176323115825654,0.1230869104494441,0.42255022525787356,0.10610713600995679
0.021558438188945636,1.3847990527954606,170.9,34.21844538094822,247.1,0.6801831185817718,0.16727474335728088,0.4653886675834656,0.10323814806532407
0.024579998893060315,1.3847990527954606,148.4,36.221524738075246,269.6,0.6566321551799774,0.17462435194242903,0.5143415927886963,0.08109189592833894
0.027601559597174995,1.3847990527954606,128.7,30.098027263654842,289.3,0.578160285949707,0.23470334072011448,0.5398415982723236,0.07708840490281893
0.030623120301289674,1.3847990527954606,113.8,24.272523531573484,304.2,0.4190937101840973,0.3210545917752376,0.5549110233783722,0.06362352994320847
0.03364468100540435,1.3847990527954606,103.9,21.892077158376743,314.1,0.13056270480155946,0.47513762380617725,0.5697262585163116,0.05212530529204552
0.036666241709519036,1.3847990527954606,99.7,21.14858187974189,318.3,-0.10825629234313965,0.3942111058977341,0.5775486409664154,0.05479195803029337
0.03968780241363371,1.3847990527954606,98.0,21.648002256493754,320.0,-0.1002853512763977,0.36091197598042546,0.5804181814193725,0.052140338443176365
0.042709363117748395,1.3847990527954606,94.4,22.208603054642126,323.6,-0.19917612075805663,0.30981131149475766,0.5838627696037293,0.050185272588516724
0.04573092382186307,1.3847990527954606,88.8,19.400699687543106,329.2,-0.2641079187393188,0.45871659312067664,0.5875467836856842,0.047257364621644316
0.04875248452597775,1.3847990527954606,85.1,17.33812251312451,332.9,-0.2623018503189087,0.4594305472737886,0.5891962289810181,0.046459383424000515
0.051774045230092436,1.3847990527954606,83.5,17.09305538607863,334.5,-0.2780665814876556,0.49640115040427196,0.5912863910198212,0.046156547233321236
0.05479560593420711,1.3847990527954606,80.7,15.956895951764514,337.3,-0.27776198983192446,0.4956807356044524,0.5925154149532318,0.04579073149945245
0.057817166638321794,1.3847990527954606,78.0,13.764296389223185,340.0,-0.2811798334121704,0.4947827905410556,0.595739233493805,0.04657664498296545
0.06083872734243647,1.3847990527954606,77.7,13.896062358141565,340.3,-0.27842110991477964,0.49477466568059986,0.5961371243000031,0.0465556647285134
0.06386028804655115,1.3847990527954606,77.3,13.871490008554666,340.7,-0.28078524470329286,0.49408693213010973,0.5959082245826721,0.04672115491176068
0.06688184875066583,1.3847990527954606,77.1,13.774413477240547,340.9,-0.28062188625335693,0.49412367704485854,0.5961063265800476,0.046851433128044705
0.0699034094547805,1.3847990527954606,76.6,13.341400969328884,341.4,-0.2794347763061523,0.4945255525960397,0.5938193500041962,0.04577651109506076
0.0729249701588952,1.3847990527954606,71.7,13.39180906308649,346.3,-0.23020167350769044,0.38660868854062813,0.6010340213775635,0.042642866807853654
0.07594653086300987,1.3847990527954606,68.0,13.216368071648828,350.0,-0.21869918704032898,0.35219217062918345,0.6061372280120849,0.04347863600640934
0.07896809156712455,1.3847990527954606,62.9,11.507392854687913,355.1,-0.17500860691070558,0.2655234568194626,0.6121005773544311,0.042128108095638536
0.08198965227123924,1.3847990527954606,57.7,12.590868630177726,360.3,-0.17100961804389953,0.2467608547080002,0.6162648320198059,0.039667012885587806
0.08501121297535391,1.3847990527954606,47.5,17.981422318906873,370.5,-317.2395932674408,717.1370318063804,0.6203942358493805,0.03478201477192604
0.08803277367946859,1.3847990527954606,38.5,17.185944095390205,379.5,-1.3218428671360016,2.6350666740021897,0.6280794978141785,0.03391977993520089
0.09105433438358326,1.3847990527954606,34.2,17.87533630561925,383.8,-2.323476105928421,4.7540056532107435,0.6239611446857453,0.03597020710192807
0.09407589508769795,1.3847990527954606,27.1,16.590694835785612,390.9,-2.231994318962097,4.773802921665449,0.6279388010501862,0.03666612076441416
0.09709745579181263,1.3847990527954606,17.7,15.683745865248433,400.3,0.0013084888458251953,0.15272558769664468,0.6332487761974335,0.03794618757834679
0.1001190164959273,1.3847990527954606,13.2,14.282476794100747,404.8,-0.7940852105617523,1.7198420390880278,0.6367241263389587,0.037146520264543556
0.103140577200042,1.3847990527954606,11.4,14.359501801480565,406.6,-0.7901587843894958,1.720903567970487,0.636659461259842,0.03735583589030473
0.10616213790415667,1.3847990527954606,7.1,10.761836098759664,410.9,-0.06626336574554444,0.12295600518988505,0.6393166542053222,0.03688246298490592
0.10918369860827135,1.3847990527954606,6.1,9.880388459562106,411.9,-0.015429949760437012,0.0344692231637098,0.6360234916210175,0.03629407571158165
0.11220525931238602,1.3847990527954606,5.5,8.891745340766066,412.5,-0.015364420413970948,0.03448433413403134,0.6363140642642975,0.03634983488579615
0.11522682001650071,1.3847990527954606,4.2,6.884626313228043,413.8,-0.00028784871101379396,0.01103207188960754,0.6348010301589966,0.035917621974542124
0.11824838072061539,1.3847990527954606,0.8,1.8097257302832792,417.2,0.010011237859725953,0.02264699343341521,0.6351254403591156,0.03578670077271057
0.0004075132601428777,1.422622877076596,415.0,2.7808078043089215,3.0,0.6389069378376007,0.03574584446803555,-1.0848984599113465,2.1408116099902115
0.0034290739642575574,1.422622877076596,390.5,5.4087163836133865,27.5,0.650448489189148,0.03457634590100409,0.10957869291305541,0.17517552408434536
0.006450634668372237,1.422622877076596,333.5,16.09597195701753,84.5,0.6753147959709167,0.04142070487084988,0.24220346808433532,0.096445130884352
0.009472195372486917,1.422622877076596,288.2,21.473420869852834,129.8,0.6962075352668762,0.04943266201138051,0.26443593502044677,0.08386409996676922
0.012493756076601597,1.422622877076596,244.6,32.07019466294756,173.4,0.7281614303588867,0.05769478976884183,0.32272629737854003,0.11432523706378271
0.015515316780716276,1.422622877076596,209.9,36.16850616322034,208.1,0.7286624133586883,0.08613608228077282,0.390873384475708,0.12420637130875022
0.018536877484830957,1.422622877076596,189.0,36.172514725003246,229.0,0.7176323115825654,0.1230869104494441,0.42255022525787356,0.10610713600995679
0.021558438188945636,1.422622877076596,170.9,34.21844538094822,247.1,0.6801831185817718,0.16727474335728088,0.4653886675834656,0.10323814806532407
0.024579998893060315,1.422622877076596,148.4,36.221524738075246,269.6,0.6566321551799774,0.17462435194242903,0.5143415927886963,0.08109189592833894
0.027601559597174995,1.422622877076596,128.7,30.098027263654842,289.3,0.578160285949707,0.23470334072011448,0.5398415982723236,0.07708840490281893
0.030623120301289674,1.422622877076596,113.8,24.272523531573484,304.2,0.4190937101840973,0.3210545917752376,0.5549110233783722,0.06362352994320847
0.03364468100540435,1.422622877076596,103.9,21.892077158376743,314.1,0.13056270480155946,0.47513762380617725,0.5697262585163116,0.05212530529204552
0.036666241709519036,1.422622877076596,99.7,21.14858187974189,318.3,-0.10825629234313965,0.3942111058977341,0.5775486409664154,0.05479195803029337
0.03968780241363371,1.422622877076596,98.0,21.648002256493754,320.0,-0.1002853512763977,0.36091197598042546,0.5804181814193725,0.052140338443176365
0.042709363117748395,1.422622877076596,94.4,22.208603054642126,323.6,-0.19917612075805663,0.30981131149475766,0.5838627696037293,0.050185272588516724
0.04573092382186307,1.422622877076596,88.8,19.400699687543106,329.2,-0.2641079187393188,0.45871659312067664,0.5875467836856842,0.047257364621644316
0.04875248452597775,1.422622877076596,85.1,17.33812251312451,332.9,-0.2623018503189087,0.4594305472737886,0.5891962289810181,0.046459383424000515
0.051774045230092436,1.422622877076596,83.5,17.09305538607863,334.5,-0.2780665814876556,0.49640115040427196,0.5912863910198212,0.046156547233321236
0.05479560593420711,1.422622877076596,80.7,15.956895951764514,337.3,-0.27776198983192446,0.4956807356044524,0.5925154149532318,0.04579073149945245
0.057817166638321794,1.422622877076596,78.0,13.764296389223185,340.0,-0.2811798334121704,0.4947827905410556,0.595739233493805,0.04657664498296545
0.06083872734243647,1.422622877076596,77.7,13.896062358141565,340.3,-0.27842110991477964,0.49477466568059986,0.5961371243000031,0.0465556647285134
0.06386028804655115,1.422622877076596,77.3,13.871490008554666,340.7,-0.28078524470329286,0.49408693213010973,0.5959082245826721,0.04672115491176068
0.06688184875066583,1.422622877076596,77.1,13.774413477240547,340.9,-0.28062188625335693,0.49412367704485854,0.5961063265800476,0.046851433128044705
0.0699034094547805,1.422622877076596,76.6,13.341400969328884,341.4,-0.2794347763061523,0.4945255525960397,0.5938193500041962,0.04577651109506076
0.0729249701588952,1.422622877076596,71.7,13.39180906308649,346.3,-0.23020167350769044,0.38660868854062813,0.6010340213775635,0.042642866807853654
0.07594653086300987,1.422622877076596,68.0,13.216368071648828,350.0,-0.21869918704032898,0.35219217062918345,0.6061372280120849,0.04347863600640934
0.07896809156712455,1.422622877076596,62.9,11.507392854687913,355.1,-0.17500860691070558,0.2655234568194626,0.6121005773544311,0.042128108095638536
0.08198965227123924,1.422622877076596,57.7,12.590868630177726,360.3,-0.17100961804389953,0.2467608547080002,0.6162648320198059,0.039667012885587806
0.08501121297535391,1.422622877076596,47.5,17.981422318906873,370.5,-317.2395932674408,717.1370318063804,0.6203942358493805,0.03478201477192604
0.08803277367946859,1.422622877076596,38.5,17.185944095390205,379.5,-1.3218428671360016,2.6350666740021897,0.6280794978141785,0.03391977993520089
0.09105433438358326,1.422622877076596,34.2,17.87533630561925,383.8,-2.323476105928421,4.7540056532107435,0.6239611446857453,0.03597020710192807
0.09407589508769795,1.422622877076596,27.1,16.590694835785612,390.9,-2.231994318962097,4.773802921665449,0.6279388010501862,0.03666612076441416
0.09709745579181263,1.422622877076596,17.7,15.683745865248433,400.3,0.0013084888458251953,0.15272558769664468,0.6332487761974335,0.03794618757834679
0.1001190164959273,1.422622877076596,13.2,14.282476794100747,404.8,-0.7940852105617523,1.7198420390880278,0.6367241263389587,0.037146520264543556
0.103140577200042,1.422622877076596,11.4,14.359501801480565,406.6,-0.7901587843894958,1.720903567970487,0.636659461259842,0.03735583589030473
0.10616213790415667,1.422622877076596,7.1,10.761836098759664,410.9,-0.06626336574554444,0.12295600518988505,0.6393166542053222,0.03688246298490592
0.10918369860827135,1.422622877076596,6.1,9.880388459562106,411.9,-0.015429949760437012,0.0344692231637098,0.6360234916210175,0.03629407571158165
0.11220525931238602,1.422622877076596,5.5,8.891745340766066,412.5,-0.015364420413970948,0.03448433413403134,0.6363140642642975,0.03634983488579615
0.11522682001650071,1.422622877076596,4.2,6.884626313228043,413.8,-0.00028784871101379396,0.01103207188960754,0.6348010301589966,0.035917621974542124
0.11824838072061539,1.422622877076596,0.8,1.8097257302832792,417.2,0.010011237859725953,0.02264699343341521,0.6351254403591156,0.03578670077271057
0.0004075132601428777,1.4604467013577316,416.5,1.6606281238951164,1.5,0.6380775749683381,0.03592037859598294,-0.2198069989681244,0.5198441909281725
0.0034290739642575574,1.4604467013577316,391.9,4.9612979845666025,26.100000000000023,0.6494997978210449,0.03497528797801205,0.1131299078464508,0.18157615353440307
0.006450634668372237,1.4604467013577316,334.0,16.32310076344176,84.0,0.6745830416679383,0.04195073661777136,0.24035834670066833,0.09812379573461333
0.009472195372486917,1.4604467013577316,288.3,21.471434851992086,129.7,0.6962108790874482,0.04943215119121155,0.2643052339553833,0.0840463444601043
0.012493756076601597,1.4604467013577316,244.6,32.07019466294756,173.4,0.7281614303588867,0.05769478976884183,0.32272629737854003,0.11432523706378271
0.015515316780716276,1.4604467013577316,209.9,36.16850616322034,208.1,0.7286624133586883,0.08613608228077282,0.390873384475708,0.12420637130875022
0.018536877484830957,1.4604467013577316,189.0,36.172514725003246,229.0,0.7176323115825654,0.1230869104494441,0.42255022525787356,0.10610713600995679
0.021558438188945636,1.4604467013577316,170.9,34.21844538094822,247.1,0.6801831185817718,0.16727474335728088,0.4653886675834656,0.10323814806532407
0.024579998893060315,1.4604467013577316,148.4,36.221524738075246,269.6,0.6566321551799774,0.17462435194242903,0.5143415927886963,0.08109189592833894
0.027601559597174995,1.4604467013577316,128.7,30.098027263654842,289.3,0.578160285949707,0.23470334072011448,0.5398415982723236,0.07708840490281893
0.030623120301289674,1.4604467013577316,113.8,24.272523531573484,304.2,0.4190937101840973,0.3210545917752376,0.5549110233783722,0.06362352994320847
0.03364468100540435,1.4604467013577316,103.9,21.892077158376743,314.1,0.13056270480155946,0.47513762380617725,0.5697262585163116,0.05212530529204552
0.036666241709519036,1.4604467013577316,99.7,21.14858187974189,318.3,-0.10825629234313965,0.3942111058977341,0.5775486409664154,0.05479195803029337
0.03968780241363371,1.4604467013577316,98.0,21.648002256493754,320.0,-0.1002853512763977,0.36091197598042546,0.5804181814193725,0.052140338443176365
0.042709363117748395,1.4604467013577316,94.4,22.208603054642126,323.6,-0.19917612075805663,0.30981131149475766,0.5838627696037293,0.050185272588516724
0.04573092382186307,1.4604467013577316,88.8,19.400699687543106,329.2,-0.2641079187393188,0.45871659312067664,0.5875467836856842,0.047257364621644316
0.04875248452597775,1.4604467013577316,85.1,17.33812251312451,332.9,-0.2623018503189087,0.4594305472737886,0.5891962289810181,0.046459383424000515
0.051774045230092436,1.4604467013577316,83.5,17.09305538607863,334.5,-0.2780665814876556,0.49640115040427196,0.5912863910198212,0.046156547233321236
0.05479560593420711,1.4604467013577316,80.7,15.956895951764514,337.3,-0.27776198983192446,0.4956807356044524,0.5925154149532318,0.04579073149945245
0.057817166638321794,1.4604467013577316,78.0,13.764296389223185,340.0,-0.2811798334121704,0.4947827905410556,0.595739233493805,0.04657664498296545
0.06083872734243647,1.4604467013577316,77.7,13.896062358141565,340.3,-0.27842110991477964,0.49477466568059986,0.5961371243000031,0.0465556647285134
0.06386028804655115,1.4604467013577316,77.3,13.871490008554666,340.7,-0.28078524470329286,0.49408693213010973,0.5959082245826721,0.04672115491176068
0.06688184875066583,1.4604467013577316,77.1,13.774413477240547,340.9,-0.28062188625335693,0.49412367704485854,0.5961063265800476,0.046851433128044705
0.0699034094547805,1.4604467013577316,76.6,13.341400969328884,341.4,-0.2794347763061523,0.4945255525960397,0.5938193500041962,0.04577651109506076
0.0729249701588952,1.4604467013577316,71.7,13.39180906308649,346.3,-0.23020167350769044,0.38660868854062813,0.6010340213775635,0.042642866807853654
0.07594653086300987,1.4604467013577316,68.0,13.216368071648828,350.0,-0.21869918704032898,0.35219217062918345,0.6061372280120849,0.04347863600640934
0.07896809156712455,1.4604467013577316,62.9,11.507392854687913,355.1,-0.17500860691070558,0.2655234568194626,0.6121005773544311,0.042128108095638536
0.08198965227123924,1.4604467013577316,57.7,12.590868630177726,360.3,-0.17100961804389953,0.2467608547080002,0.6162648320198059,0.039667012885587806
0.08501121297535391,1.4604467013577316,47.5,17.981422318906873,370.5,-317.2395932674408,717.1370318063804,0.6203942358493805,0.03478201477192604
0.08803277367946859,1.4604467013577316,38.5,17.185944095390205,379.5,-1.3218428671360016,2.6350666740021897,0.6280794978141785,0.03391977993520089
0.09105433438358326,1.4604467013577316,34.2,17.87533630561925,383.8,-2.323476105928421,4.7540056532107435,0.6239611446857453,0.03597020710192807
0.09407589508769795,1.4604467013577316,27.1,16.590694835785612,390.9,-2.231994318962097,4.773802921665449,0.6279388010501862,0.03666612076441416
0.09709745579181263,1.4604467013577316,17.7,15.683745865248433,400.3,0.0013084888458251953,0.15272558769664468,0.6332487761974335,0.03794618757834679
0.1001190164959273,1.4604467013577316,13.2,14.282476794100747,404.8,-0.7940852105617523,1.7198420390880278,0.6367241263389587,0.037146520264543556
0.103140577200042,1.4604467013577316,11.4,14.359501801480565,406.6,-0.7901587843894958,1.720903567970487,0.636659461259842,0.03735583589030473
0.10616213790415667,1.4604467013577316,7.1,10.761836098759664,410.9,-0.06626336574554444,0.12295600518988505,0.6393166542053222,0.03688246298490592
0.10918369860827135,1.4604467013577316,6.1,9.880388459562106,411.9,-0.015429949760437012,0.0344692231637098,0.6360234916210175,0.03629407571158165
0.11220525931238602,1.4604467013577316,5.5,8.891745340766066,412.5,-0.015364420413970948,0.03448433413403134,0.6363140642642975,0.03634983488579615
0.11522682001650071,1.4604467013577316,4.2,6.884626313228043,413.8,-0.00028784871101379396,0.01103207188960754,0.6348010301589966,0.035917621974542124
0.11824838072061539,1.4604467013577316,0.8,1.8097257302832792,417.2,0.010011237859725953,0.02264699343341521,0.6351254403591156,0.03578670077271057
0.0004075132601428777,1.4982705256388673,416.9,1.56181707124709,1.1000000000000227,0.6380378425121307,0.035894811837820347,-0.25941671133041383,0.5005238336915231
0.0034290739642575574,1.4982705256388673,391.9,4.9612979845666025,26.100000000000023,0.6494997978210449,0.03497528797801205,0.1131299078464508,0.18157615353440307
0.006450634668372237,1.4982705256388673,334.0,16.32310076344176,84.0,0.6745830416679383,0.04195073661777136,0.24035834670066833,0.09812379573461333
0.009472195372486917,1.4982705256388673,288.3,21.471434851992086,129.7,0.6962108790874482,0.04943215119121155,0.2643052339553833,0.0840463444601043
0.012493756076601597,1.4982705256388673,244.6,32.07019466294756,173.4,0.7281614303588867,0.05769478976884183,0.32272629737854003,0.11432523706378271
0.015515316780716276,1.4982705256388673,209.9,36.16850616322034,208.1,0.7286624133586883,0.08613608228077282,0.390873384475708,0.12420637130875022
0.018536877484830957,1.4982705256388673,189.0,36.172514725003246,229.0,0.7176323115825654,0.1230869104494441,0.42255022525787356,0.10610713600995679
0.021558438188945636,1.4982705256388673,170.9,34.21844538094822,247.1,0.6801831185817718,0.16727474335728088,0.4653886675834656,0.10323814806532407
0.024579998893060315,1.4982705256388673,148.4,36.221524738075246,269.6,0.6566321551799774,0.17462435194242903,0.5143415927886963,0.08109189592833894
0.027601559597174995,1.4982705256388673,128.7,30.098027263654842,289.3,0.578160285949707,0.23470334072011448,0.5398415982723236,0.07708840490281893
0.030623120301289674,1.4982705256388673,113.8,24.272523531573484,304.2,0.4190937101840973,0.3210545917752376,0.5549110233783722,0.06362352994320847
0.03364468100540435,1.4982705256388673,103.9,21.892077158376743,314.1,0.13056270480155946,0.47513762380617725,0.5697262585163116,0.05212530529204552
0.036666241709519036,1.4982705256388673,99.7,21.14858187974189,318.3,-0.10825629234313965,0.3942111058977341,0.5775486409664154,0.05479195803029337
0.03968780241363371,1.4982705256388673,98.0,21.648002256493754,320.0,-0.1002853512763977,0.36091197598042546,0.5804181814193725,0.052140338443176365
0.042709363117748395,1.4982705256388673,94.4,22.208603054642126,323.6,-0.19917612075805663,0.30981131149475766,0.5838627696037293,0.050185272588516724
0.04573092382186307,1.4982705256388673,88.8,19.400699687543106,329.2,-0.2641079187393188,0.45871659312067664,0.5875467836856842,0.047257364621644316
0.04875248452597775,1.4982705256388673,85.1,17.33812251312451,332.9,-0.2623018503189087,0.4594305472737886,0.5891962289810181,0.046459383424000515
0.051774045230092436,1.4982705256388673,83.5,17.09305538607863,334.5,-0.2780665814876556,0.49640115040427196,0.5912863910198212,0.046156547233321236
0.05479560593420711,1.4982705256388673,80.7,15.956895951764514,337.3,-0.27776198983192446,0.4956807356044524,0.5925154149532318,0.04579073149945245
0.057817166638321794,1.4982705256388673,78.0,13.764296389223185,340.0,-0.2811798334121704,0.4947827905410556,0.595739233493805,0.04657664498296545
0.06083872734243647,1.4982705256388673,77.7,13.896062358141565,340.3,-0.27842110991477964,0.49477466568059986,0.5961371243000031,0.0465556647285134
0.06386028804655115,1.4982705256388673,77.3,13.871490008554666,340.7,-0.28078524470329286,0.49408693213010973,0.5959082245826721,0.04672115491176068
0.06688184875066583,1.4982705256388673,77.1,13.774413477240547,340.9,-0.28062188625335693,0.49412367704485854,0.5961063265800476,0.046851433128044705
0.0699034094547805,1.4982705256388673,76.6,13.341400969328884,341.4,-0.2794347763061523,0.4945255525960397,0.5938193500041962,0.04577651109506076
0.0729249701588952,1.4982705256388673,71.7,13.39180906308649,346.3,-0.23020167350769044,0.38660868854062813,0.6010340213775635,0.042642866807853654
0.07594653086300987,1.4982705256388673,68.0,13.216368071648828,350.0,-0.21869918704032898,0.35219217062918345,0.6061372280120849,0.04347863600640934
0.07896809156712455,1.4982705256388673,62.9,11.507392854687913,355.1,-0.17500860691070558,0.2655234568194626,0.6121005773544311,0.042128108095638536
0.08198965227123924,1.4982705256388673,57.7,12.590868630177726,360.3,-0.17100961804389953,0.2467608547080002,0.6162648320198059,0.039667012885587806
0.08501121297535391,1.4982705256388673,47.5,17.981422318906873,370.5,-317.2395932674408,717.1370318063804,0.6203942358493805,0.03478201477192604
0.08803277367946859,1.4982705256388673,38.5,17.185944095390205,379.5,-1.3218428671360016,2.6350666740021897,0.6280794978141785,0.03391977993520089
0.09105433438358326,1.4982705256388673,34.2,17.87533630561925,383.8,-2.323476105928421,4.7540056532107435,0.6239611446857453,0.03597020710192807
0.09407589508769795,1.4982705256388673,27.1,16.590694835785612,390.9,-2.231994318962097,4.773802921665449,0.6279388010501862,0.03666612076441416
0.09709745579181263,1.4982705256388673,17.7,15.683745865248433,400.3,0.0013084888458251953,0.15272558769664468,0.6332487761974335,0.03794618757834679
0.1001190164959273,1.4982705256388673,13.2,14.282476794100747,404.8,-0.7940852105617523,1.7198420390880278,0.6367241263389587,0.037146520264543556
0.103140577200042,1.4982705256388673,11.4,14.359501801480565,406.6,-0.7901587843894958,1.720903567970487,0.636659461259842,0.03735583589030473
0.10616213790415667,1.4982705256388673,7.1,10.761836098759664,410.9,-0.06626336574554444,0.12295600518988505,0.6393166542053222,0.03688246298490592
0.10918369860827135,1.4982705256388673,6.1,9.880388459562106,411.9,-0.015429949760437012,0.0344692231637098,0.6360234916210175,0.03629407571158165
0.11220525931238602,1.4982705256388673,5.5,8.891745340766066,412.5,-0.015364420413970948,0.03448433413403134,0.6363140642642975,0.03634983488579615
0.11522682001650071,1.4982705256388673,4.2,6.884626313228043,413.8,-0.00028784871101379396,0.01103207188960754,0.6348010301589966,0.035917621974542124
0.11824838072061539,1.4982705256388673,0.8,1.8097257302832792,417.2,0.010011237859725953,0.02264699343341521,0.6351254403591156,0.03578670077271057
0.0004075132601428777,1.5360943499200028,417.2,1.6451480831757643,0.8000000000000114,0.638003009557724,0.035850090825023315,-0.2711804747581482,0.4961735421593346
0.0034290739642575574,1.5360943499200028,392.1,4.880414397065397,25.899999999999977,0.6494446337223053,0.0349403558403891,0.10938400030136108,0.17763519653644222
0.006450634668372237,1.5360943499200028,334.1,16.4219037904286,83.89999999999998,0.6745063662528992,0.04193662439005729,0.23692570328712464,0.0939115119894869
0.009472195372486917,1.5360943499200028,288.3,21.471434851992086,129.7,0.6962108790874482,0.04943215119121155,0.2643052339553833,0.0840463444601043
0.012493756076601597,1.5360943499200028,244.6,32.07019466294756,173.4,0.7281614303588867,0.05769478976884183,0.32272629737854003,0.11432523706378271
0.015515316780716276,1.5360943499200028,209.9,36.16850616322034,208.1,0.7286624133586883,0.08613608228077282,0.390873384475708,0.12420637130875022
0.018536877484830957,1.5360943499200028,189.0,36.172514725003246,229.0,0.7176323115825654,0.1230869104494441,0.42255022525787356,0.10610713600995679
0.021558438188945636,1.5360943499200028,170.9,34.21844538094822,247.1,0.6801831185817718,0.16727474335728088,0.4653886675834656,0.10323814806532407
0.024579998893060315,1.5360943499200028,148.4,36.221524738075246,269.6,0.6566321551799774,0.17462435194242903,0.5143415927886963,0.08109189592833894
0.027601559597174995,1.5360943499200028,128.7,30.098027263654842,289.3,0.578160285949707,0.23470334072011448,0.5398415982723236,0.07708840490281893
0.030623120301289674,1.5360943499200028,113.8,24.272523531573484,304.2,0.4190937101840973,0.3210545917752376,0.5549110233783722,0.06362352994320847
0.03364468100540435,1.5360943499200028,103.9,21.892077158376743,314.1,0.13056270480155946,0.47513762380617725,0.5697262585163116,0.05212530529204552
0.036666241709519036,1.5360943499200028,99.7,21.14858187974189,318.3,-0.10825629234313965,0.3942111058977341,0.5775486409664154,0.05479195803029337
0.03968780241363371,1.5360943499200028,98.0,21.648002256493754,320.0,-0.1002853512763977,0.36091197598042546,0.5804181814193725,0.052140338443176365
0.042709363117748395,1.5360943499200028,94.4,22.208603054642126,323.6,-0.19917612075805663,0.30981131149475766,0.5838627696037293,0.050185272588516724
0.04573092382186307,1.5360943499200028,88.8,19.400699687543106,329.2,-0.2641079187393188,0.45871659312067664,0.5875467836856842,0.047257364621644316
0.04875248452597775,1.5360943499200028,85.1,17.33812251312451,332.9,-0.2623018503189087,0.4594305472737886,0.5891962289810181,0.046459383424000515
0.051774045230092436,1.5360943499200028,83.5,17.09305538607863,334.5,-0.2780665814876556,0.49640115040427196,0.5912863910198212,0.046156547233321236
0.05479560593420711,1.5360943499200028,80.7,15.956895951764514,337.3,-0.27776198983192446,0.4956807356044524,0.5925154149532318,0.04579073149945245
0.057817166638321794,1.5360943499200028,78.0,13.764296389223185,340.0,-0.2811798334121704,0.4947827905410556,0.595739233493805,0.04657664498296545
0.06083872734243647,1.5360943499200028,77.7,13.896062358141565,340.3,-0.27842110991477964,0.49477466568059986,0.5961371243000031,0.0465556647285134
0.06386028804655115,1.5360943499200028,77.3,13.871490008554666,340.7,-0.28078524470329286,0.49408693213010973,0.5959082245826721,0.04672115491176068
0.06688184875066583,1.5360943499200028,77.1,13.774413477240547,340.9,-0.28062188625335693,0.49412367704485854,0.5961063265800476,0.046851433128044705
0.0699034094547805,1.5360943499200028,76.6,13.341400969328884,341.4,-0.2794347763061523,0.4945255525960397,0.5938193500041962,0.04577651109506076
0.0729249701588952,1.5360943499200028,71.7,13.39180906308649,346.3,-0.23020167350769044,0.38660868854062813,0.6010340213775635,0.042642866807853654
0.07594653086300987,1.5360943499200028,68.0,13.216368071648828,350.0,-0.21869918704032898,0.35219217062918345,0.6061372280120849,0.04347863600640934
0.07896809156712455,1.5360943499200028,62.9,11.507392854687913,355.1,-0.17500860691070558,0.2655234568194626,0.6121005773544311,0.042128108095638536
0.08198965227123924,1.5360943499200028,57.7,12.590868630177726,360.3,-0.17100961804389953,0.2467608547080002,0.6162648320198059,0.039667012885587806
0.08501121297535391,1.5360943499200028,47.5,17.981422318906873,370.5,-317.2395932674408,717.1370318063804,0.6203942358493805,0.03478201477192604
0.08803277367946859,1.5360943499200028,38.5,17.185944095390205,379.5,-1.3218428671360016,2.6350666740021897,0.6280794978141785,0.03391977993520089
0.09105433438358326,1.5360943499200028,34.2,17.87533630561925,383.8,-2.323476105928421,4.7540056532107435,0.6239611446857453,0.03597020710192807
0.09407589508769795,1.5360943499200028,27.1,16.590694835785612,390.9,-2.231994318962097,4.773802921665449,0.6279388010501862,0.03666612076441416
0.09709745579181263,1.5360943499200028,17.7,15.683745865248433,400.3,0.0013084888458251953,0.15272558769664468,0.6332487761974335,0.03794618757834679
0.1001190164959273,1.5360943499200028,13.2,14.282476794100747,404.8,-0.7940852105617523,1.7198420390880278,0.6367241263389587,0.037146520264543556
0.103140577200042,1.5360943499200028,11.4,14.359501801480565,406.6,-0.7901587843894958,1.720903567970487,0.636659461259842,0.03735583589030473
0.10616213790415667,1.5360943499200028,7.1,10.761836098759664,410.9,-0.06626336574554444,0.12295600518988505,0.6393166542053222,0.03688246298490592
0.10918369860827135,1.5360943499200028,6.1,9.880388459562106,411.9,-0.015429949760437012,0.0344692231637098,0.6360234916210175,0.03629407571158165
0.11220525931238602,1.5360943499200028,5.5,8.891745340766066,412.5,-0.015364420413970948,0.03448433413403134,0.6363140642642975,0.03634983488579615
0.11522682001650071,1.5360943499200028,4.2,6.884626313228043,413.8,-0.00028784871101379396,0.01103207188960754,0.6348010301589966,0.035917621974542124
0.11824838072061539,1.5360943499200028,0.8,1.8097257302832792,417.2,0.010011237859725953,0.02264699343341521,0.6351254403591156,0.03578670077271057
0.0004075132601428777,1.5739181742011383,417.4,1.3985588336774575,0.6000000000000227,0.637848436832428,0.035904516611789804,-0.2575030207633972,0.49318583425810136
0.0034290739642575574,1.5739181742011383,392.2,4.814138794570147,25.80000000000001,0.6494429051876068,0.03494102605733394,0.10939607620239258,0.17764025795408173
0.006450634668372237,1.5739181742011383,334.1,16.4219037904286,83.89999999999998,0.6745063662528992,0.04193662439005729,0.23692570328712464,0.0939115119894869
0.009472195372486917,1.5739181742011383,288.3,21.471434851992086,129.7,0.6962108790874482,0.04943215119121155,0.2643052339553833,0.0840463444601043
0.012493756076601597,1.5739181742011383,244.6,32.07019466294756,173.4,0.7281614303588867,0.05769478976884183,0.32272629737854003,0.11432523706378271
0.015515316780716276,1.5739181742011383,209.9,36.16850616322034,208.1,0.7286624133586883,0.08613608228077282,0.390873384475708,0.12420637130875022
0.018536877484830957,1.5739181742011383,189.0,36.172514725003246,229.0,0.7176323115825654,0.1230869104494441,0.42255022525787356,0.10610713600995679
0.021558438188945636,1.5739181742011383,170.9,34.21844538094822,247.1,0.6801831185817718,0.16727474335728088,0.4653886675834656,0.10323814806532407
0.024579998893060315,1.5739181742011383,148.4,36.221524738075246,269.6,0.6566321551799774,0.17462435194242903,0.5143415927886963,0.08109189592833894
0.027601559597174995,1.5739181742011383,128.7,30.098027263654842,289.3,0.578160285949707,0.23470334072011448,0.5398415982723236,0.07708840490281893
0.030623120301289674,1.5739181742011383,113.8,24.272523531573484,304.2,0.4190937101840973,0.3210545917752376,0.5549110233783722,0.06362352994320847
0.03364468100540435,1.5739181742011383,103.9,21.892077158376743,314.1,0.13056270480155946,0.47513762380617725,0.5697262585163116,0.05212530529204552
0.036666241709519036,1.5739181742011383,99.7,21.14858187974189,318.3,-0.10825629234313965,0.3942111058977341,0.5775486409664154,0.05479195803029337
0.03968780241363371,1.5739181742011383,98.0,21.648002256493754,320.0,-0.1002853512763977,0.36091197598042546,0.5804181814193725,0.052140338443176365
0.042709363117748395,1.5739181742011383,94.4,22.208603054642126,323.6,-0.19917612075805663,0.30981131149475766,0.5838627696037293,0.050185272588516724
0.04573092382186307,1.5739181742011383,88.8,19.400699687543106,329.2,-0.2641079187393188,0.45871659312067664,0.5875467836856842,0.047257364621644316
0.04875248452597775,1.5739181742011383,85.1,17.33812251312451,332.9,-0.2623018503189087,0.4594305472737886,0.5891962289810181,0.046459383424000515
0.051774045230092436,1.5739181742011383,83.5,17.09305538607863,334.5,-0.2780665814876556,0.49640115040427196,0.5912863910198212,0.046156547233321236
0.05479560593420711,1.5739181742011383,80.7,15.956895951764514,337.3,-0.27776198983192446,0.4956807356044524,0.5925154149532318,0.04579073149945245
0.057817166638321794,1.5739181742011383,78.0,13.764296389223185,340.0,-0.2811798334121704,0.4947827905410556,0.595739233493805,0.04657664498296545
0.06083872734243647,1.5739181742011383,77.7,13.896062358141565,340.3,-0.27842110991477964,0.49477466568059986,0.5961371243000031,0.0465556647285134
0.06386028804655115,1.5739181742011383,77.3,13.871490008554666,340.7,-0.28078524470329286,0.49408693213010973,0.5959082245826721,0.04672115491176068
0.06688184875066583,1.5739181742011383,77.1,13.774413477240547,340.9,-0.28062188625335693,0.49412367704485854,0.5961063265800476,0.046851433128044705
0.0699034094547805,1.5739181742011383,76.6,13.341400969328884,341.4,-0.2794347763061523,0.4945255525960397,0.5938193500041962,0.04577651109506076
0.0729249701588952,1.5739181742011383,71.7,13.39180906308649,346.3,-0.23020167350769044,0.38660868854062813,0.6010340213775635,0.042642866807853654
0.07594653086300987,1.5739181742011383,68.0,13.216368071648828,350.0,-0.21869918704032898,0.35219217062918345,0.6061372280120849,0.04347863600640934
0.07896809156712455,1.5739181742011383,62.9,11.507392854687913,355.1,-0.17500860691070558,0.2655234568194626,0.6121005773544311,0.042128108095638536
0.08198965227123924,1.5739181742011383,57.7,12.590868630177726,360.3,-0.17100961804389953,0.2467608547080002,0.6162648320198059,0.039667012885587806
0.08501121297535391,1.5739181742011383,47.5,17.981422318906873,370.5,-317.2395932674408,717.1370318063804,0.6203942358493805,0.03478201477192604
0.08803277367946859,1.5739181742011383,38.5,17.185944095390205,379.5,-1.3218428671360016,2.6350666740021897,0.6280794978141785,0.03391977993520089
0.09105433438358326,1.5739181742011383,34.2,17.87533630561925,383.8,-2.323476105928421,4.7540056532107435,0.6239611446857453,0.03597020710192807
0.09407589508769795,1.5739181742011383,27.1,16.590694835785612,390.9,-2.231994318962097,4.773802921665449,0.6279388010501862,0.03666612076441416
0.09709745579181263,1.5739181742011383,17.7,15.683745865248433,400.3,0.0013084888458251953,0.15272558769664468,0.6332487761974335,0.03794618757834679
0.1001190164959273,1.5739181742011383,13.2,14.282476794100747,404.8,-0.7940852105617523,1.7198420390880278,0.6367241263389587,0.037146520264543556
0.103140577200042,1.5739181742011383,11.4,14.359501801480565,406.6,-0.7901587843894958,1.720903567970487,0.636659461259842,0.03735583589030473
0.10616213790415667,1.5739181742011383,7.1,10.761836098759664,410.9,-0.06626336574554444,0.12295600518988505,0.6393166542053222,0.03688246298490592
0.10918369860827135,1.5739181742011383,6.1,9.880388459562106,411.9,-0.015429949760437012,0.0344692231637098,0.6360234916210175,0.03629407571158165
0.11220525931238602,1.5739181742011383,5.5,8.891745340766066,412.5,-0.015364420413970948,0.03448433413403134,0.6363140642642975,0.03634983488579615
0.11522682001650071,1.5739181742011383,4.2,6.884626313228043,413.8,-0.00028784871101379396,0.01103207188960754,0.6348010301589966,0.035917621974542124
0.11824838072061539,1.5739181742011383,0.8,1.8097257302832792,417.2,0.010011237859725953,0.02264699343341521,0.6351254403591156,0.03578670077271057
0.0004075132601428777,1.6117419984822738,418.2,0.5642811372291082,-0.19999999999998863,0.6365131795406341,0.03552371940935052,-0.24354517459869385,0.5509374611969875
0.0034290739642575574,1.6117419984822738,392.3,4.864076282930492,25.69999999999999,0.6490591406822205,0.03443060628085518,0.0945107877254486,0.17599532782558316
0.006450634668372237,1.6117419984822738,334.1,16.4219037904286,83.89999999999998,0.6745063662528992,0.04193662439005729,0.23692570328712464,0.0939115119894869
0.009472195372486917,1.6117419984822738,288.3,21.471434851992086,129.7,0.6962108790874482,0.04943215119121155,0.2643052339553833,0.0840463444601043
0.012493756076601597,1.6117419984822738,244.6,32.07019466294756,173.4,0.7281614303588867,0.05769478976884183,0.32272629737854003,0.11432523706378271
0.015515316780716276,1.6117419984822738,209.9,36.16850616322034,208.1,0.7286624133586883,0.08613608228077282,0.390873384475708,0.12420637130875022
0.018536877484830957,1.6117419984822738,189.0,36.172514725003246,229.0,0.7176323115825654,0.1230869104494441,0.42255022525787356,0.10610713600995679
0.021558438188945636,1.6117419984822738,170.9,34.21844538094822,247.1,0.6801831185817718,0.16727474335728088,0.4653886675834656,0.10323814806532407
0.024579998893060315,1.6117419984822738,148.4,36.221524738075246,269.6,0.6566321551799774,0.17462435194242903,0.5143415927886963,0.08109189592833894
0.027601559597174995,1.6117419984822738,128.7,30.098027263654842,289.3,0.578160285949707,0.23470334072011448,0.5398415982723236,0.07708840490281893
0.030623120301289674,1.6117419984822738,113.8,24.272523531573484,304.2,0.4190937101840973,0.3210545917752376,0.5549110233783722,0.06362352994320847
0.03364468100540435,1.6117419984822738,103.9,21.892077158376743,314.1,0.13056270480155946,0.47513762380617725,0.5697262585163116,0.05212530529204552
0.036666241709519036,1.6117419984822738,99.7,21.14858187974189,318.3,-0.10825629234313965,0.3942111058977341,0.5775486409664154,0.05479195803029337
0.03968780241363371,1.6117419984822738,98.0,21.648002256493754,320.0,-0.1002853512763977,0.36091197598042546,0.5804181814193725,0.052140338443176365
0.042709363117748395,1.6117419984822738,94.4,22.208603054642126,323.6,-0.19917612075805663,0.30981131149475766,0.5838627696037293,0.050185272588516724
0.04573092382186307,1.6117419984822738,88.8,19.400699687543106,329.2,-0.2641079187393188,0.45871659312067664,0.5875467836856842,0.047257364621644316
0.04875248452597775,1.6117419984822738,85.1,17.33812251312451,332.9,-0.2623018503189087,0.4594305472737886,0.5891962289810181,0.046459383424000515
0.051774045230092436,1.6117419984822738,83.5,17.09305538607863,334.5,-0.2780665814876556,0.49640115040427196,0.5912863910198212,0.046156547233321236
0.05479560593420711,1.6117419984822738,80.7,15.956895951764514,337.3,-0.27776198983192446,0.4956807356044524,0.5925154149532318,0.04579073149945245
0.057817166638321794,1.6117419984822738,78.0,13.764296389223185,340.0,-0.2811798334121704,0.4947827905410556,0.595739233493805,0.04657664498296545
0.06083872734243647,1.6117419984822738,77.7,13.896062358141565,340.3,-0.27842110991477964,0.49477466568059986,0.5961371243000031,0.0465556647285134
0.06386028804655115,1.6117419984822738,77.3,13.871490008554666,340.7,-0.28078524470329286,0.49408693213010973,0.5959082245826721,0.04672115491176068
0.06688184875066583,1.6117419984822738,77.1,13.774413477240547,340.9,-0.28062188625335693,0.49412367704485854,0.5961063265800476,0.046851433128044705
0.0699034094547805,1.6117419984822738,76.6,13.341400969328884,341.4,-0.2794347763061523,0.4945255525960397,0.5938193500041962,0.04577651109506076
0.0729249701588952,1.6117419984822738,71.7,13.39180906308649,346.3,-0.23020167350769044,0.38660868854062813,0.6010340213775635,0.042642866807853654
0.07594653086300987,1.6117419984822738,68.0,13.216368071648828,350.0,-0.21869918704032898,0.35219217062918345,0.6061372280120849,0.04347863600640934
0.07896809156712455,1.6117419984822738,62.9,11.507392854687913,355.1,-0.17500860691070558,0.2655234568194626,0.6121005773544311,0.042128108095638536
0.08198965227123924,1.6117419984822738,57.7,12.590868630177726,360.3,-0.17100961804389953,0.2467608547080002,0.6162648320198059,0.039667012885587806
0.08501121297535391,1.6117419984822738,47.5,17.981422318906873,370.5,-317.2395932674408,717.1370318063804,0.6203942358493805,0.03478201477192604
0.08803277367946859,1.6117419984822738,38.5,17.185944095390205,379.5,-1.3218428671360016,2.6350666740021897,0.6280794978141785,0.03391977993520089
0.09105433438358326,1.6117419984822738,34.2,17.87533630561925,383.8,-2.323476105928421,4.7540056532107435,0.6239611446857453,0.03597020710192807
0.09407589508769795,1.6117419984822738,27.1,16.590694835785612,390.9,-2.231994318962097,4.773802921665449,0.6279388010501862,0.03666612076441416
0.09709745579181263,1.6117419984822738,17.7,15.683745865248433,400.3,0.0013084888458251953,0.15272558769664468,0.6332487761974335,0.03794618757834679
0.1001190164959273,1.6117419984822738,13.2,14.282476794100747,404.8,-0.7940852105617523,1.7198420390880278,0.6367241263389587,0.037146520264543556
0.103140577200042,1.6117419984822738,11.4,14.359501801480565,406.6,-0.7901587843894958,1.720903567970487,0.636659461259842,0.03735583589030473
0.10616213790415667,1.6117419984822738,7.1,10.761836098759664,410.9,-0.06626336574554444,0.12295600518988505,0.6393166542053222,0.03688246298490592
0.10918369860827135,1.6117419984822738,6.1,9.880388459562106,411.9,-0.015429949760437012,0.0344692231637098,0.6360234916210175,0.03629407571158165
0.11220525931238602,1.6117419984822738,5.5,8.891745340766066,412.5,-0.015364420413970948,0.03448433413403134,0.6363140642642975,0.03634983488579615
0.11522682001650071,1.6117419984822738,4.2,6.884626313228043,413.8,-0.00028784871101379396,0.01103207188960754,0.6348010301589966,0.035917621974542124
0.11824838072061539,1.6117419984822738,0.8,1.8097257302832792,417.2,0.010011237859725953,0.02264699343341521,0.6351254403591156,0.03578670077271057
0.0004075132601428777,1.6495658227634096,418.5,0.37702619380901653,-0.5,0.6359489560127258,0.03574809963939682,0.0,0.0
0.0034290739642575574,1.6495658227634096,392.4,4.935444249527293,25.600000000000023,0.6490620493888855,0.03442824988218751,0.09315523505210876,0.17431365468557247
0.006450634668372237,1.6495658227634096,334.1,16.4219037904286,83.89999999999998,0.6745063662528992,0.04193662439005729,0.23692570328712464,0.0939115119894869
0.009472195372486917,1.6495658227634096,288.3,21.471434851992086,129.7,0.6962108790874482,0.04943215119121155,0.2643052339553833,0.0840463444601043
0.012493756076601597,1.6495658227634096,244.6,32.07019466294756,173.4,0.7281614303588867,0.05769478976884183,0.32272629737854003,0.11432523706378271
0.015515316780716276,1.6495658227634096,209.9,36.16850616322034,208.1,0.7286624133586883,0.08613608228077282,0.390873384475708,0.12420637130875022
0.018536877484830957,1.6495658227634096,189.0,36.172514725003246,229.0,0.7176323115825654,0.1230869104494441,0.42255022525787356,0.10610713600995679
0.021558438188945636,1.6495658227634096,170.9,34.21844538094822,247.1,0.6801831185817718,0.16727474335728088,0.4653886675834656,0.10323814806532407
0.024579998893060315,1.6495658227634096,148.4,36.221524738075246,269.6,0.6566321551799774,0.17462435194242903,0.5143415927886963,0.08109189592833894
0.027601559597174995,1.6495658227634096,128.7,30.098027263654842,289.3,0.578160285949707,0.23470334072011448,0.5398415982723236,0.07708840490281893
0.030623120301289674,1.6495658227634096,113.8,24.272523531573484,304.2,0.4190937101840973,0.3210545917752376,0.5549110233783722,0.06362352994320847
0.03364468100540435,1.6495658227634096,103.9,21.892077158376743,314.1,0.13056270480155946,0.47513762380617725,0.5697262585163116,0.05212530529204552
0.036666241709519036,1.6495658227634096,99.7,21.14858187974189,318.3,-0.10825629234313965,0.3942111058977341,0.5775486409664154,0.05479195803029337
0.03968780241363371,1.6495658227634096,98.0,21.648002256493754,320.0,-0.1002853512763977,0.36091197598042546,0.5804181814193725,0.052140338443176365
0.042709363117748395,1.6495658227634096,94.4,22.208603054642126,323.6,-0.19917612075805663,0.30981131149475766,0.5838627696037293,0.050185272588516724
0.04573092382186307,1.6495658227634096,88.8,19.400699687543106,329.2,-0.2641079187393188,0.45871659312067664,0.5875467836856842,0.047257364621644316
0.04875248452597775,1.6495658227634096,85.1,17.33812251312451,332.9,-0.2623018503189087,0.4594305472737886,0.5891962289810181,0.046459383424000515
0.051774045230092436,1.6495658227634096,83.5,17.09305538607863,334.5,-0.2780665814876556,0.49640115040427196,0.5912863910198212,0.046156547233321236
0.05479560593420711,1.6495658227634096,80.7,15.956895951764514,337.3,-0.27776198983192446,0.4956807356044524,0.5925154149532318,0.04579073149945245
0.057817166638321794,1.6495658227634096,78.0,13.764296389223185,340.0,-0.2811798334121704,0.4947827905410556,0.595739233493805,0.04657664498296545
0.06083872734243647,1.6495658227634096,77.7,13.896062358141565,340.3,-0.27842110991477964,0.49477466568059986,0.5961371243000031,0.0465556647285134
0.06386028804655115,1.6495658227634096,77.3,13.871490008554666,340.7,-0.28078524470329286,0.49408693213010973,0.5959082245826721,0.04672115491176068
0.06688184875066583,1.6495658227634096,77.1,13.774413477240547,340.9,-0.28062188625335693,0.49412367704485854,0.5961063265800476,0.046851433128044705
0.0699034094547805,1.6495658227634096,76.6,13.341400969328884,341.4,-0.2794347763061523,0.4945255525960397,0.5938193500041962,0.04577651109506076
0.0729249701588952,1.6495658227634096,71.7,13.39180906308649,346.3,-0.23020167350769044,0.38660868854062813,0.6010340213775635,0.042642866807853654
0.07594653086300987,1.6495658227634096,68.0,13.216368071648828,350.0,-0.21869918704032898,0.35219217062918345,0.6061372280120849,0.04347863600640934
0.07896809156712455,1.6495658227634096,62.9,11.507392854687913,355.1,-0.17500860691070558,0.2655234568194626,0.6121005773544311,0.042128108095638536
0.08198965227123924,1.6495658227634096,57.7,12.590868630177726,360.3,-0.17100961804389953,0.2467608547080002,0.6162648320198059,0.039667012885587806
0.08501121297535391,1.6495658227634096,47.5,17.981422318906873,370.5,-317.2395932674408,717.1370318063804,0.6203942358493805,0.03478201477192604
0.08803277367946859,1.6495658227634096,38.5,17.185944095390205,379.5,-1.3218428671360016,2.6350666740021897,0.6280794978141785,0.03391977993520089
0.09105433438358326,1.6495658227634096,34.2,17.87533630561925,383.8,-2.323476105928421,4.7540056532107435,0.6239611446857453,0.03597020710192807
0.09407589508769795,1.6495658227634096,27.1,16.590694835785612,390.9,-2.231994318962097,4.773802921665449,0.6279388010501862,0.03666612076441416
0.09709745579181263,1.6495658227634096,17.7,15.683745865248433,400.3,0.0013084888458251953,0.15272558769664468,0.6332487761974335,0.03794618757834679
0.1001190164959273,1.6495658227634096,13.2,14.282476794100747,404.8,-0.7940852105617523,1.7198420390880278,0.6367241263389587,0.037146520264543556
0.103140577200042,1.6495658227634096,11.4,14.359501801480565,406.6,-0.7901587843894958,1.720903567970487,0.636659461259842,0.03735583589030473
0.10616213790415667,1.6495658227634096,7.1,10.761836098759664,410.9,-0.06626336574554444,0.12295600518988505,0.6393166542053222,0.03688246298490592
0.10918369860827135,1.6495658227634096,6.1,9.880388459562106,411.9,-0.015429949760437012,0.0344692231637098,0.6360234916210175,0.03629407571158165
0.11220525931238602,1.6495658227634096,5.5,8.891745340766066,412.5,-0.015364420413970948,0.03448433413403134,0.6363140642642975,0.03634983488579615
0.11522682001650071,1.6495658227634096,4.2,6.884626313228043,413.8,-0.00028784871101379396,0.01103207188960754,0.6348010301589966,0.035917621974542124
0.11824838072061539,1.6495658227634096,0.8,1.8097257302832792,417.2,0.010011237859725953,0.02264699343341521,0.6351254403591156,0.03578670077271057
0.0004075132601428777,1.687389647044545,418.7,0.34555021442218187,-0.6999999999999886,0.635667759180069,0.03577930791506133,0.0,0.0
0.0034290739642575574,1.687389647044545,392.5,4.854715530867213,25.5,0.6490403294563294,0.03440812698010993,0.0940917670726776,0.17324208501724758
0.006450634668372237,1.687389647044545,334.1,16.4219037904286,83.89999999999998,0.6745063662528992,0.04193662439005729,0.23692570328712464,0.0939115119894869
0.009472195372486917,1.687389647044545,288.3,21.471434851992086,129.7,0.6962108790874482,0.04943215119121155,0.2643052339553833,0.0840463444601043
0.012493756076601597,1.687389647044545,244.6,32.07019466294756,173.4,0.7281614303588867,0.05769478976884183,0.32272629737854003,0.11432523706378271
0.015515316780716276,1.687389647044545,209.9,36.16850616322034,208.1,0.7286624133586883,0.08613608228077282,0.390873384475708,0.12420637130875022
0.018536877484830957,1.687389647044545,189.0,36.172514725003246,229.0,0.7176323115825654,0.1230869104494441,0.42255022525787356,0.10610713600995679
0.021558438188945636,1.687389647044545,170.9,34.21844538094822,247.1,0.6801831185817718,0.16727474335728088,0.4653886675834656,0.10323814806532407
0.024579998893060315,1.687389647044545,148.4,36.221524738075246,269.6,0.6566321551799774,0.17462435194242903,0.5143415927886963,0.08109189592833894
0.027601559597174995,1.687389647044545,128.7,30.098027263654842,289.3,0.578160285949707,0.23470334072011448,0.5398415982723236,0.07708840490281893
0.030623120301289674,1.687389647044545,113.8,24.272523531573484,304.2,0.4190937101840973,0.3210545917752376,0.5549110233783722,0.06362352994320847
0.03364468100540435,1.687389647044545,103.9,21.892077158376743,314.1,0.13056270480155946,0.47513762380617725,0.5697262585163116,0.05212530529204552
0.036666241709519036,1.687389647044545,99.7,21.14858187974189,318.3,-0.10825629234313965,0.3942111058977341,0.5775486409664154,0.05479195803029337
0.03968780241363371,1.687389647044545,98.0,21.648002256493754,320.0,-0.1002853512763977,0.36091197598042546,0.5804181814193725,0.052140338443176365
0.042709363117748395,1.687389647044545,94.4,22.208603054642126,323.6,-0.19917612075805663,0.30981131149475766,0.5838627696037293,0.050185272588516724
0.04573092382186307,1.687389647044545,88.8,19.400699687543106,329.2,-0.2641079187393188,0.45871659312067664,0.5875467836856842,0.047257364621644316
0.04875248452597775,1.687389647044545,85.1,17.33812251312451,332.9,-0.2623018503189087,0.4594305472737886,0.5891962289810181,0.046459383424000515
0.051774045230092436,1.687389647044545,83.5,17.09305538607863,334.5,-0.2780665814876556,0.49640115040427196,0.5912863910198212,0.046156547233321236
0.05479560593420711,1.687389647044545,80.7,15.956895951764514,337.3,-0.27776198983192446,0.4956807356044524,0.5925154149532318,0.04579073149945245
0.057817166638321794,1.687389647044545,78.0,13.764296389223185,340.0,-0.2811798334121704,0.4947827905410556,0.595739233493805,0.04657664498296545
0.06083872734243647,1.687389647044545,77.7,13.896062358141565,340.3,-0.27842110991477964,0.49477466568059986,0.5961371243000031,0.0465556647285134
0.06386028804655115,1.687389647044545,77.3,13.871490008554666,340.7,-0.28078524470329286,0.49408693213010973,0.5959082245826721,0.04672115491176068
0.06688184875066583,1.687389647044545,77.1,13.774413477240547,340.9,-0.28062188625335693,0.49412367704485854,0.5961063265800476,0.046851433128044705
0.0699034094547805,1.687389647044545,76.6,13.341400969328884,341.4,-0.2794347763061523,0.4945255525960397,0.5938193500041962,0.04577651109506076
0.0729249701588952,1.687389647044545,71.7,13.39180906308649,346.3,-0.23020167350769044,0.38660868854062813,0.6010340213775635,0.042642866807853654
0.07594653086300987,1.687389647044545,68.0,13.216368071648828,350.0,-0.21869918704032898,0.35219217062918345,0.6061372280120849,0.04347863600640934
0.07896809156712455,1.687389647044545,62.9,11.507392854687913,355.1,-0.17500860691070558,0.2655234568194626,0.6121005773544311,0.042128108095638536
0.08198965227123924,1.687389647044545,57.7,12.590868630177726,360.3,-0.17100961804389953,0.2467608547080002,0.6162648320198059,0.039667012885587806
0.08501121297535391,1.687389647044545,47.5,17.981422318906873,370.5,-317.2395932674408,717.1370318063804,0.6203942358493805,0.03478201477192604
0.08803277367946859,1.687389647044545,38.5,17.185944095390205,379.5,-1.3218428671360016,2.6350666740021897,0.6280794978141785,0.03391977993520089
0.09105433438358326,1.687389647044545,34.2,17.87533630561925,383.8,-2.323476105928421,4.7540056532107435,0.6239611446857453,0.03597020710192807
0.09407589508769795,1.687389647044545,27.1,16.590694835785612,390.9,-2.231994318962097,4.773802921665449,0.6279388010501862,0.03666612076441416
0.09709745579181263,1.687389647044545,17.7,15.683745865248433,400.3,0.0013084888458251953,0.15272558769664468,0.6332487761974335,0.03794618757834679
0.1001190164959273,1.687389647044545,13.2,14.282476794100747,404.8,-0.7940852105617523,1.7198420390880278,0.6367241263389587,0.037146520264543556
0.103140577200042,1.687389647044545,11.4,14.359501801480565,406.6,-0.7901587843894958,1.720903567970487,0.636659461259842,0.03735583589030473
0.10616213790415667,1.687389647044545,7.1,10.761836098759664,410.9,-0.06626336574554444,0.12295600518988505,0.6393166542053222,0.03688246298490592
0.10918369860827135,1.687389647044545,6.1,9.880388459562106,411.9,-0.015429949760437012,0.0344692231637098,0.6360234916210175,0.03629407571158165
0.11220525931238602,1.687389647044545,5.5,8.891745340766066,412.5,-0.015364420413970948,0.03448433413403134,0.6363140642642975,0.03634983488579615
0.11522682001650071,1.687389647044545,4.2,6.884626313228043,413.8,-0.00028784871101379396,0.01103207188960754,0.6348010301589966,0.035917621974542124
0.11824838072061539,1.687389647044545,0.8,1.8097257302832792,417.2,0.010011237859725953,0.02264699343341521,0.6351254403591156,0.03578670077271057
