rho_th,IA_th,count_in,count_in_CI,count_out,r2_in,r2in_CI,r2_out,r2out_CI
0.1070171594619751,0.556441580113637,0.4,0.9048628651416396,417.6,0.05635493993759155,0.12748373104203525,0.6352003216743469,0.036379207896408826
0.11967113079168858,0.556441580113637,0.4,0.9048628651416396,417.6,0.05635493993759155,0.12748373104203525,0.6352003216743469,0.036379207896408826
0.13232510212140206,0.556441580113637,0.4,0.9048628651416396,417.6,0.05635493993759155,0.12748373104203525,0.6352003216743469,0.036379207896408826
0.14497907345111555,0.556441580113637,0.4,0.9048628651416396,417.6,0.05635493993759155,0.12748373104203525,0.6352003216743469,0.036379207896408826
0.157633044780829,0.556441580113637,0.4,0.9048628651416396,417.6,0.05635493993759155,0.12748373104203525,0.6352003216743469,0.036379207896408826
0.17028701611054248,0.556441580113637,0.4,0.9048628651416396,417.6,0.05635493993759155,0.12748373104203525,0.6352003216743469,0.036379207896408826
0.18294098744025597,0.556441580113637,0.4,0.9048628651416396,417.6,0.05635493993759155,0.12748373104203525,0.6352003216743469,0.036379207896408826
0.19559495876996946,0.556441580113637,0.4,0.9048628651416396,417.6,0.05635493993759155,0.12748373104203525,0.6352003216743469,0.036379207896408826
0.20824893009968293,0.556441580113637,0.4,0.9048628651416396,417.6,0.05635493993759155,0.12748373104203525,0.6352003216743469,0.036379207896408826
0.2209029014293964,0.556441580113637,0.4,0.9048628651416396,417.6,0.05635493993759155,0.12748373104203525,0.6352003216743469,0.036379207896408826
0.23355687275910988,0.556441580113637,0.4,0.9048628651416396,417.6,0.05635493993759155,0.12748373104203525,0.6352003216743469,0.036379207896408826
0.24621084408882338,0.556441580113637,0.4,0.9048628651416396,417.6,0.05635493993759155,0.12748373104203525,0.6352003216743469,0.036379207896408826
0.25886481541853684,0.556441580113637,0.4,0.9048628651416396,417.6,0.05635493993759155,0.12748373104203525,0.6352003216743469,0.036379207896408826
0.2715187867482503,0.556441580113637,0.4,0.9048628651416396,417.6,0.05635493993759155,0.12748373104203525,0.6352003216743469,0.036379207896408826
0.2841727580779638,0.556441580113637,0.4,0.9048628651416396,417.6,0.05635493993759155,0.12748373104203525,0.6352003216743469,0.036379207896408826
0.2968267294076773,0.556441580113637,0.4,0.9048628651416396,417.6,0.05635493993759155,0.12748373104203525,0.6352003216743469,0.036379207896408826
0.30948070073739076,0.556441580113637,0.4,0.9048628651416396,417.6,0.05635493993759155,0.12748373104203525,0.6352003216743469,0.036379207896408826
0.3221346720671042,0.556441580113637,0.4,0.9048628651416396,417.6,0.05635493993759155,0.12748373104203525,0.6352003216743469,0.036379207896408826
0.3347886433968177,0.556441580113637,0.4,0.9048628651416396,417.6,0.05635493993759155,0.12748373104203525,0.6352003216743469,0.036379207896408826
0.3474426147265312,0.556441580113637,0.4,0.9048628651416396,417.6,0.05635493993759155,0.12748373104203525,0.6352003216743469,0.036379207896408826
0.36009658605624467,0.556441580113637,0.4,0.9048628651416396,417.6,0.05635493993759155,0.12748373104203525,0.6352003216743469,0.036379207896408826
0.37275055738595814,0.556441580113637,0.4,0.9048628651416396,417.6,0.05635493993759155,0.12748373104203525,0.6352003216743469,0.036379207896408826
0.38540452871567166,0.556441580113637,0.4,0.9048628651416396,417.6,0.05635493993759155,0.12748373104203525,0.6352003216743469,0.036379207896408826
0.3980585000453851,0.556441580113637,0.4,0.9048628651416396,417.6,0.05635493993759155,0.12748373104203525,0.6352003216743469,0.036379207896408826
0.4107124713750986,0.556441580113637,0.4,0.9048628651416396,417.6,0.05635493993759155,0.12748373104203525,0.6352003216743469,0.036379207896408826
0.42336644270481205,0.556441580113637,0.4,0.9048628651416396,417.6,0.05635493993759155,0.12748373104203525,0.6352003216743469,0.036379207896408826
0.4360204140345255,0.556441580113637,0.0,0.0,418.0,0.0,0.0,0.635667759180069,0.03577930791506133
0.44867438536423904,0.556441580113637,0.0,0.0,418.0,0.0,0.0,0.635667759180069,0.03577930791506133
0.4613283566939525,0.556441580113637,0.0,0.0,418.0,0.0,0.0,0.635667759180069,0.03577930791506133
0.47398232802366597,0.556441580113637,0.0,0.0,418.0,0.0,0.0,0.635667759180069,0.03577930791506133
0.4866362993533795,0.556441580113637,0.0,0.0,418.0,0.0,0.0,0.635667759180069,0.03577930791506133
0.49929027068309295,0.556441580113637,0.0,0.0,418.0,0.0,0.0,0.635667759180069,0.03577930791506133
0.5119442420128064,0.556441580113637,0.0,0.0,418.0,0.0,0.0,0.635667759180069,0.03577930791506133
0.5245982133425199,0.556441580113637,0.0,0.0,418.0,0.0,0.0,0.635667759180069,0.03577930791506133
0.5372521846722333,0.556441580113637,0.0,0.0,418.0,0.0,0.0,0.635667759180069,0.03577930791506133
0.5499061560019469,0.556441580113637,0.0,0.0,418.0,0.0,0.0,0.635667759180069,0.03577930791506133
0.5625601273316603,0.556441580113637,0.0,0.0,418.0,0.0,0.0,0.635667759180069,0.03577930791506133
0.5752140986613739,0.556441580113637,0.0,0.0,418.0,0.0,0.0,0.635667759180069,0.03577930791506133
0.5878680699910873,0.556441580113637,0.0,0.0,418.0,0.0,0.0,0.635667759180069,0.03577930791506133
0.6005220413208008,0.556441580113637,0.0,0.0,418.0,0.0,0.0,0.635667759180069,0.03577930791506133
0.1070171594619751,0.577309618804813,10.8,24.43129735882427,407.2,0.006520092487335205,0.014749473922696533,0.6195365607738494,0.06377339921208933
0.11967113079168858,0.577309618804813,10.8,24.43129735882427,407.2,0.006520092487335205,0.014749473922696533,0.6195365607738494,0.06377339921208933
0.13232510212140206,0.577309618804813,10.8,24.43129735882427,407.2,0.006520092487335205,0.014749473922696533,0.6195365607738494,0.06377339921208933
0.14497907345111555,0.577309618804813,10.8,24.43129735882427,407.2,0.006520092487335205,0.014749473922696533,0.6195365607738494,0.06377339921208933
0.157633044780829,0.577309618804813,10.8,24.43129735882427,407.2,0.006520092487335205,0.014749473922696533,0.6195365607738494,0.06377339921208933
0.17028701611054248,0.577309618804813,10.8,24.43129735882427,407.2,0.006520092487335205,0.014749473922696533,0.6195365607738494,0.06377339921208933
0.18294098744025597,0.577309618804813,10.8,24.43129735882427,407.2,0.006520092487335205,0.014749473922696533,0.6195365607738494,0.06377339921208933
0.19559495876996946,0.577309618804813,10.8,24.43129735882427,407.2,0.006520092487335205,0.014749473922696533,0.6195365607738494,0.06377339921208933
0.20824893009968293,0.577309618804813,10.8,24.43129735882427,407.2,0.006520092487335205,0.014749473922696533,0.6195365607738494,0.06377339921208933
0.2209029014293964,0.577309618804813,10.8,24.43129735882427,407.2,0.006520092487335205,0.014749473922696533,0.6195365607738494,0.06377339921208933
0.23355687275910988,0.577309618804813,10.8,24.43129735882427,407.2,0.006520092487335205,0.014749473922696533,0.6195365607738494,0.06377339921208933
0.24621084408882338,0.577309618804813,10.8,24.43129735882427,407.2,0.006520092487335205,0.014749473922696533,0.6195365607738494,0.06377339921208933
0.25886481541853684,0.577309618804813,10.8,24.43129735882427,407.2,0.006520092487335205,0.014749473922696533,0.6195365607738494,0.06377339921208933
0.2715187867482503,0.577309618804813,10.8,24.43129735882427,407.2,0.006520092487335205,0.014749473922696533,0.6195365607738494,0.06377339921208933
0.2841727580779638,0.577309618804813,10.8,24.43129735882427,407.2,0.006520092487335205,0.014749473922696533,0.6195365607738494,0.06377339921208933
0.2968267294076773,0.577309618804813,10.8,24.43129735882427,407.2,0.006520092487335205,0.014749473922696533,0.6195365607738494,0.06377339921208933
0.30948070073739076,0.577309618804813,10.8,24.43129735882427,407.2,0.006520092487335205,0.014749473922696533,0.6195365607738494,0.06377339921208933
0.3221346720671042,0.577309618804813,10.8,24.43129735882427,407.2,0.006520092487335205,0.014749473922696533,0.6195365607738494,0.06377339921208933
0.3347886433968177,0.577309618804813,10.8,24.43129735882427,407.2,0.006520092487335205,0.014749473922696533,0.6195365607738494,0.06377339921208933
0.3474426147265312,0.577309618804813,10.8,24.43129735882427,407.2,0.006520092487335205,0.014749473922696533,0.6195365607738494,0.06377339921208933
0.36009658605624467,0.577309618804813,10.8,24.43129735882427,407.2,0.006520092487335205,0.014749473922696533,0.6195365607738494,0.06377339921208933
0.37275055738595814,0.577309618804813,10.8,24.43129735882427,407.2,0.006520092487335205,0.014749473922696533,0.6195365607738494,0.06377339921208933
0.38540452871567166,0.577309618804813,10.8,24.43129735882427,407.2,0.006520092487335205,0.014749473922696533,0.6195365607738494,0.06377339921208933
0.3980585000453851,0.577309618804813,10.8,24.43129735882427,407.2,0.006520092487335205,0.014749473922696533,0.6195365607738494,0.06377339921208933
0.4107124713750986,0.577309618804813,10.8,24.43129735882427,407.2,0.006520092487335205,0.014749473922696533,0.6195365607738494,0.06377339921208933
0.42336644270481205,0.577309618804813,10.8,24.43129735882427,407.2,0.006520092487335205,0.014749473922696533,0.6195365607738494,0.06377339921208933
0.4360204140345255,0.577309618804813,10.4,23.52643449368263,407.6,0.00625959038734436,0.014160177231263709,0.6211238026618957,0.060619266444483996
0.44867438536423904,0.577309618804813,8.6,19.45455160054526,409.4,0.005278128385543823,0.011939955933821501,0.6270655333995819,0.04934452455294534
0.4613283566939525,0.577309618804813,5.4,12.215648679412135,412.6,0.001021420955657959,0.002310614731130931,0.6339951872825622,0.03801796059209171
0.47398232802366597,0.577309618804813,0.0,0.0,418.0,0.0,0.0,0.635667759180069,0.03577930791506133
0.4866362993533795,0.577309618804813,0.0,0.0,418.0,0.0,0.0,0.635667759180069,0.03577930791506133
0.49929027068309295,0.577309618804813,0.0,0.0,418.0,0.0,0.0,0.635667759180069,0.03577930791506133
0.5119442420128064,0.577309618804813,0.0,0.0,418.0,0.0,0.0,0.635667759180069,0.03577930791506133
0.5245982133425199,0.577309618804813,0.0,0.0,418.0,0.0,0.0,0.635667759180069,0.03577930791506133
0.5372521846722333,0.577309618804813,0.0,0.0,418.0,0.0,0.0,0.635667759180069,0.03577930791506133
0.5499061560019469,0.577309618804813,0.0,0.0,418.0,0.0,0.0,0.635667759180069,0.03577930791506133
0.5625601273316603,0.577309618804813,0.0,0.0,418.0,0.0,0.0,0.635667759180069,0.03577930791506133
0.5752140986613739,0.577309618804813,0.0,0.0,418.0,0.0,0.0,0.635667759180069,0.03577930791506133
0.5878680699910873,0.577309618804813,0.0,0.0,418.0,0.0,0.0,0.635667759180069,0.03577930791506133
0.6005220413208008,0.577309618804813,0.0,0.0,418.0,0.0,0.0,0.635667759180069,0.03577930791506133
0.1070171594619751,0.5981776574959891,40.7,39.2890239231531,377.3,-0.031487423181533816,0.09422616369523255,0.6037397801876068,0.06333546692525376
0.11967113079168858,0.5981776574959891,40.7,39.2890239231531,377.3,-0.031487423181533816,0.09422616369523255,0.6037397801876068,0.06333546692525376
0.13232510212140206,0.5981776574959891,40.7,39.2890239231531,377.3,-0.031487423181533816,0.09422616369523255,0.6037397801876068,0.06333546692525376
0.14497907345111555,0.5981776574959891,40.7,39.2890239231531,377.3,-0.031487423181533816,0.09422616369523255,0.6037397801876068,0.06333546692525376
0.157633044780829,0.5981776574959891,40.7,39.2890239231531,377.3,-0.031487423181533816,0.09422616369523255,0.6037397801876068,0.06333546692525376
0.17028701611054248,0.5981776574959891,40.7,39.2890239231531,377.3,-0.031487423181533816,0.09422616369523255,0.6037397801876068,0.06333546692525376
0.18294098744025597,0.5981776574959891,40.7,39.2890239231531,377.3,-0.031487423181533816,0.09422616369523255,0.6037397801876068,0.06333546692525376
0.19559495876996946,0.5981776574959891,40.7,39.2890239231531,377.3,-0.031487423181533816,0.09422616369523255,0.6037397801876068,0.06333546692525376
0.20824893009968293,0.5981776574959891,40.7,39.2890239231531,377.3,-0.031487423181533816,0.09422616369523255,0.6037397801876068,0.06333546692525376
0.2209029014293964,0.5981776574959891,40.7,39.2890239231531,377.3,-0.031487423181533816,0.09422616369523255,0.6037397801876068,0.06333546692525376
0.23355687275910988,0.5981776574959891,40.7,39.2890239231531,377.3,-0.031487423181533816,0.09422616369523255,0.6037397801876068,0.06333546692525376
0.24621084408882338,0.5981776574959891,40.7,39.2890239231531,377.3,-0.031487423181533816,0.09422616369523255,0.6037397801876068,0.06333546692525376
0.25886481541853684,0.5981776574959891,40.7,39.2890239231531,377.3,-0.031487423181533816,0.09422616369523255,0.6037397801876068,0.06333546692525376
0.2715187867482503,0.5981776574959891,40.7,39.2890239231531,377.3,-0.031487423181533816,0.09422616369523255,0.6037397801876068,0.06333546692525376
0.2841727580779638,0.5981776574959891,40.7,39.2890239231531,377.3,-0.031487423181533816,0.09422616369523255,0.6037397801876068,0.06333546692525376
0.2968267294076773,0.5981776574959891,40.7,39.2890239231531,377.3,-0.031487423181533816,0.09422616369523255,0.6037397801876068,0.06333546692525376
0.30948070073739076,0.5981776574959891,40.7,39.2890239231531,377.3,-0.031487423181533816,0.09422616369523255,0.6037397801876068,0.06333546692525376
0.3221346720671042,0.5981776574959891,40.7,39.2890239231531,377.3,-0.031487423181533816,0.09422616369523255,0.6037397801876068,0.06333546692525376
0.3347886433968177,0.5981776574959891,40.7,39.2890239231531,377.3,-0.031487423181533816,0.09422616369523255,0.6037397801876068,0.06333546692525376
0.3474426147265312,0.5981776574959891,40.7,39.2890239231531,377.3,-0.031487423181533816,0.09422616369523255,0.6037397801876068,0.06333546692525376
0.36009658605624467,0.5981776574959891,40.7,39.2890239231531,377.3,-0.031487423181533816,0.09422616369523255,0.6037397801876068,0.06333546692525376
0.37275055738595814,0.5981776574959891,40.7,39.2890239231531,377.3,-0.031487423181533816,0.09422616369523255,0.6037397801876068,0.06333546692525376
0.38540452871567166,0.5981776574959891,40.7,39.2890239231531,377.3,-0.031487423181533816,0.09422616369523255,0.6037397801876068,0.06333546692525376
0.3980585000453851,0.5981776574959891,40.7,39.2890239231531,377.3,-0.031487423181533816,0.09422616369523255,0.6037397801876068,0.06333546692525376
0.4107124713750986,0.5981776574959891,37.9,37.17784161977376,380.1,-0.03813232779502869,0.10874583441868589,0.6076286852359771,0.06335407171110027
0.42336644270481205,0.5981776574959891,30.3,36.721731926898414,387.7,0.0076716959476470946,0.02626403101764981,0.6128906905651093,0.06529425127755906
0.4360204140345255,0.5981776574959891,27.8,34.671325502762315,390.2,0.012240380048751831,0.018794489391170174,0.6156363725662232,0.06082449518956641
0.44867438536423904,0.5981776574959891,15.6,26.591868867564717,402.4,-2.5080616950988768,5.702803371571374,0.6288941740989685,0.046512495480327896
0.4613283566939525,0.5981776574959891,7.2,16.287531572549515,410.8,0.00013854503631591797,0.0003134106462799351,0.6358041286468505,0.035608306643678436
0.47398232802366597,0.5981776574959891,0.0,0.0,418.0,0.0,0.0,0.635667759180069,0.03577930791506133
0.4866362993533795,0.5981776574959891,0.0,0.0,418.0,0.0,0.0,0.635667759180069,0.03577930791506133
0.49929027068309295,0.5981776574959891,0.0,0.0,418.0,0.0,0.0,0.635667759180069,0.03577930791506133
0.5119442420128064,0.5981776574959891,0.0,0.0,418.0,0.0,0.0,0.635667759180069,0.03577930791506133
0.5245982133425199,0.5981776574959891,0.0,0.0,418.0,0.0,0.0,0.635667759180069,0.03577930791506133
0.5372521846722333,0.5981776574959891,0.0,0.0,418.0,0.0,0.0,0.635667759180069,0.03577930791506133
0.5499061560019469,0.5981776574959891,0.0,0.0,418.0,0.0,0.0,0.635667759180069,0.03577930791506133
0.5625601273316603,0.5981776574959891,0.0,0.0,418.0,0.0,0.0,0.635667759180069,0.03577930791506133
0.5752140986613739,0.5981776574959891,0.0,0.0,418.0,0.0,0.0,0.635667759180069,0.03577930791506133
0.5878680699910873,0.5981776574959891,0.0,0.0,418.0,0.0,0.0,0.635667759180069,0.03577930791506133
0.6005220413208008,0.5981776574959891,0.0,0.0,418.0,0.0,0.0,0.635667759180069,0.03577930791506133
0.1070171594619751,0.619045696187165,71.9,49.08811544985517,346.1,0.010441160202026368,0.02978534838193227,0.5949676811695099,0.06024394926016585
0.11967113079168858,0.619045696187165,71.9,49.08811544985517,346.1,0.010441160202026368,0.02978534838193227,0.5949676811695099,0.06024394926016585
0.13232510212140206,0.619045696187165,71.9,49.08811544985517,346.1,0.010441160202026368,0.02978534838193227,0.5949676811695099,0.06024394926016585
0.14497907345111555,0.619045696187165,71.9,49.08811544985517,346.1,0.010441160202026368,0.02978534838193227,0.5949676811695099,0.06024394926016585
0.157633044780829,0.619045696187165,71.9,49.08811544985517,346.1,0.010441160202026368,0.02978534838193227,0.5949676811695099,0.06024394926016585
0.17028701611054248,0.619045696187165,71.9,49.08811544985517,346.1,0.010441160202026368,0.02978534838193227,0.5949676811695099,0.06024394926016585
0.18294098744025597,0.619045696187165,71.9,49.08811544985517,346.1,0.010441160202026368,0.02978534838193227,0.5949676811695099,0.06024394926016585
0.19559495876996946,0.619045696187165,71.9,49.08811544985517,346.1,0.010441160202026368,0.02978534838193227,0.5949676811695099,0.06024394926016585
0.20824893009968293,0.619045696187165,71.9,49.08811544985517,346.1,0.010441160202026368,0.02978534838193227,0.5949676811695099,0.06024394926016585
0.2209029014293964,0.619045696187165,71.9,49.08811544985517,346.1,0.010441160202026368,0.02978534838193227,0.5949676811695099,0.06024394926016585
0.23355687275910988,0.619045696187165,71.9,49.08811544985517,346.1,0.010441160202026368,0.02978534838193227,0.5949676811695099,0.06024394926016585
0.24621084408882338,0.619045696187165,71.9,49.08811544985517,346.1,0.010441160202026368,0.02978534838193227,0.5949676811695099,0.06024394926016585
0.25886481541853684,0.619045696187165,71.9,49.08811544985517,346.1,0.010441160202026368,0.02978534838193227,0.5949676811695099,0.06024394926016585
0.2715187867482503,0.619045696187165,71.9,49.08811544985517,346.1,0.010441160202026368,0.02978534838193227,0.5949676811695099,0.06024394926016585
0.2841727580779638,0.619045696187165,71.9,49.08811544985517,346.1,0.010441160202026368,0.02978534838193227,0.5949676811695099,0.06024394926016585
0.2968267294076773,0.619045696187165,71.9,49.08811544985517,346.1,0.010441160202026368,0.02978534838193227,0.5949676811695099,0.06024394926016585
0.30948070073739076,0.619045696187165,71.9,49.08811544985517,346.1,0.010441160202026368,0.02978534838193227,0.5949676811695099,0.06024394926016585
0.3221346720671042,0.619045696187165,71.9,49.08811544985517,346.1,0.010441160202026368,0.02978534838193227,0.5949676811695099,0.06024394926016585
0.3347886433968177,0.619045696187165,71.9,49.08811544985517,346.1,0.010441160202026368,0.02978534838193227,0.5949676811695099,0.06024394926016585
0.3474426147265312,0.619045696187165,71.9,49.08811544985517,346.1,0.010441160202026368,0.02978534838193227,0.5949676811695099,0.06024394926016585
0.36009658605624467,0.619045696187165,71.9,49.08811544985517,346.1,0.010441160202026368,0.02978534838193227,0.5949676811695099,0.06024394926016585
0.37275055738595814,0.619045696187165,71.9,49.08811544985517,346.1,0.010441160202026368,0.02978534838193227,0.5949676811695099,0.06024394926016585
0.38540452871567166,0.619045696187165,71.9,49.08811544985517,346.1,0.010441160202026368,0.02978534838193227,0.5949676811695099,0.06024394926016585
0.3980585000453851,0.619045696187165,71.9,49.08811544985517,346.1,0.010441160202026368,0.02978534838193227,0.5949676811695099,0.06024394926016585
0.4107124713750986,0.619045696187165,69.1,46.369562418948505,348.9,0.008347916603088378,0.02820671434140467,0.6018419325351715,0.05994978626226435
0.42336644270481205,0.619045696187165,60.7,42.629043109232505,357.3,0.0002761363983154297,0.0296669752182047,0.6086834669113159,0.06601605154412021
0.4360204140345255,0.619045696187165,50.2,40.97606985623967,367.8,0.003959095478057862,0.021094484998379386,0.6136923193931579,0.05544223541027506
0.44867438536423904,0.619045696187165,34.2,29.337968098587083,383.8,0.0038041532039642333,0.02160162976502289,0.6283847570419312,0.04562464157460046
0.4613283566939525,0.619045696187165,14.0,19.230553557513772,404.0,0.000505596399307251,0.00669274691400294,0.6372257769107819,0.03535008308733572
0.47398232802366597,0.619045696187165,0.4,0.9048628651416396,417.6,-0.025012922286987305,0.056583161315421265,0.6359097301959992,0.035678475053782015
0.4866362993533795,0.619045696187165,0.0,0.0,418.0,0.0,0.0,0.635667759180069,0.03577930791506133
0.49929027068309295,0.619045696187165,0.0,0.0,418.0,0.0,0.0,0.635667759180069,0.03577930791506133
0.5119442420128064,0.619045696187165,0.0,0.0,418.0,0.0,0.0,0.635667759180069,0.03577930791506133
0.5245982133425199,0.619045696187165,0.0,0.0,418.0,0.0,0.0,0.635667759180069,0.03577930791506133
0.5372521846722333,0.619045696187165,0.0,0.0,418.0,0.0,0.0,0.635667759180069,0.03577930791506133
0.5499061560019469,0.619045696187165,0.0,0.0,418.0,0.0,0.0,0.635667759180069,0.03577930791506133
0.5625601273316603,0.619045696187165,0.0,0.0,418.0,0.0,0.0,0.635667759180069,0.03577930791506133
0.5752140986613739,0.619045696187165,0.0,0.0,418.0,0.0,0.0,0.635667759180069,0.03577930791506133
0.5878680699910873,0.619045696187165,0.0,0.0,418.0,0.0,0.0,0.635667759180069,0.03577930791506133
0.6005220413208008,0.619045696187165,0.0,0.0,418.0,0.0,0.0,0.635667759180069,0.03577930791506133
0.1070171594619751,0.639913734878341,95.7,60.870338961391255,322.3,0.02463654279708862,0.02168407806000005,0.5800230443477631,0.07145307271809519
0.11967113079168858,0.639913734878341,95.7,60.870338961391255,322.3,0.02463654279708862,0.02168407806000005,0.5800230443477631,0.07145307271809519
0.13232510212140206,0.639913734878341,95.7,60.870338961391255,322.3,0.02463654279708862,0.02168407806000005,0.5800230443477631,0.07145307271809519
0.14497907345111555,0.639913734878341,95.7,60.870338961391255,322.3,0.02463654279708862,0.02168407806000005,0.5800230443477631,0.07145307271809519
0.157633044780829,0.639913734878341,95.7,60.870338961391255,322.3,0.02463654279708862,0.02168407806000005,0.5800230443477631,0.07145307271809519
0.17028701611054248,0.639913734878341,95.7,60.870338961391255,322.3,0.02463654279708862,0.02168407806000005,0.5800230443477631,0.07145307271809519
0.18294098744025597,0.639913734878341,95.7,60.870338961391255,322.3,0.02463654279708862,0.02168407806000005,0.5800230443477631,0.07145307271809519
0.19559495876996946,0.639913734878341,95.7,60.870338961391255,322.3,0.02463654279708862,0.02168407806000005,0.5800230443477631,0.07145307271809519
0.20824893009968293,0.639913734878341,95.7,60.870338961391255,322.3,0.02463654279708862,0.02168407806000005,0.5800230443477631,0.07145307271809519
0.2209029014293964,0.639913734878341,95.7,60.870338961391255,322.3,0.02463654279708862,0.02168407806000005,0.5800230443477631,0.07145307271809519
0.23355687275910988,0.639913734878341,95.7,60.870338961391255,322.3,0.02463654279708862,0.02168407806000005,0.5800230443477631,0.07145307271809519
0.24621084408882338,0.639913734878341,95.7,60.870338961391255,322.3,0.02463654279708862,0.02168407806000005,0.5800230443477631,0.07145307271809519
0.25886481541853684,0.639913734878341,95.7,60.870338961391255,322.3,0.02463654279708862,0.02168407806000005,0.5800230443477631,0.07145307271809519
0.2715187867482503,0.639913734878341,95.7,60.870338961391255,322.3,0.02463654279708862,0.02168407806000005,0.5800230443477631,0.07145307271809519
0.2841727580779638,0.639913734878341,95.7,60.870338961391255,322.3,0.02463654279708862,0.02168407806000005,0.5800230443477631,0.07145307271809519
0.2968267294076773,0.639913734878341,95.7,60.870338961391255,322.3,0.02463654279708862,0.02168407806000005,0.5800230443477631,0.07145307271809519
0.30948070073739076,0.639913734878341,95.7,60.870338961391255,322.3,0.02463654279708862,0.02168407806000005,0.5800230443477631,0.07145307271809519
0.3221346720671042,0.639913734878341,95.7,60.870338961391255,322.3,0.02463654279708862,0.02168407806000005,0.5800230443477631,0.07145307271809519
0.3347886433968177,0.639913734878341,95.7,60.870338961391255,322.3,0.02463654279708862,0.02168407806000005,0.5800230443477631,0.07145307271809519
0.3474426147265312,0.639913734878341,95.7,60.870338961391255,322.3,0.02463654279708862,0.02168407806000005,0.5800230443477631,0.07145307271809519
0.36009658605624467,0.639913734878341,95.7,60.870338961391255,322.3,0.02463654279708862,0.02168407806000005,0.5800230443477631,0.07145307271809519
0.37275055738595814,0.639913734878341,95.7,60.870338961391255,322.3,0.02463654279708862,0.02168407806000005,0.5800230443477631,0.07145307271809519
0.38540452871567166,0.639913734878341,95.7,60.870338961391255,322.3,0.02463654279708862,0.02168407806000005,0.5800230443477631,0.07145307271809519
0.3980585000453851,0.639913734878341,95.2,60.4624012940257,322.8,0.025444948673248292,0.02284261579602579,0.5777587711811065,0.07314952756923469
0.4107124713750986,0.639913734878341,91.0,57.10820623842213,327.0,0.024476015567779542,0.023282979258214976,0.5880932331085205,0.07161924237165262
0.42336644270481205,0.639913734878341,81.2,52.79099170539882,336.8,0.0179862380027771,0.02475340108861139,0.5903348326683044,0.08297548750177941
0.4360204140345255,0.639913734878341,66.4,50.53523861127047,351.6,0.019942814111709596,0.019940861898412116,0.5987858176231384,0.06546180871333263
0.44867438536423904,0.639913734878341,44.9,36.93694660366807,373.1,0.023132330179214476,0.023190709963730325,0.6164377272129059,0.05543069899501955
0.4613283566939525,0.639913734878341,24.2,28.871050050133093,393.8,0.009285145998001098,0.019690614988519876,0.6280950963497162,0.041069032011899716
0.47398232802366597,0.639913734878341,7.8,12.804688795267365,410.2,0.011728107929229736,0.02416626800917439,0.6321211755275726,0.03792560181918136
0.4866362993533795,0.639913734878341,2.6,5.881608623420656,415.4,-0.000209963321685791,0.0004749700320881516,0.6361768245697021,0.03557662122338679
0.49929027068309295,0.639913734878341,0.6,1.3572942977124596,417.4,-0.010755658149719238,0.024330989124597444,0.6370935440063477,0.03530354034229175
0.5119442420128064,0.639913734878341,0.0,0.0,418.0,0.0,0.0,0.635667759180069,0.03577930791506133
0.5245982133425199,0.639913734878341,0.0,0.0,418.0,0.0,0.0,0.635667759180069,0.03577930791506133
0.5372521846722333,0.639913734878341,0.0,0.0,418.0,0.0,0.0,0.635667759180069,0.03577930791506133
0.5499061560019469,0.639913734878341,0.0,0.0,418.0,0.0,0.0,0.635667759180069,0.03577930791506133
0.5625601273316603,0.639913734878341,0.0,0.0,418.0,0.0,0.0,0.635667759180069,0.03577930791506133
0.5752140986613739,0.639913734878341,0.0,0.0,418.0,0.0,0.0,0.635667759180069,0.03577930791506133
0.5878680699910873,0.639913734878341,0.0,0.0,418.0,0.0,0.0,0.635667759180069,0.03577930791506133
0.6005220413208008,0.639913734878341,0.0,0.0,418.0,0.0,0.0,0.635667759180069,0.03577930791506133
0.1070171594619751,0.6607817735695171,109.6,61.01136609045558,308.4,0.03205946683883667,0.047195964403973494,0.5801911354064941,0.06375520110493467
0.11967113079168858,0.6607817735695171,109.6,61.01136609045558,308.4,0.03205946683883667,0.047195964403973494,0.5801911354064941,0.06375520110493467
0.13232510212140206,0.6607817735695171,109.6,61.01136609045558,308.4,0.03205946683883667,0.047195964403973494,0.5801911354064941,0.06375520110493467
0.14497907345111555,0.6607817735695171,109.6,61.01136609045558,308.4,0.03205946683883667,0.047195964403973494,0.5801911354064941,0.06375520110493467
0.157633044780829,0.6607817735695171,109.6,61.01136609045558,308.4,0.03205946683883667,0.047195964403973494,0.5801911354064941,0.06375520110493467
0.17028701611054248,0.6607817735695171,109.6,61.01136609045558,308.4,0.03205946683883667,0.047195964403973494,0.5801911354064941,0.06375520110493467
0.18294098744025597,0.6607817735695171,109.6,61.01136609045558,308.4,0.03205946683883667,0.047195964403973494,0.5801911354064941,0.06375520110493467
0.19559495876996946,0.6607817735695171,109.6,61.01136609045558,308.4,0.03205946683883667,0.047195964403973494,0.5801911354064941,0.06375520110493467
0.20824893009968293,0.6607817735695171,109.6,61.01136609045558,308.4,0.03205946683883667,0.047195964403973494,0.5801911354064941,0.06375520110493467
0.2209029014293964,0.6607817735695171,109.6,61.01136609045558,308.4,0.03205946683883667,0.047195964403973494,0.5801911354064941,0.06375520110493467
0.23355687275910988,0.6607817735695171,109.6,61.01136609045558,308.4,0.03205946683883667,0.047195964403973494,0.5801911354064941,0.06375520110493467
0.24621084408882338,0.6607817735695171,109.6,61.01136609045558,308.4,0.03205946683883667,0.047195964403973494,0.5801911354064941,0.06375520110493467
0.25886481541853684,0.6607817735695171,109.6,61.01136609045558,308.4,0.03205946683883667,0.047195964403973494,0.5801911354064941,0.06375520110493467
0.2715187867482503,0.6607817735695171,109.6,61.01136609045558,308.4,0.03205946683883667,0.047195964403973494,0.5801911354064941,0.06375520110493467
0.2841727580779638,0.6607817735695171,109.6,61.01136609045558,308.4,0.03205946683883667,0.047195964403973494,0.5801911354064941,0.06375520110493467
0.2968267294076773,0.6607817735695171,109.6,61.01136609045558,308.4,0.03205946683883667,0.047195964403973494,0.5801911354064941,0.06375520110493467
0.30948070073739076,0.6607817735695171,109.6,61.01136609045558,308.4,0.03205946683883667,0.047195964403973494,0.5801911354064941,0.06375520110493467
0.3221346720671042,0.6607817735695171,109.6,61.01136609045558,308.4,0.03205946683883667,0.047195964403973494,0.5801911354064941,0.06375520110493467
0.3347886433968177,0.6607817735695171,109.6,61.01136609045558,308.4,0.03205946683883667,0.047195964403973494,0.5801911354064941,0.06375520110493467
0.3474426147265312,0.6607817735695171,109.5,60.937744273331305,308.5,0.032140094041824344,0.047237866004899036,0.5800919771194458,0.06383560350245045
0.36009658605624467,0.6607817735695171,109.4,60.86487418142618,308.6,0.03229081630706787,0.047317981756531534,0.579799234867096,0.0640769659570728
0.37275055738595814,0.6607817735695171,109.4,60.86487418142618,308.6,0.03229081630706787,0.047317981756531534,0.579799234867096,0.0640769659570728
0.38540452871567166,0.6607817735695171,108.6,60.33191955133773,309.4,0.031646573543548585,0.046636062605748804,0.581260085105896,0.06367344637068348
0.3980585000453851,0.6607817735695171,107.4,59.44420283877258,310.6,0.02789180874824524,0.044473916271404304,0.579480516910553,0.06555766526411676
0.4107124713750986,0.6607817735695171,102.2,55.73339895500093,315.8,0.026350891590118407,0.04442989763841805,0.5909709751605987,0.06300316723909916
0.42336644270481205,0.6607817735695171,91.8,51.993320145557504,326.2,0.014785432815551757,0.04483905533737075,0.5905660629272461,0.07377988964012482
0.4360204140345255,0.6607817735695171,76.2,50.29908133118329,341.8,0.018165063858032227,0.04055241155409581,0.6008556604385376,0.05814565088065587
0.44867438536423904,0.6607817735695171,54.7,38.900699578019776,363.3,0.018425780534744262,0.04368204457298479,0.6181803464889526,0.0499303665255013
0.4613283566939525,0.6607817735695171,34.0,33.258754026064125,384.0,-0.000220257043838501,0.03245447313619414,0.629677152633667,0.03901724781616415
0.47398232802366597,0.6607817735695171,16.2,19.88983809579264,401.8,0.0010220229625701905,0.03382333940599208,0.6295015871524811,0.038775025804771976
0.4866362993533795,0.6607817735695171,7.8,11.806640123349043,410.2,-0.011805069446563721,0.018091417563571154,0.6354430437088012,0.03596977412657331
0.49929027068309295,0.6607817735695171,1.8,4.071882893137379,416.2,-0.02430863380432129,0.05498995007964269,0.6385617733001709,0.03511777778644712
0.5119442420128064,0.6607817735695171,0.0,0.0,418.0,0.0,0.0,0.635667759180069,0.03577930791506133
0.5245982133425199,0.6607817735695171,0.0,0.0,418.0,0.0,0.0,0.635667759180069,0.03577930791506133
0.5372521846722333,0.6607817735695171,0.0,0.0,418.0,0.0,0.0,0.635667759180069,0.03577930791506133
0.5499061560019469,0.6607817735695171,0.0,0.0,418.0,0.0,0.0,0.635667759180069,0.03577930791506133
0.5625601273316603,0.6607817735695171,0.0,0.0,418.0,0.0,0.0,0.635667759180069,0.03577930791506133
0.5752140986613739,0.6607817735695171,0.0,0.0,418.0,0.0,0.0,0.635667759180069,0.03577930791506133
0.5878680699910873,0.6607817735695171,0.0,0.0,418.0,0.0,0.0,0.635667759180069,0.03577930791506133
0.6005220413208008,0.6607817735695171,0.0,0.0,418.0,0.0,0.0,0.635667759180069,0.03577930791506133
0.1070171594619751,0.6816498122606931,118.4,62.31429803944187,299.6,0.04561722874641418,0.03639703335323023,0.5731913328170777,0.06726438489910276
0.11967113079168858,0.6816498122606931,118.4,62.31429803944187,299.6,0.04561722874641418,0.03639703335323023,0.5731913328170777,0.06726438489910276
0.13232510212140206,0.6816498122606931,118.4,62.31429803944187,299.6,0.04561722874641418,0.03639703335323023,0.5731913328170777,0.06726438489910276
0.14497907345111555,0.6816498122606931,118.4,62.31429803944187,299.6,0.04561722874641418,0.03639703335323023,0.5731913328170777,0.06726438489910276
0.157633044780829,0.6816498122606931,118.4,62.31429803944187,299.6,0.04561722874641418,0.03639703335323023,0.5731913328170777,0.06726438489910276
0.17028701611054248,0.6816498122606931,118.4,62.31429803944187,299.6,0.04561722874641418,0.03639703335323023,0.5731913328170777,0.06726438489910276
0.18294098744025597,0.6816498122606931,118.4,62.31429803944187,299.6,0.04561722874641418,0.03639703335323023,0.5731913328170777,0.06726438489910276
0.19559495876996946,0.6816498122606931,118.4,62.31429803944187,299.6,0.04561722874641418,0.03639703335323023,0.5731913328170777,0.06726438489910276
0.20824893009968293,0.6816498122606931,118.4,62.31429803944187,299.6,0.04561722874641418,0.03639703335323023,0.5731913328170777,0.06726438489910276
0.2209029014293964,0.6816498122606931,118.4,62.31429803944187,299.6,0.04561722874641418,0.03639703335323023,0.5731913328170777,0.06726438489910276
0.23355687275910988,0.6816498122606931,118.4,62.31429803944187,299.6,0.04561722874641418,0.03639703335323023,0.5731913328170777,0.06726438489910276
0.24621084408882338,0.6816498122606931,118.4,62.31429803944187,299.6,0.04561722874641418,0.03639703335323023,0.5731913328170777,0.06726438489910276
0.25886481541853684,0.6816498122606931,118.4,62.31429803944187,299.6,0.04561722874641418,0.03639703335323023,0.5731913328170777,0.06726438489910276
0.2715187867482503,0.6816498122606931,118.4,62.31429803944187,299.6,0.04561722874641418,0.03639703335323023,0.5731913328170777,0.06726438489910276
0.2841727580779638,0.6816498122606931,118.4,62.31429803944187,299.6,0.04561722874641418,0.03639703335323023,0.5731913328170777,0.06726438489910276
0.2968267294076773,0.6816498122606931,118.4,62.31429803944187,299.6,0.04561722874641418,0.03639703335323023,0.5731913328170777,0.06726438489910276
0.30948070073739076,0.6816498122606931,118.4,62.31429803944187,299.6,0.04561722874641418,0.03639703335323023,0.5731913328170777,0.06726438489910276
0.3221346720671042,0.6816498122606931,118.3,62.24751557492487,299.7,0.045609915256500246,0.03639410850742085,0.5736395001411438,0.06692497254363419
0.3347886433968177,0.6816498122606931,118.3,62.24751557492487,299.7,0.045609915256500246,0.03639410850742085,0.5736395001411438,0.06692497254363419
0.3474426147265312,0.6816498122606931,117.9,62.00167958752987,300.1,0.04505811333656311,0.03614343546531144,0.5734705090522766,0.06671861030835666
0.36009658605624467,0.6816498122606931,117.5,61.72944762170529,300.5,0.04449630379676819,0.035455709368058586,0.5721235394477844,0.0676116514836246
0.37275055738595814,0.6816498122606931,116.7,61.26326455185736,301.3,0.04500554203987121,0.0351846519595717,0.572879946231842,0.06810879637332894
0.38540452871567166,0.6816498122606931,115.3,60.42030325114656,302.7,0.045070499181747437,0.034412275620498846,0.5744389772415162,0.06790794464831591
0.3980585000453851,0.6816498122606931,114.1,59.61064323592879,303.9,0.04131573438644409,0.03231919200082976,0.5726594090461731,0.06957862260524816
0.4107124713750986,0.6816498122606931,108.9,56.26408263510006,309.1,0.03977481722831726,0.032621154201650036,0.5841498672962189,0.06783735414264835
0.42336644270481205,0.6816498122606931,98.5,53.31022392662176,319.5,0.02820935845375061,0.035738185701976045,0.5837449550628662,0.07792842092757726
0.4360204140345255,0.6816498122606931,82.9,52.503330841149136,335.1,0.03152607679367066,0.029047567572649636,0.5961190640926362,0.06000498197643068
0.44867438536423904,0.6816498122606931,60.6,42.17330807556333,357.4,0.03227783441543579,0.03446720201561719,0.6137722849845886,0.05253258114547982
0.4613283566939525,0.6816498122606931,39.4,37.85793587939897,378.6,0.01314622163772583,0.022912405103684974,0.6262738585472107,0.04253782957498261
0.47398232802366597,0.6816498122606931,21.1,27.13635389635323,396.9,0.013232719898223878,0.02350718289850644,0.6260129868984222,0.0418121889457066
0.4866362993533795,0.6816498122606931,12.1,18.98191159034629,405.9,-0.001931065320968628,0.021400875524440286,0.6335757493972778,0.037093558340452505
0.49929027068309295,0.6816498122606931,5.8,9.501060083987218,412.2,-0.01934036612510681,0.057337163048896356,0.637767207622528,0.03535729089558604
0.5119442420128064,0.6816498122606931,0.0,0.0,418.0,0.0,0.0,0.635667759180069,0.03577930791506133
0.5245982133425199,0.6816498122606931,0.0,0.0,418.0,0.0,0.0,0.635667759180069,0.03577930791506133
0.5372521846722333,0.6816498122606931,0.0,0.0,418.0,0.0,0.0,0.635667759180069,0.03577930791506133
0.5499061560019469,0.6816498122606931,0.0,0.0,418.0,0.0,0.0,0.635667759180069,0.03577930791506133
0.5625601273316603,0.6816498122606931,0.0,0.0,418.0,0.0,0.0,0.635667759180069,0.03577930791506133
0.5752140986613739,0.6816498122606931,0.0,0.0,418.0,0.0,0.0,0.635667759180069,0.03577930791506133
0.5878680699910873,0.6816498122606931,0.0,0.0,418.0,0.0,0.0,0.635667759180069,0.03577930791506133
0.6005220413208008,0.6816498122606931,0.0,0.0,418.0,0.0,0.0,0.635667759180069,0.03577930791506133
0.1070171594619751,0.702517850951869,131.8,67.88549003817478,286.2,0.07382568717002869,0.04481256233001205,0.5657417237758636,0.07377585206338148
0.11967113079168858,0.702517850951869,131.8,67.88549003817478,286.2,0.07382568717002869,0.04481256233001205,0.5657417237758636,0.07377585206338148
0.13232510212140206,0.702517850951869,131.8,67.88549003817478,286.2,0.07382568717002869,0.04481256233001205,0.5657417237758636,0.07377585206338148
0.14497907345111555,0.702517850951869,131.8,67.88549003817478,286.2,0.07382568717002869,0.04481256233001205,0.5657417237758636,0.07377585206338148
0.157633044780829,0.702517850951869,131.8,67.88549003817478,286.2,0.07382568717002869,0.04481256233001205,0.5657417237758636,0.07377585206338148
0.17028701611054248,0.702517850951869,131.8,67.88549003817478,286.2,0.07382568717002869,0.04481256233001205,0.5657417237758636,0.07377585206338148
0.18294098744025597,0.702517850951869,131.8,67.88549003817478,286.2,0.07382568717002869,0.04481256233001205,0.5657417237758636,0.07377585206338148
0.19559495876996946,0.702517850951869,131.8,67.88549003817478,286.2,0.07382568717002869,0.04481256233001205,0.5657417237758636,0.07377585206338148
0.20824893009968293,0.702517850951869,131.8,67.88549003817478,286.2,0.07382568717002869,0.04481256233001205,0.5657417237758636,0.07377585206338148
0.2209029014293964,0.702517850951869,131.8,67.88549003817478,286.2,0.07382568717002869,0.04481256233001205,0.5657417237758636,0.07377585206338148
0.23355687275910988,0.702517850951869,131.8,67.88549003817478,286.2,0.07382568717002869,0.04481256233001205,0.5657417237758636,0.07377585206338148
0.24621084408882338,0.702517850951869,131.8,67.88549003817478,286.2,0.07382568717002869,0.04481256233001205,0.5657417237758636,0.07377585206338148
0.25886481541853684,0.702517850951869,131.8,67.88549003817478,286.2,0.07382568717002869,0.04481256233001205,0.5657417237758636,0.07377585206338148
0.2715187867482503,0.702517850951869,131.8,67.88549003817478,286.2,0.07382568717002869,0.04481256233001205,0.5657417237758636,0.07377585206338148
0.2841727580779638,0.702517850951869,131.8,67.88549003817478,286.2,0.07382568717002869,0.04481256233001205,0.5657417237758636,0.07377585206338148
0.2968267294076773,0.702517850951869,131.0,67.45124000479818,287.0,0.07084299921989441,0.044286135795176186,0.5641418755054474,0.07469651950003252
0.30948070073739076,0.702517850951869,131.0,67.45124000479818,287.0,0.07084299921989441,0.044286135795176186,0.5641418755054474,0.07469651950003252
0.3221346720671042,0.702517850951869,130.6,67.14471330452932,287.4,0.06998381018638611,0.043204736290800745,0.5652515769004822,0.07391702112837295
0.3347886433968177,0.702517850951869,128.9,66.05554866672799,289.1,0.06483891606330872,0.04542935887415732,0.5643457233905792,0.07024797410899257
0.3474426147265312,0.702517850951869,126.1,64.17375681111433,291.9,0.06079508066177368,0.03808272414366774,0.5686383187770844,0.06932060576025274
0.36009658605624467,0.702517850951869,125.6,63.88314738871167,292.4,0.058913588523864746,0.03796610724650042,0.5672837913036346,0.07012069825917344
0.37275055738595814,0.702517850951869,124.8,63.49085281676626,293.2,0.05942282676696777,0.03760224258404917,0.5680401980876922,0.07062965451886657
0.38540452871567166,0.702517850951869,123.4,62.780646599761496,294.6,0.059487783908843996,0.03686609068499784,0.5695992290973664,0.07049687482416322
0.3980585000453851,0.702517850951869,122.2,62.09089157347019,295.8,0.05573301911354065,0.03579097918133224,0.5678196609020233,0.07203964814079346
0.4107124713750986,0.702517850951869,117.0,59.290770506313116,301.0,0.05419210195541382,0.03641246151330412,0.5793101191520691,0.07080729471388003
0.42336644270481205,0.702517850951869,105.5,56.274995868293374,312.5,0.04124712944030762,0.0396155194947375,0.5745941460132599,0.08685526414148012
0.4360204140345255,0.702517850951869,88.2,55.04355176255871,329.8,0.04302131533622742,0.03244058562811265,0.5942104876041412,0.061057253323304805
0.44867438536423904,0.702517850951869,65.2,45.95366251294637,352.8,0.04029974937438965,0.0387731524653945,0.610519939661026,0.05486043110698601
0.4613283566939525,0.702517850951869,42.3,40.98057939580113,375.7,0.02128695249557495,0.031802776019931894,0.6249588131904602,0.044000910866889245
0.47398232802366597,0.702517850951869,24.0,32.29422479333324,394.0,0.021373450756072998,0.03222150120832677,0.6246979415416718,0.04329529113437745
0.4866362993533795,0.702517850951869,15.0,24.780690134341558,403.0,0.004596894979476929,0.032946313886643167,0.6335083484649658,0.03714350218985307
0.49929027068309295,0.702517850951869,8.1,14.380275266494717,409.9,-0.014796453714370727,0.06123619203363744,0.639072036743164,0.035011790602853074
0.5119442420128064,0.702517850951869,0.0,0.0,418.0,0.0,0.0,0.635667759180069,0.03577930791506133
0.5245982133425199,0.702517850951869,0.0,0.0,418.0,0.0,0.0,0.635667759180069,0.03577930791506133
0.5372521846722333,0.702517850951869,0.0,0.0,418.0,0.0,0.0,0.635667759180069,0.03577930791506133
0.5499061560019469,0.702517850951869,0.0,0.0,418.0,0.0,0.0,0.635667759180069,0.03577930791506133
0.5625601273316603,0.702517850951869,0.0,0.0,418.0,0.0,0.0,0.635667759180069,0.03577930791506133
0.5752140986613739,0.702517850951869,0.0,0.0,418.0,0.0,0.0,0.635667759180069,0.03577930791506133
0.5878680699910873,0.702517850951869,0.0,0.0,418.0,0.0,0.0,0.635667759180069,0.03577930791506133
0.6005220413208008,0.702517850951869,0.0,0.0,418.0,0.0,0.0,0.635667759180069,0.03577930791506133
0.1070171594619751,0.7233858896430451,151.0,63.35745421103098,267.0,0.0742436945438385,0.059219499290283,0.5558559477329255,0.07635058340660374
0.11967113079168858,0.7233858896430451,151.0,63.35745421103098,267.0,0.0742436945438385,0.059219499290283,0.5558559477329255,0.07635058340660374
0.13232510212140206,0.7233858896430451,151.0,63.35745421103098,267.0,0.0742436945438385,0.059219499290283,0.5558559477329255,0.07635058340660374
0.14497907345111555,0.7233858896430451,151.0,63.35745421103098,267.0,0.0742436945438385,0.059219499290283,0.5558559477329255,0.07635058340660374
0.157633044780829,0.7233858896430451,151.0,63.35745421103098,267.0,0.0742436945438385,0.059219499290283,0.5558559477329255,0.07635058340660374
0.17028701611054248,0.7233858896430451,151.0,63.35745421103098,267.0,0.0742436945438385,0.059219499290283,0.5558559477329255,0.07635058340660374
0.18294098744025597,0.7233858896430451,151.0,63.35745421103098,267.0,0.0742436945438385,0.059219499290283,0.5558559477329255,0.07635058340660374
0.19559495876996946,0.7233858896430451,151.0,63.35745421103098,267.0,0.0742436945438385,0.059219499290283,0.5558559477329255,0.07635058340660374
0.20824893009968293,0.7233858896430451,151.0,63.35745421103098,267.0,0.0742436945438385,0.059219499290283,0.5558559477329255,0.07635058340660374
0.2209029014293964,0.7233858896430451,151.0,63.35745421103098,267.0,0.0742436945438385,0.059219499290283,0.5558559477329255,0.07635058340660374
0.23355687275910988,0.7233858896430451,151.0,63.35745421103098,267.0,0.0742436945438385,0.059219499290283,0.5558559477329255,0.07635058340660374
0.24621084408882338,0.7233858896430451,151.0,63.35745421103098,267.0,0.0742436945438385,0.059219499290283,0.5558559477329255,0.07635058340660374
0.25886481541853684,0.7233858896430451,151.0,63.35745421103098,267.0,0.0742436945438385,0.059219499290283,0.5558559477329255,0.07635058340660374
0.2715187867482503,0.7233858896430451,150.9,63.31207237659972,267.1,0.07421080470085144,0.05921273526816318,0.5561161756515502,0.07625301461068915
0.2841727580779638,0.7233858896430451,149.5,62.345359667906926,268.5,0.07380094528198242,0.05806219569459582,0.5544333100318909,0.07556297116223468
0.2968267294076773,0.7233858896430451,147.8,61.62762724670299,270.2,0.06996989250183105,0.057347049141792755,0.5529052019119263,0.0763412396051898
0.30948070073739076,0.7233858896430451,145.3,60.21385707473968,272.7,0.06348440051078796,0.05160228475981568,0.5509598672389984,0.0777945371025014
0.3221346720671042,0.7233858896430451,144.8,59.8708098811941,273.2,0.06273123621940613,0.05061915140782086,0.5522768139839173,0.07737548130796491
0.3347886433968177,0.7233858896430451,143.1,58.88029065403053,274.9,0.057586342096328735,0.05212526358327302,0.5513709604740142,0.07378788044600969
0.3474426147265312,0.7233858896430451,140.3,57.158016548450256,277.7,0.0535425066947937,0.04549899538115433,0.5556635558605194,0.07333863973385867
0.36009658605624467,0.7233858896430451,139.8,56.902533878863416,278.2,0.051661014556884766,0.045230214378642206,0.5543090283870697,0.0739603696386487
0.37275055738595814,0.7233858896430451,139.0,56.57604361761227,279.0,0.05217025279998779,0.044971942484932456,0.5550654351711273,0.07451800224684178
0.38540452871567166,0.7233858896430451,137.5,55.90193706604077,280.5,0.052151542901992795,0.044256549717860943,0.5566399574279786,0.07452028743403159
0.3980585000453851,0.7233858896430451,135.8,54.91116970666083,282.2,0.04819352030754089,0.04272511025984749,0.558704549074173,0.06969186316528417
0.4107124713750986,0.7233858896430451,130.4,52.35882631016429,287.6,0.046155905723571776,0.04317395118792047,0.5711273133754731,0.06777962179293202
0.42336644270481205,0.7233858896430451,118.2,50.23573746571598,299.8,0.0330436110496521,0.04459635249791076,0.5682368576526642,0.08342776147502759
0.4360204140345255,0.7233858896430451,100.6,51.11696608601079,317.4,0.03546819090843201,0.03860247306013485,0.5892721712589264,0.056432783932175413
0.44867438536423904,0.7233858896430451,77.6,44.93570205773221,340.4,0.032746624946594236,0.04379201107135628,0.6055816233158111,0.05057596767480204
0.4613283566939525,0.7233858896430451,54.7,43.70128811535833,363.3,0.01373382806777954,0.035531565018984516,0.6200204968452454,0.03956548553717042
0.47398232802366597,0.7233858896430451,36.3,38.97371393249651,381.7,0.01326662302017212,0.0351830549444193,0.6198183000087738,0.038694270424827634
0.4866362993533795,0.7233858896430451,25.1,31.220773983998846,392.9,-0.004352962970733643,0.03436595732351559,0.6303768694400788,0.03365143892227402
0.49929027068309295,0.7233858896430451,15.0,19.66906302360586,403.0,-0.019919544458389282,0.06162774170460684,0.6366578042507172,0.03317452501345235
0.5119442420128064,0.7233858896430451,1.5,3.393235744281149,416.5,-0.015257322788238525,0.03451446203139086,0.6351127207279206,0.035269364274755875
0.5245982133425199,0.7233858896430451,0.0,0.0,418.0,0.0,0.0,0.635667759180069,0.03577930791506133
0.5372521846722333,0.7233858896430451,0.0,0.0,418.0,0.0,0.0,0.635667759180069,0.03577930791506133
0.5499061560019469,0.7233858896430451,0.0,0.0,418.0,0.0,0.0,0.635667759180069,0.03577930791506133
0.5625601273316603,0.7233858896430451,0.0,0.0,418.0,0.0,0.0,0.635667759180069,0.03577930791506133
0.5752140986613739,0.7233858896430451,0.0,0.0,418.0,0.0,0.0,0.635667759180069,0.03577930791506133
0.5878680699910873,0.7233858896430451,0.0,0.0,418.0,0.0,0.0,0.635667759180069,0.03577930791506133
0.6005220413208008,0.7233858896430451,0.0,0.0,418.0,0.0,0.0,0.635667759180069,0.03577930791506133
0.1070171594619751,0.7442539283342211,165.5,65.77416188480834,252.5,0.08961571455001831,0.04988826907808152,0.5606868207454682,0.06416035048213634
0.11967113079168858,0.7442539283342211,165.5,65.77416188480834,252.5,0.08961571455001831,0.04988826907808152,0.5606868207454682,0.06416035048213634
0.13232510212140206,0.7442539283342211,165.5,65.77416188480834,252.5,0.08961571455001831,0.04988826907808152,0.5606868207454682,0.06416035048213634
0.14497907345111555,0.7442539283342211,165.5,65.77416188480834,252.5,0.08961571455001831,0.04988826907808152,0.5606868207454682,0.06416035048213634
0.157633044780829,0.7442539283342211,165.5,65.77416188480834,252.5,0.08961571455001831,0.04988826907808152,0.5606868207454682,0.06416035048213634
0.17028701611054248,0.7442539283342211,165.5,65.77416188480834,252.5,0.08961571455001831,0.04988826907808152,0.5606868207454682,0.06416035048213634
0.18294098744025597,0.7442539283342211,165.5,65.77416188480834,252.5,0.08961571455001831,0.04988826907808152,0.5606868207454682,0.06416035048213634
0.19559495876996946,0.7442539283342211,165.5,65.77416188480834,252.5,0.08961571455001831,0.04988826907808152,0.5606868207454682,0.06416035048213634
0.20824893009968293,0.7442539283342211,165.5,65.77416188480834,252.5,0.08961571455001831,0.04988826907808152,0.5606868207454682,0.06416035048213634
0.2209029014293964,0.7442539283342211,165.5,65.77416188480834,252.5,0.08961571455001831,0.04988826907808152,0.5606868207454682,0.06416035048213634
0.23355687275910988,0.7442539283342211,165.5,65.77416188480834,252.5,0.08961571455001831,0.04988826907808152,0.5606868207454682,0.06416035048213634
0.24621084408882338,0.7442539283342211,164.9,65.56740252818227,253.1,0.0897182822227478,0.049894850030613384,0.5638847947120667,0.062030483411712335
0.25886481541853684,0.7442539283342211,164.4,65.20456288688389,253.6,0.08944805264472962,0.04947676961266237,0.5669673204421997,0.05886417068620204
0.2715187867482503,0.7442539283342211,162.9,64.41253910092935,255.1,0.08832182884216308,0.04919821687905128,0.5709046602249146,0.05719123902907815
0.2841727580779638,0.7442539283342211,160.7,63.24611872654133,257.3,0.08720441460609436,0.04767194358303494,0.5612822353839875,0.05052007300316792
0.2968267294076773,0.7442539283342211,157.5,61.94185816418527,260.5,0.08185200095176696,0.04724386132365309,0.561098438501358,0.05366894375607176
0.30948070073739076,0.7442539283342211,155.0,60.762774741196345,263.0,0.07536650896072387,0.041154921236750144,0.5591531038284302,0.05587920780159589
0.3221346720671042,0.7442539283342211,154.5,60.468466640010156,263.5,0.07461334466934204,0.04004256680886962,0.560470050573349,0.0551832458725962
0.3347886433968177,0.7442539283342211,152.8,59.645305537611044,265.2,0.06946845054626465,0.04275126532035697,0.5595641970634461,0.0501130411860804
0.3474426147265312,0.7442539283342211,150.0,58.211672210154994,268.0,0.06542461514472961,0.03514864630214806,0.5638567924499511,0.049043107750843896
0.36009658605624467,0.7442539283342211,149.2,57.77812942120155,268.8,0.06341558694839478,0.03495946567799174,0.5641114950180054,0.04929507299312573
0.37275055738595814,0.7442539283342211,147.4,56.80392300159088,270.6,0.06304827332496643,0.03314798623069392,0.5443980693817139,0.07421543729612905
0.38540452871567166,0.7442539283342211,145.6,56.118116762102396,272.4,0.06258926391601563,0.03237871580642053,0.5472859442234039,0.07245978884875102
0.3980585000453851,0.7442539283342211,143.8,55.236383333450334,274.2,0.058585768938064574,0.031033011132048743,0.5497086465358734,0.06749306675486243
0.4107124713750986,0.7442539283342211,138.4,53.16384848811132,279.6,0.05654815435409546,0.03202628989839779,0.5621314108371734,0.06647947731935848
0.42336644270481205,0.7442539283342211,126.2,52.149469382267235,291.8,0.043435859680175784,0.036131543427489206,0.5592409551143647,0.08219528971346864
0.4360204140345255,0.7442539283342211,108.6,54.48851633957001,309.4,0.04586043953895569,0.027895360004523088,0.5802762687206269,0.05653074993710313
0.44867438536423904,0.7442539283342211,85.3,50.602533767462795,332.7,0.04499791264533996,0.03654285183067657,0.5972927331924438,0.05171146946826103
0.4613283566939525,0.7442539283342211,61.6,50.7115788020921,356.4,0.02595866918563843,0.03070525148180709,0.6136453568935394,0.04055529131567056
0.47398232802366597,0.7442539283342211,43.2,48.220220474218614,374.8,0.025491464138031005,0.030408268288563547,0.6134431600570679,0.0396873367212096
0.4866362993533795,0.7442539283342211,32.0,41.846850432003976,386.0,0.007373279333114624,0.03115297732256261,0.6259237408638001,0.03333322488955345
0.49929027068309295,0.7442539283342211,21.9,32.468851375086075,396.1,-0.010044050216674805,0.06281253184477141,0.6339931309223175,0.0321174957810614
0.5119442420128064,0.7442539283342211,8.4,19.002120167974432,409.6,0.005842369794845581,0.013216358679452365,0.6342954695224762,0.03458786085587033
0.5245982133425199,0.7442539283342211,3.7,8.369981502560167,414.3,8.078217506408691e-05,0.000182741975952158,0.6351803839206696,0.03532953576958008
0.5372521846722333,0.7442539283342211,0.0,0.0,418.0,0.0,0.0,0.635667759180069,0.03577930791506133
0.5499061560019469,0.7442539283342211,0.0,0.0,418.0,0.0,0.0,0.635667759180069,0.03577930791506133
0.5625601273316603,0.7442539283342211,0.0,0.0,418.0,0.0,0.0,0.635667759180069,0.03577930791506133
0.5752140986613739,0.7442539283342211,0.0,0.0,418.0,0.0,0.0,0.635667759180069,0.03577930791506133
0.5878680699910873,0.7442539283342211,0.0,0.0,418.0,0.0,0.0,0.635667759180069,0.03577930791506133
0.6005220413208008,0.7442539283342211,0.0,0.0,418.0,0.0,0.0,0.635667759180069,0.03577930791506133
0.1070171594619751,0.7651219670253971,175.5,68.68357688633014,242.5,0.11183425784111023,0.055073281417657056,0.5572562456130982,0.07192882942610573
0.11967113079168858,0.7651219670253971,175.5,68.68357688633014,242.5,0.11183425784111023,0.055073281417657056,0.5572562456130982,0.07192882942610573
0.13232510212140206,0.7651219670253971,175.5,68.68357688633014,242.5,0.11183425784111023,0.055073281417657056,0.5572562456130982,0.07192882942610573
0.14497907345111555,0.7651219670253971,175.5,68.68357688633014,242.5,0.11183425784111023,0.055073281417657056,0.5572562456130982,0.07192882942610573
0.157633044780829,0.7651219670253971,175.5,68.68357688633014,242.5,0.11183425784111023,0.055073281417657056,0.5572562456130982,0.07192882942610573
0.17028701611054248,0.7651219670253971,175.5,68.68357688633014,242.5,0.11183425784111023,0.055073281417657056,0.5572562456130982,0.07192882942610573
0.18294098744025597,0.7651219670253971,175.5,68.68357688633014,242.5,0.11183425784111023,0.055073281417657056,0.5572562456130982,0.07192882942610573
0.19559495876996946,0.7651219670253971,175.5,68.68357688633014,242.5,0.11183425784111023,0.055073281417657056,0.5572562456130982,0.07192882942610573
0.20824893009968293,0.7651219670253971,175.5,68.68357688633014,242.5,0.11183425784111023,0.055073281417657056,0.5572562456130982,0.07192882942610573
0.2209029014293964,0.7651219670253971,175.5,68.68357688633014,242.5,0.11183425784111023,0.055073281417657056,0.5572562456130982,0.07192882942610573
0.23355687275910988,0.7651219670253971,174.5,68.36078585450747,243.5,0.1121911883354187,0.05500309474519962,0.5635954082012177,0.06587220332310134
0.24621084408882338,0.7651219670253971,173.5,67.99633695545529,244.5,0.11078155636787415,0.054123722860614155,0.5668517291545868,0.0644289964888475
0.25886481541853684,0.7651219670253971,171.8,67.06896485028619,246.2,0.10724038481712342,0.053318361732193245,0.5710156261920929,0.062295177454082674
0.2715187867482503,0.7651219670253971,170.3,66.39434484442731,247.7,0.10611416101455688,0.05327427796065478,0.5749529659748077,0.06056740098573994
0.2841727580779638,0.7651219670253971,168.1,65.40503666515518,249.9,0.10499674677848816,0.05208557658810507,0.5653305411338806,0.054718814909468054
0.2968267294076773,0.7651219670253971,164.9,64.35425191380565,253.1,0.09964433312416077,0.05273113222677644,0.5651467442512512,0.057646097848306994
0.30948070073739076,0.7651219670253971,162.4,63.38634518509457,255.6,0.09315884113311768,0.048718990917385636,0.5632014095783233,0.05978426767208576
0.3221346720671042,0.7651219670253971,161.9,63.13760387037848,256.1,0.09240567684173584,0.04794224297360638,0.5645183563232422,0.05908299758209553
0.3347886433968177,0.7651219670253971,159.8,62.20159817454554,258.2,0.08669851422309875,0.05074566196780303,0.5646505653858185,0.05394625729626435
0.3474426147265312,0.7651219670253971,156.6,60.8461874656724,261.4,0.08246991038322449,0.04516597275687084,0.5686497151851654,0.052538834737928586
0.36009658605624467,0.7651219670253971,155.0,60.25062604564927,263.0,0.07838609218597412,0.046036945188508725,0.5685923516750335,0.05300580611640751
0.37275055738595814,0.7651219670253971,153.2,59.417031493659714,264.8,0.07801877856254577,0.04474682484328701,0.5488789260387421,0.07738212867183215
0.38540452871567166,0.7651219670253971,151.4,58.8626643615558,266.6,0.07755976915359497,0.04426832838121409,0.5517668008804322,0.07560270029450943
0.3980585000453851,0.7651219670253971,149.3,58.08362315116736,268.7,0.07302173972129822,0.0439568441639947,0.5546525478363037,0.07057478274304244
0.4107124713750986,0.7651219670253971,143.9,56.416474224008326,274.1,0.0709841251373291,0.045036540660181264,0.5670753121376038,0.06910256214920964
0.42336644270481205,0.7651219670253971,131.2,56.003100755679036,286.8,0.05720321536064148,0.05003060320996356,0.5653950154781342,0.08398386575708343
0.4360204140345255,0.7651219670253971,113.6,59.04109815088343,304.4,0.05962779521942139,0.04402004627281956,0.5864303290843964,0.057842350864583454
0.44867438536423904,0.7651219670253971,90.3,56.65643756383169,327.7,0.05876526832580566,0.05008489982709611,0.6034467935562133,0.05200962415439327
0.4613283566939525,0.7651219670253971,66.6,57.92889377602091,351.4,0.039726024866104125,0.049132574993230614,0.6197994172573089,0.03951221873756335
0.47398232802366597,0.7651219670253971,48.2,56.6913013847548,369.8,0.0392588198184967,0.0490221872811769,0.6195972204208374,0.03863914483108466
0.4866362993533795,0.7651219670253971,37.0,51.168997166927234,381.0,0.021250712871551513,0.05039486935912808,0.6331826031208039,0.035356351816481925
0.49929027068309295,0.7651219670253971,26.9,42.92201048591565,391.1,0.00245518684387207,0.07458670438171743,0.6417470455169678,0.03787215602973947
0.5119442420128064,0.7651219670253971,13.4,30.312905982244928,404.6,0.014253151416778565,0.03224286857070968,0.6418429791927338,0.04354234114414383
0.5245982133425199,0.7651219670253971,8.7,19.680767316830657,409.3,0.00988350510597229,0.022358041869580278,0.6423260748386384,0.04427831289403698
0.5372521846722333,0.7651219670253971,0.0,0.0,418.0,0.0,0.0,0.635667759180069,0.03577930791506133
0.5499061560019469,0.7651219670253971,0.0,0.0,418.0,0.0,0.0,0.635667759180069,0.03577930791506133
0.5625601273316603,0.7651219670253971,0.0,0.0,418.0,0.0,0.0,0.635667759180069,0.03577930791506133
0.5752140986613739,0.7651219670253971,0.0,0.0,418.0,0.0,0.0,0.635667759180069,0.03577930791506133
0.5878680699910873,0.7651219670253971,0.0,0.0,418.0,0.0,0.0,0.635667759180069,0.03577930791506133
0.6005220413208008,0.7651219670253971,0.0,0.0,418.0,0.0,0.0,0.635667759180069,0.03577930791506133
0.1070171594619751,0.7859900057165732,193.2,60.94198961779062,224.8,0.11493081450462342,0.06914772499110883,0.559790289402008,0.0689410441380414
0.11967113079168858,0.7859900057165732,193.2,60.94198961779062,224.8,0.11493081450462342,0.06914772499110883,0.559790289402008,0.0689410441380414
0.13232510212140206,0.7859900057165732,193.2,60.94198961779062,224.8,0.11493081450462342,0.06914772499110883,0.559790289402008,0.0689410441380414
0.14497907345111555,0.7859900057165732,193.2,60.94198961779062,224.8,0.11493081450462342,0.06914772499110883,0.559790289402008,0.0689410441380414
0.157633044780829,0.7859900057165732,193.2,60.94198961779062,224.8,0.11493081450462342,0.06914772499110883,0.559790289402008,0.0689410441380414
0.17028701611054248,0.7859900057165732,193.2,60.94198961779062,224.8,0.11493081450462342,0.06914772499110883,0.559790289402008,0.0689410441380414
0.18294098744025597,0.7859900057165732,193.2,60.94198961779062,224.8,0.11493081450462342,0.06914772499110883,0.559790289402008,0.0689410441380414
0.19559495876996946,0.7859900057165732,193.2,60.94198961779062,224.8,0.11493081450462342,0.06914772499110883,0.559790289402008,0.0689410441380414
0.20824893009968293,0.7859900057165732,193.2,60.94198961779062,224.8,0.11493081450462342,0.06914772499110883,0.559790289402008,0.0689410441380414
0.2209029014293964,0.7859900057165732,191.1,60.25388177905991,226.9,0.11316112875938415,0.06888252948102842,0.5673519909381867,0.07132513379849376
0.23355687275910988,0.7859900057165732,189.1,59.54670111733591,228.9,0.10821490287780762,0.06680755110983842,0.5641412556171417,0.06949705818660583
0.24621084408882338,0.7859900057165732,188.1,59.268181891862305,229.9,0.10680527091026307,0.06603719987524027,0.5673975765705108,0.06811584405376517
0.25886481541853684,0.7859900057165732,186.4,58.4438760475247,231.6,0.10326409935951233,0.06525618474430651,0.571561473608017,0.0660815941965206
0.2715187867482503,0.7859900057165732,184.9,57.88397092316292,233.1,0.1021378755569458,0.0651811176026473,0.5754988133907318,0.0644364336846448
0.2841727580779638,0.7859900057165732,182.7,57.06742001083765,235.3,0.10102046132087708,0.06417385739822282,0.5658763885498047,0.05902343244949885
0.2968267294076773,0.7859900057165732,179.5,56.33356780831831,238.5,0.09566804766654968,0.0645115996474204,0.5656925916671753,0.06174790327459459
0.30948070073739076,0.7859900057165732,176.6,55.52529667227401,241.4,0.08770745396614074,0.061235082423613744,0.563916027545929,0.06363947682728403
0.3221346720671042,0.7859900057165732,175.9,55.19277166515696,242.1,0.08587580323219299,0.059666314632569106,0.5653389751911163,0.06292478500238838
0.3347886433968177,0.7859900057165732,173.8,54.42754103621957,244.2,0.08016864061355591,0.06159831922676703,0.5654711842536926,0.05812747425395797
0.3474426147265312,0.7859900057165732,170.6,53.352816693991905,247.4,0.07594003677368164,0.05681369064669685,0.5694703340530396,0.05679085963069354
0.36009658605624467,0.7859900057165732,168.7,52.876280467156114,249.3,0.07145139575004578,0.05710274852157319,0.5705177485942841,0.05630850473686169
0.37275055738595814,0.7859900057165732,166.8,52.181079021720194,251.2,0.0705239236354828,0.05586453969785436,0.550894045829773,0.07991440233145472
0.38540452871567166,0.7859900057165732,164.6,51.769087612440366,253.4,0.07149590849876404,0.055966025811506996,0.5548689961433411,0.0777124867930045
0.3980585000453851,0.7859900057165732,161.6,51.115853732846155,256.4,0.0649003803730011,0.05464628354592166,0.5572835743427277,0.07296382182340971
0.4107124713750986,0.7859900057165732,156.2,49.974733101576504,261.8,0.06286276578903198,0.05534874617558557,0.5697063386440278,0.07128053595300911
0.42336644270481205,0.7859900057165732,143.5,51.27029480975051,274.5,0.04908185601234436,0.058403604156790204,0.5680260419845581,0.08581414700799093
0.4360204140345255,0.7859900057165732,125.9,56.78314890094671,292.1,0.051506435871124266,0.05355442532283802,0.5890613555908203,0.059946463592076
0.44867438536423904,0.7859900057165732,102.6,57.221795931663124,315.4,0.05064390897750855,0.05857340093093661,0.6060778200626373,0.05386955612554204
0.4613283566939525,0.7859900057165732,78.9,61.25064085494912,339.1,0.03160466551780701,0.05621848941562739,0.6224304437637329,0.04134267561763247
0.47398232802366597,0.7859900057165732,60.5,62.186467708069685,357.5,0.031137460470199586,0.05608358571738137,0.6222282469272613,0.0405165383421583
0.4866362993533795,0.7859900057165732,49.3,58.03857514047635,368.7,0.013052749633789062,0.05566626177198542,0.6373601078987121,0.04167921918061701
0.49929027068309295,0.7859900057165732,39.2,51.363976397705684,378.8,-0.006130599975585937,0.07660459634236105,0.646383011341095,0.04690781045186117
0.5119442420128064,0.7859900057165732,24.4,38.54262639402964,393.6,0.0069146215915679935,0.040848077049606586,0.644141435623169,0.0497408603394509
0.5245982133425199,0.7859900057165732,17.5,26.41821221746045,400.5,0.0014285385608673097,0.03232061519089991,0.6414864957332611,0.04442520973034411
0.5372521846722333,0.7859900057165732,7.1,16.061315856264102,410.9,-0.008822965621948241,0.019958934879305692,0.6360665023326874,0.035776291795529845
0.5499061560019469,0.7859900057165732,5.3,11.98943296312673,412.7,-0.039328467845916745,0.08896717524171772,0.6332942187786103,0.0362645336763302
0.5625601273316603,0.7859900057165732,0.0,0.0,418.0,0.0,0.0,0.635667759180069,0.03577930791506133
0.5752140986613739,0.7859900057165732,0.0,0.0,418.0,0.0,0.0,0.635667759180069,0.03577930791506133
0.5878680699910873,0.7859900057165732,0.0,0.0,418.0,0.0,0.0,0.635667759180069,0.03577930791506133
0.6005220413208008,0.7859900057165732,0.0,0.0,418.0,0.0,0.0,0.635667759180069,0.03577930791506133
0.1070171594619751,0.8068580444077491,202.1,53.05598549410723,215.9,-6.659805327653885,15.358971409085642,0.5542050957679748,0.06353137180698189
0.11967113079168858,0.8068580444077491,202.1,53.05598549410723,215.9,-6.659805327653885,15.358971409085642,0.5542050957679748,0.06353137180698189
0.13232510212140206,0.8068580444077491,202.1,53.05598549410723,215.9,-6.659805327653885,15.358971409085642,0.5542050957679748,0.06353137180698189
0.14497907345111555,0.8068580444077491,202.1,53.05598549410723,215.9,-6.659805327653885,15.358971409085642,0.5542050957679748,0.06353137180698189
0.157633044780829,0.8068580444077491,202.1,53.05598549410723,215.9,-6.659805327653885,15.358971409085642,0.5542050957679748,0.06353137180698189
0.17028701611054248,0.8068580444077491,202.1,53.05598549410723,215.9,-6.659805327653885,15.358971409085642,0.5542050957679748,0.06353137180698189
0.18294098744025597,0.8068580444077491,202.1,53.05598549410723,215.9,-6.659805327653885,15.358971409085642,0.5542050957679748,0.06353137180698189
0.19559495876996946,0.8068580444077491,202.0,52.99008930130896,216.0,-6.66061499118805,15.358764642977663,0.5541774332523346,0.06356168020246075
0.20824893009968293,0.8068580444077491,201.9,52.951929650272724,216.1,-6.660645371675491,15.358756992711399,0.554407799243927,0.06366805457423003
0.2209029014293964,0.8068580444077491,199.8,52.35730594651558,218.2,-6.662415057420731,15.358311890292626,0.5619695007801055,0.06659063629918437
0.23355687275910988,0.8068580444077491,197.8,51.73348950731356,220.2,-6.6673612833023075,15.357061936248947,0.5587587654590607,0.06447655847759487
0.24621084408882338,0.8068580444077491,196.8,51.50878818677261,221.2,-6.668770915269851,15.356704971988222,0.5620150864124298,0.06314337153058891
0.25886481541853684,0.8068580444077491,195.1,50.72419110600148,222.9,-6.672312086820602,15.355813228597963,0.5661789834499359,0.061152114471975015
0.2715187867482503,0.8068580444077491,193.6,50.22600258151857,224.4,-6.673438310623169,15.35553035337001,0.5701163232326507,0.05957313251043263
0.2841727580779638,0.8068580444077491,191.3,49.491405729147765,226.7,-6.6750917613506315,15.3551110963667,0.5602902889251709,0.053243213311182654
0.2968267294076773,0.8068580444077491,187.7,48.86707460748694,230.3,-6.682333546876907,15.353295913176272,0.5591044306755066,0.05704161520675469
0.30948070073739076,0.8068580444077491,184.7,48.199285786416326,233.3,-6.690728855133057,15.351175048722457,0.5572951793670654,0.05899428383900603
0.3221346720671042,0.8068580444077491,184.0,47.88321721851878,234.0,-6.692560505867005,15.350708995635252,0.5587181270122528,0.05831453237665485
0.3347886433968177,0.8068580444077491,181.8,47.20006565696713,236.2,-6.696652179956436,15.349691487199193,0.5589326024055481,0.05304978125784044
0.3474426147265312,0.8068580444077491,178.3,46.25366196597818,239.7,-6.702601456642151,15.34817679817213,0.562204760313034,0.0524807279987011
0.36009658605624467,0.8068580444077491,176.4,45.88481580999734,241.6,-6.707090097665787,15.347050638918901,0.5632521748542786,0.052041587909952884
0.37275055738595814,0.8068580444077491,174.5,45.26607320657258,243.5,-6.70801756978035,15.34681315541623,0.5436284720897675,0.07590687191812108
0.38540452871567166,0.8068580444077491,172.3,45.00505312303471,245.7,-6.7070455849170685,15.347057630430664,0.5476034224033356,0.07380795682293889
0.3980585000453851,0.8068580444077491,169.3,44.5479064196238,248.7,-6.713641113042831,15.345396390180273,0.5500180006027222,0.06893513793957498
0.4107124713750986,0.8068580444077491,163.9,43.77720608467129,254.1,-6.7156787276268,15.34488711943604,0.5624407649040222,0.0679108962471663
0.42336644270481205,0.8068580444077491,151.2,46.46309034733625,266.8,-6.7294596374034885,15.341436640849302,0.5607604682445526,0.0829527556586714
0.4360204140345255,0.8068580444077491,133.6,53.93156426008849,284.4,-6.727035057544708,15.342028065070869,0.5817957818508148,0.057310306312458294
0.44867438536423904,0.8068580444077491,110.3,56.2373969272413,307.7,-6.727897584438324,15.341829719320277,0.5988122463226319,0.05228209605644577
0.4613283566939525,0.8068580444077491,86.6,62.028039570371185,331.4,-6.7469368278980255,15.337037034603904,0.6151648700237274,0.040936734357450516
0.47398232802366597,0.8068580444077491,68.2,64.21923803608736,349.8,-6.747404032945633,15.336919130176529,0.6149626731872558,0.04008140034086078
0.4866362993533795,0.8068580444077491,57.0,60.95057270757118,361.0,-6.765483236312866,15.33237368999123,0.6310666978359223,0.042509054642722616
0.49929027068309295,0.8068580444077491,46.4,54.38615587466583,371.6,-6.78444060087204,15.327699384921736,0.6408728361129761,0.04917572964437687
0.5119442420128064,0.8068580444077491,31.6,43.889735655236734,386.4,-6.771395379304886,15.330842255301931,0.63863126039505,0.051749559592810926
0.5245982133425199,0.8068580444077491,24.7,34.241036530716144,393.3,-6.776895314455032,15.329439635270823,0.6363171160221099,0.04603428009524464
0.5372521846722333,0.8068580444077491,14.3,27.271376023780057,403.7,-6.787445652484894,15.326766841857163,0.6317337393760681,0.03632709622549617
0.5499061560019469,0.8068580444077491,12.5,23.278734241122617,405.5,-6.8000532746315,15.323669655656087,0.6291808426380158,0.03761716334997276
0.5625601273316603,0.8068580444077491,4.7,10.632138665414264,413.3,-0.02827528715133667,0.06396314336115272,0.6346760809421539,0.03588525728242942
0.5752140986613739,0.8068580444077491,1.3,2.940804311710328,416.7,-0.003663802146911621,0.00828809626991635,0.6356025040149689,0.035781966674091795
0.5878680699910873,0.8068580444077491,0.0,0.0,418.0,0.0,0.0,0.635667759180069,0.03577930791506133
0.6005220413208008,0.8068580444077491,0.0,0.0,418.0,0.0,0.0,0.635667759180069,0.03577930791506133
0.1070171594619751,0.8277260830989251,221.1,29.72047529286381,196.9,0.13904440999031067,0.04955121365160677,0.5504882097244262,0.06024091437608528
0.11967113079168858,0.8277260830989251,221.1,29.72047529286381,196.9,0.13904440999031067,0.04955121365160677,0.5504882097244262,0.06024091437608528
0.13232510212140206,0.8277260830989251,221.1,29.72047529286381,196.9,0.13904440999031067,0.04955121365160677,0.5504882097244262,0.06024091437608528
0.14497907345111555,0.8277260830989251,221.1,29.72047529286381,196.9,0.13904440999031067,0.04955121365160677,0.5504882097244262,0.06024091437608528
0.157633044780829,0.8277260830989251,221.1,29.72047529286381,196.9,0.13904440999031067,0.04955121365160677,0.5504882097244262,0.06024091437608528
0.17028701611054248,0.8277260830989251,221.1,29.72047529286381,196.9,0.13904440999031067,0.04955121365160677,0.5504882097244262,0.06024091437608528
0.18294098744025597,0.8277260830989251,221.0,29.637232682139715,197.0,0.13909353613853453,0.049609043636792645,0.5510295391082763,0.059616440050610876
0.19559495876996946,0.8277260830989251,219.3,28.66400993717962,198.7,0.14014195799827575,0.0494224441214429,0.555867713689804,0.06439616215412484
0.20824893009968293,0.8277260830989251,219.2,28.627785347748922,198.8,0.14011157751083375,0.04942201882356677,0.5560980796813965,0.06449772771721896
0.2209029014293964,0.8277260830989251,217.1,28.253227057172936,200.9,0.13834189176559447,0.04956416492181881,0.5636597812175751,0.06727639760080334
0.23355687275910988,0.8277260830989251,215.1,27.796727577125118,202.9,0.13339566588401794,0.048131997502329146,0.5604490458965301,0.06523188640310595
0.24621084408882338,0.8277260830989251,214.1,27.733243138454238,203.9,0.1319860339164734,0.04748386375281845,0.5637053668498992,0.06386547248964217
0.25886481541853684,0.8277260830989251,212.4,26.87686432524187,205.6,0.12844486236572267,0.04747186271137385,0.5678692638874054,0.06183276311478929
0.2715187867482503,0.8277260830989251,210.9,26.48742510301542,207.1,0.12731863856315612,0.04770781868684419,0.5718066036701203,0.06020879811643729
0.2841727580779638,0.8277260830989251,208.4,25.823844865512722,209.6,0.1256320893764496,0.04675193110436881,0.5640117347240448,0.05268506250036977
0.2968267294076773,0.8277260830989251,204.3,26.16474861125308,213.7,0.1118380069732666,0.04738309418466421,0.560213714838028,0.058126253852825854
0.30948070073739076,0.8277260830989251,201.3,26.00781232327984,216.7,0.10344269871711731,0.04460386165533209,0.5584044635295868,0.06006266192751707
0.3221346720671042,0.8277260830989251,200.6,25.675899022122223,217.4,0.10161104798316956,0.04280903815300165,0.5598274111747742,0.05938002624743662
0.3347886433968177,0.8277260830989251,198.4,25.215583999967,219.6,0.0975193738937378,0.0469899080379033,0.5600418865680694,0.05421634042188075
0.3474426147265312,0.8277260830989251,194.9,24.767952339275453,223.1,0.09157009720802307,0.040939094484558264,0.5633140444755554,0.053621183964325136
0.36009658605624467,0.8277260830989251,193.0,24.805916885724105,225.0,0.0870814561843872,0.04229326862521447,0.5643614590167999,0.05317903865166248
0.37275055738595814,0.8277260830989251,191.1,24.38855360560121,226.9,0.08615398406982422,0.040808438962469086,0.5447377562522888,0.07685239836795503
0.38540452871567166,0.8277260830989251,188.9,24.754174376793376,229.1,0.08712596893310547,0.0407357526297373,0.5487127065658569,0.07474649257846729
0.3980585000453851,0.8277260830989251,185.9,25.069151783955782,232.1,0.08053044080734253,0.04038134492793944,0.5511272847652435,0.06991731541446031
0.4107124713750986,0.8277260830989251,180.5,25.735731766590995,237.5,0.07849282622337342,0.041762874515504714,0.5635500490665436,0.06879387091583407
0.42336644270481205,0.8277260830989251,167.8,33.82965088183248,250.2,0.0647119164466858,0.048338200799058,0.5618697524070739,0.08368982110397878
0.4360204140345255,0.8277260830989251,150.2,47.185607657570266,267.8,0.0671364963054657,0.04183995485422311,0.5829050660133361,0.058144323399516674
0.44867438536423904,0.8277260830989251,126.6,53.58782462768334,291.4,0.06590042114257813,0.047678539274444244,0.6007590651512146,0.053438840700963386
0.4613283566939525,0.8277260830989251,102.8,63.06402989097187,315.2,0.04685553312301636,0.04829380695931751,0.6174723505973816,0.04216455897477658
0.47398232802366597,0.8277260830989251,84.4,67.76930207868763,333.6,0.046388328075408936,0.048220790383631223,0.61727015376091,0.041341057561874936
0.4866362993533795,0.8277260830989251,73.2,66.25610793327056,344.8,0.02830912470817566,0.05095792958370772,0.6333741784095764,0.04321257278674739
0.49929027068309295,0.8277260830989251,62.6,61.87108972558684,355.4,0.009351760149002075,0.07578656943237215,0.6431803166866302,0.04952602719241507
0.5119442420128064,0.8277260830989251,47.8,55.399813761996825,370.2,0.022396981716156006,0.0362522568693697,0.6409387409687042,0.05213898631955554
0.5245982133425199,0.8277260830989251,40.9,49.23153699103316,377.1,0.016917544603347778,0.026136000128577717,0.6389716148376465,0.04622468386668549
0.5372521846722333,0.8277260830989251,30.5,46.10862334732928,387.5,0.005861318111419678,0.013076742361435134,0.635173761844635,0.036329483718330814
0.5499061560019469,0.8277260830989251,28.7,43.282935468058554,389.3,0.013528954982757569,0.030421554680367422,0.6326332926750183,0.0375938682507072
0.5625601273316603,0.8277260830989251,20.1,30.604588919648712,397.9,0.009707969427108765,0.033311028517210434,0.6419170439243317,0.03821729285834844
0.5752140986613739,0.8277260830989251,10.9,16.446122859405946,407.1,0.00725928544998169,0.04374819741833984,0.6416275680065155,0.03725089723019289
0.5878680699910873,0.8277260830989251,3.9,8.822412935130988,414.1,-0.0040801048278808595,0.009229838361586277,0.6368807017803192,0.03591476795615876
0.6005220413208008,0.8277260830989251,0.0,0.0,418.0,0.0,0.0,0.635667759180069,0.03577930791506133
0.1070171594619751,0.8485941217901012,236.0,21.01899896623763,182.0,0.16092537641525267,0.0543632283758494,0.5390244245529174,0.0620547008775711
0.11967113079168858,0.8485941217901012,236.0,21.01899896623763,182.0,0.16092537641525267,0.0543632283758494,0.5390244245529174,0.0620547008775711
0.13232510212140206,0.8485941217901012,236.0,21.01899896623763,182.0,0.16092537641525267,0.0543632283758494,0.5390244245529174,0.0620547008775711
0.14497907345111555,0.8485941217901012,236.0,21.01899896623763,182.0,0.16092537641525267,0.0543632283758494,0.5390244245529174,0.0620547008775711
0.157633044780829,0.8485941217901012,236.0,21.01899896623763,182.0,0.16092537641525267,0.0543632283758494,0.5390244245529174,0.0620547008775711
0.17028701611054248,0.8485941217901012,236.0,21.01899896623763,182.0,0.16092537641525267,0.0543632283758494,0.5390244245529174,0.0620547008775711
0.18294098744025597,0.8485941217901012,235.4,20.725332549132823,182.6,0.15775052309036255,0.053031612026466016,0.5369967997074128,0.059388646304873116
0.19559495876996946,0.8485941217901012,233.5,20.064737527988317,184.5,0.15846099257469176,0.0528346343184492,0.5423364460468292,0.06438915079109753
0.20824893009968293,0.8485941217901012,233.4,20.05325734424241,184.6,0.15843061208724976,0.052840225570249484,0.5425668120384216,0.06451820444635259
0.2209029014293964,0.8485941217901012,231.3,20.36513887350053,186.7,0.1566609263420105,0.05332003775587636,0.5501285135746002,0.06815505928337795
0.23355687275910988,0.8485941217901012,229.3,20.52920608244696,188.7,0.15171470046043395,0.05297310682105584,0.5469177782535553,0.06576314965795702
0.24621084408882338,0.8485941217901012,227.3,21.097437155060128,190.7,0.14993920922279358,0.0524561553240806,0.5530045568943024,0.06309508131392114
0.25886481541853684,0.8485941217901012,225.3,20.76877115846092,192.7,0.14637748003005982,0.05313758934518157,0.5579230189323425,0.06105571351330812
0.2715187867482503,0.8485941217901012,223.6,20.851150646960733,194.4,0.14701465368270875,0.05476548283567785,0.5625087499618531,0.05921555890109173
0.2841727580779638,0.8485941217901012,220.9,20.933477567572222,197.1,0.14452606439590454,0.05368449347914632,0.55478236079216,0.05067931163013618
0.2968267294076773,0.8485941217901012,214.8,23.40673837494682,203.2,0.12708505988121033,0.054491967608724844,0.5549809873104096,0.05352485349398862
0.30948070073739076,0.8485941217901012,211.8,23.98977112254824,206.2,0.11868975162506104,0.053472291261764754,0.5531717360019683,0.055524821221774996
0.3221346720671042,0.8485941217901012,211.1,23.80573363313184,206.9,0.11685810089111329,0.052289136774081896,0.5545946836471558,0.05486289575889711
0.3347886433968177,0.8485941217901012,208.9,23.86537091327069,209.1,0.11276642680168152,0.056396243115494224,0.554809159040451,0.04924060967424286
0.3474426147265312,0.8485941217901012,205.4,24.26877516871713,212.6,0.10681715011596679,0.052456148670248115,0.5580813169479371,0.04878451355469212
0.36009658605624467,0.8485941217901012,203.5,24.76978882189237,214.5,0.10232850909233093,0.054241923629336275,0.5591287314891815,0.048362591903515016
0.37275055738595814,0.8485941217901012,201.6,24.81325076130789,216.4,0.10140103697776795,0.05324355029984202,0.5395050287246704,0.07280417821781258
0.38540452871567166,0.8485941217901012,199.4,25.689182637798027,218.6,0.1023730218410492,0.05302919434461729,0.5434799790382385,0.07074495561417725
0.3980585000453851,0.8485941217901012,196.4,26.672997804795553,221.6,0.09577749371528625,0.053830339462946034,0.5458945572376251,0.06573134555925528
0.4107124713750986,0.8485941217901012,189.6,25.733411833863645,228.4,0.08804625272750854,0.04610939642695922,0.5578740000724792,0.06485009811902319
0.42336644270481205,0.8485941217901012,176.8,35.56026635836425,241.2,0.07354222536087036,0.05257136914434193,0.5562596499919892,0.08044259252707107
0.4360204140345255,0.8485941217901012,158.8,49.747802639348436,259.2,0.076077139377594,0.046569246868970626,0.5796619236469269,0.055962939198366785
0.44867438536423904,0.8485941217901012,135.2,57.886279285208076,282.8,0.07484106421470642,0.051999264175409905,0.5975159227848053,0.05169762758511083
0.4613283566939525,0.8485941217901012,111.4,68.47626083385957,306.6,0.05579617619514465,0.05437467731493161,0.6142292082309723,0.0406991988549034
0.47398232802366597,0.8485941217901012,93.0,74.05777260062213,325.0,0.05532897114753723,0.054353551305426864,0.6140270113945008,0.039836065045701426
0.4866362993533795,0.8485941217901012,81.8,73.42534547571871,336.2,0.037249767780303956,0.05839169083164277,0.6301310360431671,0.04247997458043491
0.49929027068309295,0.8485941217901012,71.2,70.23608406361862,346.8,0.01829240322113037,0.082153676623082,0.6399371743202209,0.04925662268598212
0.5119442420128064,0.8485941217901012,56.4,65.71876953851962,361.6,0.0313376247882843,0.046767671504138596,0.637695598602295,0.051803419938074524
0.5245982133425199,0.8485941217901012,49.5,61.033775355857955,368.5,0.02584180235862732,0.03938270230259087,0.6360346674919128,0.04584212746668792
0.5372521846722333,0.8485941217901012,39.1,58.96906625989027,378.9,0.014432400465011597,0.03197050343394497,0.6328531503677368,0.03644636330004309
0.5499061560019469,0.8485941217901012,37.3,56.30913657834364,380.7,0.021888136863708496,0.04883453087645293,0.6301232218742371,0.036776451498244024
0.5625601273316603,0.8485941217901012,26.9,41.769942322099276,391.1,0.014178580045700074,0.042300320817721074,0.6432151317596435,0.037624372283951386
0.5752140986613739,0.8485941217901012,16.0,25.790355461453405,402.0,0.008984541893005371,0.041709462763171466,0.6414906620979309,0.03716937410992399
0.5878680699910873,0.8485941217901012,9.0,20.359414465686893,409.0,-0.003148961067199707,0.007123444833714507,0.6365848779678345,0.03586242621776471
0.6005220413208008,0.8485941217901012,0.2,0.4524314325708198,417.8,-6.603844451904297,14.93893402924961,0.6359020113945008,0.0357891220647029
0.1070171594619751,0.8694621604812771,248.7,17.987113242876426,169.3,0.18244433999061585,0.042206597386373175,0.5440218508243561,0.05548250542903345
0.11967113079168858,0.8694621604812771,248.7,17.987113242876426,169.3,0.18244433999061585,0.042206597386373175,0.5440218508243561,0.05548250542903345
0.13232510212140206,0.8694621604812771,248.7,17.987113242876426,169.3,0.18244433999061585,0.042206597386373175,0.5440218508243561,0.05548250542903345
0.14497907345111555,0.8694621604812771,248.7,17.987113242876426,169.3,0.18244433999061585,0.042206597386373175,0.5440218508243561,0.05548250542903345
0.157633044780829,0.8694621604812771,248.1,17.68875756945072,169.9,0.18278715014457703,0.04230376327351916,0.5465571820735932,0.057956311747397134
0.17028701611054248,0.8694621604812771,246.6,17.402771116780258,171.4,0.18045247197151185,0.041252941134780806,0.5466449499130249,0.06173561196820326
0.18294098744025597,0.8694621604812771,245.5,17.539621618511685,172.5,0.1771078586578369,0.04052618577595837,0.5438440024852753,0.05987005171956124
0.19559495876996946,0.8694621604812771,243.6,17.392966553784827,174.4,0.17781832814216614,0.040073418877907996,0.5491836488246917,0.06451199105225433
0.20824893009968293,0.8694621604812771,243.5,17.412733429735763,174.5,0.1777879476547241,0.04008913219352332,0.5494140148162842,0.06462692313469616
0.2209029014293964,0.8694621604812771,240.7,18.91770020403423,177.3,0.17383804321289062,0.04257063549085573,0.5548573136329651,0.06828905227784686
0.23355687275910988,0.8694621604812771,238.4,19.862375413594446,179.6,0.16826502084732056,0.043710473441177664,0.5482104837894439,0.0674377338492053
0.24621084408882338,0.8694621604812771,236.3,20.9323910595944,181.7,0.16617642641067504,0.0433887514930263,0.5541029393672943,0.06491061138933463
0.25886481541853684,0.8694621604812771,233.9,21.275638560456176,184.1,0.16219991445541382,0.044727287093431455,0.5597605049610138,0.062237007040915275
0.2715187867482503,0.8694621604812771,232.2,21.741829314034025,185.8,0.16283708810806274,0.04652655350635837,0.5643462359905242,0.06035350113571318
0.2841727580779638,0.8694621604812771,229.5,22.417687071648597,188.5,0.16034849882125854,0.045741276573463205,0.5566198468208313,0.052159372575583014
0.2968267294076773,0.8694621604812771,223.4,25.920543969347275,194.6,0.14290749430656433,0.04993427744748396,0.5568184733390809,0.05492451563340789
0.30948070073739076,0.8694621604812771,220.4,26.99718168614579,197.6,0.13451218605041504,0.05034283667232578,0.5550092220306396,0.05690851259990242
0.3221346720671042,0.8694621604812771,219.7,26.961037408333176,198.3,0.13268053531646729,0.049418885024248176,0.556432169675827,0.05623643850652429
0.3347886433968177,0.8694621604812771,217.5,27.409052301634453,200.5,0.12858886122703553,0.05442637751682771,0.5566466450691223,0.05076208392520359
0.3474426147265312,0.8694621604812771,214.0,28.370813993124862,204.0,0.1226395845413208,0.05138470473625239,0.5599188029766082,0.0502517948003523
0.36009658605624467,0.8694621604812771,212.1,29.12136263004937,205.9,0.11815094351768493,0.05396008948799137,0.5609662175178528,0.0498203348716895
0.37275055738595814,0.8694621604812771,210.2,29.47525099469354,207.8,0.11722347140312195,0.053113733994586125,0.5413425147533417,0.07405794320905479
0.38540452871567166,0.8694621604812771,207.8,30.221983215148917,210.2,0.11747210621833801,0.05152242199375412,0.5451961398124695,0.07193386854858039
0.3980585000453851,0.8694621604812771,204.3,30.670657954533432,213.7,0.10949280261993408,0.051151378554556926,0.5491072118282319,0.06758940144295335
0.4107124713750986,0.8694621604812771,197.0,29.972989593473674,221.0,0.10252901911735535,0.04583844348102697,0.5632466375827789,0.0673794053850917
0.42336644270481205,0.8694621604812771,184.2,40.105096951098304,233.8,0.08802499175071717,0.05456841279023525,0.5616322875022888,0.08255496924353214
0.4360204140345255,0.8694621604812771,166.2,54.49957645977193,251.8,0.0905599057674408,0.048382935109155145,0.5850345611572265,0.05773371389432629
0.44867438536423904,0.8694621604812771,142.6,63.598586140566645,275.4,0.08932383060455322,0.053819093868541126,0.602888560295105,0.052582250834126654
0.4613283566939525,0.8694621604812771,118.8,74.72107488074182,299.2,0.07027894258499146,0.05884589790590371,0.619601845741272,0.04057782485937585
0.47398232802366597,0.8694621604812771,100.4,80.83089884074823,317.6,0.06981173753738404,0.05889174317117489,0.6193996489048004,0.03972760407050409
0.4866362993533795,0.8694621604812771,89.2,80.8369481784716,328.8,0.05173253417015076,0.06497135302897596,0.6355036735534668,0.041201065178466785
0.49929027068309295,0.8694621604812771,78.6,78.52158633958778,339.4,0.03277516961097717,0.08873068823546836,0.6453098118305206,0.047531902464622654
0.5119442420128064,0.8694621604812771,63.8,75.33945670010829,354.2,0.0458203911781311,0.05564416611457201,0.6430682361125946,0.050302649707866166
0.5245982133425199,0.8694621604812771,56.5,71.06698732053744,361.5,0.03871943354606629,0.047341739283128945,0.6402401149272918,0.044982281902553885
0.5372521846722333,0.8694621604812771,45.4,68.73649732123597,372.6,0.025716334581375122,0.03988383680514054,0.6370294511318206,0.035825252589648096
0.5499061560019469,0.8694621604812771,42.5,65.02472293739362,375.5,0.03155055046081543,0.051288102404005116,0.6337262928485871,0.03635866344146083
0.5625601273316603,0.8694621604812771,32.0,51.70072640092997,386.0,0.023760676383972168,0.04120457928062504,0.6496665775775909,0.04374613281588485
0.5752140986613739,0.8694621604812771,21.1,36.41448504622388,396.9,0.020575559139251708,0.03686484341226615,0.6472369372844696,0.04244002388257522
0.5878680699910873,0.8694621604812771,14.1,31.896415996242805,403.9,0.01056421995162964,0.023897925833545178,0.6417419135570526,0.03846942767444256
0.6005220413208008,0.8694621604812771,0.2,0.4524314325708198,417.8,-6.603844451904297,14.93893402924961,0.6359020113945008,0.0357891220647029
0.1070171594619751,0.8903301991724533,256.5,18.724959513119384,161.5,0.18640193343162537,0.03958732404397848,0.5270016908645629,0.04965379730638429
0.11967113079168858,0.8903301991724533,256.5,18.724959513119384,161.5,0.18640193343162537,0.03958732404397848,0.5270016908645629,0.04965379730638429
0.13232510212140206,0.8903301991724533,256.5,18.724959513119384,161.5,0.18640193343162537,0.03958732404397848,0.5270016908645629,0.04965379730638429
0.14497907345111555,0.8903301991724533,256.5,18.724959513119384,161.5,0.18640193343162537,0.03958732404397848,0.5270016908645629,0.04965379730638429
0.157633044780829,0.8903301991724533,255.4,18.43099017294232,162.6,0.18659223914146422,0.03935881427069269,0.5309979617595673,0.054398495135401896
0.17028701611054248,0.8903301991724533,253.8,18.565008677176323,164.2,0.1844356417655945,0.0381607516186265,0.5314077973365784,0.058186248506016856
0.18294098744025597,0.8903301991724533,252.7,18.93272236137712,165.3,0.18109102845191954,0.037576047898781315,0.5286068499088288,0.05576955532404353
0.19559495876996946,0.8903301991724533,250.8,19.206293091667604,167.2,0.18180149793624878,0.037043871089486376,0.5339464962482452,0.06148284411594284
0.20824893009968293,0.8903301991724533,250.7,19.245479237517333,167.3,0.18177111744880675,0.03706272543743092,0.5341768622398376,0.061635817511467926
0.2209029014293964,0.8903301991724533,247.2,21.257858895025564,170.8,0.17518348693847657,0.03903706020093418,0.5408568918704987,0.06523729554450665
0.23355687275910988,0.8903301991724533,244.8,22.54805774620288,173.2,0.17008427381515503,0.04061018482138476,0.5346303462982178,0.06322862406237274
0.24621084408882338,0.8903301991724533,242.7,23.819105361354143,175.3,0.1679956793785095,0.040317320581525914,0.5405228018760682,0.06127313257242471
0.25886481541853684,0.8903301991724533,240.3,24.48070300051046,177.7,0.1640191674232483,0.041852831991949314,0.5461803674697876,0.059176221978878195
0.2715187867482503,0.8903301991724533,238.6,25.1342752518514,179.4,0.16465634107589722,0.0437553574800811,0.5507660984992981,0.05780781649275067
0.2841727580779638,0.8903301991724533,235.9,26.100344585286553,182.1,0.162167751789093,0.04297934379952894,0.5430397093296051,0.04796330418679696
0.2968267294076773,0.8903301991724533,229.8,29.91564459193075,188.2,0.1447267472743988,0.04779617409606261,0.5432383358478546,0.05098674579712799
0.30948070073739076,0.8903301991724533,226.8,31.205016564717244,191.2,0.1363314390182495,0.04840260237485455,0.5414290845394134,0.05285436606390929
0.3221346720671042,0.8903301991724533,226.1,31.25535776746724,191.9,0.13449978828430176,0.04748079922451517,0.5428520321846009,0.052340396271705954
0.3347886433968177,0.8903301991724533,223.9,31.89463331666817,194.1,0.13040811419487,0.052753157928451776,0.5430665075778961,0.046444390577164194
0.3474426147265312,0.8903301991724533,220.4,33.11174457968171,197.6,0.12445883750915528,0.04973289718269579,0.5463386654853821,0.046433476181761274
0.36009658605624467,0.8903301991724533,218.4,33.820237320027836,199.6,0.12024836540222168,0.05293846656241577,0.5485549688339233,0.046670673625468874
0.37275055738595814,0.8903301991724533,216.5,34.32429571791231,201.5,0.11932089328765869,0.05209674557348398,0.5289312660694122,0.07002640246681896
0.38540452871567166,0.8903301991724533,214.1,35.21263179153488,203.9,0.11956952810287476,0.05046750531773366,0.53278489112854,0.06817616444214437
0.3980585000453851,0.8903301991724533,210.6,35.94892859652106,207.4,0.11159022450447083,0.050278271909434506,0.5366959631443023,0.06400809173878105
0.4107124713750986,0.8903301991724533,203.3,36.08761119061868,214.7,0.10462644100189208,0.04504679552393255,0.5508353888988495,0.06533189121805061
0.42336644270481205,0.8903301991724533,190.5,45.870005230646754,227.5,0.0901224136352539,0.05422505962279603,0.5492210388183594,0.08075153146432833
0.4360204140345255,0.8903301991724533,172.5,59.95664900108484,245.5,0.09265732765197754,0.04793232346384578,0.5726233124732971,0.05804280385939867
0.44867438536423904,0.8903301991724533,148.9,69.55899290815627,269.1,0.09142125248908997,0.05344195293624927,0.5904773116111756,0.05525096268426274
0.4613283566939525,0.8903301991724533,125.1,80.91614570796506,292.9,0.07237636446952819,0.05888813472609897,0.6071905970573426,0.04658568542270421
0.47398232802366597,0.8903301991724533,106.7,87.34781552999,311.3,0.07190915942192078,0.05894340070834968,0.606988400220871,0.04581588093158991
0.4866362993533795,0.8903301991724533,95.5,87.8114969017645,322.5,0.0538299560546875,0.06534895340198128,0.6230924248695373,0.049453327069348796
0.49929027068309295,0.8903301991724533,83.2,84.10020345341984,334.8,0.03565974831581116,0.09007578195191678,0.6385857045650483,0.050336932545388395
0.5119442420128064,0.8903301991724533,66.9,79.72188333279955,351.1,0.049045455455780027,0.05791455459076796,0.6402166903018951,0.05069853297615045
0.5245982133425199,0.8903301991724533,59.4,75.59893226556113,358.6,0.041916877031326294,0.050199228804710526,0.6369246363639831,0.04550471918548199
0.5372521846722333,0.8903301991724533,48.3,73.66134728050002,369.7,0.028913778066635133,0.04378039870531126,0.6337139725685119,0.03631276975111402
0.5499061560019469,0.8903301991724533,45.4,70.27849159042897,372.6,0.03474799394607544,0.0541780262080745,0.6304108142852783,0.036669700535640434
0.5625601273316603,0.8903301991724533,34.2,56.17442305321299,383.8,0.027378982305526732,0.04367707323066298,0.6506066977977752,0.04496524488111351
0.5752140986613739,0.8903301991724533,21.5,37.27071266751918,396.5,0.02043052315711975,0.036814190433914706,0.6472414553165435,0.042445476726457446
0.5878680699910873,0.8903301991724533,14.1,31.896415996242805,403.9,0.01056421995162964,0.023897925833545178,0.6417419135570526,0.03846942767444256
0.6005220413208008,0.8903301991724533,0.2,0.4524314325708198,417.8,-6.603844451904297,14.93893402924961,0.6359020113945008,0.0357891220647029
0.1070171594619751,0.9111982378636292,262.1,20.318738787781538,155.89999999999998,0.19877516031265258,0.04046833140689953,0.5145943105220795,0.05618458809200223
0.11967113079168858,0.9111982378636292,262.1,20.318738787781538,155.89999999999998,0.19877516031265258,0.04046833140689953,0.5145943105220795,0.05618458809200223
0.13232510212140206,0.9111982378636292,262.1,20.318738787781538,155.89999999999998,0.19877516031265258,0.04046833140689953,0.5145943105220795,0.05618458809200223
0.14497907345111555,0.9111982378636292,261.8,20.238406472777115,156.2,0.1979825794696808,0.04040577782828653,0.5092665016651153,0.048510431981630735
0.157633044780829,0.9111982378636292,260.5,20.124159388178352,157.5,0.1981415033340454,0.0401760359208802,0.514901626110077,0.05331529767054655
0.17028701611054248,0.9111982378636292,258.7,20.617645607501384,159.3,0.19612835049629213,0.039181255694287445,0.516039389371872,0.056770965849759714
0.18294098744025597,0.9111982378636292,257.6,21.095146203834553,160.39999999999998,0.19278373718261718,0.03918366967371608,0.5132384419441223,0.053838599085375756
0.19559495876996946,0.9111982378636292,254.9,22.17593588510561,163.1,0.19131128787994384,0.03988691152539259,0.5195715665817261,0.06068445397206505
0.20824893009968293,0.9111982378636292,254.7,22.23380718174704,163.3,0.19117963314056396,0.039875193004064044,0.5201633214950562,0.06065431149474222
0.2209029014293964,0.9111982378636292,251.0,24.46664708220646,167.0,0.1847168266773224,0.04258035635886361,0.526296728849411,0.06545804308654718
0.23355687275910988,0.9111982378636292,248.6,25.797409475182075,169.4,0.17961761355400085,0.04465045883649357,0.5200701832771302,0.06263874581311768
0.24621084408882338,0.9111982378636292,246.5,27.083500216398033,171.5,0.17752901911735536,0.04463861121246317,0.5259626388549805,0.061463124696766805
0.25886481541853684,0.9111982378636292,244.1,27.853943993898493,173.9,0.1735525071620941,0.046496118693294376,0.5316202044487,0.06015663126117743
0.2715187867482503,0.9111982378636292,242.4,28.55898136303433,175.6,0.17418968081474304,0.04814408662648781,0.5362059354782105,0.05945307153025502
0.2841727580779638,0.9111982378636292,239.7,29.610457291236827,178.3,0.17170109152793883,0.04772342300160543,0.5284795463085175,0.04863611413896789
0.2968267294076773,0.9111982378636292,233.6,33.419411263932965,184.4,0.15426008701324462,0.05388744855452033,0.528678172826767,0.05165200954193877
0.30948070073739076,0.9111982378636292,230.6,34.765331621545975,187.4,0.14586477875709533,0.055255860710374034,0.5268689215183258,0.053215682512220294
0.3221346720671042,0.9111982378636292,229.9,34.85394581021739,188.1,0.14403312802314758,0.0546322418296818,0.5282918691635132,0.05292827821983366
0.3347886433968177,0.9111982378636292,227.7,35.56226500419553,190.3,0.13994145393371582,0.059644865305683796,0.5285063445568084,0.04714359110960758
0.3474426147265312,0.9111982378636292,224.2,36.86352281078194,193.8,0.1339921772480011,0.057554085499044415,0.5317785024642945,0.047704127640317034
0.36009658605624467,0.9111982378636292,222.2,37.61625687576721,195.8,0.12978170514106752,0.06072264475699406,0.5339948058128356,0.04831629832562667
0.37275055738595814,0.9111982378636292,220.3,38.1777699366876,197.7,0.1288542330265045,0.06007398914393817,0.5143711030483246,0.06881196929467258
0.38540452871567166,0.9111982378636292,217.9,39.111193427890385,200.1,0.1291028678417206,0.058643728231669676,0.5182247281074523,0.06740316411779752
0.3980585000453851,0.9111982378636292,214.4,39.96506109081358,203.6,0.12112356424331665,0.059215941851312286,0.5221358001232147,0.06369451460078461
0.4107124713750986,0.9111982378636292,207.1,40.48137810131362,210.9,0.11415978074073792,0.055527766296742734,0.5362752258777619,0.06680065392306855
0.42336644270481205,0.9111982378636292,194.3,49.957948249644446,223.7,0.09965575337409974,0.06443382237962521,0.5346608757972717,0.08178111829342127
0.4360204140345255,0.9111982378636292,176.3,63.752041295487565,241.7,0.10219066739082336,0.05900327491593764,0.5580631494522095,0.06264020852297957
0.44867438536423904,0.9111982378636292,152.6,73.45043127068656,265.4,0.10098079442977906,0.06370386877879185,0.5768377542495727,0.06146515163296562
0.4613283566939525,0.9111982378636292,128.7,84.77309674838243,289.3,0.0819801151752472,0.06990111231743791,0.5944380164146423,0.05500475371673244
0.47398232802366597,0.9111982378636292,110.3,91.3456273719365,307.7,0.08151291012763977,0.06998414149120741,0.5942358195781707,0.054327336677420505
0.4866362993533795,0.9111982378636292,97.9,90.70560705878157,320.1,0.05641803741455078,0.06736209674282718,0.6145774543285369,0.05430105533947985
0.49929027068309295,0.9111982378636292,85.6,87.31014966012428,332.4,0.03824782967567444,0.09183839246746242,0.6300707340240479,0.05645177958194417
0.5119442420128064,0.9111982378636292,69.3,83.36836071287014,348.7,0.05163353681564331,0.060293809438718406,0.6317017197608947,0.056913363528095104
0.5245982133425199,0.9111982378636292,61.8,79.56364034930425,356.2,0.04450495839118958,0.05312429577811314,0.6284096658229827,0.052034524626313826
0.5372521846722333,0.9111982378636292,49.8,76.30533276718263,368.2,0.029708397388458253,0.04487731848519416,0.631007868051529,0.03782471919155719
0.5499061560019469,0.9111982378636292,46.2,71.7656658566043,371.8,0.034324359893798825,0.053748146598343094,0.6284962594509125,0.03753697758964104
0.5625601273316603,0.9111982378636292,34.2,56.17442305321299,383.8,0.027378982305526732,0.04367707323066298,0.6506066977977752,0.04496524488111351
0.5752140986613739,0.9111982378636292,21.5,37.27071266751918,396.5,0.02043052315711975,0.036814190433914706,0.6472414553165435,0.042445476726457446
0.5878680699910873,0.9111982378636292,14.1,31.896415996242805,403.9,0.01056421995162964,0.023897925833545178,0.6417419135570526,0.03846942767444256
0.6005220413208008,0.9111982378636292,0.2,0.4524314325708198,417.8,-6.603844451904297,14.93893402924961,0.6359020113945008,0.0357891220647029
0.1070171594619751,0.9320662765548052,267.4,20.70062651868909,150.60000000000002,0.205594265460968,0.044289228704327485,0.49552043676376345,0.05515609979013863
0.11967113079168858,0.9320662765548052,267.4,20.70062651868909,150.60000000000002,0.205594265460968,0.044289228704327485,0.49552043676376345,0.05515609979013863
0.13232510212140206,0.9320662765548052,267.4,20.70062651868909,150.60000000000002,0.205594265460968,0.044289228704327485,0.49552043676376345,0.05515609979013863
0.14497907345111555,0.9320662765548052,266.8,20.627984793696534,151.2,0.20481909513473512,0.044149492762215414,0.49210514426231383,0.048471090579045646
0.157633044780829,0.9320662765548052,264.3,20.8561948459795,153.7,0.2051868736743927,0.04374574597944249,0.502529376745224,0.057408641595723106
0.17028701611054248,0.9320662765548052,262.5,21.51429205002905,155.5,0.2031737208366394,0.04302181372044104,0.5036671400070191,0.060763324462844534
0.18294098744025597,0.9320662765548052,261.1,22.278260533679337,156.89999999999998,0.19891311526298522,0.04370362811159551,0.5015678465366363,0.05780534932454091
0.19559495876996946,0.9320662765548052,258.0,23.785542420892867,160.0,0.19666942954063416,0.04451642973157242,0.5091741502285003,0.06495462386646438
0.20824893009968293,0.9320662765548052,256.9,24.46072026726877,161.10000000000002,0.19578349590301514,0.044382482488296224,0.5123638868331909,0.06263976702220583
0.2209029014293964,0.9320662765548052,253.2,26.68067091167282,164.8,0.18932068943977357,0.04718788287843142,0.5184972941875458,0.0677048757310172
0.23355687275910988,0.9320662765548052,250.8,28.01342677568229,167.2,0.18422147631645203,0.04933527924154073,0.5122707486152649,0.06455680679044273
0.24621084408882338,0.9320662765548052,248.7,29.291902394487277,169.3,0.18213288187980653,0.049435277699066665,0.5181632041931152,0.06382748075590092
0.25886481541853684,0.9320662765548052,246.3,30.10558289032664,171.7,0.17815636992454528,0.05132201301362316,0.5238207697868347,0.06297008274285577
0.2715187867482503,0.9320662765548052,244.6,30.8281110720348,173.4,0.1787935435771942,0.05278803976159639,0.5284065008163452,0.06262389011131535
0.2841727580779638,0.9320662765548052,241.9,31.91067384764241,176.1,0.17630495429039,0.05252883107557644,0.5206801116466522,0.051807593634612466
0.2968267294076773,0.9320662765548052,235.2,35.0075267085997,182.8,0.15766443014144899,0.057562235878027446,0.5229756653308868,0.055672874267846034
0.30948070073739076,0.9320662765548052,232.2,36.36972191002993,185.8,0.14926912188529967,0.059120770467973496,0.5211664140224457,0.05702381089855348
0.3221346720671042,0.9320662765548052,231.5,36.47190124473562,186.5,0.14743747115135192,0.058598875674940806,0.522589361667633,0.05683692778029005
0.3347886433968177,0.9320662765548052,229.3,37.2032208674981,188.7,0.14334579706192016,0.06342315654391338,0.5228038370609284,0.05150672523402496
0.3474426147265312,0.9320662765548052,225.8,38.53170809534541,192.2,0.13739652037620545,0.06164812670892832,0.5260759949684143,0.05222382366463302
0.36009658605624467,0.9320662765548052,223.8,39.29879138203254,194.2,0.13318604826927186,0.06474224829170072,0.5282922983169556,0.0529195711303493
0.37275055738595814,0.9320662765548052,221.9,39.879962358349275,196.1,0.13225857615470887,0.06416224669432759,0.5086685955524445,0.07123094115282746
0.38540452871567166,0.9320662765548052,219.5,40.82795049158966,198.5,0.13250721096992493,0.06281746595507888,0.5125222206115723,0.07004952900107002
0.3980585000453851,0.9320662765548052,216.0,41.723020768143726,202.0,0.124527907371521,0.06359532918053923,0.5164332926273346,0.06667911086159864
0.4107124713750986,0.9320662765548052,208.6,42.259506978646385,209.4,0.11757824420928956,0.060423098623686444,0.5316383540630341,0.06933309123910648
0.42336644270481205,0.9320662765548052,195.5,51.3002294624147,222.5,0.10168834328651429,0.0669759199715809,0.5304400324821472,0.08351760908658723
0.4360204140345255,0.9320662765548052,177.5,64.99848477514817,240.5,0.10422325730323792,0.061721823825687805,0.553842306137085,0.06575077212419166
0.44867438536423904,0.9320662765548052,153.2,74.13512364481113,264.8,0.1014687478542328,0.06396489161011706,0.5750075101852417,0.06248536179315034
0.4613283566939525,0.9320662765548052,129.3,85.46248265166443,288.7,0.08246806859970093,0.07021419629134865,0.5926077723503113,0.05646778330000523
0.47398232802366597,0.9320662765548052,110.9,92.05398539074974,307.1,0.0820008635520935,0.07029869961802505,0.5924055755138398,0.055804357271046955
0.4866362993533795,0.9320662765548052,98.4,91.3376283402096,319.6,0.05571991801261902,0.06677449826688883,0.6109996318817139,0.058149383073155717
0.49929027068309295,0.9320662765548052,86.1,88.00631313221643,331.9,0.037549710273742674,0.09132933069890464,0.6264929115772248,0.06068431846084232
0.5119442420128064,0.9320662765548052,69.3,83.36836071287014,348.7,0.05163353681564331,0.060293809438718406,0.6317017197608947,0.056913363528095104
0.5245982133425199,0.9320662765548052,61.8,79.56364034930425,356.2,0.04450495839118958,0.05312429577811314,0.6284096658229827,0.052034524626313826
0.5372521846722333,0.9320662765548052,49.8,76.30533276718263,368.2,0.029708397388458253,0.04487731848519416,0.631007868051529,0.03782471919155719
0.5499061560019469,0.9320662765548052,46.2,71.7656658566043,371.8,0.034324359893798825,0.053748146598343094,0.6284962594509125,0.03753697758964104
0.5625601273316603,0.9320662765548052,34.2,56.17442305321299,383.8,0.027378982305526732,0.04367707323066298,0.6506066977977752,0.04496524488111351
0.5752140986613739,0.9320662765548052,21.5,37.27071266751918,396.5,0.02043052315711975,0.036814190433914706,0.6472414553165435,0.042445476726457446
0.5878680699910873,0.9320662765548052,14.1,31.896415996242805,403.9,0.01056421995162964,0.023897925833545178,0.6417419135570526,0.03846942767444256
0.6005220413208008,0.9320662765548052,0.2,0.4524314325708198,417.8,-6.603844451904297,14.93893402924961,0.6359020113945008,0.0357891220647029
0.1070171594619751,0.9529343152459813,270.8,20.60592159171095,147.2,0.2112914264202118,0.04402737452067258,0.48579350113868713,0.06287443471450321
0.11967113079168858,0.9529343152459813,270.8,20.60592159171095,147.2,0.2112914264202118,0.04402737452067258,0.48579350113868713,0.06287443471450321
0.13232510212140206,0.9529343152459813,270.8,20.60592159171095,147.2,0.2112914264202118,0.04402737452067258,0.48579350113868713,0.06287443471450321
0.14497907345111555,0.9529343152459813,269.9,20.596675605338522,148.10000000000002,0.20960437059402465,0.04478583479909339,0.48383655548095705,0.05625073380699329
0.157633044780829,0.9529343152459813,267.3,21.1243708668035,150.7,0.21017060279846192,0.04410011130612782,0.49506805539131166,0.06450855511378238
0.17028701611054248,0.9529343152459813,265.4,21.979560017898674,152.60000000000002,0.20810107588768006,0.04349710120999208,0.49670363068580625,0.06708310144503468
0.18294098744025597,0.9529343152459813,263.0,23.46302798379596,155.0,0.2017063856124878,0.043984729424297125,0.49829151630401614,0.0616278886329075
0.19559495876996946,0.9529343152459813,259.3,25.109038722709638,158.7,0.19963547587394714,0.04491215791727029,0.5016025304794312,0.06875270808979309
0.20824893009968293,0.9529343152459813,258.2,25.78109413941484,159.8,0.19874954223632812,0.0448127479824097,0.5047922670841217,0.06677602065117978
0.2209029014293964,0.9529343152459813,254.5,27.994036208811746,163.5,0.19228673577308655,0.04782125779224895,0.5109256744384766,0.07191701904110308
0.23355687275910988,0.9529343152459813,252.1,29.32759750644795,165.9,0.18718752264976501,0.05011332773917204,0.5046991288661957,0.06857168416950668
0.24621084408882338,0.9529343152459813,250.0,30.60189488233916,168.0,0.18509892821311952,0.05028187807024524,0.5105915844440461,0.06825817233915087
0.25886481541853684,0.9529343152459813,247.6,31.43810710727213,170.4,0.18112241625785827,0.05226645396102732,0.5162491500377655,0.06781722382186382
0.2715187867482503,0.9529343152459813,245.9,32.16976965267494,172.1,0.1817595899105072,0.0536866945493359,0.520834881067276,0.06778776424438325
0.2841727580779638,0.9529343152459813,243.2,33.268668286693305,174.8,0.179271000623703,0.053510335746396104,0.513108491897583,0.05736661969178106
0.2968267294076773,0.9529343152459813,236.5,36.38605550715481,181.5,0.16063047647476197,0.05899459845189819,0.5154040455818176,0.06104209034091176
0.30948070073739076,0.9529343152459813,233.5,37.75724860149196,184.5,0.15223516821861266,0.06074976684882782,0.5135947942733765,0.06215146458117844
0.3221346720671042,0.9529343152459813,232.8,37.86934873289556,185.2,0.1504035174846649,0.060293241605340886,0.5150177419185639,0.062078804803677154
0.3347886433968177,0.9529343152459813,230.6,38.61631778642903,187.4,0.14631184339523315,0.06509796144872387,0.5152322173118591,0.057254965751833004
0.3474426147265312,0.9529343152459813,227.1,39.96257123536117,190.9,0.14036256670951844,0.06352799373016348,0.5185043752193451,0.05814370652416048
0.36009658605624467,0.9529343152459813,225.1,40.73900181769234,192.9,0.13615209460258484,0.06664139045030433,0.5207206785678864,0.058931545469194865
0.37275055738595814,0.9529343152459813,222.8,40.908019627346455,195.2,0.13455771207809447,0.06515888833816146,0.5028563559055328,0.07315606318257137
0.38540452871567166,0.9529343152459813,220.2,41.65318774338217,197.8,0.13453142046928407,0.06344017534352402,0.5072675585746765,0.0717151850568278
0.3980585000453851,0.9529343152459813,216.7,42.56363571614546,201.3,0.12655211687088014,0.0643533632176336,0.5111786305904389,0.06859741892258057
0.4107124713750986,0.9529343152459813,209.2,43.044174215142,208.8,0.11971800327301026,0.061535827490100864,0.5273708999156952,0.07088456010425653
0.42336644270481205,0.9529343152459813,196.1,52.034477609879744,221.9,0.10382810235023499,0.06826526327604465,0.5261725783348083,0.08477569820238896
0.4360204140345255,0.9529343152459813,178.1,65.67311468456884,239.9,0.10636301636695862,0.06306970439284218,0.5495748519897461,0.06817962343862023
0.44867438536423904,0.9529343152459813,153.7,74.71974319470245,264.3,0.10353151559829712,0.06526337360121696,0.5716931641101837,0.06496669644822918
0.4613283566939525,0.9529343152459813,129.3,85.46248265166443,288.7,0.08246806859970093,0.07021419629134865,0.5926077723503113,0.05646778330000523
0.47398232802366597,0.9529343152459813,110.9,92.05398539074974,307.1,0.0820008635520935,0.07029869961802505,0.5924055755138398,0.055804357271046955
0.4866362993533795,0.9529343152459813,98.4,91.3376283402096,319.6,0.05571991801261902,0.06677449826688883,0.6109996318817139,0.058149383073155717
0.49929027068309295,0.9529343152459813,86.1,88.00631313221643,331.9,0.037549710273742674,0.09132933069890464,0.6264929115772248,0.06068431846084232
0.5119442420128064,0.9529343152459813,69.3,83.36836071287014,348.7,0.05163353681564331,0.060293809438718406,0.6317017197608947,0.056913363528095104
0.5245982133425199,0.9529343152459813,61.8,79.56364034930425,356.2,0.04450495839118958,0.05312429577811314,0.6284096658229827,0.052034524626313826
0.5372521846722333,0.9529343152459813,49.8,76.30533276718263,368.2,0.029708397388458253,0.04487731848519416,0.631007868051529,0.03782471919155719
0.5499061560019469,0.9529343152459813,46.2,71.7656658566043,371.8,0.034324359893798825,0.053748146598343094,0.6284962594509125,0.03753697758964104
0.5625601273316603,0.9529343152459813,34.2,56.17442305321299,383.8,0.027378982305526732,0.04367707323066298,0.6506066977977752,0.04496524488111351
0.5752140986613739,0.9529343152459813,21.5,37.27071266751918,396.5,0.02043052315711975,0.036814190433914706,0.6472414553165435,0.042445476726457446
0.5878680699910873,0.9529343152459813,14.1,31.896415996242805,403.9,0.01056421995162964,0.023897925833545178,0.6417419135570526,0.03846942767444256
0.6005220413208008,0.9529343152459813,0.2,0.4524314325708198,417.8,-6.603844451904297,14.93893402924961,0.6359020113945008,0.0357891220647029
0.1070171594619751,0.9738023539371572,274.1,20.86001126688042,143.89999999999998,0.21834916472434998,0.04528436256370594,0.4903597116470337,0.06969939108913452
0.11967113079168858,0.9738023539371572,274.1,20.86001126688042,143.89999999999998,0.21834916472434998,0.04528436256370594,0.4903597116470337,0.06969939108913452
0.13232510212140206,0.9738023539371572,273.9,20.849105353749835,144.10000000000002,0.2173567831516266,0.045327372261053184,0.4905791461467743,0.07000457823666949
0.14497907345111555,0.9738023539371572,272.7,20.935107223810487,145.3,0.21578707098960875,0.04608807630285386,0.4907162070274353,0.06469940643855056
0.157633044780829,0.9738023539371572,269.6,21.964032976129015,148.39999999999998,0.21433934569358826,0.0446562705620343,0.5041017770767212,0.0687839540385324
0.17028701611054248,0.9738023539371572,267.1,23.30119487654734,150.89999999999998,0.21127617359161377,0.04439857592400207,0.5055392563343049,0.06986055299468327
0.18294098744025597,0.9738023539371572,264.3,24.840390164031287,153.7,0.20427134037017822,0.04501114585239758,0.5036433935165405,0.06370962873933554
0.19559495876996946,0.9738023539371572,260.6,26.50405649788204,157.39999999999998,0.20220043063163756,0.045983576105662005,0.5069544076919555,0.07048193980599132
0.20824893009968293,0.9738023539371572,259.5,27.171532566256197,158.5,0.20131449699401854,0.045914636575921104,0.5101441442966461,0.06841339666397032
0.2209029014293964,0.9738023539371572,255.8,29.372832927136844,162.2,0.19485169053077697,0.049047886247337344,0.516277551651001,0.07318527856399057
0.23355687275910988,0.9738023539371572,253.4,30.70428731017647,164.6,0.18975247740745543,0.0514299684919093,0.5100510060787201,0.07017120939220789
0.24621084408882338,0.9738023539371572,251.1,31.76243738059607,166.9,0.18748364448547364,0.0514594973836153,0.5175562798976898,0.0700446940348424
0.25886481541853684,0.9738023539371572,248.7,32.614923241855784,169.3,0.1835071325302124,0.05350120207774372,0.5232138454914093,0.06929248132872304
0.2715187867482503,0.9738023539371572,247.0,33.35265003567533,171.0,0.18414430618286132,0.05487376103485795,0.5277995765209198,0.06900096577851494
0.2841727580779638,0.9738023539371572,244.3,34.46283402138512,173.7,0.18165571689605714,0.05476288208740247,0.5200731873512268,0.05931336915850676
0.2968267294076773,0.9738023539371572,237.6,37.59266903178722,180.4,0.1630151927471161,0.06055188395354221,0.5223687410354614,0.06273039371893586
0.30948070073739076,0.9738023539371572,234.6,38.969555790901794,183.4,0.1546198844909668,0.062445730093389766,0.5205594897270203,0.0639226067389363
0.3221346720671042,0.9738023539371572,233.9,39.08938048043277,184.1,0.15278823375701905,0.06204173778001377,0.5219824373722076,0.06376365033578638
0.3347886433968177,0.9738023539371572,231.7,39.84801239821999,186.3,0.14869655966758727,0.06680376440766884,0.522196912765503,0.05906316548722084
0.3474426147265312,0.9738023539371572,227.6,40.56381348283178,190.4,0.14195310473442077,0.06426275837279302,0.5273805677890777,0.05680708755992309
0.36009658605624467,0.9738023539371572,225.6,41.34270580933394,192.4,0.13774263262748718,0.06739871447874517,0.529596871137619,0.057418729147689175
0.37275055738595814,0.9738023539371572,223.3,41.52501526639194,194.7,0.13614825010299683,0.06595510860761876,0.5117325484752655,0.07318547659765372
0.38540452871567166,0.9738023539371572,220.7,42.27679291569634,197.3,0.1361219584941864,0.06425806583132701,0.5161437511444091,0.0714342064870184
0.3980585000453851,0.9738023539371572,217.1,43.068803015938364,200.9,0.12733636498451234,0.06478220161543423,0.5200300753116608,0.06800740524233906
0.4107124713750986,0.9738023539371572,209.6,43.582923395890944,208.4,0.12050225138664246,0.06203330785516267,0.5362223446369171,0.06914502451207025
0.42336644270481205,0.9738023539371572,196.1,52.034477609879744,221.9,0.10382810235023499,0.06826526327604465,0.5261725783348083,0.08477569820238896
0.4360204140345255,0.9738023539371572,178.1,65.67311468456884,239.9,0.10636301636695862,0.06306970439284218,0.5495748519897461,0.06817962343862023
0.44867438536423904,0.9738023539371572,153.7,74.71974319470245,264.3,0.10353151559829712,0.06526337360121696,0.5716931641101837,0.06496669644822918
0.4613283566939525,0.9738023539371572,129.3,85.46248265166443,288.7,0.08246806859970093,0.07021419629134865,0.5926077723503113,0.05646778330000523
0.47398232802366597,0.9738023539371572,110.9,92.05398539074974,307.1,0.0820008635520935,0.07029869961802505,0.5924055755138398,0.055804357271046955
0.4866362993533795,0.9738023539371572,98.4,91.3376283402096,319.6,0.05571991801261902,0.06677449826688883,0.6109996318817139,0.058149383073155717
0.49929027068309295,0.9738023539371572,86.1,88.00631313221643,331.9,0.037549710273742674,0.09132933069890464,0.6264929115772248,0.06068431846084232
0.5119442420128064,0.9738023539371572,69.3,83.36836071287014,348.7,0.05163353681564331,0.060293809438718406,0.6317017197608947,0.056913363528095104
0.5245982133425199,0.9738023539371572,61.8,79.56364034930425,356.2,0.04450495839118958,0.05312429577811314,0.6284096658229827,0.052034524626313826
0.5372521846722333,0.9738023539371572,49.8,76.30533276718263,368.2,0.029708397388458253,0.04487731848519416,0.631007868051529,0.03782471919155719
0.5499061560019469,0.9738023539371572,46.2,71.7656658566043,371.8,0.034324359893798825,0.053748146598343094,0.6284962594509125,0.03753697758964104
0.5625601273316603,0.9738023539371572,34.2,56.17442305321299,383.8,0.027378982305526732,0.04367707323066298,0.6506066977977752,0.04496524488111351
0.5752140986613739,0.9738023539371572,21.5,37.27071266751918,396.5,0.02043052315711975,0.036814190433914706,0.6472414553165435,0.042445476726457446
0.5878680699910873,0.9738023539371572,14.1,31.896415996242805,403.9,0.01056421995162964,0.023897925833545178,0.6417419135570526,0.03846942767444256
0.6005220413208008,0.9738023539371572,0.2,0.4524314325708198,417.8,-6.603844451904297,14.93893402924961,0.6359020113945008,0.0357891220647029
0.1070171594619751,0.9946703926283333,277.7,21.732020054935873,140.3,0.22420796751976013,0.04868563800348036,0.46929726004600525,0.07090639773904409
0.11967113079168858,0.9946703926283333,277.7,21.732020054935873,140.3,0.22420796751976013,0.04868563800348036,0.46929726004600525,0.07090639773904409
0.13232510212140206,0.9946703926283333,277.5,21.70898358888263,140.5,0.2232536256313324,0.04870423572766682,0.4695934534072876,0.07130473659121352
0.14497907345111555,0.9946703926283333,274.7,22.29509896391613,143.3,0.21953147053718566,0.049031223575385405,0.4791371703147888,0.06338185929361691
0.157633044780829,0.9946703926283333,271.3,23.629768918962895,146.7,0.21837732195854187,0.047572245555440526,0.4941129684448242,0.06806567383580084
0.17028701611054248,0.9946703926283333,268.7,24.98645632223965,149.3,0.21532023549079896,0.047479251603240735,0.4968487560749054,0.06968224477813381
0.18294098744025597,0.9946703926283333,265.8,26.531073673169924,152.2,0.20849236845970154,0.048416041303511105,0.49570966958999635,0.06370372292084675
0.19559495876996946,0.9946703926283333,262.1,28.206901675460845,155.89999999999998,0.20642145872116088,0.04942205653913435,0.49902068376541137,0.07068821564029198
0.20824893009968293,0.9946703926283333,260.5,28.282996311456383,157.5,0.20330663323402404,0.04679140216034803,0.5042264223098755,0.06844505833821793
0.2209029014293964,0.9946703926283333,256.2,29.822366779292437,161.8,0.19620596170425414,0.049340145234805406,0.5155620515346527,0.07361621137858831
0.23355687275910988,0.9946703926283333,253.8,31.152130068187912,164.2,0.19110674858093263,0.05178464597046288,0.5093355059623719,0.07058465781135145
0.24621084408882338,0.9946703926283333,251.5,32.211808265320066,166.5,0.1888379156589508,0.05184767996044363,0.5168407797813416,0.07050220699505418
0.25886481541853684,0.9946703926283333,249.1,33.06921655926978,168.9,0.1848614037036896,0.05393148200786422,0.522498345375061,0.06978791678998805
0.2715187867482503,0.9946703926283333,247.4,33.808466681859784,170.6,0.1854985773563385,0.0552844868831569,0.5270840764045716,0.06952531814781762
0.2841727580779638,0.9946703926283333,244.7,34.921744643828966,173.3,0.1830099880695343,0.05520915395320801,0.5193576872348785,0.059870073455263455
0.2968267294076773,0.9946703926283333,238.0,38.0538796226389,180.0,0.16436946392059326,0.06119081360459387,0.5216532409191131,0.06327179490096044
0.30948070073739076,0.9946703926283333,234.9,39.32576589782736,183.1,0.1558834969997406,0.06304220606745421,0.5202644228935241,0.06384325528734096
0.3221346720671042,0.9946703926283333,234.2,39.447535552375484,183.8,0.15405184626579285,0.06266306558353382,0.5216873705387115,0.06368784941744464
0.3347886433968177,0.9946703926283333,232.0,40.208743232099444,186.0,0.1499601721763611,0.06742481074022205,0.5219018459320068,0.058981934041127816
0.3474426147265312,0.9946703926283333,227.9,40.93532274447367,190.1,0.14321671724319457,0.06498272388636504,0.5270855009555817,0.056737955400909805
0.36009658605624467,0.9946703926283333,225.9,41.71545662659489,192.1,0.13900624513626098,0.06812994433469328,0.5293018043041229,0.05735681752878747
0.37275055738595814,0.9946703926283333,223.5,41.777836849163165,194.5,0.1371261417865753,0.06653655883526485,0.5118964731693267,0.07323781044436867
0.38540452871567166,0.9946703926283333,220.9,42.53209749073383,197.1,0.13709985017776488,0.06485495796103113,0.5163076758384705,0.07148207077621135
0.3980585000453851,0.9946703926283333,217.1,43.068803015938364,200.9,0.12733636498451234,0.06478220161543423,0.5200300753116608,0.06800740524233906
0.4107124713750986,0.9946703926283333,209.6,43.582923395890944,208.4,0.12050225138664246,0.06203330785516267,0.5362223446369171,0.06914502451207025
0.42336644270481205,0.9946703926283333,196.1,52.034477609879744,221.9,0.10382810235023499,0.06826526327604465,0.5261725783348083,0.08477569820238896
0.4360204140345255,0.9946703926283333,178.1,65.67311468456884,239.9,0.10636301636695862,0.06306970439284218,0.5495748519897461,0.06817962343862023
0.44867438536423904,0.9946703926283333,153.7,74.71974319470245,264.3,0.10353151559829712,0.06526337360121696,0.5716931641101837,0.06496669644822918
0.4613283566939525,0.9946703926283333,129.3,85.46248265166443,288.7,0.08246806859970093,0.07021419629134865,0.5926077723503113,0.05646778330000523
0.47398232802366597,0.9946703926283333,110.9,92.05398539074974,307.1,0.0820008635520935,0.07029869961802505,0.5924055755138398,0.055804357271046955
0.4866362993533795,0.9946703926283333,98.4,91.3376283402096,319.6,0.05571991801261902,0.06677449826688883,0.6109996318817139,0.058149383073155717
0.49929027068309295,0.9946703926283333,86.1,88.00631313221643,331.9,0.037549710273742674,0.09132933069890464,0.6264929115772248,0.06068431846084232
0.5119442420128064,0.9946703926283333,69.3,83.36836071287014,348.7,0.05163353681564331,0.060293809438718406,0.6317017197608947,0.056913363528095104
0.5245982133425199,0.9946703926283333,61.8,79.56364034930425,356.2,0.04450495839118958,0.05312429577811314,0.6284096658229827,0.052034524626313826
0.5372521846722333,0.9946703926283333,49.8,76.30533276718263,368.2,0.029708397388458253,0.04487731848519416,0.631007868051529,0.03782471919155719
0.5499061560019469,0.9946703926283333,46.2,71.7656658566043,371.8,0.034324359893798825,0.053748146598343094,0.6284962594509125,0.03753697758964104
0.5625601273316603,0.9946703926283333,34.2,56.17442305321299,383.8,0.027378982305526732,0.04367707323066298,0.6506066977977752,0.04496524488111351
0.5752140986613739,0.9946703926283333,21.5,37.27071266751918,396.5,0.02043052315711975,0.036814190433914706,0.6472414553165435,0.042445476726457446
0.5878680699910873,0.9946703926283333,14.1,31.896415996242805,403.9,0.01056421995162964,0.023897925833545178,0.6417419135570526,0.03846942767444256
0.6005220413208008,0.9946703926283333,0.2,0.4524314325708198,417.8,-6.603844451904297,14.93893402924961,0.6359020113945008,0.0357891220647029
0.1070171594619751,1.0155384313195093,279.3,22.033431411018483,138.7,0.22662680149078368,0.04976357882637943,0.46321922540664673,0.06395280191813742
0.11967113079168858,1.0155384313195093,279.3,22.033431411018483,138.7,0.22662680149078368,0.04976357882637943,0.46321922540664673,0.06395280191813742
0.13232510212140206,1.0155384313195093,279.1,21.967268681547573,138.89999999999998,0.22577330470085144,0.04961916037208968,0.4636896014213562,0.0645290375838767
0.14497907345111555,1.0155384313195093,275.0,22.500599790089936,143.0,0.21883590817451476,0.049142420844477015,0.4761758327484131,0.06261237281103404
0.157633044780829,1.0155384313195093,271.6,23.848091455570227,146.39999999999998,0.21768175959587097,0.047677272072975035,0.4911516308784485,0.06772309536804517
0.17028701611054248,1.0155384313195093,268.9,25.220657093162036,149.10000000000002,0.2152708053588867,0.04758563647701707,0.4938635051250458,0.06940726612225435
0.18294098744025597,1.0155384313195093,266.0,26.764080128460243,152.0,0.20844293832778932,0.04851641698747106,0.4927244186401367,0.06337231808302952
0.19559495876996946,1.0155384313195093,262.2,28.320264261055126,155.8,0.20628600120544432,0.049411726277571136,0.4973502099514008,0.070113290567763
0.20824893009968293,1.0155384313195093,260.6,28.399258730498282,157.39999999999998,0.2031711757183075,0.046775362389605266,0.5025559484958648,0.06792396304559904
0.2209029014293964,1.0155384313195093,256.3,29.940817759530006,161.7,0.1960705041885376,0.04931384540137269,0.5138915777206421,0.07327904889389822
0.23355687275910988,1.0155384313195093,253.9,31.269907917638815,164.1,0.19097129106521607,0.051751999837851226,0.5076650321483612,0.07014868576259216
0.24621084408882338,1.0155384313195093,251.6,32.32977078198298,166.4,0.18870245814323425,0.05181170092817665,0.5151703059673309,0.07016739094046985
0.25886481541853684,1.0155384313195093,249.2,33.188243348198945,168.8,0.18472594618797303,0.05389121117345952,0.5208278715610504,0.06952698945500717
0.2715187867482503,1.0155384313195093,247.5,33.92774903194912,170.5,0.18536311984062195,0.05524609063939119,0.5254136025905609,0.06932625810281087
0.2841727580779638,1.0155384313195093,244.8,35.04161847385286,173.2,0.18287453055381775,0.05516723100369323,0.5176872134208679,0.059515615507656994
0.2968267294076773,1.0155384313195093,238.1,38.17389746851826,179.9,0.1642340064048767,0.06112950974973571,0.5199827671051025,0.06297113277822244
0.30948070073739076,1.0155384313195093,235.0,39.4463824191193,183.0,0.15574803948402405,0.06297232608248471,0.5185939490795135,0.0635245347584995
0.3221346720671042,1.0155384313195093,234.2,39.447535552375484,183.8,0.15405184626579285,0.06266306558353382,0.5216873705387115,0.06368784941744464
0.3347886433968177,1.0155384313195093,232.0,40.208743232099444,186.0,0.1499601721763611,0.06742481074022205,0.5219018459320068,0.058981934041127816
0.3474426147265312,1.0155384313195093,227.9,40.93532274447367,190.1,0.14321671724319457,0.06498272388636504,0.5270855009555817,0.056737955400909805
0.36009658605624467,1.0155384313195093,225.9,41.71545662659489,192.1,0.13900624513626098,0.06812994433469328,0.5293018043041229,0.05735681752878747
0.37275055738595814,1.0155384313195093,223.5,41.777836849163165,194.5,0.1371261417865753,0.06653655883526485,0.5118964731693267,0.07323781044436867
0.38540452871567166,1.0155384313195093,220.9,42.53209749073383,197.1,0.13709985017776488,0.06485495796103113,0.5163076758384705,0.07148207077621135
0.3980585000453851,1.0155384313195093,217.1,43.068803015938364,200.9,0.12733636498451234,0.06478220161543423,0.5200300753116608,0.06800740524233906
0.4107124713750986,1.0155384313195093,209.6,43.582923395890944,208.4,0.12050225138664246,0.06203330785516267,0.5362223446369171,0.06914502451207025
0.42336644270481205,1.0155384313195093,196.1,52.034477609879744,221.9,0.10382810235023499,0.06826526327604465,0.5261725783348083,0.08477569820238896
0.4360204140345255,1.0155384313195093,178.1,65.67311468456884,239.9,0.10636301636695862,0.06306970439284218,0.5495748519897461,0.06817962343862023
0.44867438536423904,1.0155384313195093,153.7,74.71974319470245,264.3,0.10353151559829712,0.06526337360121696,0.5716931641101837,0.06496669644822918
0.4613283566939525,1.0155384313195093,129.3,85.46248265166443,288.7,0.08246806859970093,0.07021419629134865,0.5926077723503113,0.05646778330000523
0.47398232802366597,1.0155384313195093,110.9,92.05398539074974,307.1,0.0820008635520935,0.07029869961802505,0.5924055755138398,0.055804357271046955
0.4866362993533795,1.0155384313195093,98.4,91.3376283402096,319.6,0.05571991801261902,0.06677449826688883,0.6109996318817139,0.058149383073155717
0.49929027068309295,1.0155384313195093,86.1,88.00631313221643,331.9,0.037549710273742674,0.09132933069890464,0.6264929115772248,0.06068431846084232
0.5119442420128064,1.0155384313195093,69.3,83.36836071287014,348.7,0.05163353681564331,0.060293809438718406,0.6317017197608947,0.056913363528095104
0.5245982133425199,1.0155384313195093,61.8,79.56364034930425,356.2,0.04450495839118958,0.05312429577811314,0.6284096658229827,0.052034524626313826
0.5372521846722333,1.0155384313195093,49.8,76.30533276718263,368.2,0.029708397388458253,0.04487731848519416,0.631007868051529,0.03782471919155719
0.5499061560019469,1.0155384313195093,46.2,71.7656658566043,371.8,0.034324359893798825,0.053748146598343094,0.6284962594509125,0.03753697758964104
0.5625601273316603,1.0155384313195093,34.2,56.17442305321299,383.8,0.027378982305526732,0.04367707323066298,0.6506066977977752,0.04496524488111351
0.5752140986613739,1.0155384313195093,21.5,37.27071266751918,396.5,0.02043052315711975,0.036814190433914706,0.6472414553165435,0.042445476726457446
0.5878680699910873,1.0155384313195093,14.1,31.896415996242805,403.9,0.01056421995162964,0.023897925833545178,0.6417419135570526,0.03846942767444256
0.6005220413208008,1.0155384313195093,0.2,0.4524314325708198,417.8,-6.603844451904297,14.93893402924961,0.6359020113945008,0.0357891220647029
0.1070171594619751,1.0364064700106854,283.8,23.440722415539394,134.2,0.2371839702129364,0.05788708294785031,0.45341047644615173,0.06474225398531831
0.11967113079168858,1.0364064700106854,283.8,23.440722415539394,134.2,0.2371839702129364,0.05788708294785031,0.45341047644615173,0.06474225398531831
0.13232510212140206,1.0364064700106854,283.6,23.40042161909709,134.39999999999998,0.23633047342300414,0.05785160613259911,0.4538808524608612,0.06535167967964933
0.14497907345111555,1.0364064700106854,278.5,24.69392053238096,139.5,0.22769587635993957,0.05717171476415691,0.4699183225631714,0.05844956973354044
0.157633044780829,1.0364064700106854,274.4,26.308108669825828,143.60000000000002,0.22607516050338744,0.05599028639686057,0.48396308422088624,0.06557257817183905
0.17028701611054248,1.0364064700106854,270.2,26.55463762242614,147.8,0.21721482276916504,0.049295274233135004,0.4924223840236664,0.06596364442305253
0.18294098744025597,1.0364064700106854,267.3,28.101075183964408,150.7,0.21038695573806762,0.050344497842264975,0.4912832975387573,0.05956523924916237
0.19559495876996946,1.0364064700106854,263.5,29.6818046590922,154.5,0.20823001861572266,0.051254393151724253,0.4959090888500214,0.06674894321662958
0.20824893009968293,1.0364064700106854,261.9,29.796902719240933,156.10000000000002,0.2051151931285858,0.04878846839665598,0.5011148273944854,0.06451158016111505
0.2209029014293964,1.0364064700106854,257.6,31.37111689857565,160.39999999999998,0.1980145215988159,0.05138027877078184,0.5124504566192627,0.07026005535340929
0.23355687275910988,1.0364064700106854,255.2,32.6963236672373,162.8,0.19291530847549437,0.05382954675197143,0.5062239110469818,0.06691255670841398
0.24621084408882338,1.0364064700106854,252.2,33.03541290011405,165.8,0.19177598953247071,0.05556575088554076,0.5127797544002533,0.06809198590959009
0.25886481541853684,1.0364064700106854,249.7,33.79980423796937,168.3,0.1852242112159729,0.05404775373617984,0.516666442155838,0.06976846739930602
0.2715187867482503,1.0364064700106854,248.0,34.54020897253328,170.0,0.18586138486862183,0.05539554617931021,0.5212521731853486,0.06972422866433778
0.2841727580779638,1.0364064700106854,245.3,35.6564736516,172.7,0.18337279558181763,0.055329643697099584,0.5135257840156555,0.05967313147856388
0.2968267294076773,1.0364064700106854,238.1,38.17389746851826,179.9,0.1642340064048767,0.06112950974973571,0.5199827671051025,0.06297113277822244
0.30948070073739076,1.0364064700106854,235.0,39.4463824191193,183.0,0.15574803948402405,0.06297232608248471,0.5185939490795135,0.0635245347584995
0.3221346720671042,1.0364064700106854,234.2,39.447535552375484,183.8,0.15405184626579285,0.06266306558353382,0.5216873705387115,0.06368784941744464
0.3347886433968177,1.0364064700106854,232.0,40.208743232099444,186.0,0.1499601721763611,0.06742481074022205,0.5219018459320068,0.058981934041127816
0.3474426147265312,1.0364064700106854,227.9,40.93532274447367,190.1,0.14321671724319457,0.06498272388636504,0.5270855009555817,0.056737955400909805
0.36009658605624467,1.0364064700106854,225.9,41.71545662659489,192.1,0.13900624513626098,0.06812994433469328,0.5293018043041229,0.05735681752878747
0.37275055738595814,1.0364064700106854,223.5,41.777836849163165,194.5,0.1371261417865753,0.06653655883526485,0.5118964731693267,0.07323781044436867
0.38540452871567166,1.0364064700106854,220.9,42.53209749073383,197.1,0.13709985017776488,0.06485495796103113,0.5163076758384705,0.07148207077621135
0.3980585000453851,1.0364064700106854,217.1,43.068803015938364,200.9,0.12733636498451234,0.06478220161543423,0.5200300753116608,0.06800740524233906
0.4107124713750986,1.0364064700106854,209.6,43.582923395890944,208.4,0.12050225138664246,0.06203330785516267,0.5362223446369171,0.06914502451207025
0.42336644270481205,1.0364064700106854,196.1,52.034477609879744,221.9,0.10382810235023499,0.06826526327604465,0.5261725783348083,0.08477569820238896
0.4360204140345255,1.0364064700106854,178.1,65.67311468456884,239.9,0.10636301636695862,0.06306970439284218,0.5495748519897461,0.06817962343862023
0.44867438536423904,1.0364064700106854,153.7,74.71974319470245,264.3,0.10353151559829712,0.06526337360121696,0.5716931641101837,0.06496669644822918
0.4613283566939525,1.0364064700106854,129.3,85.46248265166443,288.7,0.08246806859970093,0.07021419629134865,0.5926077723503113,0.05646778330000523
0.47398232802366597,1.0364064700106854,110.9,92.05398539074974,307.1,0.0820008635520935,0.07029869961802505,0.5924055755138398,0.055804357271046955
0.4866362993533795,1.0364064700106854,98.4,91.3376283402096,319.6,0.05571991801261902,0.06677449826688883,0.6109996318817139,0.058149383073155717
0.49929027068309295,1.0364064700106854,86.1,88.00631313221643,331.9,0.037549710273742674,0.09132933069890464,0.6264929115772248,0.06068431846084232
0.5119442420128064,1.0364064700106854,69.3,83.36836071287014,348.7,0.05163353681564331,0.060293809438718406,0.6317017197608947,0.056913363528095104
0.5245982133425199,1.0364064700106854,61.8,79.56364034930425,356.2,0.04450495839118958,0.05312429577811314,0.6284096658229827,0.052034524626313826
0.5372521846722333,1.0364064700106854,49.8,76.30533276718263,368.2,0.029708397388458253,0.04487731848519416,0.631007868051529,0.03782471919155719
0.5499061560019469,1.0364064700106854,46.2,71.7656658566043,371.8,0.034324359893798825,0.053748146598343094,0.6284962594509125,0.03753697758964104
0.5625601273316603,1.0364064700106854,34.2,56.17442305321299,383.8,0.027378982305526732,0.04367707323066298,0.6506066977977752,0.04496524488111351
0.5752140986613739,1.0364064700106854,21.5,37.27071266751918,396.5,0.02043052315711975,0.036814190433914706,0.6472414553165435,0.042445476726457446
0.5878680699910873,1.0364064700106854,14.1,31.896415996242805,403.9,0.01056421995162964,0.023897925833545178,0.6417419135570526,0.03846942767444256
0.6005220413208008,1.0364064700106854,0.2,0.4524314325708198,417.8,-6.603844451904297,14.93893402924961,0.6359020113945008,0.0357891220647029
0.1070171594619751,1.0572745087018613,285.5,23.836286561039703,132.5,0.24070410132408143,0.05910140744348403,0.4462979733943939,0.06775524803041237
0.11967113079168858,1.0572745087018613,285.2,23.547210097826206,132.8,0.24045557379722596,0.059154105841595424,0.44615094661712645,0.06769927942178737
0.13232510212140206,1.0572745087018613,285.0,23.513863595379995,133.0,0.2396020770072937,0.059146238908947324,0.44662132263183596,0.0683107472708441
0.14497907345111555,1.0572745087018613,279.7,24.97735221236574,138.3,0.2300915777683258,0.05884119419309685,0.4628766059875488,0.061282807078299056
0.157633044780829,1.0572745087018613,275.1,26.667134916275284,142.89999999999998,0.2278832972049713,0.05750662361401173,0.48074751496315005,0.06652670419313488
0.17028701611054248,1.0572745087018613,270.6,26.967679784987112,147.39999999999998,0.21864886283874513,0.05114541887389299,0.49099746346473694,0.06735515867470215
0.18294098744025597,1.0572745087018613,267.7,28.514847722364667,150.3,0.2118209958076477,0.05226406982801738,0.48985837697982787,0.06108753522134982
0.19559495876996946,1.0572745087018613,263.7,29.889499077296627,154.3,0.20877285599708556,0.05196563320625152,0.49492588043212893,0.06771339991172533
0.20824893009968293,1.0572745087018613,262.0,29.902717303721158,156.0,0.20526042580604553,0.048991581795862195,0.5004096269607544,0.06525281510663224
0.2209029014293964,1.0572745087018613,257.6,31.37111689857565,160.39999999999998,0.1980145215988159,0.05138027877078184,0.5124504566192627,0.07026005535340929
0.23355687275910988,1.0572745087018613,255.2,32.6963236672373,162.8,0.19291530847549437,0.05382954675197143,0.5062239110469818,0.06691255670841398
0.24621084408882338,1.0572745087018613,252.2,33.03541290011405,165.8,0.19177598953247071,0.05556575088554076,0.5127797544002533,0.06809198590959009
0.25886481541853684,1.0572745087018613,249.7,33.79980423796937,168.3,0.1852242112159729,0.05404775373617984,0.516666442155838,0.06976846739930602
0.2715187867482503,1.0572745087018613,248.0,34.54020897253328,170.0,0.18586138486862183,0.05539554617931021,0.5212521731853486,0.06972422866433778
0.2841727580779638,1.0572745087018613,245.3,35.6564736516,172.7,0.18337279558181763,0.055329643697099584,0.5135257840156555,0.05967313147856388
0.2968267294076773,1.0572745087018613,238.1,38.17389746851826,179.9,0.1642340064048767,0.06112950974973571,0.5199827671051025,0.06297113277822244
0.30948070073739076,1.0572745087018613,235.0,39.4463824191193,183.0,0.15574803948402405,0.06297232608248471,0.5185939490795135,0.0635245347584995
0.3221346720671042,1.0572745087018613,234.2,39.447535552375484,183.8,0.15405184626579285,0.06266306558353382,0.5216873705387115,0.06368784941744464
0.3347886433968177,1.0572745087018613,232.0,40.208743232099444,186.0,0.1499601721763611,0.06742481074022205,0.5219018459320068,0.058981934041127816
0.3474426147265312,1.0572745087018613,227.9,40.93532274447367,190.1,0.14321671724319457,0.06498272388636504,0.5270855009555817,0.056737955400909805
0.36009658605624467,1.0572745087018613,225.9,41.71545662659489,192.1,0.13900624513626098,0.06812994433469328,0.5293018043041229,0.05735681752878747
0.37275055738595814,1.0572745087018613,223.5,41.777836849163165,194.5,0.1371261417865753,0.06653655883526485,0.5118964731693267,0.07323781044436867
0.38540452871567166,1.0572745087018613,220.9,42.53209749073383,197.1,0.13709985017776488,0.06485495796103113,0.5163076758384705,0.07148207077621135
0.3980585000453851,1.0572745087018613,217.1,43.068803015938364,200.9,0.12733636498451234,0.06478220161543423,0.5200300753116608,0.06800740524233906
0.4107124713750986,1.0572745087018613,209.6,43.582923395890944,208.4,0.12050225138664246,0.06203330785516267,0.5362223446369171,0.06914502451207025
0.42336644270481205,1.0572745087018613,196.1,52.034477609879744,221.9,0.10382810235023499,0.06826526327604465,0.5261725783348083,0.08477569820238896
0.4360204140345255,1.0572745087018613,178.1,65.67311468456884,239.9,0.10636301636695862,0.06306970439284218,0.5495748519897461,0.06817962343862023
0.44867438536423904,1.0572745087018613,153.7,74.71974319470245,264.3,0.10353151559829712,0.06526337360121696,0.5716931641101837,0.06496669644822918
0.4613283566939525,1.0572745087018613,129.3,85.46248265166443,288.7,0.08246806859970093,0.07021419629134865,0.5926077723503113,0.05646778330000523
0.47398232802366597,1.0572745087018613,110.9,92.05398539074974,307.1,0.0820008635520935,0.07029869961802505,0.5924055755138398,0.055804357271046955
0.4866362993533795,1.0572745087018613,98.4,91.3376283402096,319.6,0.05571991801261902,0.06677449826688883,0.6109996318817139,0.058149383073155717
0.49929027068309295,1.0572745087018613,86.1,88.00631313221643,331.9,0.037549710273742674,0.09132933069890464,0.6264929115772248,0.06068431846084232
0.5119442420128064,1.0572745087018613,69.3,83.36836071287014,348.7,0.05163353681564331,0.060293809438718406,0.6317017197608947,0.056913363528095104
0.5245982133425199,1.0572745087018613,61.8,79.56364034930425,356.2,0.04450495839118958,0.05312429577811314,0.6284096658229827,0.052034524626313826
0.5372521846722333,1.0572745087018613,49.8,76.30533276718263,368.2,0.029708397388458253,0.04487731848519416,0.631007868051529,0.03782471919155719
0.5499061560019469,1.0572745087018613,46.2,71.7656658566043,371.8,0.034324359893798825,0.053748146598343094,0.6284962594509125,0.03753697758964104
0.5625601273316603,1.0572745087018613,34.2,56.17442305321299,383.8,0.027378982305526732,0.04367707323066298,0.6506066977977752,0.04496524488111351
0.5752140986613739,1.0572745087018613,21.5,37.27071266751918,396.5,0.02043052315711975,0.036814190433914706,0.6472414553165435,0.042445476726457446
0.5878680699910873,1.0572745087018613,14.1,31.896415996242805,403.9,0.01056421995162964,0.023897925833545178,0.6417419135570526,0.03846942767444256
0.6005220413208008,1.0572745087018613,0.2,0.4524314325708198,417.8,-6.603844451904297,14.93893402924961,0.6359020113945008,0.0357891220647029
0.1070171594619751,1.0781425473930373,292.6,29.78879161542352,125.39999999999998,0.2639527916908264,0.0750055760385502,0.44377073645591736,0.0654936222923071
0.11967113079168858,1.0781425473930373,291.5,28.862087754428163,126.5,0.2599494278430939,0.07427341520824607,0.4431624531745911,0.06529012313991243
0.13232510212140206,1.0781425473930373,289.7,26.846912524500812,128.3,0.25277448892593385,0.0697271317093137,0.4547533929347992,0.06478003588226311
0.14497907345111555,1.0781425473930373,283.2,27.258341961247663,134.8,0.24074546694755555,0.06647286126381816,0.46107357144355776,0.06015141011820731
0.157633044780829,1.0781425473930373,275.9,27.486114583514347,142.10000000000002,0.23052127361297609,0.05857851026104308,0.4820854187011719,0.0643446071902008
0.17028701611054248,1.0781425473930373,271.4,27.851392196161676,146.60000000000002,0.22128683924674988,0.0526116543690275,0.4923353672027588,0.06508109335137856
0.18294098744025597,1.0781425473930373,268.0,28.85765482143065,150.0,0.21345317363739014,0.052491058285625045,0.48869761228561404,0.061133432456225566
0.19559495876996946,1.0781425473930373,264.0,30.23928709911602,154.0,0.21040503382682801,0.05224808973119898,0.49376511573791504,0.06780415390925022
0.20824893009968293,1.0781425473930373,262.1,30.021230050368317,155.89999999999998,0.20565045475959778,0.04905392758302207,0.4998877227306366,0.06530702901397184
0.2209029014293964,1.0781425473930373,257.6,31.37111689857565,160.39999999999998,0.1980145215988159,0.05138027877078184,0.5124504566192627,0.07026005535340929
0.23355687275910988,1.0781425473930373,255.2,32.6963236672373,162.8,0.19291530847549437,0.05382954675197143,0.5062239110469818,0.06691255670841398
0.24621084408882338,1.0781425473930373,252.2,33.03541290011405,165.8,0.19177598953247071,0.05556575088554076,0.5127797544002533,0.06809198590959009
0.25886481541853684,1.0781425473930373,249.7,33.79980423796937,168.3,0.1852242112159729,0.05404775373617984,0.516666442155838,0.06976846739930602
0.2715187867482503,1.0781425473930373,248.0,34.54020897253328,170.0,0.18586138486862183,0.05539554617931021,0.5212521731853486,0.06972422866433778
0.2841727580779638,1.0781425473930373,245.3,35.6564736516,172.7,0.18337279558181763,0.055329643697099584,0.5135257840156555,0.05967313147856388
0.2968267294076773,1.0781425473930373,238.1,38.17389746851826,179.9,0.1642340064048767,0.06112950974973571,0.5199827671051025,0.06297113277822244
0.30948070073739076,1.0781425473930373,235.0,39.4463824191193,183.0,0.15574803948402405,0.06297232608248471,0.5185939490795135,0.0635245347584995
0.3221346720671042,1.0781425473930373,234.2,39.447535552375484,183.8,0.15405184626579285,0.06266306558353382,0.5216873705387115,0.06368784941744464
0.3347886433968177,1.0781425473930373,232.0,40.208743232099444,186.0,0.1499601721763611,0.06742481074022205,0.5219018459320068,0.058981934041127816
0.3474426147265312,1.0781425473930373,227.9,40.93532274447367,190.1,0.14321671724319457,0.06498272388636504,0.5270855009555817,0.056737955400909805
0.36009658605624467,1.0781425473930373,225.9,41.71545662659489,192.1,0.13900624513626098,0.06812994433469328,0.5293018043041229,0.05735681752878747
0.37275055738595814,1.0781425473930373,223.5,41.777836849163165,194.5,0.1371261417865753,0.06653655883526485,0.5118964731693267,0.07323781044436867
0.38540452871567166,1.0781425473930373,220.9,42.53209749073383,197.1,0.13709985017776488,0.06485495796103113,0.5163076758384705,0.07148207077621135
0.3980585000453851,1.0781425473930373,217.1,43.068803015938364,200.9,0.12733636498451234,0.06478220161543423,0.5200300753116608,0.06800740524233906
0.4107124713750986,1.0781425473930373,209.6,43.582923395890944,208.4,0.12050225138664246,0.06203330785516267,0.5362223446369171,0.06914502451207025
0.42336644270481205,1.0781425473930373,196.1,52.034477609879744,221.9,0.10382810235023499,0.06826526327604465,0.5261725783348083,0.08477569820238896
0.4360204140345255,1.0781425473930373,178.1,65.67311468456884,239.9,0.10636301636695862,0.06306970439284218,0.5495748519897461,0.06817962343862023
0.44867438536423904,1.0781425473930373,153.7,74.71974319470245,264.3,0.10353151559829712,0.06526337360121696,0.5716931641101837,0.06496669644822918
0.4613283566939525,1.0781425473930373,129.3,85.46248265166443,288.7,0.08246806859970093,0.07021419629134865,0.5926077723503113,0.05646778330000523
0.47398232802366597,1.0781425473930373,110.9,92.05398539074974,307.1,0.0820008635520935,0.07029869961802505,0.5924055755138398,0.055804357271046955
0.4866362993533795,1.0781425473930373,98.4,91.3376283402096,319.6,0.05571991801261902,0.06677449826688883,0.6109996318817139,0.058149383073155717
0.49929027068309295,1.0781425473930373,86.1,88.00631313221643,331.9,0.037549710273742674,0.09132933069890464,0.6264929115772248,0.06068431846084232
0.5119442420128064,1.0781425473930373,69.3,83.36836071287014,348.7,0.05163353681564331,0.060293809438718406,0.6317017197608947,0.056913363528095104
0.5245982133425199,1.0781425473930373,61.8,79.56364034930425,356.2,0.04450495839118958,0.05312429577811314,0.6284096658229827,0.052034524626313826
0.5372521846722333,1.0781425473930373,49.8,76.30533276718263,368.2,0.029708397388458253,0.04487731848519416,0.631007868051529,0.03782471919155719
0.5499061560019469,1.0781425473930373,46.2,71.7656658566043,371.8,0.034324359893798825,0.053748146598343094,0.6284962594509125,0.03753697758964104
0.5625601273316603,1.0781425473930373,34.2,56.17442305321299,383.8,0.027378982305526732,0.04367707323066298,0.6506066977977752,0.04496524488111351
0.5752140986613739,1.0781425473930373,21.5,37.27071266751918,396.5,0.02043052315711975,0.036814190433914706,0.6472414553165435,0.042445476726457446
0.5878680699910873,1.0781425473930373,14.1,31.896415996242805,403.9,0.01056421995162964,0.023897925833545178,0.6417419135570526,0.03846942767444256
0.6005220413208008,1.0781425473930373,0.2,0.4524314325708198,417.8,-6.603844451904297,14.93893402924961,0.6359020113945008,0.0357891220647029
0.1070171594619751,1.0990105860842134,297.7,30.073458367058517,120.30000000000001,0.27182080745697024,0.07248847368390922,0.4104024648666382,0.07968018597129693
0.11967113079168858,1.0990105860842134,296.6,28.834395391357116,121.39999999999998,0.26922635436058046,0.07114947170223923,0.42394004464149476,0.07308851185284268
0.13232510212140206,1.0990105860842134,293.8,25.838372801753355,124.19999999999999,0.2616249620914459,0.06513787458783929,0.44857689142227175,0.07461022341260165
0.14497907345111555,1.0990105860842134,286.1,26.219888110110126,131.89999999999998,0.249657142162323,0.0636486272563031,0.4545315146446228,0.05895910459347704
0.157633044780829,1.0990105860842134,276.1,27.506793431889236,141.89999999999998,0.23081349730491638,0.05837478776366085,0.4809161603450775,0.06442285997940884
0.17028701611054248,1.0990105860842134,271.4,27.851392196161676,146.60000000000002,0.22128683924674988,0.0526116543690275,0.4923353672027588,0.06508109335137856
0.18294098744025597,1.0990105860842134,268.0,28.85765482143065,150.0,0.21345317363739014,0.052491058285625045,0.48869761228561404,0.061133432456225566
0.19559495876996946,1.0990105860842134,264.0,30.23928709911602,154.0,0.21040503382682801,0.05224808973119898,0.49376511573791504,0.06780415390925022
0.20824893009968293,1.0990105860842134,262.1,30.021230050368317,155.89999999999998,0.20565045475959778,0.04905392758302207,0.4998877227306366,0.06530702901397184
0.2209029014293964,1.0990105860842134,257.6,31.37111689857565,160.39999999999998,0.1980145215988159,0.05138027877078184,0.5124504566192627,0.07026005535340929
0.23355687275910988,1.0990105860842134,255.2,32.6963236672373,162.8,0.19291530847549437,0.05382954675197143,0.5062239110469818,0.06691255670841398
0.24621084408882338,1.0990105860842134,252.2,33.03541290011405,165.8,0.19177598953247071,0.05556575088554076,0.5127797544002533,0.06809198590959009
0.25886481541853684,1.0990105860842134,249.7,33.79980423796937,168.3,0.1852242112159729,0.05404775373617984,0.516666442155838,0.06976846739930602
0.2715187867482503,1.0990105860842134,248.0,34.54020897253328,170.0,0.18586138486862183,0.05539554617931021,0.5212521731853486,0.06972422866433778
0.2841727580779638,1.0990105860842134,245.3,35.6564736516,172.7,0.18337279558181763,0.055329643697099584,0.5135257840156555,0.05967313147856388
0.2968267294076773,1.0990105860842134,238.1,38.17389746851826,179.9,0.1642340064048767,0.06112950974973571,0.5199827671051025,0.06297113277822244
0.30948070073739076,1.0990105860842134,235.0,39.4463824191193,183.0,0.15574803948402405,0.06297232608248471,0.5185939490795135,0.0635245347584995
0.3221346720671042,1.0990105860842134,234.2,39.447535552375484,183.8,0.15405184626579285,0.06266306558353382,0.5216873705387115,0.06368784941744464
0.3347886433968177,1.0990105860842134,232.0,40.208743232099444,186.0,0.1499601721763611,0.06742481074022205,0.5219018459320068,0.058981934041127816
0.3474426147265312,1.0990105860842134,227.9,40.93532274447367,190.1,0.14321671724319457,0.06498272388636504,0.5270855009555817,0.056737955400909805
0.36009658605624467,1.0990105860842134,225.9,41.71545662659489,192.1,0.13900624513626098,0.06812994433469328,0.5293018043041229,0.05735681752878747
0.37275055738595814,1.0990105860842134,223.5,41.777836849163165,194.5,0.1371261417865753,0.06653655883526485,0.5118964731693267,0.07323781044436867
0.38540452871567166,1.0990105860842134,220.9,42.53209749073383,197.1,0.13709985017776488,0.06485495796103113,0.5163076758384705,0.07148207077621135
0.3980585000453851,1.0990105860842134,217.1,43.068803015938364,200.9,0.12733636498451234,0.06478220161543423,0.5200300753116608,0.06800740524233906
0.4107124713750986,1.0990105860842134,209.6,43.582923395890944,208.4,0.12050225138664246,0.06203330785516267,0.5362223446369171,0.06914502451207025
0.42336644270481205,1.0990105860842134,196.1,52.034477609879744,221.9,0.10382810235023499,0.06826526327604465,0.5261725783348083,0.08477569820238896
0.4360204140345255,1.0990105860842134,178.1,65.67311468456884,239.9,0.10636301636695862,0.06306970439284218,0.5495748519897461,0.06817962343862023
0.44867438536423904,1.0990105860842134,153.7,74.71974319470245,264.3,0.10353151559829712,0.06526337360121696,0.5716931641101837,0.06496669644822918
0.4613283566939525,1.0990105860842134,129.3,85.46248265166443,288.7,0.08246806859970093,0.07021419629134865,0.5926077723503113,0.05646778330000523
0.47398232802366597,1.0990105860842134,110.9,92.05398539074974,307.1,0.0820008635520935,0.07029869961802505,0.5924055755138398,0.055804357271046955
0.4866362993533795,1.0990105860842134,98.4,91.3376283402096,319.6,0.05571991801261902,0.06677449826688883,0.6109996318817139,0.058149383073155717
0.49929027068309295,1.0990105860842134,86.1,88.00631313221643,331.9,0.037549710273742674,0.09132933069890464,0.6264929115772248,0.06068431846084232
0.5119442420128064,1.0990105860842134,69.3,83.36836071287014,348.7,0.05163353681564331,0.060293809438718406,0.6317017197608947,0.056913363528095104
0.5245982133425199,1.0990105860842134,61.8,79.56364034930425,356.2,0.04450495839118958,0.05312429577811314,0.6284096658229827,0.052034524626313826
0.5372521846722333,1.0990105860842134,49.8,76.30533276718263,368.2,0.029708397388458253,0.04487731848519416,0.631007868051529,0.03782471919155719
0.5499061560019469,1.0990105860842134,46.2,71.7656658566043,371.8,0.034324359893798825,0.053748146598343094,0.6284962594509125,0.03753697758964104
0.5625601273316603,1.0990105860842134,34.2,56.17442305321299,383.8,0.027378982305526732,0.04367707323066298,0.6506066977977752,0.04496524488111351
0.5752140986613739,1.0990105860842134,21.5,37.27071266751918,396.5,0.02043052315711975,0.036814190433914706,0.6472414553165435,0.042445476726457446
0.5878680699910873,1.0990105860842134,14.1,31.896415996242805,403.9,0.01056421995162964,0.023897925833545178,0.6417419135570526,0.03846942767444256
0.6005220413208008,1.0990105860842134,0.2,0.4524314325708198,417.8,-6.603844451904297,14.93893402924961,0.6359020113945008,0.0357891220647029
0.1070171594619751,1.1198786247753894,307.8,37.746027809558846,110.19999999999999,0.30192001461982726,0.10249207105907303,0.3645432472229004,0.11984145437444056
0.11967113079168858,1.1198786247753894,306.7,36.819151168274146,111.30000000000001,0.30009801387786866,0.10162737333367172,0.37475197315216063,0.12382551503989679
0.13232510212140206,1.1198786247753894,303.9,33.75671133431539,114.10000000000002,0.29624149203300476,0.09960110967373634,0.45450162291526797,0.08809061428547596
0.14497907345111555,1.1198786247753894,295.2,33.725282811951196,122.80000000000001,0.2879298210144043,0.10226816182750151,0.42251054644584657,0.10061343034798093
0.157633044780829,1.1198786247753894,283.0,34.64704563031038,135.0,0.2679057776927948,0.10703626695695953,0.45890713930130006,0.09454945754158715
0.17028701611054248,1.1198786247753894,276.7,35.3344958098413,141.3,0.2501256883144379,0.1059057860027501,0.46976515650749207,0.09663584017471187
0.18294098744025597,1.1198786247753894,273.3,35.999269678822856,144.7,0.2438078284263611,0.10865577608043207,0.46168214082717896,0.10543098784611603
0.19559495876996946,1.1198786247753894,266.8,33.6104419593314,151.2,0.22646722793579102,0.07897590577934202,0.5001989901065826,0.06274345926493897
0.20824893009968293,1.1198786247753894,263.0,31.026300787239663,155.0,0.20741372108459472,0.051612515032999295,0.5085341393947601,0.05867012767384389
0.2209029014293964,1.1198786247753894,257.6,31.37111689857565,160.39999999999998,0.1980145215988159,0.05138027877078184,0.5124504566192627,0.07026005535340929
0.23355687275910988,1.1198786247753894,255.2,32.6963236672373,162.8,0.19291530847549437,0.05382954675197143,0.5062239110469818,0.06691255670841398
0.24621084408882338,1.1198786247753894,252.2,33.03541290011405,165.8,0.19177598953247071,0.05556575088554076,0.5127797544002533,0.06809198590959009
0.25886481541853684,1.1198786247753894,249.7,33.79980423796937,168.3,0.1852242112159729,0.05404775373617984,0.516666442155838,0.06976846739930602
0.2715187867482503,1.1198786247753894,248.0,34.54020897253328,170.0,0.18586138486862183,0.05539554617931021,0.5212521731853486,0.06972422866433778
0.2841727580779638,1.1198786247753894,245.3,35.6564736516,172.7,0.18337279558181763,0.055329643697099584,0.5135257840156555,0.05967313147856388
0.2968267294076773,1.1198786247753894,238.1,38.17389746851826,179.9,0.1642340064048767,0.06112950974973571,0.5199827671051025,0.06297113277822244
0.30948070073739076,1.1198786247753894,235.0,39.4463824191193,183.0,0.15574803948402405,0.06297232608248471,0.5185939490795135,0.0635245347584995
0.3221346720671042,1.1198786247753894,234.2,39.447535552375484,183.8,0.15405184626579285,0.06266306558353382,0.5216873705387115,0.06368784941744464
0.3347886433968177,1.1198786247753894,232.0,40.208743232099444,186.0,0.1499601721763611,0.06742481074022205,0.5219018459320068,0.058981934041127816
0.3474426147265312,1.1198786247753894,227.9,40.93532274447367,190.1,0.14321671724319457,0.06498272388636504,0.5270855009555817,0.056737955400909805
0.36009658605624467,1.1198786247753894,225.9,41.71545662659489,192.1,0.13900624513626098,0.06812994433469328,0.5293018043041229,0.05735681752878747
0.37275055738595814,1.1198786247753894,223.5,41.777836849163165,194.5,0.1371261417865753,0.06653655883526485,0.5118964731693267,0.07323781044436867
0.38540452871567166,1.1198786247753894,220.9,42.53209749073383,197.1,0.13709985017776488,0.06485495796103113,0.5163076758384705,0.07148207077621135
0.3980585000453851,1.1198786247753894,217.1,43.068803015938364,200.9,0.12733636498451234,0.06478220161543423,0.5200300753116608,0.06800740524233906
0.4107124713750986,1.1198786247753894,209.6,43.582923395890944,208.4,0.12050225138664246,0.06203330785516267,0.5362223446369171,0.06914502451207025
0.42336644270481205,1.1198786247753894,196.1,52.034477609879744,221.9,0.10382810235023499,0.06826526327604465,0.5261725783348083,0.08477569820238896
0.4360204140345255,1.1198786247753894,178.1,65.67311468456884,239.9,0.10636301636695862,0.06306970439284218,0.5495748519897461,0.06817962343862023
0.44867438536423904,1.1198786247753894,153.7,74.71974319470245,264.3,0.10353151559829712,0.06526337360121696,0.5716931641101837,0.06496669644822918
0.4613283566939525,1.1198786247753894,129.3,85.46248265166443,288.7,0.08246806859970093,0.07021419629134865,0.5926077723503113,0.05646778330000523
0.47398232802366597,1.1198786247753894,110.9,92.05398539074974,307.1,0.0820008635520935,0.07029869961802505,0.5924055755138398,0.055804357271046955
0.4866362993533795,1.1198786247753894,98.4,91.3376283402096,319.6,0.05571991801261902,0.06677449826688883,0.6109996318817139,0.058149383073155717
0.49929027068309295,1.1198786247753894,86.1,88.00631313221643,331.9,0.037549710273742674,0.09132933069890464,0.6264929115772248,0.06068431846084232
0.5119442420128064,1.1198786247753894,69.3,83.36836071287014,348.7,0.05163353681564331,0.060293809438718406,0.6317017197608947,0.056913363528095104
0.5245982133425199,1.1198786247753894,61.8,79.56364034930425,356.2,0.04450495839118958,0.05312429577811314,0.6284096658229827,0.052034524626313826
0.5372521846722333,1.1198786247753894,49.8,76.30533276718263,368.2,0.029708397388458253,0.04487731848519416,0.631007868051529,0.03782471919155719
0.5499061560019469,1.1198786247753894,46.2,71.7656658566043,371.8,0.034324359893798825,0.053748146598343094,0.6284962594509125,0.03753697758964104
0.5625601273316603,1.1198786247753894,34.2,56.17442305321299,383.8,0.027378982305526732,0.04367707323066298,0.6506066977977752,0.04496524488111351
0.5752140986613739,1.1198786247753894,21.5,37.27071266751918,396.5,0.02043052315711975,0.036814190433914706,0.6472414553165435,0.042445476726457446
0.5878680699910873,1.1198786247753894,14.1,31.896415996242805,403.9,0.01056421995162964,0.023897925833545178,0.6417419135570526,0.03846942767444256
0.6005220413208008,1.1198786247753894,0.2,0.4524314325708198,417.8,-6.603844451904297,14.93893402924961,0.6359020113945008,0.0357891220647029
0.1070171594619751,1.1407466634665653,314.8,42.91452518436334,103.19999999999999,0.33114704489707947,0.12590382584143955,0.3260680139064789,0.1415426346801044
0.11967113079168858,1.1407466634665653,313.7,41.442776847537786,104.30000000000001,0.33137803077697753,0.1262238171591437,0.2980073273181915,0.18565740596305977
0.13232510212140206,1.1407466634665653,310.9,38.19474458542835,107.10000000000002,0.33018362522125244,0.12562885714314154,0.4102053761482239,0.10966653789312002
0.14497907345111555,1.1407466634665653,302.2,38.376451551390026,115.80000000000001,0.3256448030471802,0.12970693806198247,0.3796073913574219,0.12758543784859314
0.157633044780829,1.1407466634665653,288.6,39.89956182669622,129.39999999999998,0.30605024099349976,0.13611502369144077,0.4240833640098572,0.11624223114251736
0.17028701611054248,1.1407466634665653,281.8,40.90662966843771,136.2,0.2906713366508484,0.13735774004592174,0.4390433728694916,0.11763465478634683
0.18294098744025597,1.1407466634665653,277.6,40.65901937226808,140.39999999999998,0.2800382852554321,0.13454793099446236,0.4554594337940216,0.10578143063458109
0.19559495876996946,1.1407466634665653,269.3,36.50742901959367,148.7,0.2519449472427368,0.09882234286736558,0.5020676970481872,0.06253030837135033
0.20824893009968293,1.1407466634665653,263.0,31.026300787239663,155.0,0.20741372108459472,0.051612515032999295,0.5085341393947601,0.05867012767384389
0.2209029014293964,1.1407466634665653,257.6,31.37111689857565,160.39999999999998,0.1980145215988159,0.05138027877078184,0.5124504566192627,0.07026005535340929
0.23355687275910988,1.1407466634665653,255.2,32.6963236672373,162.8,0.19291530847549437,0.05382954675197143,0.5062239110469818,0.06691255670841398
0.24621084408882338,1.1407466634665653,252.2,33.03541290011405,165.8,0.19177598953247071,0.05556575088554076,0.5127797544002533,0.06809198590959009
0.25886481541853684,1.1407466634665653,249.7,33.79980423796937,168.3,0.1852242112159729,0.05404775373617984,0.516666442155838,0.06976846739930602
0.2715187867482503,1.1407466634665653,248.0,34.54020897253328,170.0,0.18586138486862183,0.05539554617931021,0.5212521731853486,0.06972422866433778
0.2841727580779638,1.1407466634665653,245.3,35.6564736516,172.7,0.18337279558181763,0.055329643697099584,0.5135257840156555,0.05967313147856388
0.2968267294076773,1.1407466634665653,238.1,38.17389746851826,179.9,0.1642340064048767,0.06112950974973571,0.5199827671051025,0.06297113277822244
0.30948070073739076,1.1407466634665653,235.0,39.4463824191193,183.0,0.15574803948402405,0.06297232608248471,0.5185939490795135,0.0635245347584995
0.3221346720671042,1.1407466634665653,234.2,39.447535552375484,183.8,0.15405184626579285,0.06266306558353382,0.5216873705387115,0.06368784941744464
0.3347886433968177,1.1407466634665653,232.0,40.208743232099444,186.0,0.1499601721763611,0.06742481074022205,0.5219018459320068,0.058981934041127816
0.3474426147265312,1.1407466634665653,227.9,40.93532274447367,190.1,0.14321671724319457,0.06498272388636504,0.5270855009555817,0.056737955400909805
0.36009658605624467,1.1407466634665653,225.9,41.71545662659489,192.1,0.13900624513626098,0.06812994433469328,0.5293018043041229,0.05735681752878747
0.37275055738595814,1.1407466634665653,223.5,41.777836849163165,194.5,0.1371261417865753,0.06653655883526485,0.5118964731693267,0.07323781044436867
0.38540452871567166,1.1407466634665653,220.9,42.53209749073383,197.1,0.13709985017776488,0.06485495796103113,0.5163076758384705,0.07148207077621135
0.3980585000453851,1.1407466634665653,217.1,43.068803015938364,200.9,0.12733636498451234,0.06478220161543423,0.5200300753116608,0.06800740524233906
0.4107124713750986,1.1407466634665653,209.6,43.582923395890944,208.4,0.12050225138664246,0.06203330785516267,0.5362223446369171,0.06914502451207025
0.42336644270481205,1.1407466634665653,196.1,52.034477609879744,221.9,0.10382810235023499,0.06826526327604465,0.5261725783348083,0.08477569820238896
0.4360204140345255,1.1407466634665653,178.1,65.67311468456884,239.9,0.10636301636695862,0.06306970439284218,0.5495748519897461,0.06817962343862023
0.44867438536423904,1.1407466634665653,153.7,74.71974319470245,264.3,0.10353151559829712,0.06526337360121696,0.5716931641101837,0.06496669644822918
0.4613283566939525,1.1407466634665653,129.3,85.46248265166443,288.7,0.08246806859970093,0.07021419629134865,0.5926077723503113,0.05646778330000523
0.47398232802366597,1.1407466634665653,110.9,92.05398539074974,307.1,0.0820008635520935,0.07029869961802505,0.5924055755138398,0.055804357271046955
0.4866362993533795,1.1407466634665653,98.4,91.3376283402096,319.6,0.05571991801261902,0.06677449826688883,0.6109996318817139,0.058149383073155717
0.49929027068309295,1.1407466634665653,86.1,88.00631313221643,331.9,0.037549710273742674,0.09132933069890464,0.6264929115772248,0.06068431846084232
0.5119442420128064,1.1407466634665653,69.3,83.36836071287014,348.7,0.05163353681564331,0.060293809438718406,0.6317017197608947,0.056913363528095104
0.5245982133425199,1.1407466634665653,61.8,79.56364034930425,356.2,0.04450495839118958,0.05312429577811314,0.6284096658229827,0.052034524626313826
0.5372521846722333,1.1407466634665653,49.8,76.30533276718263,368.2,0.029708397388458253,0.04487731848519416,0.631007868051529,0.03782471919155719
0.5499061560019469,1.1407466634665653,46.2,71.7656658566043,371.8,0.034324359893798825,0.053748146598343094,0.6284962594509125,0.03753697758964104
0.5625601273316603,1.1407466634665653,34.2,56.17442305321299,383.8,0.027378982305526732,0.04367707323066298,0.6506066977977752,0.04496524488111351
0.5752140986613739,1.1407466634665653,21.5,37.27071266751918,396.5,0.02043052315711975,0.036814190433914706,0.6472414553165435,0.042445476726457446
0.5878680699910873,1.1407466634665653,14.1,31.896415996242805,403.9,0.01056421995162964,0.023897925833545178,0.6417419135570526,0.03846942767444256
0.6005220413208008,1.1407466634665653,0.2,0.4524314325708198,417.8,-6.603844451904297,14.93893402924961,0.6359020113945008,0.0357891220647029
0.1070171594619751,1.1616147021577414,316.1,42.4518100547199,101.89999999999998,0.33360372185707093,0.1252794638381609,0.32148171663284303,0.14033839359398365
0.11967113079168858,1.1616147021577414,315.0,40.98328488136152,103.0,0.333834707736969,0.12559847693772855,0.29342103004455566,0.18434443144006377
0.13232510212140206,1.1616147021577414,312.2,37.73397492174333,105.80000000000001,0.3326899349689484,0.12496104961258626,0.40583418011665345,0.1100299117940113
0.14497907345111555,1.1616147021577414,303.5,37.90304163280767,114.5,0.3284463703632355,0.12891323540885585,0.3771080613136292,0.1270292214000189
0.157633044780829,1.1616147021577414,289.4,39.65942815841398,128.60000000000002,0.3105939507484436,0.13477552971398624,0.4236344635486603,0.11589904858388579
0.17028701611054248,1.1616147021577414,282.5,40.71219552283288,135.5,0.2953669190406799,0.13606101104514307,0.438867974281311,0.1173594249518123
0.18294098744025597,1.1616147021577414,277.7,40.723087708258056,140.3,0.2813311696052551,0.13477306805828618,0.45545596480369566,0.10578140917223938
0.19559495876996946,1.1616147021577414,269.4,36.5901153114534,148.60000000000002,0.25324310064315797,0.09933264535240038,0.5020671427249909,0.06253047116166664
0.20824893009968293,1.1616147021577414,263.0,31.026300787239663,155.0,0.20741372108459472,0.051612515032999295,0.5085341393947601,0.05867012767384389
0.2209029014293964,1.1616147021577414,257.6,31.37111689857565,160.39999999999998,0.1980145215988159,0.05138027877078184,0.5124504566192627,0.07026005535340929
0.23355687275910988,1.1616147021577414,255.2,32.6963236672373,162.8,0.19291530847549437,0.05382954675197143,0.5062239110469818,0.06691255670841398
0.24621084408882338,1.1616147021577414,252.2,33.03541290011405,165.8,0.19177598953247071,0.05556575088554076,0.5127797544002533,0.06809198590959009
0.25886481541853684,1.1616147021577414,249.7,33.79980423796937,168.3,0.1852242112159729,0.05404775373617984,0.516666442155838,0.06976846739930602
0.2715187867482503,1.1616147021577414,248.0,34.54020897253328,170.0,0.18586138486862183,0.05539554617931021,0.5212521731853486,0.06972422866433778
0.2841727580779638,1.1616147021577414,245.3,35.6564736516,172.7,0.18337279558181763,0.055329643697099584,0.5135257840156555,0.05967313147856388
0.2968267294076773,1.1616147021577414,238.1,38.17389746851826,179.9,0.1642340064048767,0.06112950974973571,0.5199827671051025,0.06297113277822244
0.30948070073739076,1.1616147021577414,235.0,39.4463824191193,183.0,0.15574803948402405,0.06297232608248471,0.5185939490795135,0.0635245347584995
0.3221346720671042,1.1616147021577414,234.2,39.447535552375484,183.8,0.15405184626579285,0.06266306558353382,0.5216873705387115,0.06368784941744464
0.3347886433968177,1.1616147021577414,232.0,40.208743232099444,186.0,0.1499601721763611,0.06742481074022205,0.5219018459320068,0.058981934041127816
0.3474426147265312,1.1616147021577414,227.9,40.93532274447367,190.1,0.14321671724319457,0.06498272388636504,0.5270855009555817,0.056737955400909805
0.36009658605624467,1.1616147021577414,225.9,41.71545662659489,192.1,0.13900624513626098,0.06812994433469328,0.5293018043041229,0.05735681752878747
0.37275055738595814,1.1616147021577414,223.5,41.777836849163165,194.5,0.1371261417865753,0.06653655883526485,0.5118964731693267,0.07323781044436867
0.38540452871567166,1.1616147021577414,220.9,42.53209749073383,197.1,0.13709985017776488,0.06485495796103113,0.5163076758384705,0.07148207077621135
0.3980585000453851,1.1616147021577414,217.1,43.068803015938364,200.9,0.12733636498451234,0.06478220161543423,0.5200300753116608,0.06800740524233906
0.4107124713750986,1.1616147021577414,209.6,43.582923395890944,208.4,0.12050225138664246,0.06203330785516267,0.5362223446369171,0.06914502451207025
0.42336644270481205,1.1616147021577414,196.1,52.034477609879744,221.9,0.10382810235023499,0.06826526327604465,0.5261725783348083,0.08477569820238896
0.4360204140345255,1.1616147021577414,178.1,65.67311468456884,239.9,0.10636301636695862,0.06306970439284218,0.5495748519897461,0.06817962343862023
0.44867438536423904,1.1616147021577414,153.7,74.71974319470245,264.3,0.10353151559829712,0.06526337360121696,0.5716931641101837,0.06496669644822918
0.4613283566939525,1.1616147021577414,129.3,85.46248265166443,288.7,0.08246806859970093,0.07021419629134865,0.5926077723503113,0.05646778330000523
0.47398232802366597,1.1616147021577414,110.9,92.05398539074974,307.1,0.0820008635520935,0.07029869961802505,0.5924055755138398,0.055804357271046955
0.4866362993533795,1.1616147021577414,98.4,91.3376283402096,319.6,0.05571991801261902,0.06677449826688883,0.6109996318817139,0.058149383073155717
0.49929027068309295,1.1616147021577414,86.1,88.00631313221643,331.9,0.037549710273742674,0.09132933069890464,0.6264929115772248,0.06068431846084232
0.5119442420128064,1.1616147021577414,69.3,83.36836071287014,348.7,0.05163353681564331,0.060293809438718406,0.6317017197608947,0.056913363528095104
0.5245982133425199,1.1616147021577414,61.8,79.56364034930425,356.2,0.04450495839118958,0.05312429577811314,0.6284096658229827,0.052034524626313826
0.5372521846722333,1.1616147021577414,49.8,76.30533276718263,368.2,0.029708397388458253,0.04487731848519416,0.631007868051529,0.03782471919155719
0.5499061560019469,1.1616147021577414,46.2,71.7656658566043,371.8,0.034324359893798825,0.053748146598343094,0.6284962594509125,0.03753697758964104
0.5625601273316603,1.1616147021577414,34.2,56.17442305321299,383.8,0.027378982305526732,0.04367707323066298,0.6506066977977752,0.04496524488111351
0.5752140986613739,1.1616147021577414,21.5,37.27071266751918,396.5,0.02043052315711975,0.036814190433914706,0.6472414553165435,0.042445476726457446
0.5878680699910873,1.1616147021577414,14.1,31.896415996242805,403.9,0.01056421995162964,0.023897925833545178,0.6417419135570526,0.03846942767444256
0.6005220413208008,1.1616147021577414,0.2,0.4524314325708198,417.8,-6.603844451904297,14.93893402924961,0.6359020113945008,0.0357891220647029
0.1070171594619751,1.1824827408489174,320.7,42.779499336513524,97.30000000000001,0.3543724656105042,0.12928903941747258,0.30198087692260744,0.14343503186915543
0.11967113079168858,1.1824827408489174,319.6,41.39218776122732,98.39999999999998,0.35460345149040223,0.129577133926744,0.2739201903343201,0.18503873858513012
0.13232510212140206,1.1824827408489174,316.8,38.26219636437237,101.19999999999999,0.35345386862754824,0.12913935577901223,0.4003961384296417,0.10631271796228309
0.14497907345111555,1.1824827408489174,308.1,38.103827299973226,109.89999999999998,0.35268576741218566,0.13265711674604092,0.37779388427734373,0.12660241432188776
0.157633044780829,1.1824827408489174,294.0,40.29067800798174,124.0,0.3387663245201111,0.13880948391958567,0.42411442995071413,0.11441716007434415
0.17028701611054248,1.1824827408489174,286.3,41.67263544515476,131.7,0.3233537495136261,0.14160962727327014,0.4398614764213562,0.11665744482284666
0.18294098744025597,1.1824827408489174,280.3,42.45127429561751,137.7,0.30025925040245055,0.14308781647388133,0.45744568705558775,0.10600133442084765
0.19559495876996946,1.1824827408489174,271.8,38.91787026440473,146.2,0.2710437774658203,0.1139881872832999,0.5049653232097626,0.06202090618755912
0.20824893009968293,1.1824827408489174,264.8,33.01130775161534,153.2,0.22518596649169922,0.0774338769992049,0.5122505605220795,0.05860250602424216
0.2209029014293964,1.1824827408489174,259.1,32.965890611427646,158.89999999999998,0.21405767798423767,0.07457243387816298,0.5161595642566681,0.07163330771231893
0.23355687275910988,1.1824827408489174,256.0,33.51251781743287,162.0,0.20400627255439757,0.06855867765272124,0.5098976850509643,0.06852472745097088
0.24621084408882338,1.1824827408489174,252.2,33.03541290011405,165.8,0.19177598953247071,0.05556575088554076,0.5127797544002533,0.06809198590959009
0.25886481541853684,1.1824827408489174,249.7,33.79980423796937,168.3,0.1852242112159729,0.05404775373617984,0.516666442155838,0.06976846739930602
0.2715187867482503,1.1824827408489174,248.0,34.54020897253328,170.0,0.18586138486862183,0.05539554617931021,0.5212521731853486,0.06972422866433778
0.2841727580779638,1.1824827408489174,245.3,35.6564736516,172.7,0.18337279558181763,0.055329643697099584,0.5135257840156555,0.05967313147856388
0.2968267294076773,1.1824827408489174,238.1,38.17389746851826,179.9,0.1642340064048767,0.06112950974973571,0.5199827671051025,0.06297113277822244
0.30948070073739076,1.1824827408489174,235.0,39.4463824191193,183.0,0.15574803948402405,0.06297232608248471,0.5185939490795135,0.0635245347584995
0.3221346720671042,1.1824827408489174,234.2,39.447535552375484,183.8,0.15405184626579285,0.06266306558353382,0.5216873705387115,0.06368784941744464
0.3347886433968177,1.1824827408489174,232.0,40.208743232099444,186.0,0.1499601721763611,0.06742481074022205,0.5219018459320068,0.058981934041127816
0.3474426147265312,1.1824827408489174,227.9,40.93532274447367,190.1,0.14321671724319457,0.06498272388636504,0.5270855009555817,0.056737955400909805
0.36009658605624467,1.1824827408489174,225.9,41.71545662659489,192.1,0.13900624513626098,0.06812994433469328,0.5293018043041229,0.05735681752878747
0.37275055738595814,1.1824827408489174,223.5,41.777836849163165,194.5,0.1371261417865753,0.06653655883526485,0.5118964731693267,0.07323781044436867
0.38540452871567166,1.1824827408489174,220.9,42.53209749073383,197.1,0.13709985017776488,0.06485495796103113,0.5163076758384705,0.07148207077621135
0.3980585000453851,1.1824827408489174,217.1,43.068803015938364,200.9,0.12733636498451234,0.06478220161543423,0.5200300753116608,0.06800740524233906
0.4107124713750986,1.1824827408489174,209.6,43.582923395890944,208.4,0.12050225138664246,0.06203330785516267,0.5362223446369171,0.06914502451207025
0.42336644270481205,1.1824827408489174,196.1,52.034477609879744,221.9,0.10382810235023499,0.06826526327604465,0.5261725783348083,0.08477569820238896
0.4360204140345255,1.1824827408489174,178.1,65.67311468456884,239.9,0.10636301636695862,0.06306970439284218,0.5495748519897461,0.06817962343862023
0.44867438536423904,1.1824827408489174,153.7,74.71974319470245,264.3,0.10353151559829712,0.06526337360121696,0.5716931641101837,0.06496669644822918
0.4613283566939525,1.1824827408489174,129.3,85.46248265166443,288.7,0.08246806859970093,0.07021419629134865,0.5926077723503113,0.05646778330000523
0.47398232802366597,1.1824827408489174,110.9,92.05398539074974,307.1,0.0820008635520935,0.07029869961802505,0.5924055755138398,0.055804357271046955
0.4866362993533795,1.1824827408489174,98.4,91.3376283402096,319.6,0.05571991801261902,0.06677449826688883,0.6109996318817139,0.058149383073155717
0.49929027068309295,1.1824827408489174,86.1,88.00631313221643,331.9,0.037549710273742674,0.09132933069890464,0.6264929115772248,0.06068431846084232
0.5119442420128064,1.1824827408489174,69.3,83.36836071287014,348.7,0.05163353681564331,0.060293809438718406,0.6317017197608947,0.056913363528095104
0.5245982133425199,1.1824827408489174,61.8,79.56364034930425,356.2,0.04450495839118958,0.05312429577811314,0.6284096658229827,0.052034524626313826
0.5372521846722333,1.1824827408489174,49.8,76.30533276718263,368.2,0.029708397388458253,0.04487731848519416,0.631007868051529,0.03782471919155719
0.5499061560019469,1.1824827408489174,46.2,71.7656658566043,371.8,0.034324359893798825,0.053748146598343094,0.6284962594509125,0.03753697758964104
0.5625601273316603,1.1824827408489174,34.2,56.17442305321299,383.8,0.027378982305526732,0.04367707323066298,0.6506066977977752,0.04496524488111351
0.5752140986613739,1.1824827408489174,21.5,37.27071266751918,396.5,0.02043052315711975,0.036814190433914706,0.6472414553165435,0.042445476726457446
0.5878680699910873,1.1824827408489174,14.1,31.896415996242805,403.9,0.01056421995162964,0.023897925833545178,0.6417419135570526,0.03846942767444256
0.6005220413208008,1.1824827408489174,0.2,0.4524314325708198,417.8,-6.603844451904297,14.93893402924961,0.6359020113945008,0.0357891220647029
0.1070171594619751,1.2033507795400933,328.9,45.08129805414556,89.10000000000002,0.38250776529312136,0.14124075475047038,0.2933951735496521,0.15538790448495077
0.11967113079168858,1.2033507795400933,327.8,43.88403505016009,90.19999999999999,0.3827387511730194,0.14147840220499291,0.26533448696136475,0.19374507638099217
0.13232510212140206,1.2033507795400933,325.0,41.070596985045995,93.0,0.3815192818641663,0.14125389502946462,0.26517699360847474,0.3377936523417693
0.14497907345111555,1.2033507795400933,316.3,41.17989101138814,101.69999999999999,0.38165895342826844,0.14517839950555392,0.33378174901008606,0.14878121790241128
0.157633044780829,1.2033507795400933,302.2,43.7334783456308,115.80000000000001,0.3708872437477112,0.15116266060401512,0.3847561299800873,0.16020277495385063
0.17028701611054248,1.2033507795400933,294.5,44.77858695057442,123.5,0.35916778445243835,0.15512910213941103,0.40931116342544555,0.14422546697994273
0.18294098744025597,1.2033507795400933,286.5,46.580972104904134,131.5,0.3318782687187195,0.15987496656383107,0.4203557312488556,0.134371690529449
0.19559495876996946,1.2033507795400933,277.1,44.25773650813213,140.89999999999998,0.29876266717910765,0.13830061831894774,0.46904395818710326,0.10702395816311581
0.20824893009968293,1.2033507795400933,269.3,39.40318771223721,148.7,0.24797560572624205,0.12247169277449799,0.4791532874107361,0.0920930333757099
0.2209029014293964,1.2033507795400933,261.9,36.60448660016298,156.10000000000002,0.22937020063400268,0.10395262831317768,0.5347325503826141,0.09069091242170002
0.23355687275910988,1.2033507795400933,258.2,36.13130752842234,159.8,0.22004894018173218,0.09764913705225085,0.5236922025680542,0.08214996702441087
0.24621084408882338,1.2033507795400933,253.1,33.964933625571156,164.9,0.20246995091438294,0.06925249780549018,0.5181157648563385,0.07111353828191044
0.25886481541853684,1.2033507795400933,249.7,33.79980423796937,168.3,0.1852242112159729,0.05404775373617984,0.516666442155838,0.06976846739930602
0.2715187867482503,1.2033507795400933,248.0,34.54020897253328,170.0,0.18586138486862183,0.05539554617931021,0.5212521731853486,0.06972422866433778
0.2841727580779638,1.2033507795400933,245.3,35.6564736516,172.7,0.18337279558181763,0.055329643697099584,0.5135257840156555,0.05967313147856388
0.2968267294076773,1.2033507795400933,238.1,38.17389746851826,179.9,0.1642340064048767,0.06112950974973571,0.5199827671051025,0.06297113277822244
0.30948070073739076,1.2033507795400933,235.0,39.4463824191193,183.0,0.15574803948402405,0.06297232608248471,0.5185939490795135,0.0635245347584995
0.3221346720671042,1.2033507795400933,234.2,39.447535552375484,183.8,0.15405184626579285,0.06266306558353382,0.5216873705387115,0.06368784941744464
0.3347886433968177,1.2033507795400933,232.0,40.208743232099444,186.0,0.1499601721763611,0.06742481074022205,0.5219018459320068,0.058981934041127816
0.3474426147265312,1.2033507795400933,227.9,40.93532274447367,190.1,0.14321671724319457,0.06498272388636504,0.5270855009555817,0.056737955400909805
0.36009658605624467,1.2033507795400933,225.9,41.71545662659489,192.1,0.13900624513626098,0.06812994433469328,0.5293018043041229,0.05735681752878747
0.37275055738595814,1.2033507795400933,223.5,41.777836849163165,194.5,0.1371261417865753,0.06653655883526485,0.5118964731693267,0.07323781044436867
0.38540452871567166,1.2033507795400933,220.9,42.53209749073383,197.1,0.13709985017776488,0.06485495796103113,0.5163076758384705,0.07148207077621135
0.3980585000453851,1.2033507795400933,217.1,43.068803015938364,200.9,0.12733636498451234,0.06478220161543423,0.5200300753116608,0.06800740524233906
0.4107124713750986,1.2033507795400933,209.6,43.582923395890944,208.4,0.12050225138664246,0.06203330785516267,0.5362223446369171,0.06914502451207025
0.42336644270481205,1.2033507795400933,196.1,52.034477609879744,221.9,0.10382810235023499,0.06826526327604465,0.5261725783348083,0.08477569820238896
0.4360204140345255,1.2033507795400933,178.1,65.67311468456884,239.9,0.10636301636695862,0.06306970439284218,0.5495748519897461,0.06817962343862023
0.44867438536423904,1.2033507795400933,153.7,74.71974319470245,264.3,0.10353151559829712,0.06526337360121696,0.5716931641101837,0.06496669644822918
0.4613283566939525,1.2033507795400933,129.3,85.46248265166443,288.7,0.08246806859970093,0.07021419629134865,0.5926077723503113,0.05646778330000523
0.47398232802366597,1.2033507795400933,110.9,92.05398539074974,307.1,0.0820008635520935,0.07029869961802505,0.5924055755138398,0.055804357271046955
0.4866362993533795,1.2033507795400933,98.4,91.3376283402096,319.6,0.05571991801261902,0.06677449826688883,0.6109996318817139,0.058149383073155717
0.49929027068309295,1.2033507795400933,86.1,88.00631313221643,331.9,0.037549710273742674,0.09132933069890464,0.6264929115772248,0.06068431846084232
0.5119442420128064,1.2033507795400933,69.3,83.36836071287014,348.7,0.05163353681564331,0.060293809438718406,0.6317017197608947,0.056913363528095104
0.5245982133425199,1.2033507795400933,61.8,79.56364034930425,356.2,0.04450495839118958,0.05312429577811314,0.6284096658229827,0.052034524626313826
0.5372521846722333,1.2033507795400933,49.8,76.30533276718263,368.2,0.029708397388458253,0.04487731848519416,0.631007868051529,0.03782471919155719
0.5499061560019469,1.2033507795400933,46.2,71.7656658566043,371.8,0.034324359893798825,0.053748146598343094,0.6284962594509125,0.03753697758964104
0.5625601273316603,1.2033507795400933,34.2,56.17442305321299,383.8,0.027378982305526732,0.04367707323066298,0.6506066977977752,0.04496524488111351
0.5752140986613739,1.2033507795400933,21.5,37.27071266751918,396.5,0.02043052315711975,0.036814190433914706,0.6472414553165435,0.042445476726457446
0.5878680699910873,1.2033507795400933,14.1,31.896415996242805,403.9,0.01056421995162964,0.023897925833545178,0.6417419135570526,0.03846942767444256
0.6005220413208008,1.2033507795400933,0.2,0.4524314325708198,417.8,-6.603844451904297,14.93893402924961,0.6359020113945008,0.0357891220647029
0.1070171594619751,1.2242188182312694,335.3,42.17040927220137,82.69999999999999,0.393367600440979,0.1390045858386893,0.28017558455467223,0.15476587338158793
0.11967113079168858,1.2242188182312694,334.2,40.98578209413619,83.80000000000001,0.3935985863208771,0.13923580633868238,0.25211489796638487,0.19215199152405277
0.13232510212140206,1.2242188182312694,331.4,38.21372045750654,86.60000000000002,0.39243726134300233,0.13904788636465293,0.25193357467651367,0.3369272271745382
0.14497907345111555,1.2242188182312694,322.7,37.778024619663455,95.30000000000001,0.3941590487957001,0.14346526579194255,0.32578485608100893,0.1508748715608029
0.157633044780829,1.2242188182312694,308.6,40.54137960478767,109.39999999999998,0.3856479048728943,0.14909106411562104,0.38779506683349607,0.1622524385704796
0.17028701611054248,1.2242188182312694,300.9,41.64178785222816,117.10000000000002,0.3761036455631256,0.15316879824087468,0.4137049913406372,0.14639348504842267
0.18294098744025597,1.2242188182312694,292.9,43.16638737807617,125.10000000000002,0.3568847894668579,0.1560896227941609,0.42488000988960267,0.13679778576879664
0.19559495876996946,1.2242188182312694,282.4,41.66738204869907,135.60000000000002,0.3252480149269104,0.13579677948426377,0.47386051416397096,0.10930610771086066
0.20824893009968293,1.2242188182312694,273.9,36.93232821526775,144.10000000000002,0.27614533305168154,0.1235934526441324,0.4816777467727661,0.09229003393211813
0.2209029014293964,1.2242188182312694,264.6,35.082809007884336,153.39999999999998,0.25153001546859743,0.10805079400169262,0.5342455446720124,0.09088096698341057
0.23355687275910988,1.2242188182312694,259.1,35.62999267269614,158.89999999999998,0.23603889346122742,0.10293528579000706,0.5242757439613343,0.08190209639051083
0.24621084408882338,1.2242188182312694,253.9,33.553975621821,164.1,0.21780688762664796,0.07789909255497147,0.518693470954895,0.07085565976699348
0.25886481541853684,1.2242188182312694,249.7,33.79980423796937,168.3,0.1852242112159729,0.05404775373617984,0.516666442155838,0.06976846739930602
0.2715187867482503,1.2242188182312694,248.0,34.54020897253328,170.0,0.18586138486862183,0.05539554617931021,0.5212521731853486,0.06972422866433778
0.2841727580779638,1.2242188182312694,245.3,35.6564736516,172.7,0.18337279558181763,0.055329643697099584,0.5135257840156555,0.05967313147856388
0.2968267294076773,1.2242188182312694,238.1,38.17389746851826,179.9,0.1642340064048767,0.06112950974973571,0.5199827671051025,0.06297113277822244
0.30948070073739076,1.2242188182312694,235.0,39.4463824191193,183.0,0.15574803948402405,0.06297232608248471,0.5185939490795135,0.0635245347584995
0.3221346720671042,1.2242188182312694,234.2,39.447535552375484,183.8,0.15405184626579285,0.06266306558353382,0.5216873705387115,0.06368784941744464
0.3347886433968177,1.2242188182312694,232.0,40.208743232099444,186.0,0.1499601721763611,0.06742481074022205,0.5219018459320068,0.058981934041127816
0.3474426147265312,1.2242188182312694,227.9,40.93532274447367,190.1,0.14321671724319457,0.06498272388636504,0.5270855009555817,0.056737955400909805
0.36009658605624467,1.2242188182312694,225.9,41.71545662659489,192.1,0.13900624513626098,0.06812994433469328,0.5293018043041229,0.05735681752878747
0.37275055738595814,1.2242188182312694,223.5,41.777836849163165,194.5,0.1371261417865753,0.06653655883526485,0.5118964731693267,0.07323781044436867
0.38540452871567166,1.2242188182312694,220.9,42.53209749073383,197.1,0.13709985017776488,0.06485495796103113,0.5163076758384705,0.07148207077621135
0.3980585000453851,1.2242188182312694,217.1,43.068803015938364,200.9,0.12733636498451234,0.06478220161543423,0.5200300753116608,0.06800740524233906
0.4107124713750986,1.2242188182312694,209.6,43.582923395890944,208.4,0.12050225138664246,0.06203330785516267,0.5362223446369171,0.06914502451207025
0.42336644270481205,1.2242188182312694,196.1,52.034477609879744,221.9,0.10382810235023499,0.06826526327604465,0.5261725783348083,0.08477569820238896
0.4360204140345255,1.2242188182312694,178.1,65.67311468456884,239.9,0.10636301636695862,0.06306970439284218,0.5495748519897461,0.06817962343862023
0.44867438536423904,1.2242188182312694,153.7,74.71974319470245,264.3,0.10353151559829712,0.06526337360121696,0.5716931641101837,0.06496669644822918
0.4613283566939525,1.2242188182312694,129.3,85.46248265166443,288.7,0.08246806859970093,0.07021419629134865,0.5926077723503113,0.05646778330000523
0.47398232802366597,1.2242188182312694,110.9,92.05398539074974,307.1,0.0820008635520935,0.07029869961802505,0.5924055755138398,0.055804357271046955
0.4866362993533795,1.2242188182312694,98.4,91.3376283402096,319.6,0.05571991801261902,0.06677449826688883,0.6109996318817139,0.058149383073155717
0.49929027068309295,1.2242188182312694,86.1,88.00631313221643,331.9,0.037549710273742674,0.09132933069890464,0.6264929115772248,0.06068431846084232
0.5119442420128064,1.2242188182312694,69.3,83.36836071287014,348.7,0.05163353681564331,0.060293809438718406,0.6317017197608947,0.056913363528095104
0.5245982133425199,1.2242188182312694,61.8,79.56364034930425,356.2,0.04450495839118958,0.05312429577811314,0.6284096658229827,0.052034524626313826
0.5372521846722333,1.2242188182312694,49.8,76.30533276718263,368.2,0.029708397388458253,0.04487731848519416,0.631007868051529,0.03782471919155719
0.5499061560019469,1.2242188182312694,46.2,71.7656658566043,371.8,0.034324359893798825,0.053748146598343094,0.6284962594509125,0.03753697758964104
0.5625601273316603,1.2242188182312694,34.2,56.17442305321299,383.8,0.027378982305526732,0.04367707323066298,0.6506066977977752,0.04496524488111351
0.5752140986613739,1.2242188182312694,21.5,37.27071266751918,396.5,0.02043052315711975,0.036814190433914706,0.6472414553165435,0.042445476726457446
0.5878680699910873,1.2242188182312694,14.1,31.896415996242805,403.9,0.01056421995162964,0.023897925833545178,0.6417419135570526,0.03846942767444256
0.6005220413208008,1.2242188182312694,0.2,0.4524314325708198,417.8,-6.603844451904297,14.93893402924961,0.6359020113945008,0.0357891220647029
0.1070171594619751,1.2450868569224456,348.2,44.29671107986592,69.80000000000001,0.4212175726890564,0.1441458779662724,0.24427988529205322,0.1656603717482912
0.11967113079168858,1.2450868569224456,347.1,43.35696315897869,70.89999999999998,0.42144855856895447,0.1443435261119121,0.21621919870376588,0.19816111464394853
0.13232510212140206,1.2450868569224456,344.3,41.24197835627261,73.69999999999999,0.42032137513160706,0.1442665807502308,0.21601976752281188,0.34039838211357765
0.14497907345111555,1.2450868569224456,335.6,38.51606297816496,82.39999999999998,0.4222667694091797,0.15001186109912282,0.27934210300445556,0.157877618130506
0.157633044780829,1.2450868569224456,321.5,41.49241353137351,96.5,0.41625149846076964,0.15521402427894165,0.3517045497894287,0.17771425615635358
0.17028701611054248,1.2450868569224456,313.8,42.55394955373694,104.19999999999999,0.4086276054382324,0.16014009184600492,0.38507120013237,0.16562638765807286
0.18294098744025597,1.2450868569224456,305.8,42.55261335830425,112.19999999999999,0.3959939777851105,0.16331932231154023,0.4042409062385559,0.14882261062148802
0.19559495876996946,1.2450868569224456,295.3,41.87815795905543,122.69999999999999,0.3681270182132721,0.1472660289984705,0.45369495153427125,0.1272378022548687
0.20824893009968293,1.2450868569224456,286.6,37.37118931527251,131.39999999999998,0.32029861211776733,0.14423116319484042,0.4655366361141205,0.10383101499405151
0.2209029014293964,1.2450868569224456,276.7,35.18129174822203,141.3,0.3013728141784668,0.13723078257277124,0.5153976857662201,0.11042138775330967
0.23355687275910988,1.2450868569224456,268.7,36.01979684030885,149.3,0.2712992250919342,0.13620230157761956,0.524811327457428,0.08173184375345514
0.24621084408882338,1.2450868569224456,261.6,34.34243001867893,156.39999999999998,0.2454160213470459,0.11439671893059615,0.5281339883804321,0.06989809555633567
0.25886481541853684,1.2450868569224456,256.5,33.327494792476976,161.5,0.22111406326293945,0.1010343720463685,0.5277452409267426,0.06980166867582104
0.2715187867482503,1.2450868569224456,248.0,34.54020897253328,170.0,0.18586138486862183,0.05539554617931021,0.5212521731853486,0.06972422866433778
0.2841727580779638,1.2450868569224456,245.3,35.6564736516,172.7,0.18337279558181763,0.055329643697099584,0.5135257840156555,0.05967313147856388
0.2968267294076773,1.2450868569224456,238.1,38.17389746851826,179.9,0.1642340064048767,0.06112950974973571,0.5199827671051025,0.06297113277822244
0.30948070073739076,1.2450868569224456,235.0,39.4463824191193,183.0,0.15574803948402405,0.06297232608248471,0.5185939490795135,0.0635245347584995
0.3221346720671042,1.2450868569224456,234.2,39.447535552375484,183.8,0.15405184626579285,0.06266306558353382,0.5216873705387115,0.06368784941744464
0.3347886433968177,1.2450868569224456,232.0,40.208743232099444,186.0,0.1499601721763611,0.06742481074022205,0.5219018459320068,0.058981934041127816
0.3474426147265312,1.2450868569224456,227.9,40.93532274447367,190.1,0.14321671724319457,0.06498272388636504,0.5270855009555817,0.056737955400909805
0.36009658605624467,1.2450868569224456,225.9,41.71545662659489,192.1,0.13900624513626098,0.06812994433469328,0.5293018043041229,0.05735681752878747
0.37275055738595814,1.2450868569224456,223.5,41.777836849163165,194.5,0.1371261417865753,0.06653655883526485,0.5118964731693267,0.07323781044436867
0.38540452871567166,1.2450868569224456,220.9,42.53209749073383,197.1,0.13709985017776488,0.06485495796103113,0.5163076758384705,0.07148207077621135
0.3980585000453851,1.2450868569224456,217.1,43.068803015938364,200.9,0.12733636498451234,0.06478220161543423,0.5200300753116608,0.06800740524233906
0.4107124713750986,1.2450868569224456,209.6,43.582923395890944,208.4,0.12050225138664246,0.06203330785516267,0.5362223446369171,0.06914502451207025
0.42336644270481205,1.2450868569224456,196.1,52.034477609879744,221.9,0.10382810235023499,0.06826526327604465,0.5261725783348083,0.08477569820238896
0.4360204140345255,1.2450868569224456,178.1,65.67311468456884,239.9,0.10636301636695862,0.06306970439284218,0.5495748519897461,0.06817962343862023
0.44867438536423904,1.2450868569224456,153.7,74.71974319470245,264.3,0.10353151559829712,0.06526337360121696,0.5716931641101837,0.06496669644822918
0.4613283566939525,1.2450868569224456,129.3,85.46248265166443,288.7,0.08246806859970093,0.07021419629134865,0.5926077723503113,0.05646778330000523
0.47398232802366597,1.2450868569224456,110.9,92.05398539074974,307.1,0.0820008635520935,0.07029869961802505,0.5924055755138398,0.055804357271046955
0.4866362993533795,1.2450868569224456,98.4,91.3376283402096,319.6,0.05571991801261902,0.06677449826688883,0.6109996318817139,0.058149383073155717
0.49929027068309295,1.2450868569224456,86.1,88.00631313221643,331.9,0.037549710273742674,0.09132933069890464,0.6264929115772248,0.06068431846084232
0.5119442420128064,1.2450868569224456,69.3,83.36836071287014,348.7,0.05163353681564331,0.060293809438718406,0.6317017197608947,0.056913363528095104
0.5245982133425199,1.2450868569224456,61.8,79.56364034930425,356.2,0.04450495839118958,0.05312429577811314,0.6284096658229827,0.052034524626313826
0.5372521846722333,1.2450868569224456,49.8,76.30533276718263,368.2,0.029708397388458253,0.04487731848519416,0.631007868051529,0.03782471919155719
0.5499061560019469,1.2450868569224456,46.2,71.7656658566043,371.8,0.034324359893798825,0.053748146598343094,0.6284962594509125,0.03753697758964104
0.5625601273316603,1.2450868569224456,34.2,56.17442305321299,383.8,0.027378982305526732,0.04367707323066298,0.6506066977977752,0.04496524488111351
0.5752140986613739,1.2450868569224456,21.5,37.27071266751918,396.5,0.02043052315711975,0.036814190433914706,0.6472414553165435,0.042445476726457446
0.5878680699910873,1.2450868569224456,14.1,31.896415996242805,403.9,0.01056421995162964,0.023897925833545178,0.6417419135570526,0.03846942767444256
0.6005220413208008,1.2450868569224456,0.2,0.4524314325708198,417.8,-6.603844451904297,14.93893402924961,0.6359020113945008,0.0357891220647029
0.1070171594619751,1.2659548956136215,363.7,42.71698456646957,54.30000000000001,0.46766756772994994,0.13685428485262152,0.22814552187919618,0.18820202820377832
0.11967113079168858,1.2659548956136215,362.6,41.97329510461991,55.39999999999998,0.467898553609848,0.13701793106570348,0.2000848352909088,0.21617034743498947
0.13232510212140206,1.2659548956136215,359.8,40.38906189290049,58.19999999999999,0.4667776346206665,0.13715086026126427,0.20018768906593323,0.3513419394356149
0.14497907345111555,1.2659548956136215,351.1,39.36622912432746,66.89999999999998,0.46908715963363645,0.14229235799857107,0.2645071387290955,0.18677994178865162
0.157633044780829,1.2659548956136215,337.0,42.11907418510126,81.0,0.4666977822780609,0.14720253761374466,0.3127708435058594,0.20850253176403433
0.17028701611054248,1.2659548956136215,329.3,42.4016873048413,88.69999999999999,0.4611828088760376,0.15248599208766161,0.3753834545612335,0.1694043451204902
0.18294098744025597,1.2659548956136215,321.3,40.90419712669548,96.69999999999999,0.454203599691391,0.156060846137909,0.37119978070259096,0.17070988911677837
0.19559495876996946,1.2659548956136215,310.8,39.770527231898605,107.19999999999999,0.43107757568359373,0.14555988078426718,0.4215674102306366,0.16101080033121518
0.20824893009968293,1.2659548956136215,302.1,36.542299862424244,115.89999999999998,0.3850493609905243,0.15309660696292057,0.43088409304618835,0.15138082632687075
0.2209029014293964,1.2659548956136215,291.9,34.58207894897189,126.10000000000002,0.3707342207431793,0.15048905034892235,0.484132981300354,0.1506847902577772
0.23355687275910988,1.2659548956136215,283.1,35.53891381034421,134.89999999999998,0.3505966365337372,0.15055926065650363,0.4986741006374359,0.11339682766085932
0.24621084408882338,1.2659548956136215,274.7,32.58876237389703,143.3,0.3248728930950165,0.1338723842494386,0.5256435930728912,0.07241980571235491
0.25886481541853684,1.2659548956136215,266.4,30.813352304877164,151.60000000000002,0.29610976576805115,0.11841966107875306,0.5366245210170746,0.0688355497056317
0.2715187867482503,1.2659548956136215,251.7,34.429820632301436,166.3,0.21290532350540162,0.07080296327411663,0.5236908674240113,0.06924195477522221
0.2841727580779638,1.2659548956136215,245.3,35.6564736516,172.7,0.18337279558181763,0.055329643697099584,0.5135257840156555,0.05967313147856388
0.2968267294076773,1.2659548956136215,238.1,38.17389746851826,179.9,0.1642340064048767,0.06112950974973571,0.5199827671051025,0.06297113277822244
0.30948070073739076,1.2659548956136215,235.0,39.4463824191193,183.0,0.15574803948402405,0.06297232608248471,0.5185939490795135,0.0635245347584995
0.3221346720671042,1.2659548956136215,234.2,39.447535552375484,183.8,0.15405184626579285,0.06266306558353382,0.5216873705387115,0.06368784941744464
0.3347886433968177,1.2659548956136215,232.0,40.208743232099444,186.0,0.1499601721763611,0.06742481074022205,0.5219018459320068,0.058981934041127816
0.3474426147265312,1.2659548956136215,227.9,40.93532274447367,190.1,0.14321671724319457,0.06498272388636504,0.5270855009555817,0.056737955400909805
0.36009658605624467,1.2659548956136215,225.9,41.71545662659489,192.1,0.13900624513626098,0.06812994433469328,0.5293018043041229,0.05735681752878747
0.37275055738595814,1.2659548956136215,223.5,41.777836849163165,194.5,0.1371261417865753,0.06653655883526485,0.5118964731693267,0.07323781044436867
0.38540452871567166,1.2659548956136215,220.9,42.53209749073383,197.1,0.13709985017776488,0.06485495796103113,0.5163076758384705,0.07148207077621135
0.3980585000453851,1.2659548956136215,217.1,43.068803015938364,200.9,0.12733636498451234,0.06478220161543423,0.5200300753116608,0.06800740524233906
0.4107124713750986,1.2659548956136215,209.6,43.582923395890944,208.4,0.12050225138664246,0.06203330785516267,0.5362223446369171,0.06914502451207025
0.42336644270481205,1.2659548956136215,196.1,52.034477609879744,221.9,0.10382810235023499,0.06826526327604465,0.5261725783348083,0.08477569820238896
0.4360204140345255,1.2659548956136215,178.1,65.67311468456884,239.9,0.10636301636695862,0.06306970439284218,0.5495748519897461,0.06817962343862023
0.44867438536423904,1.2659548956136215,153.7,74.71974319470245,264.3,0.10353151559829712,0.06526337360121696,0.5716931641101837,0.06496669644822918
0.4613283566939525,1.2659548956136215,129.3,85.46248265166443,288.7,0.08246806859970093,0.07021419629134865,0.5926077723503113,0.05646778330000523
0.47398232802366597,1.2659548956136215,110.9,92.05398539074974,307.1,0.0820008635520935,0.07029869961802505,0.5924055755138398,0.055804357271046955
0.4866362993533795,1.2659548956136215,98.4,91.3376283402096,319.6,0.05571991801261902,0.06677449826688883,0.6109996318817139,0.058149383073155717
0.49929027068309295,1.2659548956136215,86.1,88.00631313221643,331.9,0.037549710273742674,0.09132933069890464,0.6264929115772248,0.06068431846084232
0.5119442420128064,1.2659548956136215,69.3,83.36836071287014,348.7,0.05163353681564331,0.060293809438718406,0.6317017197608947,0.056913363528095104
0.5245982133425199,1.2659548956136215,61.8,79.56364034930425,356.2,0.04450495839118958,0.05312429577811314,0.6284096658229827,0.052034524626313826
0.5372521846722333,1.2659548956136215,49.8,76.30533276718263,368.2,0.029708397388458253,0.04487731848519416,0.631007868051529,0.03782471919155719
0.5499061560019469,1.2659548956136215,46.2,71.7656658566043,371.8,0.034324359893798825,0.053748146598343094,0.6284962594509125,0.03753697758964104
0.5625601273316603,1.2659548956136215,34.2,56.17442305321299,383.8,0.027378982305526732,0.04367707323066298,0.6506066977977752,0.04496524488111351
0.5752140986613739,1.2659548956136215,21.5,37.27071266751918,396.5,0.02043052315711975,0.036814190433914706,0.6472414553165435,0.042445476726457446
0.5878680699910873,1.2659548956136215,14.1,31.896415996242805,403.9,0.01056421995162964,0.023897925833545178,0.6417419135570526,0.03846942767444256
0.6005220413208008,1.2659548956136215,0.2,0.4524314325708198,417.8,-6.603844451904297,14.93893402924961,0.6359020113945008,0.0357891220647029
0.1070171594619751,1.2868229343047974,375.7,39.927839362096044,42.30000000000001,0.4955353975296021,0.12980153526003027,0.15673929452896118,0.16267166483202056
0.11967113079168858,1.2868229343047974,374.6,39.322512581207846,43.39999999999998,0.49576638340950013,0.1299458984704408,0.12867860794067382,0.1883960981063396
0.13232510212140206,1.2868229343047974,371.8,38.1043495752967,46.19999999999999,0.49474896788597106,0.1300409284193688,0.12917785048484803,0.33524722579086474
0.14497907345111555,1.2868229343047974,363.1,38.130677897435355,54.89999999999998,0.49808126091957095,0.13405141005342175,0.19911828637123108,0.17631734365587415
0.157633044780829,1.2868229343047974,349.0,38.103155792609755,69.0,0.4981094837188721,0.13792298305322256,0.2581410348415375,0.19174053057429408
0.17028701611054248,1.2868229343047974,341.3,38.74985639446855,76.69999999999999,0.4938140869140625,0.14317045101539097,0.3195345103740692,0.1684950543041214
0.18294098744025597,1.2868229343047974,333.3,36.93171238651143,84.69999999999999,0.4893296241760254,0.14502875215951452,0.32067519426345825,0.16703665165061396
0.19559495876996946,1.2868229343047974,322.8,35.41606744711937,95.19999999999999,0.46636785864830016,0.13817087571085712,0.3775167346000671,0.16465470448482922
0.20824893009968293,1.2868229343047974,314.1,32.98141013981215,103.89999999999998,0.4228658139705658,0.14987504995532283,0.3879477918148041,0.15531283216837977
0.2209029014293964,1.2868229343047974,303.9,30.78058102120331,114.10000000000002,0.4099437117576599,0.1486374848762571,0.4388702750205994,0.17292438399253346
0.23355687275910988,1.2868229343047974,294.7,30.7650601884242,123.30000000000001,0.3957691311836243,0.14675343327148901,0.4789013981819153,0.12431575943594468
0.24621084408882338,1.2868229343047974,283.8,28.440473059625177,134.2,0.3659906268119812,0.1320301068707178,0.5200486958026886,0.07458153756560693
0.25886481541853684,1.2868229343047974,274.2,27.289613252776824,143.8,0.3273940861225128,0.1225897612108212,0.5359401941299439,0.0685599882563175
0.2715187867482503,1.2868229343047974,253.8,33.14881535627206,164.2,0.22830899357795714,0.07049633036301105,0.5252830028533936,0.06911612644210827
0.2841727580779638,1.2868229343047974,247.2,34.525060768378765,170.8,0.20142273902893065,0.05513044264256712,0.5150789856910706,0.059543799809851757
0.2968267294076773,1.2868229343047974,238.5,37.9090416790107,179.5,0.1726074755191803,0.05665860768216522,0.5201680302619934,0.06290863756654122
0.30948070073739076,1.2868229343047974,235.0,39.4463824191193,183.0,0.15574803948402405,0.06297232608248471,0.5185939490795135,0.0635245347584995
0.3221346720671042,1.2868229343047974,234.2,39.447535552375484,183.8,0.15405184626579285,0.06266306558353382,0.5216873705387115,0.06368784941744464
0.3347886433968177,1.2868229343047974,232.0,40.208743232099444,186.0,0.1499601721763611,0.06742481074022205,0.5219018459320068,0.058981934041127816
0.3474426147265312,1.2868229343047974,227.9,40.93532274447367,190.1,0.14321671724319457,0.06498272388636504,0.5270855009555817,0.056737955400909805
0.36009658605624467,1.2868229343047974,225.9,41.71545662659489,192.1,0.13900624513626098,0.06812994433469328,0.5293018043041229,0.05735681752878747
0.37275055738595814,1.2868229343047974,223.5,41.777836849163165,194.5,0.1371261417865753,0.06653655883526485,0.5118964731693267,0.07323781044436867
0.38540452871567166,1.2868229343047974,220.9,42.53209749073383,197.1,0.13709985017776488,0.06485495796103113,0.5163076758384705,0.07148207077621135
0.3980585000453851,1.2868229343047974,217.1,43.068803015938364,200.9,0.12733636498451234,0.06478220161543423,0.5200300753116608,0.06800740524233906
0.4107124713750986,1.2868229343047974,209.6,43.582923395890944,208.4,0.12050225138664246,0.06203330785516267,0.5362223446369171,0.06914502451207025
0.42336644270481205,1.2868229343047974,196.1,52.034477609879744,221.9,0.10382810235023499,0.06826526327604465,0.5261725783348083,0.08477569820238896
0.4360204140345255,1.2868229343047974,178.1,65.67311468456884,239.9,0.10636301636695862,0.06306970439284218,0.5495748519897461,0.06817962343862023
0.44867438536423904,1.2868229343047974,153.7,74.71974319470245,264.3,0.10353151559829712,0.06526337360121696,0.5716931641101837,0.06496669644822918
0.4613283566939525,1.2868229343047974,129.3,85.46248265166443,288.7,0.08246806859970093,0.07021419629134865,0.5926077723503113,0.05646778330000523
0.47398232802366597,1.2868229343047974,110.9,92.05398539074974,307.1,0.0820008635520935,0.07029869961802505,0.5924055755138398,0.055804357271046955
0.4866362993533795,1.2868229343047974,98.4,91.3376283402096,319.6,0.05571991801261902,0.06677449826688883,0.6109996318817139,0.058149383073155717
0.49929027068309295,1.2868229343047974,86.1,88.00631313221643,331.9,0.037549710273742674,0.09132933069890464,0.6264929115772248,0.06068431846084232
0.5119442420128064,1.2868229343047974,69.3,83.36836071287014,348.7,0.05163353681564331,0.060293809438718406,0.6317017197608947,0.056913363528095104
0.5245982133425199,1.2868229343047974,61.8,79.56364034930425,356.2,0.04450495839118958,0.05312429577811314,0.6284096658229827,0.052034524626313826
0.5372521846722333,1.2868229343047974,49.8,76.30533276718263,368.2,0.029708397388458253,0.04487731848519416,0.631007868051529,0.03782471919155719
0.5499061560019469,1.2868229343047974,46.2,71.7656658566043,371.8,0.034324359893798825,0.053748146598343094,0.6284962594509125,0.03753697758964104
0.5625601273316603,1.2868229343047974,34.2,56.17442305321299,383.8,0.027378982305526732,0.04367707323066298,0.6506066977977752,0.04496524488111351
0.5752140986613739,1.2868229343047974,21.5,37.27071266751918,396.5,0.02043052315711975,0.036814190433914706,0.6472414553165435,0.042445476726457446
0.5878680699910873,1.2868229343047974,14.1,31.896415996242805,403.9,0.01056421995162964,0.023897925833545178,0.6417419135570526,0.03846942767444256
0.6005220413208008,1.2868229343047974,0.2,0.4524314325708198,417.8,-6.603844451904297,14.93893402924961,0.6359020113945008,0.0357891220647029
0.1070171594619751,1.3076909729959736,388.8,34.59744870780278,29.19999999999999,0.5334407031536103,0.10763782027954164,0.13303833603858947,0.15850511212348287
0.11967113079168858,1.3076909729959736,387.7,34.13792619151402,30.30000000000001,0.5336716890335083,0.10776567894319264,0.10497764945030212,0.18275279573498623
0.13232510212140206,1.3076909729959736,384.9,33.321011043185536,33.10000000000002,0.5327611267566681,0.10786638471120555,0.10632116794586181,0.3326476689008243
0.14497907345111555,1.3076909729959736,376.2,34.745045217238506,41.80000000000001,0.5371708631515503,0.11070043329045261,0.18101301789283752,0.18192134583016656
0.157633044780829,1.3076909729959736,362.1,34.76901135361109,55.89999999999998,0.5398515403270722,0.11295406582860663,0.24990710616111755,0.1913870799814875
0.17028701611054248,1.3076909729959736,354.4,35.37333611636734,63.60000000000002,0.5378873705863952,0.11692328676005194,0.30035576820373533,0.16948978030956904
0.18294098744025597,1.3076909729959736,346.4,33.74112712035926,71.60000000000002,0.5350377023220062,0.11802047752666882,0.2906225323677063,0.17303458568164837
0.19559495876996946,1.3076909729959736,335.9,33.36193988598086,82.10000000000002,0.5125838041305542,0.1146992069336925,0.35124359726905824,0.17178049285171162
0.20824893009968293,1.3076909729959736,327.2,31.574542513515446,90.80000000000001,0.4716975748538971,0.13570919380291066,0.36190102696418763,0.16605305459311204
0.2209029014293964,1.3076909729959736,317.0,30.768663936684675,101.0,0.4604130029678345,0.1350733813593852,0.41675046682357786,0.18153569729002703
0.23355687275910988,1.3076909729959736,307.8,27.63537704818649,110.19999999999999,0.45104374885559084,0.13419948655277825,0.45057867765426635,0.14313633459890898
0.24621084408882338,1.3076909729959736,296.9,25.795756363784392,121.10000000000002,0.42333283424377444,0.12234237724249941,0.4932201385498047,0.09853526362706504
0.25886481541853684,1.3076909729959736,285.9,24.966878381919535,132.10000000000002,0.3833473801612854,0.1163116089916827,0.5255162358283997,0.0760248055487346
0.2715187867482503,1.3076909729959736,262.4,32.684844132233856,155.60000000000002,0.27571244835853576,0.08780506588742473,0.5265640556812287,0.0703486030685336
0.2841727580779638,1.3076909729959736,254.2,33.80611206242898,163.8,0.24053890109062195,0.07713559501195436,0.5190232872962952,0.0604854042177654
0.2968267294076773,1.3076909729959736,240.1,37.05221922437728,177.9,0.19459227919578553,0.05453542936240949,0.5212902665138245,0.0627962333232274
0.30948070073739076,1.3076909729959736,235.0,39.4463824191193,183.0,0.15574803948402405,0.06297232608248471,0.5185939490795135,0.0635245347584995
0.3221346720671042,1.3076909729959736,234.2,39.447535552375484,183.8,0.15405184626579285,0.06266306558353382,0.5216873705387115,0.06368784941744464
0.3347886433968177,1.3076909729959736,232.0,40.208743232099444,186.0,0.1499601721763611,0.06742481074022205,0.5219018459320068,0.058981934041127816
0.3474426147265312,1.3076909729959736,227.9,40.93532274447367,190.1,0.14321671724319457,0.06498272388636504,0.5270855009555817,0.056737955400909805
0.36009658605624467,1.3076909729959736,225.9,41.71545662659489,192.1,0.13900624513626098,0.06812994433469328,0.5293018043041229,0.05735681752878747
0.37275055738595814,1.3076909729959736,223.5,41.777836849163165,194.5,0.1371261417865753,0.06653655883526485,0.5118964731693267,0.07323781044436867
0.38540452871567166,1.3076909729959736,220.9,42.53209749073383,197.1,0.13709985017776488,0.06485495796103113,0.5163076758384705,0.07148207077621135
0.3980585000453851,1.3076909729959736,217.1,43.068803015938364,200.9,0.12733636498451234,0.06478220161543423,0.5200300753116608,0.06800740524233906
0.4107124713750986,1.3076909729959736,209.6,43.582923395890944,208.4,0.12050225138664246,0.06203330785516267,0.5362223446369171,0.06914502451207025
0.42336644270481205,1.3076909729959736,196.1,52.034477609879744,221.9,0.10382810235023499,0.06826526327604465,0.5261725783348083,0.08477569820238896
0.4360204140345255,1.3076909729959736,178.1,65.67311468456884,239.9,0.10636301636695862,0.06306970439284218,0.5495748519897461,0.06817962343862023
0.44867438536423904,1.3076909729959736,153.7,74.71974319470245,264.3,0.10353151559829712,0.06526337360121696,0.5716931641101837,0.06496669644822918
0.4613283566939525,1.3076909729959736,129.3,85.46248265166443,288.7,0.08246806859970093,0.07021419629134865,0.5926077723503113,0.05646778330000523
0.47398232802366597,1.3076909729959736,110.9,92.05398539074974,307.1,0.0820008635520935,0.07029869961802505,0.5924055755138398,0.055804357271046955
0.4866362993533795,1.3076909729959736,98.4,91.3376283402096,319.6,0.05571991801261902,0.06677449826688883,0.6109996318817139,0.058149383073155717
0.49929027068309295,1.3076909729959736,86.1,88.00631313221643,331.9,0.037549710273742674,0.09132933069890464,0.6264929115772248,0.06068431846084232
0.5119442420128064,1.3076909729959736,69.3,83.36836071287014,348.7,0.05163353681564331,0.060293809438718406,0.6317017197608947,0.056913363528095104
0.5245982133425199,1.3076909729959736,61.8,79.56364034930425,356.2,0.04450495839118958,0.05312429577811314,0.6284096658229827,0.052034524626313826
0.5372521846722333,1.3076909729959736,49.8,76.30533276718263,368.2,0.029708397388458253,0.04487731848519416,0.631007868051529,0.03782471919155719
0.5499061560019469,1.3076909729959736,46.2,71.7656658566043,371.8,0.034324359893798825,0.053748146598343094,0.6284962594509125,0.03753697758964104
0.5625601273316603,1.3076909729959736,34.2,56.17442305321299,383.8,0.027378982305526732,0.04367707323066298,0.6506066977977752,0.04496524488111351
0.5752140986613739,1.3076909729959736,21.5,37.27071266751918,396.5,0.02043052315711975,0.036814190433914706,0.6472414553165435,0.042445476726457446
0.5878680699910873,1.3076909729959736,14.1,31.896415996242805,403.9,0.01056421995162964,0.023897925833545178,0.6417419135570526,0.03846942767444256
0.6005220413208008,1.3076909729959736,0.2,0.4524314325708198,417.8,-6.603844451904297,14.93893402924961,0.6359020113945008,0.0357891220647029
0.1070171594619751,1.3285590116871495,397.9,25.709648098606827,20.100000000000023,0.5644651710987091,0.07096847783514522,0.08176310658454895,0.10546709806963661
0.11967113079168858,1.3285590116871495,396.8,25.313708240554707,21.19999999999999,0.5646961569786072,0.07110496960703926,0.053702419996261595,0.1332734517484129
0.13232510212140206,1.3285590116871495,394.0,24.704855322641635,24.0,0.5639384806156158,0.07109427664158441,0.059954458475112916,0.3112958934375778
0.14497907345111555,1.3285590116871495,385.3,26.0252964219081,32.69999999999999,0.569841456413269,0.07225441253601927,0.19021729230880738,0.19443744634517518
0.157633044780829,1.3285590116871495,371.2,25.94816870368912,46.80000000000001,0.5739307522773742,0.07338498362353334,0.26313356757164,0.2074410270220779
0.17028701611054248,1.3285590116871495,363.5,26.04975444520568,54.5,0.5738486528396607,0.07581889180841758,0.31295726299285886,0.1850767577857229
0.18294098744025597,1.3285590116871495,355.5,24.564638145572072,62.5,0.5726071178913117,0.0759314530114259,0.30240246653556824,0.18708817558524526
0.19559495876996946,1.3285590116871495,345.0,24.49916091327221,73.0,0.5501931369304657,0.07749391152906605,0.36260650753974916,0.18400514575168156
0.20824893009968293,1.3285590116871495,336.3,23.434050868566686,81.69999999999999,0.5099255561828613,0.11437067858703225,0.3729744851589203,0.17776475874803932
0.2209029014293964,1.3285590116871495,326.1,20.976891740258402,91.89999999999998,0.500450074672699,0.11242390052244504,0.42633134722709654,0.18975391346141277
0.23355687275910988,1.3285590116871495,316.9,17.36106348368948,101.10000000000002,0.4966669499874115,0.10760912656972604,0.45874059200286865,0.14956404515067406
0.24621084408882338,1.3285590116871495,306.0,15.20495736036707,112.0,0.47072810530662534,0.09976326810514824,0.5006478786468506,0.10453403487893766
0.25886481541853684,1.3285590116871495,295.0,15.806348232210922,123.0,0.4356525957584381,0.09771433184534536,0.5328746259212493,0.08219575036586198
0.2715187867482503,1.3285590116871495,271.5,29.161946379562,146.5,0.33213363885879515,0.09593764666567434,0.5336564421653748,0.07706458140283828
0.2841727580779638,1.3285590116871495,262.9,30.115779979437065,155.10000000000002,0.30128644704818724,0.10376491905234203,0.5233005821704865,0.0645080288105592
0.2968267294076773,1.3285590116871495,248.5,33.967946808581644,169.5,0.26000978946685793,0.1015507570587935,0.5250055968761445,0.06641912909397381
0.30948070073739076,1.3285590116871495,239.1,37.156423960007494,178.9,0.20323665142059327,0.07681358400254984,0.5227842509746552,0.06808413200529287
0.3221346720671042,1.3285590116871495,235.4,38.963719054238,182.6,0.18089388608932494,0.07191065099777967,0.5227610290050506,0.06540354189911378
0.3347886433968177,1.3285590116871495,232.0,40.208743232099444,186.0,0.1499601721763611,0.06742481074022205,0.5219018459320068,0.058981934041127816
0.3474426147265312,1.3285590116871495,227.9,40.93532274447367,190.1,0.14321671724319457,0.06498272388636504,0.5270855009555817,0.056737955400909805
0.36009658605624467,1.3285590116871495,225.9,41.71545662659489,192.1,0.13900624513626098,0.06812994433469328,0.5293018043041229,0.05735681752878747
0.37275055738595814,1.3285590116871495,223.5,41.777836849163165,194.5,0.1371261417865753,0.06653655883526485,0.5118964731693267,0.07323781044436867
0.38540452871567166,1.3285590116871495,220.9,42.53209749073383,197.1,0.13709985017776488,0.06485495796103113,0.5163076758384705,0.07148207077621135
0.3980585000453851,1.3285590116871495,217.1,43.068803015938364,200.9,0.12733636498451234,0.06478220161543423,0.5200300753116608,0.06800740524233906
0.4107124713750986,1.3285590116871495,209.6,43.582923395890944,208.4,0.12050225138664246,0.06203330785516267,0.5362223446369171,0.06914502451207025
0.42336644270481205,1.3285590116871495,196.1,52.034477609879744,221.9,0.10382810235023499,0.06826526327604465,0.5261725783348083,0.08477569820238896
0.4360204140345255,1.3285590116871495,178.1,65.67311468456884,239.9,0.10636301636695862,0.06306970439284218,0.5495748519897461,0.06817962343862023
0.44867438536423904,1.3285590116871495,153.7,74.71974319470245,264.3,0.10353151559829712,0.06526337360121696,0.5716931641101837,0.06496669644822918
0.4613283566939525,1.3285590116871495,129.3,85.46248265166443,288.7,0.08246806859970093,0.07021419629134865,0.5926077723503113,0.05646778330000523
0.47398232802366597,1.3285590116871495,110.9,92.05398539074974,307.1,0.0820008635520935,0.07029869961802505,0.5924055755138398,0.055804357271046955
0.4866362993533795,1.3285590116871495,98.4,91.3376283402096,319.6,0.05571991801261902,0.06677449826688883,0.6109996318817139,0.058149383073155717
0.49929027068309295,1.3285590116871495,86.1,88.00631313221643,331.9,0.037549710273742674,0.09132933069890464,0.6264929115772248,0.06068431846084232
0.5119442420128064,1.3285590116871495,69.3,83.36836071287014,348.7,0.05163353681564331,0.060293809438718406,0.6317017197608947,0.056913363528095104
0.5245982133425199,1.3285590116871495,61.8,79.56364034930425,356.2,0.04450495839118958,0.05312429577811314,0.6284096658229827,0.052034524626313826
0.5372521846722333,1.3285590116871495,49.8,76.30533276718263,368.2,0.029708397388458253,0.04487731848519416,0.631007868051529,0.03782471919155719
0.5499061560019469,1.3285590116871495,46.2,71.7656658566043,371.8,0.034324359893798825,0.053748146598343094,0.6284962594509125,0.03753697758964104
0.5625601273316603,1.3285590116871495,34.2,56.17442305321299,383.8,0.027378982305526732,0.04367707323066298,0.6506066977977752,0.04496524488111351
0.5752140986613739,1.3285590116871495,21.5,37.27071266751918,396.5,0.02043052315711975,0.036814190433914706,0.6472414553165435,0.042445476726457446
0.5878680699910873,1.3285590116871495,14.1,31.896415996242805,403.9,0.01056421995162964,0.023897925833545178,0.6417419135570526,0.03846942767444256
0.6005220413208008,1.3285590116871495,0.2,0.4524314325708198,417.8,-6.603844451904297,14.93893402924961,0.6359020113945008,0.0357891220647029
0.1070171594619751,1.3494270503783254,410.1,19.38208019568796,7.899999999999977,0.6155173718929291,0.0488006901487061,0.029571378231048585,0.06689510508083432
0.11967113079168858,1.3494270503783254,409.0,19.254192845550328,9.0,0.6157483577728271,0.048861939044491494,0.0015106916427612305,0.09720084285137984
0.13232510212140206,1.3494270503783254,406.2,19.08750728347888,11.800000000000011,0.6151988089084626,0.04883111247942878,0.0005748391151428223,0.29232803743845165
0.14497907345111555,1.3494270503783254,397.5,18.566386851887113,20.5,0.621516615152359,0.05198961752527461,0.10688864588737487,0.11115125161606094
0.157633044780829,1.3494270503783254,383.4,18.291638628773644,34.60000000000002,0.6264090001583099,0.052937688772375,0.16579161882400512,0.11330673377366218
0.17028701611054248,1.3494270503783254,375.7,18.669612287244977,42.30000000000001,0.6277329742908477,0.0531143095485593,0.21989868879318236,0.09283182750793806
0.18294098744025597,1.3494270503783254,367.7,17.648853468219524,50.30000000000001,0.6277967870235444,0.05361036638839585,0.2039113759994507,0.09820930421050514
0.19559495876996946,1.3494270503783254,357.2,17.31630043992546,60.80000000000001,0.6045820951461792,0.06895562419244998,0.26853072047233584,0.10913640888942382
0.20824893009968293,1.3494270503783254,348.5,18.082327190708227,69.5,0.5640944898128509,0.12133872160856171,0.2742946267127991,0.11081126607484157
0.2209029014293964,1.3494270503783254,338.3,15.394677109767278,79.69999999999999,0.5550402224063873,0.12200664044219098,0.34083407521247866,0.14827249933392336
0.23355687275910988,1.3494270503783254,329.1,12.579121728510776,88.89999999999998,0.5520694792270661,0.12126852589109273,0.37640989422798155,0.12468562935929292
0.24621084408882338,1.3494270503783254,318.2,12.594255123384011,99.80000000000001,0.5268313467502594,0.12145110882056258,0.41419499516487124,0.09482602981010693
0.25886481541853684,1.3494270503783254,307.2,13.542747293498596,110.80000000000001,0.49544607996940615,0.12780459060898644,0.4492919147014618,0.08268016735252122
0.2715187867482503,1.3494270503783254,283.6,31.64900790806704,134.39999999999998,0.3948580026626587,0.14993106234900425,0.4563537955284119,0.07160482750398216
0.2841727580779638,1.3494270503783254,271.4,30.644971058966917,146.60000000000002,0.358159339427948,0.14707837513187655,0.51451655626297,0.052814613715968454
0.2968267294076773,1.3494270503783254,253.1,33.72975031182154,164.9,0.2995449125766754,0.12666056059007696,0.5308329224586487,0.07093265451957306
0.30948070073739076,1.3494270503783254,242.7,36.83150342787352,175.3,0.24484966397285463,0.11430361317596043,0.527063524723053,0.0725671253601593
0.3221346720671042,1.3494270503783254,236.2,38.87547780925732,181.8,0.19935996532440187,0.08106530708427565,0.523556363582611,0.06537974147662273
0.3347886433968177,1.3494270503783254,232.0,40.208743232099444,186.0,0.1499601721763611,0.06742481074022205,0.5219018459320068,0.058981934041127816
0.3474426147265312,1.3494270503783254,227.9,40.93532274447367,190.1,0.14321671724319457,0.06498272388636504,0.5270855009555817,0.056737955400909805
0.36009658605624467,1.3494270503783254,225.9,41.71545662659489,192.1,0.13900624513626098,0.06812994433469328,0.5293018043041229,0.05735681752878747
0.37275055738595814,1.3494270503783254,223.5,41.777836849163165,194.5,0.1371261417865753,0.06653655883526485,0.5118964731693267,0.07323781044436867
0.38540452871567166,1.3494270503783254,220.9,42.53209749073383,197.1,0.13709985017776488,0.06485495796103113,0.5163076758384705,0.07148207077621135
0.3980585000453851,1.3494270503783254,217.1,43.068803015938364,200.9,0.12733636498451234,0.06478220161543423,0.5200300753116608,0.06800740524233906
0.4107124713750986,1.3494270503783254,209.6,43.582923395890944,208.4,0.12050225138664246,0.06203330785516267,0.5362223446369171,0.06914502451207025
0.42336644270481205,1.3494270503783254,196.1,52.034477609879744,221.9,0.10382810235023499,0.06826526327604465,0.5261725783348083,0.08477569820238896
0.4360204140345255,1.3494270503783254,178.1,65.67311468456884,239.9,0.10636301636695862,0.06306970439284218,0.5495748519897461,0.06817962343862023
0.44867438536423904,1.3494270503783254,153.7,74.71974319470245,264.3,0.10353151559829712,0.06526337360121696,0.5716931641101837,0.06496669644822918
0.4613283566939525,1.3494270503783254,129.3,85.46248265166443,288.7,0.08246806859970093,0.07021419629134865,0.5926077723503113,0.05646778330000523
0.47398232802366597,1.3494270503783254,110.9,92.05398539074974,307.1,0.0820008635520935,0.07029869961802505,0.5924055755138398,0.055804357271046955
0.4866362993533795,1.3494270503783254,98.4,91.3376283402096,319.6,0.05571991801261902,0.06677449826688883,0.6109996318817139,0.058149383073155717
0.49929027068309295,1.3494270503783254,86.1,88.00631313221643,331.9,0.037549710273742674,0.09132933069890464,0.6264929115772248,0.06068431846084232
0.5119442420128064,1.3494270503783254,69.3,83.36836071287014,348.7,0.05163353681564331,0.060293809438718406,0.6317017197608947,0.056913363528095104
0.5245982133425199,1.3494270503783254,61.8,79.56364034930425,356.2,0.04450495839118958,0.05312429577811314,0.6284096658229827,0.052034524626313826
0.5372521846722333,1.3494270503783254,49.8,76.30533276718263,368.2,0.029708397388458253,0.04487731848519416,0.631007868051529,0.03782471919155719
0.5499061560019469,1.3494270503783254,46.2,71.7656658566043,371.8,0.034324359893798825,0.053748146598343094,0.6284962594509125,0.03753697758964104
0.5625601273316603,1.3494270503783254,34.2,56.17442305321299,383.8,0.027378982305526732,0.04367707323066298,0.6506066977977752,0.04496524488111351
0.5752140986613739,1.3494270503783254,21.5,37.27071266751918,396.5,0.02043052315711975,0.036814190433914706,0.6472414553165435,0.042445476726457446
0.5878680699910873,1.3494270503783254,14.1,31.896415996242805,403.9,0.01056421995162964,0.023897925833545178,0.6417419135570526,0.03846942767444256
0.6005220413208008,1.3494270503783254,0.2,0.4524314325708198,417.8,-6.603844451904297,14.93893402924961,0.6359020113945008,0.0357891220647029
0.1070171594619751,1.3702950890695016,418.7,0.34555021442218187,-0.6999999999999886,0.635667759180069,0.03577930791506133,0.0,0.0
0.11967113079168858,1.3702950890695016,417.6,2.4364178283218263,0.39999999999997726,0.635898745059967,0.035788931297779276,-0.028060686588287354,0.06347768316029818
0.13232510212140206,1.3702950890695016,414.8,5.189283125344342,3.1999999999999886,0.6353491961956024,0.035922539929892985,-0.028996539115905762,0.28285265205418636
0.14497907345111555,1.3702950890695016,406.1,8.534127604457817,11.899999999999977,0.6416472613811492,0.03833391091465763,0.07996833324432373,0.09274224309434402
0.157633044780829,1.3702950890695016,392.0,9.644798729645625,26.0,0.6468036115169525,0.0381244879362116,0.14504888653755188,0.08732417585706599
0.17028701611054248,1.3702950890695016,384.3,6.736435794333287,33.69999999999999,0.6493504881858826,0.03802126895409701,0.15910133123397827,0.10560735089225835
0.18294098744025597,1.3702950890695016,376.3,8.761621504711004,41.69999999999999,0.6493732035160065,0.03889348474377706,0.143071186542511,0.10273586177626363
0.19559495876996946,1.3702950890695016,365.8,12.571661270874745,52.19999999999999,0.6263552725315094,0.0626978230204112,0.20767282247543334,0.13150028400648484
0.20824893009968293,1.3702950890695016,357.1,15.833125117701602,60.89999999999998,0.5861383020877838,0.12195030236194378,0.21139208674430848,0.13666527203068385
0.2209029014293964,1.3702950890695016,346.9,16.139011278547382,71.10000000000002,0.5770840346813202,0.12353697260049636,0.27793153524398806,0.18205137484702727
0.23355687275910988,1.3702950890695016,337.7,15.249952206104364,80.30000000000001,0.5740726292133331,0.12355200789173221,0.3048168897628784,0.18563805858498655
0.24621084408882338,1.3702950890695016,326.8,16.75897335210193,91.19999999999999,0.5495806097984314,0.1263821367992652,0.3377244174480438,0.18732129577838194
0.25886481541853684,1.3702950890695016,315.8,17.760455062171914,102.19999999999999,0.5194267153739929,0.13556237304856064,0.3891653835773468,0.15166607095487572
0.2715187867482503,1.3702950890695016,292.2,35.590633662387184,125.80000000000001,0.4211329877376556,0.16546409612334262,0.41468602418899536,0.10740273855642488
0.2841727580779638,1.3702950890695016,279.4,34.10151381526865,138.60000000000002,0.38672571778297427,0.1661677944762724,0.5073276042938233,0.05559718005297936
0.2968267294076773,1.3702950890695016,260.7,38.301185287050444,157.3,0.3282749056816101,0.153002690081166,0.5332649648189545,0.07071310764800602
0.30948070073739076,1.3702950890695016,249.9,40.60619366598849,168.1,0.2720426440238953,0.14886942278479448,0.5304618000984191,0.07156705272077232
0.3221346720671042,1.3702950890695016,242.3,41.23508437891193,175.7,0.2293514132499695,0.12555297676894314,0.5339060485363006,0.0652014396444052
0.3347886433968177,1.3702950890695016,233.4,40.13542559972424,184.6,0.18069095015525818,0.10097145108478543,0.5226086795330047,0.05875486393133444
0.3474426147265312,1.3702950890695016,227.9,40.93532274447367,190.1,0.14321671724319457,0.06498272388636504,0.5270855009555817,0.056737955400909805
0.36009658605624467,1.3702950890695016,225.9,41.71545662659489,192.1,0.13900624513626098,0.06812994433469328,0.5293018043041229,0.05735681752878747
0.37275055738595814,1.3702950890695016,223.5,41.777836849163165,194.5,0.1371261417865753,0.06653655883526485,0.5118964731693267,0.07323781044436867
0.38540452871567166,1.3702950890695016,220.9,42.53209749073383,197.1,0.13709985017776488,0.06485495796103113,0.5163076758384705,0.07148207077621135
0.3980585000453851,1.3702950890695016,217.1,43.068803015938364,200.9,0.12733636498451234,0.06478220161543423,0.5200300753116608,0.06800740524233906
0.4107124713750986,1.3702950890695016,209.6,43.582923395890944,208.4,0.12050225138664246,0.06203330785516267,0.5362223446369171,0.06914502451207025
0.42336644270481205,1.3702950890695016,196.1,52.034477609879744,221.9,0.10382810235023499,0.06826526327604465,0.5261725783348083,0.08477569820238896
0.4360204140345255,1.3702950890695016,178.1,65.67311468456884,239.9,0.10636301636695862,0.06306970439284218,0.5495748519897461,0.06817962343862023
0.44867438536423904,1.3702950890695016,153.7,74.71974319470245,264.3,0.10353151559829712,0.06526337360121696,0.5716931641101837,0.06496669644822918
0.4613283566939525,1.3702950890695016,129.3,85.46248265166443,288.7,0.08246806859970093,0.07021419629134865,0.5926077723503113,0.05646778330000523
0.47398232802366597,1.3702950890695016,110.9,92.05398539074974,307.1,0.0820008635520935,0.07029869961802505,0.5924055755138398,0.055804357271046955
0.4866362993533795,1.3702950890695016,98.4,91.3376283402096,319.6,0.05571991801261902,0.06677449826688883,0.6109996318817139,0.058149383073155717
0.49929027068309295,1.3702950890695016,86.1,88.00631313221643,331.9,0.037549710273742674,0.09132933069890464,0.6264929115772248,0.06068431846084232
0.5119442420128064,1.3702950890695016,69.3,83.36836071287014,348.7,0.05163353681564331,0.060293809438718406,0.6317017197608947,0.056913363528095104
0.5245982133425199,1.3702950890695016,61.8,79.56364034930425,356.2,0.04450495839118958,0.05312429577811314,0.6284096658229827,0.052034524626313826
0.5372521846722333,1.3702950890695016,49.8,76.30533276718263,368.2,0.029708397388458253,0.04487731848519416,0.631007868051529,0.03782471919155719
0.5499061560019469,1.3702950890695016,46.2,71.7656658566043,371.8,0.034324359893798825,0.053748146598343094,0.6284962594509125,0.03753697758964104
0.5625601273316603,1.3702950890695016,34.2,56.17442305321299,383.8,0.027378982305526732,0.04367707323066298,0.6506066977977752,0.04496524488111351
0.5752140986613739,1.3702950890695016,21.5,37.27071266751918,396.5,0.02043052315711975,0.036814190433914706,0.6472414553165435,0.042445476726457446
0.5878680699910873,1.3702950890695016,14.1,31.896415996242805,403.9,0.01056421995162964,0.023897925833545178,0.6417419135570526,0.03846942767444256
0.6005220413208008,1.3702950890695016,0.2,0.4524314325708198,417.8,-6.603844451904297,14.93893402924961,0.6359020113945008,0.0357891220647029
