rho_th,IA_th,count_in,count_in_CI,count_out,r2_in,r2in_CI,r2_out,r2out_CI
1.1689101484080311e-05,0.23518861707610988,0.1,0.2262157162854099,462.9,0.0,0.0,0.5928966701030731,0.030989480757816434
0.02556839539768892,0.23518861707610988,0.0,0.0,463.0,0.0,0.0,0.5925504624843597,0.030898353499408542
0.05112510169389376,0.23518861707610988,0.0,0.0,463.0,0.0,0.0,0.5925504624843597,0.030898353499408542
0.0766818079900986,0.23518861707610988,0.0,0.0,463.0,0.0,0.0,0.5925504624843597,0.030898353499408542
0.10223851428630344,0.23518861707610988,0.0,0.0,463.0,0.0,0.0,0.5925504624843597,0.030898353499408542
0.12779522058250828,0.23518861707610988,0.0,0.0,463.0,0.0,0.0,0.5925504624843597,0.030898353499408542
0.15335192687871313,0.23518861707610988,0.0,0.0,463.0,0.0,0.0,0.5925504624843597,0.030898353499408542
0.17890863317491795,0.23518861707610988,0.0,0.0,463.0,0.0,0.0,0.5925504624843597,0.030898353499408542
0.2044653394711228,0.23518861707610988,0.0,0.0,463.0,0.0,0.0,0.5925504624843597,0.030898353499408542
0.23002204576732765,0.23518861707610988,0.0,0.0,463.0,0.0,0.0,0.5925504624843597,0.030898353499408542
0.2555787520635325,0.23518861707610988,0.0,0.0,463.0,0.0,0.0,0.5925504624843597,0.030898353499408542
0.2811354583597373,0.23518861707610988,0.0,0.0,463.0,0.0,0.0,0.5925504624843597,0.030898353499408542
0.3066921646559422,0.23518861707610988,0.0,0.0,463.0,0.0,0.0,0.5925504624843597,0.030898353499408542
0.332248870952147,0.23518861707610988,0.0,0.0,463.0,0.0,0.0,0.5925504624843597,0.030898353499408542
0.3578055772483518,0.23518861707610988,0.0,0.0,463.0,0.0,0.0,0.5925504624843597,0.030898353499408542
0.3833622835445567,0.23518861707610988,0.0,0.0,463.0,0.0,0.0,0.5925504624843597,0.030898353499408542
0.4089189898407615,0.23518861707610988,0.0,0.0,463.0,0.0,0.0,0.5925504624843597,0.030898353499408542
0.43447569613696635,0.23518861707610988,0.0,0.0,463.0,0.0,0.0,0.5925504624843597,0.030898353499408542
0.46003240243317123,0.23518861707610988,0.0,0.0,463.0,0.0,0.0,0.5925504624843597,0.030898353499408542
0.48558910872937605,0.23518861707610988,0.0,0.0,463.0,0.0,0.0,0.5925504624843597,0.030898353499408542
0.5111458150255809,0.23518861707610988,0.0,0.0,463.0,0.0,0.0,0.5925504624843597,0.030898353499408542
0.5367025213217858,0.23518861707610988,0.0,0.0,463.0,0.0,0.0,0.5925504624843597,0.030898353499408542
0.5622592276179905,0.23518861707610988,0.0,0.0,463.0,0.0,0.0,0.5925504624843597,0.030898353499408542
0.5878159339141954,0.23518861707610988,0.0,0.0,463.0,0.0,0.0,0.5925504624843597,0.030898353499408542
0.6133726402104003,0.23518861707610988,0.0,0.0,463.0,0.0,0.0,0.5925504624843597,0.030898353499408542
0.638929346506605,0.23518861707610988,0.0,0.0,463.0,0.0,0.0,0.5925504624843597,0.030898353499408542
0.6644860528028099,0.23518861707610988,0.0,0.0,463.0,0.0,0.0,0.5925504624843597,0.030898353499408542
0.6900427590990148,0.23518861707610988,0.0,0.0,463.0,0.0,0.0,0.5925504624843597,0.030898353499408542
0.7155994653952196,0.23518861707610988,0.0,0.0,463.0,0.0,0.0,0.5925504624843597,0.030898353499408542
0.7411561716914244,0.23518861707610988,0.0,0.0,463.0,0.0,0.0,0.5925504624843597,0.030898353499408542
0.7667128779876293,0.23518861707610988,0.0,0.0,463.0,0.0,0.0,0.5925504624843597,0.030898353499408542
0.7922695842838341,0.23518861707610988,0.0,0.0,463.0,0.0,0.0,0.5925504624843597,0.030898353499408542
0.817826290580039,0.23518861707610988,0.0,0.0,463.0,0.0,0.0,0.5925504624843597,0.030898353499408542
0.8433829968762439,0.23518861707610988,0.0,0.0,463.0,0.0,0.0,0.5925504624843597,0.030898353499408542
0.8689397031724486,0.23518861707610988,0.0,0.0,463.0,0.0,0.0,0.5925504624843597,0.030898353499408542
0.8944964094686535,0.23518861707610988,0.0,0.0,463.0,0.0,0.0,0.5925504624843597,0.030898353499408542
0.9200531157648584,0.23518861707610988,0.0,0.0,463.0,0.0,0.0,0.5925504624843597,0.030898353499408542
0.9456098220610631,0.23518861707610988,0.0,0.0,463.0,0.0,0.0,0.5925504624843597,0.030898353499408542
0.971166528357268,0.23518861707610988,0.0,0.0,463.0,0.0,0.0,0.5925504624843597,0.030898353499408542
0.9967232346534729,0.23518861707610988,0.0,0.0,463.0,0.0,0.0,0.5925504624843597,0.030898353499408542
1.1689101484080311e-05,0.30659615753044195,2.6,2.138107533851034,460.4,-0.2030451476573944,0.24797408191268067,0.5945917248725892,0.031123895588267825
0.02556839539768892,0.30659615753044195,0.3,0.6786471488562298,462.7,-0.006778943538665772,0.015335035682576286,0.5925248503684998,0.030892390075776426
0.05112510169389376,0.30659615753044195,0.0,0.0,463.0,0.0,0.0,0.5925504624843597,0.030898353499408542
0.0766818079900986,0.30659615753044195,0.0,0.0,463.0,0.0,0.0,0.5925504624843597,0.030898353499408542
0.10223851428630344,0.30659615753044195,0.0,0.0,463.0,0.0,0.0,0.5925504624843597,0.030898353499408542
0.12779522058250828,0.30659615753044195,0.0,0.0,463.0,0.0,0.0,0.5925504624843597,0.030898353499408542
0.15335192687871313,0.30659615753044195,0.0,0.0,463.0,0.0,0.0,0.5925504624843597,0.030898353499408542
0.17890863317491795,0.30659615753044195,0.0,0.0,463.0,0.0,0.0,0.5925504624843597,0.030898353499408542
0.2044653394711228,0.30659615753044195,0.0,0.0,463.0,0.0,0.0,0.5925504624843597,0.030898353499408542
0.23002204576732765,0.30659615753044195,0.0,0.0,463.0,0.0,0.0,0.5925504624843597,0.030898353499408542
0.2555787520635325,0.30659615753044195,0.0,0.0,463.0,0.0,0.0,0.5925504624843597,0.030898353499408542
0.2811354583597373,0.30659615753044195,0.0,0.0,463.0,0.0,0.0,0.5925504624843597,0.030898353499408542
0.3066921646559422,0.30659615753044195,0.0,0.0,463.0,0.0,0.0,0.5925504624843597,0.030898353499408542
0.332248870952147,0.30659615753044195,0.0,0.0,463.0,0.0,0.0,0.5925504624843597,0.030898353499408542
0.3578055772483518,0.30659615753044195,0.0,0.0,463.0,0.0,0.0,0.5925504624843597,0.030898353499408542
0.3833622835445567,0.30659615753044195,0.0,0.0,463.0,0.0,0.0,0.5925504624843597,0.030898353499408542
0.4089189898407615,0.30659615753044195,0.0,0.0,463.0,0.0,0.0,0.5925504624843597,0.030898353499408542
0.43447569613696635,0.30659615753044195,0.0,0.0,463.0,0.0,0.0,0.5925504624843597,0.030898353499408542
0.46003240243317123,0.30659615753044195,0.0,0.0,463.0,0.0,0.0,0.5925504624843597,0.030898353499408542
0.48558910872937605,0.30659615753044195,0.0,0.0,463.0,0.0,0.0,0.5925504624843597,0.030898353499408542
0.5111458150255809,0.30659615753044195,0.0,0.0,463.0,0.0,0.0,0.5925504624843597,0.030898353499408542
0.5367025213217858,0.30659615753044195,0.0,0.0,463.0,0.0,0.0,0.5925504624843597,0.030898353499408542
0.5622592276179905,0.30659615753044195,0.0,0.0,463.0,0.0,0.0,0.5925504624843597,0.030898353499408542
0.5878159339141954,0.30659615753044195,0.0,0.0,463.0,0.0,0.0,0.5925504624843597,0.030898353499408542
0.6133726402104003,0.30659615753044195,0.0,0.0,463.0,0.0,0.0,0.5925504624843597,0.030898353499408542
0.638929346506605,0.30659615753044195,0.0,0.0,463.0,0.0,0.0,0.5925504624843597,0.030898353499408542
0.6644860528028099,0.30659615753044195,0.0,0.0,463.0,0.0,0.0,0.5925504624843597,0.030898353499408542
0.6900427590990148,0.30659615753044195,0.0,0.0,463.0,0.0,0.0,0.5925504624843597,0.030898353499408542
0.7155994653952196,0.30659615753044195,0.0,0.0,463.0,0.0,0.0,0.5925504624843597,0.030898353499408542
0.7411561716914244,0.30659615753044195,0.0,0.0,463.0,0.0,0.0,0.5925504624843597,0.030898353499408542
0.7667128779876293,0.30659615753044195,0.0,0.0,463.0,0.0,0.0,0.5925504624843597,0.030898353499408542
0.7922695842838341,0.30659615753044195,0.0,0.0,463.0,0.0,0.0,0.5925504624843597,0.030898353499408542
0.817826290580039,0.30659615753044195,0.0,0.0,463.0,0.0,0.0,0.5925504624843597,0.030898353499408542
0.8433829968762439,0.30659615753044195,0.0,0.0,463.0,0.0,0.0,0.5925504624843597,0.030898353499408542
0.8689397031724486,0.30659615753044195,0.0,0.0,463.0,0.0,0.0,0.5925504624843597,0.030898353499408542
0.8944964094686535,0.30659615753044195,0.0,0.0,463.0,0.0,0.0,0.5925504624843597,0.030898353499408542
0.9200531157648584,0.30659615753044195,0.0,0.0,463.0,0.0,0.0,0.5925504624843597,0.030898353499408542
0.9456098220610631,0.30659615753044195,0.0,0.0,463.0,0.0,0.0,0.5925504624843597,0.030898353499408542
0.971166528357268,0.30659615753044195,0.0,0.0,463.0,0.0,0.0,0.5925504624843597,0.030898353499408542
0.9967232346534729,0.30659615753044195,0.0,0.0,463.0,0.0,0.0,0.5925504624843597,0.030898353499408542
1.1689101484080311e-05,0.378003697984774,8.4,4.501635915601166,454.6,-0.3144050002098083,0.3297043023142402,0.6037579119205475,0.03228973520478844
0.02556839539768892,0.378003697984774,2.7,3.1822440208573646,460.3,-0.15311576128005983,0.18777403889293587,0.5984083533287048,0.031779992191580696
0.05112510169389376,0.378003697984774,1.8,2.473475739766135,461.2,-4.320820784568786,9.295113679609221,0.5977228999137878,0.03174914423070534
0.0766818079900986,0.378003697984774,0.3,0.4828291119451137,462.7,-74.78292846679688,169.17073729037028,0.5933215498924256,0.030403894370685705
0.10223851428630344,0.378003697984774,0.0,0.0,463.0,0.0,0.0,0.5925504624843597,0.030898353499408542
0.12779522058250828,0.378003697984774,0.0,0.0,463.0,0.0,0.0,0.5925504624843597,0.030898353499408542
0.15335192687871313,0.378003697984774,0.0,0.0,463.0,0.0,0.0,0.5925504624843597,0.030898353499408542
0.17890863317491795,0.378003697984774,0.0,0.0,463.0,0.0,0.0,0.5925504624843597,0.030898353499408542
0.2044653394711228,0.378003697984774,0.0,0.0,463.0,0.0,0.0,0.5925504624843597,0.030898353499408542
0.23002204576732765,0.378003697984774,0.0,0.0,463.0,0.0,0.0,0.5925504624843597,0.030898353499408542
0.2555787520635325,0.378003697984774,0.0,0.0,463.0,0.0,0.0,0.5925504624843597,0.030898353499408542
0.2811354583597373,0.378003697984774,0.0,0.0,463.0,0.0,0.0,0.5925504624843597,0.030898353499408542
0.3066921646559422,0.378003697984774,0.0,0.0,463.0,0.0,0.0,0.5925504624843597,0.030898353499408542
0.332248870952147,0.378003697984774,0.0,0.0,463.0,0.0,0.0,0.5925504624843597,0.030898353499408542
0.3578055772483518,0.378003697984774,0.0,0.0,463.0,0.0,0.0,0.5925504624843597,0.030898353499408542
0.3833622835445567,0.378003697984774,0.0,0.0,463.0,0.0,0.0,0.5925504624843597,0.030898353499408542
0.4089189898407615,0.378003697984774,0.0,0.0,463.0,0.0,0.0,0.5925504624843597,0.030898353499408542
0.43447569613696635,0.378003697984774,0.0,0.0,463.0,0.0,0.0,0.5925504624843597,0.030898353499408542
0.46003240243317123,0.378003697984774,0.0,0.0,463.0,0.0,0.0,0.5925504624843597,0.030898353499408542
0.48558910872937605,0.378003697984774,0.0,0.0,463.0,0.0,0.0,0.5925504624843597,0.030898353499408542
0.5111458150255809,0.378003697984774,0.0,0.0,463.0,0.0,0.0,0.5925504624843597,0.030898353499408542
0.5367025213217858,0.378003697984774,0.0,0.0,463.0,0.0,0.0,0.5925504624843597,0.030898353499408542
0.5622592276179905,0.378003697984774,0.0,0.0,463.0,0.0,0.0,0.5925504624843597,0.030898353499408542
0.5878159339141954,0.378003697984774,0.0,0.0,463.0,0.0,0.0,0.5925504624843597,0.030898353499408542
0.6133726402104003,0.378003697984774,0.0,0.0,463.0,0.0,0.0,0.5925504624843597,0.030898353499408542
0.638929346506605,0.378003697984774,0.0,0.0,463.0,0.0,0.0,0.5925504624843597,0.030898353499408542
0.6644860528028099,0.378003697984774,0.0,0.0,463.0,0.0,0.0,0.5925504624843597,0.030898353499408542
0.6900427590990148,0.378003697984774,0.0,0.0,463.0,0.0,0.0,0.5925504624843597,0.030898353499408542
0.7155994653952196,0.378003697984774,0.0,0.0,463.0,0.0,0.0,0.5925504624843597,0.030898353499408542
0.7411561716914244,0.378003697984774,0.0,0.0,463.0,0.0,0.0,0.5925504624843597,0.030898353499408542
0.7667128779876293,0.378003697984774,0.0,0.0,463.0,0.0,0.0,0.5925504624843597,0.030898353499408542
0.7922695842838341,0.378003697984774,0.0,0.0,463.0,0.0,0.0,0.5925504624843597,0.030898353499408542
0.817826290580039,0.378003697984774,0.0,0.0,463.0,0.0,0.0,0.5925504624843597,0.030898353499408542
0.8433829968762439,0.378003697984774,0.0,0.0,463.0,0.0,0.0,0.5925504624843597,0.030898353499408542
0.8689397031724486,0.378003697984774,0.0,0.0,463.0,0.0,0.0,0.5925504624843597,0.030898353499408542
0.8944964094686535,0.378003697984774,0.0,0.0,463.0,0.0,0.0,0.5925504624843597,0.030898353499408542
0.9200531157648584,0.378003697984774,0.0,0.0,463.0,0.0,0.0,0.5925504624843597,0.030898353499408542
0.9456098220610631,0.378003697984774,0.0,0.0,463.0,0.0,0.0,0.5925504624843597,0.030898353499408542
0.971166528357268,0.378003697984774,0.0,0.0,463.0,0.0,0.0,0.5925504624843597,0.030898353499408542
0.9967232346534729,0.378003697984774,0.0,0.0,463.0,0.0,0.0,0.5925504624843597,0.030898353499408542
1.1689101484080311e-05,0.4494112384391061,12.5,5.440162674068796,450.5,-0.19622992873191833,0.24318061954479867,0.6044363617897034,0.03200731695066786
0.02556839539768892,0.4494112384391061,5.1,4.479477387540313,457.9,-65.17651824355126,146.5358535186582,0.5991121828556061,0.031456133963799295
0.05112510169389376,0.4494112384391061,2.9,3.2599142030369763,460.1,-0.25775469541549684,0.5346182301502472,0.5974006414413452,0.03187920139172346
0.0766818079900986,0.4494112384391061,0.6,0.7689855677471162,462.4,-0.12914129495620727,0.1960874178722585,0.5930497169494628,0.03046364753860528
0.10223851428630344,0.4494112384391061,0.3,0.4828291119451137,462.7,-0.05781264305114746,0.13078128458168056,0.5922767043113708,0.030967098288435826
0.12779522058250828,0.4494112384391061,0.3,0.4828291119451137,462.7,-0.05781264305114746,0.13078128458168056,0.5922767043113708,0.030967098288435826
0.15335192687871313,0.4494112384391061,0.3,0.4828291119451137,462.7,-0.05781264305114746,0.13078128458168056,0.5922767043113708,0.030967098288435826
0.17890863317491795,0.4494112384391061,0.3,0.4828291119451137,462.7,-0.05781264305114746,0.13078128458168056,0.5922767043113708,0.030967098288435826
0.2044653394711228,0.4494112384391061,0.3,0.4828291119451137,462.7,-0.05781264305114746,0.13078128458168056,0.5922767043113708,0.030967098288435826
0.23002204576732765,0.4494112384391061,0.3,0.4828291119451137,462.7,-0.05781264305114746,0.13078128458168056,0.5922767043113708,0.030967098288435826
0.2555787520635325,0.4494112384391061,0.3,0.4828291119451137,462.7,-0.05781264305114746,0.13078128458168056,0.5922767043113708,0.030967098288435826
0.2811354583597373,0.4494112384391061,0.3,0.4828291119451137,462.7,-0.05781264305114746,0.13078128458168056,0.5922767043113708,0.030967098288435826
0.3066921646559422,0.4494112384391061,0.3,0.4828291119451137,462.7,-0.05781264305114746,0.13078128458168056,0.5922767043113708,0.030967098288435826
0.332248870952147,0.4494112384391061,0.3,0.4828291119451137,462.7,-0.05781264305114746,0.13078128458168056,0.5922767043113708,0.030967098288435826
0.3578055772483518,0.4494112384391061,0.3,0.4828291119451137,462.7,-0.05781264305114746,0.13078128458168056,0.5922767043113708,0.030967098288435826
0.3833622835445567,0.4494112384391061,0.3,0.4828291119451137,462.7,-0.05781264305114746,0.13078128458168056,0.5922767043113708,0.030967098288435826
0.4089189898407615,0.4494112384391061,0.3,0.4828291119451137,462.7,-0.05781264305114746,0.13078128458168056,0.5922767043113708,0.030967098288435826
0.43447569613696635,0.4494112384391061,0.3,0.4828291119451137,462.7,-0.05781264305114746,0.13078128458168056,0.5922767043113708,0.030967098288435826
0.46003240243317123,0.4494112384391061,0.3,0.4828291119451137,462.7,-0.05781264305114746,0.13078128458168056,0.5922767043113708,0.030967098288435826
0.48558910872937605,0.4494112384391061,0.3,0.4828291119451137,462.7,-0.05781264305114746,0.13078128458168056,0.5922767043113708,0.030967098288435826
0.5111458150255809,0.4494112384391061,0.3,0.4828291119451137,462.7,-0.05781264305114746,0.13078128458168056,0.5922767043113708,0.030967098288435826
0.5367025213217858,0.4494112384391061,0.3,0.4828291119451137,462.7,-0.05781264305114746,0.13078128458168056,0.5922767043113708,0.030967098288435826
0.5622592276179905,0.4494112384391061,0.3,0.4828291119451137,462.7,-0.05781264305114746,0.13078128458168056,0.5922767043113708,0.030967098288435826
0.5878159339141954,0.4494112384391061,0.3,0.4828291119451137,462.7,-0.05781264305114746,0.13078128458168056,0.5922767043113708,0.030967098288435826
0.6133726402104003,0.4494112384391061,0.3,0.4828291119451137,462.7,-0.05781264305114746,0.13078128458168056,0.5922767043113708,0.030967098288435826
0.638929346506605,0.4494112384391061,0.3,0.4828291119451137,462.7,-0.05781264305114746,0.13078128458168056,0.5922767043113708,0.030967098288435826
0.6644860528028099,0.4494112384391061,0.3,0.4828291119451137,462.7,-0.05781264305114746,0.13078128458168056,0.5922767043113708,0.030967098288435826
0.6900427590990148,0.4494112384391061,0.3,0.4828291119451137,462.7,-0.05781264305114746,0.13078128458168056,0.5922767043113708,0.030967098288435826
0.7155994653952196,0.4494112384391061,0.3,0.4828291119451137,462.7,-0.05781264305114746,0.13078128458168056,0.5922767043113708,0.030967098288435826
0.7411561716914244,0.4494112384391061,0.3,0.4828291119451137,462.7,-0.05781264305114746,0.13078128458168056,0.5922767043113708,0.030967098288435826
0.7667128779876293,0.4494112384391061,0.3,0.4828291119451137,462.7,-0.05781264305114746,0.13078128458168056,0.5922767043113708,0.030967098288435826
0.7922695842838341,0.4494112384391061,0.3,0.4828291119451137,462.7,-0.05781264305114746,0.13078128458168056,0.5922767043113708,0.030967098288435826
0.817826290580039,0.4494112384391061,0.3,0.4828291119451137,462.7,-0.05781264305114746,0.13078128458168056,0.5922767043113708,0.030967098288435826
0.8433829968762439,0.4494112384391061,0.3,0.4828291119451137,462.7,-0.05781264305114746,0.13078128458168056,0.5922767043113708,0.030967098288435826
0.8689397031724486,0.4494112384391061,0.3,0.4828291119451137,462.7,-0.05781264305114746,0.13078128458168056,0.5922767043113708,0.030967098288435826
0.8944964094686535,0.4494112384391061,0.3,0.4828291119451137,462.7,-0.05781264305114746,0.13078128458168056,0.5922767043113708,0.030967098288435826
0.9200531157648584,0.4494112384391061,0.3,0.4828291119451137,462.7,-0.05781264305114746,0.13078128458168056,0.5922767043113708,0.030967098288435826
0.9456098220610631,0.4494112384391061,0.3,0.4828291119451137,462.7,-0.05781264305114746,0.13078128458168056,0.5922767043113708,0.030967098288435826
0.971166528357268,0.4494112384391061,0.3,0.4828291119451137,462.7,-0.05781264305114746,0.13078128458168056,0.5922767043113708,0.030967098288435826
0.9967232346534729,0.4494112384391061,0.0,0.0,463.0,0.0,0.0,0.5925504624843597,0.030898353499408542
1.1689101484080311e-05,0.5208187788934382,25.3,9.532427155398109,437.7,-0.026032686233520508,0.2627119557473938,0.6062785506248474,0.03202332356676689
0.02556839539768892,0.5208187788934382,17.2,9.441024982118748,445.8,-3.8569808423519136,8.495999847662821,0.6010783433914184,0.031811191863228144
0.05112510169389376,0.5208187788934382,12.3,8.135732562648961,450.7,-0.1793509840965271,0.6098587341633018,0.5989772915840149,0.03203481587079209
0.0766818079900986,0.5208187788934382,9.3,7.923293148136821,453.7,0.0392333984375,0.26563138983887197,0.5943263053894043,0.03065082853629983
0.10223851428630344,0.5208187788934382,5.2,5.010903645502643,457.8,-0.17660844326019287,0.5270614126918556,0.5905952751636505,0.03157522124699288
0.12779522058250828,0.5208187788934382,3.9,3.746813396847639,459.1,-0.19524962902069093,0.5288237526871464,0.5910577714443207,0.03125900584116504
0.15335192687871313,0.5208187788934382,3.9,3.746813396847639,459.1,-0.19524962902069093,0.5288237526871464,0.5910577714443207,0.03125900584116504
0.17890863317491795,0.5208187788934382,3.9,3.746813396847639,459.1,-0.19524962902069093,0.5288237526871464,0.5910577714443207,0.03125900584116504
0.2044653394711228,0.5208187788934382,3.9,3.746813396847639,459.1,-0.19524962902069093,0.5288237526871464,0.5910577714443207,0.03125900584116504
0.23002204576732765,0.5208187788934382,3.9,3.746813396847639,459.1,-0.19524962902069093,0.5288237526871464,0.5910577714443207,0.03125900584116504
0.2555787520635325,0.5208187788934382,3.9,3.746813396847639,459.1,-0.19524962902069093,0.5288237526871464,0.5910577714443207,0.03125900584116504
0.2811354583597373,0.5208187788934382,3.8,3.7672445210897196,459.2,-0.7106872200965881,1.340660503998382,0.5911222219467163,0.03125660868494367
0.3066921646559422,0.5208187788934382,3.6,3.847884338856193,459.4,-0.14874216318130493,0.525787653586641,0.5913173139095307,0.03125349702010234
0.332248870952147,0.5208187788934382,3.6,3.847884338856193,459.4,-0.14874216318130493,0.525787653586641,0.5913173139095307,0.03125349702010234
0.3578055772483518,0.5208187788934382,3.6,3.847884338856193,459.4,-0.14874216318130493,0.525787653586641,0.5913173139095307,0.03125349702010234
0.3833622835445567,0.5208187788934382,3.6,3.847884338856193,459.4,-0.14874216318130493,0.525787653586641,0.5913173139095307,0.03125349702010234
0.4089189898407615,0.5208187788934382,3.5,3.8486231090154166,459.5,-1.9199305415153503,3.7477262939426406,0.5916995644569397,0.030833669475575178
0.43447569613696635,0.5208187788934382,3.5,3.8486231090154166,459.5,-1.9199305415153503,3.7477262939426406,0.5916995644569397,0.030833669475575178
0.46003240243317123,0.5208187788934382,3.5,3.8486231090154166,459.5,-1.9199305415153503,3.7477262939426406,0.5916995644569397,0.030833669475575178
0.48558910872937605,0.5208187788934382,3.5,3.8486231090154166,459.5,-1.9199305415153503,3.7477262939426406,0.5916995644569397,0.030833669475575178
0.5111458150255809,0.5208187788934382,3.5,3.8486231090154166,459.5,-1.9199305415153503,3.7477262939426406,0.5916995644569397,0.030833669475575178
0.5367025213217858,0.5208187788934382,3.5,3.8486231090154166,459.5,-1.9199305415153503,3.7477262939426406,0.5916995644569397,0.030833669475575178
0.5622592276179905,0.5208187788934382,3.5,3.8486231090154166,459.5,-1.9199305415153503,3.7477262939426406,0.5916995644569397,0.030833669475575178
0.5878159339141954,0.5208187788934382,3.5,3.8486231090154166,459.5,-1.9199305415153503,3.7477262939426406,0.5916995644569397,0.030833669475575178
0.6133726402104003,0.5208187788934382,3.5,3.8486231090154166,459.5,-1.9199305415153503,3.7477262939426406,0.5916995644569397,0.030833669475575178
0.638929346506605,0.5208187788934382,3.5,3.8486231090154166,459.5,-1.9199305415153503,3.7477262939426406,0.5916995644569397,0.030833669475575178
0.6644860528028099,0.5208187788934382,3.5,3.8486231090154166,459.5,-1.9199305415153503,3.7477262939426406,0.5916995644569397,0.030833669475575178
0.6900427590990148,0.5208187788934382,3.5,3.8486231090154166,459.5,-1.9199305415153503,3.7477262939426406,0.5916995644569397,0.030833669475575178
0.7155994653952196,0.5208187788934382,3.5,3.8486231090154166,459.5,-1.9199305415153503,3.7477262939426406,0.5916995644569397,0.030833669475575178
0.7411561716914244,0.5208187788934382,3.5,3.8486231090154166,459.5,-1.9199305415153503,3.7477262939426406,0.5916995644569397,0.030833669475575178
0.7667128779876293,0.5208187788934382,3.5,3.8486231090154166,459.5,-1.9199305415153503,3.7477262939426406,0.5916995644569397,0.030833669475575178
0.7922695842838341,0.5208187788934382,3.5,3.8486231090154166,459.5,-1.9199305415153503,3.7477262939426406,0.5916995644569397,0.030833669475575178
0.817826290580039,0.5208187788934382,3.5,3.8486231090154166,459.5,-1.9199305415153503,3.7477262939426406,0.5916995644569397,0.030833669475575178
0.8433829968762439,0.5208187788934382,3.5,3.8486231090154166,459.5,-1.9199305415153503,3.7477262939426406,0.5916995644569397,0.030833669475575178
0.8689397031724486,0.5208187788934382,3.5,3.8486231090154166,459.5,-1.9199305415153503,3.7477262939426406,0.5916995644569397,0.030833669475575178
0.8944964094686535,0.5208187788934382,3.5,3.8486231090154166,459.5,-1.9199305415153503,3.7477262939426406,0.5916995644569397,0.030833669475575178
0.9200531157648584,0.5208187788934382,3.5,3.8486231090154166,459.5,-1.9199305415153503,3.7477262939426406,0.5916995644569397,0.030833669475575178
0.9456098220610631,0.5208187788934382,3.5,3.8486231090154166,459.5,-1.9199305415153503,3.7477262939426406,0.5916995644569397,0.030833669475575178
0.971166528357268,0.5208187788934382,3.5,3.8486231090154166,459.5,-1.9199305415153503,3.7477262939426406,0.5916995644569397,0.030833669475575178
0.9967232346534729,0.5208187788934382,0.0,0.0,463.0,0.0,0.0,0.5925504624843597,0.030898353499408542
1.1689101484080311e-05,0.5922263193477701,52.5,16.81131007317914,410.5,0.14106614589691163,0.13299058887503395,0.6019022643566132,0.029931909575882154
0.02556839539768892,0.5922263193477701,43.6,15.402615984481328,419.4,0.19209631085395812,0.15422543005102674,0.5950762927532196,0.02916303052937424
0.05112510169389376,0.5922263193477701,36.6,15.81066435159202,426.4,0.034269481897354126,0.30277348590696374,0.5925169467926026,0.030659353786917795
0.0766818079900986,0.5922263193477701,32.3,16.35111789721858,430.7,0.11029489636421204,0.26667910406291956,0.5881412208080292,0.029270023927146234
0.10223851428630344,0.5922263193477701,26.1,16.107272085713,436.9,-1.1290980637073518,2.257371364869982,0.5834263741970063,0.029926798529366555
0.12779522058250828,0.5922263193477701,23.9,16.67956381777354,439.1,-1.1365815281867981,2.255898809095189,0.5834585428237915,0.030171585614120953
0.15335192687871313,0.5922263193477701,21.5,15.145945136249258,441.5,-1.1399802803993224,2.257112751750567,0.5841710269451141,0.029780885649778273
0.17890863317491795,0.5922263193477701,21.5,15.145945136249258,441.5,-1.1399802803993224,2.257112751750567,0.5841710269451141,0.029780885649778273
0.2044653394711228,0.5922263193477701,21.5,15.145945136249258,441.5,-1.1399802803993224,2.257112751750567,0.5841710269451141,0.029780885649778273
0.23002204576732765,0.5922263193477701,21.4,15.051610980352816,441.6,-1.1398622751235963,2.257141061322155,0.5842635929584503,0.029764843912073447
0.2555787520635325,0.5922263193477701,19.8,15.18549931767729,443.2,-1.3811534285545348,2.2018371379805406,0.5857106566429138,0.03178310355338791
0.2811354583597373,0.5922263193477701,19.6,15.27286528921448,443.4,-1.363827610015869,1.961018614051778,0.585863608121872,0.03179975319937095
0.3066921646559422,0.5922263193477701,19.2,15.319702136488786,443.8,-1.2806185603141784,1.9725394197105532,0.5862946927547454,0.03177082738760845
0.332248870952147,0.5922263193477701,19.2,15.319702136488786,443.8,-1.2806185603141784,1.9725394197105532,0.5862946927547454,0.03177082738760845
0.3578055772483518,0.5922263193477701,19.2,15.319702136488786,443.8,-1.2806185603141784,1.9725394197105532,0.5862946927547454,0.03177082738760845
0.3833622835445567,0.5922263193477701,18.6,14.422718051643228,444.4,-1.2816255271434784,1.9720224071095962,0.5873335123062133,0.030414323622033553
0.4089189898407615,0.5922263193477701,18.5,14.280287039260328,444.5,-1.2877533197402955,1.9689300700079235,0.5877602338790894,0.029892819359192427
0.43447569613696635,0.5922263193477701,18.5,14.280287039260328,444.5,-1.2877533197402955,1.9689300700079235,0.5877602338790894,0.029892819359192427
0.46003240243317123,0.5922263193477701,18.1,13.733072366933811,444.9,-1.2885278284549713,1.9685458236482891,0.5883845746517181,0.029170589829613677
0.48558910872937605,0.5922263193477701,18.1,13.733072366933811,444.9,-1.2885278284549713,1.9685458236482891,0.5883845746517181,0.029170589829613677
0.5111458150255809,0.5922263193477701,18.1,13.733072366933811,444.9,-1.2885278284549713,1.9685458236482891,0.5883845746517181,0.029170589829613677
0.5367025213217858,0.5922263193477701,17.9,13.473926621251229,445.1,-1.2728171944618225,1.9766292898485747,0.5862706184387207,0.03180363665531906
0.5622592276179905,0.5922263193477701,17.9,13.473926621251229,445.1,-1.2728171944618225,1.9766292898485747,0.5862706184387207,0.03180363665531906
0.5878159339141954,0.5922263193477701,17.9,13.473926621251229,445.1,-1.2728171944618225,1.9766292898485747,0.5862706184387207,0.03180363665531906
0.6133726402104003,0.5922263193477701,17.9,13.473926621251229,445.1,-1.2728171944618225,1.9766292898485747,0.5862706184387207,0.03180363665531906
0.638929346506605,0.5922263193477701,17.9,13.473926621251229,445.1,-1.2728171944618225,1.9766292898485747,0.5862706184387207,0.03180363665531906
0.6644860528028099,0.5922263193477701,17.7,13.225184647355222,445.3,-1.2848062932491302,1.9704056946318786,0.5867902278900147,0.03110899022823884
0.6900427590990148,0.5922263193477701,17.7,13.225184647355222,445.3,-1.2848062932491302,1.9704056946318786,0.5867902278900147,0.03110899022823884
0.7155994653952196,0.5922263193477701,17.7,13.225184647355222,445.3,-1.2848062932491302,1.9704056946318786,0.5867902278900147,0.03110899022823884
0.7411561716914244,0.5922263193477701,17.7,13.225184647355222,445.3,-1.2848062932491302,1.9704056946318786,0.5867902278900147,0.03110899022823884
0.7667128779876293,0.5922263193477701,17.7,13.225184647355222,445.3,-1.2848062932491302,1.9704056946318786,0.5867902278900147,0.03110899022823884
0.7922695842838341,0.5922263193477701,17.7,13.225184647355222,445.3,-1.2848062932491302,1.9704056946318786,0.5867902278900147,0.03110899022823884
0.817826290580039,0.5922263193477701,17.4,12.872891196375612,445.6,-1.300919508934021,1.9626005927235572,0.5865658521652222,0.03140543779763902
0.8433829968762439,0.5922263193477701,17.2,12.657303351111059,445.8,-1.339720356464386,1.9464938974511594,0.587021678686142,0.030913325107364095
0.8689397031724486,0.5922263193477701,17.2,12.657303351111059,445.8,-1.339720356464386,1.9464938974511594,0.587021678686142,0.030913325107364095
0.8944964094686535,0.5922263193477701,17.2,12.657303351111059,445.8,-1.339720356464386,1.9464938974511594,0.587021678686142,0.030913325107364095
0.9200531157648584,0.5922263193477701,16.6,12.243544693541589,446.4,-1.2799782156944275,1.9670848338142215,0.587832123041153,0.0309401183391478
0.9456098220610631,0.5922263193477701,15.8,12.148436897370738,447.2,-1.3002455055713653,1.9589473649392408,0.5886119902133942,0.03077047989816219
0.971166528357268,0.5922263193477701,13.3,10.948310949176888,449.7,-1.3043952286243439,1.9572830141295954,0.5885236084461212,0.030561192961902118
0.9967232346534729,0.5922263193477701,0.1,0.2262157162854099,462.9,0.0,0.0,0.5924598097801208,0.030884182120714837
1.1689101484080311e-05,0.6636338598021023,96.4,13.178454302365626,366.6,0.493866103887558,0.12677299484534715,0.5716555893421174,0.034415851968594716
0.02556839539768892,0.6636338598021023,83.4,13.794007100733811,379.6,0.5461170196533203,0.13884982788178743,0.5623411953449249,0.03178645682120687
0.05112510169389376,0.6636338598021023,73.9,14.54930354925289,389.1,0.5785834550857544,0.15008998690603956,0.5586386024951935,0.03115206138363406
0.0766818079900986,0.6636338598021023,68.8,14.879117933337433,394.2,0.6143375992774963,0.13869680348517255,0.5545710802078248,0.02958754195527689
0.10223851428630344,0.6636338598021023,61.4,15.369356140044038,401.6,0.6542315006256103,0.13405598123742243,0.5495949149131775,0.031320936073255486
0.12779522058250828,0.6636338598021023,59.0,15.629088694029706,404.0,0.6602154016494751,0.13532724087896253,0.5503144681453704,0.03075917445183527
0.15335192687871313,0.6636338598021023,56.3,14.92585703509789,406.7,0.6684179782867432,0.13855443353408295,0.5511854112148284,0.02998109913882194
0.17890863317491795,0.6636338598021023,54.4,15.45789002985909,408.6,0.6693542003631592,0.1380642405217171,0.5523167192935944,0.029866735876747867
0.2044653394711228,0.6636338598021023,53.4,15.857347011628745,409.6,0.6770511984825134,0.13981857136044676,0.5519767165184021,0.030547280967482618
0.23002204576732765,0.6636338598021023,52.9,15.800771499737058,410.1,0.6804885149002076,0.14244944663521172,0.5515138983726502,0.029617470735766677
0.2555787520635325,0.6636338598021023,50.8,15.095367948859995,412.2,0.6832086920738221,0.1452407809790879,0.5534098625183106,0.03168316328931832
0.2811354583597373,0.6636338598021023,50.2,14.837022661806653,412.8,0.6910417020320893,0.14100233444289823,0.5526433885097504,0.031135552718801897
0.3066921646559422,0.6636338598021023,48.4,14.284069132228682,414.6,0.6985571801662445,0.13849972758728651,0.5536061704158783,0.030823934487130646
0.332248870952147,0.6636338598021023,48.3,14.23562240003352,414.7,0.698379385471344,0.13860562036260843,0.553782856464386,0.03080033104811315
0.3578055772483518,0.6636338598021023,47.2,14.178591233158873,415.8,0.7015784740447998,0.1365994644641465,0.5548459529876709,0.03089344348965169
0.3833622835445567,0.6636338598021023,46.4,13.30726222102705,416.6,0.7006827652454376,0.13740098636216805,0.556372857093811,0.0294633791862641
0.4089189898407615,0.6636338598021023,46.2,13.211204419147908,416.8,0.6960609197616577,0.14188429537374,0.556883978843689,0.029102787191485745
0.43447569613696635,0.6636338598021023,46.0,13.263607880682313,417.0,0.696383935213089,0.14173878702490766,0.5571382403373718,0.02919476999043579
0.46003240243317123,0.6636338598021023,45.3,12.929525007212556,417.7,0.6960086405277253,0.14221654255592878,0.5581110835075378,0.028740746801787936
0.48558910872937605,0.6636338598021023,45.0,12.93370209811393,418.0,0.6950838327407837,0.1413168620532086,0.5590673804283142,0.029872265698453145
0.5111458150255809,0.6636338598021023,44.7,13.160536613178921,418.3,0.6447015166282654,0.22405998649552739,0.559981393814087,0.03042056024611465
0.5367025213217858,0.6636338598021023,44.2,12.675259528887969,418.8,0.6552313387393951,0.21957964246977352,0.5582539200782776,0.03182733725492536
0.5622592276179905,0.6636338598021023,43.5,12.600799762865586,419.5,0.6549406766891479,0.21850896874724154,0.559343296289444,0.03142822242970182
0.5878159339141954,0.6636338598021023,43.4,12.654607726897526,419.6,0.6549384951591491,0.21850920415417208,0.5594205021858215,0.031460249014899466
0.6133726402104003,0.6636338598021023,43.0,12.586126008891949,420.0,0.6371215343475342,0.22536929993611213,0.560850179195404,0.03141802589933193
0.638929346506605,0.6636338598021023,43.0,12.586126008891949,420.0,0.6371215343475342,0.22536929993611213,0.560850179195404,0.03141802589933193
0.6644860528028099,0.6636338598021023,42.7,12.504771563285683,420.3,0.6287118315696716,0.22840489616036272,0.5614822089672089,0.030999526829207903
0.6900427590990148,0.6636338598021023,42.1,12.922486854746177,420.9,0.6216555774211884,0.2284119232429775,0.5628742098808288,0.030609935632130034
0.7155994653952196,0.6636338598021023,41.3,13.008441833052709,421.7,0.6151107311248779,0.22682351209903903,0.5652578115463257,0.032058697995522537
0.7411561716914244,0.6636338598021023,40.9,13.33820417349798,422.1,0.6087546348571777,0.2286881040498171,0.5660946130752563,0.031869878594510286
0.7667128779876293,0.6636338598021023,40.3,13.130258601499113,422.7,0.5804166197776794,0.22512558772079916,0.5683169841766358,0.03095272664108176
0.7922695842838341,0.6636338598021023,39.8,12.679744600161305,423.2,0.5182216584682464,0.2776060751909976,0.5704918146133423,0.02992421058244725
0.817826290580039,0.6636338598021023,39.0,12.486342534838116,424.0,0.5054171442985534,0.27760822827770937,0.5712822735309601,0.029680940805757894
0.8433829968762439,0.6636338598021023,38.3,12.590868630177727,424.7,0.45679157972335815,0.27856247937298584,0.5732604563236237,0.028851217719288176
0.8689397031724486,0.6636338598021023,36.1,12.962026751900266,426.9,-0.504485422372818,1.8074141878969012,0.5716595709323883,0.028333070768707124
0.8944964094686535,0.6636338598021023,34.0,12.999478257706116,429.0,-0.7112946927547454,1.7525530478636586,0.5740586638450622,0.028327380877906254
0.9200531157648584,0.6636338598021023,32.4,12.965316300324838,430.6,-1.086354148387909,1.668403242236545,0.5762392103672027,0.028996469466752068
0.9456098220610631,0.6636338598021023,31.3,12.083910078712085,431.7,-1.0883722007274628,1.6676894956052957,0.5778406083583831,0.02796005639163176
0.971166528357268,0.6636338598021023,27.2,10.967769093681763,435.8,-1.13583083152771,1.6496235768159075,0.5800045967102051,0.02766134238362636
0.9967232346534729,0.6636338598021023,0.1,0.2262157162854099,462.9,0.0,0.0,0.5924598097801208,0.030884182120714837
1.1689101484080311e-05,0.7350414002564343,152.5,16.486868754084195,310.5,0.6141972362995147,0.0820301732456057,0.5147804319858551,0.039616253308110146
0.02556839539768892,0.7350414002564343,136.3,16.520632176790684,326.7,0.654720813035965,0.09372344551302889,0.5071365535259247,0.03661844966881285
0.05112510169389376,0.7350414002564343,124.7,15.145194296216264,338.3,0.676609480381012,0.09356533450419394,0.5082740962505341,0.033340936559080325
0.0766818079900986,0.7350414002564343,118.4,12.042195382678662,344.6,0.6982458591461181,0.09314053373968847,0.5037397503852844,0.03339988989592672
0.10223851428630344,0.7350414002564343,110.4,14.462087885355293,352.6,0.7214317440986633,0.08620017386825975,0.4986370623111725,0.03225228831563931
0.12779522058250828,0.7350414002564343,106.8,14.675184613471666,356.2,0.7288423717021942,0.08785555384531447,0.4994586408138275,0.030212396752199083
0.15335192687871313,0.7350414002564343,103.6,14.780965599628756,359.4,0.7331966996192932,0.08745266189707335,0.5012883305549621,0.029767342341939874
0.17890863317491795,0.7350414002564343,100.2,15.008484150520209,362.8,0.7403915107250214,0.0851136885319256,0.5005046248435974,0.030650619654320966
0.2044653394711228,0.7350414002564343,98.4,14.711560149951051,364.6,0.7442966997623444,0.08380371567387554,0.500848650932312,0.03051613071730975
0.23002204576732765,0.7350414002564343,97.1,14.724115891888207,365.9,0.7465779304504394,0.08676007646694638,0.5019611597061158,0.0282127034062123
0.2555787520635325,0.7350414002564343,95.0,14.918045591860869,368.0,0.7481592535972595,0.08882344306975881,0.5048611164093018,0.030747951834441577
0.2811354583597373,0.7350414002564343,93.6,13.921204003798808,369.4,0.7574829638004303,0.08376461630028341,0.5023145914077759,0.03004148116925853
0.3066921646559422,0.7350414002564343,91.6,13.13090814804291,371.4,0.7616153538227082,0.08235270508615342,0.5035080015659332,0.029640131862199107
0.332248870952147,0.7350414002564343,91.4,13.156863714284897,371.6,0.7614392280578614,0.08230814007383153,0.5038680315017701,0.029638101259702572
0.3578055772483518,0.7350414002564343,89.6,11.653464316742616,373.4,0.7625921428203583,0.0823047475947501,0.5054606139659882,0.030565142164240385
0.3833622835445567,0.7350414002564343,88.2,11.873871188935741,374.8,0.761482548713684,0.08325516348528605,0.5081731021404267,0.029387045375802334
0.4089189898407615,0.7350414002564343,87.6,11.823002816734025,375.4,0.7592888951301575,0.0867217376281198,0.5091279864311218,0.029281667102127543
0.43447569613696635,0.7350414002564343,86.5,12.386902826496716,376.5,0.763100552558899,0.08713448356224297,0.5093398451805115,0.029278218568999065
0.46003240243317123,0.7350414002564343,84.8,11.523933745224108,378.2,0.763947331905365,0.08696249264481809,0.509873342514038,0.02927037181328263
0.48558910872937605,0.7350414002564343,84.4,11.471513743067096,378.6,0.763237988948822,0.08633916059461717,0.511062502861023,0.03085645026791272
0.5111458150255809,0.7350414002564343,84.1,11.49750635184923,378.9,0.7614913940429687,0.08551639490881036,0.5123536467552186,0.031022881856577516
0.5367025213217858,0.7350414002564343,82.6,12.299146908245477,380.4,0.7764916241168975,0.07233987808861189,0.5090729057788849,0.03131716138133568
0.5622592276179905,0.7350414002564343,81.7,12.353808515124395,381.3,0.7752630114555359,0.07237705536067954,0.5105267286300659,0.03138847049465928
0.5878159339141954,0.7350414002564343,80.9,12.438207846808263,382.1,0.774952870607376,0.07248868516075091,0.5116064786911011,0.03162697764855609
0.6133726402104003,0.7350414002564343,79.8,11.573168925184659,383.2,0.7743725001811981,0.07123767148446615,0.5141287863254547,0.029765955547043855
0.638929346506605,0.7350414002564343,79.6,11.436765038803404,383.4,0.7745765805244446,0.07101114018503134,0.5142597436904908,0.029878220275787265
0.6644860528028099,0.7350414002564343,78.6,11.511098104117313,384.4,0.76980642080307,0.07602190188063608,0.5163114428520202,0.02917650978790324
0.6900427590990148,0.7350414002564343,77.8,12.167144079528965,385.2,0.7643097221851349,0.07938936264524989,0.5182223796844483,0.029317375971278564
0.7155994653952196,0.7350414002564343,75.9,12.263265976709956,387.1,0.7665102362632752,0.07205545352663772,0.5208007335662842,0.030795400623408818
0.7411561716914244,0.7350414002564343,75.2,12.897602651554664,387.8,0.7677027463912964,0.07052685848911909,0.520958024263382,0.03121893178518924
0.7667128779876293,0.7350414002564343,74.4,13.004725978403368,388.6,0.7577046513557434,0.07473092710128594,0.5240170359611511,0.030711860954396885
0.7922695842838341,0.7350414002564343,72.0,12.832190496859972,391.0,0.7569723486900329,0.07529333003687497,0.5290471315383911,0.027713372827270464
0.817826290580039,0.7350414002564343,69.3,14.115288700437599,393.7,0.7568197786808014,0.07908700269280203,0.5324229717254638,0.027620704685763744
0.8433829968762439,0.7350414002564343,67.4,13.986401428739843,395.6,0.744364732503891,0.08794775681557425,0.5358846664428711,0.026127145597119872
0.8689397031724486,0.7350414002564343,63.4,14.196225306745784,399.6,0.7783506035804748,0.08635109830981202,0.5333302319049835,0.02455805637707583
0.8944964094686535,0.7350414002564343,59.2,13.86226414789299,403.8,0.7564100205898285,0.10594203636272012,0.5401423454284668,0.023907893057483608
0.9200531157648584,0.7350414002564343,50.8,13.403480041913197,412.2,0.358966600894928,0.4011371828174722,0.5573229312896728,0.022150030626233427
0.9456098220610631,0.7350414002564343,43.9,13.170901622455226,419.1,-0.18250215649604798,0.3637204421533404,0.5685304462909698,0.02199793733190177
0.971166528357268,0.7350414002564343,38.6,10.465855981734414,424.4,-0.35491420030593873,0.2922573948817256,0.5727230310440063,0.021972625397521376
0.9967232346534729,0.7350414002564343,0.1,0.2262157162854099,462.9,0.0,0.0,0.5924598097801208,0.030884182120714837
1.1689101484080311e-05,0.8064489407107664,209.9,18.245730691479324,253.1,0.6564242720603943,0.04699095560654517,0.4316732406616211,0.055412908059497196
0.02556839539768892,0.8064489407107664,192.6,18.094743620300655,270.4,0.6846107363700866,0.052272143659473434,0.4278420090675354,0.04583863618194293
0.05112510169389376,0.8064489407107664,178.4,15.413686650745278,284.6,0.7009737670421601,0.050728086750691626,0.4362315356731415,0.03993398534446164
0.0766818079900986,0.8064489407107664,171.4,12.229604640412008,291.6,0.7167862832546235,0.05683770489873077,0.4327046811580658,0.04863033809966732
0.10223851428630344,0.8064489407107664,162.6,14.497429324181262,300.4,0.7329039931297302,0.05142516613808,0.4296773910522461,0.049332327017686535
0.12779522058250828,0.8064489407107664,157.9,15.674317049364406,305.1,0.7403758645057679,0.05284261766151753,0.43313697576522825,0.04352164775260697
0.15335192687871313,0.8064489407107664,154.2,15.148009754440764,308.8,0.7431247770786286,0.05216200289107264,0.4367425382137299,0.041482986381072846
0.17890863317491795,0.8064489407107664,150.2,16.104977388769093,312.8,0.7498679876327514,0.04812328675116316,0.4358957767486572,0.03907817489517516
0.2044653394711228,0.8064489407107664,148.0,16.190191367263154,315.0,0.7563370108604431,0.043336444918503525,0.43471357226371765,0.0377515456012025
0.23002204576732765,0.8064489407107664,146.2,15.13674477946527,316.8,0.7573911786079407,0.04521363877597968,0.43816629648208616,0.032704345154795894
0.2555787520635325,0.8064489407107664,142.8,14.122336327529053,320.2,0.758104008436203,0.044928830197104315,0.4443142354488373,0.03446358297014391
0.2811354583597373,0.8064489407107664,140.7,13.259534718906098,322.3,0.7651028871536255,0.043112050210804574,0.44165058732032775,0.032716642943819006
0.3066921646559422,0.8064489407107664,137.4,13.422132499600988,325.6,0.7704070568084717,0.0385283508957003,0.442012095451355,0.03285938341964497
0.332248870952147,0.8064489407107664,137.1,13.490795921571141,325.9,0.7707581102848053,0.03829951494774453,0.4423616886138916,0.03306950035007716
0.3578055772483518,0.8064489407107664,133.6,11.165069122824692,329.4,0.7766667902469635,0.04200932100236867,0.4446627557277679,0.033181527716718444
0.3833622835445567,0.8064489407107664,130.8,12.007204047144533,332.2,0.7785118699073792,0.042751338093714536,0.4478739082813263,0.032212108464867995
0.4089189898407615,0.8064489407107664,130.1,12.033929590265265,332.9,0.77776939868927,0.044333950169655995,0.44961161613464357,0.03203179378563414
0.43447569613696635,0.8064489407107664,128.7,11.851103398347743,334.3,0.7821865439414978,0.04677762695398031,0.4493551254272461,0.032117688688194694
0.46003240243317123,0.8064489407107664,126.6,10.520044269723911,336.4,0.7840518832206727,0.04877382490550131,0.45063023567199706,0.0315054704505553
0.48558910872937605,0.8064489407107664,126.1,10.291917370423546,336.9,0.7835778832435608,0.048357223137487915,0.45228245854377747,0.03398647400914662
0.5111458150255809,0.8064489407107664,125.7,10.16741154596219,337.3,0.7822569847106934,0.04778346954489471,0.45418532490730285,0.03449428827935646
0.5367025213217858,0.8064489407107664,123.2,10.694791763203588,339.8,0.7918644547462463,0.037113181870937116,0.4523083448410034,0.03534534806171013
0.5622592276179905,0.8064489407107664,122.1,10.47264485128872,340.9,0.7910394251346589,0.03732841641811447,0.45504999756813047,0.03437490897555367
0.5878159339141954,0.8064489407107664,121.3,10.161817679151245,341.7,0.7908199489116668,0.03739215894538363,0.45676199197769163,0.03377483754905829
0.6133726402104003,0.8064489407107664,119.4,8.999481777643014,343.6,0.7922508835792541,0.040356655970803214,0.4595357239246368,0.032802509180947625
0.638929346506605,0.8064489407107664,118.5,9.401494203513787,344.5,0.7917445838451386,0.04088493887938921,0.46087507605552674,0.03251051855651729
0.6644860528028099,0.8064489407107664,116.1,10.336020276918084,346.9,0.7921110272407532,0.044051355183099,0.46337354779243467,0.03137895705524037
0.6900427590990148,0.8064489407107664,115.2,10.657510865755938,347.8,0.7899862349033355,0.04540238417750979,0.4661157429218292,0.030809447536179816
0.7155994653952196,0.8064489407107664,112.5,10.48241309920584,350.5,0.7920406281948089,0.04301857621547086,0.46991340517997743,0.033574802228491185
0.7411561716914244,0.8064489407107664,110.7,10.738563805914032,352.3,0.795188981294632,0.043079536836230115,0.470457124710083,0.03435067044741443
0.7667128779876293,0.8064489407107664,109.1,10.887900267373615,353.9,0.7923325538635254,0.04492316571178925,0.4743394136428833,0.03350993745398896
0.7922695842838341,0.8064489407107664,106.5,11.550792938923365,356.5,0.7899745583534241,0.04784802228740828,0.48073106408119204,0.03231488015112441
0.817826290580039,0.8064489407107664,101.3,13.69824941479543,361.7,0.7972652375698089,0.05018723414114721,0.4846697449684143,0.031868219991659445
0.8433829968762439,0.8064489407107664,99.0,13.664794146809335,364.0,0.7945708811283112,0.0542070046100204,0.48915553092956543,0.029980039258414738
0.8689397031724486,0.8064489407107664,94.8,13.504907746803497,368.2,0.812758618593216,0.05482802945204327,0.4867410659790039,0.03334586121595615
0.8944964094686535,0.8064489407107664,90.3,12.676380945476076,372.7,0.8049161612987519,0.059755031885562464,0.49608722925186155,0.03305630559871028
0.9200531157648584,0.8064489407107664,77.3,13.656677744729807,385.7,0.6972132205963135,0.22256412736457298,0.5242675364017486,0.031656967756698635
0.9456098220610631,0.8064489407107664,63.1,13.278389381425594,399.9,0.20821594595909118,0.41215138170211807,0.5525172293186188,0.02585396379614116
0.971166528357268,0.8064489407107664,50.6,8.62525189360683,412.4,-0.044140756130218506,0.2619963331727259,0.5633555054664612,0.024251130739118127
0.9967232346534729,0.8064489407107664,0.1,0.2262157162854099,462.9,0.0,0.0,0.5924598097801208,0.030884182120714837
1.1689101484080311e-05,0.8778564811650984,293.2,20.36164857240553,169.8,0.6421537339687348,0.03734086097278797,0.38603839874267576,0.05611615283551614
0.02556839539768892,0.8778564811650984,275.2,20.57001841601585,187.8,0.6608337819576263,0.0419995096494487,0.38135659098625185,0.05868200949863881
0.05112510169389376,0.8778564811650984,259.5,17.822614807545996,203.5,0.6716215014457703,0.04327188395911857,0.3951848387718201,0.049147704800654266
0.0766818079900986,0.8778564811650984,248.3,15.661978494486906,214.7,0.6821634411811829,0.04893529628895654,0.3997580349445343,0.05420420836912954
0.10223851428630344,0.8778564811650984,235.2,16.094382240110995,227.8,0.7057465612888336,0.043382999731160284,0.37703039050102233,0.06721957618019639
0.12779522058250828,0.8778564811650984,230.0,15.186248164945424,233.0,0.7094813704490661,0.04505186330516838,0.3807391583919525,0.06345823494325957
0.15335192687871313,0.8778564811650984,225.2,13.441605121407777,237.8,0.7107898831367493,0.04558946847142385,0.38578405380249026,0.06141818737941657
0.17890863317491795,0.8778564811650984,220.0,15.058409189056313,243.0,0.7173715353012085,0.042128548841038144,0.3826999723911285,0.05940525195911875
0.2044653394711228,0.8778564811650984,217.1,14.89305961938488,245.9,0.7216688632965088,0.038983709265134336,0.38111814856529236,0.05799833414921887
0.23002204576732765,0.8778564811650984,215.1,13.737212076549431,247.9,0.7220641374588013,0.040369418611412584,0.38480857014656067,0.0549405761047852
0.2555787520635325,0.8778564811650984,211.3,13.842767138576393,251.7,0.7217564642429352,0.04009563935457232,0.3955640494823456,0.05699737507896981
0.2811354583597373,0.8778564811650984,208.2,15.222896555311753,254.8,0.7280674755573273,0.04029474322846268,0.3917322099208832,0.05567762600845551
0.3066921646559422,0.8778564811650984,203.9,16.693193977001467,259.1,0.7325449049472809,0.03780251109352049,0.3912717282772064,0.05535333415061052
0.332248870952147,0.8778564811650984,202.8,17.388389199122543,260.2,0.7340251326560974,0.0383544407539576,0.3908205032348633,0.05572269447379634
0.3578055772483518,0.8778564811650984,199.0,15.405568940026956,264.0,0.736930537223816,0.040250132504987435,0.39291203022003174,0.05762541132968522
0.3833622835445567,0.8778564811650984,195.6,15.358253519119476,267.4,0.7377328157424927,0.040226263219780116,0.39698333740234376,0.05441777586192166
0.4089189898407615,0.8778564811650984,193.7,15.964020997754535,269.3,0.7397003471851349,0.0416347249985808,0.39795548319816587,0.053138164360547774
0.43447569613696635,0.8778564811650984,192.0,15.59266569253963,271.0,0.7425544917583465,0.04200000744862325,0.39708728790283204,0.053868299148118186
0.46003240243317123,0.8778564811650984,189.7,15.39837011877059,273.3,0.7434220254421234,0.0434014346322474,0.3985451579093933,0.05291368064898046
0.48558910872937605,0.8778564811650984,187.1,15.34436394592788,275.9,0.7456275701522828,0.04539229381905028,0.3986338794231415,0.05426717738907493
0.5111458150255809,0.8778564811650984,185.2,15.848739023835314,277.8,0.7463802635669708,0.04584358168767224,0.40067735910415647,0.05419629338358761
0.5367025213217858,0.8778564811650984,182.1,14.297000305183438,280.9,0.7525529026985168,0.03919084517513824,0.3972663342952728,0.05240679520202431
0.5622592276179905,0.8778564811650984,180.2,13.593036167958115,282.8,0.7520265936851501,0.039400937981573736,0.4001901865005493,0.05312554233285929
0.5878159339141954,0.8778564811650984,178.9,12.843041870962924,284.1,0.7512737035751342,0.040254444425236964,0.4030905842781067,0.053535186843209515
0.6133726402104003,0.8778564811650984,176.7,11.960944309434048,286.3,0.7518111944198609,0.04153163392562896,0.40700905919075014,0.0531187956657547
0.638929346506605,0.8778564811650984,175.0,12.404104477370655,288.0,0.7513372898101807,0.04196383439662784,0.4086376965045929,0.05272088982952092
0.6644860528028099,0.8778564811650984,171.0,12.518178098345182,292.0,0.753981763124466,0.04363504400831579,0.40974606275558473,0.05059890820498485
0.6900427590990148,0.8778564811650984,169.1,12.931283946785666,293.9,0.7530294060707092,0.04507774519149475,0.41408865451812743,0.05035929866475538
0.7155994653952196,0.8778564811650984,166.2,12.002467664155967,296.8,0.7536640584468841,0.043001816248037915,0.4204195737838745,0.04984769164160376
0.7411561716914244,0.8778564811650984,162.7,12.545628037521626,300.3,0.756894451379776,0.042022733691380335,0.42233959436416624,0.050196816062398626
0.7667128779876293,0.8778564811650984,160.7,12.107414166273157,302.3,0.755611777305603,0.04352635923579878,0.4293266832828522,0.04793289102140367
0.7922695842838341,0.8778564811650984,156.6,11.823002816734025,306.4,0.7545990347862244,0.045040021275394866,0.4386171281337738,0.04190653778671842
0.817826290580039,0.8778564811650984,148.5,11.083544128888295,314.5,0.7592653751373291,0.048627914017645504,0.44329495429992677,0.03965557812366379
0.8433829968762439,0.8778564811650984,140.1,13.393507292058613,322.9,0.7669589877128601,0.053040410827611004,0.4472685277462006,0.03538971900087716
0.8689397031724486,0.8778564811650984,132.4,12.405021228746755,330.6,0.786563229560852,0.04771810109530836,0.445550537109375,0.03365267979328365
0.8944964094686535,0.8778564811650984,123.8,11.964509100831243,339.2,0.7921313464641571,0.04898250911641863,0.4573796033859253,0.03514940788792168
0.9200531157648584,0.8778564811650984,105.1,18.189550474220347,357.9,0.7242213249206543,0.1506943519126274,0.4946217596530914,0.039902507520100404
0.9456098220610631,0.8778564811650984,83.1,22.458738643409234,379.9,0.3088001847267151,0.4299971822893921,0.537585437297821,0.02961251241483073
0.971166528357268,0.8778564811650984,58.5,12.336306279671923,404.5,0.10627621412277222,0.3449202663643278,0.5617464125156403,0.022057209141079746
0.9967232346534729,0.8778564811650984,0.1,0.2262157162854099,462.9,0.0,0.0,0.5924598097801208,0.030884182120714837
1.1689101484080311e-05,0.9492640216194306,379.5,13.599100147229096,83.5,0.6195427298545837,0.02994014882181984,0.36860884428024293,0.1075392515505779
0.02556839539768892,0.9492640216194306,360.1,16.289800553635477,102.89999999999998,0.6345060050487519,0.03460131698043343,0.33593771457672117,0.08587861495585114
0.05112510169389376,0.9492640216194306,343.5,14.45441918419637,119.5,0.643683236837387,0.03558257477456512,0.34178279638290404,0.06522997637424091
0.0766818079900986,0.9492640216194306,330.5,13.802454703654583,132.5,0.6516178190708161,0.039762297533891884,0.3454316079616547,0.05692484556830155
0.10223851428630344,0.9492640216194306,314.7,14.621812718691084,148.3,0.6704307913780212,0.0331007995491457,0.30688096284866334,0.07272116561839927
0.12779522058250828,0.9492640216194306,308.3,15.73441928940691,154.7,0.6762046575546264,0.036763793540048675,0.30220848321914673,0.07360918233314999
0.15335192687871313,0.9492640216194306,302.6,14.692222671956593,160.39999999999998,0.6768178343772888,0.03813230988055535,0.30778692960739135,0.06865336956886646
0.17890863317491795,0.9492640216194306,295.8,15.751575020548552,167.2,0.6813224732875824,0.036732853169521275,0.3031017124652863,0.06761189323327624
0.2044653394711228,0.9492640216194306,292.5,15.644542791613592,170.5,0.6846051931381225,0.033692311794527884,0.29953437447547915,0.0675914568848407
0.23002204576732765,0.9492640216194306,289.1,16.62493143266186,173.89999999999998,0.685226321220398,0.03465879074102199,0.30075505971908567,0.06573225250686908
0.2555787520635325,0.9492640216194306,284.4,14.653471159961057,178.60000000000002,0.6837295651435852,0.03318805676331236,0.31545090675354004,0.06449867378803363
0.2811354583597373,0.9492640216194306,280.0,17.138733287222568,183.0,0.6903703689575196,0.03426299268294828,0.30872488021850586,0.0615071480550478
0.3066921646559422,0.9492640216194306,275.4,18.633487403014303,187.60000000000002,0.6932243943214417,0.032499243313345076,0.30806973576545715,0.06411064281161771
0.332248870952147,0.9492640216194306,273.9,19.40846474397111,189.10000000000002,0.6944896817207337,0.0330641906352409,0.3071682631969452,0.06439205856535891
0.3578055772483518,0.9492640216194306,267.4,21.376287994642027,195.60000000000002,0.6976395964622497,0.03802710710111845,0.31319754719734194,0.06733114505303693
0.3833622835445567,0.9492640216194306,262.7,21.137824853128315,200.3,0.6983713269233703,0.03878820970521477,0.3182504951953888,0.06124607154398749
0.4089189898407615,0.9492640216194306,260.5,21.73254332719173,202.5,0.6998267710208893,0.04007498049717929,0.321583753824234,0.05833349163422206
0.43447569613696635,0.9492640216194306,257.7,22.520933126073253,205.3,0.7025116562843323,0.04103519045095946,0.3204531788825989,0.059180576631803976
0.46003240243317123,0.9492640216194306,254.6,21.989905288177756,208.4,0.7034835875034332,0.0415484232967878,0.3208055853843689,0.058262246447036856
0.48558910872937605,0.9492640216194306,251.3,21.038061614543125,211.7,0.7054735958576203,0.04314152798940857,0.3239245772361755,0.06255766674322955
0.5111458150255809,0.9492640216194306,247.8,20.342091819219643,215.2,0.7075855970382691,0.04163670275526546,0.3265478849411011,0.06215936405734679
0.5367025213217858,0.9492640216194306,242.8,18.601725059560632,220.2,0.7134148836135864,0.037595343971020656,0.32220633029937745,0.06253392651042551
0.5622592276179905,0.9492640216194306,238.5,17.790683195752006,224.5,0.7151732265949249,0.03745875926429224,0.32467167973518374,0.0625453158820485
0.5878159339141954,0.9492640216194306,235.5,17.30135368902632,227.5,0.7153789401054382,0.0393446259222602,0.3276885986328125,0.06258259114512053
0.6133726402104003,0.9492640216194306,231.9,17.35451201513276,231.1,0.7170580625534058,0.04146054759954951,0.33433600068092345,0.0594936294252875
0.638929346506605,0.9492640216194306,229.4,17.81607349072225,233.6,0.7182319045066834,0.041050040027880645,0.33642733097076416,0.05769117143773206
0.6644860528028099,0.9492640216194306,223.5,18.58169302666469,239.5,0.7216912567615509,0.04415079805901239,0.3372045814990997,0.055347668830159256
0.6900427590990148,0.9492640216194306,221.4,19.59143616504515,241.6,0.7206431090831756,0.04566272806139262,0.34387785792350767,0.05630133094141507
0.7155994653952196,0.9492640216194306,217.5,19.661111692241093,245.5,0.7227510452270508,0.04287611640793932,0.3538787066936493,0.057828257109141794
0.7411561716914244,0.9492640216194306,213.6,20.39066968475903,249.4,0.7256848454475403,0.04239475229006709,0.35664777755737304,0.05683862281718751
0.7667128779876293,0.9492640216194306,210.4,20.081591573402665,252.6,0.7251973748207092,0.043196341296074456,0.37051072120666506,0.051475153426351734
0.7922695842838341,0.9492640216194306,204.7,19.836164654856358,258.3,0.7250542044639587,0.042999170712327145,0.3814651548862457,0.04058843392836
0.817826290580039,0.9492640216194306,195.0,18.380945322384633,268.0,0.7280742645263671,0.04365935319259265,0.3871929466724396,0.036997189952867424
0.8433829968762439,0.9492640216194306,182.1,20.28232725595338,280.9,0.7391380190849304,0.04440427732163497,0.3954352796077728,0.028528180470961683
0.8689397031724486,0.9492640216194306,169.0,19.348461183117003,294.0,0.7602398931980133,0.04488129244332314,0.39681882262229917,0.030311623014648736
0.8944964094686535,0.9492640216194306,155.7,18.316024074039156,307.3,0.7715625584125518,0.04438639924576879,0.41553075313568116,0.034682419351578286
0.9200531157648584,0.9492640216194306,129.6,25.11390693281194,333.4,0.7512862086296082,0.05970569041558309,0.4664523243904114,0.040437022594332905
0.9456098220610631,0.9492640216194306,95.1,29.54971506758531,367.9,0.3744314551353455,0.399437948140476,0.5282894253730774,0.0317710210340642
0.971166528357268,0.9492640216194306,58.9,12.847468369292114,404.1,0.11072295308113098,0.3492542381868368,0.5613907516002655,0.022216922592942914
0.9967232346534729,0.9492640216194306,0.1,0.2262157162854099,462.9,0.0,0.0,0.5924598097801208,0.030884182120714837
1.1689101484080311e-05,1.0206715620737625,434.2,13.817071263432055,28.80000000000001,0.6119767785072326,0.030482221781703164,0.023896586894989014,0.23860900373988575
0.02556839539768892,1.0206715620737625,414.7,14.92585703509789,48.30000000000001,0.6246679246425628,0.03584486477825916,0.039316976070404054,0.14825267298731049
0.05112510169389376,1.0206715620737625,396.1,12.547440793090454,66.89999999999998,0.634342896938324,0.03830827296691456,0.044333738088607785,0.10820422994622521
0.0766818079900986,1.0206715620737625,382.6,12.280640808524053,80.39999999999998,0.6404353082180023,0.04258635811947289,0.05895895957946777,0.09563331415239829
0.10223851428630344,1.0206715620737625,363.7,14.131392397754702,99.30000000000001,0.6587974727153778,0.03496204051503341,0.0453480064868927,0.07242460897829496
0.12779522058250828,1.0206715620737625,355.9,14.470931336828771,107.10000000000002,0.6632234394550324,0.03791068534535155,0.050135952234268186,0.06475738372444224
0.15335192687871313,1.0206715620737625,349.7,13.781016546069203,113.30000000000001,0.663265609741211,0.03935579362607708,0.056846052408218384,0.06071105557769899
0.17890863317491795,1.0206715620737625,341.3,16.225448297818463,121.69999999999999,0.6678628265857697,0.03823855086575689,0.05920722484588623,0.05325346903203733
0.2044653394711228,1.0206715620737625,337.6,16.169809099207274,125.39999999999998,0.6708909869194031,0.03592046171305727,0.05676770806312561,0.05537860485223289
0.23002204576732765,1.0206715620737625,333.4,17.435413174042825,129.60000000000002,0.6722617745399475,0.036333842901838366,0.05933704376220703,0.054946290018447724
0.2555787520635325,1.0206715620737625,328.3,16.309335623528256,134.7,0.6703457474708557,0.03485333856077951,0.0806925654411316,0.05423891320802391
0.2811354583597373,1.0206715620737625,323.4,17.82883480851831,139.60000000000002,0.6759417831897736,0.036711584759002006,0.0819161593914032,0.04432031624545721
0.3066921646559422,1.0206715620737625,317.0,20.00727073600518,146.0,0.6782427251338958,0.03475625090072726,0.08444778919219971,0.049881003798602455
0.332248870952147,1.0206715620737625,315.3,20.869821715978652,147.7,0.6792517900466919,0.03525833255554827,0.08379487991333008,0.04869008170676852
0.3578055772483518,1.0206715620737625,308.1,24.23419264036018,154.89999999999998,0.6817788183689117,0.03995667496605691,0.0981131911277771,0.04737029073618976
0.3833622835445567,1.0206715620737625,303.4,24.24298948526237,159.60000000000002,0.6817368984222412,0.041275674784110004,0.10603047013282776,0.04090971018068201
0.4089189898407615,1.0206715620737625,300.8,24.78711392510402,162.2,0.6831592679023742,0.042469701418624266,0.11595107316970825,0.03865543142135154
0.43447569613696635,1.0206715620737625,297.3,25.85652124315618,165.7,0.6854284703731537,0.0432199507409818,0.11717938780784606,0.03701300180845851
0.46003240243317123,1.0206715620737625,293.6,25.71572928396155,169.39999999999998,0.6871697068214416,0.04446968215036867,0.12439301013946533,0.03526112082564521
0.48558910872937605,1.0206715620737625,288.6,24.19603602182498,174.39999999999998,0.6904467344284058,0.04576390627578823,0.13818365335464478,0.04931526042316421
0.5111458150255809,1.0206715620737625,284.6,23.881447445295365,178.39999999999998,0.6932673156261444,0.044299957991620086,0.1539086878299713,0.05039292754965685
0.5367025213217858,1.0206715620737625,279.4,22.318422136584893,183.60000000000002,0.6984487235546112,0.040788873699746236,0.1540994882583618,0.052988762436584826
0.5622592276179905,1.0206715620737625,275.1,21.07964205358791,187.89999999999998,0.6996182799339294,0.040988343540427394,0.16422019004821778,0.05064253149403481
0.5878159339141954,1.0206715620737625,271.0,21.338483512672198,192.0,0.700633841753006,0.04349603835987932,0.17189249992370606,0.05224102773238308
0.6133726402104003,1.0206715620737625,266.5,21.603962794732723,196.5,0.7020889639854431,0.0449130014951147,0.1840577483177185,0.05411840344349457
0.638929346506605,1.0206715620737625,263.3,22.284895373507954,199.7,0.7035545945167542,0.04430323787079053,0.1901750385761261,0.05178404095526035
0.6644860528028099,1.0206715620737625,257.3,22.968415922440485,205.7,0.70612673163414,0.047857672937490124,0.19764752984046935,0.0503346139155516
0.6900427590990148,1.0206715620737625,254.7,23.749777455721755,208.3,0.7059767544269562,0.0483865684145072,0.21268650889396667,0.049648448850258
0.7155994653952196,1.0206715620737625,250.4,24.123077543074036,212.6,0.707651150226593,0.04594465225638359,0.233184552192688,0.0580737900030671
0.7411561716914244,1.0206715620737625,244.7,26.012184449681573,218.3,0.7108145594596863,0.046643344114869596,0.2401406705379486,0.056122813382730743
0.7667128779876293,1.0206715620737625,239.9,25.75163424652178,223.1,0.7121731102466583,0.04627775813759523,0.26756054162979126,0.051940503296674954
0.7922695842838341,1.0206715620737625,233.2,26.51821178449337,229.8,0.7124538064002991,0.04520646083600365,0.2825552761554718,0.05380001103894512
0.817826290580039,1.0206715620737625,223.4,25.204306803721444,239.6,0.7141281962394714,0.046693252269356514,0.2933134794235229,0.050860321614671335
0.8433829968762439,1.0206715620737625,209.3,26.800277873257205,253.7,0.7252667546272278,0.048341547206115505,0.31678385138511655,0.040746329269307734
0.8689397031724486,1.0206715620737625,195.4,27.433831123843312,267.6,0.7441227734088898,0.049249868421821434,0.3258635222911835,0.05650485254401724
0.8944964094686535,1.0206715620737625,179.7,27.39203629284187,283.3,0.7542117059230804,0.04911881822868378,0.36593095064163206,0.05243969055977911
0.9200531157648584,1.0206715620737625,147.7,32.108910692884784,315.3,0.7488707184791565,0.04627580083107748,0.4317781448364258,0.05871887604656422
0.9456098220610631,1.0206715620737625,103.3,32.75062289672052,359.7,0.5717140913009644,0.21769263049639143,0.5158903479576111,0.0394585337384419
0.971166528357268,1.0206715620737625,59.0,12.916105216362194,404.0,0.11115219593048095,0.3497882245863776,0.5612911999225616,0.02202636818492134
0.9967232346534729,1.0206715620737625,0.1,0.2262157162854099,462.9,0.0,0.0,0.5924598097801208,0.030884182120714837
1.1689101484080311e-05,1.0920791025280947,447.9,5.54574645354502,15.100000000000023,0.6037881970405579,0.03072101114154266,-0.1822398841381073,0.2683730589189272
0.02556839539768892,1.0920791025280947,427.9,8.152488572976807,35.10000000000002,0.6159348249435425,0.03638908486171585,-0.0538197934627533,0.12059385592523093
0.05112510169389376,1.0920791025280947,408.7,8.884068460128482,54.30000000000001,0.6253320634365082,0.039631206030048285,-0.024472230672836305,0.07793385164468007
0.0766818079900986,1.0920791025280947,393.3,10.63748521038932,69.69999999999999,0.6329180538654328,0.044624702629677826,-0.0018918216228485107,0.07367555433899146
0.10223851428630344,1.0920791025280947,373.3,10.443285286617895,89.69999999999999,0.6514617562294006,0.037017751563849004,0.005134475231170654,0.05536453257303495
0.12779522058250828,1.0920791025280947,364.5,10.865944617451607,98.5,0.6564464509487152,0.03992427324561168,0.010957646369934081,0.04738549590116383
0.15335192687871313,1.0920791025280947,357.5,11.614609960148908,105.5,0.6577561795711517,0.04062395354233794,0.015775924921035765,0.043970621776801916
0.17890863317491795,1.0920791025280947,348.1,14.205234271611365,114.89999999999998,0.6649041652679444,0.037863933541654994,0.013584005832672118,0.036369640573016136
0.2044653394711228,1.0920791025280947,344.3,14.1152887004376,118.69999999999999,0.667833399772644,0.0355896700442566,0.010778778791427612,0.03488289129809073
0.23002204576732765,1.0920791025280947,339.4,14.07959381306539,123.60000000000002,0.6688530743122101,0.0362485571336425,0.018466460704803466,0.031273730904378155
0.2555787520635325,1.0920791025280947,334.0,13.395842005368205,129.0,0.6679540693759918,0.033593900257891954,0.040278184413909915,0.03305496950988762
0.2811354583597373,1.0920791025280947,329.1,14.56883072767253,133.89999999999998,0.6733215272426605,0.03501411145377816,0.041897916793823244,0.028494725333377453
0.3066921646559422,1.0920791025280947,322.7,16.239459611323216,140.3,0.6754034757614136,0.032773222309504385,0.04537457823753357,0.03176883496932075
0.332248870952147,1.0920791025280947,320.7,16.93196050668691,142.3,0.6763744652271271,0.03314437507737028,0.04530109763145447,0.03156662968872235
0.3578055772483518,1.0920791025280947,313.5,19.275590908929008,149.5,0.6784869313240052,0.03703126251924337,0.061814552545547484,0.03606570223643708
0.3833622835445567,1.0920791025280947,308.8,19.71180056301975,154.2,0.6784278571605682,0.03844006953135301,0.07047055959701538,0.031589674154750724
0.4089189898407615,1.0920791025280947,306.2,20.294518387250204,156.8,0.6797777116298676,0.03947090667497645,0.08223537802696228,0.03252358918075118
0.43447569613696635,1.0920791025280947,302.1,22.42073050645643,160.89999999999998,0.6831781387329101,0.041231498003109955,0.0850854218006134,0.03310904232542738
0.46003240243317123,1.0920791025280947,297.9,23.288990696712546,165.10000000000002,0.6855805933475494,0.043361865402119296,0.09140840172767639,0.03324107956397688
0.48558910872937605,1.0920791025280947,292.9,21.863488589452537,170.10000000000002,0.6888030529022217,0.04449701044711308,0.10681268572807312,0.05114037460856475
0.5111458150255809,1.0920791025280947,288.9,21.649184170482112,174.10000000000002,0.6915765404701233,0.04304498656650829,0.12574324607849122,0.05100189399097646
0.5367025213217858,1.0920791025280947,283.7,19.87911500103538,179.3,0.6967134296894073,0.03943156557999845,0.12912650108337403,0.05035116209316232
0.5622592276179905,1.0920791025280947,279.4,18.679203350467336,183.60000000000002,0.6978570997714997,0.03970986121653984,0.1405374825000763,0.04643676552426415
0.5878159339141954,1.0920791025280947,275.3,18.559648136009656,187.7,0.6987815916538238,0.04183453980566452,0.1501975953578949,0.04764121678939159
0.6133726402104003,1.0920791025280947,270.8,18.826560526020636,192.2,0.70014728307724,0.042971511197935436,0.16439787149429322,0.04934582997347906
0.638929346506605,1.0920791025280947,267.6,19.8795440358799,195.39999999999998,0.7016067862510681,0.04237447185593559,0.17067599892616273,0.0481197408835508
0.6644860528028099,1.0920791025280947,261.6,20.741786887249408,201.39999999999998,0.7041027545928955,0.04596567671899903,0.17838174104690552,0.049356570050657876
0.6900427590990148,1.0920791025280947,259.0,21.529483195555496,204.0,0.7039500057697297,0.046498886326885036,0.19495937824249268,0.048207088630049195
0.7155994653952196,1.0920791025280947,254.7,22.10814218253167,208.3,0.7055731773376465,0.04407142840210587,0.2164599359035492,0.05926255247593282
0.7411561716914244,1.0920791025280947,249.0,24.08014087037804,214.0,0.708664882183075,0.04470883913510719,0.22390385270118712,0.05790381660159275
0.7667128779876293,1.0920791025280947,244.1,24.09772584482044,218.9,0.710038036108017,0.04447006010863846,0.25383217334747316,0.05241675430091729
0.7922695842838341,1.0920791025280947,237.1,25.22291147372798,225.9,0.7100891411304474,0.04344688199716326,0.27042209506034853,0.05433322263397992
0.817826290580039,1.0920791025280947,225.9,25.046460451737854,237.1,0.711605578660965,0.04575107365248058,0.28619199991226196,0.04987567763329813
0.8433829968762439,1.0920791025280947,211.8,26.47099805887274,251.2,0.7225821435451507,0.046999639117363774,0.31112868785858155,0.039891486774956075
0.8689397031724486,1.0920791025280947,196.5,28.15201849444038,266.5,0.7442052006721497,0.04954625255497032,0.32228686213493346,0.05719434266822062
0.8944964094686535,1.0920791025280947,180.8,28.082352567738443,282.2,0.7543324112892151,0.04939323199492267,0.3630325853824615,0.053283135990384034
0.9200531157648584,1.0920791025280947,148.8,32.528949526382036,314.2,0.7508766114711761,0.04456274882976569,0.43012039065361024,0.05943813081477996
0.9456098220610631,1.0920791025280947,103.4,32.839306128581214,359.6,0.5717245519161225,0.21769942037106196,0.5156205952167511,0.03990190308679748
0.971166528357268,1.0920791025280947,59.0,12.916105216362194,404.0,0.11115219593048095,0.3497882245863776,0.5612911999225616,0.02202636818492134
0.9967232346534729,1.0920791025280947,0.1,0.2262157162854099,462.9,0.0,0.0,0.5924598097801208,0.030884182120714837
1.1689101484080311e-05,1.1634866429824267,453.1,4.6415584316039125,9.899999999999977,0.6009132206439972,0.030177788502587746,-0.21905078291893004,0.269608642656083
0.02556839539768892,1.1634866429824267,432.6,7.967304824426954,30.399999999999977,0.6137906551361084,0.03564581118801008,-0.10292870402336121,0.1519140963288065
0.05112510169389376,1.1634866429824267,413.2,9.513021639880998,49.80000000000001,0.6238272905349731,0.03773572490521845,-0.045055198669433597,0.09215382919898064
0.0766818079900986,1.1634866429824267,396.4,10.90746618077401,66.60000000000002,0.6311135411262512,0.04319762119959718,-0.0044420182704925535,0.07398051038504898
0.10223851428630344,1.1634866429824267,375.0,10.706481805884097,88.0,0.6511594951152802,0.03670727203415152,0.0054948866367340084,0.055566384197206345
0.12779522058250828,1.1634866429824267,366.0,10.984346120475958,97.0,0.6560892105102539,0.039643664685546254,0.0116896390914917,0.047398013108975796
0.15335192687871313,1.1634866429824267,358.5,12.00459926775584,104.5,0.6574686646461487,0.04033635412072469,0.016099631786346436,0.04361421082015626
0.17890863317491795,1.1634866429824267,349.1,14.592228848791477,113.89999999999998,0.6646071016788483,0.0375394968029227,0.013748151063919068,0.03615460716154925
0.2044653394711228,1.1634866429824267,345.3,14.457565810086694,117.69999999999999,0.6675349116325379,0.03522935493007923,0.010952508449554444,0.03453952889511068
0.23002204576732765,1.1634866429824267,339.9,14.225233766607651,123.10000000000002,0.6687876641750335,0.036314348785270484,0.018991053104400635,0.03121737649289362
0.2555787520635325,1.1634866429824267,334.4,13.603071633457942,128.60000000000002,0.6681688964366913,0.03334979166387944,0.0397366464138031,0.03364368295897626
0.2811354583597373,1.1634866429824267,329.3,14.830314670155145,133.7,0.6734039008617401,0.03492603097054932,0.041892504692077635,0.028501930527185044
0.3066921646559422,1.1634866429824267,322.7,16.239459611323216,140.3,0.6754034757614136,0.032773222309504385,0.04537457823753357,0.03176883496932075
0.332248870952147,1.1634866429824267,320.7,16.93196050668691,142.3,0.6763744652271271,0.03314437507737028,0.04530109763145447,0.03156662968872235
0.3578055772483518,1.1634866429824267,313.5,19.275590908929008,149.5,0.6784869313240052,0.03703126251924337,0.061814552545547484,0.03606570223643708
0.3833622835445567,1.1634866429824267,308.8,19.71180056301975,154.2,0.6784278571605682,0.03844006953135301,0.07047055959701538,0.031589674154750724
0.4089189898407615,1.1634866429824267,306.2,20.294518387250204,156.8,0.6797777116298676,0.03947090667497645,0.08223537802696228,0.03252358918075118
0.43447569613696635,1.1634866429824267,302.1,22.42073050645643,160.89999999999998,0.6831781387329101,0.041231498003109955,0.0850854218006134,0.03310904232542738
0.46003240243317123,1.1634866429824267,297.9,23.288990696712546,165.10000000000002,0.6855805933475494,0.043361865402119296,0.09140840172767639,0.03324107956397688
0.48558910872937605,1.1634866429824267,292.9,21.863488589452537,170.10000000000002,0.6888030529022217,0.04449701044711308,0.10681268572807312,0.05114037460856475
0.5111458150255809,1.1634866429824267,288.9,21.649184170482112,174.10000000000002,0.6915765404701233,0.04304498656650829,0.12574324607849122,0.05100189399097646
0.5367025213217858,1.1634866429824267,283.7,19.87911500103538,179.3,0.6967134296894073,0.03943156557999845,0.12912650108337403,0.05035116209316232
0.5622592276179905,1.1634866429824267,279.4,18.679203350467336,183.60000000000002,0.6978570997714997,0.03970986121653984,0.1405374825000763,0.04643676552426415
0.5878159339141954,1.1634866429824267,275.3,18.559648136009656,187.7,0.6987815916538238,0.04183453980566452,0.1501975953578949,0.04764121678939159
0.6133726402104003,1.1634866429824267,270.8,18.826560526020636,192.2,0.70014728307724,0.042971511197935436,0.16439787149429322,0.04934582997347906
0.638929346506605,1.1634866429824267,267.6,19.8795440358799,195.39999999999998,0.7016067862510681,0.04237447185593559,0.17067599892616273,0.0481197408835508
0.6644860528028099,1.1634866429824267,261.6,20.741786887249408,201.39999999999998,0.7041027545928955,0.04596567671899903,0.17838174104690552,0.049356570050657876
0.6900427590990148,1.1634866429824267,259.0,21.529483195555496,204.0,0.7039500057697297,0.046498886326885036,0.19495937824249268,0.048207088630049195
0.7155994653952196,1.1634866429824267,254.7,22.10814218253167,208.3,0.7055731773376465,0.04407142840210587,0.2164599359035492,0.05926255247593282
0.7411561716914244,1.1634866429824267,249.0,24.08014087037804,214.0,0.708664882183075,0.04470883913510719,0.22390385270118712,0.05790381660159275
0.7667128779876293,1.1634866429824267,244.1,24.09772584482044,218.9,0.710038036108017,0.04447006010863846,0.25383217334747316,0.05241675430091729
0.7922695842838341,1.1634866429824267,237.1,25.22291147372798,225.9,0.7100891411304474,0.04344688199716326,0.27042209506034853,0.05433322263397992
0.817826290580039,1.1634866429824267,225.9,25.046460451737854,237.1,0.711605578660965,0.04575107365248058,0.28619199991226196,0.04987567763329813
0.8433829968762439,1.1634866429824267,211.8,26.47099805887274,251.2,0.7225821435451507,0.046999639117363774,0.31112868785858155,0.039891486774956075
0.8689397031724486,1.1634866429824267,196.5,28.15201849444038,266.5,0.7442052006721497,0.04954625255497032,0.32228686213493346,0.05719434266822062
0.8944964094686535,1.1634866429824267,180.8,28.082352567738443,282.2,0.7543324112892151,0.04939323199492267,0.3630325853824615,0.053283135990384034
0.9200531157648584,1.1634866429824267,148.8,32.528949526382036,314.2,0.7508766114711761,0.04456274882976569,0.43012039065361024,0.05943813081477996
0.9456098220610631,1.1634866429824267,103.4,32.839306128581214,359.6,0.5717245519161225,0.21769942037106196,0.5156205952167511,0.03990190308679748
0.971166528357268,1.1634866429824267,59.0,12.916105216362194,404.0,0.11115219593048095,0.3497882245863776,0.5612911999225616,0.02202636818492134
0.9967232346534729,1.1634866429824267,0.1,0.2262157162854099,462.9,0.0,0.0,0.5924598097801208,0.030884182120714837
1.1689101484080311e-05,1.2348941834367588,458.2,3.213360430986198,4.800000000000011,0.598511689901352,0.029618538484782114,-1.1953340649604798,1.5405505420579895
0.02556839539768892,1.2348941834367588,437.4,6.838220021988676,25.600000000000023,0.6119811415672303,0.035065434391649324,-0.12282833456993103,0.19495064423571787
0.05112510169389376,1.2348941834367588,417.7,9.580027112602929,45.30000000000001,0.6220057606697083,0.03721783458821269,-0.038152045011520384,0.11176934355594077
0.0766818079900986,1.2348941834367588,399.6,11.026711001009415,63.39999999999998,0.6298714280128479,0.04278210423177681,-0.0036291420459747315,0.08168075680796834
0.10223851428630344,1.2348941834367588,377.8,10.244017464059917,85.19999999999999,0.6513287782669067,0.03639676344402334,0.0009696125984191894,0.05277007210623241
0.12779522058250828,1.2348941834367588,368.3,11.411132358334351,94.69999999999999,0.6564534068107605,0.0393802762739588,0.007549393177032471,0.044707490505701865
0.15335192687871313,1.2348941834367588,359.3,12.408916666502918,103.69999999999999,0.65740926861763,0.040344149858427096,0.015165120363235474,0.04407779954947068
0.17890863317491795,1.2348941834367588,349.8,15.129230136307665,113.19999999999999,0.6646153151988983,0.03756301300958829,0.012896841764450074,0.03674055358936707
0.2044653394711228,1.2348941834367588,346.0,15.001663317620423,117.0,0.6675450801849365,0.035253619022483855,0.010078400373458862,0.035357236022231134
0.23002204576732765,1.2348941834367588,340.4,14.579559527755805,122.60000000000002,0.668805468082428,0.036331994702493174,0.018274885416030884,0.031787098152514154
0.2555787520635325,1.2348941834367588,334.9,13.922225061589389,128.10000000000002,0.6681950151920318,0.03337934654735644,0.038954949378967284,0.034288758403224644
0.2811354583597373,1.2348941834367588,329.7,15.081236264279372,133.3,0.6733738422393799,0.035011961350860404,0.04111532568931579,0.029286941952558366
0.3066921646559422,1.2348941834367588,322.7,16.239459611323216,140.3,0.6754034757614136,0.032773222309504385,0.04537457823753357,0.03176883496932075
0.332248870952147,1.2348941834367588,320.7,16.93196050668691,142.3,0.6763744652271271,0.03314437507737028,0.04530109763145447,0.03156662968872235
0.3578055772483518,1.2348941834367588,313.5,19.275590908929008,149.5,0.6784869313240052,0.03703126251924337,0.061814552545547484,0.03606570223643708
0.3833622835445567,1.2348941834367588,308.8,19.71180056301975,154.2,0.6784278571605682,0.03844006953135301,0.07047055959701538,0.031589674154750724
0.4089189898407615,1.2348941834367588,306.2,20.294518387250204,156.8,0.6797777116298676,0.03947090667497645,0.08223537802696228,0.03252358918075118
0.43447569613696635,1.2348941834367588,302.1,22.42073050645643,160.89999999999998,0.6831781387329101,0.041231498003109955,0.0850854218006134,0.03310904232542738
0.46003240243317123,1.2348941834367588,297.9,23.288990696712546,165.10000000000002,0.6855805933475494,0.043361865402119296,0.09140840172767639,0.03324107956397688
0.48558910872937605,1.2348941834367588,292.9,21.863488589452537,170.10000000000002,0.6888030529022217,0.04449701044711308,0.10681268572807312,0.05114037460856475
0.5111458150255809,1.2348941834367588,288.9,21.649184170482112,174.10000000000002,0.6915765404701233,0.04304498656650829,0.12574324607849122,0.05100189399097646
0.5367025213217858,1.2348941834367588,283.7,19.87911500103538,179.3,0.6967134296894073,0.03943156557999845,0.12912650108337403,0.05035116209316232
0.5622592276179905,1.2348941834367588,279.4,18.679203350467336,183.60000000000002,0.6978570997714997,0.03970986121653984,0.1405374825000763,0.04643676552426415
0.5878159339141954,1.2348941834367588,275.3,18.559648136009656,187.7,0.6987815916538238,0.04183453980566452,0.1501975953578949,0.04764121678939159
0.6133726402104003,1.2348941834367588,270.8,18.826560526020636,192.2,0.70014728307724,0.042971511197935436,0.16439787149429322,0.04934582997347906
0.638929346506605,1.2348941834367588,267.6,19.8795440358799,195.39999999999998,0.7016067862510681,0.04237447185593559,0.17067599892616273,0.0481197408835508
0.6644860528028099,1.2348941834367588,261.6,20.741786887249408,201.39999999999998,0.7041027545928955,0.04596567671899903,0.17838174104690552,0.049356570050657876
0.6900427590990148,1.2348941834367588,259.0,21.529483195555496,204.0,0.7039500057697297,0.046498886326885036,0.19495937824249268,0.048207088630049195
0.7155994653952196,1.2348941834367588,254.7,22.10814218253167,208.3,0.7055731773376465,0.04407142840210587,0.2164599359035492,0.05926255247593282
0.7411561716914244,1.2348941834367588,249.0,24.08014087037804,214.0,0.708664882183075,0.04470883913510719,0.22390385270118712,0.05790381660159275
0.7667128779876293,1.2348941834367588,244.1,24.09772584482044,218.9,0.710038036108017,0.04447006010863846,0.25383217334747316,0.05241675430091729
0.7922695842838341,1.2348941834367588,237.1,25.22291147372798,225.9,0.7100891411304474,0.04344688199716326,0.27042209506034853,0.05433322263397992
0.817826290580039,1.2348941834367588,225.9,25.046460451737854,237.1,0.711605578660965,0.04575107365248058,0.28619199991226196,0.04987567763329813
0.8433829968762439,1.2348941834367588,211.8,26.47099805887274,251.2,0.7225821435451507,0.046999639117363774,0.31112868785858155,0.039891486774956075
0.8689397031724486,1.2348941834367588,196.5,28.15201849444038,266.5,0.7442052006721497,0.04954625255497032,0.32228686213493346,0.05719434266822062
0.8944964094686535,1.2348941834367588,180.8,28.082352567738443,282.2,0.7543324112892151,0.04939323199492267,0.3630325853824615,0.053283135990384034
0.9200531157648584,1.2348941834367588,148.8,32.528949526382036,314.2,0.7508766114711761,0.04456274882976569,0.43012039065361024,0.05943813081477996
0.9456098220610631,1.2348941834367588,103.4,32.839306128581214,359.6,0.5717245519161225,0.21769942037106196,0.5156205952167511,0.03990190308679748
0.971166528357268,1.2348941834367588,59.0,12.916105216362194,404.0,0.11115219593048095,0.3497882245863776,0.5612911999225616,0.02202636818492134
0.9967232346534729,1.2348941834367588,0.1,0.2262157162854099,462.9,0.0,0.0,0.5924598097801208,0.030884182120714837
1.1689101484080311e-05,1.3063017238910908,460.9,1.5978083629438573,2.1000000000000227,0.5950925767421722,0.02996756510866026,-1.634196251630783,2.262679114992856
0.02556839539768892,1.3063017238910908,439.2,6.458492814896319,23.80000000000001,0.609937334060669,0.03606891904280761,-0.11402353048324584,0.18687267858211792
0.05112510169389376,1.3063017238910908,418.3,9.327417726826571,44.69999999999999,0.621077013015747,0.03682945901069439,-0.03475733995437622,0.11305296782924222
0.0766818079900986,1.3063017238910908,400.0,10.822687774953412,63.0,0.6297015368938446,0.042723648086220437,-0.002818268537521362,0.08277625654651066
0.10223851428630344,1.3063017238910908,378.1,10.000508743338628,84.89999999999998,0.6511647164821625,0.036351862594198515,0.0007918834686279297,0.05267668862519573
0.12779522058250828,1.3063017238910908,368.6,11.231078110580556,94.39999999999998,0.6562875092029572,0.039352041253582284,0.007352590560913086,0.04458936220460016
0.15335192687871313,1.3063017238910908,359.6,12.30376908395386,103.39999999999998,0.6572424113750458,0.04031403905482271,0.014958959817886353,0.04401164873657555
0.17890863317491795,1.3063017238910908,349.9,15.2066400588978,113.10000000000002,0.6646222412586212,0.03756595363950504,0.012942832708358765,0.03669286911805587
0.2044653394711228,1.3063017238910908,346.1,15.082744274808782,116.89999999999998,0.6675524830818176,0.03525659491069966,0.010128575563430785,0.03530825826226068
0.23002204576732765,1.3063017238910908,340.4,14.579559527755805,122.60000000000002,0.668805468082428,0.036331994702493174,0.018274885416030884,0.031787098152514154
0.2555787520635325,1.3063017238910908,334.9,13.922225061589389,128.10000000000002,0.6681950151920318,0.03337934654735644,0.038954949378967284,0.034288758403224644
0.2811354583597373,1.3063017238910908,329.7,15.081236264279372,133.3,0.6733738422393799,0.035011961350860404,0.04111532568931579,0.029286941952558366
0.3066921646559422,1.3063017238910908,322.7,16.239459611323216,140.3,0.6754034757614136,0.032773222309504385,0.04537457823753357,0.03176883496932075
0.332248870952147,1.3063017238910908,320.7,16.93196050668691,142.3,0.6763744652271271,0.03314437507737028,0.04530109763145447,0.03156662968872235
0.3578055772483518,1.3063017238910908,313.5,19.275590908929008,149.5,0.6784869313240052,0.03703126251924337,0.061814552545547484,0.03606570223643708
0.3833622835445567,1.3063017238910908,308.8,19.71180056301975,154.2,0.6784278571605682,0.03844006953135301,0.07047055959701538,0.031589674154750724
0.4089189898407615,1.3063017238910908,306.2,20.294518387250204,156.8,0.6797777116298676,0.03947090667497645,0.08223537802696228,0.03252358918075118
0.43447569613696635,1.3063017238910908,302.1,22.42073050645643,160.89999999999998,0.6831781387329101,0.041231498003109955,0.0850854218006134,0.03310904232542738
0.46003240243317123,1.3063017238910908,297.9,23.288990696712546,165.10000000000002,0.6855805933475494,0.043361865402119296,0.09140840172767639,0.03324107956397688
0.48558910872937605,1.3063017238910908,292.9,21.863488589452537,170.10000000000002,0.6888030529022217,0.04449701044711308,0.10681268572807312,0.05114037460856475
0.5111458150255809,1.3063017238910908,288.9,21.649184170482112,174.10000000000002,0.6915765404701233,0.04304498656650829,0.12574324607849122,0.05100189399097646
0.5367025213217858,1.3063017238910908,283.7,19.87911500103538,179.3,0.6967134296894073,0.03943156557999845,0.12912650108337403,0.05035116209316232
0.5622592276179905,1.3063017238910908,279.4,18.679203350467336,183.60000000000002,0.6978570997714997,0.03970986121653984,0.1405374825000763,0.04643676552426415
0.5878159339141954,1.3063017238910908,275.3,18.559648136009656,187.7,0.6987815916538238,0.04183453980566452,0.1501975953578949,0.04764121678939159
0.6133726402104003,1.3063017238910908,270.8,18.826560526020636,192.2,0.70014728307724,0.042971511197935436,0.16439787149429322,0.04934582997347906
0.638929346506605,1.3063017238910908,267.6,19.8795440358799,195.39999999999998,0.7016067862510681,0.04237447185593559,0.17067599892616273,0.0481197408835508
0.6644860528028099,1.3063017238910908,261.6,20.741786887249408,201.39999999999998,0.7041027545928955,0.04596567671899903,0.17838174104690552,0.049356570050657876
0.6900427590990148,1.3063017238910908,259.0,21.529483195555496,204.0,0.7039500057697297,0.046498886326885036,0.19495937824249268,0.048207088630049195
0.7155994653952196,1.3063017238910908,254.7,22.10814218253167,208.3,0.7055731773376465,0.04407142840210587,0.2164599359035492,0.05926255247593282
0.7411561716914244,1.3063017238910908,249.0,24.08014087037804,214.0,0.708664882183075,0.04470883913510719,0.22390385270118712,0.05790381660159275
0.7667128779876293,1.3063017238910908,244.1,24.09772584482044,218.9,0.710038036108017,0.04447006010863846,0.25383217334747316,0.05241675430091729
0.7922695842838341,1.3063017238910908,237.1,25.22291147372798,225.9,0.7100891411304474,0.04344688199716326,0.27042209506034853,0.05433322263397992
0.817826290580039,1.3063017238910908,225.9,25.046460451737854,237.1,0.711605578660965,0.04575107365248058,0.28619199991226196,0.04987567763329813
0.8433829968762439,1.3063017238910908,211.8,26.47099805887274,251.2,0.7225821435451507,0.046999639117363774,0.31112868785858155,0.039891486774956075
0.8689397031724486,1.3063017238910908,196.5,28.15201849444038,266.5,0.7442052006721497,0.04954625255497032,0.32228686213493346,0.05719434266822062
0.8944964094686535,1.3063017238910908,180.8,28.082352567738443,282.2,0.7543324112892151,0.04939323199492267,0.3630325853824615,0.053283135990384034
0.9200531157648584,1.3063017238910908,148.8,32.528949526382036,314.2,0.7508766114711761,0.04456274882976569,0.43012039065361024,0.05943813081477996
0.9456098220610631,1.3063017238910908,103.4,32.839306128581214,359.6,0.5717245519161225,0.21769942037106196,0.5156205952167511,0.03990190308679748
0.971166528357268,1.3063017238910908,59.0,12.916105216362194,404.0,0.11115219593048095,0.3497882245863776,0.5612911999225616,0.02202636818492134
0.9967232346534729,1.3063017238910908,0.1,0.2262157162854099,462.9,0.0,0.0,0.5924598097801208,0.030884182120714837
1.1689101484080311e-05,1.377709264345423,461.7,1.7211565783070106,1.3000000000000114,0.5947394073009491,0.030177569491085517,-0.7767683267593384,1.5829994426148541
0.02556839539768892,1.377709264345423,439.9,6.120843468479008,23.100000000000023,0.6095032155513763,0.03630257769092776,-0.112422114610672,0.18795430660809628
0.05112510169389376,1.377709264345423,419.0,8.870938420083185,44.0,0.6206186950206757,0.03712851947958019,-0.03498738408088684,0.11449388976119919
0.0766818079900986,1.377709264345423,400.5,10.509499483118814,62.5,0.629602313041687,0.04264029421941291,-0.004045224189758301,0.0832969192066435
0.10223851428630344,1.377709264345423,378.4,10.004772080166704,84.60000000000002,0.6510709881782532,0.03628898008108511,9.274482727050781e-05,0.053345055187403664
0.12779522058250828,1.377709264345423,368.9,11.333133957084208,94.10000000000002,0.6561927855014801,0.03930106706634495,0.006591403484344482,0.04532855265021232
0.15335192687871313,1.377709264345423,359.9,12.49294370627902,103.10000000000002,0.6571472704410553,0.040266653551886064,0.014168637990951537,0.04475548537529974
0.17890863317491795,1.377709264345423,350.0,15.287005800515011,113.0,0.6645451426506043,0.03753357534455028,0.012251549959182739,0.03743370013999565
0.2044653394711228,1.377709264345423,346.1,15.082744274808782,116.89999999999998,0.6675524830818176,0.03525659491069966,0.010128575563430785,0.03530825826226068
0.23002204576732765,1.377709264345423,340.4,14.579559527755805,122.60000000000002,0.668805468082428,0.036331994702493174,0.018274885416030884,0.031787098152514154
0.2555787520635325,1.377709264345423,334.9,13.922225061589389,128.10000000000002,0.6681950151920318,0.03337934654735644,0.038954949378967284,0.034288758403224644
0.2811354583597373,1.377709264345423,329.7,15.081236264279372,133.3,0.6733738422393799,0.035011961350860404,0.04111532568931579,0.029286941952558366
0.3066921646559422,1.377709264345423,322.7,16.239459611323216,140.3,0.6754034757614136,0.032773222309504385,0.04537457823753357,0.03176883496932075
0.332248870952147,1.377709264345423,320.7,16.93196050668691,142.3,0.6763744652271271,0.03314437507737028,0.04530109763145447,0.03156662968872235
0.3578055772483518,1.377709264345423,313.5,19.275590908929008,149.5,0.6784869313240052,0.03703126251924337,0.061814552545547484,0.03606570223643708
0.3833622835445567,1.377709264345423,308.8,19.71180056301975,154.2,0.6784278571605682,0.03844006953135301,0.07047055959701538,0.031589674154750724
0.4089189898407615,1.377709264345423,306.2,20.294518387250204,156.8,0.6797777116298676,0.03947090667497645,0.08223537802696228,0.03252358918075118
0.43447569613696635,1.377709264345423,302.1,22.42073050645643,160.89999999999998,0.6831781387329101,0.041231498003109955,0.0850854218006134,0.03310904232542738
0.46003240243317123,1.377709264345423,297.9,23.288990696712546,165.10000000000002,0.6855805933475494,0.043361865402119296,0.09140840172767639,0.03324107956397688
0.48558910872937605,1.377709264345423,292.9,21.863488589452537,170.10000000000002,0.6888030529022217,0.04449701044711308,0.10681268572807312,0.05114037460856475
0.5111458150255809,1.377709264345423,288.9,21.649184170482112,174.10000000000002,0.6915765404701233,0.04304498656650829,0.12574324607849122,0.05100189399097646
0.5367025213217858,1.377709264345423,283.7,19.87911500103538,179.3,0.6967134296894073,0.03943156557999845,0.12912650108337403,0.05035116209316232
0.5622592276179905,1.377709264345423,279.4,18.679203350467336,183.60000000000002,0.6978570997714997,0.03970986121653984,0.1405374825000763,0.04643676552426415
0.5878159339141954,1.377709264345423,275.3,18.559648136009656,187.7,0.6987815916538238,0.04183453980566452,0.1501975953578949,0.04764121678939159
0.6133726402104003,1.377709264345423,270.8,18.826560526020636,192.2,0.70014728307724,0.042971511197935436,0.16439787149429322,0.04934582997347906
0.638929346506605,1.377709264345423,267.6,19.8795440358799,195.39999999999998,0.7016067862510681,0.04237447185593559,0.17067599892616273,0.0481197408835508
0.6644860528028099,1.377709264345423,261.6,20.741786887249408,201.39999999999998,0.7041027545928955,0.04596567671899903,0.17838174104690552,0.049356570050657876
0.6900427590990148,1.377709264345423,259.0,21.529483195555496,204.0,0.7039500057697297,0.046498886326885036,0.19495937824249268,0.048207088630049195
0.7155994653952196,1.377709264345423,254.7,22.10814218253167,208.3,0.7055731773376465,0.04407142840210587,0.2164599359035492,0.05926255247593282
0.7411561716914244,1.377709264345423,249.0,24.08014087037804,214.0,0.708664882183075,0.04470883913510719,0.22390385270118712,0.05790381660159275
0.7667128779876293,1.377709264345423,244.1,24.09772584482044,218.9,0.710038036108017,0.04447006010863846,0.25383217334747316,0.05241675430091729
0.7922695842838341,1.377709264345423,237.1,25.22291147372798,225.9,0.7100891411304474,0.04344688199716326,0.27042209506034853,0.05433322263397992
0.817826290580039,1.377709264345423,225.9,25.046460451737854,237.1,0.711605578660965,0.04575107365248058,0.28619199991226196,0.04987567763329813
0.8433829968762439,1.377709264345423,211.8,26.47099805887274,251.2,0.7225821435451507,0.046999639117363774,0.31112868785858155,0.039891486774956075
0.8689397031724486,1.377709264345423,196.5,28.15201849444038,266.5,0.7442052006721497,0.04954625255497032,0.32228686213493346,0.05719434266822062
0.8944964094686535,1.377709264345423,180.8,28.082352567738443,282.2,0.7543324112892151,0.04939323199492267,0.3630325853824615,0.053283135990384034
0.9200531157648584,1.377709264345423,148.8,32.528949526382036,314.2,0.7508766114711761,0.04456274882976569,0.43012039065361024,0.05943813081477996
0.9456098220610631,1.377709264345423,103.4,32.839306128581214,359.6,0.5717245519161225,0.21769942037106196,0.5156205952167511,0.03990190308679748
0.971166528357268,1.377709264345423,59.0,12.916105216362194,404.0,0.11115219593048095,0.3497882245863776,0.5612911999225616,0.02202636818492134
0.9967232346534729,1.377709264345423,0.1,0.2262157162854099,462.9,0.0,0.0,0.5924598097801208,0.030884182120714837
1.1689101484080311e-05,1.4491168047997551,462.1,1.1898745976565834,0.8999999999999773,0.5930021226406097,0.030747654680554667,-0.8532122850418091,1.5852148477600134
0.02556839539768892,1.4491168047997551,440.3,6.098507945723395,22.69999999999999,0.6077153742313385,0.03712964541323574,-0.10751662254333497,0.190324357291325
0.05112510169389376,1.4491168047997551,419.3,9.086565931373272,43.69999999999999,0.6187792718410492,0.03829053521672837,-0.03398427963256836,0.1149528170189596
0.0766818079900986,1.4491168047997551,400.5,10.509499483118814,62.5,0.629602313041687,0.04264029421941291,-0.004045224189758301,0.0832969192066435
0.10223851428630344,1.4491168047997551,378.4,10.004772080166704,84.60000000000002,0.6510709881782532,0.03628898008108511,9.274482727050781e-05,0.053345055187403664
0.12779522058250828,1.4491168047997551,368.9,11.333133957084208,94.10000000000002,0.6561927855014801,0.03930106706634495,0.006591403484344482,0.04532855265021232
0.15335192687871313,1.4491168047997551,359.9,12.49294370627902,103.10000000000002,0.6571472704410553,0.040266653551886064,0.014168637990951537,0.04475548537529974
0.17890863317491795,1.4491168047997551,350.0,15.287005800515011,113.0,0.6645451426506043,0.03753357534455028,0.012251549959182739,0.03743370013999565
0.2044653394711228,1.4491168047997551,346.1,15.082744274808782,116.89999999999998,0.6675524830818176,0.03525659491069966,0.010128575563430785,0.03530825826226068
0.23002204576732765,1.4491168047997551,340.4,14.579559527755805,122.60000000000002,0.668805468082428,0.036331994702493174,0.018274885416030884,0.031787098152514154
0.2555787520635325,1.4491168047997551,334.9,13.922225061589389,128.10000000000002,0.6681950151920318,0.03337934654735644,0.038954949378967284,0.034288758403224644
0.2811354583597373,1.4491168047997551,329.7,15.081236264279372,133.3,0.6733738422393799,0.035011961350860404,0.04111532568931579,0.029286941952558366
0.3066921646559422,1.4491168047997551,322.7,16.239459611323216,140.3,0.6754034757614136,0.032773222309504385,0.04537457823753357,0.03176883496932075
0.332248870952147,1.4491168047997551,320.7,16.93196050668691,142.3,0.6763744652271271,0.03314437507737028,0.04530109763145447,0.03156662968872235
0.3578055772483518,1.4491168047997551,313.5,19.275590908929008,149.5,0.6784869313240052,0.03703126251924337,0.061814552545547484,0.03606570223643708
0.3833622835445567,1.4491168047997551,308.8,19.71180056301975,154.2,0.6784278571605682,0.03844006953135301,0.07047055959701538,0.031589674154750724
0.4089189898407615,1.4491168047997551,306.2,20.294518387250204,156.8,0.6797777116298676,0.03947090667497645,0.08223537802696228,0.03252358918075118
0.43447569613696635,1.4491168047997551,302.1,22.42073050645643,160.89999999999998,0.6831781387329101,0.041231498003109955,0.0850854218006134,0.03310904232542738
0.46003240243317123,1.4491168047997551,297.9,23.288990696712546,165.10000000000002,0.6855805933475494,0.043361865402119296,0.09140840172767639,0.03324107956397688
0.48558910872937605,1.4491168047997551,292.9,21.863488589452537,170.10000000000002,0.6888030529022217,0.04449701044711308,0.10681268572807312,0.05114037460856475
0.5111458150255809,1.4491168047997551,288.9,21.649184170482112,174.10000000000002,0.6915765404701233,0.04304498656650829,0.12574324607849122,0.05100189399097646
0.5367025213217858,1.4491168047997551,283.7,19.87911500103538,179.3,0.6967134296894073,0.03943156557999845,0.12912650108337403,0.05035116209316232
0.5622592276179905,1.4491168047997551,279.4,18.679203350467336,183.60000000000002,0.6978570997714997,0.03970986121653984,0.1405374825000763,0.04643676552426415
0.5878159339141954,1.4491168047997551,275.3,18.559648136009656,187.7,0.6987815916538238,0.04183453980566452,0.1501975953578949,0.04764121678939159
0.6133726402104003,1.4491168047997551,270.8,18.826560526020636,192.2,0.70014728307724,0.042971511197935436,0.16439787149429322,0.04934582997347906
0.638929346506605,1.4491168047997551,267.6,19.8795440358799,195.39999999999998,0.7016067862510681,0.04237447185593559,0.17067599892616273,0.0481197408835508
0.6644860528028099,1.4491168047997551,261.6,20.741786887249408,201.39999999999998,0.7041027545928955,0.04596567671899903,0.17838174104690552,0.049356570050657876
0.6900427590990148,1.4491168047997551,259.0,21.529483195555496,204.0,0.7039500057697297,0.046498886326885036,0.19495937824249268,0.048207088630049195
0.7155994653952196,1.4491168047997551,254.7,22.10814218253167,208.3,0.7055731773376465,0.04407142840210587,0.2164599359035492,0.05926255247593282
0.7411561716914244,1.4491168047997551,249.0,24.08014087037804,214.0,0.708664882183075,0.04470883913510719,0.22390385270118712,0.05790381660159275
0.7667128779876293,1.4491168047997551,244.1,24.09772584482044,218.9,0.710038036108017,0.04447006010863846,0.25383217334747316,0.05241675430091729
0.7922695842838341,1.4491168047997551,237.1,25.22291147372798,225.9,0.7100891411304474,0.04344688199716326,0.27042209506034853,0.05433322263397992
0.817826290580039,1.4491168047997551,225.9,25.046460451737854,237.1,0.711605578660965,0.04575107365248058,0.28619199991226196,0.04987567763329813
0.8433829968762439,1.4491168047997551,211.8,26.47099805887274,251.2,0.7225821435451507,0.046999639117363774,0.31112868785858155,0.039891486774956075
0.8689397031724486,1.4491168047997551,196.5,28.15201849444038,266.5,0.7442052006721497,0.04954625255497032,0.32228686213493346,0.05719434266822062
0.8944964094686535,1.4491168047997551,180.8,28.082352567738443,282.2,0.7543324112892151,0.04939323199492267,0.3630325853824615,0.053283135990384034
0.9200531157648584,1.4491168047997551,148.8,32.528949526382036,314.2,0.7508766114711761,0.04456274882976569,0.43012039065361024,0.05943813081477996
0.9456098220610631,1.4491168047997551,103.4,32.839306128581214,359.6,0.5717245519161225,0.21769942037106196,0.5156205952167511,0.03990190308679748
0.971166528357268,1.4491168047997551,59.0,12.916105216362194,404.0,0.11115219593048095,0.3497882245863776,0.5612911999225616,0.02202636818492134
0.9967232346534729,1.4491168047997551,0.1,0.2262157162854099,462.9,0.0,0.0,0.5924598097801208,0.030884182120714837
1.1689101484080311e-05,1.520524345254087,462.4,0.9048628651416399,0.6000000000000227,0.593167531490326,0.030669903478296193,-1.7971429347991943,2.745322179782087
0.02556839539768892,1.520524345254087,440.6,6.127806623589962,22.399999999999977,0.6078936755657196,0.03702581924713539,-0.11066656112670899,0.18853431753952582
0.05112510169389376,1.520524345254087,419.3,9.086565931373272,43.69999999999999,0.6187792718410492,0.03829053521672837,-0.03398427963256836,0.1149528170189596
0.0766818079900986,1.520524345254087,400.5,10.509499483118814,62.5,0.629602313041687,0.04264029421941291,-0.004045224189758301,0.0832969192066435
0.10223851428630344,1.520524345254087,378.4,10.004772080166704,84.60000000000002,0.6510709881782532,0.03628898008108511,9.274482727050781e-05,0.053345055187403664
0.12779522058250828,1.520524345254087,368.9,11.333133957084208,94.10000000000002,0.6561927855014801,0.03930106706634495,0.006591403484344482,0.04532855265021232
0.15335192687871313,1.520524345254087,359.9,12.49294370627902,103.10000000000002,0.6571472704410553,0.040266653551886064,0.014168637990951537,0.04475548537529974
0.17890863317491795,1.520524345254087,350.0,15.287005800515011,113.0,0.6645451426506043,0.03753357534455028,0.012251549959182739,0.03743370013999565
0.2044653394711228,1.520524345254087,346.1,15.082744274808782,116.89999999999998,0.6675524830818176,0.03525659491069966,0.010128575563430785,0.03530825826226068
0.23002204576732765,1.520524345254087,340.4,14.579559527755805,122.60000000000002,0.668805468082428,0.036331994702493174,0.018274885416030884,0.031787098152514154
0.2555787520635325,1.520524345254087,334.9,13.922225061589389,128.10000000000002,0.6681950151920318,0.03337934654735644,0.038954949378967284,0.034288758403224644
0.2811354583597373,1.520524345254087,329.7,15.081236264279372,133.3,0.6733738422393799,0.035011961350860404,0.04111532568931579,0.029286941952558366
0.3066921646559422,1.520524345254087,322.7,16.239459611323216,140.3,0.6754034757614136,0.032773222309504385,0.04537457823753357,0.03176883496932075
0.332248870952147,1.520524345254087,320.7,16.93196050668691,142.3,0.6763744652271271,0.03314437507737028,0.04530109763145447,0.03156662968872235
0.3578055772483518,1.520524345254087,313.5,19.275590908929008,149.5,0.6784869313240052,0.03703126251924337,0.061814552545547484,0.03606570223643708
0.3833622835445567,1.520524345254087,308.8,19.71180056301975,154.2,0.6784278571605682,0.03844006953135301,0.07047055959701538,0.031589674154750724
0.4089189898407615,1.520524345254087,306.2,20.294518387250204,156.8,0.6797777116298676,0.03947090667497645,0.08223537802696228,0.03252358918075118
0.43447569613696635,1.520524345254087,302.1,22.42073050645643,160.89999999999998,0.6831781387329101,0.041231498003109955,0.0850854218006134,0.03310904232542738
0.46003240243317123,1.520524345254087,297.9,23.288990696712546,165.10000000000002,0.6855805933475494,0.043361865402119296,0.09140840172767639,0.03324107956397688
0.48558910872937605,1.520524345254087,292.9,21.863488589452537,170.10000000000002,0.6888030529022217,0.04449701044711308,0.10681268572807312,0.05114037460856475
0.5111458150255809,1.520524345254087,288.9,21.649184170482112,174.10000000000002,0.6915765404701233,0.04304498656650829,0.12574324607849122,0.05100189399097646
0.5367025213217858,1.520524345254087,283.7,19.87911500103538,179.3,0.6967134296894073,0.03943156557999845,0.12912650108337403,0.05035116209316232
0.5622592276179905,1.520524345254087,279.4,18.679203350467336,183.60000000000002,0.6978570997714997,0.03970986121653984,0.1405374825000763,0.04643676552426415
0.5878159339141954,1.520524345254087,275.3,18.559648136009656,187.7,0.6987815916538238,0.04183453980566452,0.1501975953578949,0.04764121678939159
0.6133726402104003,1.520524345254087,270.8,18.826560526020636,192.2,0.70014728307724,0.042971511197935436,0.16439787149429322,0.04934582997347906
0.638929346506605,1.520524345254087,267.6,19.8795440358799,195.39999999999998,0.7016067862510681,0.04237447185593559,0.17067599892616273,0.0481197408835508
0.6644860528028099,1.520524345254087,261.6,20.741786887249408,201.39999999999998,0.7041027545928955,0.04596567671899903,0.17838174104690552,0.049356570050657876
0.6900427590990148,1.520524345254087,259.0,21.529483195555496,204.0,0.7039500057697297,0.046498886326885036,0.19495937824249268,0.048207088630049195
0.7155994653952196,1.520524345254087,254.7,22.10814218253167,208.3,0.7055731773376465,0.04407142840210587,0.2164599359035492,0.05926255247593282
0.7411561716914244,1.520524345254087,249.0,24.08014087037804,214.0,0.708664882183075,0.04470883913510719,0.22390385270118712,0.05790381660159275
0.7667128779876293,1.520524345254087,244.1,24.09772584482044,218.9,0.710038036108017,0.04447006010863846,0.25383217334747316,0.05241675430091729
0.7922695842838341,1.520524345254087,237.1,25.22291147372798,225.9,0.7100891411304474,0.04344688199716326,0.27042209506034853,0.05433322263397992
0.817826290580039,1.520524345254087,225.9,25.046460451737854,237.1,0.711605578660965,0.04575107365248058,0.28619199991226196,0.04987567763329813
0.8433829968762439,1.520524345254087,211.8,26.47099805887274,251.2,0.7225821435451507,0.046999639117363774,0.31112868785858155,0.039891486774956075
0.8689397031724486,1.520524345254087,196.5,28.15201849444038,266.5,0.7442052006721497,0.04954625255497032,0.32228686213493346,0.05719434266822062
0.8944964094686535,1.520524345254087,180.8,28.082352567738443,282.2,0.7543324112892151,0.04939323199492267,0.3630325853824615,0.053283135990384034
0.9200531157648584,1.520524345254087,148.8,32.528949526382036,314.2,0.7508766114711761,0.04456274882976569,0.43012039065361024,0.05943813081477996
0.9456098220610631,1.520524345254087,103.4,32.839306128581214,359.6,0.5717245519161225,0.21769942037106196,0.5156205952167511,0.03990190308679748
0.971166528357268,1.520524345254087,59.0,12.916105216362194,404.0,0.11115219593048095,0.3497882245863776,0.5612911999225616,0.02202636818492134
0.9967232346534729,1.520524345254087,0.1,0.2262157162854099,462.9,0.0,0.0,0.5924598097801208,0.030884182120714837
1.1689101484080311e-05,1.591931885708419,462.9,1.0366506432665454,0.10000000000002274,0.593009066581726,0.030591738852330214,-0.7246372699737549,1.591936134764104
0.02556839539768892,1.591931885708419,440.9,6.1301259176526415,22.100000000000023,0.607660323381424,0.03698916173837518,-0.10330306887626647,0.19773130565456276
0.05112510169389376,1.591931885708419,419.3,9.086565931373272,43.69999999999999,0.6187792718410492,0.03829053521672837,-0.03398427963256836,0.1149528170189596
0.0766818079900986,1.591931885708419,400.5,10.509499483118814,62.5,0.629602313041687,0.04264029421941291,-0.004045224189758301,0.0832969192066435
0.10223851428630344,1.591931885708419,378.4,10.004772080166704,84.60000000000002,0.6510709881782532,0.03628898008108511,9.274482727050781e-05,0.053345055187403664
0.12779522058250828,1.591931885708419,368.9,11.333133957084208,94.10000000000002,0.6561927855014801,0.03930106706634495,0.006591403484344482,0.04532855265021232
0.15335192687871313,1.591931885708419,359.9,12.49294370627902,103.10000000000002,0.6571472704410553,0.040266653551886064,0.014168637990951537,0.04475548537529974
0.17890863317491795,1.591931885708419,350.0,15.287005800515011,113.0,0.6645451426506043,0.03753357534455028,0.012251549959182739,0.03743370013999565
0.2044653394711228,1.591931885708419,346.1,15.082744274808782,116.89999999999998,0.6675524830818176,0.03525659491069966,0.010128575563430785,0.03530825826226068
0.23002204576732765,1.591931885708419,340.4,14.579559527755805,122.60000000000002,0.668805468082428,0.036331994702493174,0.018274885416030884,0.031787098152514154
0.2555787520635325,1.591931885708419,334.9,13.922225061589389,128.10000000000002,0.6681950151920318,0.03337934654735644,0.038954949378967284,0.034288758403224644
0.2811354583597373,1.591931885708419,329.7,15.081236264279372,133.3,0.6733738422393799,0.035011961350860404,0.04111532568931579,0.029286941952558366
0.3066921646559422,1.591931885708419,322.7,16.239459611323216,140.3,0.6754034757614136,0.032773222309504385,0.04537457823753357,0.03176883496932075
0.332248870952147,1.591931885708419,320.7,16.93196050668691,142.3,0.6763744652271271,0.03314437507737028,0.04530109763145447,0.03156662968872235
0.3578055772483518,1.591931885708419,313.5,19.275590908929008,149.5,0.6784869313240052,0.03703126251924337,0.061814552545547484,0.03606570223643708
0.3833622835445567,1.591931885708419,308.8,19.71180056301975,154.2,0.6784278571605682,0.03844006953135301,0.07047055959701538,0.031589674154750724
0.4089189898407615,1.591931885708419,306.2,20.294518387250204,156.8,0.6797777116298676,0.03947090667497645,0.08223537802696228,0.03252358918075118
0.43447569613696635,1.591931885708419,302.1,22.42073050645643,160.89999999999998,0.6831781387329101,0.041231498003109955,0.0850854218006134,0.03310904232542738
0.46003240243317123,1.591931885708419,297.9,23.288990696712546,165.10000000000002,0.6855805933475494,0.043361865402119296,0.09140840172767639,0.03324107956397688
0.48558910872937605,1.591931885708419,292.9,21.863488589452537,170.10000000000002,0.6888030529022217,0.04449701044711308,0.10681268572807312,0.05114037460856475
0.5111458150255809,1.591931885708419,288.9,21.649184170482112,174.10000000000002,0.6915765404701233,0.04304498656650829,0.12574324607849122,0.05100189399097646
0.5367025213217858,1.591931885708419,283.7,19.87911500103538,179.3,0.6967134296894073,0.03943156557999845,0.12912650108337403,0.05035116209316232
0.5622592276179905,1.591931885708419,279.4,18.679203350467336,183.60000000000002,0.6978570997714997,0.03970986121653984,0.1405374825000763,0.04643676552426415
0.5878159339141954,1.591931885708419,275.3,18.559648136009656,187.7,0.6987815916538238,0.04183453980566452,0.1501975953578949,0.04764121678939159
0.6133726402104003,1.591931885708419,270.8,18.826560526020636,192.2,0.70014728307724,0.042971511197935436,0.16439787149429322,0.04934582997347906
0.638929346506605,1.591931885708419,267.6,19.8795440358799,195.39999999999998,0.7016067862510681,0.04237447185593559,0.17067599892616273,0.0481197408835508
0.6644860528028099,1.591931885708419,261.6,20.741786887249408,201.39999999999998,0.7041027545928955,0.04596567671899903,0.17838174104690552,0.049356570050657876
0.6900427590990148,1.591931885708419,259.0,21.529483195555496,204.0,0.7039500057697297,0.046498886326885036,0.19495937824249268,0.048207088630049195
0.7155994653952196,1.591931885708419,254.7,22.10814218253167,208.3,0.7055731773376465,0.04407142840210587,0.2164599359035492,0.05926255247593282
0.7411561716914244,1.591931885708419,249.0,24.08014087037804,214.0,0.708664882183075,0.04470883913510719,0.22390385270118712,0.05790381660159275
0.7667128779876293,1.591931885708419,244.1,24.09772584482044,218.9,0.710038036108017,0.04447006010863846,0.25383217334747316,0.05241675430091729
0.7922695842838341,1.591931885708419,237.1,25.22291147372798,225.9,0.7100891411304474,0.04344688199716326,0.27042209506034853,0.05433322263397992
0.817826290580039,1.591931885708419,225.9,25.046460451737854,237.1,0.711605578660965,0.04575107365248058,0.28619199991226196,0.04987567763329813
0.8433829968762439,1.591931885708419,211.8,26.47099805887274,251.2,0.7225821435451507,0.046999639117363774,0.31112868785858155,0.039891486774956075
0.8689397031724486,1.591931885708419,196.5,28.15201849444038,266.5,0.7442052006721497,0.04954625255497032,0.32228686213493346,0.05719434266822062
0.8944964094686535,1.591931885708419,180.8,28.082352567738443,282.2,0.7543324112892151,0.04939323199492267,0.3630325853824615,0.053283135990384034
0.9200531157648584,1.591931885708419,148.8,32.528949526382036,314.2,0.7508766114711761,0.04456274882976569,0.43012039065361024,0.05943813081477996
0.9456098220610631,1.591931885708419,103.4,32.839306128581214,359.6,0.5717245519161225,0.21769942037106196,0.5156205952167511,0.03990190308679748
0.971166528357268,1.591931885708419,59.0,12.916105216362194,404.0,0.11115219593048095,0.3497882245863776,0.5612911999225616,0.02202636818492134
0.9967232346534729,1.591931885708419,0.1,0.2262157162854099,462.9,0.0,0.0,0.5924598097801208,0.030884182120714837
1.1689101484080311e-05,1.6633394261627512,462.9,1.0366506432665454,0.10000000000002274,0.593009066581726,0.030591738852330214,-0.7246372699737549,1.591936134764104
0.02556839539768892,1.6633394261627512,440.9,6.1301259176526415,22.100000000000023,0.607660323381424,0.03698916173837518,-0.10330306887626647,0.19773130565456276
0.05112510169389376,1.6633394261627512,419.3,9.086565931373272,43.69999999999999,0.6187792718410492,0.03829053521672837,-0.03398427963256836,0.1149528170189596
0.0766818079900986,1.6633394261627512,400.5,10.509499483118814,62.5,0.629602313041687,0.04264029421941291,-0.004045224189758301,0.0832969192066435
0.10223851428630344,1.6633394261627512,378.4,10.004772080166704,84.60000000000002,0.6510709881782532,0.03628898008108511,9.274482727050781e-05,0.053345055187403664
0.12779522058250828,1.6633394261627512,368.9,11.333133957084208,94.10000000000002,0.6561927855014801,0.03930106706634495,0.006591403484344482,0.04532855265021232
0.15335192687871313,1.6633394261627512,359.9,12.49294370627902,103.10000000000002,0.6571472704410553,0.040266653551886064,0.014168637990951537,0.04475548537529974
0.17890863317491795,1.6633394261627512,350.0,15.287005800515011,113.0,0.6645451426506043,0.03753357534455028,0.012251549959182739,0.03743370013999565
0.2044653394711228,1.6633394261627512,346.1,15.082744274808782,116.89999999999998,0.6675524830818176,0.03525659491069966,0.010128575563430785,0.03530825826226068
0.23002204576732765,1.6633394261627512,340.4,14.579559527755805,122.60000000000002,0.668805468082428,0.036331994702493174,0.018274885416030884,0.031787098152514154
0.2555787520635325,1.6633394261627512,334.9,13.922225061589389,128.10000000000002,0.6681950151920318,0.03337934654735644,0.038954949378967284,0.034288758403224644
0.2811354583597373,1.6633394261627512,329.7,15.081236264279372,133.3,0.6733738422393799,0.035011961350860404,0.04111532568931579,0.029286941952558366
0.3066921646559422,1.6633394261627512,322.7,16.239459611323216,140.3,0.6754034757614136,0.032773222309504385,0.04537457823753357,0.03176883496932075
0.332248870952147,1.6633394261627512,320.7,16.93196050668691,142.3,0.6763744652271271,0.03314437507737028,0.04530109763145447,0.03156662968872235
0.3578055772483518,1.6633394261627512,313.5,19.275590908929008,149.5,0.6784869313240052,0.03703126251924337,0.061814552545547484,0.03606570223643708
0.3833622835445567,1.6633394261627512,308.8,19.71180056301975,154.2,0.6784278571605682,0.03844006953135301,0.07047055959701538,0.031589674154750724
0.4089189898407615,1.6633394261627512,306.2,20.294518387250204,156.8,0.6797777116298676,0.03947090667497645,0.08223537802696228,0.03252358918075118
0.43447569613696635,1.6633394261627512,302.1,22.42073050645643,160.89999999999998,0.6831781387329101,0.041231498003109955,0.0850854218006134,0.03310904232542738
0.46003240243317123,1.6633394261627512,297.9,23.288990696712546,165.10000000000002,0.6855805933475494,0.043361865402119296,0.09140840172767639,0.03324107956397688
0.48558910872937605,1.6633394261627512,292.9,21.863488589452537,170.10000000000002,0.6888030529022217,0.04449701044711308,0.10681268572807312,0.05114037460856475
0.5111458150255809,1.6633394261627512,288.9,21.649184170482112,174.10000000000002,0.6915765404701233,0.04304498656650829,0.12574324607849122,0.05100189399097646
0.5367025213217858,1.6633394261627512,283.7,19.87911500103538,179.3,0.6967134296894073,0.03943156557999845,0.12912650108337403,0.05035116209316232
0.5622592276179905,1.6633394261627512,279.4,18.679203350467336,183.60000000000002,0.6978570997714997,0.03970986121653984,0.1405374825000763,0.04643676552426415
0.5878159339141954,1.6633394261627512,275.3,18.559648136009656,187.7,0.6987815916538238,0.04183453980566452,0.1501975953578949,0.04764121678939159
0.6133726402104003,1.6633394261627512,270.8,18.826560526020636,192.2,0.70014728307724,0.042971511197935436,0.16439787149429322,0.04934582997347906
0.638929346506605,1.6633394261627512,267.6,19.8795440358799,195.39999999999998,0.7016067862510681,0.04237447185593559,0.17067599892616273,0.0481197408835508
0.6644860528028099,1.6633394261627512,261.6,20.741786887249408,201.39999999999998,0.7041027545928955,0.04596567671899903,0.17838174104690552,0.049356570050657876
0.6900427590990148,1.6633394261627512,259.0,21.529483195555496,204.0,0.7039500057697297,0.046498886326885036,0.19495937824249268,0.048207088630049195
0.7155994653952196,1.6633394261627512,254.7,22.10814218253167,208.3,0.7055731773376465,0.04407142840210587,0.2164599359035492,0.05926255247593282
0.7411561716914244,1.6633394261627512,249.0,24.08014087037804,214.0,0.708664882183075,0.04470883913510719,0.22390385270118712,0.05790381660159275
0.7667128779876293,1.6633394261627512,244.1,24.09772584482044,218.9,0.710038036108017,0.04447006010863846,0.25383217334747316,0.05241675430091729
0.7922695842838341,1.6633394261627512,237.1,25.22291147372798,225.9,0.7100891411304474,0.04344688199716326,0.27042209506034853,0.05433322263397992
0.817826290580039,1.6633394261627512,225.9,25.046460451737854,237.1,0.711605578660965,0.04575107365248058,0.28619199991226196,0.04987567763329813
0.8433829968762439,1.6633394261627512,211.8,26.47099805887274,251.2,0.7225821435451507,0.046999639117363774,0.31112868785858155,0.039891486774956075
0.8689397031724486,1.6633394261627512,196.5,28.15201849444038,266.5,0.7442052006721497,0.04954625255497032,0.32228686213493346,0.05719434266822062
0.8944964094686535,1.6633394261627512,180.8,28.082352567738443,282.2,0.7543324112892151,0.04939323199492267,0.3630325853824615,0.053283135990384034
0.9200531157648584,1.6633394261627512,148.8,32.528949526382036,314.2,0.7508766114711761,0.04456274882976569,0.43012039065361024,0.05943813081477996
0.9456098220610631,1.6633394261627512,103.4,32.839306128581214,359.6,0.5717245519161225,0.21769942037106196,0.5156205952167511,0.03990190308679748
0.971166528357268,1.6633394261627512,59.0,12.916105216362194,404.0,0.11115219593048095,0.3497882245863776,0.5612911999225616,0.02202636818492134
0.9967232346534729,1.6633394261627512,0.1,0.2262157162854099,462.9,0.0,0.0,0.5924598097801208,0.030884182120714837
1.1689101484080311e-05,1.7347469666170834,463.2,0.738817435596615,-0.19999999999998863,0.5929754674434662,0.030515279513185455,-0.6272724628448486,1.4189888948856064
0.02556839539768892,1.7347469666170834,441.1,6.017791601445063,21.899999999999977,0.6076106607913971,0.036901432703907784,-0.10476556420326233,0.1977590139676452
0.05112510169389376,1.7347469666170834,419.4,8.999481777643016,43.60000000000002,0.6187687516212463,0.03827262119031857,-0.03438991904258728,0.11487945835948496
0.0766818079900986,1.7347469666170834,400.5,10.509499483118814,62.5,0.629602313041687,0.04264029421941291,-0.004045224189758301,0.0832969192066435
0.10223851428630344,1.7347469666170834,378.4,10.004772080166704,84.60000000000002,0.6510709881782532,0.03628898008108511,9.274482727050781e-05,0.053345055187403664
0.12779522058250828,1.7347469666170834,368.9,11.333133957084208,94.10000000000002,0.6561927855014801,0.03930106706634495,0.006591403484344482,0.04532855265021232
0.15335192687871313,1.7347469666170834,359.9,12.49294370627902,103.10000000000002,0.6571472704410553,0.040266653551886064,0.014168637990951537,0.04475548537529974
0.17890863317491795,1.7347469666170834,350.0,15.287005800515011,113.0,0.6645451426506043,0.03753357534455028,0.012251549959182739,0.03743370013999565
0.2044653394711228,1.7347469666170834,346.1,15.082744274808782,116.89999999999998,0.6675524830818176,0.03525659491069966,0.010128575563430785,0.03530825826226068
0.23002204576732765,1.7347469666170834,340.4,14.579559527755805,122.60000000000002,0.668805468082428,0.036331994702493174,0.018274885416030884,0.031787098152514154
0.2555787520635325,1.7347469666170834,334.9,13.922225061589389,128.10000000000002,0.6681950151920318,0.03337934654735644,0.038954949378967284,0.034288758403224644
0.2811354583597373,1.7347469666170834,329.7,15.081236264279372,133.3,0.6733738422393799,0.035011961350860404,0.04111532568931579,0.029286941952558366
0.3066921646559422,1.7347469666170834,322.7,16.239459611323216,140.3,0.6754034757614136,0.032773222309504385,0.04537457823753357,0.03176883496932075
0.332248870952147,1.7347469666170834,320.7,16.93196050668691,142.3,0.6763744652271271,0.03314437507737028,0.04530109763145447,0.03156662968872235
0.3578055772483518,1.7347469666170834,313.5,19.275590908929008,149.5,0.6784869313240052,0.03703126251924337,0.061814552545547484,0.03606570223643708
0.3833622835445567,1.7347469666170834,308.8,19.71180056301975,154.2,0.6784278571605682,0.03844006953135301,0.07047055959701538,0.031589674154750724
0.4089189898407615,1.7347469666170834,306.2,20.294518387250204,156.8,0.6797777116298676,0.03947090667497645,0.08223537802696228,0.03252358918075118
0.43447569613696635,1.7347469666170834,302.1,22.42073050645643,160.89999999999998,0.6831781387329101,0.041231498003109955,0.0850854218006134,0.03310904232542738
0.46003240243317123,1.7347469666170834,297.9,23.288990696712546,165.10000000000002,0.6855805933475494,0.043361865402119296,0.09140840172767639,0.03324107956397688
0.48558910872937605,1.7347469666170834,292.9,21.863488589452537,170.10000000000002,0.6888030529022217,0.04449701044711308,0.10681268572807312,0.05114037460856475
0.5111458150255809,1.7347469666170834,288.9,21.649184170482112,174.10000000000002,0.6915765404701233,0.04304498656650829,0.12574324607849122,0.05100189399097646
0.5367025213217858,1.7347469666170834,283.7,19.87911500103538,179.3,0.6967134296894073,0.03943156557999845,0.12912650108337403,0.05035116209316232
0.5622592276179905,1.7347469666170834,279.4,18.679203350467336,183.60000000000002,0.6978570997714997,0.03970986121653984,0.1405374825000763,0.04643676552426415
0.5878159339141954,1.7347469666170834,275.3,18.559648136009656,187.7,0.6987815916538238,0.04183453980566452,0.1501975953578949,0.04764121678939159
0.6133726402104003,1.7347469666170834,270.8,18.826560526020636,192.2,0.70014728307724,0.042971511197935436,0.16439787149429322,0.04934582997347906
0.638929346506605,1.7347469666170834,267.6,19.8795440358799,195.39999999999998,0.7016067862510681,0.04237447185593559,0.17067599892616273,0.0481197408835508
0.6644860528028099,1.7347469666170834,261.6,20.741786887249408,201.39999999999998,0.7041027545928955,0.04596567671899903,0.17838174104690552,0.049356570050657876
0.6900427590990148,1.7347469666170834,259.0,21.529483195555496,204.0,0.7039500057697297,0.046498886326885036,0.19495937824249268,0.048207088630049195
0.7155994653952196,1.7347469666170834,254.7,22.10814218253167,208.3,0.7055731773376465,0.04407142840210587,0.2164599359035492,0.05926255247593282
0.7411561716914244,1.7347469666170834,249.0,24.08014087037804,214.0,0.708664882183075,0.04470883913510719,0.22390385270118712,0.05790381660159275
0.7667128779876293,1.7347469666170834,244.1,24.09772584482044,218.9,0.710038036108017,0.04447006010863846,0.25383217334747316,0.05241675430091729
0.7922695842838341,1.7347469666170834,237.1,25.22291147372798,225.9,0.7100891411304474,0.04344688199716326,0.27042209506034853,0.05433322263397992
0.817826290580039,1.7347469666170834,225.9,25.046460451737854,237.1,0.711605578660965,0.04575107365248058,0.28619199991226196,0.04987567763329813
0.8433829968762439,1.7347469666170834,211.8,26.47099805887274,251.2,0.7225821435451507,0.046999639117363774,0.31112868785858155,0.039891486774956075
0.8689397031724486,1.7347469666170834,196.5,28.15201849444038,266.5,0.7442052006721497,0.04954625255497032,0.32228686213493346,0.05719434266822062
0.8944964094686535,1.7347469666170834,180.8,28.082352567738443,282.2,0.7543324112892151,0.04939323199492267,0.3630325853824615,0.053283135990384034
0.9200531157648584,1.7347469666170834,148.8,32.528949526382036,314.2,0.7508766114711761,0.04456274882976569,0.43012039065361024,0.05943813081477996
0.9456098220610631,1.7347469666170834,103.4,32.839306128581214,359.6,0.5717245519161225,0.21769942037106196,0.5156205952167511,0.03990190308679748
0.971166528357268,1.7347469666170834,59.0,12.916105216362194,404.0,0.11115219593048095,0.3497882245863776,0.5612911999225616,0.02202636818492134
0.9967232346534729,1.7347469666170834,0.1,0.2262157162854099,462.9,0.0,0.0,0.5924598097801208,0.030884182120714837
1.1689101484080311e-05,1.8061545070714153,463.2,0.738817435596615,-0.19999999999998863,0.5929754674434662,0.030515279513185455,-0.6272724628448486,1.4189888948856064
0.02556839539768892,1.8061545070714153,441.1,6.017791601445063,21.899999999999977,0.6076106607913971,0.036901432703907784,-0.10476556420326233,0.1977590139676452
0.05112510169389376,1.8061545070714153,419.4,8.999481777643016,43.60000000000002,0.6187687516212463,0.03827262119031857,-0.03438991904258728,0.11487945835948496
0.0766818079900986,1.8061545070714153,400.5,10.509499483118814,62.5,0.629602313041687,0.04264029421941291,-0.004045224189758301,0.0832969192066435
0.10223851428630344,1.8061545070714153,378.4,10.004772080166704,84.60000000000002,0.6510709881782532,0.03628898008108511,9.274482727050781e-05,0.053345055187403664
0.12779522058250828,1.8061545070714153,368.9,11.333133957084208,94.10000000000002,0.6561927855014801,0.03930106706634495,0.006591403484344482,0.04532855265021232
0.15335192687871313,1.8061545070714153,359.9,12.49294370627902,103.10000000000002,0.6571472704410553,0.040266653551886064,0.014168637990951537,0.04475548537529974
0.17890863317491795,1.8061545070714153,350.0,15.287005800515011,113.0,0.6645451426506043,0.03753357534455028,0.012251549959182739,0.03743370013999565
0.2044653394711228,1.8061545070714153,346.1,15.082744274808782,116.89999999999998,0.6675524830818176,0.03525659491069966,0.010128575563430785,0.03530825826226068
0.23002204576732765,1.8061545070714153,340.4,14.579559527755805,122.60000000000002,0.668805468082428,0.036331994702493174,0.018274885416030884,0.031787098152514154
0.2555787520635325,1.8061545070714153,334.9,13.922225061589389,128.10000000000002,0.6681950151920318,0.03337934654735644,0.038954949378967284,0.034288758403224644
0.2811354583597373,1.8061545070714153,329.7,15.081236264279372,133.3,0.6733738422393799,0.035011961350860404,0.04111532568931579,0.029286941952558366
0.3066921646559422,1.8061545070714153,322.7,16.239459611323216,140.3,0.6754034757614136,0.032773222309504385,0.04537457823753357,0.03176883496932075
0.332248870952147,1.8061545070714153,320.7,16.93196050668691,142.3,0.6763744652271271,0.03314437507737028,0.04530109763145447,0.03156662968872235
0.3578055772483518,1.8061545070714153,313.5,19.275590908929008,149.5,0.6784869313240052,0.03703126251924337,0.061814552545547484,0.03606570223643708
0.3833622835445567,1.8061545070714153,308.8,19.71180056301975,154.2,0.6784278571605682,0.03844006953135301,0.07047055959701538,0.031589674154750724
0.4089189898407615,1.8061545070714153,306.2,20.294518387250204,156.8,0.6797777116298676,0.03947090667497645,0.08223537802696228,0.03252358918075118
0.43447569613696635,1.8061545070714153,302.1,22.42073050645643,160.89999999999998,0.6831781387329101,0.041231498003109955,0.0850854218006134,0.03310904232542738
0.46003240243317123,1.8061545070714153,297.9,23.288990696712546,165.10000000000002,0.6855805933475494,0.043361865402119296,0.09140840172767639,0.03324107956397688
0.48558910872937605,1.8061545070714153,292.9,21.863488589452537,170.10000000000002,0.6888030529022217,0.04449701044711308,0.10681268572807312,0.05114037460856475
0.5111458150255809,1.8061545070714153,288.9,21.649184170482112,174.10000000000002,0.6915765404701233,0.04304498656650829,0.12574324607849122,0.05100189399097646
0.5367025213217858,1.8061545070714153,283.7,19.87911500103538,179.3,0.6967134296894073,0.03943156557999845,0.12912650108337403,0.05035116209316232
0.5622592276179905,1.8061545070714153,279.4,18.679203350467336,183.60000000000002,0.6978570997714997,0.03970986121653984,0.1405374825000763,0.04643676552426415
0.5878159339141954,1.8061545070714153,275.3,18.559648136009656,187.7,0.6987815916538238,0.04183453980566452,0.1501975953578949,0.04764121678939159
0.6133726402104003,1.8061545070714153,270.8,18.826560526020636,192.2,0.70014728307724,0.042971511197935436,0.16439787149429322,0.04934582997347906
0.638929346506605,1.8061545070714153,267.6,19.8795440358799,195.39999999999998,0.7016067862510681,0.04237447185593559,0.17067599892616273,0.0481197408835508
0.6644860528028099,1.8061545070714153,261.6,20.741786887249408,201.39999999999998,0.7041027545928955,0.04596567671899903,0.17838174104690552,0.049356570050657876
0.6900427590990148,1.8061545070714153,259.0,21.529483195555496,204.0,0.7039500057697297,0.046498886326885036,0.19495937824249268,0.048207088630049195
0.7155994653952196,1.8061545070714153,254.7,22.10814218253167,208.3,0.7055731773376465,0.04407142840210587,0.2164599359035492,0.05926255247593282
0.7411561716914244,1.8061545070714153,249.0,24.08014087037804,214.0,0.708664882183075,0.04470883913510719,0.22390385270118712,0.05790381660159275
0.7667128779876293,1.8061545070714153,244.1,24.09772584482044,218.9,0.710038036108017,0.04447006010863846,0.25383217334747316,0.05241675430091729
0.7922695842838341,1.8061545070714153,237.1,25.22291147372798,225.9,0.7100891411304474,0.04344688199716326,0.27042209506034853,0.05433322263397992
0.817826290580039,1.8061545070714153,225.9,25.046460451737854,237.1,0.711605578660965,0.04575107365248058,0.28619199991226196,0.04987567763329813
0.8433829968762439,1.8061545070714153,211.8,26.47099805887274,251.2,0.7225821435451507,0.046999639117363774,0.31112868785858155,0.039891486774956075
0.8689397031724486,1.8061545070714153,196.5,28.15201849444038,266.5,0.7442052006721497,0.04954625255497032,0.32228686213493346,0.05719434266822062
0.8944964094686535,1.8061545070714153,180.8,28.082352567738443,282.2,0.7543324112892151,0.04939323199492267,0.3630325853824615,0.053283135990384034
0.9200531157648584,1.8061545070714153,148.8,32.528949526382036,314.2,0.7508766114711761,0.04456274882976569,0.43012039065361024,0.05943813081477996
0.9456098220610631,1.8061545070714153,103.4,32.839306128581214,359.6,0.5717245519161225,0.21769942037106196,0.5156205952167511,0.03990190308679748
0.971166528357268,1.8061545070714153,59.0,12.916105216362194,404.0,0.11115219593048095,0.3497882245863776,0.5612911999225616,0.02202636818492134
0.9967232346534729,1.8061545070714153,0.1,0.2262157162854099,462.9,0.0,0.0,0.5924598097801208,0.030884182120714837
1.1689101484080311e-05,1.8775620475257473,463.2,0.738817435596615,-0.19999999999998863,0.5929754674434662,0.030515279513185455,-0.6272724628448486,1.4189888948856064
0.02556839539768892,1.8775620475257473,441.1,6.017791601445063,21.899999999999977,0.6076106607913971,0.036901432703907784,-0.10476556420326233,0.1977590139676452
0.05112510169389376,1.8775620475257473,419.4,8.999481777643016,43.60000000000002,0.6187687516212463,0.03827262119031857,-0.03438991904258728,0.11487945835948496
0.0766818079900986,1.8775620475257473,400.5,10.509499483118814,62.5,0.629602313041687,0.04264029421941291,-0.004045224189758301,0.0832969192066435
0.10223851428630344,1.8775620475257473,378.4,10.004772080166704,84.60000000000002,0.6510709881782532,0.03628898008108511,9.274482727050781e-05,0.053345055187403664
0.12779522058250828,1.8775620475257473,368.9,11.333133957084208,94.10000000000002,0.6561927855014801,0.03930106706634495,0.006591403484344482,0.04532855265021232
0.15335192687871313,1.8775620475257473,359.9,12.49294370627902,103.10000000000002,0.6571472704410553,0.040266653551886064,0.014168637990951537,0.04475548537529974
0.17890863317491795,1.8775620475257473,350.0,15.287005800515011,113.0,0.6645451426506043,0.03753357534455028,0.012251549959182739,0.03743370013999565
0.2044653394711228,1.8775620475257473,346.1,15.082744274808782,116.89999999999998,0.6675524830818176,0.03525659491069966,0.010128575563430785,0.03530825826226068
0.23002204576732765,1.8775620475257473,340.4,14.579559527755805,122.60000000000002,0.668805468082428,0.036331994702493174,0.018274885416030884,0.031787098152514154
0.2555787520635325,1.8775620475257473,334.9,13.922225061589389,128.10000000000002,0.6681950151920318,0.03337934654735644,0.038954949378967284,0.034288758403224644
0.2811354583597373,1.8775620475257473,329.7,15.081236264279372,133.3,0.6733738422393799,0.035011961350860404,0.04111532568931579,0.029286941952558366
0.3066921646559422,1.8775620475257473,322.7,16.239459611323216,140.3,0.6754034757614136,0.032773222309504385,0.04537457823753357,0.03176883496932075
0.332248870952147,1.8775620475257473,320.7,16.93196050668691,142.3,0.6763744652271271,0.03314437507737028,0.04530109763145447,0.03156662968872235
0.3578055772483518,1.8775620475257473,313.5,19.275590908929008,149.5,0.6784869313240052,0.03703126251924337,0.061814552545547484,0.03606570223643708
0.3833622835445567,1.8775620475257473,308.8,19.71180056301975,154.2,0.6784278571605682,0.03844006953135301,0.07047055959701538,0.031589674154750724
0.4089189898407615,1.8775620475257473,306.2,20.294518387250204,156.8,0.6797777116298676,0.03947090667497645,0.08223537802696228,0.03252358918075118
0.43447569613696635,1.8775620475257473,302.1,22.42073050645643,160.89999999999998,0.6831781387329101,0.041231498003109955,0.0850854218006134,0.03310904232542738
0.46003240243317123,1.8775620475257473,297.9,23.288990696712546,165.10000000000002,0.6855805933475494,0.043361865402119296,0.09140840172767639,0.03324107956397688
0.48558910872937605,1.8775620475257473,292.9,21.863488589452537,170.10000000000002,0.6888030529022217,0.04449701044711308,0.10681268572807312,0.05114037460856475
0.5111458150255809,1.8775620475257473,288.9,21.649184170482112,174.10000000000002,0.6915765404701233,0.04304498656650829,0.12574324607849122,0.05100189399097646
0.5367025213217858,1.8775620475257473,283.7,19.87911500103538,179.3,0.6967134296894073,0.03943156557999845,0.12912650108337403,0.05035116209316232
0.5622592276179905,1.8775620475257473,279.4,18.679203350467336,183.60000000000002,0.6978570997714997,0.03970986121653984,0.1405374825000763,0.04643676552426415
0.5878159339141954,1.8775620475257473,275.3,18.559648136009656,187.7,0.6987815916538238,0.04183453980566452,0.1501975953578949,0.04764121678939159
0.6133726402104003,1.8775620475257473,270.8,18.826560526020636,192.2,0.70014728307724,0.042971511197935436,0.16439787149429322,0.04934582997347906
0.638929346506605,1.8775620475257473,267.6,19.8795440358799,195.39999999999998,0.7016067862510681,0.04237447185593559,0.17067599892616273,0.0481197408835508
0.6644860528028099,1.8775620475257473,261.6,20.741786887249408,201.39999999999998,0.7041027545928955,0.04596567671899903,0.17838174104690552,0.049356570050657876
0.6900427590990148,1.8775620475257473,259.0,21.529483195555496,204.0,0.7039500057697297,0.046498886326885036,0.19495937824249268,0.048207088630049195
0.7155994653952196,1.8775620475257473,254.7,22.10814218253167,208.3,0.7055731773376465,0.04407142840210587,0.2164599359035492,0.05926255247593282
0.7411561716914244,1.8775620475257473,249.0,24.08014087037804,214.0,0.708664882183075,0.04470883913510719,0.22390385270118712,0.05790381660159275
0.7667128779876293,1.8775620475257473,244.1,24.09772584482044,218.9,0.710038036108017,0.04447006010863846,0.25383217334747316,0.05241675430091729
0.7922695842838341,1.8775620475257473,237.1,25.22291147372798,225.9,0.7100891411304474,0.04344688199716326,0.27042209506034853,0.05433322263397992
0.817826290580039,1.8775620475257473,225.9,25.046460451737854,237.1,0.711605578660965,0.04575107365248058,0.28619199991226196,0.04987567763329813
0.8433829968762439,1.8775620475257473,211.8,26.47099805887274,251.2,0.7225821435451507,0.046999639117363774,0.31112868785858155,0.039891486774956075
0.8689397031724486,1.8775620475257473,196.5,28.15201849444038,266.5,0.7442052006721497,0.04954625255497032,0.32228686213493346,0.05719434266822062
0.8944964094686535,1.8775620475257473,180.8,28.082352567738443,282.2,0.7543324112892151,0.04939323199492267,0.3630325853824615,0.053283135990384034
0.9200531157648584,1.8775620475257473,148.8,32.528949526382036,314.2,0.7508766114711761,0.04456274882976569,0.43012039065361024,0.05943813081477996
0.9456098220610631,1.8775620475257473,103.4,32.839306128581214,359.6,0.5717245519161225,0.21769942037106196,0.5156205952167511,0.03990190308679748
0.971166528357268,1.8775620475257473,59.0,12.916105216362194,404.0,0.11115219593048095,0.3497882245863776,0.5612911999225616,0.02202636818492134
0.9967232346534729,1.8775620475257473,0.1,0.2262157162854099,462.9,0.0,0.0,0.5924598097801208,0.030884182120714837
1.1689101484080311e-05,1.9489695879800795,463.5,0.6952019510772304,-0.5,0.5924093365669251,0.030903201852725017,-0.6272724628448486,1.4189888948856064
0.02556839539768892,1.9489695879800795,441.3,5.937893241960909,21.69999999999999,0.6070527493953705,0.037364008569345325,-0.10349938869476319,0.1989176694471508
0.05112510169389376,1.9489695879800795,419.4,8.999481777643016,43.60000000000002,0.6187687516212463,0.03827262119031857,-0.03438991904258728,0.11487945835948496
0.0766818079900986,1.9489695879800795,400.5,10.509499483118814,62.5,0.629602313041687,0.04264029421941291,-0.004045224189758301,0.0832969192066435
0.10223851428630344,1.9489695879800795,378.4,10.004772080166704,84.60000000000002,0.6510709881782532,0.03628898008108511,9.274482727050781e-05,0.053345055187403664
0.12779522058250828,1.9489695879800795,368.9,11.333133957084208,94.10000000000002,0.6561927855014801,0.03930106706634495,0.006591403484344482,0.04532855265021232
0.15335192687871313,1.9489695879800795,359.9,12.49294370627902,103.10000000000002,0.6571472704410553,0.040266653551886064,0.014168637990951537,0.04475548537529974
0.17890863317491795,1.9489695879800795,350.0,15.287005800515011,113.0,0.6645451426506043,0.03753357534455028,0.012251549959182739,0.03743370013999565
0.2044653394711228,1.9489695879800795,346.1,15.082744274808782,116.89999999999998,0.6675524830818176,0.03525659491069966,0.010128575563430785,0.03530825826226068
0.23002204576732765,1.9489695879800795,340.4,14.579559527755805,122.60000000000002,0.668805468082428,0.036331994702493174,0.018274885416030884,0.031787098152514154
0.2555787520635325,1.9489695879800795,334.9,13.922225061589389,128.10000000000002,0.6681950151920318,0.03337934654735644,0.038954949378967284,0.034288758403224644
0.2811354583597373,1.9489695879800795,329.7,15.081236264279372,133.3,0.6733738422393799,0.035011961350860404,0.04111532568931579,0.029286941952558366
0.3066921646559422,1.9489695879800795,322.7,16.239459611323216,140.3,0.6754034757614136,0.032773222309504385,0.04537457823753357,0.03176883496932075
0.332248870952147,1.9489695879800795,320.7,16.93196050668691,142.3,0.6763744652271271,0.03314437507737028,0.04530109763145447,0.03156662968872235
0.3578055772483518,1.9489695879800795,313.5,19.275590908929008,149.5,0.6784869313240052,0.03703126251924337,0.061814552545547484,0.03606570223643708
0.3833622835445567,1.9489695879800795,308.8,19.71180056301975,154.2,0.6784278571605682,0.03844006953135301,0.07047055959701538,0.031589674154750724
0.4089189898407615,1.9489695879800795,306.2,20.294518387250204,156.8,0.6797777116298676,0.03947090667497645,0.08223537802696228,0.03252358918075118
0.43447569613696635,1.9489695879800795,302.1,22.42073050645643,160.89999999999998,0.6831781387329101,0.041231498003109955,0.0850854218006134,0.03310904232542738
0.46003240243317123,1.9489695879800795,297.9,23.288990696712546,165.10000000000002,0.6855805933475494,0.043361865402119296,0.09140840172767639,0.03324107956397688
0.48558910872937605,1.9489695879800795,292.9,21.863488589452537,170.10000000000002,0.6888030529022217,0.04449701044711308,0.10681268572807312,0.05114037460856475
0.5111458150255809,1.9489695879800795,288.9,21.649184170482112,174.10000000000002,0.6915765404701233,0.04304498656650829,0.12574324607849122,0.05100189399097646
0.5367025213217858,1.9489695879800795,283.7,19.87911500103538,179.3,0.6967134296894073,0.03943156557999845,0.12912650108337403,0.05035116209316232
0.5622592276179905,1.9489695879800795,279.4,18.679203350467336,183.60000000000002,0.6978570997714997,0.03970986121653984,0.1405374825000763,0.04643676552426415
0.5878159339141954,1.9489695879800795,275.3,18.559648136009656,187.7,0.6987815916538238,0.04183453980566452,0.1501975953578949,0.04764121678939159
0.6133726402104003,1.9489695879800795,270.8,18.826560526020636,192.2,0.70014728307724,0.042971511197935436,0.16439787149429322,0.04934582997347906
0.638929346506605,1.9489695879800795,267.6,19.8795440358799,195.39999999999998,0.7016067862510681,0.04237447185593559,0.17067599892616273,0.0481197408835508
0.6644860528028099,1.9489695879800795,261.6,20.741786887249408,201.39999999999998,0.7041027545928955,0.04596567671899903,0.17838174104690552,0.049356570050657876
0.6900427590990148,1.9489695879800795,259.0,21.529483195555496,204.0,0.7039500057697297,0.046498886326885036,0.19495937824249268,0.048207088630049195
0.7155994653952196,1.9489695879800795,254.7,22.10814218253167,208.3,0.7055731773376465,0.04407142840210587,0.2164599359035492,0.05926255247593282
0.7411561716914244,1.9489695879800795,249.0,24.08014087037804,214.0,0.708664882183075,0.04470883913510719,0.22390385270118712,0.05790381660159275
0.7667128779876293,1.9489695879800795,244.1,24.09772584482044,218.9,0.710038036108017,0.04447006010863846,0.25383217334747316,0.05241675430091729
0.7922695842838341,1.9489695879800795,237.1,25.22291147372798,225.9,0.7100891411304474,0.04344688199716326,0.27042209506034853,0.05433322263397992
0.817826290580039,1.9489695879800795,225.9,25.046460451737854,237.1,0.711605578660965,0.04575107365248058,0.28619199991226196,0.04987567763329813
0.8433829968762439,1.9489695879800795,211.8,26.47099805887274,251.2,0.7225821435451507,0.046999639117363774,0.31112868785858155,0.039891486774956075
0.8689397031724486,1.9489695879800795,196.5,28.15201849444038,266.5,0.7442052006721497,0.04954625255497032,0.32228686213493346,0.05719434266822062
0.8944964094686535,1.9489695879800795,180.8,28.082352567738443,282.2,0.7543324112892151,0.04939323199492267,0.3630325853824615,0.053283135990384034
0.9200531157648584,1.9489695879800795,148.8,32.528949526382036,314.2,0.7508766114711761,0.04456274882976569,0.43012039065361024,0.05943813081477996
0.9456098220610631,1.9489695879800795,103.4,32.839306128581214,359.6,0.5717245519161225,0.21769942037106196,0.5156205952167511,0.03990190308679748
0.971166528357268,1.9489695879800795,59.0,12.916105216362194,404.0,0.11115219593048095,0.3497882245863776,0.5612911999225616,0.02202636818492134
0.9967232346534729,1.9489695879800795,0.1,0.2262157162854099,462.9,0.0,0.0,0.5924598097801208,0.030884182120714837
1.1689101484080311e-05,2.0203771284344114,463.5,0.6952019510772304,-0.5,0.5924093365669251,0.030903201852725017,-0.6272724628448486,1.4189888948856064
0.02556839539768892,2.0203771284344114,441.3,5.937893241960909,21.69999999999999,0.6070527493953705,0.037364008569345325,-0.10349938869476319,0.1989176694471508
0.05112510169389376,2.0203771284344114,419.4,8.999481777643016,43.60000000000002,0.6187687516212463,0.03827262119031857,-0.03438991904258728,0.11487945835948496
0.0766818079900986,2.0203771284344114,400.5,10.509499483118814,62.5,0.629602313041687,0.04264029421941291,-0.004045224189758301,0.0832969192066435
0.10223851428630344,2.0203771284344114,378.4,10.004772080166704,84.60000000000002,0.6510709881782532,0.03628898008108511,9.274482727050781e-05,0.053345055187403664
0.12779522058250828,2.0203771284344114,368.9,11.333133957084208,94.10000000000002,0.6561927855014801,0.03930106706634495,0.006591403484344482,0.04532855265021232
0.15335192687871313,2.0203771284344114,359.9,12.49294370627902,103.10000000000002,0.6571472704410553,0.040266653551886064,0.014168637990951537,0.04475548537529974
0.17890863317491795,2.0203771284344114,350.0,15.287005800515011,113.0,0.6645451426506043,0.03753357534455028,0.012251549959182739,0.03743370013999565
0.2044653394711228,2.0203771284344114,346.1,15.082744274808782,116.89999999999998,0.6675524830818176,0.03525659491069966,0.010128575563430785,0.03530825826226068
0.23002204576732765,2.0203771284344114,340.4,14.579559527755805,122.60000000000002,0.668805468082428,0.036331994702493174,0.018274885416030884,0.031787098152514154
0.2555787520635325,2.0203771284344114,334.9,13.922225061589389,128.10000000000002,0.6681950151920318,0.03337934654735644,0.038954949378967284,0.034288758403224644
0.2811354583597373,2.0203771284344114,329.7,15.081236264279372,133.3,0.6733738422393799,0.035011961350860404,0.04111532568931579,0.029286941952558366
0.3066921646559422,2.0203771284344114,322.7,16.239459611323216,140.3,0.6754034757614136,0.032773222309504385,0.04537457823753357,0.03176883496932075
0.332248870952147,2.0203771284344114,320.7,16.93196050668691,142.3,0.6763744652271271,0.03314437507737028,0.04530109763145447,0.03156662968872235
0.3578055772483518,2.0203771284344114,313.5,19.275590908929008,149.5,0.6784869313240052,0.03703126251924337,0.061814552545547484,0.03606570223643708
0.3833622835445567,2.0203771284344114,308.8,19.71180056301975,154.2,0.6784278571605682,0.03844006953135301,0.07047055959701538,0.031589674154750724
0.4089189898407615,2.0203771284344114,306.2,20.294518387250204,156.8,0.6797777116298676,0.03947090667497645,0.08223537802696228,0.03252358918075118
0.43447569613696635,2.0203771284344114,302.1,22.42073050645643,160.89999999999998,0.6831781387329101,0.041231498003109955,0.0850854218006134,0.03310904232542738
0.46003240243317123,2.0203771284344114,297.9,23.288990696712546,165.10000000000002,0.6855805933475494,0.043361865402119296,0.09140840172767639,0.03324107956397688
0.48558910872937605,2.0203771284344114,292.9,21.863488589452537,170.10000000000002,0.6888030529022217,0.04449701044711308,0.10681268572807312,0.05114037460856475
0.5111458150255809,2.0203771284344114,288.9,21.649184170482112,174.10000000000002,0.6915765404701233,0.04304498656650829,0.12574324607849122,0.05100189399097646
0.5367025213217858,2.0203771284344114,283.7,19.87911500103538,179.3,0.6967134296894073,0.03943156557999845,0.12912650108337403,0.05035116209316232
0.5622592276179905,2.0203771284344114,279.4,18.679203350467336,183.60000000000002,0.6978570997714997,0.03970986121653984,0.1405374825000763,0.04643676552426415
0.5878159339141954,2.0203771284344114,275.3,18.559648136009656,187.7,0.6987815916538238,0.04183453980566452,0.1501975953578949,0.04764121678939159
0.6133726402104003,2.0203771284344114,270.8,18.826560526020636,192.2,0.70014728307724,0.042971511197935436,0.16439787149429322,0.04934582997347906
0.638929346506605,2.0203771284344114,267.6,19.8795440358799,195.39999999999998,0.7016067862510681,0.04237447185593559,0.17067599892616273,0.0481197408835508
0.6644860528028099,2.0203771284344114,261.6,20.741786887249408,201.39999999999998,0.7041027545928955,0.04596567671899903,0.17838174104690552,0.049356570050657876
0.6900427590990148,2.0203771284344114,259.0,21.529483195555496,204.0,0.7039500057697297,0.046498886326885036,0.19495937824249268,0.048207088630049195
0.7155994653952196,2.0203771284344114,254.7,22.10814218253167,208.3,0.7055731773376465,0.04407142840210587,0.2164599359035492,0.05926255247593282
0.7411561716914244,2.0203771284344114,249.0,24.08014087037804,214.0,0.708664882183075,0.04470883913510719,0.22390385270118712,0.05790381660159275
0.7667128779876293,2.0203771284344114,244.1,24.09772584482044,218.9,0.710038036108017,0.04447006010863846,0.25383217334747316,0.05241675430091729
0.7922695842838341,2.0203771284344114,237.1,25.22291147372798,225.9,0.7100891411304474,0.04344688199716326,0.27042209506034853,0.05433322263397992
0.817826290580039,2.0203771284344114,225.9,25.046460451737854,237.1,0.711605578660965,0.04575107365248058,0.28619199991226196,0.04987567763329813
0.8433829968762439,2.0203771284344114,211.8,26.47099805887274,251.2,0.7225821435451507,0.046999639117363774,0.31112868785858155,0.039891486774956075
0.8689397031724486,2.0203771284344114,196.5,28.15201849444038,266.5,0.7442052006721497,0.04954625255497032,0.32228686213493346,0.05719434266822062
0.8944964094686535,2.0203771284344114,180.8,28.082352567738443,282.2,0.7543324112892151,0.04939323199492267,0.3630325853824615,0.053283135990384034
0.9200531157648584,2.0203771284344114,148.8,32.528949526382036,314.2,0.7508766114711761,0.04456274882976569,0.43012039065361024,0.05943813081477996
0.9456098220610631,2.0203771284344114,103.4,32.839306128581214,359.6,0.5717245519161225,0.21769942037106196,0.5156205952167511,0.03990190308679748
0.971166528357268,2.0203771284344114,59.0,12.916105216362194,404.0,0.11115219593048095,0.3497882245863776,0.5612911999225616,0.02202636818492134
0.9967232346534729,2.0203771284344114,0.1,0.2262157162854099,462.9,0.0,0.0,0.5924598097801208,0.030884182120714837
1.1689101484080311e-05,2.0917846688887436,463.5,0.6952019510772304,-0.5,0.5924093365669251,0.030903201852725017,-0.6272724628448486,1.4189888948856064
0.02556839539768892,2.0917846688887436,441.3,5.937893241960909,21.69999999999999,0.6070527493953705,0.037364008569345325,-0.10349938869476319,0.1989176694471508
0.05112510169389376,2.0917846688887436,419.4,8.999481777643016,43.60000000000002,0.6187687516212463,0.03827262119031857,-0.03438991904258728,0.11487945835948496
0.0766818079900986,2.0917846688887436,400.5,10.509499483118814,62.5,0.629602313041687,0.04264029421941291,-0.004045224189758301,0.0832969192066435
0.10223851428630344,2.0917846688887436,378.4,10.004772080166704,84.60000000000002,0.6510709881782532,0.03628898008108511,9.274482727050781e-05,0.053345055187403664
0.12779522058250828,2.0917846688887436,368.9,11.333133957084208,94.10000000000002,0.6561927855014801,0.03930106706634495,0.006591403484344482,0.04532855265021232
0.15335192687871313,2.0917846688887436,359.9,12.49294370627902,103.10000000000002,0.6571472704410553,0.040266653551886064,0.014168637990951537,0.04475548537529974
0.17890863317491795,2.0917846688887436,350.0,15.287005800515011,113.0,0.6645451426506043,0.03753357534455028,0.012251549959182739,0.03743370013999565
0.2044653394711228,2.0917846688887436,346.1,15.082744274808782,116.89999999999998,0.6675524830818176,0.03525659491069966,0.010128575563430785,0.03530825826226068
0.23002204576732765,2.0917846688887436,340.4,14.579559527755805,122.60000000000002,0.668805468082428,0.036331994702493174,0.018274885416030884,0.031787098152514154
0.2555787520635325,2.0917846688887436,334.9,13.922225061589389,128.10000000000002,0.6681950151920318,0.03337934654735644,0.038954949378967284,0.034288758403224644
0.2811354583597373,2.0917846688887436,329.7,15.081236264279372,133.3,0.6733738422393799,0.035011961350860404,0.04111532568931579,0.029286941952558366
0.3066921646559422,2.0917846688887436,322.7,16.239459611323216,140.3,0.6754034757614136,0.032773222309504385,0.04537457823753357,0.03176883496932075
0.332248870952147,2.0917846688887436,320.7,16.93196050668691,142.3,0.6763744652271271,0.03314437507737028,0.04530109763145447,0.03156662968872235
0.3578055772483518,2.0917846688887436,313.5,19.275590908929008,149.5,0.6784869313240052,0.03703126251924337,0.061814552545547484,0.03606570223643708
0.3833622835445567,2.0917846688887436,308.8,19.71180056301975,154.2,0.6784278571605682,0.03844006953135301,0.07047055959701538,0.031589674154750724
0.4089189898407615,2.0917846688887436,306.2,20.294518387250204,156.8,0.6797777116298676,0.03947090667497645,0.08223537802696228,0.03252358918075118
0.43447569613696635,2.0917846688887436,302.1,22.42073050645643,160.89999999999998,0.6831781387329101,0.041231498003109955,0.0850854218006134,0.03310904232542738
0.46003240243317123,2.0917846688887436,297.9,23.288990696712546,165.10000000000002,0.6855805933475494,0.043361865402119296,0.09140840172767639,0.03324107956397688
0.48558910872937605,2.0917846688887436,292.9,21.863488589452537,170.10000000000002,0.6888030529022217,0.04449701044711308,0.10681268572807312,0.05114037460856475
0.5111458150255809,2.0917846688887436,288.9,21.649184170482112,174.10000000000002,0.6915765404701233,0.04304498656650829,0.12574324607849122,0.05100189399097646
0.5367025213217858,2.0917846688887436,283.7,19.87911500103538,179.3,0.6967134296894073,0.03943156557999845,0.12912650108337403,0.05035116209316232
0.5622592276179905,2.0917846688887436,279.4,18.679203350467336,183.60000000000002,0.6978570997714997,0.03970986121653984,0.1405374825000763,0.04643676552426415
0.5878159339141954,2.0917846688887436,275.3,18.559648136009656,187.7,0.6987815916538238,0.04183453980566452,0.1501975953578949,0.04764121678939159
0.6133726402104003,2.0917846688887436,270.8,18.826560526020636,192.2,0.70014728307724,0.042971511197935436,0.16439787149429322,0.04934582997347906
0.638929346506605,2.0917846688887436,267.6,19.8795440358799,195.39999999999998,0.7016067862510681,0.04237447185593559,0.17067599892616273,0.0481197408835508
0.6644860528028099,2.0917846688887436,261.6,20.741786887249408,201.39999999999998,0.7041027545928955,0.04596567671899903,0.17838174104690552,0.049356570050657876
0.6900427590990148,2.0917846688887436,259.0,21.529483195555496,204.0,0.7039500057697297,0.046498886326885036,0.19495937824249268,0.048207088630049195
0.7155994653952196,2.0917846688887436,254.7,22.10814218253167,208.3,0.7055731773376465,0.04407142840210587,0.2164599359035492,0.05926255247593282
0.7411561716914244,2.0917846688887436,249.0,24.08014087037804,214.0,0.708664882183075,0.04470883913510719,0.22390385270118712,0.05790381660159275
0.7667128779876293,2.0917846688887436,244.1,24.09772584482044,218.9,0.710038036108017,0.04447006010863846,0.25383217334747316,0.05241675430091729
0.7922695842838341,2.0917846688887436,237.1,25.22291147372798,225.9,0.7100891411304474,0.04344688199716326,0.27042209506034853,0.05433322263397992
0.817826290580039,2.0917846688887436,225.9,25.046460451737854,237.1,0.711605578660965,0.04575107365248058,0.28619199991226196,0.04987567763329813
0.8433829968762439,2.0917846688887436,211.8,26.47099805887274,251.2,0.7225821435451507,0.046999639117363774,0.31112868785858155,0.039891486774956075
0.8689397031724486,2.0917846688887436,196.5,28.15201849444038,266.5,0.7442052006721497,0.04954625255497032,0.32228686213493346,0.05719434266822062
0.8944964094686535,2.0917846688887436,180.8,28.082352567738443,282.2,0.7543324112892151,0.04939323199492267,0.3630325853824615,0.053283135990384034
0.9200531157648584,2.0917846688887436,148.8,32.528949526382036,314.2,0.7508766114711761,0.04456274882976569,0.43012039065361024,0.05943813081477996
0.9456098220610631,2.0917846688887436,103.4,32.839306128581214,359.6,0.5717245519161225,0.21769942037106196,0.5156205952167511,0.03990190308679748
0.971166528357268,2.0917846688887436,59.0,12.916105216362194,404.0,0.11115219593048095,0.3497882245863776,0.5612911999225616,0.02202636818492134
0.9967232346534729,2.0917846688887436,0.1,0.2262157162854099,462.9,0.0,0.0,0.5924598097801208,0.030884182120714837
1.1689101484080311e-05,2.1631922093430753,463.5,0.6952019510772304,-0.5,0.5924093365669251,0.030903201852725017,-0.6272724628448486,1.4189888948856064
0.02556839539768892,2.1631922093430753,441.3,5.937893241960909,21.69999999999999,0.6070527493953705,0.037364008569345325,-0.10349938869476319,0.1989176694471508
0.05112510169389376,2.1631922093430753,419.4,8.999481777643016,43.60000000000002,0.6187687516212463,0.03827262119031857,-0.03438991904258728,0.11487945835948496
0.0766818079900986,2.1631922093430753,400.5,10.509499483118814,62.5,0.629602313041687,0.04264029421941291,-0.004045224189758301,0.0832969192066435
0.10223851428630344,2.1631922093430753,378.4,10.004772080166704,84.60000000000002,0.6510709881782532,0.03628898008108511,9.274482727050781e-05,0.053345055187403664
0.12779522058250828,2.1631922093430753,368.9,11.333133957084208,94.10000000000002,0.6561927855014801,0.03930106706634495,0.006591403484344482,0.04532855265021232
0.15335192687871313,2.1631922093430753,359.9,12.49294370627902,103.10000000000002,0.6571472704410553,0.040266653551886064,0.014168637990951537,0.04475548537529974
0.17890863317491795,2.1631922093430753,350.0,15.287005800515011,113.0,0.6645451426506043,0.03753357534455028,0.012251549959182739,0.03743370013999565
0.2044653394711228,2.1631922093430753,346.1,15.082744274808782,116.89999999999998,0.6675524830818176,0.03525659491069966,0.010128575563430785,0.03530825826226068
0.23002204576732765,2.1631922093430753,340.4,14.579559527755805,122.60000000000002,0.668805468082428,0.036331994702493174,0.018274885416030884,0.031787098152514154
0.2555787520635325,2.1631922093430753,334.9,13.922225061589389,128.10000000000002,0.6681950151920318,0.03337934654735644,0.038954949378967284,0.034288758403224644
0.2811354583597373,2.1631922093430753,329.7,15.081236264279372,133.3,0.6733738422393799,0.035011961350860404,0.04111532568931579,0.029286941952558366
0.3066921646559422,2.1631922093430753,322.7,16.239459611323216,140.3,0.6754034757614136,0.032773222309504385,0.04537457823753357,0.03176883496932075
0.332248870952147,2.1631922093430753,320.7,16.93196050668691,142.3,0.6763744652271271,0.03314437507737028,0.04530109763145447,0.03156662968872235
0.3578055772483518,2.1631922093430753,313.5,19.275590908929008,149.5,0.6784869313240052,0.03703126251924337,0.061814552545547484,0.03606570223643708
0.3833622835445567,2.1631922093430753,308.8,19.71180056301975,154.2,0.6784278571605682,0.03844006953135301,0.07047055959701538,0.031589674154750724
0.4089189898407615,2.1631922093430753,306.2,20.294518387250204,156.8,0.6797777116298676,0.03947090667497645,0.08223537802696228,0.03252358918075118
0.43447569613696635,2.1631922093430753,302.1,22.42073050645643,160.89999999999998,0.6831781387329101,0.041231498003109955,0.0850854218006134,0.03310904232542738
0.46003240243317123,2.1631922093430753,297.9,23.288990696712546,165.10000000000002,0.6855805933475494,0.043361865402119296,0.09140840172767639,0.03324107956397688
0.48558910872937605,2.1631922093430753,292.9,21.863488589452537,170.10000000000002,0.6888030529022217,0.04449701044711308,0.10681268572807312,0.05114037460856475
0.5111458150255809,2.1631922093430753,288.9,21.649184170482112,174.10000000000002,0.6915765404701233,0.04304498656650829,0.12574324607849122,0.05100189399097646
0.5367025213217858,2.1631922093430753,283.7,19.87911500103538,179.3,0.6967134296894073,0.03943156557999845,0.12912650108337403,0.05035116209316232
0.5622592276179905,2.1631922093430753,279.4,18.679203350467336,183.60000000000002,0.6978570997714997,0.03970986121653984,0.1405374825000763,0.04643676552426415
0.5878159339141954,2.1631922093430753,275.3,18.559648136009656,187.7,0.6987815916538238,0.04183453980566452,0.1501975953578949,0.04764121678939159
0.6133726402104003,2.1631922093430753,270.8,18.826560526020636,192.2,0.70014728307724,0.042971511197935436,0.16439787149429322,0.04934582997347906
0.638929346506605,2.1631922093430753,267.6,19.8795440358799,195.39999999999998,0.7016067862510681,0.04237447185593559,0.17067599892616273,0.0481197408835508
0.6644860528028099,2.1631922093430753,261.6,20.741786887249408,201.39999999999998,0.7041027545928955,0.04596567671899903,0.17838174104690552,0.049356570050657876
0.6900427590990148,2.1631922093430753,259.0,21.529483195555496,204.0,0.7039500057697297,0.046498886326885036,0.19495937824249268,0.048207088630049195
0.7155994653952196,2.1631922093430753,254.7,22.10814218253167,208.3,0.7055731773376465,0.04407142840210587,0.2164599359035492,0.05926255247593282
0.7411561716914244,2.1631922093430753,249.0,24.08014087037804,214.0,0.708664882183075,0.04470883913510719,0.22390385270118712,0.05790381660159275
0.7667128779876293,2.1631922093430753,244.1,24.09772584482044,218.9,0.710038036108017,0.04447006010863846,0.25383217334747316,0.05241675430091729
0.7922695842838341,2.1631922093430753,237.1,25.22291147372798,225.9,0.7100891411304474,0.04344688199716326,0.27042209506034853,0.05433322263397992
0.817826290580039,2.1631922093430753,225.9,25.046460451737854,237.1,0.711605578660965,0.04575107365248058,0.28619199991226196,0.04987567763329813
0.8433829968762439,2.1631922093430753,211.8,26.47099805887274,251.2,0.7225821435451507,0.046999639117363774,0.31112868785858155,0.039891486774956075
0.8689397031724486,2.1631922093430753,196.5,28.15201849444038,266.5,0.7442052006721497,0.04954625255497032,0.32228686213493346,0.05719434266822062
0.8944964094686535,2.1631922093430753,180.8,28.082352567738443,282.2,0.7543324112892151,0.04939323199492267,0.3630325853824615,0.053283135990384034
0.9200531157648584,2.1631922093430753,148.8,32.528949526382036,314.2,0.7508766114711761,0.04456274882976569,0.43012039065361024,0.05943813081477996
0.9456098220610631,2.1631922093430753,103.4,32.839306128581214,359.6,0.5717245519161225,0.21769942037106196,0.5156205952167511,0.03990190308679748
0.971166528357268,2.1631922093430753,59.0,12.916105216362194,404.0,0.11115219593048095,0.3497882245863776,0.5612911999225616,0.02202636818492134
0.9967232346534729,2.1631922093430753,0.1,0.2262157162854099,462.9,0.0,0.0,0.5924598097801208,0.030884182120714837
1.1689101484080311e-05,2.2345997497974075,463.5,0.6952019510772304,-0.5,0.5924093365669251,0.030903201852725017,-0.6272724628448486,1.4189888948856064
0.02556839539768892,2.2345997497974075,441.3,5.937893241960909,21.69999999999999,0.6070527493953705,0.037364008569345325,-0.10349938869476319,0.1989176694471508
0.05112510169389376,2.2345997497974075,419.4,8.999481777643016,43.60000000000002,0.6187687516212463,0.03827262119031857,-0.03438991904258728,0.11487945835948496
0.0766818079900986,2.2345997497974075,400.5,10.509499483118814,62.5,0.629602313041687,0.04264029421941291,-0.004045224189758301,0.0832969192066435
0.10223851428630344,2.2345997497974075,378.4,10.004772080166704,84.60000000000002,0.6510709881782532,0.03628898008108511,9.274482727050781e-05,0.053345055187403664
0.12779522058250828,2.2345997497974075,368.9,11.333133957084208,94.10000000000002,0.6561927855014801,0.03930106706634495,0.006591403484344482,0.04532855265021232
0.15335192687871313,2.2345997497974075,359.9,12.49294370627902,103.10000000000002,0.6571472704410553,0.040266653551886064,0.014168637990951537,0.04475548537529974
0.17890863317491795,2.2345997497974075,350.0,15.287005800515011,113.0,0.6645451426506043,0.03753357534455028,0.012251549959182739,0.03743370013999565
0.2044653394711228,2.2345997497974075,346.1,15.082744274808782,116.89999999999998,0.6675524830818176,0.03525659491069966,0.010128575563430785,0.03530825826226068
0.23002204576732765,2.2345997497974075,340.4,14.579559527755805,122.60000000000002,0.668805468082428,0.036331994702493174,0.018274885416030884,0.031787098152514154
0.2555787520635325,2.2345997497974075,334.9,13.922225061589389,128.10000000000002,0.6681950151920318,0.03337934654735644,0.038954949378967284,0.034288758403224644
0.2811354583597373,2.2345997497974075,329.7,15.081236264279372,133.3,0.6733738422393799,0.035011961350860404,0.04111532568931579,0.029286941952558366
0.3066921646559422,2.2345997497974075,322.7,16.239459611323216,140.3,0.6754034757614136,0.032773222309504385,0.04537457823753357,0.03176883496932075
0.332248870952147,2.2345997497974075,320.7,16.93196050668691,142.3,0.6763744652271271,0.03314437507737028,0.04530109763145447,0.03156662968872235
0.3578055772483518,2.2345997497974075,313.5,19.275590908929008,149.5,0.6784869313240052,0.03703126251924337,0.061814552545547484,0.03606570223643708
0.3833622835445567,2.2345997497974075,308.8,19.71180056301975,154.2,0.6784278571605682,0.03844006953135301,0.07047055959701538,0.031589674154750724
0.4089189898407615,2.2345997497974075,306.2,20.294518387250204,156.8,0.6797777116298676,0.03947090667497645,0.08223537802696228,0.03252358918075118
0.43447569613696635,2.2345997497974075,302.1,22.42073050645643,160.89999999999998,0.6831781387329101,0.041231498003109955,0.0850854218006134,0.03310904232542738
0.46003240243317123,2.2345997497974075,297.9,23.288990696712546,165.10000000000002,0.6855805933475494,0.043361865402119296,0.09140840172767639,0.03324107956397688
0.48558910872937605,2.2345997497974075,292.9,21.863488589452537,170.10000000000002,0.6888030529022217,0.04449701044711308,0.10681268572807312,0.05114037460856475
0.5111458150255809,2.2345997497974075,288.9,21.649184170482112,174.10000000000002,0.6915765404701233,0.04304498656650829,0.12574324607849122,0.05100189399097646
0.5367025213217858,2.2345997497974075,283.7,19.87911500103538,179.3,0.6967134296894073,0.03943156557999845,0.12912650108337403,0.05035116209316232
0.5622592276179905,2.2345997497974075,279.4,18.679203350467336,183.60000000000002,0.6978570997714997,0.03970986121653984,0.1405374825000763,0.04643676552426415
0.5878159339141954,2.2345997497974075,275.3,18.559648136009656,187.7,0.6987815916538238,0.04183453980566452,0.1501975953578949,0.04764121678939159
0.6133726402104003,2.2345997497974075,270.8,18.826560526020636,192.2,0.70014728307724,0.042971511197935436,0.16439787149429322,0.04934582997347906
0.638929346506605,2.2345997497974075,267.6,19.8795440358799,195.39999999999998,0.7016067862510681,0.04237447185593559,0.17067599892616273,0.0481197408835508
0.6644860528028099,2.2345997497974075,261.6,20.741786887249408,201.39999999999998,0.7041027545928955,0.04596567671899903,0.17838174104690552,0.049356570050657876
0.6900427590990148,2.2345997497974075,259.0,21.529483195555496,204.0,0.7039500057697297,0.046498886326885036,0.19495937824249268,0.048207088630049195
0.7155994653952196,2.2345997497974075,254.7,22.10814218253167,208.3,0.7055731773376465,0.04407142840210587,0.2164599359035492,0.05926255247593282
0.7411561716914244,2.2345997497974075,249.0,24.08014087037804,214.0,0.708664882183075,0.04470883913510719,0.22390385270118712,0.05790381660159275
0.7667128779876293,2.2345997497974075,244.1,24.09772584482044,218.9,0.710038036108017,0.04447006010863846,0.25383217334747316,0.05241675430091729
0.7922695842838341,2.2345997497974075,237.1,25.22291147372798,225.9,0.7100891411304474,0.04344688199716326,0.27042209506034853,0.05433322263397992
0.817826290580039,2.2345997497974075,225.9,25.046460451737854,237.1,0.711605578660965,0.04575107365248058,0.28619199991226196,0.04987567763329813
0.8433829968762439,2.2345997497974075,211.8,26.47099805887274,251.2,0.7225821435451507,0.046999639117363774,0.31112868785858155,0.039891486774956075
0.8689397031724486,2.2345997497974075,196.5,28.15201849444038,266.5,0.7442052006721497,0.04954625255497032,0.32228686213493346,0.05719434266822062
0.8944964094686535,2.2345997497974075,180.8,28.082352567738443,282.2,0.7543324112892151,0.04939323199492267,0.3630325853824615,0.053283135990384034
0.9200531157648584,2.2345997497974075,148.8,32.528949526382036,314.2,0.7508766114711761,0.04456274882976569,0.43012039065361024,0.05943813081477996
0.9456098220610631,2.2345997497974075,103.4,32.839306128581214,359.6,0.5717245519161225,0.21769942037106196,0.5156205952167511,0.03990190308679748
0.971166528357268,2.2345997497974075,59.0,12.916105216362194,404.0,0.11115219593048095,0.3497882245863776,0.5612911999225616,0.02202636818492134
0.9967232346534729,2.2345997497974075,0.1,0.2262157162854099,462.9,0.0,0.0,0.5924598097801208,0.030884182120714837
1.1689101484080311e-05,2.3060072902517397,463.5,0.6952019510772304,-0.5,0.5924093365669251,0.030903201852725017,-0.6272724628448486,1.4189888948856064
0.02556839539768892,2.3060072902517397,441.3,5.937893241960909,21.69999999999999,0.6070527493953705,0.037364008569345325,-0.10349938869476319,0.1989176694471508
0.05112510169389376,2.3060072902517397,419.4,8.999481777643016,43.60000000000002,0.6187687516212463,0.03827262119031857,-0.03438991904258728,0.11487945835948496
0.0766818079900986,2.3060072902517397,400.5,10.509499483118814,62.5,0.629602313041687,0.04264029421941291,-0.004045224189758301,0.0832969192066435
0.10223851428630344,2.3060072902517397,378.4,10.004772080166704,84.60000000000002,0.6510709881782532,0.03628898008108511,9.274482727050781e-05,0.053345055187403664
0.12779522058250828,2.3060072902517397,368.9,11.333133957084208,94.10000000000002,0.6561927855014801,0.03930106706634495,0.006591403484344482,0.04532855265021232
0.15335192687871313,2.3060072902517397,359.9,12.49294370627902,103.10000000000002,0.6571472704410553,0.040266653551886064,0.014168637990951537,0.04475548537529974
0.17890863317491795,2.3060072902517397,350.0,15.287005800515011,113.0,0.6645451426506043,0.03753357534455028,0.012251549959182739,0.03743370013999565
0.2044653394711228,2.3060072902517397,346.1,15.082744274808782,116.89999999999998,0.6675524830818176,0.03525659491069966,0.010128575563430785,0.03530825826226068
0.23002204576732765,2.3060072902517397,340.4,14.579559527755805,122.60000000000002,0.668805468082428,0.036331994702493174,0.018274885416030884,0.031787098152514154
0.2555787520635325,2.3060072902517397,334.9,13.922225061589389,128.10000000000002,0.6681950151920318,0.03337934654735644,0.038954949378967284,0.034288758403224644
0.2811354583597373,2.3060072902517397,329.7,15.081236264279372,133.3,0.6733738422393799,0.035011961350860404,0.04111532568931579,0.029286941952558366
0.3066921646559422,2.3060072902517397,322.7,16.239459611323216,140.3,0.6754034757614136,0.032773222309504385,0.04537457823753357,0.03176883496932075
0.332248870952147,2.3060072902517397,320.7,16.93196050668691,142.3,0.6763744652271271,0.03314437507737028,0.04530109763145447,0.03156662968872235
0.3578055772483518,2.3060072902517397,313.5,19.275590908929008,149.5,0.6784869313240052,0.03703126251924337,0.061814552545547484,0.03606570223643708
0.3833622835445567,2.3060072902517397,308.8,19.71180056301975,154.2,0.6784278571605682,0.03844006953135301,0.07047055959701538,0.031589674154750724
0.4089189898407615,2.3060072902517397,306.2,20.294518387250204,156.8,0.6797777116298676,0.03947090667497645,0.08223537802696228,0.03252358918075118
0.43447569613696635,2.3060072902517397,302.1,22.42073050645643,160.89999999999998,0.6831781387329101,0.041231498003109955,0.0850854218006134,0.03310904232542738
0.46003240243317123,2.3060072902517397,297.9,23.288990696712546,165.10000000000002,0.6855805933475494,0.043361865402119296,0.09140840172767639,0.03324107956397688
0.48558910872937605,2.3060072902517397,292.9,21.863488589452537,170.10000000000002,0.6888030529022217,0.04449701044711308,0.10681268572807312,0.05114037460856475
0.5111458150255809,2.3060072902517397,288.9,21.649184170482112,174.10000000000002,0.6915765404701233,0.04304498656650829,0.12574324607849122,0.05100189399097646
0.5367025213217858,2.3060072902517397,283.7,19.87911500103538,179.3,0.6967134296894073,0.03943156557999845,0.12912650108337403,0.05035116209316232
0.5622592276179905,2.3060072902517397,279.4,18.679203350467336,183.60000000000002,0.6978570997714997,0.03970986121653984,0.1405374825000763,0.04643676552426415
0.5878159339141954,2.3060072902517397,275.3,18.559648136009656,187.7,0.6987815916538238,0.04183453980566452,0.1501975953578949,0.04764121678939159
0.6133726402104003,2.3060072902517397,270.8,18.826560526020636,192.2,0.70014728307724,0.042971511197935436,0.16439787149429322,0.04934582997347906
0.638929346506605,2.3060072902517397,267.6,19.8795440358799,195.39999999999998,0.7016067862510681,0.04237447185593559,0.17067599892616273,0.0481197408835508
0.6644860528028099,2.3060072902517397,261.6,20.741786887249408,201.39999999999998,0.7041027545928955,0.04596567671899903,0.17838174104690552,0.049356570050657876
0.6900427590990148,2.3060072902517397,259.0,21.529483195555496,204.0,0.7039500057697297,0.046498886326885036,0.19495937824249268,0.048207088630049195
0.7155994653952196,2.3060072902517397,254.7,22.10814218253167,208.3,0.7055731773376465,0.04407142840210587,0.2164599359035492,0.05926255247593282
0.7411561716914244,2.3060072902517397,249.0,24.08014087037804,214.0,0.708664882183075,0.04470883913510719,0.22390385270118712,0.05790381660159275
0.7667128779876293,2.3060072902517397,244.1,24.09772584482044,218.9,0.710038036108017,0.04447006010863846,0.25383217334747316,0.05241675430091729
0.7922695842838341,2.3060072902517397,237.1,25.22291147372798,225.9,0.7100891411304474,0.04344688199716326,0.27042209506034853,0.05433322263397992
0.817826290580039,2.3060072902517397,225.9,25.046460451737854,237.1,0.711605578660965,0.04575107365248058,0.28619199991226196,0.04987567763329813
0.8433829968762439,2.3060072902517397,211.8,26.47099805887274,251.2,0.7225821435451507,0.046999639117363774,0.31112868785858155,0.039891486774956075
0.8689397031724486,2.3060072902517397,196.5,28.15201849444038,266.5,0.7442052006721497,0.04954625255497032,0.32228686213493346,0.05719434266822062
0.8944964094686535,2.3060072902517397,180.8,28.082352567738443,282.2,0.7543324112892151,0.04939323199492267,0.3630325853824615,0.053283135990384034
0.9200531157648584,2.3060072902517397,148.8,32.528949526382036,314.2,0.7508766114711761,0.04456274882976569,0.43012039065361024,0.05943813081477996
0.9456098220610631,2.3060072902517397,103.4,32.839306128581214,359.6,0.5717245519161225,0.21769942037106196,0.5156205952167511,0.03990190308679748
0.971166528357268,2.3060072902517397,59.0,12.916105216362194,404.0,0.11115219593048095,0.3497882245863776,0.5612911999225616,0.02202636818492134
0.9967232346534729,2.3060072902517397,0.1,0.2262157162854099,462.9,0.0,0.0,0.5924598097801208,0.030884182120714837
1.1689101484080311e-05,2.3774148307060714,463.5,0.6952019510772304,-0.5,0.5924093365669251,0.030903201852725017,-0.6272724628448486,1.4189888948856064
0.02556839539768892,2.3774148307060714,441.3,5.937893241960909,21.69999999999999,0.6070527493953705,0.037364008569345325,-0.10349938869476319,0.1989176694471508
0.05112510169389376,2.3774148307060714,419.4,8.999481777643016,43.60000000000002,0.6187687516212463,0.03827262119031857,-0.03438991904258728,0.11487945835948496
0.0766818079900986,2.3774148307060714,400.5,10.509499483118814,62.5,0.629602313041687,0.04264029421941291,-0.004045224189758301,0.0832969192066435
0.10223851428630344,2.3774148307060714,378.4,10.004772080166704,84.60000000000002,0.6510709881782532,0.03628898008108511,9.274482727050781e-05,0.053345055187403664
0.12779522058250828,2.3774148307060714,368.9,11.333133957084208,94.10000000000002,0.6561927855014801,0.03930106706634495,0.006591403484344482,0.04532855265021232
0.15335192687871313,2.3774148307060714,359.9,12.49294370627902,103.10000000000002,0.6571472704410553,0.040266653551886064,0.014168637990951537,0.04475548537529974
0.17890863317491795,2.3774148307060714,350.0,15.287005800515011,113.0,0.6645451426506043,0.03753357534455028,0.012251549959182739,0.03743370013999565
0.2044653394711228,2.3774148307060714,346.1,15.082744274808782,116.89999999999998,0.6675524830818176,0.03525659491069966,0.010128575563430785,0.03530825826226068
0.23002204576732765,2.3774148307060714,340.4,14.579559527755805,122.60000000000002,0.668805468082428,0.036331994702493174,0.018274885416030884,0.031787098152514154
0.2555787520635325,2.3774148307060714,334.9,13.922225061589389,128.10000000000002,0.6681950151920318,0.03337934654735644,0.038954949378967284,0.034288758403224644
0.2811354583597373,2.3774148307060714,329.7,15.081236264279372,133.3,0.6733738422393799,0.035011961350860404,0.04111532568931579,0.029286941952558366
0.3066921646559422,2.3774148307060714,322.7,16.239459611323216,140.3,0.6754034757614136,0.032773222309504385,0.04537457823753357,0.03176883496932075
0.332248870952147,2.3774148307060714,320.7,16.93196050668691,142.3,0.6763744652271271,0.03314437507737028,0.04530109763145447,0.03156662968872235
0.3578055772483518,2.3774148307060714,313.5,19.275590908929008,149.5,0.6784869313240052,0.03703126251924337,0.061814552545547484,0.03606570223643708
0.3833622835445567,2.3774148307060714,308.8,19.71180056301975,154.2,0.6784278571605682,0.03844006953135301,0.07047055959701538,0.031589674154750724
0.4089189898407615,2.3774148307060714,306.2,20.294518387250204,156.8,0.6797777116298676,0.03947090667497645,0.08223537802696228,0.03252358918075118
0.43447569613696635,2.3774148307060714,302.1,22.42073050645643,160.89999999999998,0.6831781387329101,0.041231498003109955,0.0850854218006134,0.03310904232542738
0.46003240243317123,2.3774148307060714,297.9,23.288990696712546,165.10000000000002,0.6855805933475494,0.043361865402119296,0.09140840172767639,0.03324107956397688
0.48558910872937605,2.3774148307060714,292.9,21.863488589452537,170.10000000000002,0.6888030529022217,0.04449701044711308,0.10681268572807312,0.05114037460856475
0.5111458150255809,2.3774148307060714,288.9,21.649184170482112,174.10000000000002,0.6915765404701233,0.04304498656650829,0.12574324607849122,0.05100189399097646
0.5367025213217858,2.3774148307060714,283.7,19.87911500103538,179.3,0.6967134296894073,0.03943156557999845,0.12912650108337403,0.05035116209316232
0.5622592276179905,2.3774148307060714,279.4,18.679203350467336,183.60000000000002,0.6978570997714997,0.03970986121653984,0.1405374825000763,0.04643676552426415
0.5878159339141954,2.3774148307060714,275.3,18.559648136009656,187.7,0.6987815916538238,0.04183453980566452,0.1501975953578949,0.04764121678939159
0.6133726402104003,2.3774148307060714,270.8,18.826560526020636,192.2,0.70014728307724,0.042971511197935436,0.16439787149429322,0.04934582997347906
0.638929346506605,2.3774148307060714,267.6,19.8795440358799,195.39999999999998,0.7016067862510681,0.04237447185593559,0.17067599892616273,0.0481197408835508
0.6644860528028099,2.3774148307060714,261.6,20.741786887249408,201.39999999999998,0.7041027545928955,0.04596567671899903,0.17838174104690552,0.049356570050657876
0.6900427590990148,2.3774148307060714,259.0,21.529483195555496,204.0,0.7039500057697297,0.046498886326885036,0.19495937824249268,0.048207088630049195
0.7155994653952196,2.3774148307060714,254.7,22.10814218253167,208.3,0.7055731773376465,0.04407142840210587,0.2164599359035492,0.05926255247593282
0.7411561716914244,2.3774148307060714,249.0,24.08014087037804,214.0,0.708664882183075,0.04470883913510719,0.22390385270118712,0.05790381660159275
0.7667128779876293,2.3774148307060714,244.1,24.09772584482044,218.9,0.710038036108017,0.04447006010863846,0.25383217334747316,0.05241675430091729
0.7922695842838341,2.3774148307060714,237.1,25.22291147372798,225.9,0.7100891411304474,0.04344688199716326,0.27042209506034853,0.05433322263397992
0.817826290580039,2.3774148307060714,225.9,25.046460451737854,237.1,0.711605578660965,0.04575107365248058,0.28619199991226196,0.04987567763329813
0.8433829968762439,2.3774148307060714,211.8,26.47099805887274,251.2,0.7225821435451507,0.046999639117363774,0.31112868785858155,0.039891486774956075
0.8689397031724486,2.3774148307060714,196.5,28.15201849444038,266.5,0.7442052006721497,0.04954625255497032,0.32228686213493346,0.05719434266822062
0.8944964094686535,2.3774148307060714,180.8,28.082352567738443,282.2,0.7543324112892151,0.04939323199492267,0.3630325853824615,0.053283135990384034
0.9200531157648584,2.3774148307060714,148.8,32.528949526382036,314.2,0.7508766114711761,0.04456274882976569,0.43012039065361024,0.05943813081477996
0.9456098220610631,2.3774148307060714,103.4,32.839306128581214,359.6,0.5717245519161225,0.21769942037106196,0.5156205952167511,0.03990190308679748
0.971166528357268,2.3774148307060714,59.0,12.916105216362194,404.0,0.11115219593048095,0.3497882245863776,0.5612911999225616,0.02202636818492134
0.9967232346534729,2.3774148307060714,0.1,0.2262157162854099,462.9,0.0,0.0,0.5924598097801208,0.030884182120714837
1.1689101484080311e-05,2.4488223711604036,463.5,0.6952019510772304,-0.5,0.5924093365669251,0.030903201852725017,-0.6272724628448486,1.4189888948856064
0.02556839539768892,2.4488223711604036,441.3,5.937893241960909,21.69999999999999,0.6070527493953705,0.037364008569345325,-0.10349938869476319,0.1989176694471508
0.05112510169389376,2.4488223711604036,419.4,8.999481777643016,43.60000000000002,0.6187687516212463,0.03827262119031857,-0.03438991904258728,0.11487945835948496
0.0766818079900986,2.4488223711604036,400.5,10.509499483118814,62.5,0.629602313041687,0.04264029421941291,-0.004045224189758301,0.0832969192066435
0.10223851428630344,2.4488223711604036,378.4,10.004772080166704,84.60000000000002,0.6510709881782532,0.03628898008108511,9.274482727050781e-05,0.053345055187403664
0.12779522058250828,2.4488223711604036,368.9,11.333133957084208,94.10000000000002,0.6561927855014801,0.03930106706634495,0.006591403484344482,0.04532855265021232
0.15335192687871313,2.4488223711604036,359.9,12.49294370627902,103.10000000000002,0.6571472704410553,0.040266653551886064,0.014168637990951537,0.04475548537529974
0.17890863317491795,2.4488223711604036,350.0,15.287005800515011,113.0,0.6645451426506043,0.03753357534455028,0.012251549959182739,0.03743370013999565
0.2044653394711228,2.4488223711604036,346.1,15.082744274808782,116.89999999999998,0.6675524830818176,0.03525659491069966,0.010128575563430785,0.03530825826226068
0.23002204576732765,2.4488223711604036,340.4,14.579559527755805,122.60000000000002,0.668805468082428,0.036331994702493174,0.018274885416030884,0.031787098152514154
0.2555787520635325,2.4488223711604036,334.9,13.922225061589389,128.10000000000002,0.6681950151920318,0.03337934654735644,0.038954949378967284,0.034288758403224644
0.2811354583597373,2.4488223711604036,329.7,15.081236264279372,133.3,0.6733738422393799,0.035011961350860404,0.04111532568931579,0.029286941952558366
0.3066921646559422,2.4488223711604036,322.7,16.239459611323216,140.3,0.6754034757614136,0.032773222309504385,0.04537457823753357,0.03176883496932075
0.332248870952147,2.4488223711604036,320.7,16.93196050668691,142.3,0.6763744652271271,0.03314437507737028,0.04530109763145447,0.03156662968872235
0.3578055772483518,2.4488223711604036,313.5,19.275590908929008,149.5,0.6784869313240052,0.03703126251924337,0.061814552545547484,0.03606570223643708
0.3833622835445567,2.4488223711604036,308.8,19.71180056301975,154.2,0.6784278571605682,0.03844006953135301,0.07047055959701538,0.031589674154750724
0.4089189898407615,2.4488223711604036,306.2,20.294518387250204,156.8,0.6797777116298676,0.03947090667497645,0.08223537802696228,0.03252358918075118
0.43447569613696635,2.4488223711604036,302.1,22.42073050645643,160.89999999999998,0.6831781387329101,0.041231498003109955,0.0850854218006134,0.03310904232542738
0.46003240243317123,2.4488223711604036,297.9,23.288990696712546,165.10000000000002,0.6855805933475494,0.043361865402119296,0.09140840172767639,0.03324107956397688
0.48558910872937605,2.4488223711604036,292.9,21.863488589452537,170.10000000000002,0.6888030529022217,0.04449701044711308,0.10681268572807312,0.05114037460856475
0.5111458150255809,2.4488223711604036,288.9,21.649184170482112,174.10000000000002,0.6915765404701233,0.04304498656650829,0.12574324607849122,0.05100189399097646
0.5367025213217858,2.4488223711604036,283.7,19.87911500103538,179.3,0.6967134296894073,0.03943156557999845,0.12912650108337403,0.05035116209316232
0.5622592276179905,2.4488223711604036,279.4,18.679203350467336,183.60000000000002,0.6978570997714997,0.03970986121653984,0.1405374825000763,0.04643676552426415
0.5878159339141954,2.4488223711604036,275.3,18.559648136009656,187.7,0.6987815916538238,0.04183453980566452,0.1501975953578949,0.04764121678939159
0.6133726402104003,2.4488223711604036,270.8,18.826560526020636,192.2,0.70014728307724,0.042971511197935436,0.16439787149429322,0.04934582997347906
0.638929346506605,2.4488223711604036,267.6,19.8795440358799,195.39999999999998,0.7016067862510681,0.04237447185593559,0.17067599892616273,0.0481197408835508
0.6644860528028099,2.4488223711604036,261.6,20.741786887249408,201.39999999999998,0.7041027545928955,0.04596567671899903,0.17838174104690552,0.049356570050657876
0.6900427590990148,2.4488223711604036,259.0,21.529483195555496,204.0,0.7039500057697297,0.046498886326885036,0.19495937824249268,0.048207088630049195
0.7155994653952196,2.4488223711604036,254.7,22.10814218253167,208.3,0.7055731773376465,0.04407142840210587,0.2164599359035492,0.05926255247593282
0.7411561716914244,2.4488223711604036,249.0,24.08014087037804,214.0,0.708664882183075,0.04470883913510719,0.22390385270118712,0.05790381660159275
0.7667128779876293,2.4488223711604036,244.1,24.09772584482044,218.9,0.710038036108017,0.04447006010863846,0.25383217334747316,0.05241675430091729
0.7922695842838341,2.4488223711604036,237.1,25.22291147372798,225.9,0.7100891411304474,0.04344688199716326,0.27042209506034853,0.05433322263397992
0.817826290580039,2.4488223711604036,225.9,25.046460451737854,237.1,0.711605578660965,0.04575107365248058,0.28619199991226196,0.04987567763329813
0.8433829968762439,2.4488223711604036,211.8,26.47099805887274,251.2,0.7225821435451507,0.046999639117363774,0.31112868785858155,0.039891486774956075
0.8689397031724486,2.4488223711604036,196.5,28.15201849444038,266.5,0.7442052006721497,0.04954625255497032,0.32228686213493346,0.05719434266822062
0.8944964094686535,2.4488223711604036,180.8,28.082352567738443,282.2,0.7543324112892151,0.04939323199492267,0.3630325853824615,0.053283135990384034
0.9200531157648584,2.4488223711604036,148.8,32.528949526382036,314.2,0.7508766114711761,0.04456274882976569,0.43012039065361024,0.05943813081477996
0.9456098220610631,2.4488223711604036,103.4,32.839306128581214,359.6,0.5717245519161225,0.21769942037106196,0.5156205952167511,0.03990190308679748
0.971166528357268,2.4488223711604036,59.0,12.916105216362194,404.0,0.11115219593048095,0.3497882245863776,0.5612911999225616,0.02202636818492134
0.9967232346534729,2.4488223711604036,0.1,0.2262157162854099,462.9,0.0,0.0,0.5924598097801208,0.030884182120714837
1.1689101484080311e-05,2.5202299116147358,463.5,0.6952019510772304,-0.5,0.5924093365669251,0.030903201852725017,-0.6272724628448486,1.4189888948856064
0.02556839539768892,2.5202299116147358,441.3,5.937893241960909,21.69999999999999,0.6070527493953705,0.037364008569345325,-0.10349938869476319,0.1989176694471508
0.05112510169389376,2.5202299116147358,419.4,8.999481777643016,43.60000000000002,0.6187687516212463,0.03827262119031857,-0.03438991904258728,0.11487945835948496
0.0766818079900986,2.5202299116147358,400.5,10.509499483118814,62.5,0.629602313041687,0.04264029421941291,-0.004045224189758301,0.0832969192066435
0.10223851428630344,2.5202299116147358,378.4,10.004772080166704,84.60000000000002,0.6510709881782532,0.03628898008108511,9.274482727050781e-05,0.053345055187403664
0.12779522058250828,2.5202299116147358,368.9,11.333133957084208,94.10000000000002,0.6561927855014801,0.03930106706634495,0.006591403484344482,0.04532855265021232
0.15335192687871313,2.5202299116147358,359.9,12.49294370627902,103.10000000000002,0.6571472704410553,0.040266653551886064,0.014168637990951537,0.04475548537529974
0.17890863317491795,2.5202299116147358,350.0,15.287005800515011,113.0,0.6645451426506043,0.03753357534455028,0.012251549959182739,0.03743370013999565
0.2044653394711228,2.5202299116147358,346.1,15.082744274808782,116.89999999999998,0.6675524830818176,0.03525659491069966,0.010128575563430785,0.03530825826226068
0.23002204576732765,2.5202299116147358,340.4,14.579559527755805,122.60000000000002,0.668805468082428,0.036331994702493174,0.018274885416030884,0.031787098152514154
0.2555787520635325,2.5202299116147358,334.9,13.922225061589389,128.10000000000002,0.6681950151920318,0.03337934654735644,0.038954949378967284,0.034288758403224644
0.2811354583597373,2.5202299116147358,329.7,15.081236264279372,133.3,0.6733738422393799,0.035011961350860404,0.04111532568931579,0.029286941952558366
0.3066921646559422,2.5202299116147358,322.7,16.239459611323216,140.3,0.6754034757614136,0.032773222309504385,0.04537457823753357,0.03176883496932075
0.332248870952147,2.5202299116147358,320.7,16.93196050668691,142.3,0.6763744652271271,0.03314437507737028,0.04530109763145447,0.03156662968872235
0.3578055772483518,2.5202299116147358,313.5,19.275590908929008,149.5,0.6784869313240052,0.03703126251924337,0.061814552545547484,0.03606570223643708
0.3833622835445567,2.5202299116147358,308.8,19.71180056301975,154.2,0.6784278571605682,0.03844006953135301,0.07047055959701538,0.031589674154750724
0.4089189898407615,2.5202299116147358,306.2,20.294518387250204,156.8,0.6797777116298676,0.03947090667497645,0.08223537802696228,0.03252358918075118
0.43447569613696635,2.5202299116147358,302.1,22.42073050645643,160.89999999999998,0.6831781387329101,0.041231498003109955,0.0850854218006134,0.03310904232542738
0.46003240243317123,2.5202299116147358,297.9,23.288990696712546,165.10000000000002,0.6855805933475494,0.043361865402119296,0.09140840172767639,0.03324107956397688
0.48558910872937605,2.5202299116147358,292.9,21.863488589452537,170.10000000000002,0.6888030529022217,0.04449701044711308,0.10681268572807312,0.05114037460856475
0.5111458150255809,2.5202299116147358,288.9,21.649184170482112,174.10000000000002,0.6915765404701233,0.04304498656650829,0.12574324607849122,0.05100189399097646
0.5367025213217858,2.5202299116147358,283.7,19.87911500103538,179.3,0.6967134296894073,0.03943156557999845,0.12912650108337403,0.05035116209316232
0.5622592276179905,2.5202299116147358,279.4,18.679203350467336,183.60000000000002,0.6978570997714997,0.03970986121653984,0.1405374825000763,0.04643676552426415
0.5878159339141954,2.5202299116147358,275.3,18.559648136009656,187.7,0.6987815916538238,0.04183453980566452,0.1501975953578949,0.04764121678939159
0.6133726402104003,2.5202299116147358,270.8,18.826560526020636,192.2,0.70014728307724,0.042971511197935436,0.16439787149429322,0.04934582997347906
0.638929346506605,2.5202299116147358,267.6,19.8795440358799,195.39999999999998,0.7016067862510681,0.04237447185593559,0.17067599892616273,0.0481197408835508
0.6644860528028099,2.5202299116147358,261.6,20.741786887249408,201.39999999999998,0.7041027545928955,0.04596567671899903,0.17838174104690552,0.049356570050657876
0.6900427590990148,2.5202299116147358,259.0,21.529483195555496,204.0,0.7039500057697297,0.046498886326885036,0.19495937824249268,0.048207088630049195
0.7155994653952196,2.5202299116147358,254.7,22.10814218253167,208.3,0.7055731773376465,0.04407142840210587,0.2164599359035492,0.05926255247593282
0.7411561716914244,2.5202299116147358,249.0,24.08014087037804,214.0,0.708664882183075,0.04470883913510719,0.22390385270118712,0.05790381660159275
0.7667128779876293,2.5202299116147358,244.1,24.09772584482044,218.9,0.710038036108017,0.04447006010863846,0.25383217334747316,0.05241675430091729
0.7922695842838341,2.5202299116147358,237.1,25.22291147372798,225.9,0.7100891411304474,0.04344688199716326,0.27042209506034853,0.05433322263397992
0.817826290580039,2.5202299116147358,225.9,25.046460451737854,237.1,0.711605578660965,0.04575107365248058,0.28619199991226196,0.04987567763329813
0.8433829968762439,2.5202299116147358,211.8,26.47099805887274,251.2,0.7225821435451507,0.046999639117363774,0.31112868785858155,0.039891486774956075
0.8689397031724486,2.5202299116147358,196.5,28.15201849444038,266.5,0.7442052006721497,0.04954625255497032,0.32228686213493346,0.05719434266822062
0.8944964094686535,2.5202299116147358,180.8,28.082352567738443,282.2,0.7543324112892151,0.04939323199492267,0.3630325853824615,0.053283135990384034
0.9200531157648584,2.5202299116147358,148.8,32.528949526382036,314.2,0.7508766114711761,0.04456274882976569,0.43012039065361024,0.05943813081477996
0.9456098220610631,2.5202299116147358,103.4,32.839306128581214,359.6,0.5717245519161225,0.21769942037106196,0.5156205952167511,0.03990190308679748
0.971166528357268,2.5202299116147358,59.0,12.916105216362194,404.0,0.11115219593048095,0.3497882245863776,0.5612911999225616,0.02202636818492134
0.9967232346534729,2.5202299116147358,0.1,0.2262157162854099,462.9,0.0,0.0,0.5924598097801208,0.030884182120714837
1.1689101484080311e-05,2.591637452069068,463.5,0.6952019510772304,-0.5,0.5924093365669251,0.030903201852725017,-0.6272724628448486,1.4189888948856064
0.02556839539768892,2.591637452069068,441.3,5.937893241960909,21.69999999999999,0.6070527493953705,0.037364008569345325,-0.10349938869476319,0.1989176694471508
0.05112510169389376,2.591637452069068,419.4,8.999481777643016,43.60000000000002,0.6187687516212463,0.03827262119031857,-0.03438991904258728,0.11487945835948496
0.0766818079900986,2.591637452069068,400.5,10.509499483118814,62.5,0.629602313041687,0.04264029421941291,-0.004045224189758301,0.0832969192066435
0.10223851428630344,2.591637452069068,378.4,10.004772080166704,84.60000000000002,0.6510709881782532,0.03628898008108511,9.274482727050781e-05,0.053345055187403664
0.12779522058250828,2.591637452069068,368.9,11.333133957084208,94.10000000000002,0.6561927855014801,0.03930106706634495,0.006591403484344482,0.04532855265021232
0.15335192687871313,2.591637452069068,359.9,12.49294370627902,103.10000000000002,0.6571472704410553,0.040266653551886064,0.014168637990951537,0.04475548537529974
0.17890863317491795,2.591637452069068,350.0,15.287005800515011,113.0,0.6645451426506043,0.03753357534455028,0.012251549959182739,0.03743370013999565
0.2044653394711228,2.591637452069068,346.1,15.082744274808782,116.89999999999998,0.6675524830818176,0.03525659491069966,0.010128575563430785,0.03530825826226068
0.23002204576732765,2.591637452069068,340.4,14.579559527755805,122.60000000000002,0.668805468082428,0.036331994702493174,0.018274885416030884,0.031787098152514154
0.2555787520635325,2.591637452069068,334.9,13.922225061589389,128.10000000000002,0.6681950151920318,0.03337934654735644,0.038954949378967284,0.034288758403224644
0.2811354583597373,2.591637452069068,329.7,15.081236264279372,133.3,0.6733738422393799,0.035011961350860404,0.04111532568931579,0.029286941952558366
0.3066921646559422,2.591637452069068,322.7,16.239459611323216,140.3,0.6754034757614136,0.032773222309504385,0.04537457823753357,0.03176883496932075
0.332248870952147,2.591637452069068,320.7,16.93196050668691,142.3,0.6763744652271271,0.03314437507737028,0.04530109763145447,0.03156662968872235
0.3578055772483518,2.591637452069068,313.5,19.275590908929008,149.5,0.6784869313240052,0.03703126251924337,0.061814552545547484,0.03606570223643708
0.3833622835445567,2.591637452069068,308.8,19.71180056301975,154.2,0.6784278571605682,0.03844006953135301,0.07047055959701538,0.031589674154750724
0.4089189898407615,2.591637452069068,306.2,20.294518387250204,156.8,0.6797777116298676,0.03947090667497645,0.08223537802696228,0.03252358918075118
0.43447569613696635,2.591637452069068,302.1,22.42073050645643,160.89999999999998,0.6831781387329101,0.041231498003109955,0.0850854218006134,0.03310904232542738
0.46003240243317123,2.591637452069068,297.9,23.288990696712546,165.10000000000002,0.6855805933475494,0.043361865402119296,0.09140840172767639,0.03324107956397688
0.48558910872937605,2.591637452069068,292.9,21.863488589452537,170.10000000000002,0.6888030529022217,0.04449701044711308,0.10681268572807312,0.05114037460856475
0.5111458150255809,2.591637452069068,288.9,21.649184170482112,174.10000000000002,0.6915765404701233,0.04304498656650829,0.12574324607849122,0.05100189399097646
0.5367025213217858,2.591637452069068,283.7,19.87911500103538,179.3,0.6967134296894073,0.03943156557999845,0.12912650108337403,0.05035116209316232
0.5622592276179905,2.591637452069068,279.4,18.679203350467336,183.60000000000002,0.6978570997714997,0.03970986121653984,0.1405374825000763,0.04643676552426415
0.5878159339141954,2.591637452069068,275.3,18.559648136009656,187.7,0.6987815916538238,0.04183453980566452,0.1501975953578949,0.04764121678939159
0.6133726402104003,2.591637452069068,270.8,18.826560526020636,192.2,0.70014728307724,0.042971511197935436,0.16439787149429322,0.04934582997347906
0.638929346506605,2.591637452069068,267.6,19.8795440358799,195.39999999999998,0.7016067862510681,0.04237447185593559,0.17067599892616273,0.0481197408835508
0.6644860528028099,2.591637452069068,261.6,20.741786887249408,201.39999999999998,0.7041027545928955,0.04596567671899903,0.17838174104690552,0.049356570050657876
0.6900427590990148,2.591637452069068,259.0,21.529483195555496,204.0,0.7039500057697297,0.046498886326885036,0.19495937824249268,0.048207088630049195
0.7155994653952196,2.591637452069068,254.7,22.10814218253167,208.3,0.7055731773376465,0.04407142840210587,0.2164599359035492,0.05926255247593282
0.7411561716914244,2.591637452069068,249.0,24.08014087037804,214.0,0.708664882183075,0.04470883913510719,0.22390385270118712,0.05790381660159275
0.7667128779876293,2.591637452069068,244.1,24.09772584482044,218.9,0.710038036108017,0.04447006010863846,0.25383217334747316,0.05241675430091729
0.7922695842838341,2.591637452069068,237.1,25.22291147372798,225.9,0.7100891411304474,0.04344688199716326,0.27042209506034853,0.05433322263397992
0.817826290580039,2.591637452069068,225.9,25.046460451737854,237.1,0.711605578660965,0.04575107365248058,0.28619199991226196,0.04987567763329813
0.8433829968762439,2.591637452069068,211.8,26.47099805887274,251.2,0.7225821435451507,0.046999639117363774,0.31112868785858155,0.039891486774956075
0.8689397031724486,2.591637452069068,196.5,28.15201849444038,266.5,0.7442052006721497,0.04954625255497032,0.32228686213493346,0.05719434266822062
0.8944964094686535,2.591637452069068,180.8,28.082352567738443,282.2,0.7543324112892151,0.04939323199492267,0.3630325853824615,0.053283135990384034
0.9200531157648584,2.591637452069068,148.8,32.528949526382036,314.2,0.7508766114711761,0.04456274882976569,0.43012039065361024,0.05943813081477996
0.9456098220610631,2.591637452069068,103.4,32.839306128581214,359.6,0.5717245519161225,0.21769942037106196,0.5156205952167511,0.03990190308679748
0.971166528357268,2.591637452069068,59.0,12.916105216362194,404.0,0.11115219593048095,0.3497882245863776,0.5612911999225616,0.02202636818492134
0.9967232346534729,2.591637452069068,0.1,0.2262157162854099,462.9,0.0,0.0,0.5924598097801208,0.030884182120714837
1.1689101484080311e-05,2.6630449925234,463.5,0.6952019510772304,-0.5,0.5924093365669251,0.030903201852725017,-0.6272724628448486,1.4189888948856064
0.02556839539768892,2.6630449925234,441.3,5.937893241960909,21.69999999999999,0.6070527493953705,0.037364008569345325,-0.10349938869476319,0.1989176694471508
0.05112510169389376,2.6630449925234,419.4,8.999481777643016,43.60000000000002,0.6187687516212463,0.03827262119031857,-0.03438991904258728,0.11487945835948496
0.0766818079900986,2.6630449925234,400.5,10.509499483118814,62.5,0.629602313041687,0.04264029421941291,-0.004045224189758301,0.0832969192066435
0.10223851428630344,2.6630449925234,378.4,10.004772080166704,84.60000000000002,0.6510709881782532,0.03628898008108511,9.274482727050781e-05,0.053345055187403664
0.12779522058250828,2.6630449925234,368.9,11.333133957084208,94.10000000000002,0.6561927855014801,0.03930106706634495,0.006591403484344482,0.04532855265021232
0.15335192687871313,2.6630449925234,359.9,12.49294370627902,103.10000000000002,0.6571472704410553,0.040266653551886064,0.014168637990951537,0.04475548537529974
0.17890863317491795,2.6630449925234,350.0,15.287005800515011,113.0,0.6645451426506043,0.03753357534455028,0.012251549959182739,0.03743370013999565
0.2044653394711228,2.6630449925234,346.1,15.082744274808782,116.89999999999998,0.6675524830818176,0.03525659491069966,0.010128575563430785,0.03530825826226068
0.23002204576732765,2.6630449925234,340.4,14.579559527755805,122.60000000000002,0.668805468082428,0.036331994702493174,0.018274885416030884,0.031787098152514154
0.2555787520635325,2.6630449925234,334.9,13.922225061589389,128.10000000000002,0.6681950151920318,0.03337934654735644,0.038954949378967284,0.034288758403224644
0.2811354583597373,2.6630449925234,329.7,15.081236264279372,133.3,0.6733738422393799,0.035011961350860404,0.04111532568931579,0.029286941952558366
0.3066921646559422,2.6630449925234,322.7,16.239459611323216,140.3,0.6754034757614136,0.032773222309504385,0.04537457823753357,0.03176883496932075
0.332248870952147,2.6630449925234,320.7,16.93196050668691,142.3,0.6763744652271271,0.03314437507737028,0.04530109763145447,0.03156662968872235
0.3578055772483518,2.6630449925234,313.5,19.275590908929008,149.5,0.6784869313240052,0.03703126251924337,0.061814552545547484,0.03606570223643708
0.3833622835445567,2.6630449925234,308.8,19.71180056301975,154.2,0.6784278571605682,0.03844006953135301,0.07047055959701538,0.031589674154750724
0.4089189898407615,2.6630449925234,306.2,20.294518387250204,156.8,0.6797777116298676,0.03947090667497645,0.08223537802696228,0.03252358918075118
0.43447569613696635,2.6630449925234,302.1,22.42073050645643,160.89999999999998,0.6831781387329101,0.041231498003109955,0.0850854218006134,0.03310904232542738
0.46003240243317123,2.6630449925234,297.9,23.288990696712546,165.10000000000002,0.6855805933475494,0.043361865402119296,0.09140840172767639,0.03324107956397688
0.48558910872937605,2.6630449925234,292.9,21.863488589452537,170.10000000000002,0.6888030529022217,0.04449701044711308,0.10681268572807312,0.05114037460856475
0.5111458150255809,2.6630449925234,288.9,21.649184170482112,174.10000000000002,0.6915765404701233,0.04304498656650829,0.12574324607849122,0.05100189399097646
0.5367025213217858,2.6630449925234,283.7,19.87911500103538,179.3,0.6967134296894073,0.03943156557999845,0.12912650108337403,0.05035116209316232
0.5622592276179905,2.6630449925234,279.4,18.679203350467336,183.60000000000002,0.6978570997714997,0.03970986121653984,0.1405374825000763,0.04643676552426415
0.5878159339141954,2.6630449925234,275.3,18.559648136009656,187.7,0.6987815916538238,0.04183453980566452,0.1501975953578949,0.04764121678939159
0.6133726402104003,2.6630449925234,270.8,18.826560526020636,192.2,0.70014728307724,0.042971511197935436,0.16439787149429322,0.04934582997347906
0.638929346506605,2.6630449925234,267.6,19.8795440358799,195.39999999999998,0.7016067862510681,0.04237447185593559,0.17067599892616273,0.0481197408835508
0.6644860528028099,2.6630449925234,261.6,20.741786887249408,201.39999999999998,0.7041027545928955,0.04596567671899903,0.17838174104690552,0.049356570050657876
0.6900427590990148,2.6630449925234,259.0,21.529483195555496,204.0,0.7039500057697297,0.046498886326885036,0.19495937824249268,0.048207088630049195
0.7155994653952196,2.6630449925234,254.7,22.10814218253167,208.3,0.7055731773376465,0.04407142840210587,0.2164599359035492,0.05926255247593282
0.7411561716914244,2.6630449925234,249.0,24.08014087037804,214.0,0.708664882183075,0.04470883913510719,0.22390385270118712,0.05790381660159275
0.7667128779876293,2.6630449925234,244.1,24.09772584482044,218.9,0.710038036108017,0.04447006010863846,0.25383217334747316,0.05241675430091729
0.7922695842838341,2.6630449925234,237.1,25.22291147372798,225.9,0.7100891411304474,0.04344688199716326,0.27042209506034853,0.05433322263397992
0.817826290580039,2.6630449925234,225.9,25.046460451737854,237.1,0.711605578660965,0.04575107365248058,0.28619199991226196,0.04987567763329813
0.8433829968762439,2.6630449925234,211.8,26.47099805887274,251.2,0.7225821435451507,0.046999639117363774,0.31112868785858155,0.039891486774956075
0.8689397031724486,2.6630449925234,196.5,28.15201849444038,266.5,0.7442052006721497,0.04954625255497032,0.32228686213493346,0.05719434266822062
0.8944964094686535,2.6630449925234,180.8,28.082352567738443,282.2,0.7543324112892151,0.04939323199492267,0.3630325853824615,0.053283135990384034
0.9200531157648584,2.6630449925234,148.8,32.528949526382036,314.2,0.7508766114711761,0.04456274882976569,0.43012039065361024,0.05943813081477996
0.9456098220610631,2.6630449925234,103.4,32.839306128581214,359.6,0.5717245519161225,0.21769942037106196,0.5156205952167511,0.03990190308679748
0.971166528357268,2.6630449925234,59.0,12.916105216362194,404.0,0.11115219593048095,0.3497882245863776,0.5612911999225616,0.02202636818492134
0.9967232346534729,2.6630449925234,0.1,0.2262157162854099,462.9,0.0,0.0,0.5924598097801208,0.030884182120714837
1.1689101484080311e-05,2.734452532977732,463.5,0.6952019510772304,-0.5,0.5924093365669251,0.030903201852725017,-0.6272724628448486,1.4189888948856064
0.02556839539768892,2.734452532977732,441.3,5.937893241960909,21.69999999999999,0.6070527493953705,0.037364008569345325,-0.10349938869476319,0.1989176694471508
0.05112510169389376,2.734452532977732,419.4,8.999481777643016,43.60000000000002,0.6187687516212463,0.03827262119031857,-0.03438991904258728,0.11487945835948496
0.0766818079900986,2.734452532977732,400.5,10.509499483118814,62.5,0.629602313041687,0.04264029421941291,-0.004045224189758301,0.0832969192066435
0.10223851428630344,2.734452532977732,378.4,10.004772080166704,84.60000000000002,0.6510709881782532,0.03628898008108511,9.274482727050781e-05,0.053345055187403664
0.12779522058250828,2.734452532977732,368.9,11.333133957084208,94.10000000000002,0.6561927855014801,0.03930106706634495,0.006591403484344482,0.04532855265021232
0.15335192687871313,2.734452532977732,359.9,12.49294370627902,103.10000000000002,0.6571472704410553,0.040266653551886064,0.014168637990951537,0.04475548537529974
0.17890863317491795,2.734452532977732,350.0,15.287005800515011,113.0,0.6645451426506043,0.03753357534455028,0.012251549959182739,0.03743370013999565
0.2044653394711228,2.734452532977732,346.1,15.082744274808782,116.89999999999998,0.6675524830818176,0.03525659491069966,0.010128575563430785,0.03530825826226068
0.23002204576732765,2.734452532977732,340.4,14.579559527755805,122.60000000000002,0.668805468082428,0.036331994702493174,0.018274885416030884,0.031787098152514154
0.2555787520635325,2.734452532977732,334.9,13.922225061589389,128.10000000000002,0.6681950151920318,0.03337934654735644,0.038954949378967284,0.034288758403224644
0.2811354583597373,2.734452532977732,329.7,15.081236264279372,133.3,0.6733738422393799,0.035011961350860404,0.04111532568931579,0.029286941952558366
0.3066921646559422,2.734452532977732,322.7,16.239459611323216,140.3,0.6754034757614136,0.032773222309504385,0.04537457823753357,0.03176883496932075
0.332248870952147,2.734452532977732,320.7,16.93196050668691,142.3,0.6763744652271271,0.03314437507737028,0.04530109763145447,0.03156662968872235
0.3578055772483518,2.734452532977732,313.5,19.275590908929008,149.5,0.6784869313240052,0.03703126251924337,0.061814552545547484,0.03606570223643708
0.3833622835445567,2.734452532977732,308.8,19.71180056301975,154.2,0.6784278571605682,0.03844006953135301,0.07047055959701538,0.031589674154750724
0.4089189898407615,2.734452532977732,306.2,20.294518387250204,156.8,0.6797777116298676,0.03947090667497645,0.08223537802696228,0.03252358918075118
0.43447569613696635,2.734452532977732,302.1,22.42073050645643,160.89999999999998,0.6831781387329101,0.041231498003109955,0.0850854218006134,0.03310904232542738
0.46003240243317123,2.734452532977732,297.9,23.288990696712546,165.10000000000002,0.6855805933475494,0.043361865402119296,0.09140840172767639,0.03324107956397688
0.48558910872937605,2.734452532977732,292.9,21.863488589452537,170.10000000000002,0.6888030529022217,0.04449701044711308,0.10681268572807312,0.05114037460856475
0.5111458150255809,2.734452532977732,288.9,21.649184170482112,174.10000000000002,0.6915765404701233,0.04304498656650829,0.12574324607849122,0.05100189399097646
0.5367025213217858,2.734452532977732,283.7,19.87911500103538,179.3,0.6967134296894073,0.03943156557999845,0.12912650108337403,0.05035116209316232
0.5622592276179905,2.734452532977732,279.4,18.679203350467336,183.60000000000002,0.6978570997714997,0.03970986121653984,0.1405374825000763,0.04643676552426415
0.5878159339141954,2.734452532977732,275.3,18.559648136009656,187.7,0.6987815916538238,0.04183453980566452,0.1501975953578949,0.04764121678939159
0.6133726402104003,2.734452532977732,270.8,18.826560526020636,192.2,0.70014728307724,0.042971511197935436,0.16439787149429322,0.04934582997347906
0.638929346506605,2.734452532977732,267.6,19.8795440358799,195.39999999999998,0.7016067862510681,0.04237447185593559,0.17067599892616273,0.0481197408835508
0.6644860528028099,2.734452532977732,261.6,20.741786887249408,201.39999999999998,0.7041027545928955,0.04596567671899903,0.17838174104690552,0.049356570050657876
0.6900427590990148,2.734452532977732,259.0,21.529483195555496,204.0,0.7039500057697297,0.046498886326885036,0.19495937824249268,0.048207088630049195
0.7155994653952196,2.734452532977732,254.7,22.10814218253167,208.3,0.7055731773376465,0.04407142840210587,0.2164599359035492,0.05926255247593282
0.7411561716914244,2.734452532977732,249.0,24.08014087037804,214.0,0.708664882183075,0.04470883913510719,0.22390385270118712,0.05790381660159275
0.7667128779876293,2.734452532977732,244.1,24.09772584482044,218.9,0.710038036108017,0.04447006010863846,0.25383217334747316,0.05241675430091729
0.7922695842838341,2.734452532977732,237.1,25.22291147372798,225.9,0.7100891411304474,0.04344688199716326,0.27042209506034853,0.05433322263397992
0.817826290580039,2.734452532977732,225.9,25.046460451737854,237.1,0.711605578660965,0.04575107365248058,0.28619199991226196,0.04987567763329813
0.8433829968762439,2.734452532977732,211.8,26.47099805887274,251.2,0.7225821435451507,0.046999639117363774,0.31112868785858155,0.039891486774956075
0.8689397031724486,2.734452532977732,196.5,28.15201849444038,266.5,0.7442052006721497,0.04954625255497032,0.32228686213493346,0.05719434266822062
0.8944964094686535,2.734452532977732,180.8,28.082352567738443,282.2,0.7543324112892151,0.04939323199492267,0.3630325853824615,0.053283135990384034
0.9200531157648584,2.734452532977732,148.8,32.528949526382036,314.2,0.7508766114711761,0.04456274882976569,0.43012039065361024,0.05943813081477996
0.9456098220610631,2.734452532977732,103.4,32.839306128581214,359.6,0.5717245519161225,0.21769942037106196,0.5156205952167511,0.03990190308679748
0.971166528357268,2.734452532977732,59.0,12.916105216362194,404.0,0.11115219593048095,0.3497882245863776,0.5612911999225616,0.02202636818492134
0.9967232346534729,2.734452532977732,0.1,0.2262157162854099,462.9,0.0,0.0,0.5924598097801208,0.030884182120714837
1.1689101484080311e-05,2.805860073432064,463.5,0.6952019510772304,-0.5,0.5924093365669251,0.030903201852725017,-0.6272724628448486,1.4189888948856064
0.02556839539768892,2.805860073432064,441.3,5.937893241960909,21.69999999999999,0.6070527493953705,0.037364008569345325,-0.10349938869476319,0.1989176694471508
0.05112510169389376,2.805860073432064,419.4,8.999481777643016,43.60000000000002,0.6187687516212463,0.03827262119031857,-0.03438991904258728,0.11487945835948496
0.0766818079900986,2.805860073432064,400.5,10.509499483118814,62.5,0.629602313041687,0.04264029421941291,-0.004045224189758301,0.0832969192066435
0.10223851428630344,2.805860073432064,378.4,10.004772080166704,84.60000000000002,0.6510709881782532,0.03628898008108511,9.274482727050781e-05,0.053345055187403664
0.12779522058250828,2.805860073432064,368.9,11.333133957084208,94.10000000000002,0.6561927855014801,0.03930106706634495,0.006591403484344482,0.04532855265021232
0.15335192687871313,2.805860073432064,359.9,12.49294370627902,103.10000000000002,0.6571472704410553,0.040266653551886064,0.014168637990951537,0.04475548537529974
0.17890863317491795,2.805860073432064,350.0,15.287005800515011,113.0,0.6645451426506043,0.03753357534455028,0.012251549959182739,0.03743370013999565
0.2044653394711228,2.805860073432064,346.1,15.082744274808782,116.89999999999998,0.6675524830818176,0.03525659491069966,0.010128575563430785,0.03530825826226068
0.23002204576732765,2.805860073432064,340.4,14.579559527755805,122.60000000000002,0.668805468082428,0.036331994702493174,0.018274885416030884,0.031787098152514154
0.2555787520635325,2.805860073432064,334.9,13.922225061589389,128.10000000000002,0.6681950151920318,0.03337934654735644,0.038954949378967284,0.034288758403224644
0.2811354583597373,2.805860073432064,329.7,15.081236264279372,133.3,0.6733738422393799,0.035011961350860404,0.04111532568931579,0.029286941952558366
0.3066921646559422,2.805860073432064,322.7,16.239459611323216,140.3,0.6754034757614136,0.032773222309504385,0.04537457823753357,0.03176883496932075
0.332248870952147,2.805860073432064,320.7,16.93196050668691,142.3,0.6763744652271271,0.03314437507737028,0.04530109763145447,0.03156662968872235
0.3578055772483518,2.805860073432064,313.5,19.275590908929008,149.5,0.6784869313240052,0.03703126251924337,0.061814552545547484,0.03606570223643708
0.3833622835445567,2.805860073432064,308.8,19.71180056301975,154.2,0.6784278571605682,0.03844006953135301,0.07047055959701538,0.031589674154750724
0.4089189898407615,2.805860073432064,306.2,20.294518387250204,156.8,0.6797777116298676,0.03947090667497645,0.08223537802696228,0.03252358918075118
0.43447569613696635,2.805860073432064,302.1,22.42073050645643,160.89999999999998,0.6831781387329101,0.041231498003109955,0.0850854218006134,0.03310904232542738
0.46003240243317123,2.805860073432064,297.9,23.288990696712546,165.10000000000002,0.6855805933475494,0.043361865402119296,0.09140840172767639,0.03324107956397688
0.48558910872937605,2.805860073432064,292.9,21.863488589452537,170.10000000000002,0.6888030529022217,0.04449701044711308,0.10681268572807312,0.05114037460856475
0.5111458150255809,2.805860073432064,288.9,21.649184170482112,174.10000000000002,0.6915765404701233,0.04304498656650829,0.12574324607849122,0.05100189399097646
0.5367025213217858,2.805860073432064,283.7,19.87911500103538,179.3,0.6967134296894073,0.03943156557999845,0.12912650108337403,0.05035116209316232
0.5622592276179905,2.805860073432064,279.4,18.679203350467336,183.60000000000002,0.6978570997714997,0.03970986121653984,0.1405374825000763,0.04643676552426415
0.5878159339141954,2.805860073432064,275.3,18.559648136009656,187.7,0.6987815916538238,0.04183453980566452,0.1501975953578949,0.04764121678939159
0.6133726402104003,2.805860073432064,270.8,18.826560526020636,192.2,0.70014728307724,0.042971511197935436,0.16439787149429322,0.04934582997347906
0.638929346506605,2.805860073432064,267.6,19.8795440358799,195.39999999999998,0.7016067862510681,0.04237447185593559,0.17067599892616273,0.0481197408835508
0.6644860528028099,2.805860073432064,261.6,20.741786887249408,201.39999999999998,0.7041027545928955,0.04596567671899903,0.17838174104690552,0.049356570050657876
0.6900427590990148,2.805860073432064,259.0,21.529483195555496,204.0,0.7039500057697297,0.046498886326885036,0.19495937824249268,0.048207088630049195
0.7155994653952196,2.805860073432064,254.7,22.10814218253167,208.3,0.7055731773376465,0.04407142840210587,0.2164599359035492,0.05926255247593282
0.7411561716914244,2.805860073432064,249.0,24.08014087037804,214.0,0.708664882183075,0.04470883913510719,0.22390385270118712,0.05790381660159275
0.7667128779876293,2.805860073432064,244.1,24.09772584482044,218.9,0.710038036108017,0.04447006010863846,0.25383217334747316,0.05241675430091729
0.7922695842838341,2.805860073432064,237.1,25.22291147372798,225.9,0.7100891411304474,0.04344688199716326,0.27042209506034853,0.05433322263397992
0.817826290580039,2.805860073432064,225.9,25.046460451737854,237.1,0.711605578660965,0.04575107365248058,0.28619199991226196,0.04987567763329813
0.8433829968762439,2.805860073432064,211.8,26.47099805887274,251.2,0.7225821435451507,0.046999639117363774,0.31112868785858155,0.039891486774956075
0.8689397031724486,2.805860073432064,196.5,28.15201849444038,266.5,0.7442052006721497,0.04954625255497032,0.32228686213493346,0.05719434266822062
0.8944964094686535,2.805860073432064,180.8,28.082352567738443,282.2,0.7543324112892151,0.04939323199492267,0.3630325853824615,0.053283135990384034
0.9200531157648584,2.805860073432064,148.8,32.528949526382036,314.2,0.7508766114711761,0.04456274882976569,0.43012039065361024,0.05943813081477996
0.9456098220610631,2.805860073432064,103.4,32.839306128581214,359.6,0.5717245519161225,0.21769942037106196,0.5156205952167511,0.03990190308679748
0.971166528357268,2.805860073432064,59.0,12.916105216362194,404.0,0.11115219593048095,0.3497882245863776,0.5612911999225616,0.02202636818492134
0.9967232346534729,2.805860073432064,0.1,0.2262157162854099,462.9,0.0,0.0,0.5924598097801208,0.030884182120714837
1.1689101484080311e-05,2.877267613886396,463.5,0.6952019510772304,-0.5,0.5924093365669251,0.030903201852725017,-0.6272724628448486,1.4189888948856064
0.02556839539768892,2.877267613886396,441.3,5.937893241960909,21.69999999999999,0.6070527493953705,0.037364008569345325,-0.10349938869476319,0.1989176694471508
0.05112510169389376,2.877267613886396,419.4,8.999481777643016,43.60000000000002,0.6187687516212463,0.03827262119031857,-0.03438991904258728,0.11487945835948496
0.0766818079900986,2.877267613886396,400.5,10.509499483118814,62.5,0.629602313041687,0.04264029421941291,-0.004045224189758301,0.0832969192066435
0.10223851428630344,2.877267613886396,378.4,10.004772080166704,84.60000000000002,0.6510709881782532,0.03628898008108511,9.274482727050781e-05,0.053345055187403664
0.12779522058250828,2.877267613886396,368.9,11.333133957084208,94.10000000000002,0.6561927855014801,0.03930106706634495,0.006591403484344482,0.04532855265021232
0.15335192687871313,2.877267613886396,359.9,12.49294370627902,103.10000000000002,0.6571472704410553,0.040266653551886064,0.014168637990951537,0.04475548537529974
0.17890863317491795,2.877267613886396,350.0,15.287005800515011,113.0,0.6645451426506043,0.03753357534455028,0.012251549959182739,0.03743370013999565
0.2044653394711228,2.877267613886396,346.1,15.082744274808782,116.89999999999998,0.6675524830818176,0.03525659491069966,0.010128575563430785,0.03530825826226068
0.23002204576732765,2.877267613886396,340.4,14.579559527755805,122.60000000000002,0.668805468082428,0.036331994702493174,0.018274885416030884,0.031787098152514154
0.2555787520635325,2.877267613886396,334.9,13.922225061589389,128.10000000000002,0.6681950151920318,0.03337934654735644,0.038954949378967284,0.034288758403224644
0.2811354583597373,2.877267613886396,329.7,15.081236264279372,133.3,0.6733738422393799,0.035011961350860404,0.04111532568931579,0.029286941952558366
0.3066921646559422,2.877267613886396,322.7,16.239459611323216,140.3,0.6754034757614136,0.032773222309504385,0.04537457823753357,0.03176883496932075
0.332248870952147,2.877267613886396,320.7,16.93196050668691,142.3,0.6763744652271271,0.03314437507737028,0.04530109763145447,0.03156662968872235
0.3578055772483518,2.877267613886396,313.5,19.275590908929008,149.5,0.6784869313240052,0.03703126251924337,0.061814552545547484,0.03606570223643708
0.3833622835445567,2.877267613886396,308.8,19.71180056301975,154.2,0.6784278571605682,0.03844006953135301,0.07047055959701538,0.031589674154750724
0.4089189898407615,2.877267613886396,306.2,20.294518387250204,156.8,0.6797777116298676,0.03947090667497645,0.08223537802696228,0.03252358918075118
0.43447569613696635,2.877267613886396,302.1,22.42073050645643,160.89999999999998,0.6831781387329101,0.041231498003109955,0.0850854218006134,0.03310904232542738
0.46003240243317123,2.877267613886396,297.9,23.288990696712546,165.10000000000002,0.6855805933475494,0.043361865402119296,0.09140840172767639,0.03324107956397688
0.48558910872937605,2.877267613886396,292.9,21.863488589452537,170.10000000000002,0.6888030529022217,0.04449701044711308,0.10681268572807312,0.05114037460856475
0.5111458150255809,2.877267613886396,288.9,21.649184170482112,174.10000000000002,0.6915765404701233,0.04304498656650829,0.12574324607849122,0.05100189399097646
0.5367025213217858,2.877267613886396,283.7,19.87911500103538,179.3,0.6967134296894073,0.03943156557999845,0.12912650108337403,0.05035116209316232
0.5622592276179905,2.877267613886396,279.4,18.679203350467336,183.60000000000002,0.6978570997714997,0.03970986121653984,0.1405374825000763,0.04643676552426415
0.5878159339141954,2.877267613886396,275.3,18.559648136009656,187.7,0.6987815916538238,0.04183453980566452,0.1501975953578949,0.04764121678939159
0.6133726402104003,2.877267613886396,270.8,18.826560526020636,192.2,0.70014728307724,0.042971511197935436,0.16439787149429322,0.04934582997347906
0.638929346506605,2.877267613886396,267.6,19.8795440358799,195.39999999999998,0.7016067862510681,0.04237447185593559,0.17067599892616273,0.0481197408835508
0.6644860528028099,2.877267613886396,261.6,20.741786887249408,201.39999999999998,0.7041027545928955,0.04596567671899903,0.17838174104690552,0.049356570050657876
0.6900427590990148,2.877267613886396,259.0,21.529483195555496,204.0,0.7039500057697297,0.046498886326885036,0.19495937824249268,0.048207088630049195
0.7155994653952196,2.877267613886396,254.7,22.10814218253167,208.3,0.7055731773376465,0.04407142840210587,0.2164599359035492,0.05926255247593282
0.7411561716914244,2.877267613886396,249.0,24.08014087037804,214.0,0.708664882183075,0.04470883913510719,0.22390385270118712,0.05790381660159275
0.7667128779876293,2.877267613886396,244.1,24.09772584482044,218.9,0.710038036108017,0.04447006010863846,0.25383217334747316,0.05241675430091729
0.7922695842838341,2.877267613886396,237.1,25.22291147372798,225.9,0.7100891411304474,0.04344688199716326,0.27042209506034853,0.05433322263397992
0.817826290580039,2.877267613886396,225.9,25.046460451737854,237.1,0.711605578660965,0.04575107365248058,0.28619199991226196,0.04987567763329813
0.8433829968762439,2.877267613886396,211.8,26.47099805887274,251.2,0.7225821435451507,0.046999639117363774,0.31112868785858155,0.039891486774956075
0.8689397031724486,2.877267613886396,196.5,28.15201849444038,266.5,0.7442052006721497,0.04954625255497032,0.32228686213493346,0.05719434266822062
0.8944964094686535,2.877267613886396,180.8,28.082352567738443,282.2,0.7543324112892151,0.04939323199492267,0.3630325853824615,0.053283135990384034
0.9200531157648584,2.877267613886396,148.8,32.528949526382036,314.2,0.7508766114711761,0.04456274882976569,0.43012039065361024,0.05943813081477996
0.9456098220610631,2.877267613886396,103.4,32.839306128581214,359.6,0.5717245519161225,0.21769942037106196,0.5156205952167511,0.03990190308679748
0.971166528357268,2.877267613886396,59.0,12.916105216362194,404.0,0.11115219593048095,0.3497882245863776,0.5612911999225616,0.02202636818492134
0.9967232346534729,2.877267613886396,0.1,0.2262157162854099,462.9,0.0,0.0,0.5924598097801208,0.030884182120714837
1.1689101484080311e-05,2.948675154340728,463.5,0.6952019510772304,-0.5,0.5924093365669251,0.030903201852725017,-0.6272724628448486,1.4189888948856064
0.02556839539768892,2.948675154340728,441.3,5.937893241960909,21.69999999999999,0.6070527493953705,0.037364008569345325,-0.10349938869476319,0.1989176694471508
0.05112510169389376,2.948675154340728,419.4,8.999481777643016,43.60000000000002,0.6187687516212463,0.03827262119031857,-0.03438991904258728,0.11487945835948496
0.0766818079900986,2.948675154340728,400.5,10.509499483118814,62.5,0.629602313041687,0.04264029421941291,-0.004045224189758301,0.0832969192066435
0.10223851428630344,2.948675154340728,378.4,10.004772080166704,84.60000000000002,0.6510709881782532,0.03628898008108511,9.274482727050781e-05,0.053345055187403664
0.12779522058250828,2.948675154340728,368.9,11.333133957084208,94.10000000000002,0.6561927855014801,0.03930106706634495,0.006591403484344482,0.04532855265021232
0.15335192687871313,2.948675154340728,359.9,12.49294370627902,103.10000000000002,0.6571472704410553,0.040266653551886064,0.014168637990951537,0.04475548537529974
0.17890863317491795,2.948675154340728,350.0,15.287005800515011,113.0,0.6645451426506043,0.03753357534455028,0.012251549959182739,0.03743370013999565
0.2044653394711228,2.948675154340728,346.1,15.082744274808782,116.89999999999998,0.6675524830818176,0.03525659491069966,0.010128575563430785,0.03530825826226068
0.23002204576732765,2.948675154340728,340.4,14.579559527755805,122.60000000000002,0.668805468082428,0.036331994702493174,0.018274885416030884,0.031787098152514154
0.2555787520635325,2.948675154340728,334.9,13.922225061589389,128.10000000000002,0.6681950151920318,0.03337934654735644,0.038954949378967284,0.034288758403224644
0.2811354583597373,2.948675154340728,329.7,15.081236264279372,133.3,0.6733738422393799,0.035011961350860404,0.04111532568931579,0.029286941952558366
0.3066921646559422,2.948675154340728,322.7,16.239459611323216,140.3,0.6754034757614136,0.032773222309504385,0.04537457823753357,0.03176883496932075
0.332248870952147,2.948675154340728,320.7,16.93196050668691,142.3,0.6763744652271271,0.03314437507737028,0.04530109763145447,0.03156662968872235
0.3578055772483518,2.948675154340728,313.5,19.275590908929008,149.5,0.6784869313240052,0.03703126251924337,0.061814552545547484,0.03606570223643708
0.3833622835445567,2.948675154340728,308.8,19.71180056301975,154.2,0.6784278571605682,0.03844006953135301,0.07047055959701538,0.031589674154750724
0.4089189898407615,2.948675154340728,306.2,20.294518387250204,156.8,0.6797777116298676,0.03947090667497645,0.08223537802696228,0.03252358918075118
0.43447569613696635,2.948675154340728,302.1,22.42073050645643,160.89999999999998,0.6831781387329101,0.041231498003109955,0.0850854218006134,0.03310904232542738
0.46003240243317123,2.948675154340728,297.9,23.288990696712546,165.10000000000002,0.6855805933475494,0.043361865402119296,0.09140840172767639,0.03324107956397688
0.48558910872937605,2.948675154340728,292.9,21.863488589452537,170.10000000000002,0.6888030529022217,0.04449701044711308,0.10681268572807312,0.05114037460856475
0.5111458150255809,2.948675154340728,288.9,21.649184170482112,174.10000000000002,0.6915765404701233,0.04304498656650829,0.12574324607849122,0.05100189399097646
0.5367025213217858,2.948675154340728,283.7,19.87911500103538,179.3,0.6967134296894073,0.03943156557999845,0.12912650108337403,0.05035116209316232
0.5622592276179905,2.948675154340728,279.4,18.679203350467336,183.60000000000002,0.6978570997714997,0.03970986121653984,0.1405374825000763,0.04643676552426415
0.5878159339141954,2.948675154340728,275.3,18.559648136009656,187.7,0.6987815916538238,0.04183453980566452,0.1501975953578949,0.04764121678939159
0.6133726402104003,2.948675154340728,270.8,18.826560526020636,192.2,0.70014728307724,0.042971511197935436,0.16439787149429322,0.04934582997347906
0.638929346506605,2.948675154340728,267.6,19.8795440358799,195.39999999999998,0.7016067862510681,0.04237447185593559,0.17067599892616273,0.0481197408835508
0.6644860528028099,2.948675154340728,261.6,20.741786887249408,201.39999999999998,0.7041027545928955,0.04596567671899903,0.17838174104690552,0.049356570050657876
0.6900427590990148,2.948675154340728,259.0,21.529483195555496,204.0,0.7039500057697297,0.046498886326885036,0.19495937824249268,0.048207088630049195
0.7155994653952196,2.948675154340728,254.7,22.10814218253167,208.3,0.7055731773376465,0.04407142840210587,0.2164599359035492,0.05926255247593282
0.7411561716914244,2.948675154340728,249.0,24.08014087037804,214.0,0.708664882183075,0.04470883913510719,0.22390385270118712,0.05790381660159275
0.7667128779876293,2.948675154340728,244.1,24.09772584482044,218.9,0.710038036108017,0.04447006010863846,0.25383217334747316,0.05241675430091729
0.7922695842838341,2.948675154340728,237.1,25.22291147372798,225.9,0.7100891411304474,0.04344688199716326,0.27042209506034853,0.05433322263397992
0.817826290580039,2.948675154340728,225.9,25.046460451737854,237.1,0.711605578660965,0.04575107365248058,0.28619199991226196,0.04987567763329813
0.8433829968762439,2.948675154340728,211.8,26.47099805887274,251.2,0.7225821435451507,0.046999639117363774,0.31112868785858155,0.039891486774956075
0.8689397031724486,2.948675154340728,196.5,28.15201849444038,266.5,0.7442052006721497,0.04954625255497032,0.32228686213493346,0.05719434266822062
0.8944964094686535,2.948675154340728,180.8,28.082352567738443,282.2,0.7543324112892151,0.04939323199492267,0.3630325853824615,0.053283135990384034
0.9200531157648584,2.948675154340728,148.8,32.528949526382036,314.2,0.7508766114711761,0.04456274882976569,0.43012039065361024,0.05943813081477996
0.9456098220610631,2.948675154340728,103.4,32.839306128581214,359.6,0.5717245519161225,0.21769942037106196,0.5156205952167511,0.03990190308679748
0.971166528357268,2.948675154340728,59.0,12.916105216362194,404.0,0.11115219593048095,0.3497882245863776,0.5612911999225616,0.02202636818492134
0.9967232346534729,2.948675154340728,0.1,0.2262157162854099,462.9,0.0,0.0,0.5924598097801208,0.030884182120714837
1.1689101484080311e-05,3.02008269479506,463.8,0.30162095504721326,-0.8000000000000114,0.5925504624843597,0.030898353499408542,0.0,0.0
0.02556839539768892,3.02008269479506,441.3,5.937893241960909,21.69999999999999,0.6070527493953705,0.037364008569345325,-0.10349938869476319,0.1989176694471508
0.05112510169389376,3.02008269479506,419.4,8.999481777643016,43.60000000000002,0.6187687516212463,0.03827262119031857,-0.03438991904258728,0.11487945835948496
0.0766818079900986,3.02008269479506,400.5,10.509499483118814,62.5,0.629602313041687,0.04264029421941291,-0.004045224189758301,0.0832969192066435
0.10223851428630344,3.02008269479506,378.4,10.004772080166704,84.60000000000002,0.6510709881782532,0.03628898008108511,9.274482727050781e-05,0.053345055187403664
0.12779522058250828,3.02008269479506,368.9,11.333133957084208,94.10000000000002,0.6561927855014801,0.03930106706634495,0.006591403484344482,0.04532855265021232
0.15335192687871313,3.02008269479506,359.9,12.49294370627902,103.10000000000002,0.6571472704410553,0.040266653551886064,0.014168637990951537,0.04475548537529974
0.17890863317491795,3.02008269479506,350.0,15.287005800515011,113.0,0.6645451426506043,0.03753357534455028,0.012251549959182739,0.03743370013999565
0.2044653394711228,3.02008269479506,346.1,15.082744274808782,116.89999999999998,0.6675524830818176,0.03525659491069966,0.010128575563430785,0.03530825826226068
0.23002204576732765,3.02008269479506,340.4,14.579559527755805,122.60000000000002,0.668805468082428,0.036331994702493174,0.018274885416030884,0.031787098152514154
0.2555787520635325,3.02008269479506,334.9,13.922225061589389,128.10000000000002,0.6681950151920318,0.03337934654735644,0.038954949378967284,0.034288758403224644
0.2811354583597373,3.02008269479506,329.7,15.081236264279372,133.3,0.6733738422393799,0.035011961350860404,0.04111532568931579,0.029286941952558366
0.3066921646559422,3.02008269479506,322.7,16.239459611323216,140.3,0.6754034757614136,0.032773222309504385,0.04537457823753357,0.03176883496932075
0.332248870952147,3.02008269479506,320.7,16.93196050668691,142.3,0.6763744652271271,0.03314437507737028,0.04530109763145447,0.03156662968872235
0.3578055772483518,3.02008269479506,313.5,19.275590908929008,149.5,0.6784869313240052,0.03703126251924337,0.061814552545547484,0.03606570223643708
0.3833622835445567,3.02008269479506,308.8,19.71180056301975,154.2,0.6784278571605682,0.03844006953135301,0.07047055959701538,0.031589674154750724
0.4089189898407615,3.02008269479506,306.2,20.294518387250204,156.8,0.6797777116298676,0.03947090667497645,0.08223537802696228,0.03252358918075118
0.43447569613696635,3.02008269479506,302.1,22.42073050645643,160.89999999999998,0.6831781387329101,0.041231498003109955,0.0850854218006134,0.03310904232542738
0.46003240243317123,3.02008269479506,297.9,23.288990696712546,165.10000000000002,0.6855805933475494,0.043361865402119296,0.09140840172767639,0.03324107956397688
0.48558910872937605,3.02008269479506,292.9,21.863488589452537,170.10000000000002,0.6888030529022217,0.04449701044711308,0.10681268572807312,0.05114037460856475
0.5111458150255809,3.02008269479506,288.9,21.649184170482112,174.10000000000002,0.6915765404701233,0.04304498656650829,0.12574324607849122,0.05100189399097646
0.5367025213217858,3.02008269479506,283.7,19.87911500103538,179.3,0.6967134296894073,0.03943156557999845,0.12912650108337403,0.05035116209316232
0.5622592276179905,3.02008269479506,279.4,18.679203350467336,183.60000000000002,0.6978570997714997,0.03970986121653984,0.1405374825000763,0.04643676552426415
0.5878159339141954,3.02008269479506,275.3,18.559648136009656,187.7,0.6987815916538238,0.04183453980566452,0.1501975953578949,0.04764121678939159
0.6133726402104003,3.02008269479506,270.8,18.826560526020636,192.2,0.70014728307724,0.042971511197935436,0.16439787149429322,0.04934582997347906
0.638929346506605,3.02008269479506,267.6,19.8795440358799,195.39999999999998,0.7016067862510681,0.04237447185593559,0.17067599892616273,0.0481197408835508
0.6644860528028099,3.02008269479506,261.6,20.741786887249408,201.39999999999998,0.7041027545928955,0.04596567671899903,0.17838174104690552,0.049356570050657876
0.6900427590990148,3.02008269479506,259.0,21.529483195555496,204.0,0.7039500057697297,0.046498886326885036,0.19495937824249268,0.048207088630049195
0.7155994653952196,3.02008269479506,254.7,22.10814218253167,208.3,0.7055731773376465,0.04407142840210587,0.2164599359035492,0.05926255247593282
0.7411561716914244,3.02008269479506,249.0,24.08014087037804,214.0,0.708664882183075,0.04470883913510719,0.22390385270118712,0.05790381660159275
0.7667128779876293,3.02008269479506,244.1,24.09772584482044,218.9,0.710038036108017,0.04447006010863846,0.25383217334747316,0.05241675430091729
0.7922695842838341,3.02008269479506,237.1,25.22291147372798,225.9,0.7100891411304474,0.04344688199716326,0.27042209506034853,0.05433322263397992
0.817826290580039,3.02008269479506,225.9,25.046460451737854,237.1,0.711605578660965,0.04575107365248058,0.28619199991226196,0.04987567763329813
0.8433829968762439,3.02008269479506,211.8,26.47099805887274,251.2,0.7225821435451507,0.046999639117363774,0.31112868785858155,0.039891486774956075
0.8689397031724486,3.02008269479506,196.5,28.15201849444038,266.5,0.7442052006721497,0.04954625255497032,0.32228686213493346,0.05719434266822062
0.8944964094686535,3.02008269479506,180.8,28.082352567738443,282.2,0.7543324112892151,0.04939323199492267,0.3630325853824615,0.053283135990384034
0.9200531157648584,3.02008269479506,148.8,32.528949526382036,314.2,0.7508766114711761,0.04456274882976569,0.43012039065361024,0.05943813081477996
0.9456098220610631,3.02008269479506,103.4,32.839306128581214,359.6,0.5717245519161225,0.21769942037106196,0.5156205952167511,0.03990190308679748
0.971166528357268,3.02008269479506,59.0,12.916105216362194,404.0,0.11115219593048095,0.3497882245863776,0.5612911999225616,0.02202636818492134
0.9967232346534729,3.02008269479506,0.1,0.2262157162854099,462.9,0.0,0.0,0.5924598097801208,0.030884182120714837
