rho_th,IA_th,count_in,count_in_CI,count_out,r2_in,r2in_CI,r2_out,r2out_CI
0.04835055023431778,0.6169608994602257,0.1,0.2262157162854099,2689.9,0.0,0.0,0.7092022597789764,0.01656902643230443
0.06874474004293099,0.6169608994602257,0.1,0.2262157162854099,2689.9,0.0,0.0,0.7092022597789764,0.01656902643230443
0.0891389298515442,0.6169608994602257,0.1,0.2262157162854099,2689.9,0.0,0.0,0.7092022597789764,0.01656902643230443
0.10953311966015743,0.6169608994602257,0.1,0.2262157162854099,2689.9,0.0,0.0,0.7092022597789764,0.01656902643230443
0.12992730946877062,0.6169608994602257,0.1,0.2262157162854099,2689.9,0.0,0.0,0.7092022597789764,0.01656902643230443
0.15032149927738386,0.6169608994602257,0.1,0.2262157162854099,2689.9,0.0,0.0,0.7092022597789764,0.01656902643230443
0.17071568908599707,0.6169608994602257,0.1,0.2262157162854099,2689.9,0.0,0.0,0.7092022597789764,0.01656902643230443
0.19110987889461029,0.6169608994602257,0.1,0.2262157162854099,2689.9,0.0,0.0,0.7092022597789764,0.01656902643230443
0.2115040687032235,0.6169608994602257,0.1,0.2262157162854099,2689.9,0.0,0.0,0.7092022597789764,0.01656902643230443
0.2318982585118367,0.6169608994602257,0.1,0.2262157162854099,2689.9,0.0,0.0,0.7092022597789764,0.01656902643230443
0.25229244832044995,0.6169608994602257,0.1,0.2262157162854099,2689.9,0.0,0.0,0.7092022597789764,0.01656902643230443
0.27268663812906313,0.6169608994602257,0.1,0.2262157162854099,2689.9,0.0,0.0,0.7092022597789764,0.01656902643230443
0.29308082793767637,0.6169608994602257,0.1,0.2262157162854099,2689.9,0.0,0.0,0.7092022597789764,0.01656902643230443
0.31347501774628955,0.6169608994602257,0.0,0.0,2690.0,0.0,0.0,0.7092165648937225,0.016541497630791494
0.3338692075549028,0.6169608994602257,0.0,0.0,2690.0,0.0,0.0,0.7092165648937225,0.016541497630791494
0.354263397363516,0.6169608994602257,0.0,0.0,2690.0,0.0,0.0,0.7092165648937225,0.016541497630791494
0.3746575871721292,0.6169608994602257,0.0,0.0,2690.0,0.0,0.0,0.7092165648937225,0.016541497630791494
0.39505177698074245,0.6169608994602257,0.0,0.0,2690.0,0.0,0.0,0.7092165648937225,0.016541497630791494
0.41544596678935564,0.6169608994602257,0.0,0.0,2690.0,0.0,0.0,0.7092165648937225,0.016541497630791494
0.4358401565979689,0.6169608994602257,0.0,0.0,2690.0,0.0,0.0,0.7092165648937225,0.016541497630791494
0.45623434640658206,0.6169608994602257,0.0,0.0,2690.0,0.0,0.0,0.7092165648937225,0.016541497630791494
0.4766285362151953,0.6169608994602257,0.0,0.0,2690.0,0.0,0.0,0.7092165648937225,0.016541497630791494
0.4970227260238085,0.6169608994602257,0.0,0.0,2690.0,0.0,0.0,0.7092165648937225,0.016541497630791494
0.5174169158324218,0.6169608994602257,0.0,0.0,2690.0,0.0,0.0,0.7092165648937225,0.016541497630791494
0.537811105641035,0.6169608994602257,0.0,0.0,2690.0,0.0,0.0,0.7092165648937225,0.016541497630791494
0.5582052954496481,0.6169608994602257,0.0,0.0,2690.0,0.0,0.0,0.7092165648937225,0.016541497630791494
0.5785994852582613,0.6169608994602257,0.0,0.0,2690.0,0.0,0.0,0.7092165648937225,0.016541497630791494
0.5989936750668746,0.6169608994602257,0.0,0.0,2690.0,0.0,0.0,0.7092165648937225,0.016541497630791494
0.6193878648754878,0.6169608994602257,0.0,0.0,2690.0,0.0,0.0,0.7092165648937225,0.016541497630791494
0.639782054684101,0.6169608994602257,0.0,0.0,2690.0,0.0,0.0,0.7092165648937225,0.016541497630791494
0.6601762444927142,0.6169608994602257,0.0,0.0,2690.0,0.0,0.0,0.7092165648937225,0.016541497630791494
0.6805704343013275,0.6169608994602257,0.0,0.0,2690.0,0.0,0.0,0.7092165648937225,0.016541497630791494
0.7009646241099406,0.6169608994602257,0.0,0.0,2690.0,0.0,0.0,0.7092165648937225,0.016541497630791494
0.7213588139185538,0.6169608994602257,0.0,0.0,2690.0,0.0,0.0,0.7092165648937225,0.016541497630791494
0.7417530037271671,0.6169608994602257,0.0,0.0,2690.0,0.0,0.0,0.7092165648937225,0.016541497630791494
0.7621471935357803,0.6169608994602257,0.0,0.0,2690.0,0.0,0.0,0.7092165648937225,0.016541497630791494
0.7825413833443935,0.6169608994602257,0.0,0.0,2690.0,0.0,0.0,0.7092165648937225,0.016541497630791494
0.8029355731530067,0.6169608994602257,0.0,0.0,2690.0,0.0,0.0,0.7092165648937225,0.016541497630791494
0.82332976296162,0.6169608994602257,0.0,0.0,2690.0,0.0,0.0,0.7092165648937225,0.016541497630791494
0.8437239527702332,0.6169608994602257,0.0,0.0,2690.0,0.0,0.0,0.7092165648937225,0.016541497630791494
0.04835055023431778,0.6441507807674864,51.5,86.43772609081577,2638.5,-0.003911858797073365,0.0310129560621456,0.7031716346740723,0.027012066406735622
0.06874474004293099,0.6441507807674864,51.5,86.43772609081577,2638.5,-0.003911858797073365,0.0310129560621456,0.7031716346740723,0.027012066406735622
0.0891389298515442,0.6441507807674864,51.5,86.43772609081577,2638.5,-0.003911858797073365,0.0310129560621456,0.7031716346740723,0.027012066406735622
0.10953311966015743,0.6441507807674864,51.5,86.43772609081577,2638.5,-0.003911858797073365,0.0310129560621456,0.7031716346740723,0.027012066406735622
0.12992730946877062,0.6441507807674864,51.5,86.43772609081577,2638.5,-0.003911858797073365,0.0310129560621456,0.7031716346740723,0.027012066406735622
0.15032149927738386,0.6441507807674864,51.5,86.43772609081577,2638.5,-0.003911858797073365,0.0310129560621456,0.7031716346740723,0.027012066406735622
0.17071568908599707,0.6441507807674864,51.5,86.43772609081577,2638.5,-0.003911858797073365,0.0310129560621456,0.7031716346740723,0.027012066406735622
0.19110987889461029,0.6441507807674864,51.5,86.43772609081577,2638.5,-0.003911858797073365,0.0310129560621456,0.7031716346740723,0.027012066406735622
0.2115040687032235,0.6441507807674864,51.5,86.43772609081577,2638.5,-0.003911858797073365,0.0310129560621456,0.7031716346740723,0.027012066406735622
0.2318982585118367,0.6441507807674864,51.5,86.43772609081577,2638.5,-0.003911858797073365,0.0310129560621456,0.7031716346740723,0.027012066406735622
0.25229244832044995,0.6441507807674864,51.5,86.43772609081577,2638.5,-0.003911858797073365,0.0310129560621456,0.7031716346740723,0.027012066406735622
0.27268663812906313,0.6441507807674864,51.5,86.43772609081577,2638.5,-0.003911858797073365,0.0310129560621456,0.7031716346740723,0.027012066406735622
0.29308082793767637,0.6441507807674864,51.5,86.43772609081577,2638.5,-0.003911858797073365,0.0310129560621456,0.7031716346740723,0.027012066406735622
0.31347501774628955,0.6441507807674864,48.0,79.16113649427818,2642.0,-0.006476390361785889,0.02788879305751619,0.7040099859237671,0.025257119656400387
0.3338692075549028,0.6441507807674864,11.1,25.109944507680503,2678.9,0.03919720053672791,0.08867022795798757,0.7077651798725129,0.01941066778523022
0.354263397363516,0.6441507807674864,0.0,0.0,2690.0,0.0,0.0,0.7092165648937225,0.016541497630791494
0.3746575871721292,0.6441507807674864,0.0,0.0,2690.0,0.0,0.0,0.7092165648937225,0.016541497630791494
0.39505177698074245,0.6441507807674864,0.0,0.0,2690.0,0.0,0.0,0.7092165648937225,0.016541497630791494
0.41544596678935564,0.6441507807674864,0.0,0.0,2690.0,0.0,0.0,0.7092165648937225,0.016541497630791494
0.4358401565979689,0.6441507807674864,0.0,0.0,2690.0,0.0,0.0,0.7092165648937225,0.016541497630791494
0.45623434640658206,0.6441507807674864,0.0,0.0,2690.0,0.0,0.0,0.7092165648937225,0.016541497630791494
0.4766285362151953,0.6441507807674864,0.0,0.0,2690.0,0.0,0.0,0.7092165648937225,0.016541497630791494
0.4970227260238085,0.6441507807674864,0.0,0.0,2690.0,0.0,0.0,0.7092165648937225,0.016541497630791494
0.5174169158324218,0.6441507807674864,0.0,0.0,2690.0,0.0,0.0,0.7092165648937225,0.016541497630791494
0.537811105641035,0.6441507807674864,0.0,0.0,2690.0,0.0,0.0,0.7092165648937225,0.016541497630791494
0.5582052954496481,0.6441507807674864,0.0,0.0,2690.0,0.0,0.0,0.7092165648937225,0.016541497630791494
0.5785994852582613,0.6441507807674864,0.0,0.0,2690.0,0.0,0.0,0.7092165648937225,0.016541497630791494
0.5989936750668746,0.6441507807674864,0.0,0.0,2690.0,0.0,0.0,0.7092165648937225,0.016541497630791494
0.6193878648754878,0.6441507807674864,0.0,0.0,2690.0,0.0,0.0,0.7092165648937225,0.016541497630791494
0.639782054684101,0.6441507807674864,0.0,0.0,2690.0,0.0,0.0,0.7092165648937225,0.016541497630791494
0.6601762444927142,0.6441507807674864,0.0,0.0,2690.0,0.0,0.0,0.7092165648937225,0.016541497630791494
0.6805704343013275,0.6441507807674864,0.0,0.0,2690.0,0.0,0.0,0.7092165648937225,0.016541497630791494
0.7009646241099406,0.6441507807674864,0.0,0.0,2690.0,0.0,0.0,0.7092165648937225,0.016541497630791494
0.7213588139185538,0.6441507807674864,0.0,0.0,2690.0,0.0,0.0,0.7092165648937225,0.016541497630791494
0.7417530037271671,0.6441507807674864,0.0,0.0,2690.0,0.0,0.0,0.7092165648937225,0.016541497630791494
0.7621471935357803,0.6441507807674864,0.0,0.0,2690.0,0.0,0.0,0.7092165648937225,0.016541497630791494
0.7825413833443935,0.6441507807674864,0.0,0.0,2690.0,0.0,0.0,0.7092165648937225,0.016541497630791494
0.8029355731530067,0.6441507807674864,0.0,0.0,2690.0,0.0,0.0,0.7092165648937225,0.016541497630791494
0.82332976296162,0.6441507807674864,0.0,0.0,2690.0,0.0,0.0,0.7092165648937225,0.016541497630791494
0.8437239527702332,0.6441507807674864,0.0,0.0,2690.0,0.0,0.0,0.7092165648937225,0.016541497630791494
0.04835055023431778,0.6713406620747471,93.2,141.5233195112127,2596.8,-0.058197832107543944,0.130522025455238,0.6980576872825622,0.03359563312669408
0.06874474004293099,0.6713406620747471,93.2,141.5233195112127,2596.8,-0.058197832107543944,0.130522025455238,0.6980576872825622,0.03359563312669408
0.0891389298515442,0.6713406620747471,93.2,141.5233195112127,2596.8,-0.058197832107543944,0.130522025455238,0.6980576872825622,0.03359563312669408
0.10953311966015743,0.6713406620747471,93.2,141.5233195112127,2596.8,-0.058197832107543944,0.130522025455238,0.6980576872825622,0.03359563312669408
0.12992730946877062,0.6713406620747471,93.2,141.5233195112127,2596.8,-0.058197832107543944,0.130522025455238,0.6980576872825622,0.03359563312669408
0.15032149927738386,0.6713406620747471,93.2,141.5233195112127,2596.8,-0.058197832107543944,0.130522025455238,0.6980576872825622,0.03359563312669408
0.17071568908599707,0.6713406620747471,93.2,141.5233195112127,2596.8,-0.058197832107543944,0.130522025455238,0.6980576872825622,0.03359563312669408
0.19110987889461029,0.6713406620747471,93.2,141.5233195112127,2596.8,-0.058197832107543944,0.130522025455238,0.6980576872825622,0.03359563312669408
0.2115040687032235,0.6713406620747471,93.2,141.5233195112127,2596.8,-0.058197832107543944,0.130522025455238,0.6980576872825622,0.03359563312669408
0.2318982585118367,0.6713406620747471,93.2,141.5233195112127,2596.8,-0.058197832107543944,0.130522025455238,0.6980576872825622,0.03359563312669408
0.25229244832044995,0.6713406620747471,93.2,141.5233195112127,2596.8,-0.058197832107543944,0.130522025455238,0.6980576872825622,0.03359563312669408
0.27268663812906313,0.6713406620747471,93.2,141.5233195112127,2596.8,-0.058197832107543944,0.130522025455238,0.6980576872825622,0.03359563312669408
0.29308082793767637,0.6713406620747471,93.2,141.5233195112127,2596.8,-0.058197832107543944,0.130522025455238,0.6980576872825622,0.03359563312669408
0.31347501774628955,0.6713406620747471,89.7,135.69341899267383,2600.3,-0.06024261713027954,0.13012518475405205,0.6991461634635925,0.03136996349106862
0.3338692075549028,0.6713406620747471,43.4,66.76000162860208,2646.6,-0.018131041526794435,0.03887022566906425,0.7051471114158631,0.022825925121366424
0.354263397363516,0.6713406620747471,16.5,28.067061607582378,2673.5,-0.06220712661743164,0.09461508425078423,0.7080501437187194,0.018395493493059106
0.3746575871721292,0.6713406620747471,0.0,0.0,2690.0,0.0,0.0,0.7092165648937225,0.016541497630791494
0.39505177698074245,0.6713406620747471,0.0,0.0,2690.0,0.0,0.0,0.7092165648937225,0.016541497630791494
0.41544596678935564,0.6713406620747471,0.0,0.0,2690.0,0.0,0.0,0.7092165648937225,0.016541497630791494
0.4358401565979689,0.6713406620747471,0.0,0.0,2690.0,0.0,0.0,0.7092165648937225,0.016541497630791494
0.45623434640658206,0.6713406620747471,0.0,0.0,2690.0,0.0,0.0,0.7092165648937225,0.016541497630791494
0.4766285362151953,0.6713406620747471,0.0,0.0,2690.0,0.0,0.0,0.7092165648937225,0.016541497630791494
0.4970227260238085,0.6713406620747471,0.0,0.0,2690.0,0.0,0.0,0.7092165648937225,0.016541497630791494
0.5174169158324218,0.6713406620747471,0.0,0.0,2690.0,0.0,0.0,0.7092165648937225,0.016541497630791494
0.537811105641035,0.6713406620747471,0.0,0.0,2690.0,0.0,0.0,0.7092165648937225,0.016541497630791494
0.5582052954496481,0.6713406620747471,0.0,0.0,2690.0,0.0,0.0,0.7092165648937225,0.016541497630791494
0.5785994852582613,0.6713406620747471,0.0,0.0,2690.0,0.0,0.0,0.7092165648937225,0.016541497630791494
0.5989936750668746,0.6713406620747471,0.0,0.0,2690.0,0.0,0.0,0.7092165648937225,0.016541497630791494
0.6193878648754878,0.6713406620747471,0.0,0.0,2690.0,0.0,0.0,0.7092165648937225,0.016541497630791494
0.639782054684101,0.6713406620747471,0.0,0.0,2690.0,0.0,0.0,0.7092165648937225,0.016541497630791494
0.6601762444927142,0.6713406620747471,0.0,0.0,2690.0,0.0,0.0,0.7092165648937225,0.016541497630791494
0.6805704343013275,0.6713406620747471,0.0,0.0,2690.0,0.0,0.0,0.7092165648937225,0.016541497630791494
0.7009646241099406,0.6713406620747471,0.0,0.0,2690.0,0.0,0.0,0.7092165648937225,0.016541497630791494
0.7213588139185538,0.6713406620747471,0.0,0.0,2690.0,0.0,0.0,0.7092165648937225,0.016541497630791494
0.7417530037271671,0.6713406620747471,0.0,0.0,2690.0,0.0,0.0,0.7092165648937225,0.016541497630791494
0.7621471935357803,0.6713406620747471,0.0,0.0,2690.0,0.0,0.0,0.7092165648937225,0.016541497630791494
0.7825413833443935,0.6713406620747471,0.0,0.0,2690.0,0.0,0.0,0.7092165648937225,0.016541497630791494
0.8029355731530067,0.6713406620747471,0.0,0.0,2690.0,0.0,0.0,0.7092165648937225,0.016541497630791494
0.82332976296162,0.6713406620747471,0.0,0.0,2690.0,0.0,0.0,0.7092165648937225,0.016541497630791494
0.8437239527702332,0.6713406620747471,0.0,0.0,2690.0,0.0,0.0,0.7092165648937225,0.016541497630791494
0.04835055023431778,0.6985305433820078,121.1,182.80334195489004,2568.9,-0.04711421132087708,0.11262821499141579,0.6953596472740173,0.035795451602624914
0.06874474004293099,0.6985305433820078,121.1,182.80334195489004,2568.9,-0.04711421132087708,0.11262821499141579,0.6953596472740173,0.035795451602624914
0.0891389298515442,0.6985305433820078,121.1,182.80334195489004,2568.9,-0.04711421132087708,0.11262821499141579,0.6953596472740173,0.035795451602624914
0.10953311966015743,0.6985305433820078,121.1,182.80334195489004,2568.9,-0.04711421132087708,0.11262821499141579,0.6953596472740173,0.035795451602624914
0.12992730946877062,0.6985305433820078,121.1,182.80334195489004,2568.9,-0.04711421132087708,0.11262821499141579,0.6953596472740173,0.035795451602624914
0.15032149927738386,0.6985305433820078,121.1,182.80334195489004,2568.9,-0.04711421132087708,0.11262821499141579,0.6953596472740173,0.035795451602624914
0.17071568908599707,0.6985305433820078,121.1,182.80334195489004,2568.9,-0.04711421132087708,0.11262821499141579,0.6953596472740173,0.035795451602624914
0.19110987889461029,0.6985305433820078,121.1,182.80334195489004,2568.9,-0.04711421132087708,0.11262821499141579,0.6953596472740173,0.035795451602624914
0.2115040687032235,0.6985305433820078,121.1,182.80334195489004,2568.9,-0.04711421132087708,0.11262821499141579,0.6953596472740173,0.035795451602624914
0.2318982585118367,0.6985305433820078,121.1,182.80334195489004,2568.9,-0.04711421132087708,0.11262821499141579,0.6953596472740173,0.035795451602624914
0.25229244832044995,0.6985305433820078,121.1,182.80334195489004,2568.9,-0.04711421132087708,0.11262821499141579,0.6953596472740173,0.035795451602624914
0.27268663812906313,0.6985305433820078,121.1,182.80334195489004,2568.9,-0.04711421132087708,0.11262821499141579,0.6953596472740173,0.035795451602624914
0.29308082793767637,0.6985305433820078,121.1,182.80334195489004,2568.9,-0.04711421132087708,0.11262821499141579,0.6953596472740173,0.035795451602624914
0.31347501774628955,0.6985305433820078,117.6,177.3646628104164,2572.4,-0.04851787090301514,0.11217117657556766,0.6966158628463746,0.03340395514601147
0.3338692075549028,0.6985305433820078,71.3,107.62419902890751,2618.7,-0.0227863073348999,0.05665795419031136,0.7042944967746735,0.0226048348493358
0.354263397363516,0.6985305433820078,44.4,67.10320628491137,2645.6,-0.0405579686164856,0.07307051240505698,0.7077548563480377,0.017549572666394495
0.3746575871721292,0.6985305433820078,12.8,28.955611684532467,2677.2,-0.0185516357421875,0.04196671567684958,0.7086388230323791,0.01675147168368963
0.39505177698074245,0.6985305433820078,0.0,0.0,2690.0,0.0,0.0,0.7092165648937225,0.016541497630791494
0.41544596678935564,0.6985305433820078,0.0,0.0,2690.0,0.0,0.0,0.7092165648937225,0.016541497630791494
0.4358401565979689,0.6985305433820078,0.0,0.0,2690.0,0.0,0.0,0.7092165648937225,0.016541497630791494
0.45623434640658206,0.6985305433820078,0.0,0.0,2690.0,0.0,0.0,0.7092165648937225,0.016541497630791494
0.4766285362151953,0.6985305433820078,0.0,0.0,2690.0,0.0,0.0,0.7092165648937225,0.016541497630791494
0.4970227260238085,0.6985305433820078,0.0,0.0,2690.0,0.0,0.0,0.7092165648937225,0.016541497630791494
0.5174169158324218,0.6985305433820078,0.0,0.0,2690.0,0.0,0.0,0.7092165648937225,0.016541497630791494
0.537811105641035,0.6985305433820078,0.0,0.0,2690.0,0.0,0.0,0.7092165648937225,0.016541497630791494
0.5582052954496481,0.6985305433820078,0.0,0.0,2690.0,0.0,0.0,0.7092165648937225,0.016541497630791494
0.5785994852582613,0.6985305433820078,0.0,0.0,2690.0,0.0,0.0,0.7092165648937225,0.016541497630791494
0.5989936750668746,0.6985305433820078,0.0,0.0,2690.0,0.0,0.0,0.7092165648937225,0.016541497630791494
0.6193878648754878,0.6985305433820078,0.0,0.0,2690.0,0.0,0.0,0.7092165648937225,0.016541497630791494
0.639782054684101,0.6985305433820078,0.0,0.0,2690.0,0.0,0.0,0.7092165648937225,0.016541497630791494
0.6601762444927142,0.6985305433820078,0.0,0.0,2690.0,0.0,0.0,0.7092165648937225,0.016541497630791494
0.6805704343013275,0.6985305433820078,0.0,0.0,2690.0,0.0,0.0,0.7092165648937225,0.016541497630791494
0.7009646241099406,0.6985305433820078,0.0,0.0,2690.0,0.0,0.0,0.7092165648937225,0.016541497630791494
0.7213588139185538,0.6985305433820078,0.0,0.0,2690.0,0.0,0.0,0.7092165648937225,0.016541497630791494
0.7417530037271671,0.6985305433820078,0.0,0.0,2690.0,0.0,0.0,0.7092165648937225,0.016541497630791494
0.7621471935357803,0.6985305433820078,0.0,0.0,2690.0,0.0,0.0,0.7092165648937225,0.016541497630791494
0.7825413833443935,0.6985305433820078,0.0,0.0,2690.0,0.0,0.0,0.7092165648937225,0.016541497630791494
0.8029355731530067,0.6985305433820078,0.0,0.0,2690.0,0.0,0.0,0.7092165648937225,0.016541497630791494
0.82332976296162,0.6985305433820078,0.0,0.0,2690.0,0.0,0.0,0.7092165648937225,0.016541497630791494
0.8437239527702332,0.6985305433820078,0.0,0.0,2690.0,0.0,0.0,0.7092165648937225,0.016541497630791494
0.04835055023431778,0.7257204246892686,147.6,222.6218071394562,2542.4,-0.03714414238929749,0.08978695894272443,0.690420788526535,0.0417540932283487
0.06874474004293099,0.7257204246892686,147.6,222.6218071394562,2542.4,-0.03714414238929749,0.08978695894272443,0.690420788526535,0.0417540932283487
0.0891389298515442,0.7257204246892686,147.6,222.6218071394562,2542.4,-0.03714414238929749,0.08978695894272443,0.690420788526535,0.0417540932283487
0.10953311966015743,0.7257204246892686,147.6,222.6218071394562,2542.4,-0.03714414238929749,0.08978695894272443,0.690420788526535,0.0417540932283487
0.12992730946877062,0.7257204246892686,147.6,222.6218071394562,2542.4,-0.03714414238929749,0.08978695894272443,0.690420788526535,0.0417540932283487
0.15032149927738386,0.7257204246892686,147.6,222.6218071394562,2542.4,-0.03714414238929749,0.08978695894272443,0.690420788526535,0.0417540932283487
0.17071568908599707,0.7257204246892686,147.6,222.6218071394562,2542.4,-0.03714414238929749,0.08978695894272443,0.690420788526535,0.0417540932283487
0.19110987889461029,0.7257204246892686,147.6,222.6218071394562,2542.4,-0.03714414238929749,0.08978695894272443,0.690420788526535,0.0417540932283487
0.2115040687032235,0.7257204246892686,147.6,222.6218071394562,2542.4,-0.03714414238929749,0.08978695894272443,0.690420788526535,0.0417540932283487
0.2318982585118367,0.7257204246892686,147.6,222.6218071394562,2542.4,-0.03714414238929749,0.08978695894272443,0.690420788526535,0.0417540932283487
0.25229244832044995,0.7257204246892686,147.6,222.6218071394562,2542.4,-0.03714414238929749,0.08978695894272443,0.690420788526535,0.0417540932283487
0.27268663812906313,0.7257204246892686,147.6,222.6218071394562,2542.4,-0.03714414238929749,0.08978695894272443,0.690420788526535,0.0417540932283487
0.29308082793767637,0.7257204246892686,147.6,222.6218071394562,2542.4,-0.03714414238929749,0.08978695894272443,0.690420788526535,0.0417540932283487
0.31347501774628955,0.7257204246892686,144.1,217.33261497850373,2545.9,-0.038577067852020266,0.08930421373328859,0.6919103562831879,0.03922449817353581
0.3338692075549028,0.7257204246892686,97.8,147.49264701808727,2592.2,-0.015785866975784303,0.03592785668129239,0.7020182073116302,0.024729254984734935
0.354263397363516,0.7257204246892686,70.9,106.92476150710009,2619.1,-0.026027512550354005,0.04065921921965201,0.7062339842319488,0.018668330524904714
0.3746575871721292,0.7257204246892686,27.4,61.98310626220232,2662.6,-0.004622030258178711,0.01045575885546735,0.7071827113628387,0.017702707439566343
0.39505177698074245,0.7257204246892686,0.0,0.0,2690.0,0.0,0.0,0.7092165648937225,0.016541497630791494
0.41544596678935564,0.7257204246892686,0.0,0.0,2690.0,0.0,0.0,0.7092165648937225,0.016541497630791494
0.4358401565979689,0.7257204246892686,0.0,0.0,2690.0,0.0,0.0,0.7092165648937225,0.016541497630791494
0.45623434640658206,0.7257204246892686,0.0,0.0,2690.0,0.0,0.0,0.7092165648937225,0.016541497630791494
0.4766285362151953,0.7257204246892686,0.0,0.0,2690.0,0.0,0.0,0.7092165648937225,0.016541497630791494
0.4970227260238085,0.7257204246892686,0.0,0.0,2690.0,0.0,0.0,0.7092165648937225,0.016541497630791494
0.5174169158324218,0.7257204246892686,0.0,0.0,2690.0,0.0,0.0,0.7092165648937225,0.016541497630791494
0.537811105641035,0.7257204246892686,0.0,0.0,2690.0,0.0,0.0,0.7092165648937225,0.016541497630791494
0.5582052954496481,0.7257204246892686,0.0,0.0,2690.0,0.0,0.0,0.7092165648937225,0.016541497630791494
0.5785994852582613,0.7257204246892686,0.0,0.0,2690.0,0.0,0.0,0.7092165648937225,0.016541497630791494
0.5989936750668746,0.7257204246892686,0.0,0.0,2690.0,0.0,0.0,0.7092165648937225,0.016541497630791494
0.6193878648754878,0.7257204246892686,0.0,0.0,2690.0,0.0,0.0,0.7092165648937225,0.016541497630791494
0.639782054684101,0.7257204246892686,0.0,0.0,2690.0,0.0,0.0,0.7092165648937225,0.016541497630791494
0.6601762444927142,0.7257204246892686,0.0,0.0,2690.0,0.0,0.0,0.7092165648937225,0.016541497630791494
0.6805704343013275,0.7257204246892686,0.0,0.0,2690.0,0.0,0.0,0.7092165648937225,0.016541497630791494
0.7009646241099406,0.7257204246892686,0.0,0.0,2690.0,0.0,0.0,0.7092165648937225,0.016541497630791494
0.7213588139185538,0.7257204246892686,0.0,0.0,2690.0,0.0,0.0,0.7092165648937225,0.016541497630791494
0.7417530037271671,0.7257204246892686,0.0,0.0,2690.0,0.0,0.0,0.7092165648937225,0.016541497630791494
0.7621471935357803,0.7257204246892686,0.0,0.0,2690.0,0.0,0.0,0.7092165648937225,0.016541497630791494
0.7825413833443935,0.7257204246892686,0.0,0.0,2690.0,0.0,0.0,0.7092165648937225,0.016541497630791494
0.8029355731530067,0.7257204246892686,0.0,0.0,2690.0,0.0,0.0,0.7092165648937225,0.016541497630791494
0.82332976296162,0.7257204246892686,0.0,0.0,2690.0,0.0,0.0,0.7092165648937225,0.016541497630791494
0.8437239527702332,0.7257204246892686,0.0,0.0,2690.0,0.0,0.0,0.7092165648937225,0.016541497630791494
0.04835055023431778,0.7529103059965292,163.6,246.99220481607358,2526.4,-0.01760587692260742,0.05940668942172767,0.6888447701931,0.04401001380057112
0.06874474004293099,0.7529103059965292,163.6,246.99220481607358,2526.4,-0.01760587692260742,0.05940668942172767,0.6888447701931,0.04401001380057112
0.0891389298515442,0.7529103059965292,163.6,246.99220481607358,2526.4,-0.01760587692260742,0.05940668942172767,0.6888447701931,0.04401001380057112
0.10953311966015743,0.7529103059965292,163.6,246.99220481607358,2526.4,-0.01760587692260742,0.05940668942172767,0.6888447701931,0.04401001380057112
0.12992730946877062,0.7529103059965292,163.6,246.99220481607358,2526.4,-0.01760587692260742,0.05940668942172767,0.6888447701931,0.04401001380057112
0.15032149927738386,0.7529103059965292,163.6,246.99220481607358,2526.4,-0.01760587692260742,0.05940668942172767,0.6888447701931,0.04401001380057112
0.17071568908599707,0.7529103059965292,163.6,246.99220481607358,2526.4,-0.01760587692260742,0.05940668942172767,0.6888447701931,0.04401001380057112
0.19110987889461029,0.7529103059965292,163.6,246.99220481607358,2526.4,-0.01760587692260742,0.05940668942172767,0.6888447701931,0.04401001380057112
0.2115040687032235,0.7529103059965292,163.6,246.99220481607358,2526.4,-0.01760587692260742,0.05940668942172767,0.6888447701931,0.04401001380057112
0.2318982585118367,0.7529103059965292,163.6,246.99220481607358,2526.4,-0.01760587692260742,0.05940668942172767,0.6888447701931,0.04401001380057112
0.25229244832044995,0.7529103059965292,163.6,246.99220481607358,2526.4,-0.01760587692260742,0.05940668942172767,0.6888447701931,0.04401001380057112
0.27268663812906313,0.7529103059965292,163.6,246.99220481607358,2526.4,-0.01760587692260742,0.05940668942172767,0.6888447701931,0.04401001380057112
0.29308082793767637,0.7529103059965292,163.6,246.99220481607358,2526.4,-0.01760587692260742,0.05940668942172767,0.6888447701931,0.04401001380057112
0.31347501774628955,0.7529103059965292,160.1,241.5116792978069,2529.9,-0.01889047622680664,0.05839746083541571,0.69057337641716,0.041118589566346474
0.3338692075549028,0.7529103059965292,113.8,171.81304968219376,2576.2,0.0016630589962005615,0.013221061663253934,0.7019306719303131,0.024670095786495875
0.354263397363516,0.7529103059965292,86.9,131.29368670564742,2603.1,-0.002440190315246582,0.008423431063342668,0.7065177857875824,0.018105450622044324
0.3746575871721292,0.7529103059965292,31.2,70.5793034810479,2658.8,0.0030230283737182617,0.0068385652891179444,0.7071210682392121,0.01775533960940374
0.39505177698074245,0.7529103059965292,0.0,0.0,2690.0,0.0,0.0,0.7092165648937225,0.016541497630791494
0.41544596678935564,0.7529103059965292,0.0,0.0,2690.0,0.0,0.0,0.7092165648937225,0.016541497630791494
0.4358401565979689,0.7529103059965292,0.0,0.0,2690.0,0.0,0.0,0.7092165648937225,0.016541497630791494
0.45623434640658206,0.7529103059965292,0.0,0.0,2690.0,0.0,0.0,0.7092165648937225,0.016541497630791494
0.4766285362151953,0.7529103059965292,0.0,0.0,2690.0,0.0,0.0,0.7092165648937225,0.016541497630791494
0.4970227260238085,0.7529103059965292,0.0,0.0,2690.0,0.0,0.0,0.7092165648937225,0.016541497630791494
0.5174169158324218,0.7529103059965292,0.0,0.0,2690.0,0.0,0.0,0.7092165648937225,0.016541497630791494
0.537811105641035,0.7529103059965292,0.0,0.0,2690.0,0.0,0.0,0.7092165648937225,0.016541497630791494
0.5582052954496481,0.7529103059965292,0.0,0.0,2690.0,0.0,0.0,0.7092165648937225,0.016541497630791494
0.5785994852582613,0.7529103059965292,0.0,0.0,2690.0,0.0,0.0,0.7092165648937225,0.016541497630791494
0.5989936750668746,0.7529103059965292,0.0,0.0,2690.0,0.0,0.0,0.7092165648937225,0.016541497630791494
0.6193878648754878,0.7529103059965292,0.0,0.0,2690.0,0.0,0.0,0.7092165648937225,0.016541497630791494
0.639782054684101,0.7529103059965292,0.0,0.0,2690.0,0.0,0.0,0.7092165648937225,0.016541497630791494
0.6601762444927142,0.7529103059965292,0.0,0.0,2690.0,0.0,0.0,0.7092165648937225,0.016541497630791494
0.6805704343013275,0.7529103059965292,0.0,0.0,2690.0,0.0,0.0,0.7092165648937225,0.016541497630791494
0.7009646241099406,0.7529103059965292,0.0,0.0,2690.0,0.0,0.0,0.7092165648937225,0.016541497630791494
0.7213588139185538,0.7529103059965292,0.0,0.0,2690.0,0.0,0.0,0.7092165648937225,0.016541497630791494
0.7417530037271671,0.7529103059965292,0.0,0.0,2690.0,0.0,0.0,0.7092165648937225,0.016541497630791494
0.7621471935357803,0.7529103059965292,0.0,0.0,2690.0,0.0,0.0,0.7092165648937225,0.016541497630791494
0.7825413833443935,0.7529103059965292,0.0,0.0,2690.0,0.0,0.0,0.7092165648937225,0.016541497630791494
0.8029355731530067,0.7529103059965292,0.0,0.0,2690.0,0.0,0.0,0.7092165648937225,0.016541497630791494
0.82332976296162,0.7529103059965292,0.0,0.0,2690.0,0.0,0.0,0.7092165648937225,0.016541497630791494
0.8437239527702332,0.7529103059965292,0.0,0.0,2690.0,0.0,0.0,0.7092165648937225,0.016541497630791494
0.04835055023431778,0.7801001873037899,179.6,270.9028467516994,2510.4,0.00865117907524109,0.017802189452964672,0.687243515253067,0.04644966215292401
0.06874474004293099,0.7801001873037899,179.6,270.9028467516994,2510.4,0.00865117907524109,0.017802189452964672,0.687243515253067,0.04644966215292401
0.0891389298515442,0.7801001873037899,179.6,270.9028467516994,2510.4,0.00865117907524109,0.017802189452964672,0.687243515253067,0.04644966215292401
0.10953311966015743,0.7801001873037899,179.6,270.9028467516994,2510.4,0.00865117907524109,0.017802189452964672,0.687243515253067,0.04644966215292401
0.12992730946877062,0.7801001873037899,179.6,270.9028467516994,2510.4,0.00865117907524109,0.017802189452964672,0.687243515253067,0.04644966215292401
0.15032149927738386,0.7801001873037899,179.6,270.9028467516994,2510.4,0.00865117907524109,0.017802189452964672,0.687243515253067,0.04644966215292401
0.17071568908599707,0.7801001873037899,179.6,270.9028467516994,2510.4,0.00865117907524109,0.017802189452964672,0.687243515253067,0.04644966215292401
0.19110987889461029,0.7801001873037899,179.6,270.9028467516994,2510.4,0.00865117907524109,0.017802189452964672,0.687243515253067,0.04644966215292401
0.2115040687032235,0.7801001873037899,179.6,270.9028467516994,2510.4,0.00865117907524109,0.017802189452964672,0.687243515253067,0.04644966215292401
0.2318982585118367,0.7801001873037899,179.6,270.9028467516994,2510.4,0.00865117907524109,0.017802189452964672,0.687243515253067,0.04644966215292401
0.25229244832044995,0.7801001873037899,179.6,270.9028467516994,2510.4,0.00865117907524109,0.017802189452964672,0.687243515253067,0.04644966215292401
0.27268663812906313,0.7801001873037899,179.6,270.9028467516994,2510.4,0.00865117907524109,0.017802189452964672,0.687243515253067,0.04644966215292401
0.29308082793767637,0.7801001873037899,179.6,270.9028467516994,2510.4,0.00865117907524109,0.017802189452964672,0.687243515253067,0.04644966215292401
0.31347501774628955,0.7801001873037899,176.1,265.5785890268367,2513.9,0.007316631078720093,0.014798873123730268,0.6891492247581482,0.04324608782117688
0.3338692075549028,0.7801001873037899,129.8,195.75926136649136,2560.2,0.019567650556564332,0.03344268571118183,0.7019074022769928,0.02484533554108842
0.354263397363516,0.7801001873037899,97.7,147.52011186004,2592.3,0.016380715370178222,0.041650224048217575,0.706873619556427,0.01775054490438128
0.3746575871721292,0.7801001873037899,31.2,70.5793034810479,2658.8,0.0030230283737182617,0.0068385652891179444,0.7071210682392121,0.01775533960940374
0.39505177698074245,0.7801001873037899,0.0,0.0,2690.0,0.0,0.0,0.7092165648937225,0.016541497630791494
0.41544596678935564,0.7801001873037899,0.0,0.0,2690.0,0.0,0.0,0.7092165648937225,0.016541497630791494
0.4358401565979689,0.7801001873037899,0.0,0.0,2690.0,0.0,0.0,0.7092165648937225,0.016541497630791494
0.45623434640658206,0.7801001873037899,0.0,0.0,2690.0,0.0,0.0,0.7092165648937225,0.016541497630791494
0.4766285362151953,0.7801001873037899,0.0,0.0,2690.0,0.0,0.0,0.7092165648937225,0.016541497630791494
0.4970227260238085,0.7801001873037899,0.0,0.0,2690.0,0.0,0.0,0.7092165648937225,0.016541497630791494
0.5174169158324218,0.7801001873037899,0.0,0.0,2690.0,0.0,0.0,0.7092165648937225,0.016541497630791494
0.537811105641035,0.7801001873037899,0.0,0.0,2690.0,0.0,0.0,0.7092165648937225,0.016541497630791494
0.5582052954496481,0.7801001873037899,0.0,0.0,2690.0,0.0,0.0,0.7092165648937225,0.016541497630791494
0.5785994852582613,0.7801001873037899,0.0,0.0,2690.0,0.0,0.0,0.7092165648937225,0.016541497630791494
0.5989936750668746,0.7801001873037899,0.0,0.0,2690.0,0.0,0.0,0.7092165648937225,0.016541497630791494
0.6193878648754878,0.7801001873037899,0.0,0.0,2690.0,0.0,0.0,0.7092165648937225,0.016541497630791494
0.639782054684101,0.7801001873037899,0.0,0.0,2690.0,0.0,0.0,0.7092165648937225,0.016541497630791494
0.6601762444927142,0.7801001873037899,0.0,0.0,2690.0,0.0,0.0,0.7092165648937225,0.016541497630791494
0.6805704343013275,0.7801001873037899,0.0,0.0,2690.0,0.0,0.0,0.7092165648937225,0.016541497630791494
0.7009646241099406,0.7801001873037899,0.0,0.0,2690.0,0.0,0.0,0.7092165648937225,0.016541497630791494
0.7213588139185538,0.7801001873037899,0.0,0.0,2690.0,0.0,0.0,0.7092165648937225,0.016541497630791494
0.7417530037271671,0.7801001873037899,0.0,0.0,2690.0,0.0,0.0,0.7092165648937225,0.016541497630791494
0.7621471935357803,0.7801001873037899,0.0,0.0,2690.0,0.0,0.0,0.7092165648937225,0.016541497630791494
0.7825413833443935,0.7801001873037899,0.0,0.0,2690.0,0.0,0.0,0.7092165648937225,0.016541497630791494
0.8029355731530067,0.7801001873037899,0.0,0.0,2690.0,0.0,0.0,0.7092165648937225,0.016541497630791494
0.82332976296162,0.7801001873037899,0.0,0.0,2690.0,0.0,0.0,0.7092165648937225,0.016541497630791494
0.8437239527702332,0.7801001873037899,0.0,0.0,2690.0,0.0,0.0,0.7092165648937225,0.016541497630791494
0.04835055023431778,0.8072900686110507,194.2,292.91762632523876,2495.8,0.03182825446128845,0.04817543642245626,0.6860537707805634,0.04814162072417187
0.06874474004293099,0.8072900686110507,194.2,292.91762632523876,2495.8,0.03182825446128845,0.04817543642245626,0.6860537707805634,0.04814162072417187
0.0891389298515442,0.8072900686110507,194.2,292.91762632523876,2495.8,0.03182825446128845,0.04817543642245626,0.6860537707805634,0.04814162072417187
0.10953311966015743,0.8072900686110507,194.2,292.91762632523876,2495.8,0.03182825446128845,0.04817543642245626,0.6860537707805634,0.04814162072417187
0.12992730946877062,0.8072900686110507,194.2,292.91762632523876,2495.8,0.03182825446128845,0.04817543642245626,0.6860537707805634,0.04814162072417187
0.15032149927738386,0.8072900686110507,194.2,292.91762632523876,2495.8,0.03182825446128845,0.04817543642245626,0.6860537707805634,0.04814162072417187
0.17071568908599707,0.8072900686110507,194.2,292.91762632523876,2495.8,0.03182825446128845,0.04817543642245626,0.6860537707805634,0.04814162072417187
0.19110987889461029,0.8072900686110507,194.2,292.91762632523876,2495.8,0.03182825446128845,0.04817543642245626,0.6860537707805634,0.04814162072417187
0.2115040687032235,0.8072900686110507,194.2,292.91762632523876,2495.8,0.03182825446128845,0.04817543642245626,0.6860537707805634,0.04814162072417187
0.2318982585118367,0.8072900686110507,194.2,292.91762632523876,2495.8,0.03182825446128845,0.04817543642245626,0.6860537707805634,0.04814162072417187
0.25229244832044995,0.8072900686110507,194.2,292.91762632523876,2495.8,0.03182825446128845,0.04817543642245626,0.6860537707805634,0.04814162072417187
0.27268663812906313,0.8072900686110507,194.2,292.91762632523876,2495.8,0.03182825446128845,0.04817543642245626,0.6860537707805634,0.04814162072417187
0.29308082793767637,0.8072900686110507,194.2,292.91762632523876,2495.8,0.03182825446128845,0.04817543642245626,0.6860537707805634,0.04814162072417187
0.31347501774628955,0.8072900686110507,190.7,287.59681630015496,2499.3,0.030598008632659913,0.04618960216877495,0.6881231844425202,0.04470809041908422
0.3338692075549028,0.8072900686110507,143.9,217.01791468587993,2546.1,0.03983145356178284,0.06275238672261,0.7019565463066101,0.024741223734488355
0.354263397363516,0.8072900686110507,98.4,148.63678991068153,2591.6,0.016751182079315186,0.04248458969766305,0.7068386018276215,0.0177871119124701
0.3746575871721292,0.8072900686110507,31.2,70.5793034810479,2658.8,0.0030230283737182617,0.0068385652891179444,0.7071210682392121,0.01775533960940374
0.39505177698074245,0.8072900686110507,0.0,0.0,2690.0,0.0,0.0,0.7092165648937225,0.016541497630791494
0.41544596678935564,0.8072900686110507,0.0,0.0,2690.0,0.0,0.0,0.7092165648937225,0.016541497630791494
0.4358401565979689,0.8072900686110507,0.0,0.0,2690.0,0.0,0.0,0.7092165648937225,0.016541497630791494
0.45623434640658206,0.8072900686110507,0.0,0.0,2690.0,0.0,0.0,0.7092165648937225,0.016541497630791494
0.4766285362151953,0.8072900686110507,0.0,0.0,2690.0,0.0,0.0,0.7092165648937225,0.016541497630791494
0.4970227260238085,0.8072900686110507,0.0,0.0,2690.0,0.0,0.0,0.7092165648937225,0.016541497630791494
0.5174169158324218,0.8072900686110507,0.0,0.0,2690.0,0.0,0.0,0.7092165648937225,0.016541497630791494
0.537811105641035,0.8072900686110507,0.0,0.0,2690.0,0.0,0.0,0.7092165648937225,0.016541497630791494
0.5582052954496481,0.8072900686110507,0.0,0.0,2690.0,0.0,0.0,0.7092165648937225,0.016541497630791494
0.5785994852582613,0.8072900686110507,0.0,0.0,2690.0,0.0,0.0,0.7092165648937225,0.016541497630791494
0.5989936750668746,0.8072900686110507,0.0,0.0,2690.0,0.0,0.0,0.7092165648937225,0.016541497630791494
0.6193878648754878,0.8072900686110507,0.0,0.0,2690.0,0.0,0.0,0.7092165648937225,0.016541497630791494
0.639782054684101,0.8072900686110507,0.0,0.0,2690.0,0.0,0.0,0.7092165648937225,0.016541497630791494
0.6601762444927142,0.8072900686110507,0.0,0.0,2690.0,0.0,0.0,0.7092165648937225,0.016541497630791494
0.6805704343013275,0.8072900686110507,0.0,0.0,2690.0,0.0,0.0,0.7092165648937225,0.016541497630791494
0.7009646241099406,0.8072900686110507,0.0,0.0,2690.0,0.0,0.0,0.7092165648937225,0.016541497630791494
0.7213588139185538,0.8072900686110507,0.0,0.0,2690.0,0.0,0.0,0.7092165648937225,0.016541497630791494
0.7417530037271671,0.8072900686110507,0.0,0.0,2690.0,0.0,0.0,0.7092165648937225,0.016541497630791494
0.7621471935357803,0.8072900686110507,0.0,0.0,2690.0,0.0,0.0,0.7092165648937225,0.016541497630791494
0.7825413833443935,0.8072900686110507,0.0,0.0,2690.0,0.0,0.0,0.7092165648937225,0.016541497630791494
0.8029355731530067,0.8072900686110507,0.0,0.0,2690.0,0.0,0.0,0.7092165648937225,0.016541497630791494
0.82332976296162,0.8072900686110507,0.0,0.0,2690.0,0.0,0.0,0.7092165648937225,0.016541497630791494
0.8437239527702332,0.8072900686110507,0.0,0.0,2690.0,0.0,0.0,0.7092165648937225,0.016541497630791494
0.04835055023431778,0.8344799499183113,215.9,305.008076288102,2474.1,0.05800926089286804,0.06701806108475,0.6829273045063019,0.04918243956380751
0.06874474004293099,0.8344799499183113,204.4,308.263256369792,2485.6,0.03689854741096497,0.055647355257044576,0.6848627746105194,0.04976295754475556
0.0891389298515442,0.8344799499183113,204.4,308.263256369792,2485.6,0.03689854741096497,0.055647355257044576,0.6848627746105194,0.04976295754475556
0.10953311966015743,0.8344799499183113,204.4,308.263256369792,2485.6,0.03689854741096497,0.055647355257044576,0.6848627746105194,0.04976295754475556
0.12992730946877062,0.8344799499183113,204.4,308.263256369792,2485.6,0.03689854741096497,0.055647355257044576,0.6848627746105194,0.04976295754475556
0.15032149927738386,0.8344799499183113,204.4,308.263256369792,2485.6,0.03689854741096497,0.055647355257044576,0.6848627746105194,0.04976295754475556
0.17071568908599707,0.8344799499183113,204.4,308.263256369792,2485.6,0.03689854741096497,0.055647355257044576,0.6848627746105194,0.04976295754475556
0.19110987889461029,0.8344799499183113,204.4,308.263256369792,2485.6,0.03689854741096497,0.055647355257044576,0.6848627746105194,0.04976295754475556
0.2115040687032235,0.8344799499183113,204.4,308.263256369792,2485.6,0.03689854741096497,0.055647355257044576,0.6848627746105194,0.04976295754475556
0.2318982585118367,0.8344799499183113,204.4,308.263256369792,2485.6,0.03689854741096497,0.055647355257044576,0.6848627746105194,0.04976295754475556
0.25229244832044995,0.8344799499183113,204.4,308.263256369792,2485.6,0.03689854741096497,0.055647355257044576,0.6848627746105194,0.04976295754475556
0.27268663812906313,0.8344799499183113,204.4,308.263256369792,2485.6,0.03689854741096497,0.055647355257044576,0.6848627746105194,0.04976295754475556
0.29308082793767637,0.8344799499183113,204.4,308.263256369792,2485.6,0.03689854741096497,0.055647355257044576,0.6848627746105194,0.04976295754475556
0.31347501774628955,0.8344799499183113,200.5,302.4092763277667,2489.5,0.03577728867530823,0.05399759660787911,0.6871556282043457,0.046060407407668265
0.3338692075549028,0.8344799499183113,144.3,217.61958438640795,2545.7,0.039533644914627075,0.06217820548186161,0.7019153654575347,0.02478667027463101
0.354263397363516,0.8344799499183113,98.4,148.63678991068153,2591.6,0.016751182079315186,0.04248458969766305,0.7068386018276215,0.0177871119124701
0.3746575871721292,0.8344799499183113,31.2,70.5793034810479,2658.8,0.0030230283737182617,0.0068385652891179444,0.7071210682392121,0.01775533960940374
0.39505177698074245,0.8344799499183113,0.0,0.0,2690.0,0.0,0.0,0.7092165648937225,0.016541497630791494
0.41544596678935564,0.8344799499183113,0.0,0.0,2690.0,0.0,0.0,0.7092165648937225,0.016541497630791494
0.4358401565979689,0.8344799499183113,0.0,0.0,2690.0,0.0,0.0,0.7092165648937225,0.016541497630791494
0.45623434640658206,0.8344799499183113,0.0,0.0,2690.0,0.0,0.0,0.7092165648937225,0.016541497630791494
0.4766285362151953,0.8344799499183113,0.0,0.0,2690.0,0.0,0.0,0.7092165648937225,0.016541497630791494
0.4970227260238085,0.8344799499183113,0.0,0.0,2690.0,0.0,0.0,0.7092165648937225,0.016541497630791494
0.5174169158324218,0.8344799499183113,0.0,0.0,2690.0,0.0,0.0,0.7092165648937225,0.016541497630791494
0.537811105641035,0.8344799499183113,0.0,0.0,2690.0,0.0,0.0,0.7092165648937225,0.016541497630791494
0.5582052954496481,0.8344799499183113,0.0,0.0,2690.0,0.0,0.0,0.7092165648937225,0.016541497630791494
0.5785994852582613,0.8344799499183113,0.0,0.0,2690.0,0.0,0.0,0.7092165648937225,0.016541497630791494
0.5989936750668746,0.8344799499183113,0.0,0.0,2690.0,0.0,0.0,0.7092165648937225,0.016541497630791494
0.6193878648754878,0.8344799499183113,0.0,0.0,2690.0,0.0,0.0,0.7092165648937225,0.016541497630791494
0.639782054684101,0.8344799499183113,0.0,0.0,2690.0,0.0,0.0,0.7092165648937225,0.016541497630791494
0.6601762444927142,0.8344799499183113,0.0,0.0,2690.0,0.0,0.0,0.7092165648937225,0.016541497630791494
0.6805704343013275,0.8344799499183113,0.0,0.0,2690.0,0.0,0.0,0.7092165648937225,0.016541497630791494
0.7009646241099406,0.8344799499183113,0.0,0.0,2690.0,0.0,0.0,0.7092165648937225,0.016541497630791494
0.7213588139185538,0.8344799499183113,0.0,0.0,2690.0,0.0,0.0,0.7092165648937225,0.016541497630791494
0.7417530037271671,0.8344799499183113,0.0,0.0,2690.0,0.0,0.0,0.7092165648937225,0.016541497630791494
0.7621471935357803,0.8344799499183113,0.0,0.0,2690.0,0.0,0.0,0.7092165648937225,0.016541497630791494
0.7825413833443935,0.8344799499183113,0.0,0.0,2690.0,0.0,0.0,0.7092165648937225,0.016541497630791494
0.8029355731530067,0.8344799499183113,0.0,0.0,2690.0,0.0,0.0,0.7092165648937225,0.016541497630791494
0.82332976296162,0.8344799499183113,0.0,0.0,2690.0,0.0,0.0,0.7092165648937225,0.016541497630791494
0.8437239527702332,0.8344799499183113,0.0,0.0,2690.0,0.0,0.0,0.7092165648937225,0.016541497630791494
0.04835055023431778,0.8616698312255721,226.8,316.71094358025255,2463.2,0.06057080030441284,0.07010932103716191,0.6810976147651673,0.05089066060853375
0.06874474004293099,0.8616698312255721,212.5,320.4918251467728,2477.5,0.04268798232078552,0.06439659267471275,0.6835491299629212,0.051573268865161385
0.0891389298515442,0.8616698312255721,212.5,320.4918251467728,2477.5,0.04268798232078552,0.06439659267471275,0.6835491299629212,0.051573268865161385
0.10953311966015743,0.8616698312255721,212.5,320.4918251467728,2477.5,0.04268798232078552,0.06439659267471275,0.6835491299629212,0.051573268865161385
0.12992730946877062,0.8616698312255721,212.5,320.4918251467728,2477.5,0.04268798232078552,0.06439659267471275,0.6835491299629212,0.051573268865161385
0.15032149927738386,0.8616698312255721,212.5,320.4918251467728,2477.5,0.04268798232078552,0.06439659267471275,0.6835491299629212,0.051573268865161385
0.17071568908599707,0.8616698312255721,212.5,320.4918251467728,2477.5,0.04268798232078552,0.06439659267471275,0.6835491299629212,0.051573268865161385
0.19110987889461029,0.8616698312255721,212.5,320.4918251467728,2477.5,0.04268798232078552,0.06439659267471275,0.6835491299629212,0.051573268865161385
0.2115040687032235,0.8616698312255721,212.5,320.4918251467728,2477.5,0.04268798232078552,0.06439659267471275,0.6835491299629212,0.051573268865161385
0.2318982585118367,0.8616698312255721,212.5,320.4918251467728,2477.5,0.04268798232078552,0.06439659267471275,0.6835491299629212,0.051573268865161385
0.25229244832044995,0.8616698312255721,212.5,320.4918251467728,2477.5,0.04268798232078552,0.06439659267471275,0.6835491299629212,0.051573268865161385
0.27268663812906313,0.8616698312255721,212.5,320.4918251467728,2477.5,0.04268798232078552,0.06439659267471275,0.6835491299629212,0.051573268865161385
0.29308082793767637,0.8616698312255721,212.5,320.4918251467728,2477.5,0.04268798232078552,0.06439659267471275,0.6835491299629212,0.051573268865161385
0.31347501774628955,0.8616698312255721,200.6,302.56265372260924,2489.4,0.035780131816864014,0.05400206960618242,0.6871178090572357,0.04611402425859529
0.3338692075549028,0.8616698312255721,144.3,217.61958438640795,2545.7,0.039533644914627075,0.06217820548186161,0.7019153654575347,0.02478667027463101
0.354263397363516,0.8616698312255721,98.4,148.63678991068153,2591.6,0.016751182079315186,0.04248458969766305,0.7068386018276215,0.0177871119124701
0.3746575871721292,0.8616698312255721,31.2,70.5793034810479,2658.8,0.0030230283737182617,0.0068385652891179444,0.7071210682392121,0.01775533960940374
0.39505177698074245,0.8616698312255721,0.0,0.0,2690.0,0.0,0.0,0.7092165648937225,0.016541497630791494
0.41544596678935564,0.8616698312255721,0.0,0.0,2690.0,0.0,0.0,0.7092165648937225,0.016541497630791494
0.4358401565979689,0.8616698312255721,0.0,0.0,2690.0,0.0,0.0,0.7092165648937225,0.016541497630791494
0.45623434640658206,0.8616698312255721,0.0,0.0,2690.0,0.0,0.0,0.7092165648937225,0.016541497630791494
0.4766285362151953,0.8616698312255721,0.0,0.0,2690.0,0.0,0.0,0.7092165648937225,0.016541497630791494
0.4970227260238085,0.8616698312255721,0.0,0.0,2690.0,0.0,0.0,0.7092165648937225,0.016541497630791494
0.5174169158324218,0.8616698312255721,0.0,0.0,2690.0,0.0,0.0,0.7092165648937225,0.016541497630791494
0.537811105641035,0.8616698312255721,0.0,0.0,2690.0,0.0,0.0,0.7092165648937225,0.016541497630791494
0.5582052954496481,0.8616698312255721,0.0,0.0,2690.0,0.0,0.0,0.7092165648937225,0.016541497630791494
0.5785994852582613,0.8616698312255721,0.0,0.0,2690.0,0.0,0.0,0.7092165648937225,0.016541497630791494
0.5989936750668746,0.8616698312255721,0.0,0.0,2690.0,0.0,0.0,0.7092165648937225,0.016541497630791494
0.6193878648754878,0.8616698312255721,0.0,0.0,2690.0,0.0,0.0,0.7092165648937225,0.016541497630791494
0.639782054684101,0.8616698312255721,0.0,0.0,2690.0,0.0,0.0,0.7092165648937225,0.016541497630791494
0.6601762444927142,0.8616698312255721,0.0,0.0,2690.0,0.0,0.0,0.7092165648937225,0.016541497630791494
0.6805704343013275,0.8616698312255721,0.0,0.0,2690.0,0.0,0.0,0.7092165648937225,0.016541497630791494
0.7009646241099406,0.8616698312255721,0.0,0.0,2690.0,0.0,0.0,0.7092165648937225,0.016541497630791494
0.7213588139185538,0.8616698312255721,0.0,0.0,2690.0,0.0,0.0,0.7092165648937225,0.016541497630791494
0.7417530037271671,0.8616698312255721,0.0,0.0,2690.0,0.0,0.0,0.7092165648937225,0.016541497630791494
0.7621471935357803,0.8616698312255721,0.0,0.0,2690.0,0.0,0.0,0.7092165648937225,0.016541497630791494
0.7825413833443935,0.8616698312255721,0.0,0.0,2690.0,0.0,0.0,0.7092165648937225,0.016541497630791494
0.8029355731530067,0.8616698312255721,0.0,0.0,2690.0,0.0,0.0,0.7092165648937225,0.016541497630791494
0.82332976296162,0.8616698312255721,0.0,0.0,2690.0,0.0,0.0,0.7092165648937225,0.016541497630791494
0.8437239527702332,0.8616698312255721,0.0,0.0,2690.0,0.0,0.0,0.7092165648937225,0.016541497630791494
0.04835055023431778,0.8888597125328328,236.3,326.0613640357204,2453.7,0.0673295497894287,0.07781865217296591,0.6795971274375916,0.05092706649840647
0.06874474004293099,0.8888597125328328,219.0,330.29216113596544,2471.0,0.04707247018814087,0.07099442314576415,0.6834519386291504,0.051732866279319674
0.0891389298515442,0.8888597125328328,219.0,330.29216113596544,2471.0,0.04707247018814087,0.07099442314576415,0.6834519386291504,0.051732866279319674
0.10953311966015743,0.8888597125328328,219.0,330.29216113596544,2471.0,0.04707247018814087,0.07099442314576415,0.6834519386291504,0.051732866279319674
0.12992730946877062,0.8888597125328328,219.0,330.29216113596544,2471.0,0.04707247018814087,0.07099442314576415,0.6834519386291504,0.051732866279319674
0.15032149927738386,0.8888597125328328,219.0,330.29216113596544,2471.0,0.04707247018814087,0.07099442314576415,0.6834519386291504,0.051732866279319674
0.17071568908599707,0.8888597125328328,219.0,330.29216113596544,2471.0,0.04707247018814087,0.07099442314576415,0.6834519386291504,0.051732866279319674
0.19110987889461029,0.8888597125328328,219.0,330.29216113596544,2471.0,0.04707247018814087,0.07099442314576415,0.6834519386291504,0.051732866279319674
0.2115040687032235,0.8888597125328328,219.0,330.29216113596544,2471.0,0.04707247018814087,0.07099442314576415,0.6834519386291504,0.051732866279319674
0.2318982585118367,0.8888597125328328,219.0,330.29216113596544,2471.0,0.04707247018814087,0.07099442314576415,0.6834519386291504,0.051732866279319674
0.25229244832044995,0.8888597125328328,219.0,330.29216113596544,2471.0,0.04707247018814087,0.07099442314576415,0.6834519386291504,0.051732866279319674
0.27268663812906313,0.8888597125328328,219.0,330.29216113596544,2471.0,0.04707247018814087,0.07099442314576415,0.6834519386291504,0.051732866279319674
0.29308082793767637,0.8888597125328328,213.7,322.30532219902705,2476.3,0.04513420462608338,0.06811158349253388,0.6833858251571655,0.05184326119157438
0.31347501774628955,0.8888597125328328,200.6,302.56265372260924,2489.4,0.035780131816864014,0.05400206960618242,0.6871178090572357,0.04611402425859529
0.3338692075549028,0.8888597125328328,144.3,217.61958438640795,2545.7,0.039533644914627075,0.06217820548186161,0.7019153654575347,0.02478667027463101
0.354263397363516,0.8888597125328328,98.4,148.63678991068153,2591.6,0.016751182079315186,0.04248458969766305,0.7068386018276215,0.0177871119124701
0.3746575871721292,0.8888597125328328,31.2,70.5793034810479,2658.8,0.0030230283737182617,0.0068385652891179444,0.7071210682392121,0.01775533960940374
0.39505177698074245,0.8888597125328328,0.0,0.0,2690.0,0.0,0.0,0.7092165648937225,0.016541497630791494
0.41544596678935564,0.8888597125328328,0.0,0.0,2690.0,0.0,0.0,0.7092165648937225,0.016541497630791494
0.4358401565979689,0.8888597125328328,0.0,0.0,2690.0,0.0,0.0,0.7092165648937225,0.016541497630791494
0.45623434640658206,0.8888597125328328,0.0,0.0,2690.0,0.0,0.0,0.7092165648937225,0.016541497630791494
0.4766285362151953,0.8888597125328328,0.0,0.0,2690.0,0.0,0.0,0.7092165648937225,0.016541497630791494
0.4970227260238085,0.8888597125328328,0.0,0.0,2690.0,0.0,0.0,0.7092165648937225,0.016541497630791494
0.5174169158324218,0.8888597125328328,0.0,0.0,2690.0,0.0,0.0,0.7092165648937225,0.016541497630791494
0.537811105641035,0.8888597125328328,0.0,0.0,2690.0,0.0,0.0,0.7092165648937225,0.016541497630791494
0.5582052954496481,0.8888597125328328,0.0,0.0,2690.0,0.0,0.0,0.7092165648937225,0.016541497630791494
0.5785994852582613,0.8888597125328328,0.0,0.0,2690.0,0.0,0.0,0.7092165648937225,0.016541497630791494
0.5989936750668746,0.8888597125328328,0.0,0.0,2690.0,0.0,0.0,0.7092165648937225,0.016541497630791494
0.6193878648754878,0.8888597125328328,0.0,0.0,2690.0,0.0,0.0,0.7092165648937225,0.016541497630791494
0.639782054684101,0.8888597125328328,0.0,0.0,2690.0,0.0,0.0,0.7092165648937225,0.016541497630791494
0.6601762444927142,0.8888597125328328,0.0,0.0,2690.0,0.0,0.0,0.7092165648937225,0.016541497630791494
0.6805704343013275,0.8888597125328328,0.0,0.0,2690.0,0.0,0.0,0.7092165648937225,0.016541497630791494
0.7009646241099406,0.8888597125328328,0.0,0.0,2690.0,0.0,0.0,0.7092165648937225,0.016541497630791494
0.7213588139185538,0.8888597125328328,0.0,0.0,2690.0,0.0,0.0,0.7092165648937225,0.016541497630791494
0.7417530037271671,0.8888597125328328,0.0,0.0,2690.0,0.0,0.0,0.7092165648937225,0.016541497630791494
0.7621471935357803,0.8888597125328328,0.0,0.0,2690.0,0.0,0.0,0.7092165648937225,0.016541497630791494
0.7825413833443935,0.8888597125328328,0.0,0.0,2690.0,0.0,0.0,0.7092165648937225,0.016541497630791494
0.8029355731530067,0.8888597125328328,0.0,0.0,2690.0,0.0,0.0,0.7092165648937225,0.016541497630791494
0.82332976296162,0.8888597125328328,0.0,0.0,2690.0,0.0,0.0,0.7092165648937225,0.016541497630791494
0.8437239527702332,0.8888597125328328,0.0,0.0,2690.0,0.0,0.0,0.7092165648937225,0.016541497630791494
0.04835055023431778,0.9160495938400934,278.6,325.85101666236267,2411.4,0.08735714554786682,0.08104047353258723,0.6690477550029754,0.049563691177550884
0.06874474004293099,0.9160495938400934,258.6,331.94191192278566,2431.4,0.09415841698646546,0.10131278243363967,0.6727261662483215,0.05088823430103064
0.0891389298515442,0.9160495938400934,236.3,337.2248484415858,2453.7,0.07369493246078491,0.08604981854582203,0.6815531432628632,0.0517146014258665
0.10953311966015743,0.9160495938400934,225.7,340.39131673824966,2464.3,0.052916473150253295,0.08028417256178938,0.6830361068248749,0.052352547801554364
0.12992730946877062,0.9160495938400934,225.7,340.39131673824966,2464.3,0.052916473150253295,0.08028417256178938,0.6830361068248749,0.052352547801554364
0.15032149927738386,0.9160495938400934,225.7,340.39131673824966,2464.3,0.052916473150253295,0.08028417256178938,0.6830361068248749,0.052352547801554364
0.17071568908599707,0.9160495938400934,225.7,340.39131673824966,2464.3,0.052916473150253295,0.08028417256178938,0.6830361068248749,0.052352547801554364
0.19110987889461029,0.9160495938400934,225.7,340.39131673824966,2464.3,0.052916473150253295,0.08028417256178938,0.6830361068248749,0.052352547801554364
0.2115040687032235,0.9160495938400934,225.7,340.39131673824966,2464.3,0.052916473150253295,0.08028417256178938,0.6830361068248749,0.052352547801554364
0.2318982585118367,0.9160495938400934,225.7,340.39131673824966,2464.3,0.052916473150253295,0.08028417256178938,0.6830361068248749,0.052352547801554364
0.25229244832044995,0.9160495938400934,225.7,340.39131673824966,2464.3,0.052916473150253295,0.08028417256178938,0.6830361068248749,0.052352547801554364
0.27268663812906313,0.9160495938400934,221.7,334.35639448852083,2468.3,0.05217911005020141,0.07907738862659631,0.683284854888916,0.052011939577640914
0.29308082793767637,0.9160495938400934,213.7,322.30532219902705,2476.3,0.04513420462608338,0.06811158349253388,0.6833858251571655,0.05184326119157438
0.31347501774628955,0.9160495938400934,200.6,302.56265372260924,2489.4,0.035780131816864014,0.05400206960618242,0.6871178090572357,0.04611402425859529
0.3338692075549028,0.9160495938400934,144.3,217.61958438640795,2545.7,0.039533644914627075,0.06217820548186161,0.7019153654575347,0.02478667027463101
0.354263397363516,0.9160495938400934,98.4,148.63678991068153,2591.6,0.016751182079315186,0.04248458969766305,0.7068386018276215,0.0177871119124701
0.3746575871721292,0.9160495938400934,31.2,70.5793034810479,2658.8,0.0030230283737182617,0.0068385652891179444,0.7071210682392121,0.01775533960940374
0.39505177698074245,0.9160495938400934,0.0,0.0,2690.0,0.0,0.0,0.7092165648937225,0.016541497630791494
0.41544596678935564,0.9160495938400934,0.0,0.0,2690.0,0.0,0.0,0.7092165648937225,0.016541497630791494
0.4358401565979689,0.9160495938400934,0.0,0.0,2690.0,0.0,0.0,0.7092165648937225,0.016541497630791494
0.45623434640658206,0.9160495938400934,0.0,0.0,2690.0,0.0,0.0,0.7092165648937225,0.016541497630791494
0.4766285362151953,0.9160495938400934,0.0,0.0,2690.0,0.0,0.0,0.7092165648937225,0.016541497630791494
0.4970227260238085,0.9160495938400934,0.0,0.0,2690.0,0.0,0.0,0.7092165648937225,0.016541497630791494
0.5174169158324218,0.9160495938400934,0.0,0.0,2690.0,0.0,0.0,0.7092165648937225,0.016541497630791494
0.537811105641035,0.9160495938400934,0.0,0.0,2690.0,0.0,0.0,0.7092165648937225,0.016541497630791494
0.5582052954496481,0.9160495938400934,0.0,0.0,2690.0,0.0,0.0,0.7092165648937225,0.016541497630791494
0.5785994852582613,0.9160495938400934,0.0,0.0,2690.0,0.0,0.0,0.7092165648937225,0.016541497630791494
0.5989936750668746,0.9160495938400934,0.0,0.0,2690.0,0.0,0.0,0.7092165648937225,0.016541497630791494
0.6193878648754878,0.9160495938400934,0.0,0.0,2690.0,0.0,0.0,0.7092165648937225,0.016541497630791494
0.639782054684101,0.9160495938400934,0.0,0.0,2690.0,0.0,0.0,0.7092165648937225,0.016541497630791494
0.6601762444927142,0.9160495938400934,0.0,0.0,2690.0,0.0,0.0,0.7092165648937225,0.016541497630791494
0.6805704343013275,0.9160495938400934,0.0,0.0,2690.0,0.0,0.0,0.7092165648937225,0.016541497630791494
0.7009646241099406,0.9160495938400934,0.0,0.0,2690.0,0.0,0.0,0.7092165648937225,0.016541497630791494
0.7213588139185538,0.9160495938400934,0.0,0.0,2690.0,0.0,0.0,0.7092165648937225,0.016541497630791494
0.7417530037271671,0.9160495938400934,0.0,0.0,2690.0,0.0,0.0,0.7092165648937225,0.016541497630791494
0.7621471935357803,0.9160495938400934,0.0,0.0,2690.0,0.0,0.0,0.7092165648937225,0.016541497630791494
0.7825413833443935,0.9160495938400934,0.0,0.0,2690.0,0.0,0.0,0.7092165648937225,0.016541497630791494
0.8029355731530067,0.9160495938400934,0.0,0.0,2690.0,0.0,0.0,0.7092165648937225,0.016541497630791494
0.82332976296162,0.9160495938400934,0.0,0.0,2690.0,0.0,0.0,0.7092165648937225,0.016541497630791494
0.8437239527702332,0.9160495938400934,0.0,0.0,2690.0,0.0,0.0,0.7092165648937225,0.016541497630791494
0.04835055023431778,0.9432394751473542,313.7,329.6007839238111,2376.3,0.07555662989616393,0.10398272073104337,0.6626771092414856,0.047542975406313914
0.06874474004293099,0.9432394751473542,291.5,337.2978824089087,2398.5,0.04460980296134949,0.1113143446566374,0.6663633406162262,0.049149132730357384
0.0891389298515442,0.9432394751473542,249.5,347.29482917965043,2440.5,0.07650426030158997,0.09012677218662102,0.6819769322872162,0.05160930985091123
0.10953311966015743,0.9432394751473542,233.1,351.5460567419599,2456.9,0.04486660361289978,0.06793287009825058,0.6831367671489715,0.05212705060673249
0.12992730946877062,0.9432394751473542,233.1,351.5460567419599,2456.9,0.04486660361289978,0.06793287009825058,0.6831367671489715,0.05212705060673249
0.15032149927738386,0.9432394751473542,233.1,351.5460567419599,2456.9,0.04486660361289978,0.06793287009825058,0.6831367671489715,0.05212705060673249
0.17071568908599707,0.9432394751473542,233.1,351.5460567419599,2456.9,0.04486660361289978,0.06793287009825058,0.6831367671489715,0.05212705060673249
0.19110987889461029,0.9432394751473542,233.1,351.5460567419599,2456.9,0.04486660361289978,0.06793287009825058,0.6831367671489715,0.05212705060673249
0.2115040687032235,0.9432394751473542,233.1,351.5460567419599,2456.9,0.04486660361289978,0.06793287009825058,0.6831367671489715,0.05212705060673249
0.2318982585118367,0.9432394751473542,233.1,351.5460567419599,2456.9,0.04486660361289978,0.06793287009825058,0.6831367671489715,0.05212705060673249
0.25229244832044995,0.9432394751473542,230.1,347.0267469729838,2459.9,0.04958174228668213,0.07607257758001831,0.6832962453365325,0.05190917501650392
0.27268663812906313,0.9432394751473542,221.7,334.35639448852083,2468.3,0.05217911005020141,0.07907738862659631,0.683284854888916,0.052011939577640914
0.29308082793767637,0.9432394751473542,213.7,322.30532219902705,2476.3,0.04513420462608338,0.06811158349253388,0.6833858251571655,0.05184326119157438
0.31347501774628955,0.9432394751473542,200.6,302.56265372260924,2489.4,0.035780131816864014,0.05400206960618242,0.6871178090572357,0.04611402425859529
0.3338692075549028,0.9432394751473542,144.3,217.61958438640795,2545.7,0.039533644914627075,0.06217820548186161,0.7019153654575347,0.02478667027463101
0.354263397363516,0.9432394751473542,98.4,148.63678991068153,2591.6,0.016751182079315186,0.04248458969766305,0.7068386018276215,0.0177871119124701
0.3746575871721292,0.9432394751473542,31.2,70.5793034810479,2658.8,0.0030230283737182617,0.0068385652891179444,0.7071210682392121,0.01775533960940374
0.39505177698074245,0.9432394751473542,0.0,0.0,2690.0,0.0,0.0,0.7092165648937225,0.016541497630791494
0.41544596678935564,0.9432394751473542,0.0,0.0,2690.0,0.0,0.0,0.7092165648937225,0.016541497630791494
0.4358401565979689,0.9432394751473542,0.0,0.0,2690.0,0.0,0.0,0.7092165648937225,0.016541497630791494
0.45623434640658206,0.9432394751473542,0.0,0.0,2690.0,0.0,0.0,0.7092165648937225,0.016541497630791494
0.4766285362151953,0.9432394751473542,0.0,0.0,2690.0,0.0,0.0,0.7092165648937225,0.016541497630791494
0.4970227260238085,0.9432394751473542,0.0,0.0,2690.0,0.0,0.0,0.7092165648937225,0.016541497630791494
0.5174169158324218,0.9432394751473542,0.0,0.0,2690.0,0.0,0.0,0.7092165648937225,0.016541497630791494
0.537811105641035,0.9432394751473542,0.0,0.0,2690.0,0.0,0.0,0.7092165648937225,0.016541497630791494
0.5582052954496481,0.9432394751473542,0.0,0.0,2690.0,0.0,0.0,0.7092165648937225,0.016541497630791494
0.5785994852582613,0.9432394751473542,0.0,0.0,2690.0,0.0,0.0,0.7092165648937225,0.016541497630791494
0.5989936750668746,0.9432394751473542,0.0,0.0,2690.0,0.0,0.0,0.7092165648937225,0.016541497630791494
0.6193878648754878,0.9432394751473542,0.0,0.0,2690.0,0.0,0.0,0.7092165648937225,0.016541497630791494
0.639782054684101,0.9432394751473542,0.0,0.0,2690.0,0.0,0.0,0.7092165648937225,0.016541497630791494
0.6601762444927142,0.9432394751473542,0.0,0.0,2690.0,0.0,0.0,0.7092165648937225,0.016541497630791494
0.6805704343013275,0.9432394751473542,0.0,0.0,2690.0,0.0,0.0,0.7092165648937225,0.016541497630791494
0.7009646241099406,0.9432394751473542,0.0,0.0,2690.0,0.0,0.0,0.7092165648937225,0.016541497630791494
0.7213588139185538,0.9432394751473542,0.0,0.0,2690.0,0.0,0.0,0.7092165648937225,0.016541497630791494
0.7417530037271671,0.9432394751473542,0.0,0.0,2690.0,0.0,0.0,0.7092165648937225,0.016541497630791494
0.7621471935357803,0.9432394751473542,0.0,0.0,2690.0,0.0,0.0,0.7092165648937225,0.016541497630791494
0.7825413833443935,0.9432394751473542,0.0,0.0,2690.0,0.0,0.0,0.7092165648937225,0.016541497630791494
0.8029355731530067,0.9432394751473542,0.0,0.0,2690.0,0.0,0.0,0.7092165648937225,0.016541497630791494
0.82332976296162,0.9432394751473542,0.0,0.0,2690.0,0.0,0.0,0.7092165648937225,0.016541497630791494
0.8437239527702332,0.9432394751473542,0.0,0.0,2690.0,0.0,0.0,0.7092165648937225,0.016541497630791494
0.04835055023431778,0.9704293564546149,337.3,340.2305847982656,2352.7,0.13655158281326293,0.14141139700540398,0.6564248085021973,0.04985016298691731
0.06874474004293099,0.9704293564546149,309.7,349.30683118740905,2380.3,0.07017553448677064,0.11877227559669273,0.6612900853157043,0.051672387610709254
0.0891389298515442,0.9704293564546149,258.6,360.98374058366375,2431.4,0.07607446908950806,0.08985585737893582,0.6803033173084259,0.053984376673201495
0.10953311966015743,0.9704293564546149,242.2,365.3079616409274,2447.8,0.04443681240081787,0.06745851940615401,0.6814631521701813,0.054499806286946985
0.12992730946877062,0.9704293564546149,242.2,365.3079616409274,2447.8,0.04443681240081787,0.06745851940615401,0.6814631521701813,0.054499806286946985
0.15032149927738386,0.9704293564546149,242.2,365.3079616409274,2447.8,0.04443681240081787,0.06745851940615401,0.6814631521701813,0.054499806286946985
0.17071568908599707,0.9704293564546149,242.2,365.3079616409274,2447.8,0.04443681240081787,0.06745851940615401,0.6814631521701813,0.054499806286946985
0.19110987889461029,0.9704293564546149,242.2,365.3079616409274,2447.8,0.04443681240081787,0.06745851940615401,0.6814631521701813,0.054499806286946985
0.2115040687032235,0.9704293564546149,242.2,365.3079616409274,2447.8,0.04443681240081787,0.06745851940615401,0.6814631521701813,0.054499806286946985
0.2318982585118367,0.9704293564546149,241.7,364.54171945441396,2448.3,0.04399160146713257,0.06670895582403513,0.681658810377121,0.054208592485364714
0.25229244832044995,0.9704293564546149,230.7,347.9413842024395,2459.3,0.04976996183395386,0.07629407986203457,0.6832407772541046,0.0519986255689966
0.27268663812906313,0.9704293564546149,221.7,334.35639448852083,2468.3,0.05217911005020141,0.07907738862659631,0.683284854888916,0.052011939577640914
0.29308082793767637,0.9704293564546149,213.7,322.30532219902705,2476.3,0.04513420462608338,0.06811158349253388,0.6833858251571655,0.05184326119157438
0.31347501774628955,0.9704293564546149,200.6,302.56265372260924,2489.4,0.035780131816864014,0.05400206960618242,0.6871178090572357,0.04611402425859529
0.3338692075549028,0.9704293564546149,144.3,217.61958438640795,2545.7,0.039533644914627075,0.06217820548186161,0.7019153654575347,0.02478667027463101
0.354263397363516,0.9704293564546149,98.4,148.63678991068153,2591.6,0.016751182079315186,0.04248458969766305,0.7068386018276215,0.0177871119124701
0.3746575871721292,0.9704293564546149,31.2,70.5793034810479,2658.8,0.0030230283737182617,0.0068385652891179444,0.7071210682392121,0.01775533960940374
0.39505177698074245,0.9704293564546149,0.0,0.0,2690.0,0.0,0.0,0.7092165648937225,0.016541497630791494
0.41544596678935564,0.9704293564546149,0.0,0.0,2690.0,0.0,0.0,0.7092165648937225,0.016541497630791494
0.4358401565979689,0.9704293564546149,0.0,0.0,2690.0,0.0,0.0,0.7092165648937225,0.016541497630791494
0.45623434640658206,0.9704293564546149,0.0,0.0,2690.0,0.0,0.0,0.7092165648937225,0.016541497630791494
0.4766285362151953,0.9704293564546149,0.0,0.0,2690.0,0.0,0.0,0.7092165648937225,0.016541497630791494
0.4970227260238085,0.9704293564546149,0.0,0.0,2690.0,0.0,0.0,0.7092165648937225,0.016541497630791494
0.5174169158324218,0.9704293564546149,0.0,0.0,2690.0,0.0,0.0,0.7092165648937225,0.016541497630791494
0.537811105641035,0.9704293564546149,0.0,0.0,2690.0,0.0,0.0,0.7092165648937225,0.016541497630791494
0.5582052954496481,0.9704293564546149,0.0,0.0,2690.0,0.0,0.0,0.7092165648937225,0.016541497630791494
0.5785994852582613,0.9704293564546149,0.0,0.0,2690.0,0.0,0.0,0.7092165648937225,0.016541497630791494
0.5989936750668746,0.9704293564546149,0.0,0.0,2690.0,0.0,0.0,0.7092165648937225,0.016541497630791494
0.6193878648754878,0.9704293564546149,0.0,0.0,2690.0,0.0,0.0,0.7092165648937225,0.016541497630791494
0.639782054684101,0.9704293564546149,0.0,0.0,2690.0,0.0,0.0,0.7092165648937225,0.016541497630791494
0.6601762444927142,0.9704293564546149,0.0,0.0,2690.0,0.0,0.0,0.7092165648937225,0.016541497630791494
0.6805704343013275,0.9704293564546149,0.0,0.0,2690.0,0.0,0.0,0.7092165648937225,0.016541497630791494
0.7009646241099406,0.9704293564546149,0.0,0.0,2690.0,0.0,0.0,0.7092165648937225,0.016541497630791494
0.7213588139185538,0.9704293564546149,0.0,0.0,2690.0,0.0,0.0,0.7092165648937225,0.016541497630791494
0.7417530037271671,0.9704293564546149,0.0,0.0,2690.0,0.0,0.0,0.7092165648937225,0.016541497630791494
0.7621471935357803,0.9704293564546149,0.0,0.0,2690.0,0.0,0.0,0.7092165648937225,0.016541497630791494
0.7825413833443935,0.9704293564546149,0.0,0.0,2690.0,0.0,0.0,0.7092165648937225,0.016541497630791494
0.8029355731530067,0.9704293564546149,0.0,0.0,2690.0,0.0,0.0,0.7092165648937225,0.016541497630791494
0.82332976296162,0.9704293564546149,0.0,0.0,2690.0,0.0,0.0,0.7092165648937225,0.016541497630791494
0.8437239527702332,0.9704293564546149,0.0,0.0,2690.0,0.0,0.0,0.7092165648937225,0.016541497630791494
0.04835055023431778,0.9976192377618756,368.5,341.84019191471384,2321.5,0.2025679886341095,0.15670019914538144,0.6462723910808563,0.050549418350931345
0.06874474004293099,0.9976192377618756,337.7,352.5621994419411,2352.3,0.13992342352867126,0.15975782917435807,0.6521117925643921,0.05276749753718748
0.0891389298515442,0.9976192377618756,286.6,366.36210855967124,2403.4,0.1458223581314087,0.1379199122206241,0.6711250245571136,0.056807886611423185
0.10953311966015743,0.9976192377618756,261.7,372.985601405232,2428.3,0.04510119557380676,0.07252429243474955,0.675928384065628,0.05674758483062578
0.12992730946877062,0.9976192377618756,249.6,376.56808504695033,2440.4,0.047158271074295044,0.0716086721775764,0.6799174129962922,0.05689972909539129
0.15032149927738386,0.9976192377618756,249.6,376.56808504695033,2440.4,0.047158271074295044,0.0716086721775764,0.6799174129962922,0.05689972909539129
0.17071568908599707,0.9976192377618756,249.6,376.56808504695033,2440.4,0.047158271074295044,0.0716086721775764,0.6799174129962922,0.05689972909539129
0.19110987889461029,0.9976192377618756,249.6,376.56808504695033,2440.4,0.047158271074295044,0.0716086721775764,0.6799174129962922,0.05689972909539129
0.2115040687032235,0.9976192377618756,245.6,370.4091073197973,2444.4,0.045921307802200315,0.06953731635939617,0.6809715092182159,0.0552529351668418
0.2318982585118367,0.9976192377618756,243.9,367.828648308197,2446.1,0.04508539438247681,0.06818634769450717,0.6818443238735199,0.0539311141348772
0.25229244832044995,0.9976192377618756,230.7,347.9413842024395,2459.3,0.04976996183395386,0.07629407986203457,0.6832407772541046,0.0519986255689966
0.27268663812906313,0.9976192377618756,221.7,334.35639448852083,2468.3,0.05217911005020141,0.07907738862659631,0.683284854888916,0.052011939577640914
0.29308082793767637,0.9976192377618756,213.7,322.30532219902705,2476.3,0.04513420462608338,0.06811158349253388,0.6833858251571655,0.05184326119157438
0.31347501774628955,0.9976192377618756,200.6,302.56265372260924,2489.4,0.035780131816864014,0.05400206960618242,0.6871178090572357,0.04611402425859529
0.3338692075549028,0.9976192377618756,144.3,217.61958438640795,2545.7,0.039533644914627075,0.06217820548186161,0.7019153654575347,0.02478667027463101
0.354263397363516,0.9976192377618756,98.4,148.63678991068153,2591.6,0.016751182079315186,0.04248458969766305,0.7068386018276215,0.0177871119124701
0.3746575871721292,0.9976192377618756,31.2,70.5793034810479,2658.8,0.0030230283737182617,0.0068385652891179444,0.7071210682392121,0.01775533960940374
0.39505177698074245,0.9976192377618756,0.0,0.0,2690.0,0.0,0.0,0.7092165648937225,0.016541497630791494
0.41544596678935564,0.9976192377618756,0.0,0.0,2690.0,0.0,0.0,0.7092165648937225,0.016541497630791494
0.4358401565979689,0.9976192377618756,0.0,0.0,2690.0,0.0,0.0,0.7092165648937225,0.016541497630791494
0.45623434640658206,0.9976192377618756,0.0,0.0,2690.0,0.0,0.0,0.7092165648937225,0.016541497630791494
0.4766285362151953,0.9976192377618756,0.0,0.0,2690.0,0.0,0.0,0.7092165648937225,0.016541497630791494
0.4970227260238085,0.9976192377618756,0.0,0.0,2690.0,0.0,0.0,0.7092165648937225,0.016541497630791494
0.5174169158324218,0.9976192377618756,0.0,0.0,2690.0,0.0,0.0,0.7092165648937225,0.016541497630791494
0.537811105641035,0.9976192377618756,0.0,0.0,2690.0,0.0,0.0,0.7092165648937225,0.016541497630791494
0.5582052954496481,0.9976192377618756,0.0,0.0,2690.0,0.0,0.0,0.7092165648937225,0.016541497630791494
0.5785994852582613,0.9976192377618756,0.0,0.0,2690.0,0.0,0.0,0.7092165648937225,0.016541497630791494
0.5989936750668746,0.9976192377618756,0.0,0.0,2690.0,0.0,0.0,0.7092165648937225,0.016541497630791494
0.6193878648754878,0.9976192377618756,0.0,0.0,2690.0,0.0,0.0,0.7092165648937225,0.016541497630791494
0.639782054684101,0.9976192377618756,0.0,0.0,2690.0,0.0,0.0,0.7092165648937225,0.016541497630791494
0.6601762444927142,0.9976192377618756,0.0,0.0,2690.0,0.0,0.0,0.7092165648937225,0.016541497630791494
0.6805704343013275,0.9976192377618756,0.0,0.0,2690.0,0.0,0.0,0.7092165648937225,0.016541497630791494
0.7009646241099406,0.9976192377618756,0.0,0.0,2690.0,0.0,0.0,0.7092165648937225,0.016541497630791494
0.7213588139185538,0.9976192377618756,0.0,0.0,2690.0,0.0,0.0,0.7092165648937225,0.016541497630791494
0.7417530037271671,0.9976192377618756,0.0,0.0,2690.0,0.0,0.0,0.7092165648937225,0.016541497630791494
0.7621471935357803,0.9976192377618756,0.0,0.0,2690.0,0.0,0.0,0.7092165648937225,0.016541497630791494
0.7825413833443935,0.9976192377618756,0.0,0.0,2690.0,0.0,0.0,0.7092165648937225,0.016541497630791494
0.8029355731530067,0.9976192377618756,0.0,0.0,2690.0,0.0,0.0,0.7092165648937225,0.016541497630791494
0.82332976296162,0.9976192377618756,0.0,0.0,2690.0,0.0,0.0,0.7092165648937225,0.016541497630791494
0.8437239527702332,0.9976192377618756,0.0,0.0,2690.0,0.0,0.0,0.7092165648937225,0.016541497630791494
0.04835055023431778,1.0248091190691362,435.3,327.85726961071566,2254.7,0.20925495624542237,0.11860783110478802,0.6313774406909942,0.04719047551099614
0.06874474004293099,1.0248091190691362,400.7,343.3040862708466,2289.3,0.14947369694709778,0.13387513852735755,0.6384093344211579,0.0506828008699209
0.0891389298515442,1.0248091190691362,349.6,362.5461923000711,2340.4,0.15537263154983522,0.10657310019645291,0.6574225664138794,0.05751298413962969
0.10953311966015743,1.0248091190691362,321.8,371.4315105537147,2368.2,0.11254622340202332,0.08969969477563011,0.6656739711761475,0.0560875954245667
0.12992730946877062,1.0248091190691362,289.2,382.42542776326155,2400.8,0.06520041227340698,0.0773140397616099,0.676837819814682,0.056750891980645916
0.15032149927738386,1.0248091190691362,289.2,382.42542776326155,2400.8,0.06520041227340698,0.0773140397616099,0.676837819814682,0.056750891980645916
0.17071568908599707,1.0248091190691362,289.2,382.42542776326155,2400.8,0.06520041227340698,0.0773140397616099,0.676837819814682,0.056750891980645916
0.19110987889461029,1.0248091190691362,289.2,382.42542776326155,2400.8,0.06520041227340698,0.0773140397616099,0.676837819814682,0.056750891980645916
0.2115040687032235,1.0248091190691362,283.1,373.4003849261599,2406.9,0.06331581473350525,0.07458591070000169,0.6775282084941864,0.055710738178966296
0.2318982585118367,1.0248091190691362,276.0,362.86031979921916,2414.0,0.060995560884475705,0.07161722379229091,0.6794407665729523,0.05284671607865214
0.25229244832044995,1.0248091190691362,262.8,343.3871782097277,2427.2,0.06568012833595276,0.0788395714475922,0.680837219953537,0.05091055212264867
0.27268663812906313,1.0248091190691362,253.8,330.1125263397071,2436.2,0.06808927655220032,0.08126829862135958,0.6808812975883484,0.05092533350361868
0.29308082793767637,1.0248091190691362,245.8,318.3595964040032,2444.2,0.061044371128082274,0.07153987293575723,0.6809822678565979,0.050755762697196914
0.31347501774628955,1.0248091190691362,232.7,299.1562653564537,2457.3,0.05169029831886292,0.05970118319071844,0.6847142517566681,0.04500141759903147
0.3338692075549028,1.0248091190691362,176.4,217.63216462277455,2513.6,0.05544381141662598,0.06668002038612338,0.6995118081569671,0.02352550863798739
0.354263397363516,1.0248091190691362,130.5,154.18785707239337,2559.5,0.03266134858131409,0.052888908697545055,0.7044350445270539,0.016398432002438824
0.3746575871721292,1.0248091190691362,63.3,95.47509277509366,2626.7,0.018933194875717162,0.03588097192816871,0.7047175109386444,0.016387537106566947
0.39505177698074245,1.0248091190691362,32.1,72.61524492761659,2657.9,0.0159101665019989,0.03599129711469815,0.7068130075931549,0.015252804839176945
0.41544596678935564,1.0248091190691362,32.1,72.61524492761659,2657.9,0.0159101665019989,0.03599129711469815,0.7068130075931549,0.015252804839176945
0.4358401565979689,1.0248091190691362,32.1,72.61524492761659,2657.9,0.0159101665019989,0.03599129711469815,0.7068130075931549,0.015252804839176945
0.45623434640658206,1.0248091190691362,32.1,72.61524492761659,2657.9,0.0159101665019989,0.03599129711469815,0.7068130075931549,0.015252804839176945
0.4766285362151953,1.0248091190691362,32.1,72.61524492761659,2657.9,0.0159101665019989,0.03599129711469815,0.7068130075931549,0.015252804839176945
0.4970227260238085,1.0248091190691362,32.1,72.61524492761659,2657.9,0.0159101665019989,0.03599129711469815,0.7068130075931549,0.015252804839176945
0.5174169158324218,1.0248091190691362,32.1,72.61524492761659,2657.9,0.0159101665019989,0.03599129711469815,0.7068130075931549,0.015252804839176945
0.537811105641035,1.0248091190691362,27.5,62.20932197848773,2662.5,0.029693913459777833,0.06717229902620617,0.7071777403354644,0.015331673175117947
0.5582052954496481,1.0248091190691362,6.2,14.025374409695416,2683.8,0.06315637826919555,0.14286965348158367,0.7087061524391174,0.01612375253427569
0.5785994852582613,1.0248091190691362,0.0,0.0,2690.0,0.0,0.0,0.7092165648937225,0.016541497630791494
0.5989936750668746,1.0248091190691362,0.0,0.0,2690.0,0.0,0.0,0.7092165648937225,0.016541497630791494
0.6193878648754878,1.0248091190691362,0.0,0.0,2690.0,0.0,0.0,0.7092165648937225,0.016541497630791494
0.639782054684101,1.0248091190691362,0.0,0.0,2690.0,0.0,0.0,0.7092165648937225,0.016541497630791494
0.6601762444927142,1.0248091190691362,0.0,0.0,2690.0,0.0,0.0,0.7092165648937225,0.016541497630791494
0.6805704343013275,1.0248091190691362,0.0,0.0,2690.0,0.0,0.0,0.7092165648937225,0.016541497630791494
0.7009646241099406,1.0248091190691362,0.0,0.0,2690.0,0.0,0.0,0.7092165648937225,0.016541497630791494
0.7213588139185538,1.0248091190691362,0.0,0.0,2690.0,0.0,0.0,0.7092165648937225,0.016541497630791494
0.7417530037271671,1.0248091190691362,0.0,0.0,2690.0,0.0,0.0,0.7092165648937225,0.016541497630791494
0.7621471935357803,1.0248091190691362,0.0,0.0,2690.0,0.0,0.0,0.7092165648937225,0.016541497630791494
0.7825413833443935,1.0248091190691362,0.0,0.0,2690.0,0.0,0.0,0.7092165648937225,0.016541497630791494
0.8029355731530067,1.0248091190691362,0.0,0.0,2690.0,0.0,0.0,0.7092165648937225,0.016541497630791494
0.82332976296162,1.0248091190691362,0.0,0.0,2690.0,0.0,0.0,0.7092165648937225,0.016541497630791494
0.8437239527702332,1.0248091190691362,0.0,0.0,2690.0,0.0,0.0,0.7092165648937225,0.016541497630791494
0.04835055023431778,1.051999000376397,513.7,348.5176052856144,2176.3,0.20703930854797364,0.10836756270859363,0.620436555147171,0.048498111797167634
0.06874474004293099,1.051999000376397,477.3,367.91576012044396,2212.7,0.14778922796249389,0.12665844296544007,0.628296947479248,0.05289872794946214
0.0891389298515442,1.051999000376397,426.2,391.6571329633125,2263.8,0.15368816256523132,0.09741115908870039,0.6473101794719696,0.06128555315402389
0.10953311966015743,1.051999000376397,398.4,402.06214727722534,2291.6,0.11317822933197022,0.09074304538014889,0.6568023920059204,0.05933774538433829
0.12992730946877062,1.051999000376397,355.0,418.1906831464724,2335.0,0.07918241024017333,0.09186003520406284,0.6697538673877717,0.06016686654399476
0.15032149927738386,1.051999000376397,355.0,418.1906831464724,2335.0,0.07918241024017333,0.09186003520406284,0.6697538673877717,0.06016686654399476
0.17071568908599707,1.051999000376397,355.0,418.1906831464724,2335.0,0.07918241024017333,0.09186003520406284,0.6697538673877717,0.06016686654399476
0.19110987889461029,1.051999000376397,351.6,413.58549224588086,2338.4,0.07623977661132812,0.08800729354482249,0.6703046262264252,0.059314207750751705
0.2115040687032235,1.051999000376397,342.8,402.1046557859906,2347.2,0.07405098080635071,0.0853657103583673,0.6724561631679535,0.05612439364116235
0.2318982585118367,1.051999000376397,332.4,388.3708299755383,2357.6,0.0707284927368164,0.0818513950553343,0.675058263540268,0.05228614729815351
0.25229244832044995,1.051999000376397,319.2,371.38343967658113,2370.8,0.07541306018829345,0.08794573587684096,0.6764547169208527,0.050397516556955325
0.27268663812906313,1.051999000376397,310.2,359.94780566198136,2379.8,0.07782220840454102,0.08998136405200544,0.6764987945556641,0.050414627059443405
0.29308082793767637,1.051999000376397,302.2,349.9343874327937,2387.8,0.07077730298042298,0.08178042129547247,0.6765997648239136,0.05024834012672222
0.31347501774628955,1.051999000376397,289.1,333.8201843087104,2400.9,0.061423230171203616,0.07237297730254648,0.6803317487239837,0.044637148843222604
0.3338692075549028,1.051999000376397,232.8,270.02989760368587,2457.2,0.06517674326896668,0.07796343425719059,0.6951293051242828,0.02438327667478605
0.354263397363516,1.051999000376397,186.9,228.6267565080313,2503.1,0.042394280433654785,0.06842126363681568,0.7000525414943695,0.018290416076578574
0.3746575871721292,1.051999000376397,119.7,204.74821846166157,2570.3,0.02866612672805786,0.057650868627099366,0.70033500790596,0.018319111859157293
0.39505177698074245,1.051999000376397,88.5,200.20090891258778,2601.5,0.0256430983543396,0.058008718620041484,0.7024305045604706,0.01761050680770806
0.41544596678935564,1.051999000376397,88.5,200.20090891258778,2601.5,0.0256430983543396,0.058008718620041484,0.7024305045604706,0.01761050680770806
0.4358401565979689,1.051999000376397,88.5,200.20090891258778,2601.5,0.0256430983543396,0.058008718620041484,0.7024305045604706,0.01761050680770806
0.45623434640658206,1.051999000376397,88.5,200.20090891258778,2601.5,0.0256430983543396,0.058008718620041484,0.7024305045604706,0.01761050680770806
0.4766285362151953,1.051999000376397,88.5,200.20090891258778,2601.5,0.0256430983543396,0.058008718620041484,0.7024305045604706,0.01761050680770806
0.4970227260238085,1.051999000376397,88.5,200.20090891258778,2601.5,0.0256430983543396,0.058008718620041484,0.7024305045604706,0.01761050680770806
0.5174169158324218,1.051999000376397,88.5,200.20090891258778,2601.5,0.0256430983543396,0.058008718620041484,0.7024305045604706,0.01761050680770806
0.537811105641035,1.051999000376397,83.9,189.79498596345888,2606.1,0.02791544795036316,0.0631491305351948,0.7037055790424347,0.016349643890556275
0.5582052954496481,1.051999000376397,62.6,141.61103839466662,2627.4,0.027378386259078978,0.06193421258336175,0.7078469753265381,0.015589329899133137
0.5785994852582613,1.051999000376397,56.4,127.58566398497123,2633.6,0.02507244944572449,0.056717821103942946,0.7088662147521972,0.016247081307696504
0.5989936750668746,1.051999000376397,46.6,105.41652378900102,2643.4,0.02486993670463562,0.056259705456119545,0.709807139635086,0.017109570205468765
0.6193878648754878,1.051999000376397,0.0,0.0,2690.0,0.0,0.0,0.7092165648937225,0.016541497630791494
0.639782054684101,1.051999000376397,0.0,0.0,2690.0,0.0,0.0,0.7092165648937225,0.016541497630791494
0.6601762444927142,1.051999000376397,0.0,0.0,2690.0,0.0,0.0,0.7092165648937225,0.016541497630791494
0.6805704343013275,1.051999000376397,0.0,0.0,2690.0,0.0,0.0,0.7092165648937225,0.016541497630791494
0.7009646241099406,1.051999000376397,0.0,0.0,2690.0,0.0,0.0,0.7092165648937225,0.016541497630791494
0.7213588139185538,1.051999000376397,0.0,0.0,2690.0,0.0,0.0,0.7092165648937225,0.016541497630791494
0.7417530037271671,1.051999000376397,0.0,0.0,2690.0,0.0,0.0,0.7092165648937225,0.016541497630791494
0.7621471935357803,1.051999000376397,0.0,0.0,2690.0,0.0,0.0,0.7092165648937225,0.016541497630791494
0.7825413833443935,1.051999000376397,0.0,0.0,2690.0,0.0,0.0,0.7092165648937225,0.016541497630791494
0.8029355731530067,1.051999000376397,0.0,0.0,2690.0,0.0,0.0,0.7092165648937225,0.016541497630791494
0.82332976296162,1.051999000376397,0.0,0.0,2690.0,0.0,0.0,0.7092165648937225,0.016541497630791494
0.8437239527702332,1.051999000376397,0.0,0.0,2690.0,0.0,0.0,0.7092165648937225,0.016541497630791494
0.04835055023431778,1.0791888816836577,565.1,387.0141024957411,2124.9,0.2114995837211609,0.11183086302281318,0.6148075580596923,0.04946878262751161
0.06874474004293099,1.0791888816836577,527.2,407.72774968964086,2162.8,0.15356849431991576,0.12975369478671173,0.6236437678337097,0.05441977031430583
0.0891389298515442,1.0791888816836577,476.1,432.6371811908969,2213.9,0.1594674289226532,0.10121178548970576,0.6426569998264313,0.06340161247135628
0.10953311966015743,1.0791888816836577,446.2,444.1652507846927,2243.8,0.11943102478981019,0.09645989561533806,0.6538773834705353,0.06083730144869193
0.12992730946877062,1.0791888816836577,400.7,461.8099090268437,2289.3,0.08557594418525696,0.09884731826832238,0.6675996243953705,0.06163999178642242
0.15032149927738386,1.0791888816836577,400.7,461.8099090268437,2289.3,0.08557594418525696,0.09884731826832238,0.6675996243953705,0.06163999178642242
0.17071568908599707,1.0791888816836577,400.7,461.8099090268437,2289.3,0.08557594418525696,0.09884731826832238,0.6675996243953705,0.06163999178642242
0.19110987889461029,1.0791888816836577,395.5,455.6552401121741,2294.5,0.08189631700515747,0.09441420357491116,0.6685009181499482,0.06027440390150762
0.2115040687032235,1.0791888816836577,382.9,441.1824424994496,2307.1,0.07699998021125794,0.08912593714204683,0.6712627232074737,0.05625318540085428
0.2318982585118367,1.0791888816836577,372.5,429.2551090682885,2317.5,0.07367749214172363,0.0858307709629379,0.6738648235797882,0.05245804030639965
0.25229244832044995,1.0791888816836577,359.3,414.6753474293027,2330.7,0.07836205959320068,0.09157517563844796,0.675261276960373,0.05059456186635993
0.27268663812906313,1.0791888816836577,350.3,404.9726153381752,2339.7,0.08077120780944824,0.09348864614154526,0.6753053545951844,0.050612196728045955
0.29308082793767637,1.0791888816836577,342.3,396.55930506675844,2347.7,0.0737263023853302,0.08576213611002667,0.6754063248634339,0.05044791923561454
0.31347501774628955,1.0791888816836577,329.2,383.19511956874544,2360.8,0.06437222957611084,0.07704754434300813,0.679138308763504,0.04491811277955529
0.3338692075549028,1.0791888816836577,272.9,332.9956217185699,2417.1,0.0681257426738739,0.08224466941968007,0.6939358651638031,0.02529404574591486
0.354263397363516,1.0791888816836577,227.0,303.8638392922214,2463.0,0.04534327983856201,0.07378184416750815,0.6988591015338897,0.019658727016065032
0.3746575871721292,1.0791888816836577,159.8,291.6320981231102,2530.2,0.03161512613296509,0.06428026310926413,0.6991415679454803,0.01969516289143116
0.39505177698074245,1.0791888816836577,128.6,290.91341114303714,2561.4,0.028592097759246825,0.06467981874710485,0.7012370645999908,0.019112390562989
0.41544596678935564,1.0791888816836577,128.6,290.91341114303714,2561.4,0.028592097759246825,0.06467981874710485,0.7012370645999908,0.019112390562989
0.4358401565979689,1.0791888816836577,128.6,290.91341114303714,2561.4,0.028592097759246825,0.06467981874710485,0.7012370645999908,0.019112390562989
0.45623434640658206,1.0791888816836577,128.6,290.91341114303714,2561.4,0.028592097759246825,0.06467981874710485,0.7012370645999908,0.019112390562989
0.4766285362151953,1.0791888816836577,128.6,290.91341114303714,2561.4,0.028592097759246825,0.06467981874710485,0.7012370645999908,0.019112390562989
0.4970227260238085,1.0791888816836577,128.6,290.91341114303714,2561.4,0.028592097759246825,0.06467981874710485,0.7012370645999908,0.019112390562989
0.5174169158324218,1.0791888816836577,128.6,290.91341114303714,2561.4,0.028592097759246825,0.06467981874710485,0.7012370645999908,0.019112390562989
0.537811105641035,1.0791888816836577,124.0,280.5074881939083,2566.0,0.029368776082992553,0.06643678718039978,0.7038029491901397,0.016270367677186752
0.5582052954496481,1.0791888816836577,102.7,232.323540625116,2587.3,0.026734429597854614,0.06047748140960545,0.7104851961135864,0.01786301473388297
0.5785994852582613,1.0791888816836577,96.5,218.29816621542054,2593.5,0.024551236629486085,0.05553875579831789,0.7118281483650207,0.019625615156056386
0.5989936750668746,1.0791888816836577,86.7,196.1290260194504,2603.3,0.022716063261032104,0.05138730521779061,0.7130348324775696,0.02145417226772691
0.6193878648754878,1.0791888816836577,26.0,58.81608623420657,2664.0,-0.004079997539520264,0.009229595658452864,0.7115833222866058,0.019280631644479844
0.639782054684101,1.0791888816836577,0.0,0.0,2690.0,0.0,0.0,0.7092165648937225,0.016541497630791494
0.6601762444927142,1.0791888816836577,0.0,0.0,2690.0,0.0,0.0,0.7092165648937225,0.016541497630791494
0.6805704343013275,1.0791888816836577,0.0,0.0,2690.0,0.0,0.0,0.7092165648937225,0.016541497630791494
0.7009646241099406,1.0791888816836577,0.0,0.0,2690.0,0.0,0.0,0.7092165648937225,0.016541497630791494
0.7213588139185538,1.0791888816836577,0.0,0.0,2690.0,0.0,0.0,0.7092165648937225,0.016541497630791494
0.7417530037271671,1.0791888816836577,0.0,0.0,2690.0,0.0,0.0,0.7092165648937225,0.016541497630791494
0.7621471935357803,1.0791888816836577,0.0,0.0,2690.0,0.0,0.0,0.7092165648937225,0.016541497630791494
0.7825413833443935,1.0791888816836577,0.0,0.0,2690.0,0.0,0.0,0.7092165648937225,0.016541497630791494
0.8029355731530067,1.0791888816836577,0.0,0.0,2690.0,0.0,0.0,0.7092165648937225,0.016541497630791494
0.82332976296162,1.0791888816836577,0.0,0.0,2690.0,0.0,0.0,0.7092165648937225,0.016541497630791494
0.8437239527702332,1.0791888816836577,0.0,0.0,2690.0,0.0,0.0,0.7092165648937225,0.016541497630791494
0.04835055023431778,1.1063787629909183,589.5,409.6728870558548,2100.5,0.22003020644187926,0.11598549374199592,0.6099110007286072,0.04904498182174148
0.06874474004293099,1.1063787629909183,549.8,431.1227907289599,2140.2,0.16211209893226625,0.13481804218589746,0.6194539189338684,0.05462349464753672
0.0891389298515442,1.1063787629909183,498.7,456.1942224740593,2191.3,0.16801103353500366,0.10736105635005591,0.63846715092659,0.06428507375702015
0.10953311966015743,1.1063787629909183,467.3,468.24541026776706,2222.7,0.12703099250793456,0.10432635706694994,0.6507582247257233,0.06138950254970716
0.12992730946877062,1.1063787629909183,421.7,486.15951582606124,2268.3,0.09267062544822693,0.1075740652953592,0.6644760191440582,0.0625772700055619
0.15032149927738386,1.1063787629909183,421.7,486.15951582606124,2268.3,0.09267062544822693,0.1075740652953592,0.6644760191440582,0.0625772700055619
0.17071568908599707,1.1063787629909183,421.7,486.15951582606124,2268.3,0.09267062544822693,0.1075740652953592,0.6644760191440582,0.0625772700055619
0.19110987889461029,1.1063787629909183,414.4,478.01928193212945,2275.6,0.08661319017410278,0.100601062316306,0.6653904616832733,0.061238665117705246
0.2115040687032235,1.1063787629909183,401.2,463.84235553952954,2288.8,0.08169537186622619,0.09576950508284919,0.6683195769786835,0.05711755574287276
0.2318982585118367,1.1063787629909183,390.8,452.75176629799375,2299.2,0.0783728837966919,0.09280639673980369,0.670921677350998,0.05346540294154459
0.25229244832044995,1.1063787629909183,377.6,439.26592925962143,2312.4,0.08305745124816895,0.09801584224631495,0.6723181307315826,0.05168352563626714
0.27268663812906313,1.1063787629909183,368.6,430.3359469189454,2321.4,0.08546659946441651,0.09974144435549302,0.672362208366394,0.05170221575084089
0.29308082793767637,1.1063787629909183,360.6,422.62509992755076,2329.4,0.07842169404029846,0.09274151927282419,0.6724631786346436,0.051544690804833364
0.31347501774628955,1.1063787629909183,347.5,410.44343200411447,2342.5,0.0690676212310791,0.08504184886694428,0.6761951625347138,0.04628163878964113
0.3338692075549028,1.1063787629909183,291.2,365.62690107484025,2398.8,0.07282113432884216,0.08966568762493463,0.6909927189350128,0.028524869306311755
0.354263397363516,1.1063787629909183,245.3,340.7130537931599,2444.7,0.05003867149353027,0.08271129653010785,0.6959159553050995,0.02401713195982907
0.3746575871721292,1.1063787629909183,178.1,331.9637083082844,2511.9,0.03631051778793335,0.07485086818008949,0.6961984217166901,0.024066614063707675
0.39505177698074245,1.1063787629909183,146.9,332.3108872232672,2543.1,0.03328748941421509,0.07530153261179667,0.6982939183712006,0.023740248450442238
0.41544596678935564,1.1063787629909183,146.9,332.3108872232672,2543.1,0.03328748941421509,0.07530153261179667,0.6982939183712006,0.023740248450442238
0.4358401565979689,1.1063787629909183,146.9,332.3108872232672,2543.1,0.03328748941421509,0.07530153261179667,0.6982939183712006,0.023740248450442238
0.45623434640658206,1.1063787629909183,146.9,332.3108872232672,2543.1,0.03328748941421509,0.07530153261179667,0.6982939183712006,0.023740248450442238
0.4766285362151953,1.1063787629909183,146.9,332.3108872232672,2543.1,0.03328748941421509,0.07530153261179667,0.6982939183712006,0.023740248450442238
0.4970227260238085,1.1063787629909183,146.9,332.3108872232672,2543.1,0.03328748941421509,0.07530153261179667,0.6982939183712006,0.023740248450442238
0.5174169158324218,1.1063787629909183,146.9,332.3108872232672,2543.1,0.03328748941421509,0.07530153261179667,0.6982939183712006,0.023740248450442238
0.537811105641035,1.1063787629909183,142.3,321.90496427413836,2547.7,0.03375101685523987,0.07635010453269028,0.7022340476512909,0.01783834870736611
0.5582052954496481,1.1063787629909183,121.0,273.72101670534596,2569.0,0.03096325397491455,0.0700437467646236,0.7110754609107971,0.018597220663553644
0.5785994852582613,1.1063787629909183,114.8,259.6956422956506,2575.2,0.028903502225875854,0.06538426459183447,0.7126303076744079,0.0208191996172598
0.5989936750668746,1.1063787629909183,99.8,225.76328485283912,2590.2,0.025280433893203735,0.057188314611570375,0.7134538352489471,0.02213256495236045
0.6193878648754878,1.1063787629909183,26.0,58.81608623420657,2664.0,-0.004079997539520264,0.009229595658452864,0.7115833222866058,0.019280631644479844
0.639782054684101,1.1063787629909183,0.0,0.0,2690.0,0.0,0.0,0.7092165648937225,0.016541497630791494
0.6601762444927142,1.1063787629909183,0.0,0.0,2690.0,0.0,0.0,0.7092165648937225,0.016541497630791494
0.6805704343013275,1.1063787629909183,0.0,0.0,2690.0,0.0,0.0,0.7092165648937225,0.016541497630791494
0.7009646241099406,1.1063787629909183,0.0,0.0,2690.0,0.0,0.0,0.7092165648937225,0.016541497630791494
0.7213588139185538,1.1063787629909183,0.0,0.0,2690.0,0.0,0.0,0.7092165648937225,0.016541497630791494
0.7417530037271671,1.1063787629909183,0.0,0.0,2690.0,0.0,0.0,0.7092165648937225,0.016541497630791494
0.7621471935357803,1.1063787629909183,0.0,0.0,2690.0,0.0,0.0,0.7092165648937225,0.016541497630791494
0.7825413833443935,1.1063787629909183,0.0,0.0,2690.0,0.0,0.0,0.7092165648937225,0.016541497630791494
0.8029355731530067,1.1063787629909183,0.0,0.0,2690.0,0.0,0.0,0.7092165648937225,0.016541497630791494
0.82332976296162,1.1063787629909183,0.0,0.0,2690.0,0.0,0.0,0.7092165648937225,0.016541497630791494
0.8437239527702332,1.1063787629909183,0.0,0.0,2690.0,0.0,0.0,0.7092165648937225,0.016541497630791494
0.04835055023431778,1.1335686442981792,672.9,398.68247255848576,2017.1,0.22991626858711242,0.1255298438511483,0.6023869395256043,0.04782640859018735
0.06874474004293099,1.1335686442981792,631.7,425.9891545841895,2058.3,0.1670265316963196,0.14620299986060323,0.6119735479354859,0.05420935607040252
0.0891389298515442,1.1335686442981792,578.6,457.276069560008,2111.4,0.17122103571891784,0.12073421144964687,0.6315294563770294,0.0650451949816694
0.10953311966015743,1.1335686442981792,543.7,473.31635319129737,2146.3,0.1293221354484558,0.11827494022913089,0.6452848255634308,0.06181371231430895
0.12992730946877062,1.1335686442981792,498.1,495.0630957990216,2191.9,0.09496176838874817,0.12151821657805478,0.6590026199817658,0.06366759242338745
0.15032149927738386,1.1335686442981792,498.1,495.0630957990216,2191.9,0.09496176838874817,0.12151821657805478,0.6590026199817658,0.06366759242338745
0.17071568908599707,1.1335686442981792,497.5,494.42235249800575,2192.5,0.09484782218933105,0.12138852692872974,0.6592920899391175,0.0632152581641485
0.19110987889461029,1.1335686442981792,487.8,484.4739117187467,2202.2,0.08811129927635193,0.1144940966319855,0.6616801142692565,0.05962728544912801
0.2115040687032235,1.1335686442981792,472.9,469.84839690062165,2217.1,0.08273969292640686,0.10988328364408256,0.6644184172153473,0.055787015110745505
0.2318982585118367,1.1335686442981792,462.5,459.825974698753,2227.5,0.07941720485687256,0.10732898469155132,0.6670205175876618,0.05215236376586667
0.25229244832044995,1.1335686442981792,449.3,447.7573046191633,2240.7,0.08410177230834961,0.11183928494937108,0.6684169709682465,0.050385530925411696
0.27268663812906313,1.1335686442981792,440.3,439.8350863145736,2249.7,0.08651092052459716,0.1133420264728516,0.6684610486030579,0.05040664204486208
0.29308082793767637,1.1335686442981792,432.3,433.0475068849252,2257.7,0.07946601510047913,0.10727262050260505,0.6685620188713074,0.05024951282656443
0.31347501774628955,1.1335686442981792,419.2,422.43355390314423,2270.8,0.07011194229125976,0.10074547428188026,0.6722940027713775,0.04501893936895652
0.3338692075549028,1.1335686442981792,362.9,385.04523584747204,2327.1,0.07386545538902282,0.10465664062387765,0.6870915591716766,0.027641097438019232
0.354263397363516,1.1335686442981792,317.0,366.61248520958003,2373.0,0.05108299255371094,0.0989004131524114,0.6920147955417633,0.023431303305759033
0.3746575871721292,1.1335686442981792,249.8,366.0580381543432,2440.2,0.03735483884811401,0.09251534496300477,0.6922972619533538,0.02350868737685406
0.39505177698074245,1.1335686442981792,218.6,369.8284047541172,2471.4,0.03433181047439575,0.09289966373844512,0.6943927586078644,0.023374178990969535
0.41544596678935564,1.1335686442981792,218.6,369.8284047541172,2471.4,0.03433181047439575,0.09289966373844512,0.6943927586078644,0.023374178990969535
0.4358401565979689,1.1335686442981792,218.6,369.8284047541172,2471.4,0.03433181047439575,0.09289966373844512,0.6943927586078644,0.023374178990969535
0.45623434640658206,1.1335686442981792,218.6,369.8284047541172,2471.4,0.03433181047439575,0.09289966373844512,0.6943927586078644,0.023374178990969535
0.4766285362151953,1.1335686442981792,218.6,369.8284047541172,2471.4,0.03433181047439575,0.09289966373844512,0.6943927586078644,0.023374178990969535
0.4970227260238085,1.1335686442981792,218.6,369.8284047541172,2471.4,0.03433181047439575,0.09289966373844512,0.6943927586078644,0.023374178990969535
0.5174169158324218,1.1335686442981792,218.6,369.8284047541172,2471.4,0.03433181047439575,0.09289966373844512,0.6943927586078644,0.023374178990969535
0.537811105641035,1.1335686442981792,213.1,358.2601930025854,2476.9,0.03468159437179565,0.09368341022862323,0.6986140489578248,0.017582919916068827
0.5582052954496481,1.1335686442981792,186.3,302.8839969030013,2503.7,0.02873043417930603,0.0803689664305681,0.7077589571475983,0.020513825777811613
0.5785994852582613,1.1335686442981792,174.7,279.5914098963926,2515.3,0.02363046407699585,0.06900459456136003,0.7087539792060852,0.022013573985793067
0.5989936750668746,1.1335686442981792,150.9,241.93414509411895,2539.1,0.0158871591091156,0.06318283053841686,0.7114046692848206,0.022300538337766795
0.6193878648754878,1.1335686442981792,61.5,94.1214762938602,2628.5,-0.01431121826171875,0.023945545977772764,0.7115713059902191,0.01927785504347043
0.639782054684101,1.1335686442981792,24.5,55.42285048992542,2665.5,0.012308686971664429,0.027844184398279615,0.7086589097976684,0.016392339816111354
0.6601762444927142,1.1335686442981792,0.0,0.0,2690.0,0.0,0.0,0.7092165648937225,0.016541497630791494
0.6805704343013275,1.1335686442981792,0.0,0.0,2690.0,0.0,0.0,0.7092165648937225,0.016541497630791494
0.7009646241099406,1.1335686442981792,0.0,0.0,2690.0,0.0,0.0,0.7092165648937225,0.016541497630791494
0.7213588139185538,1.1335686442981792,0.0,0.0,2690.0,0.0,0.0,0.7092165648937225,0.016541497630791494
0.7417530037271671,1.1335686442981792,0.0,0.0,2690.0,0.0,0.0,0.7092165648937225,0.016541497630791494
0.7621471935357803,1.1335686442981792,0.0,0.0,2690.0,0.0,0.0,0.7092165648937225,0.016541497630791494
0.7825413833443935,1.1335686442981792,0.0,0.0,2690.0,0.0,0.0,0.7092165648937225,0.016541497630791494
0.8029355731530067,1.1335686442981792,0.0,0.0,2690.0,0.0,0.0,0.7092165648937225,0.016541497630791494
0.82332976296162,1.1335686442981792,0.0,0.0,2690.0,0.0,0.0,0.7092165648937225,0.016541497630791494
0.8437239527702332,1.1335686442981792,0.0,0.0,2690.0,0.0,0.0,0.7092165648937225,0.016541497630791494
0.04835055023431778,1.1607585256054398,740.6,422.47237072148215,1949.4,0.26269291043281556,0.10414918840616795,0.6003130614757538,0.04934562352791838
0.06874474004293099,1.1607585256054398,698.2,452.5375906925713,1991.8,0.20039310455322265,0.13823625534614514,0.608783757686615,0.05530275082104624
0.0891389298515442,1.1607585256054398,645.0,486.290249732618,2045.0,0.204818058013916,0.11027517774404574,0.6283916294574737,0.06648151359845746
0.10953311966015743,1.1607585256054398,608.7,504.4258851579384,2081.3,0.16119201779365538,0.1141814985966435,0.6424887597560882,0.06340096691110357
0.12992730946877062,1.1607585256054398,563.1,528.0863598130244,2126.9,0.12683165073394775,0.12272091246951326,0.6562065541744232,0.06554332762553305
0.15032149927738386,1.1607585256054398,563.1,528.0863598130244,2126.9,0.12683165073394775,0.12272091246951326,0.6562065541744232,0.06554332762553305
0.17071568908599707,1.1607585256054398,560.9,526.0143689045013,2129.1,0.1261442184448242,0.12203613195424723,0.6570195078849792,0.06430136808159187
0.19110987889461029,1.1607585256054398,551.2,517.3509194836979,2138.8,0.11940769553184509,0.11621658101722836,0.6594075322151184,0.06082829729053104
0.2115040687032235,1.1607585256054398,532.4,500.99733193738683,2157.6,0.11237942576408386,0.11115857378083467,0.6628449440002442,0.056085878534251725
0.2318982585118367,1.1607585256054398,522.0,492.3255332826079,2168.0,0.10905693769454956,0.1091484826504093,0.6654470443725586,0.052516281279967214
0.25229244832044995,1.1607585256054398,508.8,482.0002661672549,2181.2,0.11374150514602661,0.11288936132361314,0.6668434977531433,0.050786722741934395
0.27268663812906313,1.1607585256054398,499.8,475.2909857627637,2190.2,0.11615065336227418,0.11402278034690354,0.6668875753879547,0.050808443316608026
0.29308082793767637,1.1607585256054398,491.8,469.5935089589251,2198.2,0.10910574793815613,0.10908551792517131,0.6669885456562042,0.05065434393282197
0.31347501774628955,1.1607585256054398,478.7,460.7867301159493,2211.3,0.09975167512893676,0.10419776462351711,0.6707205295562744,0.04554373395462891
0.3338692075549028,1.1607585256054398,422.4,431.211726162413,2267.6,0.10350518822669982,0.10739655510540072,0.6855180859565735,0.028948832418770058
0.354263397363516,1.1607585256054398,376.5,418.56200999380195,2313.5,0.08072272539138795,0.10549978776127024,0.6904413223266601,0.025136426544680273
0.3746575871721292,1.1607585256054398,309.3,423.479479689492,2380.7,0.06699457168579101,0.10183675077262683,0.6907237887382507,0.025218599780731894
0.39505177698074245,1.1607585256054398,278.1,429.20916918421165,2411.9,0.06397154331207275,0.10268337984068218,0.6928192853927613,0.025167860219848112
0.41544596678935564,1.1607585256054398,278.1,429.20916918421165,2411.9,0.06397154331207275,0.10268337984068218,0.6928192853927613,0.025167860219848112
0.4358401565979689,1.1607585256054398,278.1,429.20916918421165,2411.9,0.06397154331207275,0.10268337984068218,0.6928192853927613,0.025167860219848112
0.45623434640658206,1.1607585256054398,278.1,429.20916918421165,2411.9,0.06397154331207275,0.10268337984068218,0.6928192853927613,0.025167860219848112
0.4766285362151953,1.1607585256054398,276.7,426.6484183066752,2413.3,0.06353163719177246,0.10180716041184766,0.6931519389152527,0.02460229986334937
0.4970227260238085,1.1607585256054398,273.7,421.18885863819713,2416.3,0.06303341388702392,0.10081744858675344,0.6934077441692352,0.024174327137641644
0.5174169158324218,1.1607585256054398,272.0,418.11235969071316,2418.0,0.06211652159690857,0.09900373343950067,0.6937051296234131,0.023684841610614082
0.537811105641035,1.1607585256054398,265.5,406.4700843108075,2424.5,0.06194801926612854,0.09867153328314383,0.6979477882385254,0.018036863860314493
0.5582052954496481,1.1607585256054398,238.7,360.83688530874133,2451.3,0.05599685907363892,0.0871962679696802,0.707092696428299,0.02106929543997395
0.5785994852582613,1.1607585256054398,227.1,342.5304778859937,2462.9,0.050896888971328734,0.07787032661014054,0.7080877184867859,0.022548824699793343
0.5989936750668746,1.1607585256054398,203.3,306.6611655674518,2486.7,0.044300615787506104,0.06763867575379158,0.7123459577560425,0.022103145866244372
0.6193878648754878,1.1607585256054398,113.9,200.9954751532007,2576.1,0.012137746810913086,0.03881203099242948,0.7139155387878418,0.020506096559565132
0.639782054684101,1.1607585256054398,76.9,173.95988582348022,2613.1,0.022068458795547485,0.04992232213749828,0.7111841142177582,0.01778703247620454
0.6601762444927142,1.1607585256054398,48.2,109.03597524956756,2641.8,0.016004467010498048,0.03620461968546029,0.7121104419231414,0.018714347480722968
0.6805704343013275,1.1607585256054398,0.0,0.0,2690.0,0.0,0.0,0.7092165648937225,0.016541497630791494
0.7009646241099406,1.1607585256054398,0.0,0.0,2690.0,0.0,0.0,0.7092165648937225,0.016541497630791494
0.7213588139185538,1.1607585256054398,0.0,0.0,2690.0,0.0,0.0,0.7092165648937225,0.016541497630791494
0.7417530037271671,1.1607585256054398,0.0,0.0,2690.0,0.0,0.0,0.7092165648937225,0.016541497630791494
0.7621471935357803,1.1607585256054398,0.0,0.0,2690.0,0.0,0.0,0.7092165648937225,0.016541497630791494
0.7825413833443935,1.1607585256054398,0.0,0.0,2690.0,0.0,0.0,0.7092165648937225,0.016541497630791494
0.8029355731530067,1.1607585256054398,0.0,0.0,2690.0,0.0,0.0,0.7092165648937225,0.016541497630791494
0.82332976296162,1.1607585256054398,0.0,0.0,2690.0,0.0,0.0,0.7092165648937225,0.016541497630791494
0.8437239527702332,1.1607585256054398,0.0,0.0,2690.0,0.0,0.0,0.7092165648937225,0.016541497630791494
0.04835055023431778,1.1879484069127004,805.7,473.4289016335212,1884.3,0.3028963327407837,0.12580352012090928,0.5810219764709472,0.048702510671457144
0.06874474004293099,1.1879484069127004,762.7,503.9241389172162,1927.3,0.2419520914554596,0.16407056742195908,0.5895334541797638,0.056388060872138435
0.0891389298515442,1.1879484069127004,708.6,538.4508744244374,1981.4,0.2448381304740906,0.14057347061263212,0.6094769299030304,0.07046559603894752
0.10953311966015743,1.1879484069127004,671.4,557.5253675813843,2018.6,0.2019477367401123,0.15050660693451728,0.6241648972034455,0.06935359926131583
0.12992730946877062,1.1879484069127004,625.8,581.8209587076353,2064.2,0.16758736968040466,0.16207327438952718,0.6378826916217804,0.07329402697155317
0.15032149927738386,1.1879484069127004,625.8,581.8209587076353,2064.2,0.16758736968040466,0.16207327438952718,0.6378826916217804,0.07329402697155317
0.17071568908599707,1.1879484069127004,618.2,574.8639233315638,2071.8,0.1457164466381073,0.1376525744885852,0.6426730275154113,0.0691179814745004
0.19110987889461029,1.1879484069127004,608.5,567.5045810584461,2081.5,0.13897992372512818,0.13308510270030094,0.6450610518455505,0.06619419170827717
0.2115040687032235,1.1879484069127004,587.7,552.0469028786616,2102.3,0.13107725381851196,0.12869251056046985,0.6491517066955567,0.06146445033103196
0.2318982585118367,1.1879484069127004,577.3,544.7897831348444,2112.7,0.12775476574897765,0.12723824512419213,0.6517538070678711,0.05857245173654732
0.25229244832044995,1.1879484069127004,564.1,536.2516544390222,2125.9,0.1324393332004547,0.1300791289115783,0.6531502604484558,0.05721720737850521
0.27268663812906313,1.1879484069127004,555.1,530.7627350491751,2134.9,0.13484848141670228,0.13086840962704968,0.6531943380832672,0.05724248329916992
0.29308082793767637,1.1879484069127004,547.1,526.1451475446609,2142.9,0.12780357599258424,0.1271801561840919,0.6532953083515167,0.05711951357776764
0.31347501774628955,1.1879484069127004,534.0,519.0942860751088,2156.0,0.11844950318336486,0.12381926971037274,0.657027292251587,0.053189488892256234
0.3338692075549028,1.1879484069127004,477.7,496.60702367095354,2212.3,0.12220301628112792,0.12620715733116056,0.671824848651886,0.04270069905751958
0.354263397363516,1.1879484069127004,431.8,488.6262730014826,2258.2,0.09942055344581605,0.12652610345487136,0.6767480850219727,0.04115602574674296
0.3746575871721292,1.1879484069127004,364.6,497.1139991893938,2325.4,0.08569239974021911,0.12466464995113567,0.6770305514335633,0.04125960257641806
0.39505177698074245,1.1879484069127004,333.4,503.95439429920964,2356.6,0.08266937136650085,0.1256133202991042,0.6791260480880738,0.0416224566689571
0.41544596678935564,1.1879484069127004,332.3,502.1769304451776,2357.7,0.0823473334312439,0.12506592694311774,0.6801368236541748,0.040453798507636064
0.4358401565979689,1.1879484069127004,330.4,499.1210768727168,2359.6,0.08161580562591553,0.1238294253035694,0.6802170097827911,0.040365184196182236
0.45623434640658206,1.1879484069127004,327.4,494.33367234511496,2362.6,0.0808789849281311,0.12259395096699881,0.6803316593170166,0.04023956552368154
0.4766285362151953,1.1879484069127004,321.3,484.7464995276753,2368.7,0.07876054644584655,0.1191003964220336,0.6820371508598327,0.03852901276128591
0.4970227260238085,1.1879484069127004,318.3,480.1067658600219,2371.7,0.07826232314109802,0.11829198100003652,0.6822929561138154,0.038299386954164995
0.5174169158324218,1.1879484069127004,316.6,477.50038644597475,2373.4,0.07734543085098267,0.11681803351727665,0.6825903415679931,0.03804176010013699
0.537811105641035,1.1879484069127004,310.1,467.6924999959387,2379.9,0.07717692852020264,0.11654914564779344,0.6868330001831054,0.03556905769112761
0.5582052954496481,1.1879484069127004,283.3,430.21025485587046,2406.7,0.07122576832771302,0.10748899563835626,0.695977908372879,0.03872121945236677
0.5785994852582613,1.1879484069127004,271.7,415.68385882354454,2418.3,0.06612579822540283,0.10051271022866798,0.696972930431366,0.0397044560152441
0.5989936750668746,1.1879484069127004,247.9,382.6264886363056,2442.1,0.06021888852119446,0.09226484983929047,0.7077666044235229,0.0248283198819537
0.6193878648754878,1.1879484069127004,158.5,298.97036084398223,2531.5,0.02867310047149658,0.07567610330975694,0.71342453956604,0.02013973456837954
0.639782054684101,1.1879484069127004,113.0,255.62375940251323,2577.0,0.032669955492019655,0.07390457382639685,0.7109062016010285,0.01754810992454388
0.6601762444927142,1.1879484069127004,59.8,135.2769983386751,2630.2,0.020869624614715577,0.04721037080825506,0.7125864088535309,0.01926225131907627
0.6805704343013275,1.1879484069127004,0.0,0.0,2690.0,0.0,0.0,0.7092165648937225,0.016541497630791494
0.7009646241099406,1.1879484069127004,0.0,0.0,2690.0,0.0,0.0,0.7092165648937225,0.016541497630791494
0.7213588139185538,1.1879484069127004,0.0,0.0,2690.0,0.0,0.0,0.7092165648937225,0.016541497630791494
0.7417530037271671,1.1879484069127004,0.0,0.0,2690.0,0.0,0.0,0.7092165648937225,0.016541497630791494
0.7621471935357803,1.1879484069127004,0.0,0.0,2690.0,0.0,0.0,0.7092165648937225,0.016541497630791494
0.7825413833443935,1.1879484069127004,0.0,0.0,2690.0,0.0,0.0,0.7092165648937225,0.016541497630791494
0.8029355731530067,1.1879484069127004,0.0,0.0,2690.0,0.0,0.0,0.7092165648937225,0.016541497630791494
0.82332976296162,1.1879484069127004,0.0,0.0,2690.0,0.0,0.0,0.7092165648937225,0.016541497630791494
0.8437239527702332,1.1879484069127004,0.0,0.0,2690.0,0.0,0.0,0.7092165648937225,0.016541497630791494
0.04835055023431778,1.2151382882199613,952.1,554.5037374943194,1737.9,0.4117674469947815,0.2050588833082982,0.555651330947876,0.06653718770709004
0.06874474004293099,1.2151382882199613,908.0,587.520342429629,1782.0,0.35159425139427186,0.24631850902824834,0.5645623505115509,0.07425728064530683
0.0891389298515442,1.2151382882199613,848.8,624.9866950330088,1841.2,0.3552626848220825,0.23337270426066323,0.5843400239944458,0.08924611307796754
0.10953311966015743,1.2151382882199613,811.6,640.5208959113086,1878.4,0.31379122734069825,0.25019324165587953,0.6002765953540802,0.0869432995321346
0.12992730946877062,1.2151382882199613,766.0,656.4458917908598,1924.0,0.21694567799568176,0.2137445309713857,0.6150244414806366,0.08941272097352501
0.15032149927738386,1.2151382882199613,766.0,656.4458917908598,1924.0,0.21694567799568176,0.2137445309713857,0.6150244414806366,0.08941272097352501
0.17071568908599707,1.2151382882199613,740.6,629.6957083662613,1949.4,0.2055878758430481,0.20101227134082816,0.6248519122600555,0.07751832933332684
0.19110987889461029,1.2151382882199613,689.0,576.926955177719,2001.0,0.15600743293762206,0.14294870983335264,0.6288925170898437,0.07487440827776916
0.2115040687032235,1.2151382882199613,662.6,558.9578512928882,2027.4,0.14591668248176576,0.1380106565337398,0.6356182217597961,0.06816615270964521
0.2318982585118367,1.2151382882199613,652.2,552.5937294972221,2037.8,0.14259419441223145,0.13686057825950412,0.6382203221321106,0.06587506753043892
0.25229244832044995,1.2151382882199613,639.0,545.2101209403561,2051.0,0.1472787618637085,0.13922202911483214,0.6396167755126954,0.06483897638206092
0.27268663812906313,1.2151382882199613,630.0,540.5218772515151,2060.0,0.14968791007995605,0.13981444586445468,0.6396608531475068,0.06486651134039383
0.29308082793767637,1.2151382882199613,622.0,536.6236478271672,2068.0,0.142643004655838,0.13680356465088722,0.6397618234157563,0.06477001758166079
0.31347501774628955,1.2151382882199613,608.9,530.7644490929016,2081.1,0.13328893184661866,0.13427392540163535,0.6434938073158264,0.06179865567917554
0.3338692075549028,1.2151382882199613,552.6,513.4841194888957,2137.4,0.13704244494438172,0.13624676356135287,0.6582913637161255,0.05514561030906646
0.354263397363516,1.2151382882199613,505.6,507.9982379615458,2184.4,0.11417128443717957,0.13781071967550718,0.6637059628963471,0.054180439512611506
0.3746575871721292,1.2151382882199613,438.4,521.6019918727754,2251.6,0.10044313073158265,0.13694705498683604,0.6639884293079377,0.05429775077668563
0.39505177698074245,1.2151382882199613,405.4,527.8820417920838,2284.6,0.09610778093338013,0.13596944826100274,0.6663881957530975,0.05456890617202335
0.41544596678935564,1.2151382882199613,400.9,521.1680904005854,2289.1,0.09546104669570923,0.13498402804072468,0.6688784301280976,0.05248313908314327
0.4358401565979689,1.2151382882199613,399.0,518.3672247591331,2291.0,0.09472951889038086,0.13387993662562678,0.6689586162567138,0.05242465819742272
0.45623434640658206,1.2151382882199613,396.0,513.9869099923263,2294.0,0.09399269819259644,0.13277942506744167,0.6690732657909393,0.05234202112757706
0.4766285362151953,1.2151382882199613,389.9,505.24429869492377,2300.1,0.09187425971031189,0.1296826709712518,0.6707787573337555,0.05125216736714566
0.4970227260238085,1.2151382882199613,386.9,501.0281158650757,2303.1,0.09137603640556335,0.1289694281123631,0.6710345625877381,0.05111181794813067
0.5174169158324218,1.2151382882199613,385.2,498.66411984155854,2304.8,0.090459144115448,0.1276724206316092,0.6713319480419159,0.0509564305102181
0.537811105641035,1.2151382882199613,378.7,489.7985636337358,2311.3,0.09029064178466797,0.12743629869518677,0.6755746066570282,0.049687610489813565
0.5582052954496481,1.2151382882199613,351.9,456.4404921253208,2338.1,0.08433948159217834,0.11957817284853914,0.6847195148468017,0.05310475732255463
0.5785994852582613,1.2151382882199613,337.8,439.3167452851935,2352.2,0.07733998894691467,0.1101993328572424,0.6861520051956177,0.05306073409746576
0.5989936750668746,1.2151382882199613,307.4,396.5502934002685,2382.6,0.06969757676124573,0.09921313313207727,0.7023983716964721,0.02820874247517983
0.6193878648754878,1.2151382882199613,211.5,310.0865219356474,2478.5,0.034951412677764894,0.07825006184725335,0.7090728640556335,0.023744748491500878
0.639782054684101,1.2151382882199613,142.7,256.98433938284643,2547.3,0.03714252114295959,0.07347168352532124,0.7086735188961029,0.018891041515209338
0.6601762444927142,1.2151382882199613,59.8,135.2769983386751,2630.2,0.020869624614715577,0.04721037080825506,0.7125864088535309,0.01926225131907627
0.6805704343013275,1.2151382882199613,0.0,0.0,2690.0,0.0,0.0,0.7092165648937225,0.016541497630791494
0.7009646241099406,1.2151382882199613,0.0,0.0,2690.0,0.0,0.0,0.7092165648937225,0.016541497630791494
0.7213588139185538,1.2151382882199613,0.0,0.0,2690.0,0.0,0.0,0.7092165648937225,0.016541497630791494
0.7417530037271671,1.2151382882199613,0.0,0.0,2690.0,0.0,0.0,0.7092165648937225,0.016541497630791494
0.7621471935357803,1.2151382882199613,0.0,0.0,2690.0,0.0,0.0,0.7092165648937225,0.016541497630791494
0.7825413833443935,1.2151382882199613,0.0,0.0,2690.0,0.0,0.0,0.7092165648937225,0.016541497630791494
0.8029355731530067,1.2151382882199613,0.0,0.0,2690.0,0.0,0.0,0.7092165648937225,0.016541497630791494
0.82332976296162,1.2151382882199613,0.0,0.0,2690.0,0.0,0.0,0.7092165648937225,0.016541497630791494
0.8437239527702332,1.2151382882199613,0.0,0.0,2690.0,0.0,0.0,0.7092165648937225,0.016541497630791494
0.04835055023431778,1.242328169527222,1050.2,618.1780892514461,1639.8,0.4080239713191986,0.19831388582687962,0.5510192036628723,0.06575156649967404
0.06874474004293099,1.242328169527222,1005.2,652.2596565247358,1684.8,0.3461933612823486,0.2405040875586021,0.5601492464542389,0.07399572729652512
0.0891389298515442,1.242328169527222,937.7,681.3264581356068,1752.3,0.35259212255477906,0.22515253449679642,0.5782798230648041,0.09128296534339601
0.10953311966015743,1.242328169527222,900.4,693.6445245325151,1789.6,0.3080386817455292,0.23871950157011262,0.5946869075298309,0.08865073434744211
0.12992730946877062,1.242328169527222,854.8,702.7018852857362,1835.2,0.20039306879043578,0.23200531049775655,0.6090955674648285,0.09094473296554233
0.15032149927738386,1.242328169527222,854.6,702.4797693990423,1835.4,0.20033890008926392,0.23193535110778668,0.6093530893325806,0.09063423448501053
0.17071568908599707,1.242328169527222,818.8,664.0339456473328,1871.2,0.19182410836219788,0.22311835808345845,0.6155580282211304,0.08438176875135284
0.19110987889461029,1.242328169527222,751.2,595.0456487867516,1938.8,0.1429351031780243,0.16811596910261106,0.6227810204029083,0.07780731137820576
0.2115040687032235,1.242328169527222,721.8,576.9775909280793,1968.2,0.12980685830116273,0.16136607723788784,0.630034339427948,0.07105001590500166
0.2318982585118367,1.242328169527222,711.4,571.4273671553419,1978.6,0.12648437023162842,0.16019369430597613,0.6326364398002624,0.0689748365399772
0.25229244832044995,1.242328169527222,698.2,565.0770989776079,1991.8,0.13116893768310547,0.1624801408095894,0.6340328931808472,0.06805118514990333
0.27268663812906313,1.242328169527222,689.2,561.0952204716599,2000.8,0.13357808589935302,0.16312338112081085,0.6340769708156586,0.0680794765375777
0.29308082793767637,1.242328169527222,680.7,557.2034951360615,2009.3,0.12618529796600342,0.159689750953195,0.6342535734176635,0.06792419489399036
0.31347501774628955,1.242328169527222,666.3,550.7179733915427,2023.7,0.11664413809776306,0.1567155407542247,0.6381863415241241,0.06508352259056661
0.3338692075549028,1.242328169527222,609.9,537.3785382172902,2080.1,0.12025215625762939,0.15843911330013755,0.6529686152935028,0.059575974028114424
0.354263397363516,1.242328169527222,557.9,528.0793611622485,2132.1,0.09582842588424682,0.15624081406829646,0.6623319923877716,0.054542268084183415
0.3746575871721292,1.242328169527222,490.7,544.8586627268973,2199.3,0.0821002721786499,0.15455592354965164,0.6626144587993622,0.05466283989536402
0.39505177698074245,1.242328169527222,457.7,552.652196866864,2232.3,0.07776492238044738,0.15339588021242803,0.6650142252445221,0.054966311493357164
0.41544596678935564,1.242328169527222,453.2,546.4877096285194,2236.8,0.07711818814277649,0.1524788595129672,0.6675044596195221,0.05293298283462668
0.4358401565979689,1.242328169527222,451.3,543.9211529244548,2238.7,0.07638666033744812,0.15145194958769911,0.6675846457481385,0.05287618423192999
0.45623434640658206,1.242328169527222,448.3,539.9135205286759,2241.7,0.0756498396396637,0.15042892590495102,0.6676992952823639,0.052795950445820854
0.4766285362151953,1.242328169527222,441.5,530.9112792425761,2248.5,0.07299314737319947,0.14670712300835195,0.6694989144802094,0.05155860442258211
0.4970227260238085,1.242328169527222,436.5,524.119597225432,2253.5,0.0713819682598114,0.1442979381442133,0.6698316156864166,0.05127292138782005
0.5174169158324218,1.242328169527222,433.4,519.8907902121268,2256.6,0.06901729106903076,0.14081029051580182,0.670137596130371,0.05110519164474328
0.537811105641035,1.242328169527222,425.7,509.9468533510149,2264.3,0.06899905800819398,0.14081447899505437,0.6740224540233613,0.050633101168811055
0.5582052954496481,1.242328169527222,396.8,476.10509476458816,2293.2,0.06262468695640563,0.13250184674181353,0.6834643602371215,0.05354045562353684
0.5785994852582613,1.242328169527222,382.7,460.4967803561837,2307.3,0.05562519431114197,0.1234052208244849,0.6848968505859375,0.05351589768579734
0.5989936750668746,1.242328169527222,352.3,421.73740182441543,2337.7,0.04798278212547302,0.11286930844896922,0.701143217086792,0.029452201847974726
0.6193878648754878,1.242328169527222,256.4,348.79878126076903,2433.6,0.013236618041992188,0.09033986222856417,0.7078177094459533,0.02539761710166232
0.639782054684101,1.242328169527222,187.6,290.234597471782,2502.4,0.011199933290481568,0.092835578394155,0.7098760426044464,0.01800487585688201
0.6601762444927142,1.242328169527222,102.9,157.71792978832084,2587.1,-0.014658200740814208,0.09762813033590582,0.7152425646781921,0.01934409010491962
0.6805704343013275,1.242328169527222,33.6,76.00848067189774,2656.4,-0.04804341793060303,0.10868176199970668,0.7123524069786071,0.017235599277541532
0.7009646241099406,1.242328169527222,17.7,40.040181782517564,2672.3,-0.02502065896987915,0.05660066290804179,0.7107767522335052,0.01651380072371502
0.7213588139185538,1.242328169527222,0.0,0.0,2690.0,0.0,0.0,0.7092165648937225,0.016541497630791494
0.7417530037271671,1.242328169527222,0.0,0.0,2690.0,0.0,0.0,0.7092165648937225,0.016541497630791494
0.7621471935357803,1.242328169527222,0.0,0.0,2690.0,0.0,0.0,0.7092165648937225,0.016541497630791494
0.7825413833443935,1.242328169527222,0.0,0.0,2690.0,0.0,0.0,0.7092165648937225,0.016541497630791494
0.8029355731530067,1.242328169527222,0.0,0.0,2690.0,0.0,0.0,0.7092165648937225,0.016541497630791494
0.82332976296162,1.242328169527222,0.0,0.0,2690.0,0.0,0.0,0.7092165648937225,0.016541497630791494
0.8437239527702332,1.242328169527222,0.0,0.0,2690.0,0.0,0.0,0.7092165648937225,0.016541497630791494
0.04835055023431778,1.2695180508344825,1219.4,671.5203959330721,1470.6,0.4648705780506134,0.21016619646539056,0.5298502027988434,0.08733977706000315
0.06874474004293099,1.2695180508344825,1173.5,709.7757178103399,1516.5,0.40182477831840513,0.2580586102685379,0.539377224445343,0.09510186510498472
0.0891389298515442,1.2695180508344825,1100.1,734.8571844123994,1589.9,0.409945946931839,0.24333402589318517,0.55488361120224,0.1122760946828933
0.10953311966015743,1.2695180508344825,1051.2,728.1449242435544,1638.8,0.3711297035217285,0.2539331552678804,0.5750072300434113,0.09846398179938057
0.12992730946877062,1.2695180508344825,1000.1,714.4128425364372,1689.9,0.25170657634735105,0.20798047031448813,0.5903353035449982,0.09235134577966173
0.15032149927738386,1.2695180508344825,991.5,704.9097937513458,1698.5,0.2506480634212494,0.20658938525337908,0.5943720281124115,0.08804910549167506
0.17071568908599707,1.2695180508344825,955.7,669.204993866897,1734.3,0.2426242709159851,0.1983347134236017,0.5979849755764007,0.087609816092932
0.19110987889461029,1.2695180508344825,886.4,605.5630551324283,1803.6,0.19753938317298889,0.1484299172963201,0.6047513902187347,0.07934058393453984
0.2115040687032235,1.2695180508344825,854.2,589.8494299451435,1835.8,0.18415080904960632,0.1434385907359325,0.6102151036262512,0.07551564863946485
0.2318982585118367,1.2695180508344825,843.7,585.6511888188718,1846.3,0.18079031705856324,0.14278928216429065,0.6128649890422821,0.07391617295118347
0.25229244832044995,1.2695180508344825,825.8,576.0488248438726,1864.2,0.18468760848045349,0.1433557984052955,0.6183970034122467,0.06955164981726428
0.27268663812906313,1.2695180508344825,816.1,572.5240714407182,1873.9,0.18753478527069092,0.1441216576033836,0.6186064064502717,0.06945840355557739
0.29308082793767637,1.2695180508344825,807.0,569.1315484852474,1883.0,0.1794430673122406,0.14092633792577533,0.6188358128070831,0.06928842486844837
0.31347501774628955,1.2695180508344825,792.6,564.6180132749612,1897.4,0.16990190744400024,0.1396317643638524,0.6227685809135437,0.06702243954883465
0.3338692075549028,1.2695180508344825,736.2,558.9091843511336,1953.8,0.17350992560386658,0.14078957626290262,0.6375508546829224,0.06375433823454009
0.354263397363516,1.2695180508344825,684.2,556.7227351096868,2005.8,0.149086195230484,0.14355886565368522,0.6469142317771912,0.0604511814807488
0.3746575871721292,1.2695180508344825,617.0,581.029341277163,2073.0,0.1353580415248871,0.14462684439673013,0.6471966981887818,0.0606008651918767
0.39505177698074245,1.2695180508344825,583.9,592.2349198284325,2106.1,0.1310105323791504,0.14428111413934705,0.6496304392814636,0.06117100759423436
0.41544596678935564,1.2695180508344825,578.7,586.1647515131062,2111.3,0.12959209680557252,0.14229313973978777,0.6520172417163849,0.05986990444232492
0.4358401565979689,1.2695180508344825,574.8,581.5164600460017,2115.2,0.12796509265899658,0.1400169224089345,0.6523127615451813,0.05951237847187777
0.45623434640658206,1.2695180508344825,571.5,577.7599634345735,2118.5,0.12728331089019776,0.13914715413364934,0.6516889452934265,0.06056332815280742
0.4766285362151953,1.2695180508344825,562.6,567.5396422159438,2127.4,0.12369801998138427,0.13427070592265716,0.6537069380283356,0.05942470744491172
0.4970227260238085,1.2695180508344825,557.6,561.8045743889282,2132.4,0.12208684086799622,0.13198651370121942,0.6540396392345429,0.0592274720022548
0.5174169158324218,1.2695180508344825,554.5,558.2440092435588,2135.5,0.11972216367721558,0.12869511486041793,0.6543456196784974,0.0591288130118782
0.537811105641035,1.2695180508344825,546.8,549.9601157510763,2143.2,0.11970393061637878,0.12870378202025748,0.6582304775714874,0.059312334158792876
0.5582052954496481,1.2695180508344825,517.9,522.5574831041451,2172.1,0.11332955956459045,0.12107947177459381,0.6676723837852478,0.06316949185281374
0.5785994852582613,1.2695180508344825,503.8,510.2835583416621,2186.2,0.10633006691932678,0.1128536480944963,0.6691048741340637,0.06335203993414985
0.5989936750668746,1.2695180508344825,473.4,479.9801642471491,2216.6,0.09868765473365784,0.10337914610296893,0.6853512406349183,0.048049160914705444
0.6193878648754878,1.2695180508344825,377.5,432.8808803253141,2312.5,0.063941490650177,0.09006974475091989,0.6920257329940795,0.04697012186747504
0.639782054684101,1.2695180508344825,308.7,380.0851979114597,2381.3,0.06557530760765076,0.08426242647168325,0.7059289693832398,0.020317388579030066
0.6601762444927142,1.2695180508344825,220.5,270.42325636977046,2469.5,0.05177663564682007,0.06069911335569162,0.7148753941059113,0.02470053249189793
0.6805704343013275,1.2695180508344825,121.6,217.90214437924013,2568.4,0.028602689504623413,0.043207358055112964,0.7160538554191589,0.02141022717471794
0.7009646241099406,1.2695180508344825,95.6,180.08665520646588,2594.4,0.021422809362411498,0.04993809661116441,0.7147289693355561,0.019108537992064047
0.7213588139185538,1.2695180508344825,0.0,0.0,2690.0,0.0,0.0,0.7092165648937225,0.016541497630791494
0.7417530037271671,1.2695180508344825,0.0,0.0,2690.0,0.0,0.0,0.7092165648937225,0.016541497630791494
0.7621471935357803,1.2695180508344825,0.0,0.0,2690.0,0.0,0.0,0.7092165648937225,0.016541497630791494
0.7825413833443935,1.2695180508344825,0.0,0.0,2690.0,0.0,0.0,0.7092165648937225,0.016541497630791494
0.8029355731530067,1.2695180508344825,0.0,0.0,2690.0,0.0,0.0,0.7092165648937225,0.016541497630791494
0.82332976296162,1.2695180508344825,0.0,0.0,2690.0,0.0,0.0,0.7092165648937225,0.016541497630791494
0.8437239527702332,1.2695180508344825,0.0,0.0,2690.0,0.0,0.0,0.7092165648937225,0.016541497630791494
0.04835055023431778,1.2967079321417434,1361.7,716.1383682226493,1328.3,0.4558096766471863,0.19890721934368696,0.4595462203025818,0.16922306963461886
0.06874474004293099,1.2967079321417434,1314.5,758.0811779000111,1375.5,0.39290907979011536,0.2475197236089835,0.46978262066841125,0.17593236407482213
0.0891389298515442,1.2967079321417434,1236.4,780.6852038936707,1453.6,0.39991576671600343,0.2312158845015222,0.4861322581768036,0.17957404515729408
0.10953311966015743,1.2967079321417434,1187.1,770.4304540389783,1502.9,0.3589768648147583,0.24053126256588703,0.5580246925354004,0.10961906425057197
0.12992730946877062,1.2967079321417434,1134.1,741.7194023880161,1555.9,0.291535484790802,0.20590170570526226,0.5692394196987152,0.10160446164461777
0.15032149927738386,1.2967079321417434,1123.6,730.9925724897384,1566.4,0.2903996407985687,0.2045309751401957,0.5759804964065551,0.0957784913010164
0.17071568908599707,1.2967079321417434,1086.4,697.5224410762625,1603.6,0.2827657461166382,0.19730650150453774,0.5783681571483612,0.09771425538616611
0.19110987889461029,1.2967079321417434,1013.2,639.7749295212565,1676.8,0.23805510401725768,0.15588824493545708,0.5867322027683258,0.08828448211001333
0.2115040687032235,1.2967079321417434,979.7,626.3616893440528,1710.3,0.22625069618225097,0.15261303388678818,0.5944662153720855,0.08316209787822154
0.2318982585118367,1.2967079321417434,962.5,620.8443751642855,1727.5,0.21944303512573243,0.15176264135641376,0.5994291007518768,0.08052237903404964
0.25229244832044995,1.2967079321417434,944.6,613.7678136762294,1745.4,0.22334032654762268,0.15173232290250327,0.6049611151218415,0.0770857276989829
0.27268663812906313,1.2967079321417434,934.9,611.5332739564468,1755.1,0.2261875033378601,0.15204511183014635,0.6051705181598663,0.07702237823612737
0.29308082793767637,1.2967079321417434,925.8,609.3679066297512,1764.2,0.2180957853794098,0.1502084283496746,0.6053999245166779,0.07689192338183248
0.31347501774628955,1.2967079321417434,911.4,606.7597883443418,1778.6,0.20855462551116943,0.15039532955578444,0.6093326926231384,0.07525675284344228
0.3338692075549028,1.2967079321417434,851.8,604.5748086406162,1838.2,0.21201781630516053,0.15077938059723986,0.6249355554580689,0.07302906521785439
0.354263397363516,1.2967079321417434,799.1,607.484320267185,1890.9,0.18711838126182556,0.1562501122834212,0.6344648003578186,0.07092486720840634
0.3746575871721292,1.2967079321417434,730.8,635.6346581555613,1959.2,0.17321766018867493,0.1588998875281464,0.6344280302524566,0.07144721757166346
0.39505177698074245,1.2967079321417434,696.8,648.2732527953997,1993.2,0.1685837149620056,0.15882519472998413,0.6375847816467285,0.07134864068358154
0.41544596678935564,1.2967079321417434,691.6,643.2516983663565,1998.4,0.16716527938842773,0.15721433427000242,0.6399715840816498,0.07046869316151157
0.4358401565979689,1.2967079321417434,687.7,639.4104636076855,2002.3,0.1655382752418518,0.15538103561658353,0.6402671039104462,0.07019403492815955
0.45623434640658206,1.2967079321417434,684.4,636.3290075858718,2005.6,0.16485649347305298,0.15469191717578562,0.6396432876586914,0.07102711386755392
0.4766285362151953,1.2967079321417434,675.5,627.9744707584686,2014.5,0.1612712025642395,0.15082928418936697,0.6416612803936005,0.07025576783012327
0.4970227260238085,1.2967079321417434,670.5,623.3113299153134,2019.5,0.15966002345085145,0.14903064287239992,0.6419939815998077,0.0701215224194503
0.5174169158324218,1.2967079321417434,667.4,620.4248650587635,2022.6,0.1572953462600708,0.14646898262729222,0.6422999620437622,0.07006812668117261
0.537811105641035,1.2967079321417434,659.7,613.7877170750398,2030.3,0.15727711319923401,0.14647925740084572,0.6461848199367524,0.07060095182032791
0.5582052954496481,1.2967079321417434,630.8,592.4997812562008,2059.2,0.15090274214744567,0.14079812137733086,0.6556267261505127,0.07474130885412918
0.5785994852582613,1.2967079321417434,616.7,583.2574551206817,2073.3,0.143903249502182,0.13490326772344172,0.6570592164993286,0.07502654232687526
0.5989936750668746,1.2967079321417434,586.3,560.4319094801875,2103.7,0.13626083731651306,0.12836174440812426,0.6733055830001831,0.06439541098583804
0.6193878648754878,1.2967079321417434,490.4,532.3544917964629,2199.6,0.10151467323303223,0.1240430461846835,0.6799800753593445,0.06430915938507999
0.639782054684101,1.2967079321417434,421.6,493.020556658387,2268.4,0.10296855568885803,0.11879352263037914,0.7051636159420014,0.026816940055051038
0.6601762444927142,1.2967079321417434,333.4,412.6943528412157,2356.6,0.08645820617675781,0.10342341624836311,0.7156814873218537,0.033039886217457334
0.6805704343013275,1.2967079321417434,226.4,341.43641988919484,2463.6,0.05560075640678406,0.08501670273688355,0.7211013257503509,0.02454784105986067
0.7009646241099406,1.2967079321417434,192.2,290.7369820932438,2497.8,0.055551677942276,0.08397744061492486,0.7198483347892761,0.022113807048459274
0.7213588139185538,1.2967079321417434,83.5,188.8901230983173,2606.5,0.031486862897872926,0.0712282324402282,0.7130966246128082,0.018666252490131523
0.7417530037271671,1.2967079321417434,0.0,0.0,2690.0,0.0,0.0,0.7092165648937225,0.016541497630791494
0.7621471935357803,1.2967079321417434,0.0,0.0,2690.0,0.0,0.0,0.7092165648937225,0.016541497630791494
0.7825413833443935,1.2967079321417434,0.0,0.0,2690.0,0.0,0.0,0.7092165648937225,0.016541497630791494
0.8029355731530067,1.2967079321417434,0.0,0.0,2690.0,0.0,0.0,0.7092165648937225,0.016541497630791494
0.82332976296162,1.2967079321417434,0.0,0.0,2690.0,0.0,0.0,0.7092165648937225,0.016541497630791494
0.8437239527702332,1.2967079321417434,0.0,0.0,2690.0,0.0,0.0,0.7092165648937225,0.016541497630791494
0.04835055023431778,1.323897813449004,1427.2,752.1016795804586,1262.8,0.4534472107887268,0.19410126468169864,0.4267470121383667,0.19699067981852428
0.06874474004293099,1.323897813449004,1379.6,794.667488229055,1310.4,0.39012361168861387,0.2438131813743561,0.4371650695800781,0.2038184433763981
0.0891389298515442,1.323897813449004,1300.6,816.3771916035932,1389.4,0.39679852724075315,0.22708963325023634,0.46166772246360777,0.19039355725497914
0.10953311966015743,1.323897813449004,1250.2,804.1505981847781,1439.8,0.3560331702232361,0.23697177953333762,0.5402428328990936,0.11868747594780588
0.12992730946877062,1.323897813449004,1197.2,770.0743016970493,1492.8,0.3045337736606598,0.2091025587126216,0.5479682207107544,0.10755738147654834
0.15032149927738386,1.323897813449004,1186.7,760.1059804844062,1503.3,0.3034272134304047,0.2078246441894698,0.5550053536891937,0.10260906134649943
0.17071568908599707,1.323897813449004,1149.5,729.2163996189256,1540.5,0.2962290525436401,0.2012888061768953,0.5572506070137024,0.10465556074037559
0.19110987889461029,1.323897813449004,1076.0,677.0583439108427,1614.0,0.25324134826660155,0.16398074315135808,0.565445727109909,0.09708717553403866
0.2115040687032235,1.323897813449004,1041.4,665.63883864063,1648.6,0.2411214828491211,0.16116825555638972,0.5734909296035766,0.09328391719617503
0.2318982585118367,1.323897813449004,1022.4,660.6220390643603,1667.6,0.23235945105552674,0.16026443113292976,0.5785485208034515,0.09153607438679345
0.25229244832044995,1.323897813449004,1002.6,653.3370457401462,1687.4,0.2355203866958618,0.159276335058739,0.5840652883052826,0.08927723083391878
0.27268663812906313,1.323897813449004,992.6,651.4804213984631,1697.4,0.23803433775901794,0.15910569840947536,0.5841884970664978,0.08930955900390883
0.29308082793767637,1.323897813449004,982.2,648.823394321625,1707.8,0.2291932225227356,0.156903059800864,0.5849832713603973,0.08884573671021125
0.31347501774628955,1.323897813449004,967.7,647.0041088325614,1722.3,0.21963685154914855,0.1574483516431034,0.5889834940433503,0.08790839411995399
0.3338692075549028,1.323897813449004,908.1,647.9069328696407,1781.9,0.22310004234313965,0.15767689970109935,0.6045863568782807,0.08808300429451434
0.354263397363516,1.323897813449004,855.4,653.2104928042035,1834.6,0.19820060729980468,0.16387641139764572,0.6141156017780304,0.08761405949370664
0.3746575871721292,1.323897813449004,787.1,682.6792750243931,1902.9,0.18429988622665405,0.16693034494057565,0.6140788316726684,0.08803261121677865
0.39505177698074245,1.323897813449004,753.1,696.0277245194691,1936.9,0.17966594099998473,0.1670341522843878,0.6172355830669403,0.08836693019037319
0.41544596678935564,1.323897813449004,747.9,691.5938506141737,1942.1,0.17824750542640685,0.16555720588300107,0.6196223855018616,0.08797246903891137
0.4358401565979689,1.323897813449004,744.0,688.2039963098663,1946.0,0.17662050127983092,0.1638798713271339,0.6199179053306579,0.08779156980467474
0.45623434640658206,1.323897813449004,740.7,685.4960860518544,1949.3,0.1759387195110321,0.1632529554314595,0.6192940890789032,0.08837744294129882
0.4766285362151953,1.323897813449004,731.8,678.1681397840429,1958.2,0.17235342860221864,0.1597391472433765,0.6213120818138123,0.08802438644259057
0.4970227260238085,1.323897813449004,726.8,674.0899219550829,1963.2,0.17074224948883057,0.1581061660673096,0.6216447830200196,0.08796105165759775
0.5174169158324218,1.323897813449004,723.7,671.5695763177782,1966.3,0.16837757229804992,0.15578957339430502,0.621950763463974,0.08795875023762446
0.537811105641035,1.323897813449004,716.0,665.81305749015,1974.0,0.16835933923721313,0.15579997092143852,0.6258356213569641,0.0888909044456534
0.5582052954496481,1.323897813449004,687.1,647.6711699811775,2002.9,0.1619849681854248,0.15073786087572533,0.6352775275707245,0.093390877507831
0.5785994852582613,1.323897813449004,673.0,639.9327684475073,2017.0,0.15498547554016112,0.14555031825243125,0.6367100179195404,0.09379618291507051
0.5989936750668746,1.323897813449004,641.3,619.2083401066685,2048.7,0.14619429111480714,0.13868701169201836,0.653576797246933,0.08661515571773719
0.6193878648754878,1.323897813449004,544.6,597.8833022590015,2145.4,0.11130154728889466,0.13597883108713749,0.6614297032356262,0.08534173021707282
0.639782054684101,1.323897813449004,468.4,555.6565126935744,2221.6,0.11052874326705933,0.12846829112665875,0.691752427816391,0.053676650620657636
0.6601762444927142,1.323897813449004,377.7,485.13037918942706,2312.3,0.09202097058296203,0.11257463216733624,0.7085372865200043,0.04428921006377497
0.6805704343013275,1.323897813449004,270.4,414.3052581849488,2419.6,0.06155736446380615,0.09590441684210335,0.7256301879882813,0.028460441336996784
0.7009646241099406,1.323897813449004,220.4,339.70661792342133,2469.6,0.06136733889579773,0.0938528915050405,0.723277473449707,0.0258060267723574
0.7213588139185538,1.323897813449004,92.9,210.15440042914588,2597.1,0.03360636234283447,0.07602287329131327,0.7134276390075683,0.01902483059086231
0.7417530037271671,1.323897813449004,0.0,0.0,2690.0,0.0,0.0,0.7092165648937225,0.016541497630791494
0.7621471935357803,1.323897813449004,0.0,0.0,2690.0,0.0,0.0,0.7092165648937225,0.016541497630791494
0.7825413833443935,1.323897813449004,0.0,0.0,2690.0,0.0,0.0,0.7092165648937225,0.016541497630791494
0.8029355731530067,1.323897813449004,0.0,0.0,2690.0,0.0,0.0,0.7092165648937225,0.016541497630791494
0.82332976296162,1.323897813449004,0.0,0.0,2690.0,0.0,0.0,0.7092165648937225,0.016541497630791494
0.8437239527702332,1.323897813449004,0.0,0.0,2690.0,0.0,0.0,0.7092165648937225,0.016541497630791494
0.04835055023431778,1.3510876947562647,1470.1,777.4202187452894,1219.9,0.45476606488227844,0.1905728270215749,0.39696639180183413,0.1930891877621901
0.06874474004293099,1.3510876947562647,1422.3,820.2493039693436,1267.7,0.3910381615161896,0.241651910759626,0.4075504779815674,0.20103900314941922
0.0891389298515442,1.3510876947562647,1343.0,841.6708971089225,1347.0,0.39770551323890685,0.22473515294646929,0.4766754448413849,0.17269453223298462
0.10953311966015743,1.3510876947562647,1290.5,827.7944559198007,1399.5,0.3590477466583252,0.2366676931329247,0.532966423034668,0.12658530211747257
0.12992730946877062,1.3510876947562647,1237.4,792.1804798463302,1452.6,0.3175954043865204,0.2129774889329302,0.5355134010314941,0.1158604304225995
0.15032149927738386,1.3510876947562647,1224.0,780.0464026940733,1466.0,0.31668293476104736,0.21197459317808998,0.5466431736946106,0.10872880049838936
0.17071568908599707,1.3510876947562647,1185.8,749.6660354929354,1504.2,0.3099705994129181,0.2060064291592159,0.5487255454063416,0.11104566487033125
0.19110987889461029,1.3510876947562647,1110.3,698.944581046715,1579.7,0.26848334074020386,0.17098194572985725,0.5564719438552856,0.10430023684161707
0.2115040687032235,1.3510876947562647,1072.1,686.4128115851639,1617.9,0.2543079197406769,0.16798945907147586,0.5671476602554322,0.09884831938769176
0.2318982585118367,1.3510876947562647,1053.1,681.1411147058717,1636.9,0.24774982929229736,0.1666397974042519,0.5729715466499329,0.09681439667193276
0.25229244832044995,1.3510876947562647,1026.6,673.3494619120648,1663.4,0.24482948184013367,0.16567373455631348,0.579458874464035,0.09461345028695217
0.27268663812906313,1.3510876947562647,1016.6,671.7513435698477,1673.4,0.2473434329032898,0.1654292763227087,0.5795820832252503,0.09464736537330114
0.29308082793767637,1.3510876947562647,1006.2,669.3868595715371,1683.8,0.23850231766700744,0.16359824655357597,0.5803768575191498,0.0942319197208313
0.31347501774628955,1.3510876947562647,991.7,667.9199276234423,1698.3,0.22894594669342042,0.16442921055980403,0.5843770802021027,0.0934608482578801
0.3338692075549028,1.3510876947562647,932.1,670.0095097207162,1757.9,0.2324091374874115,0.16453669646810093,0.5999799430370331,0.09406058462463943
0.354263397363516,1.3510876947562647,879.4,676.2038267308442,1810.6,0.20750970244407654,0.1712582513203677,0.6095091879367829,0.0938878002983278
0.3746575871721292,1.3510876947562647,811.1,706.0331024693436,1878.9,0.19360898137092591,0.17460471484672724,0.6094724178314209,0.0942774821800041
0.39505177698074245,1.3510876947562647,777.1,719.593141698659,1912.9,0.1889750361442566,0.17484430311348817,0.6126291692256928,0.09467710169116826
0.41544596678935564,1.3510876947562647,771.9,715.4045511458206,1918.1,0.18755660057067872,0.17347716442941916,0.6150159716606141,0.09437530127718295
0.4358401565979689,1.3510876947562647,768.0,712.2027794907123,1922.0,0.18592959642410278,0.17192723516766564,0.6153114914894104,0.09421491364257188
0.45623434640658206,1.3510876947562647,764.7,709.6499193393566,1925.3,0.18524781465530396,0.17135082990246311,0.6146876752376557,0.09474383814155402
0.4766285362151953,1.3510876947562647,755.8,702.7467919738169,1934.2,0.18166252374649047,0.16811938988574476,0.6167056679725647,0.09447055648020955
0.4970227260238085,1.3510876947562647,750.3,698.380268782008,1939.7,0.17986604571342468,0.166450859367657,0.6173252046108246,0.09395591620494094
0.5174169158324218,1.3510876947562647,746.0,694.7353548804433,1944.0,0.1769716501235962,0.16383812831390204,0.6170161902904511,0.09496216252151062
0.537811105641035,1.3510876947562647,736.2,687.0771101209463,1953.8,0.17550525665283204,0.16255055664035445,0.622443163394928,0.0934400604579836
0.5582052954496481,1.3510876947562647,704.9,667.3585539661494,1985.1,0.16872100830078124,0.1574921249158758,0.6335878968238831,0.09526263813371716
0.5785994852582613,1.3510876947562647,689.0,658.0592332703058,2001.0,0.1597373902797699,0.15084067801730808,0.6349155366420746,0.09583567743996153
0.5989936750668746,1.3510876947562647,655.2,635.8862399811608,2034.8,0.15043673515319825,0.14378038149452174,0.6522597134113312,0.08806661361348925
0.6193878648754878,1.3510876947562647,557.6,615.1513162496557,2132.4,0.11500023603439331,0.1410000860036645,0.66017786860466,0.08680411654958044
0.639782054684101,1.3510876947562647,477.8,569.685535846792,2212.2,0.11406126618385315,0.13353839344531465,0.6909485578536987,0.055396008478686615
0.6601762444927142,1.3510876947562647,385.0,497.9918621918436,2305.0,0.09444289207458496,0.11675873452997719,0.7090113461017609,0.04344686248218659
0.6805704343013275,1.3510876947562647,270.4,414.3052581849488,2419.6,0.06155736446380615,0.09590441684210335,0.7256301879882813,0.028460441336996784
0.7009646241099406,1.3510876947562647,220.4,339.70661792342133,2469.6,0.06136733889579773,0.0938528915050405,0.723277473449707,0.0258060267723574
0.7213588139185538,1.3510876947562647,92.9,210.15440042914588,2597.1,0.03360636234283447,0.07602287329131327,0.7134276390075683,0.01902483059086231
0.7417530037271671,1.3510876947562647,0.0,0.0,2690.0,0.0,0.0,0.7092165648937225,0.016541497630791494
0.7621471935357803,1.3510876947562647,0.0,0.0,2690.0,0.0,0.0,0.7092165648937225,0.016541497630791494
0.7825413833443935,1.3510876947562647,0.0,0.0,2690.0,0.0,0.0,0.7092165648937225,0.016541497630791494
0.8029355731530067,1.3510876947562647,0.0,0.0,2690.0,0.0,0.0,0.7092165648937225,0.016541497630791494
0.82332976296162,1.3510876947562647,0.0,0.0,2690.0,0.0,0.0,0.7092165648937225,0.016541497630791494
0.8437239527702332,1.3510876947562647,0.0,0.0,2690.0,0.0,0.0,0.7092165648937225,0.016541497630791494
0.04835055023431778,1.3782775760635255,1584.8,740.2375094115715,1105.2,0.528935307264328,0.18217657385128092,0.3621046781539917,0.19670788186774155
0.06874474004293099,1.3782775760635255,1535.3,786.1595598751047,1154.7,0.4955114424228668,0.2040270594169287,0.37442865371704104,0.20542385026664545
0.0891389298515442,1.3782775760635255,1454.7,805.6072857069888,1235.3,0.4455586373806,0.23558562864885196,0.4539427876472473,0.17218710146234886
0.10953311966015743,1.3782775760635255,1400.5,782.3938891081804,1289.5,0.3604410469532013,0.24208024243864207,0.5132998585700989,0.12299055708113504
0.12992730946877062,1.3782775760635255,1347.3,746.6168943274636,1342.7,0.32341213822364806,0.2206268368763661,0.5129216313362122,0.11626778989935704
0.15032149927738386,1.3782775760635255,1333.9,734.8700285333645,1356.1,0.322499668598175,0.2196726069690252,0.5240514039993286,0.11046469199325946
0.17071568908599707,1.3782775760635255,1295.7,705.8821338493133,1394.3,0.3159642219543457,0.21400844153844606,0.5261883616447449,0.1129418338568316
0.19110987889461029,1.3782775760635255,1220.2,658.789536450783,1469.8,0.2754995942115784,0.18113712166278456,0.5340359270572662,0.1071871446967474
0.2115040687032235,1.3782775760635255,1182.0,647.9437510056486,1508.0,0.26537484526634214,0.17819204386510523,0.5454839527606964,0.10259933798465021
0.2318982585118367,1.3782775760635255,1161.6,643.3779124155076,1528.4,0.25711114406585694,0.17662211723164054,0.5516589641571045,0.10127360722152397
0.25229244832044995,1.3782775760635255,1134.3,637.10002251532,1555.7,0.2577794134616852,0.1746520827510751,0.5581811964511871,0.09995834452567899
0.27268663812906313,1.3782775760635255,1120.0,636.1264779082358,1570.0,0.24751648902893067,0.17355076764493532,0.558218103647232,0.10001624101683758
0.29308082793767637,1.3782775760635255,1109.6,634.5933223100639,1580.4,0.2386753737926483,0.17181137817970657,0.5590128779411316,0.09972004991242556
0.31347501774628955,1.3782775760635255,1095.1,634.3909958746237,1594.9,0.22911900281906128,0.1726082540138849,0.5630131006240845,0.09948139948609254
0.3338692075549028,1.3782775760635255,1035.5,642.0714459220416,1654.5,0.23258219361305238,0.17270867669305476,0.5786159634590149,0.10192194230118454
0.354263397363516,1.3782775760635255,982.8,653.2927114835496,1707.2,0.2076827585697174,0.17913752068510044,0.5881452083587646,0.10289373099530065
0.3746575871721292,1.3782775760635255,914.5,689.9663610514641,1775.5,0.19378203749656678,0.18234693512228406,0.5881084382534028,0.10324510232109302
0.39505177698074245,1.3782775760635255,880.5,706.670384526526,1809.5,0.18914809226989746,0.18257886127033407,0.5912651896476746,0.10397958484264055
0.41544596678935564,1.3782775760635255,875.1,702.643109827459,1814.9,0.1877822160720825,0.18131707806642566,0.5938679337501526,0.10367622249966439
0.4358401565979689,1.3782775760635255,870.4,698.919618195982,1819.6,0.1858115017414093,0.17953043742323482,0.5942463099956512,0.10344655234004613
0.45623434640658206,1.3782775760635255,866.9,696.3957288185354,1823.1,0.18507314920425416,0.17892798625639897,0.594293475151062,0.10291463617958663
0.4766285362151953,1.3782775760635255,857.2,689.3061585179755,1832.8,0.18071857690811158,0.17513693193668178,0.5964915931224823,0.10263820209866306
0.4970227260238085,1.3782775760635255,849.9,683.5040849368175,1840.1,0.1780257225036621,0.1727240176365425,0.5974537849426269,0.1017535636541413
0.5174169158324218,1.3782775760635255,845.2,679.7014837420411,1844.8,0.17488402128219604,0.16992116067046303,0.5972083449363709,0.10256895509906673
0.537811105641035,1.3782775760635255,830.5,667.3317833295403,1859.5,0.17357589602470397,0.16884353038539732,0.607893431186676,0.09539868076099461
0.5582052954496481,1.3782775760635255,798.0,648.2404662835261,1892.0,0.16573010087013246,0.16271926965477337,0.6198439538478852,0.09721988483867468
0.5785994852582613,1.3782775760635255,780.6,638.2483286600129,1909.4,0.156112939119339,0.1554296224753612,0.6230841875076294,0.09583481246063424
0.5989936750668746,1.3782775760635255,744.4,615.3100934706081,1945.6,0.14566160440444947,0.14699112083207982,0.6434177815914154,0.08592677882250643
0.6193878648754878,1.3782775760635255,646.8,602.1350579686368,2043.2,0.11022510528564453,0.1436042735398557,0.6513359367847442,0.08510143501422043
0.639782054684101,1.3782775760635255,567.0,562.8426035058503,2123.0,0.10928613543510438,0.13626652863658295,0.6821066260337829,0.05554651464222802
0.6601762444927142,1.3782775760635255,474.2,499.65935128452713,2215.8,0.08966776132583618,0.11942417715492996,0.7001694142818451,0.04567217909463788
0.6805704343013275,1.3782775760635255,359.6,430.04318344112346,2330.4,0.056782233715057376,0.09822735443603403,0.7167882561683655,0.034284348282003975
0.7009646241099406,1.3782775760635255,309.6,365.7331627766865,2380.4,0.05659220814704895,0.096220004940819,0.7144355416297913,0.03174451750221876
0.7213588139185538,1.3782775760635255,178.1,268.9070601448097,2511.9,0.02672734260559082,0.0792750239880974,0.7055040597915649,0.02328563185064683
0.7417530037271671,1.3782775760635255,54.7,123.73999680811924,2635.3,0.0022433698177337646,0.005074855102117131,0.7069262206554413,0.0157714452943266
0.7621471935357803,1.3782775760635255,38.8,87.77169791873905,2651.2,-0.003945350646972656,0.008925003226020248,0.7086366713047028,0.01619398933457924
0.7825413833443935,1.3782775760635255,0.0,0.0,2690.0,0.0,0.0,0.7092165648937225,0.016541497630791494
0.8029355731530067,1.3782775760635255,0.0,0.0,2690.0,0.0,0.0,0.7092165648937225,0.016541497630791494
0.82332976296162,1.3782775760635255,0.0,0.0,2690.0,0.0,0.0,0.7092165648937225,0.016541497630791494
0.8437239527702332,1.3782775760635255,0.0,0.0,2690.0,0.0,0.0,0.7092165648937225,0.016541497630791494
0.04835055023431778,1.4054674573707862,1696.3,751.545146169996,993.7,0.5292643785476685,0.16812988562294542,0.3667890727519989,0.18429470903181822
0.06874474004293099,1.4054674573707862,1645.8,797.5810541834447,1044.2,0.4910056531429291,0.19469602173783515,0.37992767691612245,0.19368624291588976
0.0891389298515442,1.4054674573707862,1564.9,813.3986173459979,1125.1,0.4407145082950592,0.22940424946012236,0.4519117116928101,0.1693689850583352
0.10953311966015743,1.4054674573707862,1509.6,782.936279710399,1180.4,0.4173710227012634,0.22038893866936782,0.5043617486953735,0.12063338222404588
0.12992730946877062,1.4054674573707862,1455.3,749.6212278691542,1234.7,0.38358688950538633,0.20356064658966577,0.4977872669696808,0.11876061949320794
0.15032149927738386,1.4054674573707862,1441.9,739.0364663472102,1248.1,0.38267441987991335,0.20268011829916452,0.5089170396327972,0.11392929627691084
0.17071568908599707,1.4054674573707862,1403.7,713.4257009663165,1286.3,0.37634366750717163,0.1976408059025942,0.511109447479248,0.11649190411491482
0.19110987889461029,1.4054674573707862,1328.2,673.4589415202058,1361.8,0.3370743155479431,0.16964846355419166,0.5190481662750244,0.1115439613673488
0.2115040687032235,1.4054674573707862,1290.0,663.9080785657023,1400.0,0.33081966638565063,0.16837581017774433,0.5345205903053284,0.1036230490118829
0.2318982585118367,1.4054674573707862,1269.2,659.8137465897559,1420.8,0.32451741099357606,0.16791112679213294,0.5418797075748444,0.10198656574475426
0.25229244832044995,1.4054674573707862,1239.6,655.0871248419104,1450.4,0.3234637975692749,0.16688914298348662,0.5483396887779236,0.10099049758685437
0.27268663812906313,1.4054674573707862,1224.5,654.597498753929,1465.5,0.3181408762931824,0.16523048953925767,0.5486161410808563,0.1010346724752758
0.29308082793767637,1.4054674573707862,1206.8,654.174566782571,1483.2,0.30230641961097715,0.16394399298387494,0.5498974978923797,0.10073323762558013
0.31347501774628955,1.4054674573707862,1189.5,655.2656459817935,1500.5,0.2832787275314331,0.16705998231149802,0.5537680268287659,0.10084182919570135
0.3338692075549028,1.4054674573707862,1129.9,667.514027364208,1560.1,0.28674191832542417,0.16652452604509754,0.5693708896636963,0.10404156486077586
0.354263397363516,1.4054674573707862,1076.9,682.216865882249,1613.1,0.2616371393203735,0.17741807149136762,0.5788910627365113,0.10548220800888684
0.3746575871721292,1.4054674573707862,1008.4,722.3182868366349,1681.6,0.24763469099998475,0.18293336978168606,0.5795978248119354,0.10481453718808594
0.39505177698074245,1.4054674573707862,974.2,740.5736414467578,1715.8,0.2429502785205841,0.18390244679832507,0.5828226268291473,0.10559088793971862
0.41544596678935564,1.4054674573707862,968.4,736.7374456186506,1721.6,0.24122515320777893,0.1825529660801603,0.5850926816463471,0.10583607084707897
0.4358401565979689,1.4054674573707862,963.7,733.5271132532722,1726.3,0.2392544388771057,0.18110949810990712,0.5854710578918457,0.10562897252625945
0.45623434640658206,1.4054674573707862,958.3,729.5363947241256,1731.7,0.23755027055740358,0.17975926576767393,0.5884180963039398,0.10149752581469695
0.4766285362151953,1.4054674573707862,946.7,721.6197867464256,1743.3,0.23157877326011658,0.17525699843930992,0.5888870835304261,0.10343432068942576
0.4970227260238085,1.4054674573707862,937.1,714.3586402791993,1752.9,0.22850818634033204,0.17295539609933636,0.5907168865203858,0.10149431441289171
0.5174169158324218,1.4054674573707862,932.3,710.9514506982856,1757.7,0.2253674328327179,0.17068637931943462,0.5906672358512879,0.10205953096544049
0.537811105641035,1.4054674573707862,917.6,700.1754003528895,1772.4,0.22405930757522582,0.1698348476014725,0.6013523221015931,0.09526881149449604
0.5582052954496481,1.4054674573707862,885.1,684.3600550558564,1804.9,0.21621351242065429,0.1651172901033575,0.6133028447628022,0.0975491564847844
0.5785994852582613,1.4054674573707862,867.7,676.1785036574221,1822.3,0.20659635066986085,0.1596766738710298,0.6165430784225464,0.09629405811403312
0.5989936750668746,1.4054674573707862,831.5,657.3039888303854,1858.5,0.1961450159549713,0.15344271025116907,0.6368766725063324,0.08730920214614903
0.6193878648754878,1.4054674573707862,733.9,652.4383935655982,1956.1,0.16070851683616638,0.1568274378811261,0.6447948276996612,0.08683685146212762
0.639782054684101,1.4054674573707862,654.1,622.7400387003391,2035.9,0.15976954698562623,0.15031676638775154,0.6755655169486999,0.060105632808677534
0.6601762444927142,1.4054674573707862,561.3,574.3383995219474,2128.7,0.14015117287635803,0.13933762339371614,0.6936283051967621,0.05241735885138857
0.6805704343013275,1.4054674573707862,446.7,525.8263149218212,2243.3,0.10726564526557922,0.12918740348118926,0.7102471470832825,0.044279420619018024
0.7009646241099406,1.4054674573707862,396.7,479.8639209955549,2293.3,0.1070756196975708,0.1277104953841754,0.7078944325447083,0.042136258916824924
0.7213588139185538,1.4054674573707862,265.2,421.7613657626487,2424.8,0.07946384549140931,0.12160707559357074,0.7034859657287598,0.026283203811990802
0.7417530037271671,1.4054674573707862,141.8,320.7738856927113,2548.2,0.04427204132080078,0.10015031538802216,0.7141797721385956,0.022622366862499913
0.7621471935357803,1.4054674573707862,125.9,284.8055868033311,2564.1,0.04096704721450806,0.09267389929728148,0.7164039731025695,0.026463237279923578
0.7825413833443935,1.4054674573707862,67.5,152.6956084926517,2622.5,0.02738891839981079,0.06195803794095841,0.71501025557518,0.02400506569988941
0.8029355731530067,1.4054674573707862,0.0,0.0,2690.0,0.0,0.0,0.7092165648937225,0.016541497630791494
0.82332976296162,1.4054674573707862,0.0,0.0,2690.0,0.0,0.0,0.7092165648937225,0.016541497630791494
0.8437239527702332,1.4054674573707862,0.0,0.0,2690.0,0.0,0.0,0.7092165648937225,0.016541497630791494
0.04835055023431778,1.4326573386780468,1932.2,703.3279735430651,757.8,0.6610788404941559,0.12946025480901874,0.2592888236045837,0.21576330626657098
0.06874474004293099,1.4326573386780468,1881.5,752.5234478904621,808.5,0.6402502179145813,0.17564695602734376,0.27369112968444825,0.22398097573788744
0.0891389298515442,1.4326573386780468,1800.5,764.9484622727624,889.5,0.4526056170463562,0.249577203356777,0.38047643899917605,0.20055763871187124
0.10953311966015743,1.4326573386780468,1745.2,737.2268657809793,944.8,0.43649709820747373,0.2431380820805096,0.44189085960388186,0.15757642385545675
0.12992730946877062,1.4326573386780468,1690.1,708.7540880958942,999.9000000000001,0.40859255194664,0.2305834656494383,0.43202183842659,0.15949247795241028
0.15032149927738386,1.4326573386780468,1672.3,698.2951836210428,1017.7,0.4053535521030426,0.22919413747652648,0.4441017508506775,0.1581460551709154
0.17071568908599707,1.4326573386780468,1633.2,677.9111968393381,1056.8,0.3989855170249939,0.2249367906704182,0.445192688703537,0.16106902904664727
0.19110987889461029,1.4326573386780468,1556.8,649.6769215536393,1133.2,0.36229310035705564,0.2030318834805058,0.4538078665733337,0.15924567713762203
0.2115040687032235,1.4326573386780468,1517.4,627.923668831699,1172.6,0.36104183197021483,0.20316430644127662,0.49418036341667176,0.1158450798140021
0.2318982585118367,1.4326573386780468,1496.4,615.0807867964863,1193.6,0.3582415461540222,0.2026457470665464,0.5001894295215606,0.11379666487519577
0.25229244832044995,1.4326573386780468,1466.0,605.0666903722779,1224.0,0.3596058189868927,0.2032622400362166,0.5013692855834961,0.11674368887280083
0.27268663812906313,1.4326573386780468,1442.0,598.0412256997134,1248.0,0.34640138745307925,0.20059009073135523,0.5228102385997773,0.11240726887711039
0.29308082793767637,1.4326573386780468,1409.9,588.4603237504974,1280.1,0.32777251601219176,0.19765928451041845,0.534760582447052,0.11712158790681526
0.31347501774628955,1.4326573386780468,1374.0,580.6569627124815,1316.0,0.31547804474830626,0.19211917575144458,0.5376485764980317,0.11981314089003552
0.3338692075549028,1.4326573386780468,1261.2,606.0261197365584,1428.8,0.2815294086933136,0.18459978153802242,0.5376540184020996,0.1184491101756182
0.354263397363516,1.4326573386780468,1207.7,628.0406370371721,1482.3,0.25609437227249143,0.193826897271194,0.5473380208015441,0.12091926497155094
0.3746575871721292,1.4326573386780468,1136.5,676.453941520289,1553.5,0.24185870885848998,0.19846926050570318,0.5571023285388946,0.10928876713284318
0.39505177698074245,1.4326573386780468,1102.2,699.3931462006386,1587.8,0.23711384534835817,0.19923433432732107,0.5603627324104309,0.11036907678695716
0.41544596678935564,1.4326573386780468,1096.4,695.9366121884017,1593.6,0.23538872003555297,0.1979604646744848,0.5626327872276307,0.11086546458447799
0.4358401565979689,1.4326573386780468,1091.7,693.0309255676777,1598.3,0.23341800570487975,0.1965968732229429,0.5630111634731293,0.11071143280255485
0.45623434640658206,1.4326573386780468,1086.3,689.3759604708538,1603.7,0.23171383738517762,0.19532476313090202,0.5659582018852234,0.10712870793770786
0.4766285362151953,1.4326573386780468,1074.7,682.2312511119023,1615.3,0.22574234008789062,0.19108571725836673,0.5664271891117096,0.10902040862003198
0.4970227260238085,1.4326573386780468,1065.1,675.5812381877873,1624.9,0.22267175316810608,0.18892306630696581,0.5682569921016694,0.10739935736289356
0.5174169158324218,1.4326573386780468,1060.3,672.4971354881858,1629.7,0.21953099966049194,0.1867922654391139,0.5682073414325715,0.10792778061579113
0.537811105641035,1.4326573386780468,1045.6,662.7109173428959,1644.4,0.21822287440299987,0.18599113850013071,0.5788924276828766,0.10286551408906007
0.5582052954496481,1.4326573386780468,1013.1,649.6303287943192,1676.9,0.21037707924842836,0.1815501970314522,0.5908429503440857,0.10642478929695563
0.5785994852582613,1.4326573386780468,995.7,642.9782247668481,1694.3,0.2007599174976349,0.17643572297974408,0.59408318400383,0.10566788927890246
0.5989936750668746,1.4326573386780468,959.5,627.3128773288485,1730.5,0.19030858278274537,0.1706113202298579,0.614416778087616,0.1001768321917385
0.6193878648754878,1.4326573386780468,861.9,633.5262086468769,1828.1,0.15487208366394042,0.17298325282838456,0.6223349332809448,0.10077389854701338
0.639782054684101,1.4326573386780468,782.1,612.4544628357115,1907.9,0.15393311381340027,0.16708458539246226,0.6531056225299835,0.08374572394729038
0.6601762444927142,1.4326573386780468,689.3,575.0373102556525,2000.7,0.13431473970413207,0.15686584058978215,0.6711684107780457,0.08129934435711864
0.6805704343013275,1.4326573386780468,574.7,542.1972309528072,2115.3,0.10142921209335327,0.1471836887461262,0.6877872526645661,0.07903882336081561
0.7009646241099406,1.4326573386780468,523.7,503.2848704280232,2166.3,0.1005967378616333,0.14482670453757895,0.6858228147029877,0.0766507622113833
0.7213588139185538,1.4326573386780468,389.8,462.8588046069921,2300.2,0.07267947196960449,0.13822162118480386,0.6948475658893585,0.03277717489538164
0.7417530037271671,1.4326573386780468,258.7,373.1622424326731,2431.3,0.042442339658737185,0.1107196118401382,0.7117570698261261,0.027770428219692982
0.7621471935357803,1.4326573386780468,184.9,296.6105970424729,2505.1,0.007269799709320068,0.13044317633487365,0.7149710536003113,0.0270341443416586
0.7825413833443935,1.4326573386780468,84.8,153.36090900083718,2605.2,-0.023165345191955566,0.13598521251487916,0.7145464599132538,0.02393335512157053
0.8029355731530067,1.4326573386780468,0.0,0.0,2690.0,0.0,0.0,0.7092165648937225,0.016541497630791494
0.82332976296162,1.4326573386780468,0.0,0.0,2690.0,0.0,0.0,0.7092165648937225,0.016541497630791494
0.8437239527702332,1.4326573386780468,0.0,0.0,2690.0,0.0,0.0,0.7092165648937225,0.016541497630791494
0.04835055023431778,1.4598472199853076,2216.6,553.3850890621161,473.4000000000001,0.6482281029224396,0.1108537491136189,0.20201512575149536,0.2030260886832805
0.06874474004293099,1.4598472199853076,2165.8,604.5504495256522,524.1999999999998,0.6196929514408112,0.15855820405878415,0.22041354179382325,0.19855260153836968
0.0891389298515442,1.4598472199853076,2084.4,597.2764379531092,605.5999999999999,0.5532655119895935,0.1704212800495836,0.32351318597793577,0.18432917984042976
0.10953311966015743,1.4598472199853076,2028.8,574.9222769718915,661.2,0.5395884573459625,0.16617170421147745,0.3977445125579834,0.14197120432772953
0.12992730946877062,1.4598472199853076,1973.7,553.3019438488417,716.3,0.5125415921211243,0.15802601233463995,0.3859009206295013,0.14411354214007582
0.15032149927738386,1.4598472199853076,1955.6,545.005175097734,734.4000000000001,0.5093611359596253,0.15720922817477553,0.39647619128227235,0.14581159991996373
0.17071568908599707,1.4598472199853076,1915.0,528.7455990966079,775.0,0.5032626211643219,0.15337639776113962,0.40195446610450747,0.14726118613033948
0.19110987889461029,1.4598472199853076,1838.5,511.6849989804483,851.5,0.46947977542877195,0.1365218277234506,0.4130814254283905,0.14695050731486856
0.2115040687032235,1.4598472199853076,1799.0,492.26720653185276,891.0,0.47050787806510924,0.13801302007555424,0.45462613701820376,0.10779211477583403
0.2318982585118367,1.4598472199853076,1777.6,481.386737153718,912.4000000000001,0.46943444609642027,0.13783144431605646,0.46029703617095946,0.10760689655696558
0.25229244832044995,1.4598472199853076,1746.3,474.6071919444029,943.7,0.4708717942237854,0.14019533841931375,0.46398552060127257,0.10882169035998931
0.27268663812906313,1.4598472199853076,1721.6,470.32094124745396,968.4000000000001,0.46829954385757444,0.13875326501876933,0.48608362674713135,0.1077414302322252
0.29308082793767637,1.4598472199853076,1689.5,466.5381597741437,1000.5,0.46287600994110106,0.13563048655289522,0.49798828959465025,0.11481707516196228
0.31347501774628955,1.4598472199853076,1644.6,471.7811426146751,1045.4,0.44901288747787477,0.1272675236009355,0.5009929060935974,0.11813990248108437
0.3338692075549028,1.4598472199853076,1521.8,536.7255484343605,1168.2,0.4094467282295227,0.1419372828588804,0.5005288660526276,0.11663395394911785
0.354263397363516,1.4598472199853076,1458.2,582.2728673813502,1231.8,0.34774452447891235,0.15696529565465547,0.5100926578044891,0.12076381099616909
0.3746575871721292,1.4598472199853076,1387.0,649.9838854906402,1303.0,0.3335088610649109,0.16716153241293225,0.5198569655418396,0.11099563871489707
0.39505177698074245,1.4598472199853076,1352.7,681.0365603007947,1337.3,0.32876399755477903,0.16953400089891665,0.5231173694133758,0.11267397608623748
0.41544596678935564,1.4598472199853076,1346.9,678.7046596706765,1343.1,0.32703887224197387,0.16856927921417292,0.5253874242305756,0.11358429164948196
0.4358401565979689,1.4598472199853076,1342.2,676.7148449101857,1347.8,0.32506815791130067,0.16757977770926286,0.5257658004760742,0.11350457070845585
0.45623434640658206,1.4598472199853076,1336.8,674.1132021593927,1353.2,0.3233639895915985,0.16661941378137793,0.5287128388881683,0.11057869711541717
0.4766285362151953,1.4598472199853076,1325.2,669.27820909186,1364.8,0.31739249229431155,0.16354323117949543,0.5291818261146546,0.11250067407175489
0.4970227260238085,1.4598472199853076,1315.6,664.5589252207657,1374.4,0.314321905374527,0.16200182049715306,0.5310116291046143,0.11127926823273235
0.5174169158324218,1.4598472199853076,1310.8,662.4562704080325,1379.2,0.31118115186691286,0.1605345945381082,0.5309619784355164,0.11177994653917189
0.537811105641035,1.4598472199853076,1296.1,655.7203706986447,1393.9,0.3098730266094208,0.16002826871664222,0.5416470646858216,0.10899647709853327
0.5582052954496481,1.4598472199853076,1263.6,649.6623406154189,1426.4,0.3020272314548492,0.1574628036638093,0.5535975873470307,0.11459196676767992
0.5785994852582613,1.4598472199853076,1246.2,646.853353033239,1443.8,0.2924100697040558,0.1548094325807736,0.5568378210067749,0.11449028853569254
0.5989936750668746,1.4598472199853076,1208.9,638.4794002587302,1481.1,0.28157520294189453,0.1513699625369322,0.5776881992816925,0.11252523430490799
0.6193878648754878,1.4598472199853076,1109.3,663.9597239502918,1580.7,0.24532737135887145,0.1646874367103397,0.5875903367996216,0.11153719740615672
0.639782054684101,1.4598472199853076,1028.3,659.9638680395319,1661.7,0.24399867057800292,0.15836117966938124,0.6212884783744812,0.09743588832582492
0.6601762444927142,1.4598472199853076,934.4,644.698404897147,1755.6,0.22405495047569274,0.15381494707631893,0.6389888942241668,0.09936072847225608
0.6805704343013275,1.4598472199853076,816.6,637.3993904876809,1873.4,0.18976595401763915,0.15336632376306758,0.6596240103244781,0.09320702868250298
0.7009646241099406,1.4598472199853076,764.3,614.5786986007417,1925.7,0.18864346742630006,0.1510138522950239,0.6609338819980621,0.08494652353052326
0.7213588139185538,1.4598472199853076,630.4,612.6056552707427,2059.6,0.16072620153427125,0.15404825894533367,0.6699586331844329,0.05167540285497809
0.7417530037271671,1.4598472199853076,499.3,576.8495886113383,2190.7,0.12431965470314026,0.14612654237293182,0.6892930805683136,0.05018653337601988
0.7621471935357803,1.4598472199853076,425.5,492.2825973803167,2264.5,0.1203195571899414,0.14247080407327334,0.7186525285243988,0.02757340439373073
0.7825413833443935,1.4598472199853076,325.2,395.8454442026897,2364.8,0.1020571768283844,0.12041202362482081,0.7238061308860779,0.029375835922400718
0.8029355731530067,1.4598472199853076,183.1,277.0430853879748,2506.9,0.07103188037872314,0.10713500631487663,0.717870008945465,0.023744810454589947
0.82332976296162,1.4598472199853076,0.0,0.0,2690.0,0.0,0.0,0.7092165648937225,0.016541497630791494
0.8437239527702332,1.4598472199853076,0.0,0.0,2690.0,0.0,0.0,0.7092165648937225,0.016541497630791494
0.04835055023431778,1.4870371012925683,2369.2,543.4773982873076,320.8000000000002,0.6563214302062989,0.10999713099838555,0.1454094886779785,0.169681338086308
0.06874474004293099,1.4870371012925683,2318.2,595.417432135299,371.8000000000002,0.6821077942848206,0.04427776776087619,0.15674622654914855,0.17519338708776813
0.0891389298515442,1.4870371012925683,2236.0,588.3939923389268,454.0,0.5912886679172515,0.15920064925101504,0.2526025414466858,0.1780773230561714
0.10953311966015743,1.4870371012925683,2180.2,573.4507478492103,509.8000000000002,0.5784896910190582,0.15636457531502163,0.3264799237251282,0.15505388669213793
0.12992730946877062,1.4870371012925683,2125.1,560.3032883701286,564.9000000000001,0.55144282579422,0.15167586320259227,0.31463633179664613,0.153931078522242
0.15032149927738386,1.4870371012925683,2107.0,554.9267177180423,583.0,0.5482623696327209,0.15129040169939795,0.3252116024494171,0.15825334463149798
0.17071568908599707,1.4870371012925683,2066.4,542.2577525256044,623.5999999999999,0.5421932876110077,0.1482949263283113,0.36643935441970826,0.13719491351966429
0.19110987889461029,1.4870371012925683,1989.9,526.8578062154074,700.0999999999999,0.5085049569606781,0.13674843589137678,0.3616726279258728,0.1378043844455051
0.2115040687032235,1.4870371012925683,1950.4,504.0718331876565,739.5999999999999,0.5089837849140167,0.13809007074401047,0.4025100886821747,0.1022293710305451
0.2318982585118367,1.4870371012925683,1929.0,494.30086683640457,761.0,0.5083793997764587,0.13828629528678374,0.41346420645713805,0.10066107258490681
0.25229244832044995,1.4870371012925683,1897.7,484.2897629041803,792.3,0.5080428302288056,0.13981020010800363,0.40959238409996035,0.1030914919762101
0.27268663812906313,1.4870371012925683,1873.0,477.1003331669945,817.0,0.5065408408641815,0.1395113607890994,0.4376099407672882,0.10583872374424544
0.29308082793767637,1.4870371012925683,1829.9,470.27599634405937,860.0999999999999,0.4982398569583893,0.13487642423346016,0.4753466069698334,0.12297539911261175
0.31347501774628955,1.4870371012925683,1764.6,474.08266088978337,925.4000000000001,0.4800545573234558,0.12427855586205754,0.4845702528953552,0.1324205059174457
0.3338692075549028,1.4870371012925683,1609.4,555.0080879299325,1080.6,0.44261683225631715,0.14588698423236074,0.47204811573028566,0.12196579796836124
0.354263397363516,1.4870371012925683,1536.0,610.5757327847264,1154.0,0.37725616097450254,0.16448236802246252,0.4795700967311859,0.12544905016249086
0.3746575871721292,1.4870371012925683,1464.8,680.1024846368895,1225.2,0.3630204975605011,0.17560488873094848,0.4893344044685364,0.1175266633635092
0.39505177698074245,1.4870371012925683,1430.5,711.9731537762951,1259.5,0.3582756340503693,0.17831184961185056,0.49259480834007263,0.11958711525380222
0.41544596678935564,1.4870371012925683,1424.7,710.1043133998472,1265.3,0.3565505087375641,0.17755797907937845,0.49486486315727235,0.1207718429502495
0.4358401565979689,1.4870371012925683,1420.0,708.4962435115583,1270.0,0.35457979440689086,0.17680597777306123,0.495243239402771,0.12075126389772607
0.45623434640658206,1.4870371012925683,1414.6,706.3499920997469,1275.4,0.3528756260871887,0.17605849423711453,0.49819027781486513,0.11843783169691621
0.4766285362151953,1.4870371012925683,1402.8,702.3404235320681,1287.2,0.34688531756401064,0.17371377257457915,0.4983708202838898,0.12058111923438763
0.4970227260238085,1.4870371012925683,1391.6,697.4222502567462,1298.4,0.34359602332115174,0.1723960120165634,0.4981389880180359,0.12182106406648371
0.5174169158324218,1.4870371012925683,1386.7,695.6528723121521,1303.3,0.34037615060806276,0.17126244685827297,0.4977638065814972,0.12261585755038751
0.537811105641035,1.4870371012925683,1371.3,689.7010186854101,1318.7,0.33866328597068784,0.17060341161989134,0.5087549805641174,0.12140986999153501
0.5582052954496481,1.4870371012925683,1338.2,685.5626681202724,1351.8,0.33042470216751096,0.1686496412191682,0.5208879292011261,0.12801118236185105
0.5785994852582613,1.4870371012925683,1320.3,683.6333139664372,1369.7,0.32051214575767517,0.16686343471086099,0.524185198545456,0.1283270400331824
0.5989936750668746,1.4870371012925683,1283.0,678.0370976310412,1407.0,0.3096772789955139,0.16473179765175364,0.5450355768203735,0.1295991996727898
0.6193878648754878,1.4870371012925683,1183.4,708.0351318077586,1506.6,0.27342944741249087,0.18028876244586212,0.5549377143383026,0.13016243356822726
0.639782054684101,1.4870371012925683,1102.4,709.1185148491514,1587.6,0.2721007466316223,0.17465053994396681,0.5886358559131623,0.12347774044367968
0.6601762444927142,1.4870371012925683,1008.5,700.6035619055407,1681.5,0.25215702652931216,0.172397608052877,0.6063362717628479,0.1276041160446007
0.6805704343013275,1.4870371012925683,890.7,701.0091365276222,1799.3,0.21786803007125854,0.17515397157937845,0.6269713878631592,0.12595250797308521
0.7009646241099406,1.4870371012925683,838.4,683.5568034494141,1851.6,0.21674554347991942,0.17320144293124876,0.6282812595367432,0.12017085500594268
0.7213588139185538,1.4870371012925683,702.9,688.2365024304349,1987.1,0.18778103590011597,0.1772688969686284,0.6372434854507446,0.10119290306116278
0.7417530037271671,1.4870371012925683,568.2,659.1937703400298,2121.8,0.1501630187034607,0.17311815471342526,0.6725702047348022,0.07473686631354347
0.7621471935357803,1.4870371012925683,490.6,572.9769367350594,2199.4,0.14491541385650636,0.16721400984260107,0.7253654897212982,0.02935079656102454
0.7825413833443935,1.4870371012925683,376.7,465.99010568112186,2313.3,0.12100121974945069,0.14461755078247535,0.7286584138870239,0.03195406278781929
0.8029355731530067,1.4870371012925683,208.8,315.58561753729964,2481.2,0.08348929286003112,0.12740182712413334,0.7190244674682618,0.024072872197113213
0.82332976296162,1.4870371012925683,0.0,0.0,2690.0,0.0,0.0,0.7092165648937225,0.016541497630791494
0.8437239527702332,1.4870371012925683,0.0,0.0,2690.0,0.0,0.0,0.7092165648937225,0.016541497630791494
0.04835055023431778,1.514226982599829,2450.6,433.72083900644924,239.4000000000001,0.719800078868866,0.036917157089526684,0.11799190044403077,0.16419599597949472
0.06874474004293099,1.514226982599829,2399.6,484.7832298145115,290.4000000000001,0.6807101428508758,0.051146445471645846,0.13174317479133607,0.16304530669678113
0.0891389298515442,1.514226982599829,2316.9,478.1006652631918,373.0999999999999,0.6124136686325073,0.13389155354598406,0.22281402349472046,0.17154218144193725
0.10953311966015743,1.514226982599829,2260.8,463.96320729892443,429.1999999999998,0.6006148815155029,0.13130152286726876,0.30780123472213744,0.14848163403675985
0.12992730946877062,1.514226982599829,2205.1,453.1870470110247,484.9000000000001,0.5732866108417511,0.1283275220833107,0.29661810398101807,0.14635359647182852
0.15032149927738386,1.514226982599829,2187.0,448.36261863249706,503.0,0.570106154680252,0.1281802454427595,0.30719337463378904,0.15160939357280775
0.17071568908599707,1.514226982599829,2146.4,436.83227795693807,543.5999999999999,0.5640370726585389,0.12523391748564178,0.3484211266040802,0.13269700144598148
0.19110987889461029,1.514226982599829,2069.9,425.8141844761571,620.0999999999999,0.5303487420082093,0.11501791059570954,0.34365440011024473,0.13296024719915658
0.2115040687032235,1.514226982599829,2030.4,401.77170777050685,659.5999999999999,0.5308275699615479,0.11655881920758346,0.38449186086654663,0.09987987236580766
0.2318982585118367,1.514226982599829,2009.0,391.93406128849114,681.0,0.5302231848239899,0.11685548087582126,0.39544597864151,0.09940949470511858
0.25229244832044995,1.514226982599829,1977.7,382.96613384612147,712.3,0.5298866152763366,0.11869017047813321,0.3915741562843323,0.10147964133747907
0.27268663812906313,1.514226982599829,1953.0,376.8266187257055,737.0,0.5283846259117126,0.11849554641878327,0.41959171295166015,0.10698682737443892
0.29308082793767637,1.514226982599829,1909.9,373.4355587677151,780.0999999999999,0.5200836420059204,0.11391060275197003,0.4573283791542053,0.12704536383980447
0.31347501774628955,1.514226982599829,1844.6,385.99177940117556,845.4000000000001,0.501898342370987,0.10334828304072331,0.46655202507972715,0.13690054765935775
0.3338692075549028,1.514226982599829,1689.4,496.3754760237956,1000.5999999999999,0.46446061730384824,0.13209350254052188,0.4540298879146576,0.12580001981185107
0.354263397363516,1.514226982599829,1612.7,561.7274328960408,1077.3,0.3976712703704834,0.15662343106597804,0.4652081847190857,0.1267930638857421
0.3746575871721292,1.514226982599829,1541.2,641.2932326409839,1148.8,0.38334643840789795,0.1691855325819088,0.47575289011001587,0.11898217458999476
0.39505177698074245,1.514226982599829,1506.7,677.0852212428302,1183.3,0.3784466028213501,0.1722079484784274,0.47891364693641664,0.12130702162384238
0.41544596678935564,1.514226982599829,1500.3,675.1375996708339,1189.7,0.37640435695648194,0.17132889496645867,0.4810621440410614,0.12271909413918673
0.4358401565979689,1.514226982599829,1495.5,673.6866461730048,1194.5,0.3743712484836578,0.17063752715555378,0.4814599871635437,0.12270697602440125
0.45623434640658206,1.514226982599829,1489.8,671.5948699827045,1200.2,0.37254963517189027,0.16989545933798433,0.4845300316810608,0.12051808960041234
0.4766285362151953,1.514226982599829,1477.7,667.9493816830216,1212.3,0.366449111700058,0.16778597884738597,0.4837360858917236,0.12346691504487296
0.4970227260238085,1.514226982599829,1466.5,663.4953406538735,1223.5,0.3631598174571991,0.16664100418197242,0.48350425362586974,0.12466268961795866
0.5174169158324218,1.514226982599829,1461.6,661.9505652060926,1228.4,0.3599399447441101,0.16568433826527215,0.48312907218933104,0.12541458889666726
0.537811105641035,1.514226982599829,1446.2,656.6923407358729,1243.8,0.3582270801067352,0.16511845955290563,0.49412024617195127,0.12496978611085874
0.5582052954496481,1.514226982599829,1413.1,654.5019612025469,1276.9,0.3499884963035583,0.1636599311825426,0.5062531948089599,0.13215852601136532
0.5785994852582613,1.514226982599829,1395.2,653.6480668342876,1294.8,0.34007593989372253,0.16249864468175093,0.5095504641532898,0.1326714630575764
0.5989936750668746,1.514226982599829,1357.9,650.2404481420542,1332.1,0.32924107313156126,0.16105905829008502,0.5304008424282074,0.1351918722928505
0.6193878648754878,1.514226982599829,1258.0,687.4403278895007,1432.0,0.2927854597568512,0.17903530338642862,0.5402775228023529,0.1363446148868229
0.639782054684101,1.514226982599829,1173.7,690.9580022292821,1516.3,0.2905431866645813,0.1726860091161903,0.5762076675891876,0.13125712674407153
0.6601762444927142,1.514226982599829,1079.6,687.6040945005493,1610.4,0.27050514817237853,0.1715465920805671,0.5939310193061829,0.13605924502459207
0.6805704343013275,1.514226982599829,959.1,692.2380352548323,1730.9,0.23465439081192016,0.17475116864439302,0.6147476315498352,0.13720411914844358
0.7009646241099406,1.514226982599829,901.7,672.2164561185951,1788.3,0.2315942943096161,0.17088827040469412,0.6186333239078522,0.12872524994648749
0.7213588139185538,1.514226982599829,762.8,680.2236164977065,1927.2,0.20174633264541625,0.17538937317098904,0.6283910691738128,0.10767605979967836
0.7417530037271671,1.514226982599829,625.4,654.0527312639609,2064.6,0.16374236345291138,0.1725024468375816,0.670055377483368,0.07012533302959734
0.7621471935357803,1.514226982599829,540.8,560.4655666872642,2149.2,0.15632742047309875,0.16400138276588808,0.7207162797451019,0.031695294304936276
0.7825413833443935,1.514226982599829,426.3,456.60559431403465,2263.7,0.13207173347473145,0.1414852713810395,0.7239783823490142,0.03436547638142403
0.8029355731530067,1.514226982599829,239.4,311.6410486228655,2450.6,0.11195431351661682,0.13294751028310298,0.7162369847297668,0.024843928178566288
0.82332976296162,1.514226982599829,7.1,16.061315856264102,2682.9,-0.02083621025085449,0.0471347822657045,0.7087111949920655,0.016398805249287243
0.8437239527702332,1.514226982599829,0.0,0.0,2690.0,0.0,0.0,0.7092165648937225,0.016541497630791494
0.04835055023431778,1.5414168639070898,2603.8,130.43920689778648,86.19999999999982,0.7059196949005127,0.016693031893685904,0.10394779443740845,0.1268882923863648
0.06874474004293099,1.5414168639070898,2552.8,184.78831873180172,137.19999999999982,0.6863551795482635,0.04182737122512862,0.12363638281822205,0.12924869530328928
0.0891389298515442,1.5414168639070898,2469.7,193.82697711147358,220.30000000000018,0.6577842831611633,0.05263960866760293,0.18044951558113098,0.15621795900005486
0.10953311966015743,1.5414168639070898,2412.9,182.01970295061767,277.0999999999999,0.646518075466156,0.05158448513584047,0.28698245286941526,0.12482543663818339
0.12992730946877062,1.5414168639070898,2357.0,181.27833432357812,333.0,0.6191579520702362,0.05755843608816767,0.2762067675590515,0.12130733994953617
0.15032149927738386,1.5414168639070898,2338.7,177.90397149053595,351.3000000000002,0.6159055173397064,0.05866763759521288,0.2868797242641449,0.1285595877686687
0.17071568908599707,1.5414168639070898,2297.2,168.69983852095064,392.8000000000002,0.6094594836235047,0.05489754593314831,0.3297274708747864,0.10977793100307358
0.19110987889461029,1.5414168639070898,2220.3,179.01719822517674,469.6999999999998,0.5755921185016633,0.04789832088090068,0.32330417037010195,0.10983686211561865
0.2115040687032235,1.5414168639070898,2180.7,137.45862112176297,509.3000000000002,0.5760729789733887,0.0512494691062449,0.36584954261779784,0.07198735691465834
0.2318982585118367,1.5414168639070898,2159.1,121.31784334654638,530.9000000000001,0.5753964006900787,0.052199904673739285,0.3770149350166321,0.07283334356217033
0.25229244832044995,1.5414168639070898,2127.1,114.00686099246559,562.9000000000001,0.5748170971870422,0.05628302027663158,0.37406850457191465,0.0746922376400918
0.27268663812906313,1.5414168639070898,2102.3,111.8506777134255,587.6999999999998,0.5733077168464661,0.05655226605291903,0.4025440514087677,0.08510853278339149
0.29308082793767637,1.5414168639070898,2058.0,130.41924078100428,632.0,0.564752733707428,0.05047466520725981,0.43392105102539064,0.11707964799048995
0.31347501774628955,1.5414168639070898,1992.7,193.75861407694677,697.3,0.5465674340724945,0.03430301927160362,0.44314469695091246,0.1286639024876436
0.3338692075549028,1.5414168639070898,1836.4,400.7056240220566,853.5999999999999,0.509473341703415,0.0993995747861818,0.43055734038352966,0.11540151870676096
0.354263397363516,1.5414168639070898,1759.7,492.47923448387695,930.3,0.44268399477005005,0.14276307528006704,0.4417356371879578,0.11775706359868009
0.3746575871721292,1.5414168639070898,1688.2,591.7833499894726,1001.8,0.4283591628074646,0.15876838706002944,0.45228034257888794,0.11058241268721662
0.39505177698074245,1.5414168639070898,1653.7,634.9505327482484,1036.3,0.4234593272209167,0.16275763176424649,0.4554410994052887,0.11345252267562424
0.41544596678935564,1.5414168639070898,1647.3,633.7179412477484,1042.7,0.4214170813560486,0.16214992430366731,0.45758959650993347,0.11521027194259513
0.4358401565979689,1.5414168639070898,1642.5,632.8062492346604,1047.5,0.4193839728832245,0.16174128778054625,0.4579874396324158,0.1152434474727504
0.45623434640658206,1.5414168639070898,1636.8,631.3339629167573,1053.2,0.41756235957145693,0.16124760581817238,0.46105748414993286,0.11327227401829053
0.4766285362151953,1.5414168639070898,1624.7,629.0643843840342,1065.3,0.4114618360996246,0.1600022865332024,0.4602635383605957,0.11631373374355017
0.4970227260238085,1.5414168639070898,1612.7,625.399526656364,1077.3,0.40768890380859374,0.159034170077522,0.46029393672943114,0.11758157570033995
0.5174169158324218,1.5414168639070898,1607.5,624.2511168572664,1082.5,0.4043891251087189,0.15849714290148878,0.45980427265167234,0.11832494264534721
0.537811105641035,1.5414168639070898,1591.4,620.3468693510333,1098.6,0.4024814486503601,0.15805846453195938,0.47164360284805296,0.11913868752451386
0.5582052954496481,1.5414168639070898,1557.3,621.8504178036123,1132.7,0.39370533227920534,0.1575068786998605,0.483429366350174,0.1277450581415363
0.5785994852582613,1.5414168639070898,1537.3,622.0749440285589,1152.7,0.38270764946937563,0.1571470848531519,0.4863191246986389,0.12886621101195825
0.5989936750668746,1.5414168639070898,1497.6,621.8806046586382,1192.4,0.3705690443515778,0.1564484720179617,0.5063622474670411,0.13363968391690723
0.6193878648754878,1.5414168639070898,1397.1,672.143150668573,1292.9,0.33385289907455445,0.17952781572302284,0.5160842537879944,0.13600349114358623
0.639782054684101,1.5414168639070898,1312.3,685.143887686837,1377.7,0.3314045131206512,0.1733323791566574,0.5522728741168976,0.13424885168313688
0.6601762444927142,1.5414168639070898,1217.5,691.9584445257121,1472.5,0.3110493183135986,0.17460784342952057,0.5704996705055236,0.13994054190367772
0.6805704343013275,1.5414168639070898,1096.5,709.5375134580535,1593.5,0.27496141791343687,0.18212765842565373,0.5927448153495789,0.14088336892318531
0.7009646241099406,1.5414168639070898,1039.1,696.4866790423404,1650.9,0.2719013214111328,0.1788171660004574,0.5966305077075958,0.13300589722704542
0.7213588139185538,1.5414168639070898,900.2,719.46230666819,1789.8,0.24205335974693298,0.18682168938668192,0.6063882529735565,0.11383613159250613
0.7417530037271671,1.5414168639070898,762.8,710.0532055817371,1927.2,0.2040493905544281,0.1887855501449217,0.6480525612831116,0.08558382988373194
0.7621471935357803,1.5414168639070898,678.2,635.3982790729042,2011.8,0.19663444757461548,0.18198686821734328,0.6987134635448455,0.06840487635752507
0.7825413833443935,1.5414168639070898,563.7,562.128637151294,2126.3,0.17237876057624818,0.1653863673182816,0.7019755661487579,0.07026552293258156
0.8029355731530067,1.5414168639070898,376.8,451.81379397055815,2313.2,0.13457377552986144,0.15727516087808027,0.7168374419212341,0.024543344465694866
0.82332976296162,1.5414168639070898,144.5,326.88171003241735,2545.5,0.04669080376625061,0.10562193617923897,0.7147163510322571,0.02222126603395257
0.8437239527702332,1.5414168639070898,0.1,0.2262157162854099,2689.9,0.0,0.0,0.7092166721820832,0.01654153618191309
0.04835055023431778,1.5686067452143504,2642.9,66.29355679735221,47.09999999999991,0.7068968951702118,0.016232650564131475,0.08911243677139283,0.10857545356289708
0.06874474004293099,1.5686067452143504,2591.9,121.50283173455546,98.09999999999991,0.6952061355113983,0.026652443871992303,0.11171818971633911,0.11397979952484648
0.0891389298515442,1.5686067452143504,2508.3,139.76155047211907,181.69999999999982,0.6698028266429901,0.03828598152138313,0.1669415593147278,0.1442264058491579
0.10953311966015743,1.5686067452143504,2451.4,132.51049950044776,238.5999999999999,0.6584752559661865,0.03875600089166844,0.27364873290061953,0.11677845540273876
0.12992730946877062,1.5686067452143504,2395.4,140.52154189463852,294.5999999999999,0.6310473322868347,0.05027643470956555,0.2628225743770599,0.1122987881433741
0.15032149927738386,1.5686067452143504,2377.1,139.04466359706277,312.9000000000001,0.6277948975563049,0.05196741783193961,0.2734955310821533,0.1207706961888878
0.17071568908599707,1.5686067452143504,2335.6,133.99797354490002,354.4000000000001,0.6213488638401031,0.04857586708112391,0.3163432776927948,0.10373690844857823
0.19110987889461029,1.5686067452143504,2258.7,157.80068206210007,431.3000000000002,0.5874814987182617,0.045804220734220726,0.3099199771881104,0.10332726311846617
0.2115040687032235,1.5686067452143504,2219.1,116.09490570701456,470.9000000000001,0.5879623591899872,0.049231941979177414,0.35246534943580626,0.06664925294597289
0.2318982585118367,1.5686067452143504,2197.5,101.21464619169504,492.5,0.5872857809066773,0.05031156667624949,0.3636307418346405,0.0688082895356661
0.25229244832044995,1.5686067452143504,2165.5,99.60586791374591,524.5,0.5867064774036408,0.05460800791905081,0.3606843113899231,0.07045544247506748
0.27268663812906313,1.5686067452143504,2140.7,102.55392465176872,549.3000000000002,0.5851970970630646,0.05507106778014329,0.3891598582267761,0.08403516967838544
0.29308082793767637,1.5686067452143504,2096.4,130.19373405181727,593.5999999999999,0.5766421139240265,0.049980226633094926,0.42053685784339906,0.11833706490588823
0.31347501774628955,1.5686067452143504,2031.1,200.836145239577,658.9000000000001,0.558456814289093,0.037052697837940164,0.4297605037689209,0.13034877855508453
0.3338692075549028,1.5686067452143504,1874.8,412.5325166246427,815.2,0.5213627219200134,0.1028494572156544,0.4171731472015381,0.11645741948791925
0.354263397363516,1.5686067452143504,1798.1,505.47326292303273,891.9000000000001,0.45457337498664857,0.14826346605402463,0.4283514440059662,0.11950599935927969
0.3746575871721292,1.5686067452143504,1726.3,605.0735550088599,963.7,0.44036699533462526,0.1643853100673498,0.4378684818744659,0.11308328280841166
0.39505177698074245,1.5686067452143504,1691.5,648.3589784425892,998.5,0.4351925432682037,0.16829380263956573,0.44088679552078247,0.11611102331378852
0.41544596678935564,1.5686067452143504,1684.9,647.2637808349476,1005.0999999999999,0.43304460644721987,0.16773073237680997,0.4430590748786926,0.1179802245540247
0.4358401565979689,1.5686067452143504,1679.6,646.277199756928,1010.4000000000001,0.43068825006484984,0.1672422233823799,0.44308003783226013,0.11803924484554243
0.45623434640658206,1.5686067452143504,1670.7,643.31974478004,1019.3,0.4277903139591217,0.1661950860989561,0.44868228435516355,0.11660995447423211
0.4766285362151953,1.5686067452143504,1656.4,640.3340950797859,1033.6,0.42136905789375306,0.16501742975244343,0.4490788638591766,0.11959842220571965
0.4970227260238085,1.5686067452143504,1642.7,636.1329179895773,1047.3,0.4165966331958771,0.16359920179729903,0.4492887735366821,0.1204879437098505
0.5174169158324218,1.5686067452143504,1637.0,634.8547030782983,1053.0,0.41304402351379393,0.1630240005184731,0.44881618618965147,0.12116909980745491
0.537811105641035,1.5686067452143504,1620.5,631.2070926675376,1069.5,0.41095808148384094,0.1625451911677285,0.4604758620262146,0.12277789193240235
0.5582052954496481,1.5686067452143504,1586.1,633.3906704013708,1103.9,0.4020285546779633,0.16217089874341276,0.47228395342826845,0.13168967266150472
0.5785994852582613,1.5686067452143504,1566.1,634.1277920584109,1123.9,0.39103087186813357,0.16214278844768273,0.4751737117767334,0.13291537326707928
0.5989936750668746,1.5686067452143504,1526.4,634.9618293167056,1163.6,0.3788922667503357,0.1618211818575626,0.4952168345451355,0.1384687575913717
0.6193878648754878,1.5686067452143504,1425.9,686.6650828345965,1264.1,0.3421761214733124,0.18516945905707552,0.5049388408660889,0.14118853501283876
0.639782054684101,1.5686067452143504,1341.1,701.3786129828773,1348.9,0.33972773551940916,0.17923386899607477,0.5411274611949921,0.14113354644584059
0.6601762444927142,1.5686067452143504,1246.3,710.2260925290367,1443.7,0.31937254071235655,0.1810006319716707,0.5593542575836181,0.14734413351709869
0.6805704343013275,1.5686067452143504,1125.3,730.082855775744,1564.7,0.2832846403121948,0.1891702640677559,0.5815994024276734,0.1491878248303856
0.7009646241099406,1.5686067452143504,1067.9,718.7148940438594,1622.1,0.28022454380989076,0.18606302097626218,0.5854850947856903,0.14194612061510375
0.7213588139185538,1.5686067452143504,929.0,744.0648758544797,1761.0,0.2503765821456909,0.1944960823458222,0.595242840051651,0.1246614270427842
0.7417530037271671,1.5686067452143504,791.6,738.0257995758884,1898.4,0.21237261295318605,0.19729692642700244,0.6369071483612061,0.10214925725532116
0.7621471935357803,1.5686067452143504,705.1,666.2519000808148,1984.9,0.20446287393569945,0.19041048241355304,0.6869253039360046,0.09320059946478342
0.7825413833443935,1.5686067452143504,588.7,596.9294214877663,2101.3,0.17984598875045776,0.17474843334285162,0.690335726737976,0.09448965524953729
0.8029355731530067,1.5686067452143504,396.8,485.61545152974435,2293.2,0.13979397416114808,0.16464691353291822,0.7199093222618103,0.02416937990106067
0.82332976296162,1.5686067452143504,155.4,351.539223107527,2534.6,0.05071769952774048,0.1147314072701601,0.7153762102127075,0.023259388612740937
0.8437239527702332,1.5686067452143504,0.1,0.2262157162854099,2689.9,0.0,0.0,0.7092166721820832,0.01654153618191309
0.04835055023431778,1.595796626521611,2665.6,42.06936594466309,24.40000000000009,0.7082507848739624,0.01648575115880602,0.05109960436820984,0.07251135761699183
0.06874474004293099,1.595796626521611,2614.6,96.59066722771877,75.40000000000009,0.6992794215679169,0.020902802737651556,0.09684516787528992,0.11138052032332747
0.0891389298515442,1.595796626521611,2531.0,115.51629744239257,159.0,0.6765857577323914,0.0317776903954176,0.15182047486305236,0.140578973526833
0.10953311966015743,1.595796626521611,2473.7,113.32985951579394,216.30000000000018,0.6652536809444427,0.03344894404343467,0.26026989221572877,0.11906601863113572
0.12992730946877062,1.595796626521611,2415.3,129.25744676074657,274.6999999999998,0.6368271231651306,0.04885735304982558,0.25104867815971377,0.11559872161734723
0.15032149927738386,1.595796626521611,2396.6,129.28302403252835,293.4000000000001,0.6337276816368103,0.05078382472007737,0.25825533270835876,0.12680221561213784
0.17071568908599707,1.595796626521611,2355.1,127.50062648909271,334.9000000000001,0.6272816479206085,0.04776493141704098,0.30110307931900027,0.11400518125235794
0.19110987889461029,1.595796626521611,2278.2,157.82040861228887,411.8000000000002,0.5934142827987671,0.04741722781490762,0.2946797788143158,0.11314166452790188
0.2115040687032235,1.595796626521611,2238.6,119.84319492345159,451.4000000000001,0.5938951432704925,0.05070410974415616,0.33722515106201173,0.08546338261553807
0.2318982585118367,1.595796626521611,2217.0,107.73928379568217,473.0,0.5932185649871826,0.05179711428160227,0.34839054346084597,0.08826072166432689
0.25229244832044995,1.595796626521611,2185.0,109.518419254622,505.0,0.5926392614841461,0.056014553679529115,0.34544411301612854,0.08926521755088915
0.27268663812906313,1.595796626521611,2160.0,114.49386045306457,530.0,0.5909443438053131,0.05653493546480403,0.3736246168613434,0.10261109647540577
0.29308082793767637,1.595796626521611,2114.8,142.59320058902617,575.1999999999998,0.5819603741168976,0.05204740929580422,0.4047388434410095,0.13419352388195158
0.31347501774628955,1.595796626521611,2049.5,212.329758251695,640.5,0.5637750744819641,0.0411557352977712,0.41396248936653135,0.14546735360568622
0.3338692075549028,1.595796626521611,1892.1,421.4563929849026,797.9000000000001,0.5263404250144958,0.10528292404922197,0.40170649290084837,0.13206333853746158
0.354263397363516,1.595796626521611,1813.8,513.3985824008292,876.2,0.4590751171112061,0.15096048026090517,0.4116093575954437,0.13543390700933913
0.3746575871721292,1.595796626521611,1741.1,612.2974524014234,948.9000000000001,0.44459532499313353,0.16689434183825572,0.4208861649036407,0.13187451631105537
0.39505177698074245,1.595796626521611,1704.8,654.6973430922891,985.2,0.44006447196006776,0.17119825966549734,0.42521509528160095,0.13282940636694615
0.41544596678935564,1.595796626521611,1694.4,651.571270810186,995.5999999999999,0.43686723709106445,0.17005663672162766,0.4387175738811493,0.12044498675514241
0.4358401565979689,1.595796626521611,1688.8,650.4709397716051,1001.2,0.4344454944133759,0.16956661033274428,0.43863182663917544,0.12061894265006456
0.45623434640658206,1.595796626521611,1679.9,647.6045334178033,1010.0999999999999,0.4315475583076477,0.16857064606566327,0.44423407316207886,0.11933937419022143
0.4766285362151953,1.595796626521611,1665.6,644.7547593607542,1024.4,0.42512630224227904,0.16749162456405411,0.4446306526660919,0.12226934785876815
0.4970227260238085,1.595796626521611,1651.9,640.6944413486472,1038.1,0.42035387754440307,0.1661558971213024,0.4448405623435974,0.12314388832224872
0.5174169158324218,1.595796626521611,1646.2,639.4719744364862,1043.8,0.41680126786231997,0.16563540473728403,0.4443679749965668,0.12380077881431134
0.537811105641035,1.595796626521611,1629.7,635.9865811051857,1060.3,0.4147153258323669,0.16519114484503847,0.4560276508331299,0.12561079911145978
0.5582052954496481,1.595796626521611,1595.3,638.4357264101271,1094.7,0.40578579902648926,0.16493856055624864,0.4678357422351837,0.13455691273702566
0.5785994852582613,1.595796626521611,1575.3,639.3306930121596,1114.7,0.39478811621665955,0.16505333081167778,0.4707255005836487,0.1358105557796225
0.5989936750668746,1.595796626521611,1535.6,640.482279484562,1154.4,0.3826495110988617,0.1648947473120606,0.4907686233520508,0.14160859719844812
0.6193878648754878,1.595796626521611,1435.1,692.5326039319867,1254.9,0.34593336582183837,0.18827848645390946,0.5004906296730042,0.14443953331263623
0.639782054684101,1.595796626521611,1348.7,706.6029387856518,1341.3,0.34285563230514526,0.18190655454478252,0.5364849388599395,0.1452015458127832
0.6601762444927142,1.595796626521611,1252.8,715.1058352421295,1437.2,0.322098708152771,0.18346655549254143,0.5557217478752137,0.1505928593649632
0.6805704343013275,1.595796626521611,1128.8,732.9351815242143,1561.2,0.2850847601890564,0.19090360600606712,0.581840181350708,0.1489682208501265
0.7009646241099406,1.595796626521611,1070.7,721.1534103761029,1619.3,0.28181942105293273,0.1876353034875717,0.5866033554077148,0.14087117115767017
0.7213588139185538,1.595796626521611,929.9,744.9124313663691,1760.1,0.250795316696167,0.19492224693440513,0.5954783141613007,0.12438962130137404
0.7417530037271671,1.595796626521611,791.7,738.1310978787399,1898.3,0.21242361068725585,0.19735348249671408,0.6368924260139466,0.10217347747396266
0.7621471935357803,1.595796626521611,705.1,666.2519000808148,1984.9,0.20446287393569945,0.19041048241355304,0.6869253039360046,0.09320059946478342
0.7825413833443935,1.595796626521611,588.7,596.9294214877663,2101.3,0.17984598875045776,0.17474843334285162,0.690335726737976,0.09448965524953729
0.8029355731530067,1.595796626521611,396.8,485.61545152974435,2293.2,0.13979397416114808,0.16464691353291822,0.7199093222618103,0.02416937990106067
0.82332976296162,1.595796626521611,155.4,351.539223107527,2534.6,0.05071769952774048,0.1147314072701601,0.7153762102127075,0.023259388612740937
0.8437239527702332,1.595796626521611,0.1,0.2262157162854099,2689.9,0.0,0.0,0.7092166721820832,0.01654153618191309
0.04835055023431778,1.6229865078288719,2679.6,25.538230411554334,10.400000000000091,0.709202092885971,0.01653632933605937,0.03429884314537048,0.07758937369890906
0.06874474004293099,1.6229865078288719,2628.6,78.94910493268937,61.40000000000009,0.7018203914165497,0.018670929121620175,0.09205454587936401,0.116539307885307
0.0891389298515442,1.6229865078288719,2545.0,100.9270318825705,145.0,0.680602616071701,0.028495128678641346,0.1485987424850464,0.14364023487934882
0.10953311966015743,1.6229865078288719,2487.0,103.22203276104335,203.0,0.6688530206680298,0.031147664101345167,0.258079469203949,0.1229394019600112
0.12992730946877062,1.6229865078288719,2428.6,123.82734139941715,261.4000000000001,0.6405168294906616,0.048385828208385565,0.2489287793636322,0.11950400289311261
0.15032149927738386,1.6229865078288719,2409.3,125.16227090905143,280.6999999999998,0.6369946718215942,0.0506124256235959,0.255394321680069,0.13111687196081903
0.17071568908599707,1.6229865078288719,2367.3,125.64424919910385,322.6999999999998,0.6305142641067505,0.04784438845581655,0.30113389492034914,0.1160548919815039
0.19110987889461029,1.6229865078288719,2289.3,159.26616431602238,400.6999999999998,0.5962830483913422,0.048660065810304444,0.2940790593624115,0.11595501721963623
0.2115040687032235,1.6229865078288719,2248.5,123.02116855587286,441.5,0.596055680513382,0.051640521898654604,0.33659054040908815,0.08957694869956957
0.2318982585118367,1.6229865078288719,2226.2,112.02427225126817,463.8000000000002,0.5952021777629852,0.052689717904424435,0.34696051478385925,0.09150764975414187
0.25229244832044995,1.6229865078288719,2194.0,115.09418538848551,496.0,0.594529676437378,0.056843846033044584,0.3440840780735016,0.092503616500112
0.27268663812906313,1.6229865078288719,2169.0,120.90119597062034,521.0,0.592834758758545,0.057388458803434954,0.3722645819187164,0.105646872171722
0.29308082793767637,1.6229865078288719,2121.5,146.94438103249476,568.5,0.5833781242370606,0.05295332810622332,0.4054578483104706,0.13387448349466555
0.31347501774628955,1.6229865078288719,2056.2,216.42848357318275,633.8000000000002,0.565192824602127,0.042640778175635274,0.41468149423599243,0.1451471142488635
0.3338692075549028,1.6229865078288719,1898.8,424.9495396956103,791.2,0.5277581751346588,0.10615691015174102,0.40242549777030945,0.1317485493335191
0.354263397363516,1.6229865078288719,1820.5,516.8474685631932,869.5,0.460492867231369,0.15192863671869744,0.4123283624649048,0.1350970059043883
0.3746575871721292,1.6229865078288719,1747.8,615.6421732196073,942.2,0.4460130751132965,0.16784013362551956,0.4216051697731018,0.13149966065457092
0.39505177698074245,1.6229865078288719,1711.5,658.0367028235447,978.5,0.4414822220802307,0.1721416222296409,0.42593410015106203,0.1324438913912228
0.41544596678935564,1.6229865078288719,1701.1,654.9870621284334,988.9000000000001,0.43828498721122744,0.17102136834443232,0.4394365787506104,0.11997369615599673
0.4358401565979689,1.6229865078288719,1695.5,653.925103866518,994.5,0.4358632445335388,0.17054556146312047,0.43935083150863646,0.12014862617492252
0.45623434640658206,1.6229865078288719,1686.6,651.1259788419304,1003.4000000000001,0.43296530842781067,0.16956912487593861,0.44495307803153994,0.11884472486444014
0.4766285362151953,1.6229865078288719,1672.3,648.3757109211007,1017.7,0.426544052362442,0.16852721552775646,0.445349657535553,0.12178526824082755
0.4970227260238085,1.6229865078288719,1658.6,644.4192056727161,1031.4,0.42177162766456605,0.16722276929410745,0.44555956721305845,0.1226625604419462
0.5174169158324218,1.6229865078288719,1652.7,643.1203184151309,1037.3,0.4181643545627594,0.1666798482637548,0.4451658487319946,0.12327243059971814
0.537811105641035,1.6229865078288719,1635.8,639.5094071153087,1054.2,0.4158829629421234,0.1660934471418267,0.4567043542861938,0.1251317894234217
0.5582052954496481,1.6229865078288719,1600.5,641.568425955256,1089.5,0.4062609851360321,0.16531642207412947,0.4695135235786438,0.13339354935193895
0.5785994852582613,1.6229865078288719,1579.3,641.7902002193107,1110.7,0.3947067856788635,0.1649862355377711,0.4718391716480255,0.13502117484096582
0.5989936750668746,1.6229865078288719,1539.1,642.7469702964116,1150.9,0.38242114782333375,0.16469705552421252,0.492829293012619,0.14007294369916853
0.6193878648754878,1.6229865078288719,1435.1,692.5326039319867,1254.9,0.34593336582183837,0.18827848645390946,0.5004906296730042,0.14443953331263623
0.639782054684101,1.6229865078288719,1348.7,706.6029387856518,1341.3,0.34285563230514526,0.18190655454478252,0.5364849388599395,0.1452015458127832
0.6601762444927142,1.6229865078288719,1252.8,715.1058352421295,1437.2,0.322098708152771,0.18346655549254143,0.5557217478752137,0.1505928593649632
0.6805704343013275,1.6229865078288719,1128.8,732.9351815242143,1561.2,0.2850847601890564,0.19090360600606712,0.581840181350708,0.1489682208501265
0.7009646241099406,1.6229865078288719,1070.7,721.1534103761029,1619.3,0.28181942105293273,0.1876353034875717,0.5866033554077148,0.14087117115767017
0.7213588139185538,1.6229865078288719,929.9,744.9124313663691,1760.1,0.250795316696167,0.19492224693440513,0.5954783141613007,0.12438962130137404
0.7417530037271671,1.6229865078288719,791.7,738.1310978787399,1898.3,0.21242361068725585,0.19735348249671408,0.6368924260139466,0.10217347747396266
0.7621471935357803,1.6229865078288719,705.1,666.2519000808148,1984.9,0.20446287393569945,0.19041048241355304,0.6869253039360046,0.09320059946478342
0.7825413833443935,1.6229865078288719,588.7,596.9294214877663,2101.3,0.17984598875045776,0.17474843334285162,0.690335726737976,0.09448965524953729
0.8029355731530067,1.6229865078288719,396.8,485.61545152974435,2293.2,0.13979397416114808,0.16464691353291822,0.7199093222618103,0.02416937990106067
0.82332976296162,1.6229865078288719,155.4,351.539223107527,2534.6,0.05071769952774048,0.1147314072701601,0.7153762102127075,0.023259388612740937
0.8437239527702332,1.6229865078288719,0.1,0.2262157162854099,2689.9,0.0,0.0,0.7092166721820832,0.01654153618191309
0.04835055023431778,1.6501763891361323,2683.3,17.168731334797982,6.699999999999818,0.7097698330879212,0.016785834959305513,0.03184025287628174,0.07202765611116657
0.06874474004293099,1.6501763891361323,2632.3,71.36463501105727,57.69999999999982,0.7031775891780854,0.0172869963382842,0.09214004278182983,0.11662794850891116
0.0891389298515442,1.6501763891361323,2548.7,96.63883740867061,141.30000000000018,0.6820628464221954,0.027948571639972043,0.14868205785751343,0.14369140124143276
0.10953311966015743,1.6501763891361323,2490.4,100.28284423409326,199.5999999999999,0.6704559087753296,0.030768409194840925,0.25755741596221926,0.1228339250702689
0.12992730946877062,1.6501763891361323,2431.8,122.39076312537674,258.1999999999998,0.6420616686344147,0.04866084901354302,0.24868147373199462,0.11944038326730652
0.15032149927738386,1.6501763891361323,2412.5,124.02465615465044,277.5,0.6385395109653473,0.05093618677905334,0.2551470160484314,0.13106582654301122
0.17071568908599707,1.6501763891361323,2370.5,125.12328707660548,319.5,0.6320591032505035,0.04830473708843066,0.30088658928871154,0.11605265282360308
0.19110987889461029,1.6501763891361323,2292.5,159.74640319462586,397.5,0.5978278875350952,0.049721229760473815,0.2938317537307739,0.11594422036875246
0.2115040687032235,1.6501763891361323,2251.7,124.2412237455375,438.3000000000002,0.597600519657135,0.05264543304546465,0.33634323477745054,0.0896296915599872
0.2318982585118367,1.6501763891361323,2229.4,113.72010032192871,460.5999999999999,0.5967470169067383,0.05368895514222689,0.3467132091522217,0.0915752052602347
0.25229244832044995,1.6501763891361323,2197.2,117.24619913803916,492.8000000000002,0.596074515581131,0.05778150047540049,0.343836772441864,0.09256607569830408
0.27268663812906313,1.6501763891361323,2172.2,123.32102046985989,517.8000000000002,0.594379597902298,0.05834288096483555,0.37201727628707887,0.10573904768712217
0.29308082793767637,1.6501763891361323,2124.7,149.52083099227042,565.3000000000002,0.5849229633808136,0.05413986237602216,0.405210542678833,0.1339820771421372
0.31347501774628955,1.6501763891361323,2059.4,218.7298413777854,630.5999999999999,0.5667376637458801,0.04446631528837236,0.4144341886043549,0.1452552871233653
0.3338692075549028,1.6501763891361323,1902.0,426.797781340732,788.0,0.5293030142784119,0.10721040567497399,0.4021781921386719,0.13185464389740262
0.354263397363516,1.6501763891361323,1823.7,518.6429166180534,866.3,0.4620377063751221,0.1530531352873957,0.41208105683326723,0.1352107720833731
0.3746575871721292,1.6501763891361323,1750.9,617.3095315469726,939.0999999999999,0.4475043714046478,0.16889500609995708,0.42135695219039915,0.1316269188359382
0.39505177698074245,1.6501763891361323,1714.5,659.639343963833,975.5,0.4429179549217224,0.17315226057560543,0.42564626336097716,0.13259596300907808
0.41544596678935564,1.6501763891361323,1703.7,656.4020663592675,986.3,0.43956850171089173,0.17194168945467322,0.4391029715538025,0.12018986046463845
0.4358401565979689,1.6501763891361323,1697.1,654.7991780983082,992.9000000000001,0.4365543246269226,0.17104252083931995,0.43881443738937376,0.12049758704797986
0.45623434640658206,1.6501763891361323,1687.7,651.7359936052222,1002.3,0.4332820475101471,0.1697996709764462,0.4442984044551849,0.11929429681563446
0.4766285362151953,1.6501763891361323,1672.9,648.7162650948294,1017.0999999999999,0.42668223977088926,0.16863107635657137,0.44478592872619627,0.12216313521747986
0.4970227260238085,1.6501763891361323,1658.6,644.4192056727161,1031.4,0.42177162766456605,0.16722276929410745,0.44555956721305845,0.1226625604419462
0.5174169158324218,1.6501763891361323,1652.7,643.1203184151309,1037.3,0.4181643545627594,0.1666798482637548,0.4451658487319946,0.12327243059971814
0.537811105641035,1.6501763891361323,1635.8,639.5094071153087,1054.2,0.4158829629421234,0.1660934471418267,0.4567043542861938,0.1251317894234217
0.5582052954496481,1.6501763891361323,1600.5,641.568425955256,1089.5,0.4062609851360321,0.16531642207412947,0.4695135235786438,0.13339354935193895
0.5785994852582613,1.6501763891361323,1579.3,641.7902002193107,1110.7,0.3947067856788635,0.1649862355377711,0.4718391716480255,0.13502117484096582
0.5989936750668746,1.6501763891361323,1539.1,642.7469702964116,1150.9,0.38242114782333375,0.16469705552421252,0.492829293012619,0.14007294369916853
0.6193878648754878,1.6501763891361323,1435.1,692.5326039319867,1254.9,0.34593336582183837,0.18827848645390946,0.5004906296730042,0.14443953331263623
0.639782054684101,1.6501763891361323,1348.7,706.6029387856518,1341.3,0.34285563230514526,0.18190655454478252,0.5364849388599395,0.1452015458127832
0.6601762444927142,1.6501763891361323,1252.8,715.1058352421295,1437.2,0.322098708152771,0.18346655549254143,0.5557217478752137,0.1505928593649632
0.6805704343013275,1.6501763891361323,1128.8,732.9351815242143,1561.2,0.2850847601890564,0.19090360600606712,0.581840181350708,0.1489682208501265
0.7009646241099406,1.6501763891361323,1070.7,721.1534103761029,1619.3,0.28181942105293273,0.1876353034875717,0.5866033554077148,0.14087117115767017
0.7213588139185538,1.6501763891361323,929.9,744.9124313663691,1760.1,0.250795316696167,0.19492224693440513,0.5954783141613007,0.12438962130137404
0.7417530037271671,1.6501763891361323,791.7,738.1310978787399,1898.3,0.21242361068725585,0.19735348249671408,0.6368924260139466,0.10217347747396266
0.7621471935357803,1.6501763891361323,705.1,666.2519000808148,1984.9,0.20446287393569945,0.19041048241355304,0.6869253039360046,0.09320059946478342
0.7825413833443935,1.6501763891361323,588.7,596.9294214877663,2101.3,0.17984598875045776,0.17474843334285162,0.690335726737976,0.09448965524953729
0.8029355731530067,1.6501763891361323,396.8,485.61545152974435,2293.2,0.13979397416114808,0.16464691353291822,0.7199093222618103,0.02416937990106067
0.82332976296162,1.6501763891361323,155.4,351.539223107527,2534.6,0.05071769952774048,0.1147314072701601,0.7153762102127075,0.023259388612740937
0.8437239527702332,1.6501763891361323,0.1,0.2262157162854099,2689.9,0.0,0.0,0.7092166721820832,0.01654153618191309
0.04835055023431778,1.6773662704433934,2690.9,0.2262157162854099,-0.900000000000091,0.7092165648937225,0.016541497630791494,0.0,0.0
0.06874474004293099,1.6773662704433934,2639.9,56.48597325808733,50.09999999999991,0.70316841006279,0.01729489768495398,0.08378645777702332,0.10925256196287483
0.0891389298515442,1.6773662704433934,2556.3,89.65682888778413,133.69999999999982,0.6821449577808381,0.027929124656555657,0.1401046633720398,0.13966566933847327
0.10953311966015743,1.6773662704433934,2498.0,95.64226415997595,192.0,0.6706153750419617,0.030753813070574135,0.24872566461563111,0.12276956158166878
0.12992730946877062,1.6773662704433934,2439.3,120.66961143864833,250.69999999999982,0.6421568989753723,0.04868596052091876,0.2402294397354126,0.11883911002635048
0.15032149927738386,1.6773662704433934,2419.7,122.99380369764053,270.3000000000002,0.6384237766265869,0.05090368999980067,0.24685394167900085,0.1307360071329757
0.17071568908599707,1.6773662704433934,2377.7,125.47941520651219,312.3000000000002,0.6319433689117432,0.04826163339754152,0.292593514919281,0.1175297057244679
0.19110987889461029,1.6773662704433934,2299.7,162.0086599938696,390.3000000000002,0.5977121531963349,0.049633991230057066,0.28553867936134336,0.11713899002841055
0.2115040687032235,1.6773662704433934,2258.7,128.30109971348497,431.3000000000002,0.5974193811416626,0.052516564464488276,0.32819581031799316,0.09324631311828435
0.2318982585118367,1.6773662704433934,2236.2,118.71706533735681,453.8000000000002,0.5968300998210907,0.053748607623158196,0.3410024166107178,0.09405183080815394
0.25229244832044995,1.6773662704433934,2203.9,123.01617677218478,486.0999999999999,0.5961161077022552,0.057809455463820415,0.33812841176986697,0.09491716314321672
0.27268663812906313,1.6773662704433934,2178.6,129.24563508273565,511.4000000000001,0.5945808172225953,0.058481423958979144,0.3662555873394012,0.10868242011058749
0.29308082793767637,1.6773662704433934,2128.2,152.68240735057842,561.8000000000002,0.5837868332862854,0.053247505371519725,0.3968453586101532,0.1389054015646566
0.31347501774628955,1.6773662704433934,2062.0,220.75686946611268,628.0,0.5655140519142151,0.043003371013341424,0.4056536555290222,0.15039974258755515
0.3338692075549028,1.6773662704433934,1902.6,427.1570937780822,787.4000000000001,0.5294428586959838,0.10731087892277129,0.4006670653820038,0.13255237711964105
0.354263397363516,1.6773662704433934,1823.8,518.7005520747739,866.2,0.46199766397476194,0.1530230849556654,0.41217159032821654,0.1351688670718549
0.3746575871721292,1.6773662704433934,1750.9,617.3095315469726,939.0999999999999,0.4475043714046478,0.16889500609995708,0.42135695219039915,0.1316269188359382
0.39505177698074245,1.6773662704433934,1714.5,659.639343963833,975.5,0.4429179549217224,0.17315226057560543,0.42564626336097716,0.13259596300907808
0.41544596678935564,1.6773662704433934,1703.7,656.4020663592675,986.3,0.43956850171089173,0.17194168945467322,0.4391029715538025,0.12018986046463845
0.4358401565979689,1.6773662704433934,1697.1,654.7991780983082,992.9000000000001,0.4365543246269226,0.17104252083931995,0.43881443738937376,0.12049758704797986
0.45623434640658206,1.6773662704433934,1687.7,651.7359936052222,1002.3,0.4332820475101471,0.1697996709764462,0.4442984044551849,0.11929429681563446
0.4766285362151953,1.6773662704433934,1672.9,648.7162650948294,1017.0999999999999,0.42668223977088926,0.16863107635657137,0.44478592872619627,0.12216313521747986
0.4970227260238085,1.6773662704433934,1658.6,644.4192056727161,1031.4,0.42177162766456605,0.16722276929410745,0.44555956721305845,0.1226625604419462
0.5174169158324218,1.6773662704433934,1652.7,643.1203184151309,1037.3,0.4181643545627594,0.1666798482637548,0.4451658487319946,0.12327243059971814
0.537811105641035,1.6773662704433934,1635.8,639.5094071153087,1054.2,0.4158829629421234,0.1660934471418267,0.4567043542861938,0.1251317894234217
0.5582052954496481,1.6773662704433934,1600.5,641.568425955256,1089.5,0.4062609851360321,0.16531642207412947,0.4695135235786438,0.13339354935193895
0.5785994852582613,1.6773662704433934,1579.3,641.7902002193107,1110.7,0.3947067856788635,0.1649862355377711,0.4718391716480255,0.13502117484096582
0.5989936750668746,1.6773662704433934,1539.1,642.7469702964116,1150.9,0.38242114782333375,0.16469705552421252,0.492829293012619,0.14007294369916853
0.6193878648754878,1.6773662704433934,1435.1,692.5326039319867,1254.9,0.34593336582183837,0.18827848645390946,0.5004906296730042,0.14443953331263623
0.639782054684101,1.6773662704433934,1348.7,706.6029387856518,1341.3,0.34285563230514526,0.18190655454478252,0.5364849388599395,0.1452015458127832
0.6601762444927142,1.6773662704433934,1252.8,715.1058352421295,1437.2,0.322098708152771,0.18346655549254143,0.5557217478752137,0.1505928593649632
0.6805704343013275,1.6773662704433934,1128.8,732.9351815242143,1561.2,0.2850847601890564,0.19090360600606712,0.581840181350708,0.1489682208501265
0.7009646241099406,1.6773662704433934,1070.7,721.1534103761029,1619.3,0.28181942105293273,0.1876353034875717,0.5866033554077148,0.14087117115767017
0.7213588139185538,1.6773662704433934,929.9,744.9124313663691,1760.1,0.250795316696167,0.19492224693440513,0.5954783141613007,0.12438962130137404
0.7417530037271671,1.6773662704433934,791.7,738.1310978787399,1898.3,0.21242361068725585,0.19735348249671408,0.6368924260139466,0.10217347747396266
0.7621471935357803,1.6773662704433934,705.1,666.2519000808148,1984.9,0.20446287393569945,0.19041048241355304,0.6869253039360046,0.09320059946478342
0.7825413833443935,1.6773662704433934,588.7,596.9294214877663,2101.3,0.17984598875045776,0.17474843334285162,0.690335726737976,0.09448965524953729
0.8029355731530067,1.6773662704433934,396.8,485.61545152974435,2293.2,0.13979397416114808,0.16464691353291822,0.7199093222618103,0.02416937990106067
0.82332976296162,1.6773662704433934,155.4,351.539223107527,2534.6,0.05071769952774048,0.1147314072701601,0.7153762102127075,0.023259388612740937
0.8437239527702332,1.6773662704433934,0.1,0.2262157162854099,2689.9,0.0,0.0,0.7092166721820832,0.01654153618191309
