rho_th,IA_th,count_in,count_in_CI,count_out,r2_in,r2in_CI,r2_out,r2out_CI
0.005454018246382475,0.38524240819949584,0.1,0.2262157162854099,910.9,0.0,0.0,0.6138104438781739,0.02146301868491734
0.030949230687931564,0.38524240819949584,0.1,0.2262157162854099,910.9,0.0,0.0,0.6138104438781739,0.02146301868491734
0.05644444312948065,0.38524240819949584,0.1,0.2262157162854099,910.9,0.0,0.0,0.6138104438781739,0.02146301868491734
0.08193965557102974,0.38524240819949584,0.0,0.0,911.0,0.0,0.0,0.6138181090354919,0.021469408493873295
0.10743486801257883,0.38524240819949584,0.0,0.0,911.0,0.0,0.0,0.6138181090354919,0.021469408493873295
0.1329300804541279,0.38524240819949584,0.0,0.0,911.0,0.0,0.0,0.6138181090354919,0.021469408493873295
0.158425292895677,0.38524240819949584,0.0,0.0,911.0,0.0,0.0,0.6138181090354919,0.021469408493873295
0.1839205053372261,0.38524240819949584,0.0,0.0,911.0,0.0,0.0,0.6138181090354919,0.021469408493873295
0.20941571777877518,0.38524240819949584,0.0,0.0,911.0,0.0,0.0,0.6138181090354919,0.021469408493873295
0.23491093022032428,0.38524240819949584,0.0,0.0,911.0,0.0,0.0,0.6138181090354919,0.021469408493873295
0.26040614266187334,0.38524240819949584,0.0,0.0,911.0,0.0,0.0,0.6138181090354919,0.021469408493873295
0.28590135510342246,0.38524240819949584,0.0,0.0,911.0,0.0,0.0,0.6138181090354919,0.021469408493873295
0.3113965675449715,0.38524240819949584,0.0,0.0,911.0,0.0,0.0,0.6138181090354919,0.021469408493873295
0.33689177998652065,0.38524240819949584,0.0,0.0,911.0,0.0,0.0,0.6138181090354919,0.021469408493873295
0.3623869924280697,0.38524240819949584,0.0,0.0,911.0,0.0,0.0,0.6138181090354919,0.021469408493873295
0.38788220486961883,0.38524240819949584,0.0,0.0,911.0,0.0,0.0,0.6138181090354919,0.021469408493873295
0.4133774173111679,0.38524240819949584,0.0,0.0,911.0,0.0,0.0,0.6138181090354919,0.021469408493873295
0.43887262975271696,0.38524240819949584,0.0,0.0,911.0,0.0,0.0,0.6138181090354919,0.021469408493873295
0.4643678421942661,0.38524240819949584,0.0,0.0,911.0,0.0,0.0,0.6138181090354919,0.021469408493873295
0.48986305463581514,0.38524240819949584,0.0,0.0,911.0,0.0,0.0,0.6138181090354919,0.021469408493873295
0.5153582670773642,0.38524240819949584,0.0,0.0,911.0,0.0,0.0,0.6138181090354919,0.021469408493873295
0.5408534795189134,0.38524240819949584,0.0,0.0,911.0,0.0,0.0,0.6138181090354919,0.021469408493873295
0.5663486919604624,0.38524240819949584,0.0,0.0,911.0,0.0,0.0,0.6138181090354919,0.021469408493873295
0.5918439044020115,0.38524240819949584,0.0,0.0,911.0,0.0,0.0,0.6138181090354919,0.021469408493873295
0.6173391168435606,0.38524240819949584,0.0,0.0,911.0,0.0,0.0,0.6138181090354919,0.021469408493873295
0.6428343292851096,0.38524240819949584,0.0,0.0,911.0,0.0,0.0,0.6138181090354919,0.021469408493873295
0.6683295417266588,0.38524240819949584,0.0,0.0,911.0,0.0,0.0,0.6138181090354919,0.021469408493873295
0.6938247541682079,0.38524240819949584,0.0,0.0,911.0,0.0,0.0,0.6138181090354919,0.021469408493873295
0.7193199666097569,0.38524240819949584,0.0,0.0,911.0,0.0,0.0,0.6138181090354919,0.021469408493873295
0.744815179051306,0.38524240819949584,0.0,0.0,911.0,0.0,0.0,0.6138181090354919,0.021469408493873295
0.7703103914928552,0.38524240819949584,0.0,0.0,911.0,0.0,0.0,0.6138181090354919,0.021469408493873295
0.7958056039344042,0.38524240819949584,0.0,0.0,911.0,0.0,0.0,0.6138181090354919,0.021469408493873295
0.8213008163759533,0.38524240819949584,0.0,0.0,911.0,0.0,0.0,0.6138181090354919,0.021469408493873295
0.8467960288175024,0.38524240819949584,0.0,0.0,911.0,0.0,0.0,0.6138181090354919,0.021469408493873295
0.8722912412590514,0.38524240819949584,0.0,0.0,911.0,0.0,0.0,0.6138181090354919,0.021469408493873295
0.8977864537006006,0.38524240819949584,0.0,0.0,911.0,0.0,0.0,0.6138181090354919,0.021469408493873295
0.9232816661421497,0.38524240819949584,0.0,0.0,911.0,0.0,0.0,0.6138181090354919,0.021469408493873295
0.9487768785836987,0.38524240819949584,0.0,0.0,911.0,0.0,0.0,0.6138181090354919,0.021469408493873295
0.9742720910252478,0.38524240819949584,0.0,0.0,911.0,0.0,0.0,0.6138181090354919,0.021469408493873295
0.9997673034667969,0.38524240819949584,0.0,0.0,911.0,0.0,0.0,0.6138181090354919,0.021469408493873295
0.005454018246382475,0.410175127102157,0.2,0.4524314325708198,910.8,-0.43835082054138186,0.9916184485306587,0.6138712644577027,0.021514052066936823
0.030949230687931564,0.410175127102157,0.2,0.4524314325708198,910.8,-0.43835082054138186,0.9916184485306587,0.6138712644577027,0.021514052066936823
0.05644444312948065,0.410175127102157,0.2,0.4524314325708198,910.8,-0.43835082054138186,0.9916184485306587,0.6138712644577027,0.021514052066936823
0.08193965557102974,0.410175127102157,0.0,0.0,911.0,0.0,0.0,0.6138181090354919,0.021469408493873295
0.10743486801257883,0.410175127102157,0.0,0.0,911.0,0.0,0.0,0.6138181090354919,0.021469408493873295
0.1329300804541279,0.410175127102157,0.0,0.0,911.0,0.0,0.0,0.6138181090354919,0.021469408493873295
0.158425292895677,0.410175127102157,0.0,0.0,911.0,0.0,0.0,0.6138181090354919,0.021469408493873295
0.1839205053372261,0.410175127102157,0.0,0.0,911.0,0.0,0.0,0.6138181090354919,0.021469408493873295
0.20941571777877518,0.410175127102157,0.0,0.0,911.0,0.0,0.0,0.6138181090354919,0.021469408493873295
0.23491093022032428,0.410175127102157,0.0,0.0,911.0,0.0,0.0,0.6138181090354919,0.021469408493873295
0.26040614266187334,0.410175127102157,0.0,0.0,911.0,0.0,0.0,0.6138181090354919,0.021469408493873295
0.28590135510342246,0.410175127102157,0.0,0.0,911.0,0.0,0.0,0.6138181090354919,0.021469408493873295
0.3113965675449715,0.410175127102157,0.0,0.0,911.0,0.0,0.0,0.6138181090354919,0.021469408493873295
0.33689177998652065,0.410175127102157,0.0,0.0,911.0,0.0,0.0,0.6138181090354919,0.021469408493873295
0.3623869924280697,0.410175127102157,0.0,0.0,911.0,0.0,0.0,0.6138181090354919,0.021469408493873295
0.38788220486961883,0.410175127102157,0.0,0.0,911.0,0.0,0.0,0.6138181090354919,0.021469408493873295
0.4133774173111679,0.410175127102157,0.0,0.0,911.0,0.0,0.0,0.6138181090354919,0.021469408493873295
0.43887262975271696,0.410175127102157,0.0,0.0,911.0,0.0,0.0,0.6138181090354919,0.021469408493873295
0.4643678421942661,0.410175127102157,0.0,0.0,911.0,0.0,0.0,0.6138181090354919,0.021469408493873295
0.48986305463581514,0.410175127102157,0.0,0.0,911.0,0.0,0.0,0.6138181090354919,0.021469408493873295
0.5153582670773642,0.410175127102157,0.0,0.0,911.0,0.0,0.0,0.6138181090354919,0.021469408493873295
0.5408534795189134,0.410175127102157,0.0,0.0,911.0,0.0,0.0,0.6138181090354919,0.021469408493873295
0.5663486919604624,0.410175127102157,0.0,0.0,911.0,0.0,0.0,0.6138181090354919,0.021469408493873295
0.5918439044020115,0.410175127102157,0.0,0.0,911.0,0.0,0.0,0.6138181090354919,0.021469408493873295
0.6173391168435606,0.410175127102157,0.0,0.0,911.0,0.0,0.0,0.6138181090354919,0.021469408493873295
0.6428343292851096,0.410175127102157,0.0,0.0,911.0,0.0,0.0,0.6138181090354919,0.021469408493873295
0.6683295417266588,0.410175127102157,0.0,0.0,911.0,0.0,0.0,0.6138181090354919,0.021469408493873295
0.6938247541682079,0.410175127102157,0.0,0.0,911.0,0.0,0.0,0.6138181090354919,0.021469408493873295
0.7193199666097569,0.410175127102157,0.0,0.0,911.0,0.0,0.0,0.6138181090354919,0.021469408493873295
0.744815179051306,0.410175127102157,0.0,0.0,911.0,0.0,0.0,0.6138181090354919,0.021469408493873295
0.7703103914928552,0.410175127102157,0.0,0.0,911.0,0.0,0.0,0.6138181090354919,0.021469408493873295
0.7958056039344042,0.410175127102157,0.0,0.0,911.0,0.0,0.0,0.6138181090354919,0.021469408493873295
0.8213008163759533,0.410175127102157,0.0,0.0,911.0,0.0,0.0,0.6138181090354919,0.021469408493873295
0.8467960288175024,0.410175127102157,0.0,0.0,911.0,0.0,0.0,0.6138181090354919,0.021469408493873295
0.8722912412590514,0.410175127102157,0.0,0.0,911.0,0.0,0.0,0.6138181090354919,0.021469408493873295
0.8977864537006006,0.410175127102157,0.0,0.0,911.0,0.0,0.0,0.6138181090354919,0.021469408493873295
0.9232816661421497,0.410175127102157,0.0,0.0,911.0,0.0,0.0,0.6138181090354919,0.021469408493873295
0.9487768785836987,0.410175127102157,0.0,0.0,911.0,0.0,0.0,0.6138181090354919,0.021469408493873295
0.9742720910252478,0.410175127102157,0.0,0.0,911.0,0.0,0.0,0.6138181090354919,0.021469408493873295
0.9997673034667969,0.410175127102157,0.0,0.0,911.0,0.0,0.0,0.6138181090354919,0.021469408493873295
0.005454018246382475,0.4351078460048181,1.2,2.257124548916433,909.8,-0.4479666590690613,0.9894376880841764,0.6135990262031555,0.02179990677219274
0.030949230687931564,0.4351078460048181,1.2,2.257124548916433,909.8,-0.4479666590690613,0.9894376880841764,0.6135990262031555,0.02179990677219274
0.05644444312948065,0.4351078460048181,1.2,2.257124548916433,909.8,-0.4479666590690613,0.9894376880841764,0.6135990262031555,0.02179990677219274
0.08193965557102974,0.4351078460048181,0.0,0.0,911.0,0.0,0.0,0.6138181090354919,0.021469408493873295
0.10743486801257883,0.4351078460048181,0.0,0.0,911.0,0.0,0.0,0.6138181090354919,0.021469408493873295
0.1329300804541279,0.4351078460048181,0.0,0.0,911.0,0.0,0.0,0.6138181090354919,0.021469408493873295
0.158425292895677,0.4351078460048181,0.0,0.0,911.0,0.0,0.0,0.6138181090354919,0.021469408493873295
0.1839205053372261,0.4351078460048181,0.0,0.0,911.0,0.0,0.0,0.6138181090354919,0.021469408493873295
0.20941571777877518,0.4351078460048181,0.0,0.0,911.0,0.0,0.0,0.6138181090354919,0.021469408493873295
0.23491093022032428,0.4351078460048181,0.0,0.0,911.0,0.0,0.0,0.6138181090354919,0.021469408493873295
0.26040614266187334,0.4351078460048181,0.0,0.0,911.0,0.0,0.0,0.6138181090354919,0.021469408493873295
0.28590135510342246,0.4351078460048181,0.0,0.0,911.0,0.0,0.0,0.6138181090354919,0.021469408493873295
0.3113965675449715,0.4351078460048181,0.0,0.0,911.0,0.0,0.0,0.6138181090354919,0.021469408493873295
0.33689177998652065,0.4351078460048181,0.0,0.0,911.0,0.0,0.0,0.6138181090354919,0.021469408493873295
0.3623869924280697,0.4351078460048181,0.0,0.0,911.0,0.0,0.0,0.6138181090354919,0.021469408493873295
0.38788220486961883,0.4351078460048181,0.0,0.0,911.0,0.0,0.0,0.6138181090354919,0.021469408493873295
0.4133774173111679,0.4351078460048181,0.0,0.0,911.0,0.0,0.0,0.6138181090354919,0.021469408493873295
0.43887262975271696,0.4351078460048181,0.0,0.0,911.0,0.0,0.0,0.6138181090354919,0.021469408493873295
0.4643678421942661,0.4351078460048181,0.0,0.0,911.0,0.0,0.0,0.6138181090354919,0.021469408493873295
0.48986305463581514,0.4351078460048181,0.0,0.0,911.0,0.0,0.0,0.6138181090354919,0.021469408493873295
0.5153582670773642,0.4351078460048181,0.0,0.0,911.0,0.0,0.0,0.6138181090354919,0.021469408493873295
0.5408534795189134,0.4351078460048181,0.0,0.0,911.0,0.0,0.0,0.6138181090354919,0.021469408493873295
0.5663486919604624,0.4351078460048181,0.0,0.0,911.0,0.0,0.0,0.6138181090354919,0.021469408493873295
0.5918439044020115,0.4351078460048181,0.0,0.0,911.0,0.0,0.0,0.6138181090354919,0.021469408493873295
0.6173391168435606,0.4351078460048181,0.0,0.0,911.0,0.0,0.0,0.6138181090354919,0.021469408493873295
0.6428343292851096,0.4351078460048181,0.0,0.0,911.0,0.0,0.0,0.6138181090354919,0.021469408493873295
0.6683295417266588,0.4351078460048181,0.0,0.0,911.0,0.0,0.0,0.6138181090354919,0.021469408493873295
0.6938247541682079,0.4351078460048181,0.0,0.0,911.0,0.0,0.0,0.6138181090354919,0.021469408493873295
0.7193199666097569,0.4351078460048181,0.0,0.0,911.0,0.0,0.0,0.6138181090354919,0.021469408493873295
0.744815179051306,0.4351078460048181,0.0,0.0,911.0,0.0,0.0,0.6138181090354919,0.021469408493873295
0.7703103914928552,0.4351078460048181,0.0,0.0,911.0,0.0,0.0,0.6138181090354919,0.021469408493873295
0.7958056039344042,0.4351078460048181,0.0,0.0,911.0,0.0,0.0,0.6138181090354919,0.021469408493873295
0.8213008163759533,0.4351078460048181,0.0,0.0,911.0,0.0,0.0,0.6138181090354919,0.021469408493873295
0.8467960288175024,0.4351078460048181,0.0,0.0,911.0,0.0,0.0,0.6138181090354919,0.021469408493873295
0.8722912412590514,0.4351078460048181,0.0,0.0,911.0,0.0,0.0,0.6138181090354919,0.021469408493873295
0.8977864537006006,0.4351078460048181,0.0,0.0,911.0,0.0,0.0,0.6138181090354919,0.021469408493873295
0.9232816661421497,0.4351078460048181,0.0,0.0,911.0,0.0,0.0,0.6138181090354919,0.021469408493873295
0.9487768785836987,0.4351078460048181,0.0,0.0,911.0,0.0,0.0,0.6138181090354919,0.021469408493873295
0.9742720910252478,0.4351078460048181,0.0,0.0,911.0,0.0,0.0,0.6138181090354919,0.021469408493873295
0.9997673034667969,0.4351078460048181,0.0,0.0,911.0,0.0,0.0,0.6138181090354919,0.021469408493873295
0.005454018246382475,0.46004056490747924,1.7,2.524668292406794,909.3,-3.9269466638565063,8.488592149327038,0.6144547462463379,0.022546737307462938
0.030949230687931564,0.46004056490747924,1.7,2.524668292406794,909.3,-3.9269466638565063,8.488592149327038,0.6144547462463379,0.022546737307462938
0.05644444312948065,0.46004056490747924,1.5,2.460800029431823,909.5,-4.218765616416931,8.466113738781566,0.614383590221405,0.022489615128235683
0.08193965557102974,0.46004056490747924,0.2,0.4524314325708198,910.8,-3.7673763275146483,8.522397344454232,0.6146420001983642,0.022122136616179976
0.10743486801257883,0.46004056490747924,0.2,0.4524314325708198,910.8,-3.7673763275146483,8.522397344454232,0.6146420001983642,0.022122136616179976
0.1329300804541279,0.46004056490747924,0.2,0.4524314325708198,910.8,-3.7673763275146483,8.522397344454232,0.6146420001983642,0.022122136616179976
0.158425292895677,0.46004056490747924,0.0,0.0,911.0,0.0,0.0,0.6138181090354919,0.021469408493873295
0.1839205053372261,0.46004056490747924,0.0,0.0,911.0,0.0,0.0,0.6138181090354919,0.021469408493873295
0.20941571777877518,0.46004056490747924,0.0,0.0,911.0,0.0,0.0,0.6138181090354919,0.021469408493873295
0.23491093022032428,0.46004056490747924,0.0,0.0,911.0,0.0,0.0,0.6138181090354919,0.021469408493873295
0.26040614266187334,0.46004056490747924,0.0,0.0,911.0,0.0,0.0,0.6138181090354919,0.021469408493873295
0.28590135510342246,0.46004056490747924,0.0,0.0,911.0,0.0,0.0,0.6138181090354919,0.021469408493873295
0.3113965675449715,0.46004056490747924,0.0,0.0,911.0,0.0,0.0,0.6138181090354919,0.021469408493873295
0.33689177998652065,0.46004056490747924,0.0,0.0,911.0,0.0,0.0,0.6138181090354919,0.021469408493873295
0.3623869924280697,0.46004056490747924,0.0,0.0,911.0,0.0,0.0,0.6138181090354919,0.021469408493873295
0.38788220486961883,0.46004056490747924,0.0,0.0,911.0,0.0,0.0,0.6138181090354919,0.021469408493873295
0.4133774173111679,0.46004056490747924,0.0,0.0,911.0,0.0,0.0,0.6138181090354919,0.021469408493873295
0.43887262975271696,0.46004056490747924,0.0,0.0,911.0,0.0,0.0,0.6138181090354919,0.021469408493873295
0.4643678421942661,0.46004056490747924,0.0,0.0,911.0,0.0,0.0,0.6138181090354919,0.021469408493873295
0.48986305463581514,0.46004056490747924,0.0,0.0,911.0,0.0,0.0,0.6138181090354919,0.021469408493873295
0.5153582670773642,0.46004056490747924,0.0,0.0,911.0,0.0,0.0,0.6138181090354919,0.021469408493873295
0.5408534795189134,0.46004056490747924,0.0,0.0,911.0,0.0,0.0,0.6138181090354919,0.021469408493873295
0.5663486919604624,0.46004056490747924,0.0,0.0,911.0,0.0,0.0,0.6138181090354919,0.021469408493873295
0.5918439044020115,0.46004056490747924,0.0,0.0,911.0,0.0,0.0,0.6138181090354919,0.021469408493873295
0.6173391168435606,0.46004056490747924,0.0,0.0,911.0,0.0,0.0,0.6138181090354919,0.021469408493873295
0.6428343292851096,0.46004056490747924,0.0,0.0,911.0,0.0,0.0,0.6138181090354919,0.021469408493873295
0.6683295417266588,0.46004056490747924,0.0,0.0,911.0,0.0,0.0,0.6138181090354919,0.021469408493873295
0.6938247541682079,0.46004056490747924,0.0,0.0,911.0,0.0,0.0,0.6138181090354919,0.021469408493873295
0.7193199666097569,0.46004056490747924,0.0,0.0,911.0,0.0,0.0,0.6138181090354919,0.021469408493873295
0.744815179051306,0.46004056490747924,0.0,0.0,911.0,0.0,0.0,0.6138181090354919,0.021469408493873295
0.7703103914928552,0.46004056490747924,0.0,0.0,911.0,0.0,0.0,0.6138181090354919,0.021469408493873295
0.7958056039344042,0.46004056490747924,0.0,0.0,911.0,0.0,0.0,0.6138181090354919,0.021469408493873295
0.8213008163759533,0.46004056490747924,0.0,0.0,911.0,0.0,0.0,0.6138181090354919,0.021469408493873295
0.8467960288175024,0.46004056490747924,0.0,0.0,911.0,0.0,0.0,0.6138181090354919,0.021469408493873295
0.8722912412590514,0.46004056490747924,0.0,0.0,911.0,0.0,0.0,0.6138181090354919,0.021469408493873295
0.8977864537006006,0.46004056490747924,0.0,0.0,911.0,0.0,0.0,0.6138181090354919,0.021469408493873295
0.9232816661421497,0.46004056490747924,0.0,0.0,911.0,0.0,0.0,0.6138181090354919,0.021469408493873295
0.9487768785836987,0.46004056490747924,0.0,0.0,911.0,0.0,0.0,0.6138181090354919,0.021469408493873295
0.9742720910252478,0.46004056490747924,0.0,0.0,911.0,0.0,0.0,0.6138181090354919,0.021469408493873295
0.9997673034667969,0.46004056490747924,0.0,0.0,911.0,0.0,0.0,0.6138181090354919,0.021469408493873295
0.005454018246382475,0.4849732838101403,2.7,2.998247321642685,908.3,-6.625383377075195,13.6000584364165,0.6157876908779144,0.023083465563860595
0.030949230687931564,0.4849732838101403,2.7,2.998247321642685,908.3,-6.625383377075195,13.6000584364165,0.6157876908779144,0.023083465563860595
0.05644444312948065,0.4849732838101403,2.4,2.885174318461323,908.6,-6.66087658405304,13.5931609936797,0.6155047118663788,0.022847030390434907
0.08193965557102974,0.4849732838101403,0.8,1.0556733426652465,910.2,-6.437108659744263,13.644473349095394,0.6155575215816498,0.022302344869895845
0.10743486801257883,0.4849732838101403,0.8,1.0556733426652465,910.2,-6.437108659744263,13.644473349095394,0.6155575215816498,0.022302344869895845
0.1329300804541279,0.4849732838101403,0.8,1.0556733426652465,910.2,-6.437108659744263,13.644473349095394,0.6155575215816498,0.022302344869895845
0.158425292895677,0.4849732838101403,0.6,0.9048628651416396,910.4,-0.37532963752746584,0.8490546279641895,0.6147304713726044,0.021543696676317312
0.1839205053372261,0.4849732838101403,0.6,0.9048628651416396,910.4,-0.37532963752746584,0.8490546279641895,0.6147304713726044,0.021543696676317312
0.20941571777877518,0.4849732838101403,0.5,0.9079993142866692,910.5,-0.37532963752746584,0.8490546279641895,0.61421417593956,0.02181604199377156
0.23491093022032428,0.4849732838101403,0.5,0.9079993142866692,910.5,-0.37532963752746584,0.8490546279641895,0.61421417593956,0.02181604199377156
0.26040614266187334,0.4849732838101403,0.5,0.9079993142866692,910.5,-0.37532963752746584,0.8490546279641895,0.61421417593956,0.02181604199377156
0.28590135510342246,0.4849732838101403,0.5,0.9079993142866692,910.5,-0.37532963752746584,0.8490546279641895,0.61421417593956,0.02181604199377156
0.3113965675449715,0.4849732838101403,0.5,0.9079993142866692,910.5,-0.37532963752746584,0.8490546279641895,0.61421417593956,0.02181604199377156
0.33689177998652065,0.4849732838101403,0.5,0.9079993142866692,910.5,-0.37532963752746584,0.8490546279641895,0.61421417593956,0.02181604199377156
0.3623869924280697,0.4849732838101403,0.5,0.9079993142866692,910.5,-0.37532963752746584,0.8490546279641895,0.61421417593956,0.02181604199377156
0.38788220486961883,0.4849732838101403,0.5,0.9079993142866692,910.5,-0.37532963752746584,0.8490546279641895,0.61421417593956,0.02181604199377156
0.4133774173111679,0.4849732838101403,0.5,0.9079993142866692,910.5,-0.37532963752746584,0.8490546279641895,0.61421417593956,0.02181604199377156
0.43887262975271696,0.4849732838101403,0.5,0.9079993142866692,910.5,-0.37532963752746584,0.8490546279641895,0.61421417593956,0.02181604199377156
0.4643678421942661,0.4849732838101403,0.5,0.9079993142866692,910.5,-0.37532963752746584,0.8490546279641895,0.61421417593956,0.02181604199377156
0.48986305463581514,0.4849732838101403,0.5,0.9079993142866692,910.5,-0.37532963752746584,0.8490546279641895,0.61421417593956,0.02181604199377156
0.5153582670773642,0.4849732838101403,0.5,0.9079993142866692,910.5,-0.37532963752746584,0.8490546279641895,0.61421417593956,0.02181604199377156
0.5408534795189134,0.4849732838101403,0.5,0.9079993142866692,910.5,-0.37532963752746584,0.8490546279641895,0.61421417593956,0.02181604199377156
0.5663486919604624,0.4849732838101403,0.5,0.9079993142866692,910.5,-0.37532963752746584,0.8490546279641895,0.61421417593956,0.02181604199377156
0.5918439044020115,0.4849732838101403,0.5,0.9079993142866692,910.5,-0.37532963752746584,0.8490546279641895,0.61421417593956,0.02181604199377156
0.6173391168435606,0.4849732838101403,0.5,0.9079993142866692,910.5,-0.37532963752746584,0.8490546279641895,0.61421417593956,0.02181604199377156
0.6428343292851096,0.4849732838101403,0.5,0.9079993142866692,910.5,-0.37532963752746584,0.8490546279641895,0.61421417593956,0.02181604199377156
0.6683295417266588,0.4849732838101403,0.5,0.9079993142866692,910.5,-0.37532963752746584,0.8490546279641895,0.61421417593956,0.02181604199377156
0.6938247541682079,0.4849732838101403,0.5,0.9079993142866692,910.5,-0.37532963752746584,0.8490546279641895,0.61421417593956,0.02181604199377156
0.7193199666097569,0.4849732838101403,0.5,0.9079993142866692,910.5,-0.37532963752746584,0.8490546279641895,0.61421417593956,0.02181604199377156
0.744815179051306,0.4849732838101403,0.5,0.9079993142866692,910.5,-0.37532963752746584,0.8490546279641895,0.61421417593956,0.02181604199377156
0.7703103914928552,0.4849732838101403,0.5,0.9079993142866692,910.5,-0.37532963752746584,0.8490546279641895,0.61421417593956,0.02181604199377156
0.7958056039344042,0.4849732838101403,0.5,0.9079993142866692,910.5,-0.37532963752746584,0.8490546279641895,0.61421417593956,0.02181604199377156
0.8213008163759533,0.4849732838101403,0.5,0.9079993142866692,910.5,-0.37532963752746584,0.8490546279641895,0.61421417593956,0.02181604199377156
0.8467960288175024,0.4849732838101403,0.5,0.9079993142866692,910.5,-0.37532963752746584,0.8490546279641895,0.61421417593956,0.02181604199377156
0.8722912412590514,0.4849732838101403,0.5,0.9079993142866692,910.5,-0.37532963752746584,0.8490546279641895,0.61421417593956,0.02181604199377156
0.8977864537006006,0.4849732838101403,0.5,0.9079993142866692,910.5,-0.37532963752746584,0.8490546279641895,0.61421417593956,0.02181604199377156
0.9232816661421497,0.4849732838101403,0.5,0.9079993142866692,910.5,-0.37532963752746584,0.8490546279641895,0.61421417593956,0.02181604199377156
0.9487768785836987,0.4849732838101403,0.5,0.9079993142866692,910.5,-0.37532963752746584,0.8490546279641895,0.61421417593956,0.02181604199377156
0.9742720910252478,0.4849732838101403,0.5,0.9079993142866692,910.5,-0.37532963752746584,0.8490546279641895,0.61421417593956,0.02181604199377156
0.9997673034667969,0.4849732838101403,0.0,0.0,911.0,0.0,0.0,0.6138181090354919,0.021469408493873295
0.005454018246382475,0.5099060027128015,12.1,10.866991130467369,898.9,-1.7334765076637269,2.8679863469051017,0.612717479467392,0.02260947065794853
0.030949230687931564,0.5099060027128015,12.1,10.866991130467369,898.9,-1.7334765076637269,2.8679863469051017,0.612717479467392,0.02260947065794853
0.05644444312948065,0.5099060027128015,11.8,10.952205343690254,899.2,-1.7212727665901184,2.8694741857734063,0.6124331176280975,0.02231544311890138
0.08193965557102974,0.5099060027128015,8.8,10.868822285780809,902.2,-1.6079942345619203,2.8957043850960393,0.6121107041835785,0.02133242349774154
0.10743486801257883,0.5099060027128015,8.8,10.868822285780809,902.2,-1.6079942345619203,2.8957043850960393,0.6121107041835785,0.02133242349774154
0.1329300804541279,0.5099060027128015,5.6,7.786846033470467,905.4,-1.638335406780243,2.8858489898808783,0.6131839334964753,0.020686613204311685
0.158425292895677,0.5099060027128015,5.4,7.358871388444614,905.6,-1.6449964344501495,2.8835650628694527,0.6123034954071045,0.020255556101319155
0.1839205053372261,0.5099060027128015,4.9,7.460547223249831,906.1,-0.3841735661029816,0.854895240418441,0.612335455417633,0.02021165175588321
0.20941571777877518,0.5099060027128015,4.6,7.4433794152164605,906.4,-0.5601356565952301,0.9149452617344918,0.6118407249450684,0.02047139592315531
0.23491093022032428,0.5099060027128015,4.2,7.5163554682539635,906.8,-0.37182684540748595,0.8574884457717916,0.6119353413581848,0.02041723204475059
0.26040614266187334,0.5099060027128015,4.2,7.5163554682539635,906.8,-0.37182684540748595,0.8574884457717916,0.6119353413581848,0.02041723204475059
0.28590135510342246,0.5099060027128015,4.2,7.5163554682539635,906.8,-0.37182684540748595,0.8574884457717916,0.6119353413581848,0.02041723204475059
0.3113965675449715,0.5099060027128015,4.2,7.5163554682539635,906.8,-0.37182684540748595,0.8574884457717916,0.6119353413581848,0.02041723204475059
0.33689177998652065,0.5099060027128015,4.2,7.5163554682539635,906.8,-0.37182684540748595,0.8574884457717916,0.6119353413581848,0.02041723204475059
0.3623869924280697,0.5099060027128015,4.2,7.5163554682539635,906.8,-0.37182684540748595,0.8574884457717916,0.6119353413581848,0.02041723204475059
0.38788220486961883,0.5099060027128015,4.2,7.5163554682539635,906.8,-0.37182684540748595,0.8574884457717916,0.6119353413581848,0.02041723204475059
0.4133774173111679,0.5099060027128015,4.2,7.5163554682539635,906.8,-0.37182684540748595,0.8574884457717916,0.6119353413581848,0.02041723204475059
0.43887262975271696,0.5099060027128015,4.2,7.5163554682539635,906.8,-0.37182684540748595,0.8574884457717916,0.6119353413581848,0.02041723204475059
0.4643678421942661,0.5099060027128015,4.2,7.5163554682539635,906.8,-0.37182684540748595,0.8574884457717916,0.6119353413581848,0.02041723204475059
0.48986305463581514,0.5099060027128015,4.2,7.5163554682539635,906.8,-0.37182684540748595,0.8574884457717916,0.6119353413581848,0.02041723204475059
0.5153582670773642,0.5099060027128015,4.2,7.5163554682539635,906.8,-0.37182684540748595,0.8574884457717916,0.6119353413581848,0.02041723204475059
0.5408534795189134,0.5099060027128015,4.2,7.5163554682539635,906.8,-0.37182684540748595,0.8574884457717916,0.6119353413581848,0.02041723204475059
0.5663486919604624,0.5099060027128015,4.2,7.5163554682539635,906.8,-0.37182684540748595,0.8574884457717916,0.6119353413581848,0.02041723204475059
0.5918439044020115,0.5099060027128015,4.2,7.5163554682539635,906.8,-0.37182684540748595,0.8574884457717916,0.6119353413581848,0.02041723204475059
0.6173391168435606,0.5099060027128015,4.2,7.5163554682539635,906.8,-0.37182684540748595,0.8574884457717916,0.6119353413581848,0.02041723204475059
0.6428343292851096,0.5099060027128015,4.2,7.5163554682539635,906.8,-0.37182684540748595,0.8574884457717916,0.6119353413581848,0.02041723204475059
0.6683295417266588,0.5099060027128015,4.2,7.5163554682539635,906.8,-0.37182684540748595,0.8574884457717916,0.6119353413581848,0.02041723204475059
0.6938247541682079,0.5099060027128015,4.2,7.5163554682539635,906.8,-0.37182684540748595,0.8574884457717916,0.6119353413581848,0.02041723204475059
0.7193199666097569,0.5099060027128015,4.2,7.5163554682539635,906.8,-0.37182684540748595,0.8574884457717916,0.6119353413581848,0.02041723204475059
0.744815179051306,0.5099060027128015,4.2,7.5163554682539635,906.8,-0.37182684540748595,0.8574884457717916,0.6119353413581848,0.02041723204475059
0.7703103914928552,0.5099060027128015,4.2,7.5163554682539635,906.8,-0.37182684540748595,0.8574884457717916,0.6119353413581848,0.02041723204475059
0.7958056039344042,0.5099060027128015,4.2,7.5163554682539635,906.8,-0.37182684540748595,0.8574884457717916,0.6119353413581848,0.02041723204475059
0.8213008163759533,0.5099060027128015,4.2,7.5163554682539635,906.8,-0.37182684540748595,0.8574884457717916,0.6119353413581848,0.02041723204475059
0.8467960288175024,0.5099060027128015,4.2,7.5163554682539635,906.8,-0.37182684540748595,0.8574884457717916,0.6119353413581848,0.02041723204475059
0.8722912412590514,0.5099060027128015,4.2,7.5163554682539635,906.8,-0.37182684540748595,0.8574884457717916,0.6119353413581848,0.02041723204475059
0.8977864537006006,0.5099060027128015,4.2,7.5163554682539635,906.8,-0.37182684540748595,0.8574884457717916,0.6119353413581848,0.02041723204475059
0.9232816661421497,0.5099060027128015,4.2,7.5163554682539635,906.8,-0.37182684540748595,0.8574884457717916,0.6119353413581848,0.02041723204475059
0.9487768785836987,0.5099060027128015,4.2,7.5163554682539635,906.8,-0.37182684540748595,0.8574884457717916,0.6119353413581848,0.02041723204475059
0.9742720910252478,0.5099060027128015,4.2,7.5163554682539635,906.8,-0.37182684540748595,0.8574884457717916,0.6119353413581848,0.02041723204475059
0.9997673034667969,0.5099060027128015,0.0,0.0,911.0,0.0,0.0,0.6138181090354919,0.021469408493873295
0.005454018246382475,0.5348387216154626,18.7,12.177654240595327,892.3,-1.0163666546344756,1.8289040056226165,0.6132058739662171,0.021849910632580936
0.030949230687931564,0.5348387216154626,18.7,12.177654240595327,892.3,-1.0163666546344756,1.8289040056226165,0.6132058739662171,0.021849910632580936
0.05644444312948065,0.5348387216154626,18.4,12.345290789493346,892.6,-1.0041629135608674,1.8285169531143046,0.6129215121269226,0.02154918482500312
0.08193965557102974,0.5348387216154626,15.1,12.940075058271711,895.9,-0.8933909058570861,1.8438024047794828,0.6125817179679871,0.0203719828564964
0.10743486801257883,0.5348387216154626,15.0,12.818890589506564,896.0,-0.8932860553264618,1.8438354464392401,0.6126221060752869,0.020391962252974103
0.1329300804541279,0.5348387216154626,11.0,9.96947373596146,900.0,-0.9388152003288269,1.8328501039677183,0.6136761128902435,0.019808550182034076
0.158425292895677,0.5348387216154626,10.7,9.650986865914858,900.3,-0.9261262595653534,1.8348854641676275,0.6126027405261993,0.01955147780325414
0.1839205053372261,0.5348387216154626,10.1,9.329855789398907,900.9,-0.932445365190506,1.8332402681411906,0.6126623094081879,0.019496891090699627
0.20941571777877518,0.5348387216154626,9.2,9.477091680305579,901.8,-0.26638219952583314,0.43054035266666146,0.6116211950778961,0.019367451615770432
0.23491093022032428,0.5348387216154626,7.9,9.84579921123324,903.1,-0.06887511610984802,0.14459895349592222,0.6114998400211334,0.019405977552902666
0.26040614266187334,0.5348387216154626,7.9,9.84579921123324,903.1,-0.06887511610984802,0.14459895349592222,0.6114998400211334,0.019405977552902666
0.28590135510342246,0.5348387216154626,7.9,9.84579921123324,903.1,-0.06887511610984802,0.14459895349592222,0.6114998400211334,0.019405977552902666
0.3113965675449715,0.5348387216154626,7.9,9.84579921123324,903.1,-0.06887511610984802,0.14459895349592222,0.6114998400211334,0.019405977552902666
0.33689177998652065,0.5348387216154626,7.9,9.84579921123324,903.1,-0.06887511610984802,0.14459895349592222,0.6114998400211334,0.019405977552902666
0.3623869924280697,0.5348387216154626,7.9,9.84579921123324,903.1,-0.06887511610984802,0.14459895349592222,0.6114998400211334,0.019405977552902666
0.38788220486961883,0.5348387216154626,7.9,9.84579921123324,903.1,-0.06887511610984802,0.14459895349592222,0.6114998400211334,0.019405977552902666
0.4133774173111679,0.5348387216154626,7.9,9.84579921123324,903.1,-0.06887511610984802,0.14459895349592222,0.6114998400211334,0.019405977552902666
0.43887262975271696,0.5348387216154626,7.9,9.84579921123324,903.1,-0.06887511610984802,0.14459895349592222,0.6114998400211334,0.019405977552902666
0.4643678421942661,0.5348387216154626,7.9,9.84579921123324,903.1,-0.06887511610984802,0.14459895349592222,0.6114998400211334,0.019405977552902666
0.48986305463581514,0.5348387216154626,7.9,9.84579921123324,903.1,-0.06887511610984802,0.14459895349592222,0.6114998400211334,0.019405977552902666
0.5153582670773642,0.5348387216154626,7.9,9.84579921123324,903.1,-0.06887511610984802,0.14459895349592222,0.6114998400211334,0.019405977552902666
0.5408534795189134,0.5348387216154626,7.9,9.84579921123324,903.1,-0.06887511610984802,0.14459895349592222,0.6114998400211334,0.019405977552902666
0.5663486919604624,0.5348387216154626,7.9,9.84579921123324,903.1,-0.06887511610984802,0.14459895349592222,0.6114998400211334,0.019405977552902666
0.5918439044020115,0.5348387216154626,7.9,9.84579921123324,903.1,-0.06887511610984802,0.14459895349592222,0.6114998400211334,0.019405977552902666
0.6173391168435606,0.5348387216154626,7.9,9.84579921123324,903.1,-0.06887511610984802,0.14459895349592222,0.6114998400211334,0.019405977552902666
0.6428343292851096,0.5348387216154626,7.9,9.84579921123324,903.1,-0.06887511610984802,0.14459895349592222,0.6114998400211334,0.019405977552902666
0.6683295417266588,0.5348387216154626,7.9,9.84579921123324,903.1,-0.06887511610984802,0.14459895349592222,0.6114998400211334,0.019405977552902666
0.6938247541682079,0.5348387216154626,7.9,9.84579921123324,903.1,-0.06887511610984802,0.14459895349592222,0.6114998400211334,0.019405977552902666
0.7193199666097569,0.5348387216154626,7.9,9.84579921123324,903.1,-0.06887511610984802,0.14459895349592222,0.6114998400211334,0.019405977552902666
0.744815179051306,0.5348387216154626,7.9,9.84579921123324,903.1,-0.06887511610984802,0.14459895349592222,0.6114998400211334,0.019405977552902666
0.7703103914928552,0.5348387216154626,7.9,9.84579921123324,903.1,-0.06887511610984802,0.14459895349592222,0.6114998400211334,0.019405977552902666
0.7958056039344042,0.5348387216154626,7.9,9.84579921123324,903.1,-0.06887511610984802,0.14459895349592222,0.6114998400211334,0.019405977552902666
0.8213008163759533,0.5348387216154626,7.9,9.84579921123324,903.1,-0.06887511610984802,0.14459895349592222,0.6114998400211334,0.019405977552902666
0.8467960288175024,0.5348387216154626,7.9,9.84579921123324,903.1,-0.06887511610984802,0.14459895349592222,0.6114998400211334,0.019405977552902666
0.8722912412590514,0.5348387216154626,7.9,9.84579921123324,903.1,-0.06887511610984802,0.14459895349592222,0.6114998400211334,0.019405977552902666
0.8977864537006006,0.5348387216154626,7.9,9.84579921123324,903.1,-0.06887511610984802,0.14459895349592222,0.6114998400211334,0.019405977552902666
0.9232816661421497,0.5348387216154626,7.9,9.84579921123324,903.1,-0.06887511610984802,0.14459895349592222,0.6114998400211334,0.019405977552902666
0.9487768785836987,0.5348387216154626,7.9,9.84579921123324,903.1,-0.06887511610984802,0.14459895349592222,0.6114998400211334,0.019405977552902666
0.9742720910252478,0.5348387216154626,7.9,9.84579921123324,903.1,-0.06887511610984802,0.14459895349592222,0.6114998400211334,0.019405977552902666
0.9997673034667969,0.5348387216154626,0.0,0.0,911.0,0.0,0.0,0.6138181090354919,0.021469408493873295
0.005454018246382475,0.5597714405181237,27.8,13.33969610688894,883.2,-0.5546751379966736,0.6498204045702941,0.6122847676277161,0.020679039104527175
0.030949230687931564,0.5597714405181237,27.8,13.33969610688894,883.2,-0.5546751379966736,0.6498204045702941,0.6122847676277161,0.020679039104527175
0.05644444312948065,0.5597714405181237,27.5,13.607459822306124,883.5,-0.5424713969230652,0.6437729429842785,0.6120004057884216,0.02035371142887482
0.08193965557102974,0.5597714405181237,24.1,15.157953518610844,886.9,-0.4157113373279572,0.6427140627686982,0.6116920232772827,0.01920701966537098
0.10743486801257883,0.5597714405181237,23.0,14.484873358353411,888.0,-0.15433034300804138,0.3219870868949612,0.6117966294288635,0.019098252998021505
0.1329300804541279,0.5597714405181237,18.5,12.793360453453055,892.5,-0.1881498336791992,0.315582746292044,0.6130827903747559,0.018304853695676096
0.158425292895677,0.5597714405181237,18.1,12.664713359295867,892.9,-0.17936291694641113,0.31561497284936196,0.6120487093925476,0.018002322878725035
0.1839205053372261,0.5597714405181237,17.3,12.112109510499252,893.7,-0.17965372800827026,0.31564423546910414,0.6121566772460938,0.017898449205185796
0.20941571777877518,0.5597714405181237,16.0,11.465564301707609,895.0,-0.375596022605896,0.49035284279740704,0.6111594200134277,0.01781741233773089
0.23491093022032428,0.5597714405181237,14.5,11.124509088595781,896.5,-0.2505677998065948,0.27577173727756854,0.6110743045806885,0.017909518136336025
0.26040614266187334,0.5597714405181237,14.3,11.056835517163616,896.7,-0.2551825940608978,0.27500531531817024,0.6111569762229919,0.01784161049930733
0.28590135510342246,0.5597714405181237,14.3,11.056835517163616,896.7,-0.2551825940608978,0.27500531531817024,0.6111569762229919,0.01784161049930733
0.3113965675449715,0.5597714405181237,14.3,11.056835517163616,896.7,-0.2551825940608978,0.27500531531817024,0.6111569762229919,0.01784161049930733
0.33689177998652065,0.5597714405181237,14.3,11.056835517163616,896.7,-0.2551825940608978,0.27500531531817024,0.6111569762229919,0.01784161049930733
0.3623869924280697,0.5597714405181237,14.3,11.056835517163616,896.7,-0.2551825940608978,0.27500531531817024,0.6111569762229919,0.01784161049930733
0.38788220486961883,0.5597714405181237,14.3,11.056835517163616,896.7,-0.2551825940608978,0.27500531531817024,0.6111569762229919,0.01784161049930733
0.4133774173111679,0.5597714405181237,14.3,11.056835517163616,896.7,-0.2551825940608978,0.27500531531817024,0.6111569762229919,0.01784161049930733
0.43887262975271696,0.5597714405181237,14.3,11.056835517163616,896.7,-0.2551825940608978,0.27500531531817024,0.6111569762229919,0.01784161049930733
0.4643678421942661,0.5597714405181237,14.3,11.056835517163616,896.7,-0.2551825940608978,0.27500531531817024,0.6111569762229919,0.01784161049930733
0.48986305463581514,0.5597714405181237,14.3,11.056835517163616,896.7,-0.2551825940608978,0.27500531531817024,0.6111569762229919,0.01784161049930733
0.5153582670773642,0.5597714405181237,14.3,11.056835517163616,896.7,-0.2551825940608978,0.27500531531817024,0.6111569762229919,0.01784161049930733
0.5408534795189134,0.5597714405181237,14.3,11.056835517163616,896.7,-0.2551825940608978,0.27500531531817024,0.6111569762229919,0.01784161049930733
0.5663486919604624,0.5597714405181237,14.3,11.056835517163616,896.7,-0.2551825940608978,0.27500531531817024,0.6111569762229919,0.01784161049930733
0.5918439044020115,0.5597714405181237,14.3,11.056835517163616,896.7,-0.2551825940608978,0.27500531531817024,0.6111569762229919,0.01784161049930733
0.6173391168435606,0.5597714405181237,14.3,11.056835517163616,896.7,-0.2551825940608978,0.27500531531817024,0.6111569762229919,0.01784161049930733
0.6428343292851096,0.5597714405181237,14.3,11.056835517163616,896.7,-0.2551825940608978,0.27500531531817024,0.6111569762229919,0.01784161049930733
0.6683295417266588,0.5597714405181237,14.3,11.056835517163616,896.7,-0.2551825940608978,0.27500531531817024,0.6111569762229919,0.01784161049930733
0.6938247541682079,0.5597714405181237,14.3,11.056835517163616,896.7,-0.2551825940608978,0.27500531531817024,0.6111569762229919,0.01784161049930733
0.7193199666097569,0.5597714405181237,14.3,11.056835517163616,896.7,-0.2551825940608978,0.27500531531817024,0.6111569762229919,0.01784161049930733
0.744815179051306,0.5597714405181237,14.3,11.056835517163616,896.7,-0.2551825940608978,0.27500531531817024,0.6111569762229919,0.01784161049930733
0.7703103914928552,0.5597714405181237,14.3,11.056835517163616,896.7,-0.2551825940608978,0.27500531531817024,0.6111569762229919,0.01784161049930733
0.7958056039344042,0.5597714405181237,14.3,11.056835517163616,896.7,-0.2551825940608978,0.27500531531817024,0.6111569762229919,0.01784161049930733
0.8213008163759533,0.5597714405181237,14.3,11.056835517163616,896.7,-0.2551825940608978,0.27500531531817024,0.6111569762229919,0.01784161049930733
0.8467960288175024,0.5597714405181237,14.3,11.056835517163616,896.7,-0.2551825940608978,0.27500531531817024,0.6111569762229919,0.01784161049930733
0.8722912412590514,0.5597714405181237,14.3,11.056835517163616,896.7,-0.2551825940608978,0.27500531531817024,0.6111569762229919,0.01784161049930733
0.8977864537006006,0.5597714405181237,14.2,11.04010982289052,896.8,-0.25923554301261903,0.2748697574853574,0.6112197399139404,0.017901604345422463
0.9232816661421497,0.5597714405181237,14.2,11.04010982289052,896.8,-0.25923554301261903,0.2748697574853574,0.6112197399139404,0.017901604345422463
0.9487768785836987,0.5597714405181237,14.0,11.020521434986492,897.0,-0.25913661122322085,0.2748694258896754,0.611294972896576,0.01797473122230896
0.9742720910252478,0.5597714405181237,13.3,11.097899065086452,897.7,-0.2854993999004364,0.2813271672425319,0.6115931987762451,0.01827732585824855
0.9997673034667969,0.5597714405181237,0.0,0.0,911.0,0.0,0.0,0.6138181090354919,0.021469408493873295
0.005454018246382475,0.5847041594207848,38.5,15.273051433571657,872.5,-0.2102743625640869,0.2965382670591381,0.6159144401550293,0.0208920053117468
0.030949230687931564,0.5847041594207848,38.4,15.354550861451184,872.6,-0.21213221549987793,0.2965633764488201,0.6159360408782959,0.02091366812423267
0.05644444312948065,0.5847041594207848,37.6,16.106389548655077,873.4,-0.21287732124328612,0.29659017848146507,0.6157390832901001,0.020719571535801604
0.08193965557102974,0.5847041594207848,33.6,16.239984800420725,877.4,-4.00579896569252,8.590602978650914,0.615532922744751,0.019658799170457004
0.10743486801257883,0.5847041594207848,32.1,16.13548778464491,878.9,-3.997313368320465,8.59277345811734,0.6157950103282929,0.019696499687219905
0.1329300804541279,0.5847041594207848,26.9,15.037438174483817,884.1,-4.08606715798378,8.571306760090142,0.6170745372772217,0.019880433012397707
0.158425292895677,0.5847041594207848,25.5,15.198411761741271,885.5,-0.21075894832611083,0.3130139173976396,0.6127656817436218,0.020036340136127324
0.1839205053372261,0.5847041594207848,24.2,14.094124674603433,886.8,-0.21115936040878297,0.3126888882518567,0.612968897819519,0.019837490442035866
0.20941571777877518,0.5847041594207848,22.5,13.217443578675198,888.5,-0.16911430954933165,0.35734903962734277,0.6122041046619415,0.01936557837547648
0.23491093022032428,0.5847041594207848,21.0,12.9951035383301,890.0,-0.2779804766178131,0.2735958635122253,0.6121222972869873,0.019473225199522225
0.26040614266187334,0.5847041594207848,20.7,12.938317313833506,890.3,-0.2822483479976654,0.2733193474678631,0.6121801018714905,0.01941570804324328
0.28590135510342246,0.5847041594207848,19.8,13.085796543792545,891.2,-0.282321959733963,0.27329904690838425,0.6115253388881683,0.019960702910286704
0.3113965675449715,0.5847041594207848,19.8,13.085796543792545,891.2,-0.282321959733963,0.27329904690838425,0.6115253388881683,0.019960702910286704
0.33689177998652065,0.5847041594207848,19.8,13.085796543792545,891.2,-0.282321959733963,0.27329904690838425,0.6115253388881683,0.019960702910286704
0.3623869924280697,0.5847041594207848,19.8,13.085796543792545,891.2,-0.282321959733963,0.27329904690838425,0.6115253388881683,0.019960702910286704
0.38788220486961883,0.5847041594207848,19.8,13.085796543792545,891.2,-0.282321959733963,0.27329904690838425,0.6115253388881683,0.019960702910286704
0.4133774173111679,0.5847041594207848,19.8,13.085796543792545,891.2,-0.282321959733963,0.27329904690838425,0.6115253388881683,0.019960702910286704
0.43887262975271696,0.5847041594207848,19.8,13.085796543792545,891.2,-0.282321959733963,0.27329904690838425,0.6115253388881683,0.019960702910286704
0.4643678421942661,0.5847041594207848,19.8,13.085796543792545,891.2,-0.282321959733963,0.27329904690838425,0.6115253388881683,0.019960702910286704
0.48986305463581514,0.5847041594207848,19.8,13.085796543792545,891.2,-0.282321959733963,0.27329904690838425,0.6115253388881683,0.019960702910286704
0.5153582670773642,0.5847041594207848,19.8,13.085796543792545,891.2,-0.282321959733963,0.27329904690838425,0.6115253388881683,0.019960702910286704
0.5408534795189134,0.5847041594207848,19.8,13.085796543792545,891.2,-0.282321959733963,0.27329904690838425,0.6115253388881683,0.019960702910286704
0.5663486919604624,0.5847041594207848,19.8,13.085796543792545,891.2,-0.282321959733963,0.27329904690838425,0.6115253388881683,0.019960702910286704
0.5918439044020115,0.5847041594207848,19.8,13.085796543792545,891.2,-0.282321959733963,0.27329904690838425,0.6115253388881683,0.019960702910286704
0.6173391168435606,0.5847041594207848,19.8,13.085796543792545,891.2,-0.282321959733963,0.27329904690838425,0.6115253388881683,0.019960702910286704
0.6428343292851096,0.5847041594207848,19.8,13.085796543792545,891.2,-0.282321959733963,0.27329904690838425,0.6115253388881683,0.019960702910286704
0.6683295417266588,0.5847041594207848,19.8,13.085796543792545,891.2,-0.282321959733963,0.27329904690838425,0.6115253388881683,0.019960702910286704
0.6938247541682079,0.5847041594207848,19.8,13.085796543792545,891.2,-0.282321959733963,0.27329904690838425,0.6115253388881683,0.019960702910286704
0.7193199666097569,0.5847041594207848,19.8,13.085796543792545,891.2,-0.282321959733963,0.27329904690838425,0.6115253388881683,0.019960702910286704
0.744815179051306,0.5847041594207848,19.8,13.085796543792545,891.2,-0.282321959733963,0.27329904690838425,0.6115253388881683,0.019960702910286704
0.7703103914928552,0.5847041594207848,19.8,13.085796543792545,891.2,-0.282321959733963,0.27329904690838425,0.6115253388881683,0.019960702910286704
0.7958056039344042,0.5847041594207848,19.8,13.085796543792545,891.2,-0.282321959733963,0.27329904690838425,0.6115253388881683,0.019960702910286704
0.8213008163759533,0.5847041594207848,19.8,13.085796543792545,891.2,-0.282321959733963,0.27329904690838425,0.6115253388881683,0.019960702910286704
0.8467960288175024,0.5847041594207848,19.8,13.085796543792545,891.2,-0.282321959733963,0.27329904690838425,0.6115253388881683,0.019960702910286704
0.8722912412590514,0.5847041594207848,19.8,13.085796543792545,891.2,-0.282321959733963,0.27329904690838425,0.6115253388881683,0.019960702910286704
0.8977864537006006,0.5847041594207848,19.7,13.03900271985926,891.3,-0.2849269092082977,0.2737277736503499,0.6115866541862488,0.020040656009685524
0.9232816661421497,0.5847041594207848,19.7,13.03900271985926,891.3,-0.2849269092082977,0.2737277736503499,0.6115866541862488,0.020040656009685524
0.9487768785836987,0.5847041594207848,19.5,12.956761737262621,891.5,-0.28649505972862244,0.27404664518777544,0.6116603314876556,0.020137572595746753
0.9742720910252478,0.5847041594207848,18.7,12.703265244761122,892.3,-0.30197085738182067,0.27945702091680036,0.6120177924633026,0.02054007600382682
0.9997673034667969,0.5847041594207848,0.0,0.0,911.0,0.0,0.0,0.6138181090354919,0.021469408493873295
0.005454018246382475,0.6096368783234459,65.1,23.678805856227978,845.9,-0.07375117540359497,0.14562909795651213,0.620833945274353,0.017075824731933097
0.030949230687931564,0.6096368783234459,65.0,23.71851378644472,846.0,-0.07417523860931396,0.14569764514073358,0.6208569645881653,0.01710311088858198
0.05644444312948065,0.6096368783234459,63.8,23.920937847276587,847.2,-0.07094893455505372,0.1460108776145872,0.6201952338218689,0.017021819001173024
0.08193965557102974,0.6096368783234459,59.1,21.200676030184603,851.9,-0.051958131790161136,0.13100473057369302,0.6201009035110474,0.015808628767217614
0.10743486801257883,0.6096368783234459,57.3,20.84255906673145,853.7,-0.04991442561149597,0.1334104101851616,0.6205013811588287,0.015688253656795388
0.1329300804541279,0.6096368783234459,47.8,20.96157138023825,863.2,-0.15401321053504943,0.1921344148262667,0.617672348022461,0.017728420492051276
0.158425292895677,0.6096368783234459,44.4,20.675890966542735,866.6,-0.11929505467414855,0.21485627469645247,0.6128153443336487,0.019270543196147065
0.1839205053372261,0.6096368783234459,41.9,18.61593319026821,869.1,-0.12623555064201356,0.2140631329628161,0.6128102481365204,0.01847801384806296
0.20941571777877518,0.6096368783234459,39.0,17.03891453910478,872.0,-0.1257283329963684,0.23472727859150658,0.6123779594898224,0.018229748050033804
0.23491093022032428,0.6096368783234459,36.3,15.320629990339912,874.7,-0.1753762185573578,0.18765599280298836,0.6120449602603912,0.018489060764460746
0.26040614266187334,0.6096368783234459,35.1,15.127914689973993,875.9,-0.17351287603378296,0.18899181427703798,0.6122315287590027,0.018346120281063534
0.28590135510342246,0.6096368783234459,32.5,14.583653896539863,878.5,-0.19462550282478333,0.1766184860865089,0.6098748326301575,0.02017751640512343
0.3113965675449715,0.6096368783234459,31.9,14.7742321562328,879.1,-0.22682458758354188,0.21711790671132386,0.6101337432861328,0.02017609313650863
0.33689177998652065,0.6096368783234459,31.5,14.968462213584647,879.5,-0.764510589838028,1.3716693559666135,0.6102758169174194,0.020182535773039224
0.3623869924280697,0.6096368783234459,31.4,15.025144262179186,879.6,-1.7880570471286774,3.68114759616188,0.610320383310318,0.02018561068921395
0.38788220486961883,0.6096368783234459,31.3,15.051044324357676,879.7,-1.7881014943122864,3.6811350376190686,0.6103365838527679,0.02020261424281006
0.4133774173111679,0.6096368783234459,30.0,15.683564595322858,881.0,-1.80007164478302,3.677851367449358,0.6100909829139709,0.019950510756290465
0.43887262975271696,0.6096368783234459,29.9,15.753921193734417,881.1,-1.8028952479362488,3.677105431368642,0.6101010084152222,0.019960561283386732
0.4643678421942661,0.6096368783234459,29.9,15.753921193734417,881.1,-1.8028952479362488,3.677105431368642,0.6101010084152222,0.019960561283386732
0.48986305463581514,0.6096368783234459,29.9,15.753921193734417,881.1,-1.8028952479362488,3.677105431368642,0.6101010084152222,0.019960561283386732
0.5153582670773642,0.6096368783234459,29.9,15.753921193734417,881.1,-1.8028952479362488,3.677105431368642,0.6101010084152222,0.019960561283386732
0.5408534795189134,0.6096368783234459,29.9,15.753921193734417,881.1,-1.8028952479362488,3.677105431368642,0.6101010084152222,0.019960561283386732
0.5663486919604624,0.6096368783234459,29.9,15.753921193734417,881.1,-1.8028952479362488,3.677105431368642,0.6101010084152222,0.019960561283386732
0.5918439044020115,0.6096368783234459,29.9,15.753921193734417,881.1,-1.8028952479362488,3.677105431368642,0.6101010084152222,0.019960561283386732
0.6173391168435606,0.6096368783234459,29.9,15.753921193734417,881.1,-1.8028952479362488,3.677105431368642,0.6101010084152222,0.019960561283386732
0.6428343292851096,0.6096368783234459,29.9,15.753921193734417,881.1,-1.8028952479362488,3.677105431368642,0.6101010084152222,0.019960561283386732
0.6683295417266588,0.6096368783234459,29.9,15.753921193734417,881.1,-1.8028952479362488,3.677105431368642,0.6101010084152222,0.019960561283386732
0.6938247541682079,0.6096368783234459,29.9,15.753921193734417,881.1,-1.8028952479362488,3.677105431368642,0.6101010084152222,0.019960561283386732
0.7193199666097569,0.6096368783234459,29.9,15.753921193734417,881.1,-1.8028952479362488,3.677105431368642,0.6101010084152222,0.019960561283386732
0.744815179051306,0.6096368783234459,29.9,15.753921193734417,881.1,-1.8028952479362488,3.677105431368642,0.6101010084152222,0.019960561283386732
0.7703103914928552,0.6096368783234459,29.9,15.753921193734417,881.1,-1.8028952479362488,3.677105431368642,0.6101010084152222,0.019960561283386732
0.7958056039344042,0.6096368783234459,29.9,15.753921193734417,881.1,-1.8028952479362488,3.677105431368642,0.6101010084152222,0.019960561283386732
0.8213008163759533,0.6096368783234459,29.9,15.753921193734417,881.1,-1.8028952479362488,3.677105431368642,0.6101010084152222,0.019960561283386732
0.8467960288175024,0.6096368783234459,29.9,15.753921193734417,881.1,-1.8028952479362488,3.677105431368642,0.6101010084152222,0.019960561283386732
0.8722912412590514,0.6096368783234459,29.9,15.753921193734417,881.1,-1.8028952479362488,3.677105431368642,0.6101010084152222,0.019960561283386732
0.8977864537006006,0.6096368783234459,29.8,15.751575020548552,881.2,-1.8055001974105835,3.676524778911183,0.6101623237133026,0.020042992637576994
0.9232816661421497,0.6096368783234459,29.7,15.802930468343382,881.3,-2.0485986471176147,4.226025452954544,0.6102188348770141,0.020047901128486853
0.9487768785836987,0.6096368783234459,29.5,15.807247520934219,881.5,-2.0501667976379396,4.225673989928522,0.6102925121784211,0.020147627137534766
0.9742720910252478,0.6096368783234459,26.6,16.71957079021081,884.4,-1.2412937879562378,2.344479364373589,0.6108840107917786,0.02084826794984558
0.9997673034667969,0.6096368783234459,0.0,0.0,911.0,0.0,0.0,0.6138181090354919,0.021469408493873295
0.005454018246382475,0.6345695972261071,97.0,33.43267948329889,814.0,0.021596217155456544,0.07643228927214184,0.6134906530380249,0.02119944872291099
0.030949230687931564,0.6345695972261071,96.5,33.409286451135046,814.5,0.022144919633865355,0.076634572332419,0.6134866237640381,0.021195403369733034
0.05644444312948065,0.6345695972261071,94.8,32.61274397105104,816.2,0.024217677116394044,0.07769861085626158,0.6121346890926361,0.02213554396941951
0.08193965557102974,0.6345695972261071,89.8,31.73261739906416,821.2,0.02867162823677063,0.0809495143838693,0.6121941983699799,0.021079921732152954
0.10743486801257883,0.6345695972261071,87.3,29.69674285213132,823.7,0.02733722925186157,0.0822794862425921,0.6129483103752136,0.020530171738876373
0.1329300804541279,0.6345695972261071,77.7,27.091476817887195,833.3,0.03505177497863769,0.08769247656862145,0.6106989800930023,0.02058827942142632
0.158425292895677,0.6345695972261071,72.3,25.615704552606932,838.7,0.03474586606025696,0.09277461518048344,0.6051051557064057,0.02416508697088386
0.1839205053372261,0.6345695972261071,68.2,23.667637259006085,842.8,0.01879221200942993,0.09622709883262108,0.6044193804264069,0.022660813541037255
0.20941571777877518,0.6345695972261071,63.4,21.208050155274623,847.6,-0.012894928455352783,0.10727337517421226,0.6042090773582458,0.022678807206819744
0.23491093022032428,0.6345695972261071,60.6,20.033399539514768,850.4,-0.034837520122528075,0.11297147745637448,0.6039452016353607,0.022775123159945787
0.26040614266187334,0.6345695972261071,58.3,20.236299249291008,852.7,-0.0926893413066864,0.17488308139552763,0.6039089024066925,0.02254941185426551
0.28590135510342246,0.6345695972261071,54.0,20.49025501101394,857.0,-0.09946948885917664,0.1631609535131382,0.6028152585029602,0.02216956521628269
0.3113965675449715,0.6345695972261071,53.2,19.906983033116074,857.8,-0.10029320120811462,0.16330937221271083,0.6025538802146911,0.02230889535407875
0.33689177998652065,0.6345695972261071,52.7,19.561956015501,858.3,-0.10040059089660644,0.16325244153917867,0.60282461643219,0.022149093916157513
0.3623869924280697,0.6345695972261071,52.5,19.45762017639786,858.5,-0.10063798427581787,0.16324188083182342,0.6029668927192688,0.022043792129748593
0.38788220486961883,0.6345695972261071,51.3,19.064406941779932,859.7,-0.1012466311454773,0.1625863839701291,0.603120994567871,0.02220232170784807
0.4133774173111679,0.6345695972261071,48.4,18.645689282000564,862.6,-0.13849993348121642,0.1581517361481553,0.6022642910480499,0.022643901944986732
0.43887262975271696,0.6345695972261071,47.9,18.658645035309835,863.1,-0.14175753593444823,0.16380151160964923,0.6018610179424286,0.022210058785182986
0.4643678421942661,0.6345695972261071,46.9,18.373055475146874,864.1,-0.1531822621822357,0.14245579973086384,0.6023298382759095,0.021872587974494574
0.48986305463581514,0.6345695972261071,46.9,18.373055475146874,864.1,-0.1531822621822357,0.14245579973086384,0.6023298382759095,0.021872587974494574
0.5153582670773642,0.6345695972261071,46.9,18.373055475146874,864.1,-0.1531822621822357,0.14245579973086384,0.6023298382759095,0.021872587974494574
0.5408534795189134,0.6345695972261071,46.9,18.373055475146874,864.1,-0.1531822621822357,0.14245579973086384,0.6023298382759095,0.021872587974494574
0.5663486919604624,0.6345695972261071,46.9,18.373055475146874,864.1,-0.1531822621822357,0.14245579973086384,0.6023298382759095,0.021872587974494574
0.5918439044020115,0.6345695972261071,46.9,18.373055475146874,864.1,-0.1531822621822357,0.14245579973086384,0.6023298382759095,0.021872587974494574
0.6173391168435606,0.6345695972261071,46.9,18.373055475146874,864.1,-0.1531822621822357,0.14245579973086384,0.6023298382759095,0.021872587974494574
0.6428343292851096,0.6345695972261071,46.9,18.373055475146874,864.1,-0.1531822621822357,0.14245579973086384,0.6023298382759095,0.021872587974494574
0.6683295417266588,0.6345695972261071,46.9,18.373055475146874,864.1,-0.1531822621822357,0.14245579973086384,0.6023298382759095,0.021872587974494574
0.6938247541682079,0.6345695972261071,46.9,18.373055475146874,864.1,-0.1531822621822357,0.14245579973086384,0.6023298382759095,0.021872587974494574
0.7193199666097569,0.6345695972261071,46.9,18.373055475146874,864.1,-0.1531822621822357,0.14245579973086384,0.6023298382759095,0.021872587974494574
0.744815179051306,0.6345695972261071,46.9,18.373055475146874,864.1,-0.1531822621822357,0.14245579973086384,0.6023298382759095,0.021872587974494574
0.7703103914928552,0.6345695972261071,46.9,18.373055475146874,864.1,-0.1531822621822357,0.14245579973086384,0.6023298382759095,0.021872587974494574
0.7958056039344042,0.6345695972261071,46.9,18.373055475146874,864.1,-0.1531822621822357,0.14245579973086384,0.6023298382759095,0.021872587974494574
0.8213008163759533,0.6345695972261071,46.9,18.373055475146874,864.1,-0.1531822621822357,0.14245579973086384,0.6023298382759095,0.021872587974494574
0.8467960288175024,0.6345695972261071,46.9,18.373055475146874,864.1,-0.1531822621822357,0.14245579973086384,0.6023298382759095,0.021872587974494574
0.8722912412590514,0.6345695972261071,46.9,18.373055475146874,864.1,-0.1531822621822357,0.14245579973086384,0.6023298382759095,0.021872587974494574
0.8977864537006006,0.6345695972261071,46.8,18.398878257880007,864.2,-0.1553267538547516,0.14399352797766385,0.6023926734924316,0.02195992821252595
0.9232816661421497,0.6345695972261071,46.7,18.35633636892968,864.3,-0.1531870424747467,0.14330092754018542,0.6024673879146576,0.021923883762114106
0.9487768785836987,0.6345695972261071,46.5,18.415713119557886,864.5,-0.15428608059883117,0.14415899560920703,0.6025431513786316,0.022029979476984405
0.9742720910252478,0.6345695972261071,41.7,15.885469725580949,869.3,-0.15882862210273743,0.1657768323072049,0.6041133284568787,0.022130600809505754
0.9997673034667969,0.6345695972261071,0.0,0.0,911.0,0.0,0.0,0.6138181090354919,0.021469408493873295
0.005454018246382475,0.6595023161287682,120.9,40.22210433158722,790.1,0.024858707189559938,0.07704401410447709,0.6157952606678009,0.02533357335364259
0.030949230687931564,0.6595023161287682,120.0,40.196014246427616,791.0,0.025320518016815185,0.0772024877884834,0.6158322513103485,0.025361765361771794
0.05644444312948065,0.6595023161287682,118.3,39.59751591923612,792.7,0.0262567400932312,0.07778845607653236,0.6144271790981293,0.026629931923913323
0.08193965557102974,0.6595023161287682,113.1,39.92840898064444,797.9,0.02747347354888916,0.08135124879353704,0.6145793378353119,0.025725457340576803
0.10743486801257883,0.6595023161287682,110.6,38.04521236805619,800.4,0.026119279861450195,0.082104645402999,0.6154772222042084,0.024936270586289774
0.1329300804541279,0.6595023161287682,100.6,36.9611836750737,810.4,0.037830042839050296,0.08559022076068462,0.6136817395687103,0.024392618623478732
0.158425292895677,0.6595023161287682,93.4,35.896695394091246,817.6,0.030085790157318115,0.09187279129572862,0.6077665627002716,0.02886034228672216
0.1839205053372261,0.6595023161287682,87.8,32.52545340634933,823.2,0.026147681474685668,0.09873693153621278,0.606311047077179,0.027235133722207136
0.20941571777877518,0.6595023161287682,82.6,30.071851240065776,828.4,-0.0024246811866760255,0.10805230640214311,0.6062846302986145,0.027141961939834716
0.23491093022032428,0.6595023161287682,78.9,28.89398479536727,832.1,-0.02295086979866028,0.11488346232913968,0.6060244917869568,0.026651519207385625
0.26040614266187334,0.6595023161287682,76.6,29.183288706066282,834.4,-0.019786900281906127,0.11664011802096395,0.6060183823108674,0.026247674576660482
0.28590135510342246,0.6595023161287682,72.2,29.968815848629074,838.8,-0.031400495767593385,0.10673344390859964,0.6041493952274323,0.0263318232904566
0.3113965675449715,0.6595023161287682,71.2,29.619577077488277,839.8,-0.031198030710220336,0.10704833891415479,0.6038126111030578,0.026493897727153794
0.33689177998652065,0.6595023161287682,70.1,29.817885918808987,840.9,-0.10027592182159424,0.1678029462094358,0.6021717190742493,0.025172456759941127
0.3623869924280697,0.6595023161287682,69.8,29.734533564334562,841.2,-0.10029310584068299,0.1678572977801041,0.6023457407951355,0.025084108953044516
0.38788220486961883,0.6595023161287682,68.5,29.44330775811968,842.5,-0.10094983577728271,0.16736571551395477,0.6026043355464935,0.025148516365644344
0.4133774173111679,0.6595023161287682,65.2,29.558084143400187,845.8,-0.10944353938102722,0.1630426630038948,0.6008657157421112,0.024370349339573553
0.43887262975271696,0.6595023161287682,64.6,29.61266549716376,846.4,-0.10741342306137085,0.1620695335393103,0.600332248210907,0.023776981270799614
0.4643678421942661,0.6595023161287682,63.6,29.529985452396858,847.4,-0.11034050583839417,0.15806402232138408,0.6008144199848175,0.02346350642055693
0.48986305463581514,0.6595023161287682,63.1,29.597780923438172,847.9,-0.12486024498939514,0.15001955507218748,0.600736939907074,0.023307990188754804
0.5153582670773642,0.6595023161287682,63.0,29.587309222676435,848.0,-0.12742898464202881,0.14830158207351593,0.6007274806499481,0.023311968204295302
0.5408534795189134,0.6595023161287682,63.0,29.587309222676435,848.0,-0.12742898464202881,0.14830158207351593,0.6007274806499481,0.023311968204295302
0.5663486919604624,0.6595023161287682,62.6,29.562700550353927,848.4,-0.14458826780319214,0.1424854666389493,0.6006440579891205,0.023347870758524993
0.5918439044020115,0.6595023161287682,62.6,29.562700550353927,848.4,-0.14458826780319214,0.1424854666389493,0.6006440579891205,0.023347870758524993
0.6173391168435606,0.6595023161287682,62.6,29.562700550353927,848.4,-0.14458826780319214,0.1424854666389493,0.6006440579891205,0.023347870758524993
0.6428343292851096,0.6595023161287682,62.6,29.562700550353927,848.4,-0.14458826780319214,0.1424854666389493,0.6006440579891205,0.023347870758524993
0.6683295417266588,0.6595023161287682,62.6,29.562700550353927,848.4,-0.14458826780319214,0.1424854666389493,0.6006440579891205,0.023347870758524993
0.6938247541682079,0.6595023161287682,62.6,29.562700550353927,848.4,-0.14458826780319214,0.1424854666389493,0.6006440579891205,0.023347870758524993
0.7193199666097569,0.6595023161287682,62.6,29.562700550353927,848.4,-0.14458826780319214,0.1424854666389493,0.6006440579891205,0.023347870758524993
0.744815179051306,0.6595023161287682,58.5,30.95336831855707,852.5,-0.147803658246994,0.14079916595608868,0.6001790344715119,0.02316452478333161
0.7703103914928552,0.6595023161287682,58.5,30.95336831855707,852.5,-0.147803658246994,0.14079916595608868,0.6001790344715119,0.02316452478333161
0.7958056039344042,0.6595023161287682,58.5,30.95336831855707,852.5,-0.147803658246994,0.14079916595608868,0.6001790344715119,0.02316452478333161
0.8213008163759533,0.6595023161287682,58.5,30.95336831855707,852.5,-0.147803658246994,0.14079916595608868,0.6001790344715119,0.02316452478333161
0.8467960288175024,0.6595023161287682,58.5,30.95336831855707,852.5,-0.147803658246994,0.14079916595608868,0.6001790344715119,0.02316452478333161
0.8722912412590514,0.6595023161287682,58.5,30.95336831855707,852.5,-0.147803658246994,0.14079916595608868,0.6001790344715119,0.02316452478333161
0.8977864537006006,0.6595023161287682,58.4,30.982653668217182,852.6,-0.1502220332622528,0.1430238192820556,0.6002418994903564,0.023252143479931476
0.9232816661421497,0.6595023161287682,58.3,30.97320092388453,852.7,-0.14845092892646788,0.14318608295150154,0.6003174185752869,0.02322018869909125
0.9487768785836987,0.6595023161287682,58.1,31.036286973377404,852.9,-0.14983254075050353,0.1445428151700059,0.6003932952880859,0.023326664158528528
0.9742720910252478,0.6595023161287682,53.3,27.979408257780413,857.7,-0.16746954321861268,0.16313657224849196,0.6022608399391174,0.023163224568808562
0.9997673034667969,0.6595023161287682,0.0,0.0,911.0,0.0,0.0,0.6138181090354919,0.021469408493873295
0.005454018246382475,0.6844350350314293,162.0,46.23392753490095,749.0,0.05379343628883362,0.08399139601392779,0.6176242530345917,0.030335020965711255
0.030949230687931564,0.6844350350314293,161.1,46.2897891967788,749.9,0.054089903831481934,0.08402361592970116,0.6176736652851105,0.030372359808353983
0.05644444312948065,0.6844350350314293,159.4,46.12828812178399,751.6,0.05437777042388916,0.08416030355134788,0.616239458322525,0.03168544437557838
0.08193965557102974,0.6844350350314293,154.0,46.49391877913955,757.0,0.05730608105659485,0.08469502511609357,0.6158101618289947,0.030959707454958737
0.10743486801257883,0.6844350350314293,151.1,44.97396268054525,759.9,0.0577755331993103,0.08520542587046788,0.6167828977108002,0.029552472058990215
0.1329300804541279,0.6844350350314293,138.9,45.74239900346592,772.1,0.07253433465957641,0.10984999637152401,0.615666925907135,0.028994343766384375
0.158425292895677,0.6844350350314293,130.8,45.75899054012246,780.2,0.06949793696403503,0.10953742618983547,0.609526926279068,0.03309705526736909
0.1839205053372261,0.6844350350314293,124.3,42.30771509136041,786.7,0.07162456512451172,0.116139572402595,0.6078217029571533,0.031225056777110502
0.20941571777877518,0.6844350350314293,118.1,40.28425638993334,792.9,0.05089417099952698,0.12280851314281306,0.6081402242183686,0.03132870898372835
0.23491093022032428,0.6844350350314293,112.6,40.316354251776964,798.4,0.035201084613800046,0.14833892892303535,0.6071143805980682,0.030948431880115878
0.26040614266187334,0.6844350350314293,108.4,41.258725920672966,802.6,0.03609030842781067,0.149912067249972,0.6078064858913421,0.03088059914495701
0.28590135510342246,0.6844350350314293,103.8,42.81105452740337,807.2,0.04188699126243591,0.15704671938550052,0.6058742523193359,0.030491064901234422
0.3113965675449715,0.6844350350314293,101.3,42.392299457483524,809.7,0.044651728868484494,0.16306599781994652,0.6060490012168884,0.030343889039388304
0.33689177998652065,0.6844350350314293,99.8,42.834954555363844,811.2,-0.010515844821929932,0.2055168920859655,0.6034224569797516,0.02846477137997226
0.3623869924280697,0.6844350350314293,98.2,43.63976810388243,812.8,-0.0011554479598999024,0.1933524193426721,0.6042682528495789,0.028386615108101167
0.38788220486961883,0.6844350350314293,96.4,44.21628436506334,814.6,-0.013185846805572509,0.20811059625204706,0.6047521114349366,0.028478335006376188
0.4133774173111679,0.6844350350314293,93.0,45.01509605301737,818.0,-0.03403951525688172,0.2218413212338308,0.6030358612537384,0.028384249039804018
0.43887262975271696,0.6844350350314293,92.4,45.194354896994035,818.6,-0.03140921592712402,0.22225460662045737,0.6025093138217926,0.0278529419345619
0.4643678421942661,0.6844350350314293,91.0,45.40747956963237,820.0,-0.03362284898757935,0.22125938594521039,0.6032698631286622,0.027275673368839962
0.48986305463581514,0.6844350350314293,90.1,45.605459941988144,820.9,-0.04013388752937317,0.21853416900707567,0.6034575283527375,0.02723302494609661
0.5153582670773642,0.6844350350314293,89.8,45.685619118190814,821.2,-0.04543757438659668,0.21744879129961248,0.6034569799900055,0.027241866846166994
0.5408534795189134,0.6844350350314293,89.8,45.685619118190814,821.2,-0.04543757438659668,0.21744879129961248,0.6034569799900055,0.027241866846166994
0.5663486919604624,0.6844350350314293,89.3,45.69588576631162,821.7,-0.07168132066726685,0.21733444120139248,0.6031469166278839,0.0271315300711238
0.5918439044020115,0.6844350350314293,89.0,45.6796447338337,822.0,-0.0660061001777649,0.21610199220913132,0.6034616351127624,0.026831902008009112
0.6173391168435606,0.6844350350314293,88.7,45.67348283146383,822.3,-0.07263257503509521,0.21761446316241811,0.6036228775978089,0.02668444702216501
0.6428343292851096,0.6844350350314293,88.6,45.673669567992,822.4,-0.07122935056686401,0.21720873873984942,0.6037200689315796,0.026597587804581272
0.6683295417266588,0.6844350350314293,88.6,45.673669567992,822.4,-0.07122935056686401,0.21720873873984942,0.6037200689315796,0.026597587804581272
0.6938247541682079,0.6844350350314293,88.5,45.674976702312684,822.5,-0.06867415904998779,0.2165875063887134,0.6038217425346375,0.026508369901799566
0.7193199666097569,0.6844350350314293,88.5,45.674976702312684,822.5,-0.06867415904998779,0.2165875063887134,0.6038217425346375,0.026508369901799566
0.744815179051306,0.6844350350314293,82.0,43.414038246257846,829.0,-0.0676128089427948,0.21691388105479834,0.6040729761123658,0.026732796078431677
0.7703103914928552,0.6844350350314293,76.6,45.23585349672367,834.4,-0.07607183456420899,0.21504470702491205,0.6007086277008057,0.024662330650726844
0.7958056039344042,0.6844350350314293,76.6,45.23585349672367,834.4,-0.07607183456420899,0.21504470702491205,0.6007086277008057,0.024662330650726844
0.8213008163759533,0.6844350350314293,76.6,45.23585349672367,834.4,-0.07607183456420899,0.21504470702491205,0.6007086277008057,0.024662330650726844
0.8467960288175024,0.6844350350314293,76.6,45.23585349672367,834.4,-0.07607183456420899,0.21504470702491205,0.6007086277008057,0.024662330650726844
0.8722912412590514,0.6844350350314293,76.6,45.23585349672367,834.4,-0.07607183456420899,0.21504470702491205,0.6007086277008057,0.024662330650726844
0.8977864537006006,0.6844350350314293,72.9,37.70782198342141,838.1,-0.07985033392906189,0.21578206885181284,0.603814035654068,0.024747058387954872
0.9232816661421497,0.6844350350314293,72.8,37.68723357284885,838.2,-0.0783791959285736,0.2155359684323509,0.6039025127887726,0.02466537499158124
0.9487768785836987,0.6844350350314293,71.1,34.68878665326111,839.9,-0.07861359119415283,0.2162447235103015,0.6025627851486206,0.02452199275450984
0.9742720910252478,0.6844350350314293,65.9,31.794643737083568,845.1,-0.10404034852981567,0.2094356312443869,0.604966652393341,0.024593574228282296
0.9997673034667969,0.6844350350314293,0.0,0.0,911.0,0.0,0.0,0.6138181090354919,0.021469408493873295
0.005454018246382475,0.7093677539340905,211.9,50.81826403384059,699.1,0.2012623965740204,0.17873757634020018,0.6070898354053498,0.04246408793880817
0.030949230687931564,0.7093677539340905,211.0,51.258926150691266,700.0,0.20154309272766113,0.17862073170424406,0.6071458399295807,0.042501432604642876
0.05644444312948065,0.7093677539340905,209.3,51.57966368891771,701.7,0.20551139116287231,0.18038226946154798,0.6055946588516236,0.04393478825431835
0.08193965557102974,0.7093677539340905,202.3,51.09009598711449,708.7,0.20925852060317993,0.17958513277665283,0.6057220578193665,0.043419432654198724
0.10743486801257883,0.7093677539340905,198.0,50.84348850027796,713.0,0.21108734011650085,0.17939384330977803,0.60710569024086,0.0417764607366782
0.1329300804541279,0.7093677539340905,185.0,51.5321851204049,726.0,0.22795900106430053,0.19237356109199158,0.6066764712333679,0.039867664395145934
0.158425292895677,0.7093677539340905,176.5,52.264316942547374,734.5,0.25534186959266664,0.21499168757605008,0.6001577377319336,0.044724067080695415
0.1839205053372261,0.7093677539340905,169.2,48.907491409460356,741.8,0.25663391351699827,0.21996033903257983,0.599078917503357,0.04299870027586309
0.20941571777877518,0.7093677539340905,160.6,46.99168329086588,750.4,0.2693109929561615,0.23637437446807644,0.5986927807331085,0.044202747021897824
0.23491093022032428,0.7093677539340905,155.1,47.24178829590055,755.9,0.2640507400035858,0.24780981109350023,0.5977347373962403,0.04349146846827647
0.26040614266187334,0.7093677539340905,149.1,48.334052219894716,761.9,0.2657889544963837,0.24914438077157045,0.5988092064857483,0.04321851253602939
0.28590135510342246,0.7093677539340905,143.7,48.061065606622364,767.3,0.2574819505214691,0.2599248651501597,0.5972989201545715,0.042816957925104204
0.3113965675449715,0.7093677539340905,140.8,47.61743808994526,770.2,0.2623430728912354,0.2669789402715431,0.5975989401340485,0.04229313426980369
0.33689177998652065,0.7093677539340905,139.2,48.22493689560279,771.8,0.27728862762451173,0.26680341298925875,0.5947335422039032,0.040318888102380136
0.3623869924280697,0.7093677539340905,137.5,49.29248013372855,773.5,0.278622442483902,0.26669424907201444,0.5956735134124755,0.040321844079969485
0.38788220486961883,0.7093677539340905,135.2,50.415380984659855,775.8,0.2793571472167969,0.26741077532915986,0.5960405707359314,0.04048809452008836
0.4133774173111679,0.7093677539340905,131.8,52.19306387709202,779.2,0.28484371304512024,0.2734435871723728,0.5942626059055328,0.04073339727125447
0.43887262975271696,0.7093677539340905,130.8,52.88783901142484,780.2,0.2802513062953949,0.2722649526818259,0.5930803775787353,0.040027976595043646
0.4643678421942661,0.7093677539340905,129.0,53.722197624541884,782.0,0.26512570977211,0.27782844037415616,0.5940125942230224,0.039219641199310366
0.48986305463581514,0.7093677539340905,127.3,54.51652747612564,783.7,0.2766004502773285,0.28426691165879164,0.593698251247406,0.04006019123490837
0.5153582670773642,0.7093677539340905,126.7,54.90728651373377,784.3,0.27526830434799193,0.2854911219097783,0.592985463142395,0.03939772825433222
0.5408534795189134,0.7093677539340905,126.6,54.9001925055529,784.4,0.2752541184425354,0.2854898710004758,0.5930748879909515,0.039435065199007066
0.5663486919604624,0.7093677539340905,125.6,55.128604519717435,785.4,0.2639446139335632,0.2923978906857166,0.5930488407611847,0.03947870078938036
0.5918439044020115,0.7093677539340905,125.3,55.134637864460835,785.7,0.26410540342330935,0.29261399721560966,0.5934087812900544,0.03906464198983077
0.6173391168435606,0.7093677539340905,124.6,55.31291655127729,786.4,0.15933747887611388,0.38701967492585515,0.5936863005161286,0.038918991314957685
0.6428343292851096,0.7093677539340905,124.3,55.313790310908175,786.7,0.15968310236930847,0.38712799491238015,0.5938044369220734,0.03880003148124367
0.6683295417266588,0.7093677539340905,124.1,55.312145575434634,786.9,0.15956032276153564,0.3870989932584323,0.5939832270145416,0.038887867464026074
0.6938247541682079,0.7093677539340905,123.1,55.43433962117667,787.9,0.18210901021957399,0.3547685968783514,0.5948579967021942,0.03917118286338068
0.7193199666097569,0.7093677539340905,123.1,55.43433962117667,787.9,0.18210901021957399,0.3547685968783514,0.5948579967021942,0.03917118286338068
0.744815179051306,0.7093677539340905,115.0,48.19686739166035,796.0,0.18482640981674195,0.3539216949293105,0.5936318576335907,0.03762362038684171
0.7703103914928552,0.7093677539340905,107.1,46.926601221736306,803.9,0.17702894210815429,0.35647608350904236,0.5887454330921174,0.03435518482870521
0.7958056039344042,0.7093677539340905,107.1,46.926601221736306,803.9,0.17702894210815429,0.35647608350904236,0.5887454330921174,0.03435518482870521
0.8213008163759533,0.7093677539340905,107.1,46.926601221736306,803.9,0.17702894210815429,0.35647608350904236,0.5887454330921174,0.03435518482870521
0.8467960288175024,0.7093677539340905,106.8,46.716938221172676,804.2,0.16934530735015868,0.35523885968215746,0.5891087234020234,0.03437599077096128
0.8722912412590514,0.7093677539340905,106.2,45.597168170467924,804.8,0.1698542594909668,0.3552726324914258,0.589042454957962,0.03439217743088916
0.8977864537006006,0.7093677539340905,102.5,39.26904733533862,808.5,0.16648244261741638,0.35648851242199386,0.5923016130924225,0.03442146132944886
0.9232816661421497,0.7093677539340905,100.1,37.57791911052436,810.9,0.16559240221977234,0.3551918770684413,0.5928481638431549,0.033794707654354335
0.9487768785836987,0.7093677539340905,93.2,33.26183118181281,817.8,0.17557335495948792,0.36112360949316163,0.5903375804424286,0.03390879022496877
0.9742720910252478,0.7093677539340905,85.9,30.22132471958359,825.1,0.11555394530296326,0.36164561257965,0.5954161584377289,0.03317784335309866
0.9997673034667969,0.7093677539340905,0.0,0.0,911.0,0.0,0.0,0.6138181090354919,0.021469408493873295
0.005454018246382475,0.7343004728367515,258.4,51.803124628199946,652.6,0.366860157251358,0.18333298282347132,0.5909273266792298,0.04069949523166034
0.030949230687931564,0.7343004728367515,257.5,51.817446426887514,653.5,0.3672665059566498,0.18366390742426564,0.5911063551902771,0.040693230273178366
0.05644444312948065,0.7343004728367515,255.5,52.09869036138588,655.5,0.3715249478816986,0.18620224530570734,0.5896778762340545,0.042604219412461744
0.08193965557102974,0.7343004728367515,247.4,50.34021210111072,663.6,0.38263084888458254,0.19226812511723734,0.5884476959705353,0.04186592321713159
0.10743486801257883,0.7343004728367515,241.1,49.644429251774355,669.9,0.3848173916339874,0.1947445922766027,0.590756070613861,0.04012880069620797
0.1329300804541279,0.7343004728367515,227.6,49.86470388070687,683.4,0.40066875219345094,0.2014230103412602,0.5916831314563751,0.036465853841180625
0.158425292895677,0.7343004728367515,219.0,50.29252442020777,692.0,0.4258690357208252,0.21761037864997024,0.5851744890213013,0.041964480946691016
0.1839205053372261,0.7343004728367515,211.0,47.6809213531428,700.0,0.4271741986274719,0.22185001824915238,0.5847739100456237,0.03929818137967391
0.20941571777877518,0.7343004728367515,202.4,45.761972650363184,708.6,0.43687657117843626,0.22985370608465672,0.5846118927001953,0.04020310973471967
0.23491093022032428,0.7343004728367515,193.4,46.26245060648707,717.6,0.4419830858707428,0.2449657752045382,0.5813737094402314,0.04139889070173747
0.26040614266187334,0.7343004728367515,186.3,47.54842939532255,724.7,0.4449132025241852,0.2523202527337108,0.5822124183177948,0.03943048739322672
0.28590135510342246,0.7343004728367515,180.4,47.38329846814964,730.6,0.4484605133533478,0.2558345401247504,0.5797500908374786,0.03889873261677038
0.3113965675449715,0.7343004728367515,177.4,47.035222786042006,733.6,0.45339977741241455,0.25831975328476603,0.5801808595657348,0.03823902394377612
0.33689177998652065,0.7343004728367515,175.7,47.455063543429425,735.3,0.4697906613349915,0.2669050906820034,0.5768672168254853,0.036712163971874906
0.3623869924280697,0.7343004728367515,173.5,47.65139783698261,737.5,0.46949911713600156,0.2667459246861148,0.5781342089176178,0.03669135850861623
0.38788220486961883,0.7343004728367515,170.5,48.151130984577414,740.5,0.47392199039459226,0.26894563382987496,0.5780311286449432,0.03656472372954211
0.4133774173111679,0.7343004728367515,166.6,49.812223591007026,744.4,0.4804865956306458,0.27290651035635116,0.5764530420303344,0.036742554533250496
0.43887262975271696,0.7343004728367515,165.6,50.23392646731184,745.4,0.4891506850719452,0.2762966064589942,0.575146096944809,0.03626119178551848
0.4643678421942661,0.7343004728367515,163.8,51.00404998793734,747.2,0.4887395679950714,0.2777459963836964,0.5761708915233612,0.035534841749961764
0.48986305463581514,0.7343004728367515,161.8,51.84876499659411,749.2,0.4915021240711212,0.28685859827666216,0.5741564393043518,0.03728968496187269
0.5153582670773642,0.7343004728367515,160.5,52.679343225990536,750.5,0.4902676522731781,0.28944928367195144,0.5738817870616912,0.03626387747166322
0.5408534795189134,0.7343004728367515,160.2,52.85019725862416,750.8,0.4898346722126007,0.29006561037572925,0.5741186738014221,0.036315483336252195
0.5663486919604624,0.7343004728367515,158.9,53.20474168569838,752.1,0.49274334907531736,0.2913502369916151,0.5743548989295959,0.03638428426637902
0.5918439044020115,0.7343004728367515,158.4,53.346421952918035,752.6,0.4927474558353424,0.29136301124961766,0.5748783111572265,0.03603447015395124
0.6173391168435606,0.7343004728367515,157.4,53.683234425528504,753.6,0.4910247266292572,0.2935100294094785,0.575208556652069,0.03588256194650334
0.6428343292851096,0.7343004728367515,157.0,53.741245423065095,754.0,0.49164637327194216,0.29387591317342693,0.5753458619117737,0.03577268067837542
0.6683295417266588,0.7343004728367515,156.8,53.7600749425981,754.2,0.4915346086025238,0.2938364443130561,0.5755415022373199,0.035859982942867796
0.6938247541682079,0.7343004728367515,155.1,54.09289288243286,755.9,0.4915748476982117,0.2946219042885699,0.5768581509590149,0.03604459524687847
0.7193199666097569,0.7343004728367515,154.1,53.09562316966562,756.9,0.4913809597492218,0.2946158776957078,0.5778026819229126,0.035793243909596394
0.744815179051306,0.7343004728367515,141.4,48.13571836106106,769.6,0.5078840315341949,0.29672297480746307,0.5768196284770966,0.0347343728716008
0.7703103914928552,0.7343004728367515,132.9,47.15866781779915,778.1,0.5338817477226258,0.28760364114812353,0.5721145272254944,0.03088862936878615
0.7958056039344042,0.7343004728367515,131.3,48.12490886515425,779.7,0.535969489812851,0.2896707629237103,0.5722620487213135,0.03086554585290081
0.8213008163759533,0.7343004728367515,130.4,47.44086303760891,780.6,0.5205630362033844,0.29699979392217174,0.5723114669322967,0.03106781247545198
0.8467960288175024,0.7343004728367515,129.8,47.357611712455956,781.2,0.48237048983573916,0.3207823746338538,0.5727992415428161,0.031156552121957483
0.8722912412590514,0.7343004728367515,129.1,46.396531518413745,781.9,0.4834014415740967,0.3202803386995067,0.5728378057479858,0.031120421507083693
0.8977864537006006,0.7343004728367515,125.1,40.537522531695174,785.9,0.4808939039707184,0.32225343429800984,0.576231724023819,0.0312231168013855
0.9232816661421497,0.7343004728367515,121.6,38.88629958613832,789.4,0.4859541177749634,0.32619283270075855,0.5758402407169342,0.03215613671316106
0.9487768785836987,0.7343004728367515,112.9,32.70614764392834,798.1,0.49586800336837766,0.33030198605749145,0.5730860471725464,0.03246225507007215
0.9742720910252478,0.7343004728367515,103.2,29.810924948996778,807.8,0.4676949977874756,0.3452803048454428,0.5803781569004058,0.031832480398675485
0.9997673034667969,0.7343004728367515,0.0,0.0,911.0,0.0,0.0,0.6138181090354919,0.021469408493873295
0.005454018246382475,0.7592331917394126,322.0,42.012291167685184,589.0,0.4663816630840302,0.1209566682696815,0.5693538665771485,0.0441122063949978
0.030949230687931564,0.7592331917394126,321.1,42.35257927061332,589.9,0.46672420501708983,0.12127425236050651,0.569589126110077,0.044113082052295374
0.05644444312948065,0.7592331917394126,319.1,42.93922834846432,591.9,0.4702477931976318,0.12405445833365125,0.5680403470993042,0.04616731451470637
0.08193965557102974,0.7592331917394126,310.2,40.68641970888197,600.8,0.4778326630592346,0.12690008538208808,0.5675126433372497,0.044700048246915175
0.10743486801257883,0.7592331917394126,303.8,40.79667326852771,607.2,0.48003199100494387,0.12901134553014462,0.5705197989940644,0.04273485834000532
0.1329300804541279,0.7592331917394126,290.2,42.22262461596068,620.8,0.4927530586719513,0.13235297473158764,0.5726665735244751,0.037383410465862285
0.158425292895677,0.7592331917394126,281.6,43.267365676389026,629.4,0.5136562049388885,0.1450823848433841,0.56629878282547,0.04321357624399791
0.1839205053372261,0.7592331917394126,271.9,40.05068885527307,639.1,0.5227732181549072,0.14551940096994267,0.5664200246334076,0.04099394412978625
0.20941571777877518,0.7592331917394126,263.3,38.244731302077405,647.7,0.5314137697219848,0.15108687544856356,0.5672287166118621,0.04131748838387861
0.23491093022032428,0.7592331917394126,253.6,39.61495870037113,657.4,0.5419924080371856,0.1579079753695409,0.5647286117076874,0.041924340863892955
0.26040614266187334,0.7592331917394126,246.3,40.83463471793079,664.7,0.5454569220542907,0.158877660007704,0.5658240020275116,0.03999193015810041
0.28590135510342246,0.7592331917394126,239.8,40.35385168199169,671.2,0.5576327323913575,0.1575113114747568,0.5633933901786804,0.040291483677213594
0.3113965675449715,0.7592331917394126,236.2,40.952473403352656,674.8,0.562506091594696,0.1605756022060442,0.5643573641777039,0.039324804981408855
0.33689177998652065,0.7592331917394126,234.5,41.55403392798296,676.5,0.5734971523284912,0.16314419424186036,0.5606921255588532,0.03507672840087155
0.3623869924280697,0.7592331917394126,232.2,41.74182296244361,678.8,0.5726739406585694,0.16305911933761041,0.5622066199779511,0.03570193344084771
0.38788220486961883,0.7592331917394126,229.1,42.572184428108955,681.9,0.5751669347286225,0.1631561300874019,0.5621954441070557,0.0350514715147399
0.4133774173111679,0.7592331917394126,225.1,43.97935807491831,685.9,0.5821269690990448,0.16481597808000473,0.5606337666511536,0.035813151427657126
0.43887262975271696,0.7592331917394126,223.6,44.553203029908815,687.4,0.5881645500659942,0.1675855313666883,0.55887371301651,0.03483175951955147
0.4643678421942661,0.7592331917394126,220.0,45.31221200533958,691.0,0.5886394619941712,0.17022791772350393,0.5605226397514343,0.034318732433490276
0.48986305463581514,0.7592331917394126,217.5,46.50156155652534,693.5,0.5992302775382996,0.17781471764764012,0.5585632562637329,0.03732563358386309
0.5153582670773642,0.7592331917394126,216.2,47.09031502296888,694.8,0.6005059599876403,0.1759994540831694,0.5582433879375458,0.03652293099069944
0.5408534795189134,0.7592331917394126,215.4,46.6955122292212,695.6,0.5977403700351716,0.182312755744747,0.5573231101036071,0.036913527821128056
0.5663486919604624,0.7592331917394126,213.9,47.42078333908249,697.1,0.5995122253894806,0.18384765522827257,0.557791268825531,0.036834802170273344
0.5918439044020115,0.7592331917394126,213.4,47.66684777575361,697.6,0.5993758141994476,0.18387390985092716,0.5583595752716064,0.03658439621907215
0.6173391168435606,0.7592331917394126,212.3,48.19338704964991,698.7,0.5997835993766785,0.183988175774749,0.5588633477687835,0.03640651692127983
0.6428343292851096,0.7592331917394126,209.2,47.186812660051636,701.8,0.6016852736473084,0.1846471007615424,0.5604276716709137,0.03559621930130263
0.6683295417266588,0.7592331917394126,208.1,46.95567226906214,702.9,0.600442624092102,0.18659403926753368,0.5613238871097564,0.03545725379995251
0.6938247541682079,0.7592331917394126,205.0,48.26406540488067,706.0,0.5950390815734863,0.21307714458246568,0.5606212913990021,0.03706467769873848
0.7193199666097569,0.7592331917394126,202.0,48.40757923596725,709.0,0.595154082775116,0.2148296258528585,0.5617447435855866,0.03682915579739661
0.744815179051306,0.7592331917394126,186.3,43.39707427683418,724.7,0.6123468339443207,0.21440017831265254,0.5599682927131653,0.03728368672574272
0.7703103914928552,0.7592331917394126,177.1,41.28249165637294,733.9,0.6372985363006591,0.2123090463660527,0.5555669486522674,0.03422884700388729
0.7958056039344042,0.7592331917394126,174.4,42.37506063871235,736.6,0.6393568336963653,0.21291548932057316,0.555584716796875,0.03416679168239154
0.8213008163759533,0.7592331917394126,167.6,43.6936760502905,743.4,0.6673322558403015,0.22100083537523346,0.5521123528480529,0.031788631933446186
0.8467960288175024,0.7592331917394126,164.9,43.3490938817077,746.1,0.6682032406330108,0.223043940175567,0.5522579610347748,0.03191201910177401
0.8722912412590514,0.7592331917394126,158.8,40.16884559564098,752.2,0.6625105619430542,0.2220707818011006,0.552578192949295,0.032275419353727325
0.8977864537006006,0.7592331917394126,149.2,36.671762405696875,761.8,0.645064377784729,0.2372191087019054,0.5593123197555542,0.035913877055723215
0.9232816661421497,0.7592331917394126,145.2,34.906680567088344,765.8,0.5973922550678253,0.2837851735114037,0.5598774313926697,0.03632946965037558
0.9487768785836987,0.7592331917394126,133.7,28.410968878157107,777.3,0.611995542049408,0.2888444824242927,0.5564951598644257,0.03680417065520224
0.9742720910252478,0.7592331917394126,121.0,26.1689858791155,790.0,0.6005012273788453,0.29701906012154883,0.5664360105991364,0.035636097800705174
0.9997673034667969,0.7592331917394126,0.0,0.0,911.0,0.0,0.0,0.6138181090354919,0.021469408493873295
0.005454018246382475,0.7841659106420737,379.7,35.696317573156016,531.3,0.5113519251346588,0.07446252157434297,0.5477298378944397,0.06629265467111285
0.030949230687931564,0.7841659106420737,378.8,35.992556336773774,532.2,0.5116294860839844,0.07476943857516197,0.5482558608055115,0.06611244596651883
0.05644444312948065,0.7841659106420737,376.8,36.8774020916188,534.2,0.5146954596042633,0.07704533798302747,0.5468212485313415,0.06704618965858512
0.08193965557102974,0.7841659106420737,367.8,35.433723236855975,543.2,0.5219167470932007,0.07987414585826512,0.5458048224449158,0.06746293077665755
0.10743486801257883,0.7841659106420737,361.2,36.29930187735653,549.8,0.5236007273197174,0.08244823629432128,0.550653463602066,0.06498839883132651
0.1329300804541279,0.7841659106420737,347.2,38.89156314556227,563.8,0.5334685266017913,0.08052829395493732,0.5550425589084625,0.05893342658652171
0.158425292895677,0.7841659106420737,338.3,39.5371606080491,572.7,0.552187979221344,0.09027135330482224,0.548282015323639,0.06096035479033222
0.1839205053372261,0.7841659106420737,328.5,36.418856851684616,582.5,0.5617587566375732,0.09098687913217542,0.5497008681297302,0.05917446853624062
0.20941571777877518,0.7841659106420737,319.4,35.37655079290246,591.6,0.5704889714717865,0.09508720937546151,0.5524319469928741,0.057660084551187665
0.23491093022032428,0.7841659106420737,309.2,37.2883289676855,601.8,0.581286883354187,0.09790030937627349,0.5500674903392792,0.05748099301709882
0.26040614266187334,0.7841659106420737,301.0,39.322223384482186,610.0,0.5869799137115479,0.09738508242479829,0.5531363368034363,0.054198760376222725
0.28590135510342246,0.7841659106420737,294.0,39.976156846269824,617.0,0.5965538561344147,0.09621744002625482,0.5498882830142975,0.05560713465170229
0.3113965675449715,0.7841659106420737,290.4,40.73725715301807,620.6,0.6004905283451081,0.09882128324829119,0.551678729057312,0.05351362231624377
0.33689177998652065,0.7841659106420737,288.5,41.551297184163225,622.5,0.6097222208976746,0.0999956357463388,0.547889769077301,0.04975615048443454
0.3623869924280697,0.7841659106420737,286.0,42.00281628836069,625.0,0.608930641412735,0.09996321105295838,0.5497750699520111,0.05030007861969024
0.38788220486961883,0.7841659106420737,282.8,42.91452518436334,628.2,0.610987663269043,0.09949697387023412,0.5500678956508637,0.04950134472077671
0.4133774173111679,0.7841659106420737,278.4,44.217570286626994,632.6,0.6184737086296082,0.10192991664475953,0.5481133937835694,0.05025778773237373
0.43887262975271696,0.7841659106420737,276.5,44.416502035890645,634.5,0.6239057421684265,0.10389842137108979,0.546587473154068,0.04969645388570072
0.4643678421942661,0.7841659106420737,272.9,45.190894960197994,638.1,0.6249469339847564,0.10491504242274266,0.5487003803253174,0.04914923419011604
0.48986305463581514,0.7841659106420737,270.2,46.16722306428013,640.8,0.6330773115158081,0.11051465824743112,0.547074294090271,0.052073598002917935
0.5153582670773642,0.7841659106420737,268.8,46.82756395351379,642.2,0.6354899764060974,0.10937445924894844,0.5469135761260986,0.05095783771746699
0.5408534795189134,0.7841659106420737,267.8,46.697460452902504,643.2,0.6369279325008392,0.10825686978716573,0.5462085127830505,0.050648656693687025
0.5663486919604624,0.7841659106420737,265.7,47.01932344976901,645.3,0.6387556254863739,0.10933627585530137,0.5467999219894409,0.04952600602376682
0.5918439044020115,0.7841659106420737,261.3,45.77048302134326,649.7,0.6395816445350647,0.10977409202835815,0.5492789268493652,0.04794358631594206
0.6173391168435606,0.7841659106420737,258.7,45.51385505395302,652.3,0.6411727786064148,0.11068617019207361,0.5495984733104706,0.047727964374696195
0.6428343292851096,0.7841659106420737,253.7,44.77579332059583,657.3,0.6461755454540252,0.11447043559429039,0.5497268795967102,0.04821495298521181
0.6683295417266588,0.7841659106420737,251.2,44.25561664322589,659.8,0.6481286287307739,0.11525757934625054,0.5485973536968232,0.04573757253570863
0.6938247541682079,0.7841659106420737,247.6,44.94076318248162,663.4,0.6552441775798797,0.11858930107763337,0.5480117797851562,0.04526395475669096
0.7193199666097569,0.7841659106420737,244.1,45.143057775019834,666.9,0.6562171578407288,0.11929121692521191,0.5492550015449524,0.04526868980659387
0.744815179051306,0.7841659106420737,225.8,38.360150216976294,685.2,0.6673397958278656,0.11811866535871048,0.5474025547504425,0.044682825783109684
0.7703103914928552,0.7841659106420737,214.3,37.15428151498698,696.7,0.6892244040966033,0.11871321223496203,0.5414502143859863,0.042452963896900967
0.7958056039344042,0.7841659106420737,210.4,38.78820854923633,700.6,0.6921138823032379,0.11945180873304401,0.5415975749492645,0.042247449498160894
0.8213008163759533,0.7841659106420737,202.6,40.49787860171448,708.4,0.7222800314426422,0.12577308545498056,0.5359476208686829,0.03981774840092166
0.8467960288175024,0.7841659106420737,198.7,39.64774182720961,712.3,0.7235201179981232,0.1277702448142809,0.537671160697937,0.04029025613906572
0.8722912412590514,0.7841659106420737,188.5,38.258406751642454,722.5,0.7305678069591522,0.12767201197614936,0.5358907461166382,0.039743432648270786
0.8977864537006006,0.7841659106420737,178.7,35.66444599696619,732.3,0.7257661938667297,0.13052853861746136,0.5428642153739929,0.04420574924979561
0.9232816661421497,0.7841659106420737,173.5,33.95957619563825,737.5,0.7284797370433808,0.12970164938395748,0.5429274618625641,0.04318595583684995
0.9487768785836987,0.7841659106420737,155.9,29.626583005835457,755.1,0.6923812091350555,0.17441740913410714,0.5449864387512207,0.042720841864732156
0.9742720910252478,0.7841659106420737,139.5,26.972001722841117,771.5,0.6302265167236328,0.2415560189228922,0.5589484989643096,0.04177528103112608
0.9997673034667969,0.7841659106420737,0.4,0.9048628651416396,910.6,-1.6572135925292968,3.7488775987193237,0.6136875569820404,0.021438242351741393
0.005454018246382475,0.8090986295447349,443.5,28.154038152847058,467.5,0.5284423768520355,0.06334156910205276,0.5221529245376587,0.07857864069691502
0.030949230687931564,0.8090986295447349,442.5,27.910635683076602,468.5,0.5286171078681946,0.06340374809834645,0.5231694579124451,0.07877663321861769
0.05644444312948065,0.8090986295447349,440.5,28.085288289239887,470.5,0.5311812400817871,0.06455859510882216,0.5217532277107239,0.07989595902734326
0.08193965557102974,0.8090986295447349,431.0,29.42350679274383,480.0,0.537082064151764,0.06468768692114321,0.5222268283367157,0.08084845110742406
0.10743486801257883,0.8090986295447349,424.4,30.04915321596919,486.6,0.5380364656448364,0.06578917938382538,0.5288376450538635,0.07834130813911284
0.1329300804541279,0.8090986295447349,410.0,33.6716265797374,501.0,0.5461581885814667,0.060695981612539834,0.5381607592105866,0.0697035238931785
0.158425292895677,0.8090986295447349,400.9,34.176878577081524,510.1,0.5624658823013305,0.0682259436808256,0.532662695646286,0.0695647657470057
0.1839205053372261,0.8090986295447349,390.3,33.21778363016656,520.7,0.5707215666770935,0.0709046478098889,0.5367392361164093,0.06496219995196441
0.20941571777877518,0.8090986295447349,381.2,33.5494847155366,529.8,0.5778761506080627,0.07543571125444883,0.5409599602222442,0.061076717171524984
0.23491093022032428,0.8090986295447349,371.0,36.73249164929516,540.0,0.5872322201728821,0.07742746409199926,0.5390460073947907,0.0605734878642787
0.26040614266187334,0.8090986295447349,362.3,39.17597884907341,548.7,0.5914475321769714,0.0782126282680325,0.5428222775459289,0.05702393143842414
0.28590135510342246,0.8090986295447349,355.2,40.98439477249066,555.8,0.5999764740467072,0.07704144307548204,0.5399410486221313,0.059236984039754005
0.3113965675449715,0.8090986295447349,351.5,42.15449601142498,559.5,0.6030985653400421,0.07886207023869579,0.5422610998153686,0.057052948298413314
0.33689177998652065,0.8090986295447349,349.4,42.747787841210574,561.6,0.6103674948215485,0.0771140438058753,0.5380325973033905,0.051704052779339045
0.3623869924280697,0.8090986295447349,346.9,43.24534818120215,564.1,0.6096689462661743,0.07717204400245642,0.5404592216014862,0.05236827202297871
0.38788220486961883,0.8090986295447349,341.7,40.844380587192404,569.3,0.6115938305854798,0.07628355258387566,0.5415477573871612,0.052367132139152804
0.4133774173111679,0.8090986295447349,335.2,41.42459385529499,575.8,0.6242557764053345,0.08218756348406878,0.5333528459072113,0.05024126262586067
0.43887262975271696,0.8090986295447349,332.8,41.88053393039232,578.2,0.6285068392753601,0.0830877838829934,0.5316188097000122,0.04953741807307946
0.4643678421942661,0.8090986295447349,328.1,43.068803015938364,582.9,0.6327957808971405,0.08796765586393217,0.5314086019992829,0.050877136966175775
0.48986305463581514,0.8090986295447349,324.6,42.27833956161742,586.4,0.639546012878418,0.0924049214428328,0.529694676399231,0.05487478598886996
0.5153582670773642,0.8090986295447349,322.9,42.614902264370684,588.1,0.6409965634346009,0.09350305486122797,0.5298749923706054,0.05408247005543578
0.5408534795189134,0.8090986295447349,321.2,41.171260363944604,589.8,0.6424317717552185,0.09284807261401981,0.5294011414051056,0.05383699567487642
0.5663486919604624,0.8090986295447349,318.0,41.98115139134831,593.0,0.6439149260520936,0.09334020302722122,0.5306996524333953,0.051673156639886614
0.5918439044020115,0.8090986295447349,313.3,41.10941199623789,597.7,0.6446350514888763,0.09371613044280629,0.5344204485416413,0.049076510465585886
0.6173391168435606,0.8090986295447349,308.9,40.88667855391675,602.1,0.6461931943893433,0.09434828937520338,0.5361060500144958,0.04942444146369245
0.6428343292851096,0.8090986295447349,303.6,40.35723319522481,607.4,0.6503576040267944,0.09740076527454472,0.5366755127906799,0.050175342206202185
0.6683295417266588,0.8090986295447349,300.9,39.87853656671343,610.1,0.653991061449051,0.09896707964121083,0.5343621492385864,0.048896764324403055
0.6938247541682079,0.8090986295447349,297.3,40.62943144385149,613.7,0.6601045429706573,0.10251815790957124,0.5337762117385865,0.04925211705442252
0.7193199666097569,0.8090986295447349,292.2,42.355734092624616,618.8,0.6609899699687958,0.10354029742446524,0.535402363538742,0.04929854206770138
0.744815179051306,0.8090986295447349,273.2,32.90088788209175,637.8,0.6751432180404663,0.09873886977714119,0.5360095977783204,0.04918200472425806
0.7703103914928552,0.8090986295447349,261.2,30.006737633107182,649.8,0.69409658908844,0.10086833252875356,0.529814749956131,0.04913262847575351
0.7958056039344042,0.8090986295447349,254.4,33.57896120027259,656.6,0.6987732768058776,0.10321600031106783,0.5303677678108215,0.04870794290794531
0.8213008163759533,0.8090986295447349,244.1,36.75485250038417,666.9,0.7267793118953705,0.10794764747813118,0.5232913136482239,0.04628866684186233
0.8467960288175024,0.8090986295447349,238.4,35.51770851364715,672.6,0.7304467499256134,0.10815864129385727,0.5239401638507843,0.04591649695186726
0.8722912412590514,0.8090986295447349,226.4,32.459656265339476,684.6,0.7377462267875672,0.10433369878243519,0.5224712729454041,0.04386009788126258
0.8977864537006006,0.8090986295447349,215.1,30.283348474501825,695.9,0.7351768553256989,0.10459086354376787,0.5297791481018066,0.04688715459834979
0.9232816661421497,0.8090986295447349,201.2,27.674441739768987,709.8,0.757288533449173,0.10669520910350343,0.5261366844177247,0.04336846194408199
0.9487768785836987,0.8090986295447349,175.0,24.20496418861096,736.0,0.7715930104255676,0.10051785970554923,0.5275574624538422,0.04192723476118373
0.9742720910252478,0.8090986295447349,156.2,23.01478570937582,754.8,0.6856533944606781,0.21620848970317227,0.543887060880661,0.041473257800592585
0.9997673034667969,0.8090986295447349,0.4,0.9048628651416396,910.6,-1.6572135925292968,3.7488775987193237,0.6136875569820404,0.021438242351741393
0.005454018246382475,0.834031348447396,499.9,35.90659387870509,411.1,0.5269353985786438,0.04731579483518795,0.49510784149169923,0.0706282737541908
0.030949230687931564,0.834031348447396,498.9,35.16092191148106,412.1,0.5270827054977417,0.04742488331100632,0.49782808423042296,0.069162570915096
0.05644444312948065,0.834031348447396,496.9,34.5195431952402,414.1,0.5293485045433044,0.047790289536383784,0.49709661602973937,0.06962500833531096
0.08193965557102974,0.834031348447396,487.3,36.8546527560263,423.7,0.5350845932960511,0.047873584588296714,0.5017212271690369,0.07257562084794159
0.10743486801257883,0.834031348447396,480.7,36.69849875268978,430.3,0.5358675479888916,0.049024205611879784,0.511634635925293,0.07125116465221297
0.1329300804541279,0.834031348447396,466.3,37.20474918496966,444.7,0.5424142181873322,0.045748945666516404,0.5256170928478241,0.06234998128064207
0.158425292895677,0.834031348447396,457.1,38.50166680913423,453.9,0.5566626906394958,0.048194452166395035,0.5200404524803162,0.06192261854828181
0.1839205053372261,0.834031348447396,446.5,39.17336626563855,464.5,0.563995498418808,0.051645457654650125,0.5251866638660431,0.05693438069442853
0.20941571777877518,0.834031348447396,437.1,41.33754803304957,473.9,0.5698985040187836,0.054114354797669566,0.5297131836414337,0.051098953621653766
0.23491093022032428,0.834031348447396,426.9,44.97396268054525,484.1,0.5779110848903656,0.05569534996642055,0.5273633539676666,0.05156233062973872
0.26040614266187334,0.834031348447396,417.2,47.47033782446959,493.8,0.5831640243530274,0.05632313933453707,0.5301517069339752,0.0446704539368914
0.28590135510342246,0.834031348447396,409.4,49.0124771219085,501.6,0.5904225289821625,0.056386375359566795,0.5275874614715577,0.0491045850207345
0.3113965675449715,0.834031348447396,404.9,50.611971541254064,506.1,0.5928664028644561,0.0575029630115417,0.5300108671188355,0.04862131120833198
0.33689177998652065,0.834031348447396,402.4,51.46616079565817,508.6,0.6032516956329346,0.060896326123678936,0.5212413489818573,0.04484861967242679
0.3623869924280697,0.834031348447396,399.9,52.12073158719841,511.1,0.6025447309017181,0.060930093896321674,0.5241684436798095,0.046123734073289506
0.38788220486961883,0.834031348447396,392.6,48.8602673400368,518.4,0.605926764011383,0.06015055870996501,0.5272659957408905,0.04583761286853356
0.4133774173111679,0.834031348447396,385.6,49.767686082989144,525.4,0.6175453007221222,0.06661276838264406,0.5194392681121827,0.041487591283420264
0.43887262975271696,0.834031348447396,379.5,43.3920951739666,531.5,0.6219519793987274,0.06700473103893953,0.5229545354843139,0.04251753754674785
0.4643678421942661,0.834031348447396,374.8,45.00600066499652,536.2,0.6256209552288056,0.07109018299099534,0.5229343891143798,0.04378783142305307
0.48986305463581514,0.834031348447396,371.3,44.08086036062959,539.7,0.6313428699970245,0.07434178010669464,0.5214204370975495,0.04820129640752574
0.5153582670773642,0.834031348447396,369.1,44.158701042635485,541.9,0.632665091753006,0.07543622592420116,0.5220228850841522,0.047202936451780794
0.5408534795189134,0.834031348447396,367.1,43.01067492142972,543.9,0.6341273188591003,0.0748145663383428,0.5220488846302033,0.04651878611930004
0.5663486919604624,0.834031348447396,363.0,43.81427221863291,548.0,0.6356751203536988,0.07527472339892366,0.5236672937870026,0.044268182108615245
0.5918439044020115,0.834031348447396,358.0,42.8299101044772,553.0,0.6360577285289765,0.07556328712529643,0.5283681750297546,0.041627835737923835
0.6173391168435606,0.834031348447396,353.2,41.811235969071326,557.8,0.6386322796344757,0.07595596292765468,0.5295994222164154,0.042101852177838024
0.6428343292851096,0.834031348447396,347.5,41.156687725068586,563.5,0.6422758936882019,0.07776035836109463,0.5304735600948334,0.04271728004970518
0.6683295417266588,0.834031348447396,344.8,40.86351749189513,566.2,0.6454060912132263,0.07816456397783099,0.5277439057826996,0.04101054025196503
0.6938247541682079,0.834031348447396,341.1,41.48172335442926,569.9,0.6504798769950867,0.08012484108127936,0.5270696163177491,0.041144856113611426
0.7193199666097569,0.834031348447396,335.2,43.5706581672339,575.8,0.6509974062442779,0.08090825416793032,0.5290028393268585,0.04135580148475614
0.744815179051306,0.834031348447396,314.1,34.62644361540174,596.9,0.6651441931724549,0.07625420999492782,0.5303116917610169,0.04266454171206377
0.7703103914928552,0.834031348447396,300.1,31.85181907503889,610.9,0.6838586390018463,0.0765143558561546,0.5231136620044708,0.04222422663066679
0.7958056039344042,0.834031348447396,291.1,35.118851570748326,619.9,0.6890896081924438,0.07853891763399304,0.5236637949943542,0.04153668915242997
0.8213008163759533,0.834031348447396,280.2,39.528171285711906,630.8,0.7136939287185669,0.08375724096140662,0.5169403731822968,0.038360614979287215
0.8467960288175024,0.834031348447396,273.7,39.008712279538024,637.3,0.7173043310642242,0.08356436121698653,0.5177051424980164,0.037852051106147915
0.8722912412590514,0.834031348447396,259.2,36.17062839832605,651.8,0.724452269077301,0.07871725721927501,0.5171792089939118,0.03677633780404067
0.8977864537006006,0.834031348447396,245.8,38.49184479506322,665.2,0.7255658626556396,0.08068176312763868,0.5236904621124268,0.04139090883948925
0.9232816661421497,0.834031348447396,227.5,36.02326951039513,683.5,0.7467181086540222,0.08315990094570624,0.5198850572109223,0.0377591026112074
0.9487768785836987,0.834031348447396,194.7,27.028439580458294,716.3,0.7672521054744721,0.07824954680618182,0.521341985464096,0.03870165352193739
0.9742720910252478,0.834031348447396,170.2,26.79550384546495,740.8,0.6837487399578095,0.20652546120266776,0.5374514877796173,0.04014624370555759
0.9997673034667969,0.834031348447396,0.4,0.9048628651416396,910.6,-1.6572135925292968,3.7488775987193237,0.6136875569820404,0.021438242351741393
0.005454018246382475,0.8589640673500571,542.4,35.022790934753814,368.6,0.5248031198978425,0.0456614944356851,0.44498934745788576,0.08456230466619902
0.030949230687931564,0.8589640673500571,541.4,34.62931714171883,369.6,0.5249352037906647,0.045773880238281286,0.44792665243148805,0.08428906355591653
0.05644444312948065,0.8589640673500571,539.4,34.03976559068442,371.6,0.5269437193870544,0.04649391193378986,0.4468370735645294,0.0879464293977812
0.08193965557102974,0.8589640673500571,529.8,37.372102191853365,381.20000000000005,0.5324197232723236,0.04582489439501871,0.4605342984199524,0.08503190092553149
0.10743486801257883,0.8589640673500571,523.2,37.581474749251804,387.79999999999995,0.5332570672035217,0.04671349565695316,0.4762326955795288,0.08004141188077285
0.1329300804541279,0.8589640673500571,508.7,37.811122202049184,402.3,0.5393231153488159,0.043294836064279495,0.501826798915863,0.061818213618321065
0.158425292895677,0.8589640673500571,499.5,39.58918661415466,411.5,0.5517287433147431,0.04417610410308691,0.4956766188144684,0.06237700727339944
0.1839205053372261,0.8589640673500571,488.8,39.13931417406954,422.2,0.5582888424396515,0.045946007456988645,0.5050834119319916,0.05653554237102387
0.20941571777877518,0.8589640673500571,478.6,41.69875614220768,432.4,0.564136016368866,0.049385502179071436,0.5121786057949066,0.05217385605570241
0.23491093022032428,0.8589640673500571,468.1,45.94580484331095,442.9,0.5718001067638397,0.050960311969820156,0.5115789651870728,0.05127685375769436
0.26040614266187334,0.8589640673500571,456.8,48.33446395322635,454.2,0.5761647939682006,0.052075566117888585,0.5204295635223388,0.04765743126480145
0.28590135510342246,0.8589640673500571,448.1,49.3918128396847,462.9,0.5836392641067505,0.051148891320629865,0.5187164425849915,0.04972690545851002
0.3113965675449715,0.8589640673500571,443.6,51.45953160533638,467.4,0.5859129786491394,0.05265258483660894,0.5214166104793548,0.05017016457726729
0.33689177998652065,0.8589640673500571,441.1,52.59097820413855,469.9,0.5960834443569183,0.05697884867928572,0.5126030564308166,0.04541699691349139
0.3623869924280697,0.8589640673500571,438.3,53.655530064655345,472.7,0.5953635752201081,0.056949875010069616,0.5162987470626831,0.04698285634914392
0.38788220486961883,0.8589640673500571,430.4,51.68114658337378,480.6,0.5984844505786896,0.05642575327463776,0.5213031232357025,0.04638928609228633
0.4133774173111679,0.8589640673500571,421.7,52.04605923160767,489.3,0.6111155211925506,0.06438082735662726,0.51327263712883,0.040721593563624287
0.43887262975271696,0.8589640673500571,415.6,47.192114305439716,495.4,0.6153351783752441,0.06495478794346099,0.5174110770225525,0.040987799551436374
0.4643678421942661,0.8589640673500571,408.8,49.55885624523201,502.2,0.6194056868553162,0.06913409410741123,0.5196634292602539,0.03989794602544938
0.48986305463581514,0.8589640673500571,404.2,49.38530817193251,506.8,0.6249448120594024,0.07240104458014916,0.5184130907058716,0.04506729365842465
0.5153582670773642,0.8589640673500571,400.0,49.9806491292101,511.0,0.6288509011268616,0.075654559917564,0.5180896997451783,0.04597773261753788
0.5408534795189134,0.8589640673500571,396.5,47.92387053409052,514.5,0.6303944289684296,0.07478276496083142,0.5183685600757599,0.045157550588324206
0.5663486919604624,0.8589640673500571,390.5,47.737233726573585,520.5,0.6330830812454223,0.07406588445355823,0.5183659076690674,0.04302692560199249
0.5918439044020115,0.8589640673500571,384.8,47.209701863359015,526.2,0.6335314333438873,0.0743122892086326,0.5237551152706146,0.04071104268509564
0.6173391168435606,0.8589640673500571,377.0,46.42783278816579,534.0,0.6420159697532654,0.07291968091992691,0.5197729289531707,0.04171145953700452
0.6428343292851096,0.8589640673500571,369.3,45.492612354767225,541.7,0.6452938735485076,0.07531376010073265,0.5232178390026092,0.04262476795172238
0.6683295417266588,0.8589640673500571,366.2,45.23660766434017,544.8,0.648588627576828,0.07597477668781569,0.5205378890037536,0.04143161522141264
0.6938247541682079,0.8589640673500571,361.8,45.95613709130785,549.2,0.6534485816955566,0.07813387853654845,0.5204970479011536,0.04244360145961697
0.7193199666097569,0.8589640673500571,355.8,47.79145723186652,555.2,0.6538172423839569,0.07904406046326766,0.5228679716587067,0.04288166370796766
0.744815179051306,0.8589640673500571,334.2,39.711866706015655,576.8,0.6679675042629242,0.07485020376376209,0.5236060798168183,0.045043986648005595
0.7703103914928552,0.8589640673500571,318.3,36.302826123250135,592.7,0.6849535882472992,0.07652177332584517,0.5175216257572174,0.0450304333490792
0.7958056039344042,0.8589640673500571,308.0,37.78697887126983,603.0,0.6902949452400208,0.07735418712111951,0.5179313957691193,0.04377224020833833
0.8213008163759533,0.8589640673500571,295.9,41.76313549756804,615.1,0.7148429811000824,0.0828360966035295,0.5106705129146576,0.04156562484438597
0.8467960288175024,0.8589640673500571,287.3,40.87777735600515,623.7,0.7196666479110718,0.08280894335943421,0.5112445116043091,0.040866794489073814
0.8722912412590514,0.8589640673500571,272.1,37.58397106054296,638.9,0.7266314923763275,0.07844792541976213,0.511787724494934,0.03910580924939354
0.8977864537006006,0.8589640673500571,257.2,40.255099248745736,653.8,0.7281461596488953,0.08082801966737646,0.51994549036026,0.042834838863343404
0.9232816661421497,0.8589640673500571,238.7,37.37096109264304,672.3,0.748710709810257,0.08257675122816478,0.5160604119300842,0.03808136262308283
0.9487768785836987,0.8589640673500571,203.9,28.07961903388083,707.1,0.7713320672512054,0.07667828829376538,0.5185945868492127,0.0386193316771463
0.9742720910252478,0.8589640673500571,175.3,28.914836654593994,735.7,0.6852205336093903,0.20536156054889912,0.5354143559932709,0.04076590932986813
0.9997673034667969,0.8589640673500571,0.4,0.9048628651416396,910.6,-1.6572135925292968,3.7488775987193237,0.6136875569820404,0.021438242351741393
0.005454018246382475,0.8838967862527183,563.9,35.191633816543735,347.1,0.5241598546504974,0.04826533500491332,0.4296662390232086,0.07593736211505933
0.030949230687931564,0.8838967862527183,562.9,34.77555213810637,348.1,0.5242643237113953,0.04837589477515413,0.4330132246017456,0.07576369388791042
0.05644444312948065,0.8838967862527183,560.7,34.36038926940382,350.29999999999995,0.526048332452774,0.048167744267839194,0.4319129943847656,0.07990618598553251
0.08193965557102974,0.8838967862527183,550.8,39.489313898508136,360.20000000000005,0.5311135590076447,0.047624358152520925,0.4479193210601807,0.07783730200922087
0.10743486801257883,0.8838967862527183,544.2,39.67462240852882,366.79999999999995,0.5316914021968842,0.04888362179670979,0.46695902943611145,0.07295840032057084
0.1329300804541279,0.8838967862527183,529.1,40.00807553185056,381.9,0.5395483374595642,0.04813205533080047,0.4928846538066864,0.062164913460184046
0.158425292895677,0.8838967862527183,519.9,40.69990340386098,391.1,0.5509852230548858,0.044639459181947734,0.48790345191955564,0.05631822410504851
0.1839205053372261,0.8838967862527183,509.2,39.105886730791156,401.8,0.5570054352283478,0.045654605695402146,0.49975442290306094,0.049031623916412276
0.20941571777877518,0.8838967862527183,498.7,40.09127138418801,412.3,0.5622265636920929,0.04830740448400469,0.5093076229095459,0.04469891605090972
0.23491093022032428,0.8838967862527183,488.2,42.93571911369166,422.8,0.5693697810173035,0.05005231436472488,0.5092318952083588,0.0463129195837133
0.26040614266187334,0.8838967862527183,476.9,45.49061253115935,434.1,0.573531198501587,0.05112687706352936,0.5195816636085511,0.04430339430979452
0.28590135510342246,0.8838967862527183,467.0,46.78893546127772,444.0,0.5800591170787811,0.05024436746521445,0.5188148975372314,0.05027542875299535
0.3113965675449715,0.8838967862527183,461.5,48.56852540819287,449.5,0.5824910342693329,0.05164229279868394,0.5230588734149932,0.04950658990780288
0.33689177998652065,0.8838967862527183,456.4,50.53748885232971,454.6,0.5957997858524322,0.059193819251375804,0.5101735591888428,0.051163367381649644
0.3623869924280697,0.8838967862527183,453.4,51.94342839405761,457.6,0.5956490635871887,0.05971867470769219,0.513553363084793,0.05321663684865795
0.38788220486961883,0.8838967862527183,444.7,51.05335621632502,466.3,0.5986545264720917,0.058802861817189404,0.5193555295467377,0.05105013789176986
0.4133774173111679,0.8838967862527183,435.3,51.421784188885006,475.7,0.6116345942020416,0.06629561346512629,0.5105977416038513,0.045488283555064894
0.43887262975271696,0.8838967862527183,429.2,46.77775397337489,481.8,0.6156640172004699,0.06716163767442083,0.5148490488529205,0.04522143344615035
0.4643678421942661,0.8838967862527183,422.0,48.784334019203264,489.0,0.6193108975887298,0.07105073197399105,0.5175277590751648,0.04519694315795047
0.48986305463581514,0.8838967862527183,417.3,48.76224226422315,493.7,0.6244696319103241,0.07356706558105704,0.5162801861763,0.04914283288241607
0.5153582670773642,0.8838967862527183,413.1,49.38951040037887,497.9,0.6281770467758179,0.07682392466316772,0.5159579634666442,0.05006582817469394
0.5408534795189134,0.8838967862527183,409.6,47.20536581390814,501.4,0.6296922981739044,0.07608208008342876,0.5162689447402954,0.04926158100632795
0.5663486919604624,0.8838967862527183,402.8,46.442281830392496,508.2,0.6325548470020295,0.07513714583028389,0.5166953146457672,0.04752096271159237
0.5918439044020115,0.8838967862527183,397.1,46.02617426793323,513.9,0.6329176127910614,0.07539355003180963,0.5222381949424744,0.04481881892696884
0.6173391168435606,0.8838967862527183,389.3,45.433830851364036,521.7,0.6412283718585968,0.07395781797265709,0.5183663904666901,0.044882487206882454
0.6428343292851096,0.8838967862527183,381.6,44.47528573471284,529.4,0.6441433310508728,0.07557815491490451,0.5217224717140198,0.04541594612692226
0.6683295417266588,0.8838967862527183,378.5,44.114642557210786,532.5,0.6472298502922058,0.07544831615428665,0.5189357578754425,0.04420345530357713
0.6938247541682079,0.8838967862527183,374.1,45.08760394221433,536.9,0.6516982853412628,0.07626659112052835,0.518785434961319,0.0440235861284303
0.7193199666097569,0.8838967862527183,368.1,46.66049122202348,542.9,0.6519752264022827,0.07696189814640457,0.5211695253849029,0.0445109370262213
0.744815179051306,0.8838967862527183,346.5,39.6451603325789,564.5,0.6655701458454132,0.07230141778733003,0.5219756364822388,0.04554821979670926
0.7703103914928552,0.8838967862527183,330.6,36.84099641176232,580.4,0.6813489735126496,0.0740986942301301,0.5155759394168854,0.04608077029142008
0.7958056039344042,0.8838967862527183,320.0,38.36341103799851,591.0,0.6863871574401855,0.07440232033245847,0.5161341845989227,0.0446449104362151
0.8213008163759533,0.8838967862527183,307.6,42.970666243695895,603.4,0.7098386466503144,0.07925394351077475,0.5086345314979553,0.04227500309348665
0.8467960288175024,0.8838967862527183,297.9,42.890205503556935,613.1,0.7156311511993408,0.07989555030548058,0.5087930917739868,0.042091956877215016
0.8722912412590514,0.8838967862527183,281.4,40.54278208584295,629.6,0.7230719745159149,0.07628676524829019,0.5094091594219208,0.04021988626766106
0.8977864537006006,0.8838967862527183,266.5,43.07909935723827,644.5,0.724068284034729,0.07819855116421794,0.5175613641738892,0.04463089635027708
0.9232816661421497,0.8838967862527183,247.7,39.652043944783344,663.3,0.742184978723526,0.08065072480854502,0.5135310053825378,0.041681091103979384
0.9487768785836987,0.8838967862527183,212.2,30.838438006380603,698.8,0.7629843175411224,0.07354436312142605,0.5163145542144776,0.041513783139766544
0.9742720910252478,0.8838967862527183,181.9,31.81252206874853,729.1,0.675667279958725,0.1996430901378513,0.5337466180324555,0.04168454088308978
0.9997673034667969,0.8838967862527183,0.4,0.9048628651416396,910.6,-1.6572135925292968,3.7488775987193237,0.6136875569820404,0.021438242351741393
0.005454018246382475,0.9088295051553794,593.5,30.522360379101684,317.5,0.5389095664024353,0.03790575489887801,0.4041888952255249,0.06035810783150121
0.030949230687931564,0.9088295051553794,592.5,30.12861584896181,318.5,0.5390024662017823,0.03801945565873587,0.40819659233093264,0.060233206993319986
0.05644444312948065,0.9088295051553794,590.3,29.9882567536986,320.70000000000005,0.5407717943191528,0.03746740117567449,0.4085728943347931,0.06538398728903755
0.08193965557102974,0.9088295051553794,580.4,35.51930935506851,330.6,0.5456376433372497,0.036914269671528235,0.42956840991973877,0.06858664054864676
0.10743486801257883,0.9088295051553794,573.8,36.45560611001974,337.20000000000005,0.5461455881595612,0.038282492084339884,0.4506986916065216,0.0653400170209967
0.1329300804541279,0.9088295051553794,558.0,38.633688454381335,353.0,0.5540720820426941,0.0392888924322228,0.47754685282707215,0.05461164334819085
0.158425292895677,0.9088295051553794,547.8,38.99085246503034,363.20000000000005,0.5656127095222473,0.03428413227416239,0.47457870841026306,0.0486341456916165
0.1839205053372261,0.9088295051553794,537.1,35.10427701352589,373.9,0.5711515367031097,0.03554696468749567,0.4877096891403198,0.040901730141142914
0.20941571777877518,0.9088295051553794,526.6,34.688376867840084,384.4,0.5760366261005402,0.0376498968204055,0.4984555900096893,0.03728554392091145
0.23491093022032428,0.9088295051553794,516.1,37.62479626120787,394.9,0.5828886330127716,0.040176511056835555,0.49903464913368223,0.03937316397941596
0.26040614266187334,0.9088295051553794,504.7,39.2890239231531,406.3,0.5866717755794525,0.040474729174015275,0.5117895722389221,0.03915173265387892
0.28590135510342246,0.9088295051553794,493.7,40.041601818330214,417.3,0.5932455062866211,0.04145144078277297,0.5108207046985627,0.0466755163171212
0.3113965675449715,0.9088295051553794,487.7,42.075920526343246,423.3,0.595523601770401,0.04302553855519095,0.5156703412532806,0.047366238171809474
0.33689177998652065,0.9088295051553794,482.2,43.395436477102585,428.8,0.6080659449100494,0.050698767280970704,0.5026785671710968,0.04943156568195848
0.3623869924280697,0.9088295051553794,478.8,44.76404546879851,432.2,0.6084011793136597,0.051178816092196745,0.5060577750205993,0.051651148208454636
0.38788220486961883,0.9088295051553794,470.1,43.4722155684137,440.9,0.6111678838729858,0.0500737734172215,0.5122732877731323,0.05022172259808585
0.4133774173111679,0.9088295051553794,460.7,43.92191722879163,450.3,0.6234336018562316,0.05575693175818995,0.5027033150196075,0.04200097685448008
0.43887262975271696,0.9088295051553794,454.6,39.176196556495185,456.4,0.6271738171577453,0.05650046442683768,0.5069692134857178,0.04146281868107271
0.4643678421942661,0.9088295051553794,447.4,41.229775230814276,463.6,0.6305525481700898,0.0602877915047064,0.5098056256771087,0.04146077595263302
0.48986305463581514,0.9088295051553794,442.7,40.844380587192404,468.3,0.6353323996067047,0.06274372265019355,0.5086922466754913,0.04598256915612501
0.5153582670773642,0.9088295051553794,438.5,40.91420437188379,472.5,0.638676518201828,0.06576072014745456,0.5082829177379609,0.046918620064817014
0.5408534795189134,0.9088295051553794,435.0,38.358964395151006,476.0,0.6400614142417907,0.06505349221665968,0.5084406793117523,0.04611059224198075
0.5663486919604624,0.9088295051553794,428.2,37.18296473060175,482.8,0.642819881439209,0.06419444260824698,0.5087880611419677,0.044553985872026226
0.5918439044020115,0.9088295051553794,422.5,36.20276111421855,488.5,0.6430002331733704,0.0643392903588612,0.5144298315048218,0.04184662280204947
0.6173391168435606,0.9088295051553794,414.7,36.488734502758746,496.3,0.6511238098144532,0.062299610476636236,0.5104496002197265,0.04177012979249663
0.6428343292851096,0.9088295051553794,407.0,35.837723049767334,504.0,0.6538755238056183,0.063649932538713,0.5139877736568451,0.041889753946045105
0.6683295417266588,0.9088295051553794,403.9,35.893923329235356,507.1,0.6569375276565552,0.06325775122381179,0.5112281262874603,0.0407096703419567
0.6938247541682079,0.9088295051553794,399.5,37.160708479490154,511.5,0.6611736834049224,0.06362898463353252,0.5111694693565368,0.04060290050824488
0.7193199666097569,0.9088295051553794,393.5,39.2255848727005,517.5,0.6614238083362579,0.0642885259705878,0.5136533558368683,0.04113854950770844
0.744815179051306,0.9088295051553794,371.9,32.27740600708318,539.1,0.6744426250457763,0.05979821758111118,0.5150160670280457,0.04310913704511807
0.7703103914928552,0.9088295051553794,356.0,33.15601874964736,555.0,0.6897120475769043,0.062246440648442515,0.5085784375667572,0.0439544003327938
0.7958056039344042,0.9088295051553794,344.8,36.96518318721329,566.2,0.6950505673885345,0.06290571674600827,0.5088537752628326,0.042814316203885004
0.8213008163759533,0.9088295051553794,331.5,42.661309359004,579.5,0.7170085728168487,0.06874185553435092,0.500694066286087,0.042082313682241544
0.8467960288175024,0.9088295051553794,321.8,42.768532611341264,589.2,0.7225101828575134,0.0690744310106925,0.5008747160434723,0.041846265880010405
0.8722912412590514,0.9088295051553794,305.3,39.01016986259397,605.7,0.7295387804508209,0.06530753794640282,0.5016916811466217,0.0400612085022904
0.8977864537006006,0.9088295051553794,286.3,44.27905798720335,624.7,0.7329248130321503,0.06805271748409626,0.5091992497444153,0.044369558324054106
0.9232816661421497,0.9088295051553794,267.1,40.851897240580556,643.9,0.7504890739917756,0.06956798865419925,0.5050863027572632,0.04026256940045632
0.9487768785836987,0.9088295051553794,230.5,33.3769345530946,680.5,0.7685295462608337,0.06207316467072271,0.5086960971355439,0.04229121952866871
0.9742720910252478,0.9088295051553794,197.4,37.84892330099705,713.6,0.6857673823833466,0.19744450947372455,0.5253796577453613,0.04312609399452898
0.9997673034667969,0.9088295051553794,0.4,0.9048628651416396,910.6,-1.6572135925292968,3.7488775987193237,0.6136875569820404,0.021438242351741393
0.005454018246382475,0.9337622240580405,616.8,28.17735471561387,294.20000000000005,0.5658147633075714,0.03669590151260385,0.3783163189888,0.06676692046491893
0.030949230687931564,0.9337622240580405,615.8,27.46821482263488,295.20000000000005,0.565885853767395,0.03678126978648867,0.38298351764678956,0.06644015586809977
0.05644444312948065,0.9337622240580405,613.6,26.779371947963096,297.4,0.5675215184688568,0.036946893993473943,0.38387222290039064,0.07200027279900958
0.08193965557102974,0.9337622240580405,603.6,31.582465048515036,307.4,0.5723263561725617,0.03661509696746461,0.40659584403038024,0.07653615339639092
0.10743486801257883,0.9337622240580405,596.7,32.101826581692094,314.29999999999995,0.57280735373497,0.037172790772307236,0.4301566481590271,0.07376106414033937
0.1329300804541279,0.9337622240580405,580.8,33.34548911921199,330.20000000000005,0.580204862356186,0.03889615358673838,0.46036304235458375,0.059417966538087716
0.158425292895677,0.9337622240580405,570.6,33.57049359610519,340.4,0.5908427178859711,0.038643704960870696,0.4578590214252472,0.054142132486099795
0.1839205053372261,0.9337622240580405,559.9,29.37989769413575,351.1,0.5960269510746002,0.03923394497215221,0.47246238589286804,0.04790006529386548
0.20941571777877518,0.9337622240580405,549.4,29.990437142137534,361.6,0.6007297217845917,0.04035239989950287,0.4840776979923248,0.04603423175764324
0.23491093022032428,0.9337622240580405,538.9,34.03350107197742,372.1,0.6072597086429596,0.04232790985172365,0.48473101258277895,0.04641937108298952
0.26040614266187334,0.9337622240580405,527.5,35.96640185221483,383.5,0.610820722579956,0.041477151092311794,0.49866525530815126,0.042423863889901554
0.28590135510342246,0.9337622240580405,516.5,37.136218852855485,394.5,0.6172123491764069,0.040256230715201465,0.4975136935710907,0.04857902849910732
0.3113965675449715,0.9337622240580405,510.5,40.03194458146213,400.5,0.6193655729293823,0.04161785436174801,0.5024739623069763,0.04978287515391066
0.33689177998652065,0.9337622240580405,505.0,41.33142663678291,406.0,0.6315478384494781,0.046405130680317,0.4890817582607269,0.049742740275805324
0.3623869924280697,0.9337622240580405,501.6,42.542456901504394,409.4,0.631823605298996,0.04728300264076546,0.4925365328788757,0.05289598784123073
0.38788220486961883,0.9337622240580405,492.9,42.007486317393905,418.1,0.634432339668274,0.04605840241387486,0.4988875687122345,0.052245067937369265
0.4133774173111679,0.9337622240580405,483.3,43.28556272862154,427.7,0.6464526355266571,0.049994696199935976,0.48926456570625304,0.04276729173585457
0.43887262975271696,0.9337622240580405,477.2,39.744784491696606,433.8,0.6500617861747742,0.04995146306255163,0.49341437220573425,0.04309848597241184
0.4643678421942661,0.9337622240580405,470.0,41.98115139134831,441.0,0.6532576262950898,0.053428743464056995,0.4963502287864685,0.042710947647608126
0.48986305463581514,0.9337622240580405,465.3,41.53596808645875,445.7,0.6577439725399017,0.05552301418573455,0.495337450504303,0.04606555711632535
0.5153582670773642,0.9337622240580405,461.1,41.489946811936605,449.9,0.6609990060329437,0.05800420448846475,0.49494984149932864,0.04662470797728066
0.5408534795189134,0.9337622240580405,457.6,39.32974180823618,453.4,0.6623329281806946,0.05699056860819276,0.4950732946395874,0.04536677905618618
0.5663486919604624,0.9337622240580405,450.8,38.13567300533921,460.2,0.6649564445018769,0.055664926511889555,0.49540765285491944,0.04273439251181769
0.5918439044020115,0.9337622240580405,445.1,37.50218733146625,465.9,0.6650585532188416,0.05569824644961311,0.5011736929416657,0.04029697508116777
0.6173391168435606,0.9337622240580405,437.3,36.449756797493926,473.7,0.6721044182777405,0.058689474461853144,0.4965716600418091,0.04463214611877905
0.6428343292851096,0.9337622240580405,429.6,35.66946765964666,481.4,0.6746033847332,0.06035637914700835,0.5002118468284606,0.04417188017072932
0.6683295417266588,0.9337622240580405,426.5,35.89519058544682,484.5,0.6774141550064087,0.060188318937259705,0.49749961495399475,0.04208132127343616
0.6938247541682079,0.9337622240580405,422.1,36.64485138840827,488.9,0.6813215017318726,0.060620271129194575,0.49775816798210143,0.03996385629649023
0.7193199666097569,0.9337622240580405,416.1,38.728427197375055,494.9,0.6816153347492218,0.06130991531760078,0.5002651154994965,0.04041005041953445
0.744815179051306,0.9337622240580405,394.5,34.375610038964865,516.5,0.6940858900547028,0.05621849023399596,0.5014474511146545,0.04368427810087344
0.7703103914928552,0.9337622240580405,378.6,38.286559811982634,532.4,0.7092611968517304,0.05687621264298712,0.49505043029785156,0.043072649361599366
0.7958056039344042,0.9337622240580405,367.4,42.69321827047379,543.6,0.7142532587051391,0.05750142367898021,0.49515441060066223,0.04212665131528048
0.8213008163759533,0.9337622240580405,354.1,48.859394544850595,556.9,0.7354783952236176,0.061345754951869134,0.48681851029396056,0.03974784821065907
0.8467960288175024,0.9337622240580405,344.4,48.59655574618381,566.6,0.7407847821712494,0.06220246992266701,0.487140429019928,0.03894072878691222
0.8722912412590514,0.9337622240580405,327.9,45.08760394221432,583.1,0.7472873330116272,0.05717640783034188,0.48780752420425416,0.03638774109642227
0.8977864537006006,0.9337622240580405,308.2,52.277968580744016,602.8,0.7503591060638428,0.05995046940476655,0.495305335521698,0.041710524369560006
0.9232816661421497,0.9337622240580405,288.9,48.83960700372444,622.1,0.7666475117206574,0.060816079862090894,0.49083948135375977,0.03851379962467728
0.9487768785836987,0.9337622240580405,251.5,40.94615557533245,659.5,0.7828268229961395,0.05269697081152993,0.4943169057369232,0.04096900154491625
0.9742720910252478,0.9337622240580405,216.3,42.909556342927864,694.7,0.7019417107105255,0.1984720001505072,0.5112186074256897,0.043342073757109835
0.9997673034667969,0.9337622240580405,0.4,0.9048628651416396,910.6,-1.6572135925292968,3.7488775987193237,0.6136875569820404,0.021438242351741393
0.005454018246382475,0.9586949429607017,644.6,26.749629827685276,266.4,0.5818712294101716,0.033265698633379796,0.3593294441699982,0.07206963204284697
0.030949230687931564,0.9586949429607017,643.6,26.01906905898667,267.4,0.5819341838359833,0.03333278240157235,0.36500751972198486,0.07155455728976474
0.05644444312948065,0.9586949429607017,641.4,24.852175686540463,269.6,0.5834732711315155,0.03346447851385769,0.36668925285339354,0.0778333596397347
0.08193965557102974,0.9586949429607017,631.4,28.131712876302707,279.6,0.5876978874206543,0.03410768804598943,0.39190598130226134,0.08480045821853996
0.10743486801257883,0.9586949429607017,624.2,28.87498864066615,286.79999999999995,0.5879492282867431,0.034886013614189186,0.41842547059059143,0.08410764963301993
0.1329300804541279,0.9586949429607017,608.1,30.99228699334929,302.9,0.5947466909885406,0.03624660908911144,0.4503410756587982,0.07110490384878057
0.158425292895677,0.9586949429607017,597.0,31.87599835060668,314.0,0.6046824038028717,0.03519429484944694,0.45314592123031616,0.06067486903704524
0.1839205053372261,0.9586949429607017,586.3,28.50487582197777,324.70000000000005,0.6095716953277588,0.035659691924794144,0.46803264021873475,0.05660590460364555
0.20941571777877518,0.9586949429607017,575.8,30.44878106814683,335.20000000000005,0.6140246629714966,0.03659497768346671,0.47978057861328127,0.055532984721394875
0.23491093022032428,0.9586949429607017,565.3,35.847320588096736,345.70000000000005,0.6203217566013336,0.03787362750296738,0.4803797841072083,0.05535649011016636
0.26040614266187334,0.9586949429607017,553.9,37.585483895785956,357.1,0.6234292566776276,0.03748137614145127,0.4946465313434601,0.05185952944679042
0.28590135510342246,0.9586949429607017,542.9,38.58280565378294,368.1,0.6294715106487274,0.035980236506064,0.4929202377796173,0.056505867022325955
0.3113965675449715,0.9586949429607017,536.9,42.1898207129918,374.1,0.6315001368522644,0.03727873122541092,0.4978754878044128,0.05790584269507084
0.33689177998652065,0.9586949429607017,531.4,43.57770457159808,379.6,0.6429853796958923,0.0432089306987441,0.48372597694396974,0.05649907069821903
0.3623869924280697,0.9586949429607017,528.0,44.2995349218765,383.0,0.6431611776351929,0.04392949301062308,0.4871407449245453,0.05972043624459413
0.38788220486961883,0.9586949429607017,519.3,43.6440024162858,391.70000000000005,0.6454404473304749,0.04309993382912179,0.49419010281562803,0.056923696681208044
0.4133774173111679,0.9586949429607017,508.5,44.035949279089564,402.5,0.6571394622325897,0.04682567915202844,0.48557665944099426,0.04625762849508848
0.43887262975271696,0.9586949429607017,502.4,40.950251860657204,408.6,0.6604641795158386,0.04721323335682288,0.4899736285209656,0.04460899539335781
0.4643678421942661,0.9586949429607017,495.2,43.46613317369728,415.8,0.6635136604309082,0.050583383307792336,0.49284830689430237,0.044003537883975125
0.48986305463581514,0.9586949429607017,490.5,42.9799939085817,420.5,0.6677558898925782,0.052666257924990884,0.4917365491390228,0.04784599026172707
0.5153582670773642,0.9586949429607017,486.3,42.95326242054844,424.7,0.6708248734474183,0.0551346267538243,0.49122833013534545,0.048669953921684
0.5408534795189134,0.9586949429607017,482.8,41.03430880240242,428.2,0.6721053957939148,0.05400449943718092,0.49124655723571775,0.04709279764718032
0.5663486919604624,0.9586949429607017,476.0,39.95054660684613,435.0,0.6745975315570831,0.052453614601996754,0.4913759708404541,0.04412750418138204
0.5918439044020115,0.9586949429607017,470.3,39.64057059369596,440.7,0.6746178984642028,0.052448880297738296,0.49718633890151975,0.04139141485564546
0.6173391168435606,0.9586949429607017,462.5,38.406738825882755,448.5,0.6809396088123322,0.05479608952277009,0.49160711765289306,0.04613619739168414
0.6428343292851096,0.9586949429607017,454.8,37.9877792784122,456.2,0.6831964969635009,0.05654595655554128,0.4950797617435455,0.04605613645395604
0.6683295417266588,0.9586949429607017,451.7,38.3694131884119,459.3,0.6858869850635528,0.05649270678295916,0.4921185910701752,0.04491047844829813
0.6938247541682079,0.9586949429607017,447.3,38.86414096108372,463.7,0.689444488286972,0.05697109720628443,0.49230843782424927,0.04326229456907509
0.7193199666097569,0.9586949429607017,441.3,41.20335722633452,469.7,0.6896455407142639,0.05773562987903428,0.4947292566299438,0.043903972963171466
0.744815179051306,0.9586949429607017,419.7,36.874703751701986,491.3,0.7008534133434295,0.054080224684524725,0.4956502914428711,0.0461286307884358
0.7703103914928552,0.9586949429607017,403.8,41.53425689871557,507.2,0.7147579729557038,0.05617056280261339,0.4887998878955841,0.047248243789182805
0.7958056039344042,0.9586949429607017,392.6,45.88605497226839,518.4,0.7192137539386749,0.056813443867072606,0.48870856761932374,0.04587537114897662
0.8213008163759533,0.9586949429607017,379.3,51.6787811032803,531.7,0.7379165530204773,0.061904497767535864,0.47971801161766053,0.043598400324560464
0.8467960288175024,0.9586949429607017,369.6,51.3721674838517,541.4,0.7426132977008819,0.06274646824466672,0.47995697259902953,0.042607728253666946
0.8722912412590514,0.9586949429607017,353.1,46.947195073135,557.9,0.74837047457695,0.05817737198368252,0.4803730249404907,0.038831612407197826
0.8977864537006006,0.9586949429607017,333.4,54.50729634552946,577.6,0.7505224168300628,0.06140335284500648,0.487935209274292,0.04403317114179382
0.9232816661421497,0.9586949429607017,314.1,51.441020594265545,596.9,0.7660477519035339,0.06210696989861447,0.4835078477859497,0.03854007631400899
0.9487768785836987,0.9586949429607017,274.4,46.170178806980694,636.6,0.7787316858768463,0.053407488436915264,0.4883608460426331,0.04159558160833169
0.9742720910252478,0.9586949429607017,236.8,47.74503475043035,674.2,0.697812807559967,0.1970810791867842,0.5048841655254364,0.0447209443341979
0.9997673034667969,0.9586949429607017,0.4,0.9048628651416396,910.6,-1.6572135925292968,3.7488775987193237,0.6136875569820404,0.021438242351741393
0.005454018246382475,0.9836276618633628,679.4,24.94808277968794,231.60000000000002,0.5912587523460389,0.03122757933887609,0.34352279305458067,0.0740685027415498
0.030949230687931564,0.9836276618633628,678.4,24.322602352642996,232.60000000000002,0.5913115501403808,0.031280437573587894,0.3530344843864441,0.06680028748384825
0.05644444312948065,0.9836276618633628,676.2,23.537549307193196,234.79999999999995,0.5927774250507355,0.03121810960772216,0.3564059495925903,0.07077278057713385
0.08193965557102974,0.9836276618633628,666.2,24.69518691384833,244.79999999999995,0.596417373418808,0.0325521428630315,0.38311741352081297,0.08564788736921321
0.10743486801257883,0.9836276618633628,659.0,25.873997697553236,252.0,0.5964971482753754,0.0335962831577303,0.4131204843521118,0.08618054210991082
0.1329300804541279,0.9836276618633628,642.8,29.14156401237947,268.20000000000005,0.6025339663028717,0.034439965489669114,0.4473784387111664,0.07047250846524958
0.158425292895677,0.9836276618633628,630.4,30.151159762638223,280.6,0.6119895875453949,0.03243451433734655,0.45299888849258424,0.0575037282917901
0.1839205053372261,0.9836276618633628,619.7,27.752918357947554,291.29999999999995,0.6164555132389069,0.0325714380527325,0.4678813338279724,0.054382550122553865
0.20941571777877518,0.9836276618633628,609.2,32.21807402955778,301.79999999999995,0.6206046998500824,0.03307272322161508,0.4799260556697845,0.053029653384560185
0.23491093022032428,0.9836276618633628,598.7,38.25216421813767,312.29999999999995,0.6264556825160981,0.03331367519195625,0.4799714505672455,0.05141618875628714
0.26040614266187334,0.9836276618633628,587.3,37.76297067442329,323.70000000000005,0.6290608167648315,0.03372090023483084,0.4952171385288239,0.047275236858254126
0.28590135510342246,0.9836276618633628,576.3,39.3901984112788,334.70000000000005,0.6346224308013916,0.03201134968901346,0.4924266517162323,0.05182587123069474
0.3113965675449715,0.9836276618633628,570.3,43.710394827159135,340.70000000000005,0.636435067653656,0.0328714950859322,0.4972746133804321,0.05315731473365325
0.33689177998652065,0.9836276618633628,564.8,45.44978441190567,346.20000000000005,0.6472232043743134,0.039207174143622604,0.48203331232070923,0.05245468456048293
0.3623869924280697,0.9836276618633628,561.4,45.6425362659631,349.6,0.6472982585430145,0.03961709729574996,0.4852697253227234,0.05540020398380361
0.38788220486961883,0.9836276618633628,552.7,45.599973825841225,358.29999999999995,0.6492816150188446,0.03900501048284715,0.49229220151901243,0.05158191404567474
0.4133774173111679,0.9836276618633628,541.9,47.27186834060029,369.1,0.6604383409023284,0.043478409436340834,0.48304884433746337,0.040142259623355464
0.43887262975271696,0.9836276618633628,535.7,45.68468567213646,375.29999999999995,0.6635446727275849,0.04417225045917379,0.48739173412323,0.03859556935270925
0.4643678421942661,0.9836276618633628,528.5,48.59661424772289,382.5,0.6662830829620361,0.047034961599124264,0.4900976598262787,0.03797157878975595
0.48986305463581514,0.9836276618633628,523.8,48.22493689560279,387.20000000000005,0.6702215671539307,0.04855920269031308,0.4889314413070679,0.04230369263115871
0.5153582670773642,0.9836276618633628,519.6,48.51927221577788,391.4,0.6730376660823822,0.05092175962993724,0.4882007122039795,0.04369784937380615
0.5408534795189134,0.9836276618633628,516.1,47.34518344510846,394.9,0.674241179227829,0.049899093033715515,0.488109815120697,0.042094566707745036
0.5663486919604624,0.9836276618633628,509.3,46.71967663107632,401.7,0.6765592277050019,0.04832418284318515,0.48804816603660583,0.03903607836041688
0.5918439044020115,0.9836276618633628,503.6,47.119767747500816,407.4,0.6764609694480896,0.04821228811298799,0.4938992500305176,0.03599682510672953
0.6173391168435606,0.9836276618633628,495.8,43.449124111598366,415.2,0.681834238767624,0.0496134156058468,0.48586723804473875,0.0425265288381103
0.6428343292851096,0.9836276618633628,488.1,42.76274902382346,422.9,0.6837529420852662,0.05119465058455514,0.4891141474246979,0.04277372881897523
0.6683295417266588,0.9836276618633628,485.0,43.0285841000581,426.0,0.6862674713134765,0.05094932461674456,0.48602370619773866,0.04110009940617736
0.6938247541682079,0.9836276618633628,480.6,42.04097348982579,430.4,0.6894275128841401,0.051304160358183755,0.48627694249153136,0.03863665400093698
0.7193199666097569,0.9836276618633628,474.2,43.91253067517377,436.8,0.6892019033432006,0.05224599655257768,0.48882588744163513,0.039345676317664176
0.744815179051306,0.9836276618633628,452.4,42.01120843248663,458.6,0.6995120108127594,0.048647587570268644,0.4893972635269165,0.04036329948475559
0.7703103914928552,0.9836276618633628,436.5,49.512310861633516,474.5,0.7129924893379211,0.05111516811776387,0.48231679797172544,0.04117357819964902
0.7958056039344042,0.9836276618633628,425.3,55.12432405425661,485.7,0.7171416699886322,0.051901757366669306,0.4820179343223572,0.03972817196412706
0.8213008163759533,0.9836276618633628,412.0,60.9636316125449,499.0,0.7346393227577209,0.05911084062122979,0.47248677015304563,0.038342032338950185
0.8467960288175024,0.9836276618633628,402.3,59.39429943397772,508.7,0.7386662065982819,0.0599375920285618,0.4725048065185547,0.037437751314276506
0.8722912412590514,0.9836276618633628,385.6,56.450479007181904,525.4,0.7437628149986267,0.056170161017334914,0.47272518277168274,0.03352235504675636
0.8977864537006006,0.9836276618633628,365.9,62.833380613112546,545.1,0.7449263751506805,0.05929767097668557,0.48029340505599977,0.039114651845817236
0.9232816661421497,0.9836276618633628,345.9,61.94571343228515,565.1,0.7590930700302124,0.0598663895362986,0.4750825226306915,0.0330684058783737
0.9487768785836987,0.9836276618633628,306.0,56.72559248275407,605.0,0.769345635175705,0.05179879568717546,0.47872658967971804,0.037462802103934184
0.9742720910252478,0.9836276618633628,267.9,58.30288004990571,643.1,0.6870877623558045,0.19368603012776947,0.49595621824264524,0.0424420871761684
0.9997673034667969,0.9836276618633628,0.4,0.9048628651416396,910.6,-1.6572135925292968,3.7488775987193237,0.6136875569820404,0.021438242351741393
0.005454018246382475,1.008560380766024,715.8,22.066309546510055,195.20000000000005,0.5955797672271729,0.02925473714483352,0.3733265995979309,0.053776091143565324
0.030949230687931564,1.008560380766024,714.8,22.07403846160381,196.20000000000005,0.5956283926963806,0.029302980592010697,0.38285847902297976,0.040763536302021765
0.05644444312948065,1.008560380766024,712.6,22.241861357520598,198.39999999999998,0.5970551192760467,0.029312563902370723,0.3864927589893341,0.04618441040076137
0.08193965557102974,1.008560380766024,702.6,21.59593400351556,208.39999999999998,0.600318169593811,0.030984113829584683,0.41585399508476256,0.06490362864918094
0.10743486801257883,1.008560380766024,695.4,23.56989736925727,215.60000000000002,0.6002694487571716,0.03209880676437913,0.4459846317768097,0.06180568094904135
0.1329300804541279,1.008560380766024,679.2,28.037772873828033,231.79999999999995,0.6056630134582519,0.033330428240988405,0.48109769225120547,0.05059136948444752
0.158425292895677,1.008560380766024,666.8,29.900435437389195,244.20000000000005,0.614604240655899,0.03167510198058738,0.48318030834198,0.04628880284629421
0.1839205053372261,1.008560380766024,656.1,25.274706728794538,254.89999999999998,0.6183932065963745,0.03051123411395273,0.4931865394115448,0.04372163666493631
0.20941571777877518,1.008560380766024,645.6,27.771658327130748,265.4,0.6219080626964569,0.031374921040484886,0.5027404963970185,0.04760076859272761
0.23491093022032428,1.008560380766024,635.1,32.95036377338986,275.9,0.627175486087799,0.03124049915315516,0.5000688135623932,0.04310383001705042
0.26040614266187334,1.008560380766024,623.7,34.25929788692461,287.29999999999995,0.6294512748718262,0.03211212067538666,0.514325988292694,0.03652026837019303
0.28590135510342246,1.008560380766024,612.7,36.53078371224039,298.29999999999995,0.6342726349830627,0.028833257359255557,0.5084709644317627,0.035847951623592875
0.3113965675449715,1.008560380766024,606.7,40.52854464946286,304.29999999999995,0.635664701461792,0.029131224066431153,0.5124606370925904,0.036397888479225135
0.33689177998652065,1.008560380766024,601.2,41.538363630870975,309.79999999999995,0.6455162048339844,0.033959954166392144,0.49478821754455565,0.03398631969002426
0.3623869924280697,1.008560380766024,597.8,41.76225052889034,313.20000000000005,0.6454478919506073,0.033909009656115124,0.4977732479572296,0.036855589617325483
0.38788220486961883,1.008560380766024,589.1,42.05483410654408,321.9,0.647190660238266,0.03349437617828386,0.5043371260166168,0.03374341298598237
0.4133774173111679,1.008560380766024,578.3,44.32782758334755,332.70000000000005,0.6578078329563141,0.03928963194007527,0.4939500689506531,0.024459627092673887
0.43887262975271696,1.008560380766024,572.0,41.68893722563086,339.0,0.6606321632862091,0.03991753537346241,0.49698705077171323,0.026931774380449375
0.4643678421942661,1.008560380766024,564.8,44.24276680391528,346.20000000000005,0.662826555967331,0.04228737019310757,0.4988579869270325,0.027229918315284585
0.48986305463581514,1.008560380766024,560.1,43.62888729391536,350.9,0.6662283301353454,0.04173802250305087,0.49658254981040956,0.030037058557577937
0.5153582670773642,1.008560380766024,555.9,43.67708105550766,355.1,0.6686201989650726,0.04311055516621271,0.4951810359954834,0.03229960444138226
0.5408534795189134,1.008560380766024,552.4,42.619905458064075,358.6,0.6697121024131775,0.042245248641778706,0.49468755125999453,0.03159087305322798
0.5663486919604624,1.008560380766024,545.6,42.00308702885906,365.4,0.6717546284198761,0.04082576298244686,0.49389074444770814,0.02982084414738636
0.5918439044020115,1.008560380766024,539.5,41.140105936797944,371.5,0.6712518870830536,0.040575591741668186,0.4991286635398865,0.02842693271397708
0.6173391168435606,1.008560380766024,530.6,37.284364119569375,380.4,0.6768478631973267,0.041742958154971234,0.4885046720504761,0.03410374768285137
0.6428343292851096,1.008560380766024,522.8,36.20519543855812,388.20000000000005,0.678421139717102,0.04316783092736722,0.4913949191570282,0.03396890466187798
0.6683295417266588,1.008560380766024,519.7,36.6721500281896,391.29999999999995,0.6807826280593872,0.04303551368663739,0.4878509044647217,0.03101823846694961
0.6938247541682079,1.008560380766024,513.9,35.2207046023995,397.1,0.6833154320716858,0.04327288264874818,0.4872939050197601,0.02839472931499408
0.7193199666097569,1.008560380766024,507.5,36.813282393040375,403.5,0.6829963088035583,0.04410126996979424,0.4897006094455719,0.029130611636422245
0.744815179051306,1.008560380766024,485.7,35.51586745680936,425.3,0.6923273205757141,0.04081351159552199,0.48865036964416503,0.03063784580393
0.7703103914928552,1.008560380766024,469.4,46.522282448912684,441.6,0.7048159182071686,0.04482206486901,0.4812092542648315,0.03202349955417702
0.7958056039344042,1.008560380766024,458.1,53.39037032982421,452.9,0.7085301578044891,0.04597691734969484,0.4806190669536591,0.030719333859843025
0.8213008163759533,1.008560380766024,444.8,60.03961906896635,466.2,0.7248454391956329,0.054142293673446716,0.470299220085144,0.030277955918206118
0.8467960288175024,1.008560380766024,435.1,58.535499171614795,475.9,0.7284428715705872,0.05507600261617351,0.4699888288974762,0.02946900642934001
0.8722912412590514,1.008560380766024,417.6,56.49880611279943,493.4,0.7325389921665192,0.05125632415842614,0.4702319622039795,0.025318278238312408
0.8977864537006006,1.008560380766024,397.0,65.75405998783467,514.0,0.7342105805873871,0.05523822465860856,0.4771131992340088,0.03068732951068649
0.9232816661421497,1.008560380766024,377.0,65.34028192142704,534.0,0.7470926165580749,0.05629088702550915,0.47135064005851746,0.02450269891697277
0.9487768785836987,1.008560380766024,337.0,61.39949992220654,574.0,0.7554903388023376,0.048783978373469226,0.47428190112113955,0.03260165195901192
0.9742720910252478,1.008560380766024,298.3,64.13883795818455,612.7,0.6721099436283111,0.18883694059653014,0.4921946942806244,0.03921382600600268
0.9997673034667969,1.008560380766024,0.4,0.9048628651416396,910.6,-1.6572135925292968,3.7488775987193237,0.6136875569820404,0.021438242351741393
0.005454018246382475,1.033493099668685,752.3,22.696976867302794,158.70000000000005,0.6018719792366027,0.027423300108756724,0.3941186785697937,0.053680807275390645
0.030949230687931564,1.033493099668685,751.3,23.163158917512146,159.70000000000005,0.601909875869751,0.027458050448411805,0.4036575675010681,0.042218293972083785
0.05644444312948065,1.033493099668685,749.1,23.577736294000914,161.89999999999998,0.6032325387001037,0.026687482262716878,0.40614706873893736,0.043826579696613056
0.08193965557102974,1.033493099668685,739.1,19.67325424980647,171.89999999999998,0.6060385823249816,0.02841352504718263,0.43418378829956056,0.061742239823225804
0.10743486801257883,1.033493099668685,731.9,21.70688815242415,179.10000000000002,0.6057947516441345,0.029749984593141494,0.4636324763298035,0.06703358235443076
0.1329300804541279,1.033493099668685,715.7,27.483218303123884,195.29999999999995,0.610522472858429,0.03173343813793551,0.49418410658836365,0.06450209100521506
0.158425292895677,1.033493099668685,703.3,30.2073988817586,207.70000000000005,0.6187186479568482,0.027465781003755553,0.49065974950790403,0.05427596648924958
0.1839205053372261,1.033493099668685,692.6,25.584943063594704,218.39999999999998,0.6221667945384979,0.026860307179288917,0.49807400703430177,0.05049827192306621
0.20941571777877518,1.033493099668685,682.1,27.41361577528898,228.89999999999998,0.62521892786026,0.026934211020180843,0.5057106852531433,0.048795745454929935
0.23491093022032428,1.033493099668685,671.6,32.58204436357251,239.39999999999998,0.6300574779510498,0.026970389555518625,0.5006859242916107,0.04778675855875887
0.26040614266187334,1.033493099668685,660.2,34.32189365375611,250.79999999999995,0.6319446086883544,0.027824146177534346,0.5136353492736816,0.04081424104527357
0.28590135510342246,1.033493099668685,649.2,36.375974870998704,261.79999999999995,0.6362357199192047,0.026558386207130413,0.5048716545104981,0.046990003317536146
0.3113965675449715,1.033493099668685,643.2,40.18865788373143,267.79999999999995,0.6373437702655792,0.02660869735433993,0.5080760300159455,0.04801900077025511
0.33689177998652065,1.033493099668685,637.7,41.42768209576315,273.29999999999995,0.646466189622879,0.03143547853887155,0.48736861944198606,0.04805125953928059
0.3623869924280697,1.033493099668685,634.3,41.33424671846712,276.70000000000005,0.6463017404079437,0.03146538221788515,0.49019458293914797,0.05001815587746305
0.38788220486961883,1.033493099668685,625.6,41.9231427604765,285.4,0.6477412164211274,0.030774587071855538,0.49520230293273926,0.04745395734518067
0.4133774173111679,1.033493099668685,614.8,45.06660191193788,296.20000000000005,0.6578801810741425,0.035650517854212235,0.48294041156768797,0.036754318421782645
0.43887262975271696,1.033493099668685,608.5,42.534503772378315,302.5,0.6604161977767944,0.036483426700183244,0.48509501218795775,0.03696319373347613
0.4643678421942661,1.033493099668685,601.3,45.22812255359514,309.70000000000005,0.662263959646225,0.03860287902397062,0.4863866150379181,0.03677643368293367
0.48986305463581514,1.033493099668685,596.6,44.90785567589349,314.4,0.6653621435165405,0.0378837258325235,0.483354264497757,0.03963837354126489
0.5153582670773642,1.033493099668685,592.4,45.17170322827852,318.6,0.6675618767738343,0.039480277003944096,0.48154743313789367,0.041889751017852354
0.5408534795189134,1.033493099668685,588.9,44.015543489774245,322.1,0.668565708398819,0.03883757387123663,0.4805563449859619,0.04162956231926628
0.5663486919604624,1.033493099668685,582.1,43.13608074754916,328.9,0.6703834474086762,0.03765480404372708,0.4790001273155212,0.04089878076154138
0.5918439044020115,1.033493099668685,576.0,42.38015922972725,335.0,0.6697673618793487,0.0373950358363219,0.4841539144515991,0.038857153980316486
0.6173391168435606,1.033493099668685,567.1,39.34311237635599,343.9,0.675003445148468,0.038352521828805886,0.4714733898639679,0.04444911423089453
0.6428343292851096,1.033493099668685,558.7,38.04648269263602,352.29999999999995,0.6760465800762177,0.039385972714314946,0.474436753988266,0.04237110021277423
0.6683295417266588,1.033493099668685,555.6,38.56622295947871,355.4,0.6781962931156158,0.03893364771277659,0.47022864818572996,0.039776924437639485
0.6938247541682079,1.033493099668685,549.5,37.4518168293964,361.5,0.6812414169311524,0.038139459463045706,0.4679946005344391,0.036018542758295496
0.7193199666097569,1.033493099668685,543.1,38.85448374690707,367.9,0.6808585107326508,0.03877218927045198,0.4704275786876678,0.035903388668415574
0.744815179051306,1.033493099668685,521.3,38.07636045230875,389.70000000000005,0.689119291305542,0.036284069630358934,0.4685188829898834,0.03452475381750356
0.7703103914928552,1.033493099668685,505.0,49.81313676412076,406.0,0.7002471566200257,0.04247741755220192,0.460153865814209,0.03844655188162811
0.7958056039344042,1.033493099668685,493.7,56.61025387148737,417.3,0.7033922553062439,0.04345605950244548,0.45920894742012025,0.036217221281071896
0.8213008163759533,1.033493099668685,480.3,63.22993430298646,430.7,0.7177743911743164,0.05123543049213448,0.44775782227516175,0.04026365113677712
0.8467960288175024,1.033493099668685,470.6,61.72203225531049,440.4,0.7209166944026947,0.05204645455647381,0.44739338755607605,0.03915298210547463
0.8722912412590514,1.033493099668685,453.1,58.59957437826074,457.9,0.7245161950588226,0.048978066400072795,0.44774418473243716,0.035546274827842485
0.8977864537006006,1.033493099668685,430.8,70.79407498544359,480.2,0.7251839220523835,0.053207451903492256,0.457687646150589,0.039154477345814884
0.9232816661421497,1.033493099668685,410.8,71.29109728746674,500.2,0.7368376433849335,0.05395422552795024,0.4514711320400238,0.030666693664927663
0.9487768785836987,1.033493099668685,369.2,69.71604796725661,541.8,0.7429211378097534,0.04540269956309606,0.45472480058670045,0.04333827340952224
0.9742720910252478,1.033493099668685,328.9,73.18306654120347,582.1,0.658187335729599,0.18348815162793103,0.4746218383312225,0.04759742879126878
0.9997673034667969,1.033493099668685,0.4,0.9048628651416396,910.6,-1.6572135925292968,3.7488775987193237,0.6136875569820404,0.021438242351741393
0.005454018246382475,1.058425818571346,797.6,25.598273878746387,113.39999999999998,0.612965852022171,0.025744320603102566,0.35736004114151,0.07178723494590139
0.030949230687931564,1.058425818571346,796.6,26.77300141794695,114.39999999999998,0.6129993081092835,0.025767276075900042,0.3673692286014557,0.06743280178635076
0.05644444312948065,1.058425818571346,794.4,28.296964985814366,116.60000000000002,0.6142881989479065,0.024847712564558287,0.3723633408546448,0.06585140107468807
0.08193965557102974,1.058425818571346,784.4,25.56715783113459,126.60000000000002,0.6167429029941559,0.026374940496267263,0.3987292766571045,0.08670474491187129
0.10743486801257883,1.058425818571346,777.2,28.92024387887579,133.79999999999995,0.6163907468318939,0.02775608137841434,0.42892799973487855,0.0963548155338003
0.1329300804541279,1.058425818571346,761.0,36.357525542971246,150.0,0.6205107510089874,0.029200838942138964,0.45942350625991824,0.08527040463576376
0.158425292895677,1.058425818571346,748.6,38.71925011448813,162.39999999999998,0.6281201601028442,0.02458575492803282,0.44489482045173645,0.07825757379477354
0.1839205053372261,1.058425818571346,737.9,33.343187069453954,173.10000000000002,0.6310363948345185,0.024578255702899336,0.4423864781856537,0.07685037139952941
0.20941571777877518,1.058425818571346,727.4,32.7335175006712,183.60000000000002,0.6334756493568421,0.024616434217519214,0.44656368494033816,0.06716440990673696
0.23491093022032428,1.058425818571346,716.9,35.77332928195648,194.10000000000002,0.6376529514789582,0.024211764485465248,0.43571643233299256,0.06764041789885088
0.26040614266187334,1.058425818571346,705.5,36.47034221672582,205.5,0.6390832960605621,0.025325577995483548,0.4490493893623352,0.05748767973471082
0.28590135510342246,1.058425818571346,694.5,37.868522918161176,216.5,0.6427777230739593,0.024475938701486764,0.4341283440589905,0.07386467770705572
0.3113965675449715,1.058425818571346,688.5,40.633909487676945,222.5,0.6434805452823639,0.024254585712436875,0.4359054982662201,0.0765877979016518
0.33689177998652065,1.058425818571346,683.0,41.1618681640091,228.0,0.6517386615276337,0.028665412586796515,0.4105126440525055,0.08493849857582081
0.3623869924280697,1.058425818571346,679.6,40.8710306257862,231.39999999999998,0.6514732241630554,0.028634564420511596,0.41368725895881653,0.08593744189349298
0.38788220486961883,1.058425818571346,670.9,41.148674028393856,240.10000000000002,0.6526206851005554,0.02790566810827771,0.4166098415851593,0.08659160176319233
0.4133774173111679,1.058425818571346,660.1,44.080086419299725,250.89999999999998,0.6618466258049012,0.03254813138004506,0.4002781331539154,0.07735350362043387
0.43887262975271696,1.058425818571346,653.8,41.495907799567135,257.20000000000005,0.6641186118125916,0.03345608271784414,0.401371967792511,0.07990481825494851
0.4643678421942661,1.058425818571346,646.6,43.99713141718312,264.4,0.6654942452907562,0.035000129159905434,0.40297980308532716,0.07773952973965001
0.48986305463581514,1.058425818571346,641.9,43.59238092243693,269.1,0.6682551383972168,0.03445723768570972,0.399636971950531,0.0829983359757268
0.5153582670773642,1.058425818571346,637.7,43.70389022664765,273.29999999999995,0.6701516449451447,0.0360927528047931,0.39750959277153014,0.08525280634934716
0.5408534795189134,1.058425818571346,634.2,42.515182836288126,276.79999999999995,0.6710376918315888,0.03554986212950871,0.3959265649318695,0.08437646224447473
0.5663486919604624,1.058425818571346,627.4,41.43886646233158,283.6,0.672590172290802,0.03435432457397888,0.3938314378261566,0.08185792509042118
0.5918439044020115,1.058425818571346,621.3,40.31191145682269,289.70000000000005,0.6718070387840271,0.0340327992132935,0.3994245707988739,0.07900841501494722
0.6173391168435606,1.058425818571346,612.4,37.44414911397179,298.6,0.6766018152236939,0.03471297348349768,0.38415985703468325,0.08760085675450821
0.6428343292851096,1.058425818571346,604.0,36.11745639587137,307.0,0.6774014234542847,0.0356057026453326,0.388093364238739,0.08657662982917332
0.6683295417266588,1.058425818571346,600.7,36.55101237502179,310.29999999999995,0.6793473362922668,0.03511275068535532,0.38384451270103453,0.08346106073488818
0.6938247541682079,1.058425818571346,594.6,35.27353583015062,316.4,0.6822181463241577,0.034517058750815705,0.3837871074676514,0.07725738673045522
0.7193199666097569,1.058425818571346,588.0,36.39191505846051,323.0,0.6817140519618988,0.035055090417162045,0.38689940571784975,0.0770918525306515
0.744815179051306,1.058425818571346,566.0,36.32936445351096,345.0,0.6889185667037964,0.033011139133813275,0.3848859965801239,0.07505626531844267
0.7703103914928552,1.058425818571346,549.7,49.93062524441733,361.29999999999995,0.6990843772888183,0.03984558257824558,0.3759024262428284,0.07374860060489451
0.7958056039344042,1.058425818571346,538.3,57.59602984618122,372.70000000000005,0.7017083585262298,0.04059457562698261,0.37529197335243225,0.07181867664883936
0.8213008163759533,1.058425818571346,524.9,64.03183601262205,386.1,0.7147467613220215,0.048257498867216725,0.36516910791397095,0.07714633691806176
0.8467960288175024,1.058425818571346,513.8,64.61027821659329,397.20000000000005,0.7180902838706971,0.05008840378638457,0.36734392046928405,0.07590081937849741
0.8722912412590514,1.058425818571346,496.1,62.05667902582273,414.9,0.7211207211017608,0.047513987659499796,0.3696981489658356,0.07298038696647498
0.8977864537006006,1.058425818571346,473.5,73.1269493177923,437.5,0.7207992792129516,0.051462098334747165,0.38307316303253175,0.07741410095451152
0.9232816661421497,1.058425818571346,452.6,76.24375790355835,458.4,0.7317884683609008,0.05216925537665775,0.3786163866519928,0.06641779702715307
0.9487768785836987,1.058425818571346,410.2,78.18676086386591,500.8,0.7355513870716095,0.04250026732765544,0.38497915863990784,0.07819766736097408
0.9742720910252478,1.058425818571346,365.6,83.88181251794377,545.4,0.6509439051151276,0.1810742763821534,0.4171109557151794,0.07544675674568012
0.9997673034667969,1.058425818571346,0.4,0.9048628651416396,910.6,-1.6572135925292968,3.7488775987193237,0.6136875569820404,0.021438242351741393
0.005454018246382475,1.0833585374740071,836.2,26.08149378611271,74.79999999999995,0.614616721868515,0.02340452259797137,0.29011896848678587,0.13312892442354307
0.030949230687931564,1.0833585374740071,835.2,27.33125265148347,75.79999999999995,0.6146331667900086,0.023413258170217024,0.300396603345871,0.1376595346345231
0.05644444312948065,1.0833585374740071,833.0,29.22767751492647,78.0,0.615869802236557,0.022397701597093613,0.3158617615699768,0.12426750722884791
0.08193965557102974,1.0833585374740071,823.0,27.41890430573114,88.0,0.6181087613105773,0.02388112985939563,0.34746955037117006,0.11256080500735753
0.10743486801257883,1.0833585374740071,815.8,30.961725270359697,95.20000000000005,0.6176468074321747,0.02511099352170565,0.3756795942783356,0.1258722587822481
0.1329300804541279,1.0833585374740071,799.6,39.38464056872161,111.39999999999998,0.6212995529174805,0.026972185638799915,0.40178804397583007,0.10711571019769768
0.158425292895677,1.0833585374740071,787.2,41.41635742158182,123.79999999999995,0.6284977853298187,0.022292689915495628,0.36995925307273864,0.10088752965124965
0.1839205053372261,1.0833585374740071,776.5,36.60883571575779,134.5,0.6311928510665894,0.022401019934094227,0.36282181143760683,0.10386433553445225
0.20941571777877518,1.0833585374740071,766.0,34.401651701790286,145.0,0.6332792639732361,0.02269036433780013,0.3618288278579712,0.09471479708721144
0.23491093022032428,1.0833585374740071,755.5,36.04062784172555,155.5,0.6371004939079284,0.022618956348951388,0.34771612882614134,0.11002374260159554
0.26040614266187334,1.0833585374740071,744.1,36.31911152742781,166.89999999999998,0.6382526576519012,0.02363024116697478,0.35832293033599855,0.10834179955906523
0.28590135510342246,1.0833585374740071,733.1,37.41566612539569,177.89999999999998,0.6416307806968689,0.023022326230743094,0.34045414328575135,0.1275682611176235
0.3113965675449715,1.0833585374740071,727.1,38.69611421277312,183.89999999999998,0.6421063601970672,0.022818731115636252,0.34177265763282777,0.1310277006168729
0.33689177998652065,1.0833585374740071,721.6,39.459641417040594,189.39999999999998,0.6499727129936218,0.027134279687844768,0.3172261893749237,0.14022043479631877
0.3623869924280697,1.0833585374740071,718.2,39.23073044257211,192.79999999999995,0.649661910533905,0.02710593680859896,0.3212637186050415,0.13838036756863184
0.38788220486961883,1.0833585374740071,709.5,38.009401653601714,201.5,0.6505895793437958,0.02636895208539232,0.3219453454017639,0.13976645972363164
0.4133774173111679,1.0833585374740071,698.7,38.88461802116807,212.29999999999995,0.659236627817154,0.030532110732353897,0.30108585953712463,0.1305673139705513
0.43887262975271696,1.0833585374740071,692.4,34.92524509320163,218.60000000000002,0.661306482553482,0.031360963048479566,0.3030915081501007,0.13254153541804167
0.4643678421942661,1.0833585374740071,685.0,37.293208202089936,226.0,0.6625804960727691,0.0327213463591729,0.3048523426055908,0.1279908918874815
0.48986305463581514,1.0833585374740071,678.1,35.56450335418093,232.89999999999998,0.6661331355571747,0.03195502676180101,0.2987951397895813,0.12994379280093216
0.5153582670773642,1.0833585374740071,673.9,36.05198513300586,237.10000000000002,0.6679140388965606,0.033566551120027585,0.2971238911151886,0.12966908376159877
0.5408534795189134,1.0833585374740071,670.4,34.61125101313938,240.60000000000002,0.668711918592453,0.03301787901758141,0.2944607973098755,0.12943137422588893
0.5663486919604624,1.0833585374740071,663.6,33.57896120027259,247.39999999999998,0.6700788855552673,0.03174264373842386,0.2918905019760132,0.12828873795825477
0.5918439044020115,1.0833585374740071,657.5,32.81514356128191,253.5,0.6692112386226654,0.031395007150733636,0.2984883964061737,0.1260577656687381
0.6173391168435606,1.0833585374740071,648.6,31.38380168922624,262.4,0.6738642990589142,0.03235232438018288,0.28309614658355714,0.12601956337477974
0.6428343292851096,1.0833585374740071,640.2,30.9470302244334,270.79999999999995,0.6745289862155914,0.033269566956850606,0.2906073033809662,0.12264497875763473
0.6683295417266588,1.0833585374740071,636.6,31.470645377877073,274.4,0.676384687423706,0.032875815546214486,0.2876473903656006,0.12045720336942416
0.6938247541682079,1.0833585374740071,630.5,31.231335199823516,280.5,0.6791580796241761,0.0323383877517652,0.2900654852390289,0.11563620936451574
0.7193199666097569,1.0833585374740071,623.9,32.27212080951801,287.1,0.6785853028297424,0.03287556824406385,0.2942913413047791,0.11548209896176859
0.744815179051306,1.0833585374740071,601.9,33.93813801873907,309.1,0.6851581275463104,0.03137587975803951,0.2952503502368927,0.11809125057257829
0.7703103914928552,1.0833585374740071,585.6,50.160299373914725,325.4,0.6946431756019592,0.03858722356627138,0.28587684631347654,0.1153152731132141
0.7958056039344042,1.0833585374740071,574.2,58.00010977197397,336.79999999999995,0.69691703915596,0.0391486455624467,0.28611320853233335,0.1131931024790964
0.8213008163759533,1.0833585374740071,560.8,64.24402435988873,350.20000000000005,0.709116530418396,0.046681448316993016,0.2804889500141144,0.11752827703666453
0.8467960288175024,1.0833585374740071,548.3,67.79350335689473,362.70000000000005,0.7125405967235565,0.04901214289584206,0.2873277306556702,0.11779767435230645
0.8722912412590514,1.0833585374740071,530.6,65.14611153572979,380.4,0.715082323551178,0.04653147483772882,0.2927755296230316,0.11384661092973103
0.8977864537006006,1.0833585374740071,508.0,74.58870336062745,403.0,0.7140155851840972,0.050691546324530184,0.3096830129623413,0.11812794405183649
0.9232816661421497,1.0833585374740071,486.3,80.12710543194044,424.7,0.7245367467403412,0.051048004984519044,0.30796661376953127,0.10649259796175246
0.9487768785836987,1.0833585374740071,443.9,83.16924375849753,467.1,0.7269026875495911,0.04067928516925133,0.3224663197994232,0.11353240562216381
0.9742720910252478,1.0833585374740071,392.4,91.94876598660224,518.6,0.6443657040596008,0.17906237948781908,0.36997092962265016,0.10074972030762733
0.9997673034667969,1.0833585374740071,0.4,0.9048628651416396,910.6,-1.6572135925292968,3.7488775987193237,0.6136875569820404,0.021438242351741393
0.005454018246382475,1.1082912563766683,861.0,21.199469110960052,50.0,0.6157092869281768,0.022652790722105822,0.2724723756313324,0.12377934867046249
0.030949230687931564,1.1082912563766683,860.0,22.913764990105534,51.0,0.6157183825969696,0.022660196688999844,0.2837780714035034,0.1277394083931877
0.05644444312948065,1.1082912563766683,857.8,24.9357725322202,53.200000000000045,0.6168435335159301,0.02213312464140325,0.2853250801563263,0.1317686061372736
0.08193965557102974,1.1082912563766683,847.8,25.10394307329149,63.200000000000045,0.619004738330841,0.023658420214458003,0.32040687203407286,0.10183282320998752
0.10743486801257883,1.1082912563766683,840.6,29.042668122169708,70.39999999999998,0.6185286164283752,0.024854762246720303,0.3568148612976074,0.11564798500033445
0.1329300804541279,1.1082912563766683,824.4,37.21567482622315,86.60000000000002,0.6220498383045197,0.026153739291774,0.3944256782531738,0.13324406268765543
0.158425292895677,1.1082912563766683,812.0,40.091200471557094,99.0,0.6287204444408416,0.022542620217086595,0.3301805555820465,0.11836916105762105
0.1839205053372261,1.1082912563766683,801.3,35.775872292878226,109.70000000000005,0.6313014209270478,0.022367965665497258,0.3142156064510345,0.10357148615477013
0.20941571777877518,1.1082912563766683,790.8,34.2721579997541,120.20000000000005,0.6332160174846649,0.022923234929376694,0.3091567814350128,0.10046503533871359
0.23491093022032428,1.1082912563766683,780.3,36.115960785462256,130.70000000000005,0.6369146525859832,0.02256587457452429,0.29529097080230715,0.11889731319754021
0.26040614266187334,1.1082912563766683,768.9,35.53091329836319,142.10000000000002,0.63788400888443,0.02353073958607889,0.30275499224662783,0.11546504372141375
0.28590135510342246,1.1082912563766683,757.9,35.90501030454674,153.10000000000002,0.6411665380001068,0.0222224913725011,0.2828654766082764,0.13360994261092668
0.3113965675449715,1.1082912563766683,751.9,37.44301021043665,159.10000000000002,0.6415639519691467,0.022009282883742966,0.2849522173404694,0.13475193114926673
0.33689177998652065,1.1082912563766683,746.4,38.91261026344393,164.60000000000002,0.6493094503879547,0.026347045204844936,0.2612803101539612,0.140478590324224
0.3623869924280697,1.1082912563766683,743.0,39.033410954832966,168.0,0.6489774882793427,0.02621545651135519,0.26492245197296144,0.13912481231518864
0.38788220486961883,1.1082912563766683,734.3,37.80360256873708,176.70000000000005,0.6497754096984864,0.025558417396185265,0.2671990394592285,0.1385970684493197
0.4133774173111679,1.1082912563766683,723.5,38.09755943762587,187.5,0.6580559492111206,0.029656198718810013,0.2446003496646881,0.12828312918789853
0.43887262975271696,1.1082912563766683,717.2,33.868286283804245,193.79999999999995,0.6600618243217469,0.030565083556552974,0.24885541200637817,0.12920661621366106
0.4643678421942661,1.1082912563766683,707.7,34.44963246219477,203.29999999999995,0.6612653136253357,0.03191333008521568,0.2571340799331665,0.1255648065994688
0.48986305463581514,1.1082912563766683,700.8,33.51387512157135,210.20000000000005,0.6646595299243927,0.03126491280377434,0.25055646896362305,0.1259181975932551
0.5153582670773642,1.1082912563766683,696.6,34.084836137004004,214.39999999999998,0.6663717925548553,0.0327325261366307,0.24855803251266478,0.12557141010878858
0.5408534795189134,1.1082912563766683,693.1,32.12201217994436,217.89999999999998,0.6671251475811004,0.03212639344699809,0.24568856954574586,0.12679684789355367
0.5663486919604624,1.1082912563766683,686.3,30.353863497958894,224.70000000000005,0.6683925747871399,0.030888181046891918,0.24416350722312927,0.12610704724524893
0.5918439044020115,1.1082912563766683,680.2,30.362759994865915,230.79999999999995,0.6674954295158386,0.03055057890103897,0.2509755611419678,0.12434069402687657
0.6173391168435606,1.1082912563766683,671.3,29.458366892013142,239.70000000000005,0.6719775199890137,0.03106322338576468,0.2346422016620636,0.12242686723777231
0.6428343292851096,1.1082912563766683,662.9,28.583360093805624,248.10000000000002,0.6724852561950684,0.03221016204970995,0.24241841435432435,0.1182193048095982
0.6683295417266588,1.1082912563766683,659.3,28.928598510236093,251.70000000000005,0.6742092311382294,0.03199925475688589,0.2392396628856659,0.11467239055462332
0.6938247541682079,1.1082912563766683,652.5,29.136588160523207,258.5,0.6766871809959412,0.03169491449123784,0.2423989951610565,0.1102011410181299
0.7193199666097569,1.1082912563766683,645.9,30.032591758638894,265.1,0.6760449111461639,0.032286834668824156,0.246865850687027,0.10984449267143018
0.744815179051306,1.1082912563766683,623.9,34.392477365808624,287.1,0.682345050573349,0.03090065696895721,0.24938223958015443,0.11364331198241742
0.7703103914928552,1.1082912563766683,607.6,51.50702194913581,303.4,0.691573691368103,0.038420562586443364,0.24002031683921815,0.10960347626867833
0.7958056039344042,1.1082912563766683,596.2,58.99735950220602,314.79999999999995,0.6936186492443085,0.03901719807234721,0.24060913324356079,0.10774286847508557
0.8213008163759533,1.1082912563766683,582.6,65.88381439156406,328.4,0.7057060122489929,0.04713956051071084,0.2357745885848999,0.11075864933255182
0.8467960288175024,1.1082912563766683,570.1,69.59985233051619,340.9,0.7089620888233185,0.04948753266045152,0.2442362666130066,0.11232801975369672
0.8722912412590514,1.1082912563766683,552.4,67.32484438813685,358.6,0.7112845063209534,0.04706579700047229,0.2518478870391846,0.10936866993383244
0.8977864537006006,1.1082912563766683,529.8,75.19138788278356,381.20000000000005,0.7097389936447144,0.05145407452789327,0.2708548128604889,0.11351804699287477
0.9232816661421497,1.1082912563766683,508.1,80.86201996723948,402.9,0.7196537256240845,0.052716950137202054,0.2705401599407196,0.10348899718250681
0.9487768785836987,1.1082912563766683,465.7,85.06302522009197,445.3,0.721370005607605,0.04290948431338389,0.2891483664512634,0.11002841566955336
0.9742720910252478,1.1082912563766683,410.7,94.1467246056019,500.3,0.6398802876472474,0.17853980387476912,0.3443470776081085,0.09881832767128373
0.9997673034667969,1.1082912563766683,0.4,0.9048628651416396,910.6,-1.6572135925292968,3.7488775987193237,0.6136875569820404,0.021438242351741393
0.005454018246382475,1.1332239752793294,879.5,16.303059046685373,31.5,0.6173994600772857,0.023676194827967935,0.1849327027797699,0.1420762090622088
0.030949230687931564,1.1332239752793294,878.5,17.803462713029475,32.5,0.6173916637897492,0.023668814534778045,0.1976795494556427,0.14826228396177077
0.05644444312948065,1.1332239752793294,876.3,19.4482668154998,34.700000000000045,0.6184712707996368,0.0232355717340338,0.20166056156158446,0.13679428586885214
0.08193965557102974,1.1332239752793294,866.3,20.886162224321186,44.700000000000045,0.6205472350120544,0.02466661681559488,0.22240718007087706,0.12365072090345314
0.10743486801257883,1.1332239752793294,859.1,24.864184304097112,51.89999999999998,0.6200063347816467,0.025819227106533373,0.2020942747592926,0.23684224764883044
0.1329300804541279,1.1332239752793294,842.9,33.192783129635366,68.10000000000002,0.623318362236023,0.026897229701974168,0.2514485538005829,0.20531293321393856
0.158425292895677,1.1332239752793294,830.5,36.032738727752715,80.5,0.6297941148281098,0.023328450177858923,0.21995558142662047,0.16629026052444681
0.1839205053372261,1.1332239752793294,819.8,32.337859951124955,91.20000000000005,0.6323170185089111,0.023214001950109697,0.20938259959220887,0.116772813942327
0.20941571777877518,1.1332239752793294,809.3,31.91886922830475,101.70000000000005,0.6341844618320465,0.023800478203437694,0.20410231351852418,0.10410598505834494
0.23491093022032428,1.1332239752793294,798.8,34.92947772615425,112.20000000000005,0.6378314912319183,0.02333808764333836,0.19647690653800964,0.10848345924708921
0.26040614266187334,1.1332239752793294,787.4,33.82359960714283,123.60000000000002,0.6386547029018402,0.02443817241929021,0.21082401871681214,0.10660256453159223
0.28590135510342246,1.1332239752793294,776.4,34.004669421345625,134.60000000000002,0.6418353378772735,0.023077042085841687,0.19654661417007446,0.12132677297640658
0.3113965675449715,1.1332239752793294,770.4,36.092573977167774,140.60000000000002,0.6422102928161622,0.022820821222195732,0.19948674440383912,0.11899828323106396
0.33689177998652065,1.1332239752793294,764.9,38.156019445548715,146.10000000000002,0.6498659610748291,0.026910650038697182,0.1759044945240021,0.1210980552275959
0.3623869924280697,1.1332239752793294,761.5,38.35785265389568,149.5,0.6495170712471008,0.026762830389101086,0.17940425276756286,0.11916375790641039
0.38788220486961883,1.1332239752793294,752.8,36.77859117727381,158.20000000000005,0.6502345442771912,0.026017040733288792,0.18159732818603516,0.11822446589508888
0.4133774173111679,1.1332239752793294,742.0,36.55249018452256,169.0,0.6581890404224395,0.030314074504488277,0.16404352188110352,0.11673493343510559
0.43887262975271696,1.1332239752793294,735.7,32.325989280517824,175.29999999999995,0.6601242780685425,0.03118882639777817,0.16908276677131653,0.11922632662003226
0.4643678421942661,1.1332239752793294,725.7,33.10289981643165,185.29999999999995,0.6613403379917144,0.032471973458224064,0.17827031016349792,0.11729299863896712
0.48986305463581514,1.1332239752793294,718.8,32.569127932828714,192.20000000000005,0.664682823419571,0.031816516886999,0.17273884415626525,0.11543835338584603
0.5153582670773642,1.1332239752793294,714.6,33.28985438805866,196.39999999999998,0.6663343071937561,0.03325930075844421,0.17097041010856628,0.11675923696517694
0.5408534795189134,1.1332239752793294,711.1,31.072906029319583,199.89999999999998,0.6670580327510833,0.03266327926224174,0.17007456421852113,0.11870887071631957
0.5663486919604624,1.1332239752793294,704.3,29.206367625217826,206.70000000000005,0.6682745754718781,0.03146562075541274,0.17182842493057252,0.11569465787437644
0.5918439044020115,1.1332239752793294,698.2,30.0048426821651,212.79999999999995,0.667364239692688,0.031142558793659885,0.17885710597038268,0.11548511959322873
0.6173391168435606,1.1332239752793294,689.3,28.95806617811782,221.70000000000005,0.6717426896095275,0.03147027917163478,0.16326857805252076,0.11015874755254973
0.6428343292851096,1.1332239752793294,680.9,28.44776937138753,230.10000000000002,0.6722167193889618,0.032630147495644996,0.1718386232852936,0.10630776191872296
0.6683295417266588,1.1332239752793294,677.3,28.89319763810598,233.70000000000005,0.6739115536212921,0.03241669344939809,0.168897408246994,0.10075025382188077
0.6938247541682079,1.1332239752793294,670.5,29.435582136875304,240.5,0.6763272643089294,0.03213644770602878,0.1738988995552063,0.09785221255141083
0.7193199666097569,1.1332239752793294,663.8,30.816304623778716,247.20000000000005,0.675655871629715,0.032730426683304156,0.17871733903884887,0.09813257011556285
0.744815179051306,1.1332239752793294,641.0,37.47723811973905,270.0,0.6819273352622985,0.03134540620235865,0.1881040573120117,0.09913117369709892
0.7703103914928552,1.1332239752793294,624.7,54.834749769242464,286.29999999999995,0.6910590827465057,0.03873107731501872,0.17968739867210387,0.09270984931901541
0.7958056039344042,1.1332239752793294,613.3,62.058145010264646,297.70000000000005,0.6929827988147735,0.039329383125561994,0.18166189193725585,0.09120463975489927
0.8213008163759533,1.1332239752793294,599.6,69.20393585167953,311.4,0.7050528943538665,0.04741300879284423,0.18098198771476745,0.0904491507783669
0.8467960288175024,1.1332239752793294,587.1,73.0991079036094,323.9,0.7082320570945739,0.0497621091696514,0.19234036803245544,0.09390924452662346
0.8722912412590514,1.1332239752793294,569.4,70.9291994368668,341.6,0.7103982210159302,0.04739132043932621,0.203419828414917,0.09096272688792768
0.8977864537006006,1.1332239752793294,546.8,77.99089154002085,364.20000000000005,0.7085738718509674,0.0517135474201898,0.22723605036735534,0.0945979184393039
0.9232816661421497,1.1332239752793294,525.1,83.40409128805086,385.9,0.7178394198417664,0.05295100341099689,0.22885327339172362,0.09077646574898507
0.9487768785836987,1.1332239752793294,482.7,87.67722857842274,428.3,0.718967217206955,0.0428864746725245,0.2507801830768585,0.10142822199597172
0.9742720910252478,1.1332239752793294,427.4,95.8715858411625,483.6,0.6368712186813354,0.177594672085714,0.31654204726219176,0.09503493251759568
0.9997673034667969,1.1332239752793294,0.4,0.9048628651416396,910.6,-1.6572135925292968,3.7488775987193237,0.6136875569820404,0.021438242351741393
0.005454018246382475,1.1581566941819905,887.2,15.297416760577981,23.799999999999955,0.6174147963523865,0.022855717655470502,-3.762314057350159,8.765635638745486
0.030949230687931564,1.1581566941819905,886.2,16.63980236642116,24.799999999999955,0.6174022853374481,0.02284284010454266,-3.748347747325897,8.769279698219183
0.05644444312948065,1.1581566941819905,884.0,17.84732251160465,27.0,0.6184509336948395,0.022602906929617462,-3.761821871995926,8.765810066334252
0.08193965557102974,1.1581566941819905,874.0,19.09405970709998,37.0,0.6204854309558868,0.024027980320882495,-3.687678116559982,8.783005267746368
0.10743486801257883,1.1581566941819905,866.6,23.074988729454645,44.39999999999998,0.6199169039726258,0.025157365591630662,-3.6926691830158234,8.783770712711128
0.1329300804541279,1.1581566941819905,850.4,30.894438274441505,60.60000000000002,0.6231783926486969,0.025839262330181804,0.2151026487350464,0.197769979816958
0.158425292895677,1.1581566941819905,838.0,33.863585200032944,73.0,0.6295419812202454,0.022831066637100425,0.180634742975235,0.1533522705611935
0.1839205053372261,1.1581566941819905,827.3,30.720671743659118,83.70000000000005,0.6320460855960846,0.02261506279441314,0.16089168787002564,0.10612014226382963
0.20941571777877518,1.1581566941819905,816.8,31.08818172171525,94.20000000000005,0.6338855624198914,0.023280087416816364,0.1533319592475891,0.09924891903234805
0.23491093022032428,1.1581566941819905,806.3,34.59457253440052,104.70000000000005,0.637519121170044,0.022724779895098315,0.14671652317047118,0.09621091825368785
0.26040614266187334,1.1581566941819905,794.9,33.07609347922605,116.10000000000002,0.6382652878761291,0.023609113557915215,0.16601676344871522,0.09548379636770951
0.28590135510342246,1.1581566941819905,783.9,33.12419194282068,127.10000000000002,0.6414294123649598,0.021937349675033583,0.15607395768165588,0.104422985866734
0.3113965675449715,1.1581566941819905,777.9,35.583683435493306,133.10000000000002,0.6417908310890198,0.021710578671291777,0.15854865312576294,0.10269153939555693
0.33689177998652065,1.1581566941819905,772.4,37.80683619435024,138.60000000000002,0.6494080483913421,0.025929833613384266,0.13820286989212036,0.10849297501679633
0.3623869924280697,1.1581566941819905,769.0,37.962624978975946,142.0,0.6490478932857513,0.025786257789118593,0.14180989265441896,0.103425319557911
0.38788220486961883,1.1581566941819905,760.3,36.07658033185359,150.70000000000005,0.6497120082378387,0.025082126935794816,0.1448783278465271,0.10533351662425916
0.4133774173111679,1.1581566941819905,749.5,35.5225908544464,161.5,0.6575351476669311,0.028949333788593743,0.13003447651863098,0.10301745147580049
0.43887262975271696,1.1581566941819905,743.2,31.215947411670925,167.79999999999995,0.6594462275505066,0.029827241775890818,0.13321149349212646,0.10799888648457892
0.4643678421942661,1.1581566941819905,733.2,31.9451337150633,177.79999999999995,0.6606350362300872,0.03118112399897706,0.14117772579193116,0.10703547185610415
0.48986305463581514,1.1581566941819905,726.3,31.35271483631769,184.70000000000005,0.6639354646205902,0.030652969205635375,0.13498780727386475,0.10448428601859075
0.5153582670773642,1.1581566941819905,722.1,32.12909184043507,188.89999999999998,0.6655660331249237,0.032037816319175426,0.13380277156829834,0.10604054726059914
0.5408534795189134,1.1581566941819905,718.6,30.09075318118824,192.39999999999998,0.6662820339202881,0.03138454064019895,0.1331022024154663,0.10765358218656164
0.5663486919604624,1.1581566941819905,711.1,28.42377445378781,199.89999999999998,0.667677241563797,0.030099101792224546,0.132710862159729,0.10296174484721596
0.5918439044020115,1.1581566941819905,705.0,29.67174587157068,206.0,0.6667611539363861,0.029746335617825283,0.13975812792778014,0.10350904997978394
0.6173391168435606,1.1581566941819905,696.1,28.811215859929035,214.89999999999998,0.6711115837097168,0.030116993369912994,0.12447896599769592,0.09331492247337485
0.6428343292851096,1.1581566941819905,687.7,28.7056364620692,223.29999999999995,0.6715607404708862,0.031424599128691666,0.13333075046539306,0.09291140844386916
0.6683295417266588,1.1581566941819905,684.1,29.28491347922703,226.89999999999998,0.6732324957847595,0.031308749964013345,0.13011953234672546,0.08763834131317984
0.6938247541682079,1.1581566941819905,677.3,30.086690265959522,233.70000000000005,0.6756015837192535,0.031109336082076777,0.13594213724136353,0.08826256703442209
0.7193199666097569,1.1581566941819905,670.6,31.657989458715832,240.39999999999998,0.674916559457779,0.03171926072027296,0.1408177375793457,0.08992474482373945
0.744815179051306,1.1581566941819905,647.8,38.550886834850054,263.20000000000005,0.6810757637023925,0.030306223877931294,0.15329810380935668,0.09271377131424327
0.7703103914928552,1.1581566941819905,631.5,56.023859629751705,279.5,0.6901647090911865,0.03805015296500046,0.1468253254890442,0.0843630837507105
0.7958056039344042,1.1581566941819905,620.1,63.102472070968076,290.9,0.6920260190963745,0.038625925238422384,0.14947420954704285,0.08287294963382984
0.8213008163759533,1.1581566941819905,606.4,70.24693117283111,304.6,0.7039649546146393,0.04695102217560458,0.15385543704032897,0.07986515440288602
0.8467960288175024,1.1581566941819905,593.9,74.2888570063691,317.1,0.7071024298667907,0.0492932945161302,0.16581157445907593,0.08602267106939034
0.8722912412590514,1.1581566941819905,576.2,72.29769984088641,334.79999999999995,0.709208607673645,0.046892697047946984,0.17774391770362855,0.08458094830215274
0.8977864537006006,1.1581566941819905,553.6,79.18713379640302,357.4,0.7071603059768676,0.05135637051798088,0.20255953073501587,0.09113699993714562
0.9232816661421497,1.1581566941819905,531.9,84.36592739675329,379.1,0.7162258803844452,0.05255410473905892,0.20728482604026793,0.08973869837849972
0.9487768785836987,1.1581566941819905,489.5,88.62297224733891,421.5,0.7171005249023438,0.04227722050452138,0.231792676448822,0.10092653489174022
0.9742720910252478,1.1581566941819905,434.2,96.38004889323302,476.8,0.6345446407794952,0.17671914150777113,0.3011475563049316,0.10029875803323446
0.9997673034667969,1.1581566941819905,0.4,0.9048628651416396,910.6,-1.6572135925292968,3.7488775987193237,0.6136875569820404,0.021438242351741393
0.005454018246382475,1.1830894130846517,895.9,13.380765321178895,15.100000000000023,0.6162055611610413,0.022392525749902227,-0.19792065024375916,0.4595466942013975
0.030949230687931564,1.1830894130846517,894.9,14.654441196646635,16.100000000000023,0.6161879897117615,0.022375407044585564,-0.18449409008026124,0.46831030128684803
0.05644444312948065,1.1830894130846517,892.7,15.589201081154881,18.299999999999955,0.6172247707843781,0.022166694606481806,-0.15884454250335694,0.4729180472245583
0.08193965557102974,1.1830894130846517,882.7,17.16541920973151,28.299999999999955,0.6192054450511932,0.023519301984987473,-0.06799364686012269,0.41218681953714015
0.10743486801257883,1.1830894130846517,875.3,21.04346631376641,35.700000000000045,0.6186084866523742,0.0246335821311357,-0.06801229119300842,0.44382185356413756
0.1329300804541279,1.1830894130846517,859.1,28.375723747317753,51.89999999999998,0.6217869937419891,0.02508675983790167,-0.059264767169952395,0.4720508423224368
0.158425292895677,1.1830894130846517,846.7,31.45591694172595,64.29999999999995,0.6280923962593079,0.022255533613349004,-0.06576570868492126,0.40848579093761445
0.1839205053372261,1.1830894130846517,836.0,28.80835411432728,75.0,0.6305854737758636,0.022141563182278525,-0.0696938157081604,0.392309148594738
0.20941571777877518,1.1830894130846517,825.5,29.66264212463149,85.5,0.6324010848999023,0.02284029060137121,-0.07423470616340637,0.3902734496075343
0.23491093022032428,1.1830894130846517,815.0,33.3168300621246,96.0,0.6360069572925567,0.022227970120774578,-0.07637782096862793,0.38746095801025265
0.26040614266187334,1.1830894130846517,803.6,32.12687961412209,107.39999999999998,0.6367285490036011,0.023153417502169506,-0.05048931241035461,0.39220064289491935
0.28590135510342246,1.1830894130846517,792.6,32.62564313429191,118.39999999999998,0.6398749887943268,0.02144760533766158,-0.05806650519371033,0.3915770746809408
0.3113965675449715,1.1830894130846517,786.6,35.25418701307784,124.39999999999998,0.640214717388153,0.021197231367483502,-0.05541447401046753,0.3919465424483387
0.33689177998652065,1.1830894130846517,781.1,37.60514521563364,129.89999999999998,0.6477897942066193,0.025276975083277694,-0.07405970692634582,0.38793365513659833
0.3623869924280697,1.1830894130846517,777.7,37.853204543296236,133.29999999999995,0.6474198579788208,0.025177629165903218,-0.07045238018035889,0.3875781723677611
0.38788220486961883,1.1830894130846517,769.0,35.945448744400586,142.0,0.6480575799942017,0.024443579872365458,0.09419231414794922,0.0936109229564381
0.4133774173111679,1.1830894130846517,758.2,35.197046031306336,152.79999999999995,0.6558449625968933,0.028598452134541534,0.0820846676826477,0.09294650598661532
0.43887262975271696,1.1830894130846517,751.9,30.548801824638723,159.10000000000002,0.6577315270900727,0.029420384005550523,0.09758482575416565,0.09630679108215788
0.4643678421942661,1.1830894130846517,741.9,30.863595432682715,169.10000000000002,0.658895856142044,0.030759174406175278,0.11128154397010803,0.09971527687687741
0.48986305463581514,1.1830894130846517,735.0,29.99005795553539,176.0,0.6621636092662812,0.030334828322430785,0.10663583874702454,0.09931366990420205
0.5153582670773642,1.1830894130846517,729.7,30.52757599799874,181.29999999999995,0.6638445496559143,0.0317831211461898,0.10854886770248413,0.10338953322147212
0.5408534795189134,1.1830894130846517,726.2,28.73088028499686,184.79999999999995,0.664558219909668,0.03115442969408843,0.10788213014602661,0.10465382938053412
0.5663486919604624,1.1830894130846517,718.4,27.340404808672858,192.60000000000002,0.666047215461731,0.029837741282989928,0.10843784213066102,0.10094148102033494
0.5918439044020115,1.1830894130846517,712.3,28.928598510236093,198.70000000000005,0.6651255667209626,0.02947568894900388,0.11557247042655945,0.10189722779711377
0.6173391168435606,1.1830894130846517,703.4,27.9817451797829,207.60000000000002,0.6694459319114685,0.029984704918825378,0.10108638405799866,0.09069035680242792
0.6428343292851096,1.1830894130846517,695.0,28.03006556399539,216.0,0.6698786079883575,0.031329731583491074,0.11074162721633911,0.09098407743468423
0.6683295417266588,1.1830894130846517,691.4,28.703952751179063,219.60000000000002,0.6715413987636566,0.03125464964459732,0.10752308368682861,0.08604293362694493
0.6938247541682079,1.1830894130846517,684.6,29.844094171646535,226.39999999999998,0.6738953113555908,0.031158343668461232,0.11406433582305908,0.08789719143746097
0.7193199666097569,1.1830894130846517,677.9,31.362506440190483,233.10000000000002,0.673201996088028,0.03176139101147107,0.1193105161190033,0.09000575612371489
0.744815179051306,1.1830894130846517,655.1,39.19107036545255,255.89999999999998,0.6793069005012512,0.030461137017603813,0.13448110818862916,0.09344607114072537
0.7703103914928552,1.1830894130846517,638.8,57.037272260545166,272.20000000000005,0.6883826553821564,0.038432907763833374,0.12905122041702272,0.08368228536374642
0.7958056039344042,1.1830894130846517,627.4,64.05025911275382,283.6,0.6902257025241851,0.03903123225188044,0.13205940127372742,0.08265751659567881
0.8213008163759533,1.1830894130846517,613.7,71.3614479551726,297.29999999999995,0.7020954430103302,0.04720111158281475,0.13788108229637147,0.07953702724277073
0.8467960288175024,1.1830894130846517,601.2,75.51434661055696,309.79999999999995,0.7052064538002014,0.04954542226531416,0.15035079717636107,0.08703203351427004
0.8722912412590514,1.1830894130846517,583.5,73.78798508623132,327.5,0.7072568416595459,0.04719458254274346,0.16273016929626466,0.08600716005964582
0.8977864537006006,1.1830894130846517,560.9,81.19743810918594,350.1,0.7051881968975067,0.051533801033574876,0.18811917304992676,0.09357795025326618
0.9232816661421497,1.1830894130846517,539.2,86.10987733631559,371.79999999999995,0.7141227304935456,0.05234909868243216,0.19514384865760803,0.09211586765370433
0.9487768785836987,1.1830894130846517,496.8,90.2735192683991,414.2,0.7147743344306946,0.041545919689132516,0.22211043834686278,0.1019806074674529
0.9742720910252478,1.1830894130846517,441.5,98.11218414728565,469.5,0.6320834457874298,0.17587901851791357,0.2943192899227142,0.10185279327025887
0.9997673034667969,1.1830894130846517,0.4,0.9048628651416396,910.6,-1.6572135925292968,3.7488775987193237,0.6136875569820404,0.021438242351741393
0.005454018246382475,1.2080221319873128,906.0,7.479956438510168,5.0,0.6145256400108338,0.02207985716361122,-0.18838043808937072,0.4934319635202606
0.030949230687931564,1.2080221319873128,905.0,9.520191359506883,6.0,0.6145049691200256,0.022060402096117385,-0.17388126254081726,0.5030580810746217
0.05644444312948065,1.2080221319873128,902.8,11.117095390042362,8.200000000000045,0.6155278563499451,0.021792672114747877,-0.5342467129230499,0.7153882349306725
0.08193965557102974,1.2080221319873128,892.8,15.85591267152255,18.200000000000045,0.6174818933010101,0.02313848704414733,-0.26692349314689634,0.5051609262809346
0.10743486801257883,1.2080221319873128,885.4,20.225478712612365,25.600000000000023,0.6168718814849854,0.0242484375895462,-0.21728769540786744,0.5124056826050515
0.1329300804541279,1.2080221319873128,869.2,27.70729560275307,41.799999999999955,0.6199469625949859,0.02488435922924324,-0.263316398859024,0.5229967307687837
0.158425292895677,1.2080221319873128,856.8,29.600374258490795,54.200000000000045,0.62616006731987,0.021839548690414292,-0.23488717079162597,0.4936353250898873
0.1839205053372261,1.2080221319873128,846.1,26.66926702486371,64.89999999999998,0.6286233067512512,0.021728096101599426,-0.2179271996021271,0.4922486886059421
0.20941571777877518,1.2080221319873128,835.6,26.50191109792403,75.39999999999998,0.63039990067482,0.02246330604728699,-0.2060077369213104,0.4945404266576937
0.23491093022032428,1.2080221319873128,825.1,28.935280478486106,85.89999999999998,0.6339487195014953,0.02194826930273528,-0.1950231671333313,0.49530657599421873
0.26040614266187334,1.2080221319873128,813.7,28.137472674470978,97.29999999999995,0.6346501410007477,0.02297903114276464,-0.16691498160362245,0.5007608362924553
0.28590135510342246,1.2080221319873128,802.7,29.811401779602416,108.29999999999995,0.6377415597438812,0.021438072066171748,-0.17170613408088684,0.5007762246118026
0.3113965675449715,1.2080221319873128,796.7,31.99893072968333,114.29999999999995,0.6380856812000275,0.021183215075208553,-0.16721232533454894,0.501547711218324
0.33689177998652065,1.2080221319873128,791.2,34.30200804576739,119.79999999999995,0.6455651879310608,0.02521162270303048,-0.17981051206588744,0.497187755964516
0.3623869924280697,1.2080221319873128,787.8,34.72212696737896,123.20000000000005,0.6451840460300445,0.025083864999535587,-0.17440425753593444,0.49812495179478894
0.38788220486961883,1.2080221319873128,779.1,33.249264336412075,131.89999999999998,0.645810741186142,0.024333316801293765,0.05659566521644592,0.09064678431408582
0.4133774173111679,1.2080221319873128,768.3,32.78532720801005,142.70000000000005,0.6535464644432067,0.028676508152407843,0.0373368501663208,0.08505568017299768
0.43887262975271696,1.2080221319873128,762.0,28.42287425032004,149.0,0.6554060757160187,0.029480266548461722,0.05339099764823914,0.09434495499271905
0.4643678421942661,1.2080221319873128,752.0,28.924568930497344,159.0,0.6565011084079743,0.030785595519115447,0.071170973777771,0.10047438860783313
0.48986305463581514,1.2080221319873128,745.1,28.41377059097451,165.89999999999998,0.6597265601158142,0.030230776121448092,0.0669014573097229,0.09778150476497663
0.5153582670773642,1.2080221319873128,739.8,29.291417107029933,171.20000000000005,0.6613815665245056,0.031682066172008326,0.07000052332878112,0.10190537506622088
0.5408534795189134,1.2080221319873128,736.1,27.870269966766912,174.89999999999998,0.6624366164207458,0.03098602789239922,0.06736294627189636,0.09933930431844328
0.5663486919604624,1.2080221319873128,728.3,26.668414201883493,182.70000000000005,0.6639108896255493,0.029722005743863432,0.06829403042793274,0.09405365695248757
0.5918439044020115,1.2080221319873128,722.2,28.56017590797604,188.79999999999995,0.662980192899704,0.02937989101430918,0.07558764815330506,0.09485211894296001
0.6173391168435606,1.2080221319873128,713.3,25.966240406160296,197.70000000000005,0.6672110378742218,0.02979808422000425,0.0674842894077301,0.09186223347761814
0.6428343292851096,1.2080221319873128,704.9,25.817789145979713,206.10000000000002,0.6676001191139221,0.031063486408403805,0.07874246835708618,0.09333910012584454
0.6683295417266588,1.2080221319873128,701.3,26.34665948360527,209.70000000000005,0.6692430675029755,0.030990822586876087,0.0757128894329071,0.08836206980818982
0.6938247541682079,1.2080221319873128,694.5,27.650701096903646,216.5,0.6715758085250855,0.03087422969816488,0.08367810249328614,0.0887803282768283
0.7193199666097569,1.2080221319873128,687.8,28.667481122865983,223.20000000000005,0.6708753943443299,0.03147000500032173,0.08989126682281494,0.09113594469128133
0.744815179051306,1.2080221319873128,665.0,39.430523417121975,246.0,0.6769489288330078,0.030312618861516805,0.10683318972587585,0.09586325407698702
0.7703103914928552,1.2080221319873128,648.7,58.263466893819945,262.29999999999995,0.6859889149665832,0.038574677187953425,0.10303938388824463,0.08364959094953986
0.7958056039344042,1.2080221319873128,637.3,65.42468089784683,273.70000000000005,0.6877933263778686,0.0392102300833014,0.10666584372520446,0.08311825695061098
0.8213008163759533,1.2080221319873128,623.6,72.9922711214256,287.4,0.6996064245700836,0.04750080333676947,0.11345234513282776,0.08076072485703288
0.8467960288175024,1.2080221319873128,611.1,76.9654072791325,299.9,0.7026653349399566,0.04987483975554253,0.12807105779647826,0.0896730062015699
0.8722912412590514,1.2080221319873128,593.4,75.91566358775435,317.6,0.7046840190887451,0.04757943438990594,0.14127547144889832,0.08891601555916302
0.8977864537006006,1.2080221319873128,570.8,84.3439196394315,340.20000000000005,0.7025517106056214,0.051849738305401856,0.16729783415794372,0.0980883584034716
0.9232816661421497,1.2080221319873128,549.1,89.2713000936829,361.9,0.7112561583518981,0.052538548745520414,0.17694886922836303,0.09585076377403191
0.9487768785836987,1.2080221319873128,506.7,93.81275428001123,404.3,0.7117485046386719,0.04167873171959799,0.20679080486297607,0.10380089570184121
0.9742720910252478,1.2080221319873128,451.4,101.55056178649144,459.6,0.6289348423480987,0.17500146027253918,0.28451862931251526,0.10287447260892144
0.9997673034667969,1.2080221319873128,0.4,0.9048628651416396,910.6,-1.6572135925292968,3.7488775987193237,0.6136875569820404,0.021438242351741393
0.005454018246382475,1.232954850889974,910.1,1.48722377695149,0.8999999999999773,0.6141011834144592,0.021708472037592023,-5.419114828109741,11.993930791787692
0.030949230687931564,1.232954850889974,909.1,3.6233766883338276,1.8999999999999773,0.6140760660171509,0.021686251069342286,-5.261692494153976,12.031662782827492
0.05644444312948065,1.232954850889974,906.9,5.54574645354502,4.100000000000023,0.615090262889862,0.021397550032003807,-5.627064031362534,11.954072533889825
0.08193965557102974,1.232954850889974,896.9,13.553868805890735,14.100000000000023,0.617025226354599,0.02270137889660035,-0.16889156103134156,0.3299652065596174
0.10743486801257883,1.232954850889974,889.5,17.937097942580326,21.5,0.6163978576660156,0.0237851092179027,-0.08823808431625366,0.20397853458709123
0.1329300804541279,1.232954850889974,873.3,25.83452149336701,37.700000000000045,0.6194358468055725,0.024395933168322777,-0.0963192880153656,0.23468827657403216
0.158425292895677,1.232954850889974,860.9,26.841405378565725,50.10000000000002,0.6256150484085083,0.02129985744000886,-0.06283010840415955,0.11968625684415342
0.1839205053372261,1.232954850889974,850.2,24.363711532037016,60.799999999999955,0.6280741751194,0.021201069435970124,-0.044028055667877194,0.09933392178846344
0.20941571777877518,1.232954850889974,839.7,24.99783179690715,71.29999999999995,0.6298495531082153,0.021985351675280367,-0.03301423192024231,0.0976135069879978
0.23491093022032428,1.232954850889974,829.2,28.17735471561387,81.79999999999995,0.6333945691585541,0.02149817626312293,-0.020838868618011475,0.08874795480152856
0.26040614266187334,1.232954850889974,817.8,27.740110555454024,93.20000000000005,0.6340883672237396,0.022577569945471134,0.00618668794631958,0.06990350561446194
0.28590135510342246,1.232954850889974,806.8,30.295268780492243,104.20000000000005,0.6371797859668732,0.021054136390373592,0.0013955354690551758,0.0764529135147374
0.3113965675449715,1.232954850889974,800.8,32.70327900005379,110.20000000000005,0.6375226378440857,0.020807365148100925,0.0060234546661376955,0.07497396422711179
0.33689177998652065,1.232954850889974,795.3,35.119822992843304,115.70000000000005,0.6449767768383026,0.024876701610765314,-0.005370891094207764,0.06960039327068229
0.3623869924280697,1.232954850889974,791.9,35.59007449893887,119.10000000000002,0.6445941865444184,0.024736202402879978,0.00430988073348999,0.06486511877011934
0.38788220486961883,1.232954850889974,783.2,34.10751578311318,127.79999999999995,0.6452167689800262,0.02400230106647695,0.011429226398468018,0.06577029777384712
0.4133774173111679,1.232954850889974,772.4,33.49079347007739,138.60000000000002,0.6529386579990387,0.028472690398735234,-0.006274944543838501,0.0637931458000946
0.43887262975271696,1.232954850889974,766.1,29.31402296675826,144.89999999999998,0.6547824501991272,0.029253770558843702,0.015815824270248413,0.07654939116093436
0.4643678421942661,1.232954850889974,756.1,30.234491905952304,154.89999999999998,0.6558757543563842,0.030576794106562992,0.036389732360839845,0.09075653362326443
0.48986305463581514,1.232954850889974,749.2,29.70392200161566,161.79999999999995,0.6590925991535187,0.030054593335470475,0.033115774393081665,0.08535738742292764
0.5153582670773642,1.232954850889974,743.9,30.69363736952824,167.10000000000002,0.6607457637786865,0.03153696605392853,0.03665066361427307,0.09073214758882789
0.5408534795189134,1.232954850889974,739.9,29.44948679589247,171.10000000000002,0.661788809299469,0.030861181863431866,0.03473859429359436,0.08726596315923946
0.5663486919604624,1.232954850889974,732.1,28.573412103717803,178.89999999999998,0.6632538735866547,0.029591609203452038,0.036347591876983644,0.07989642621288838
0.5918439044020115,1.232954850889974,726.0,30.613041083722187,185.0,0.6623214960098267,0.029245452456820597,0.043538343906402585,0.08159160101807836
0.6173391168435606,1.232954850889974,717.1,27.01455164814262,193.89999999999998,0.6665215730667114,0.029628426517371305,0.04681876301765442,0.0774309307881987
0.6428343292851096,1.232954850889974,708.7,27.10826199112284,202.29999999999995,0.6669047355651856,0.030901583431164528,0.058196532726287845,0.08046351550538389
0.6683295417266588,1.232954850889974,705.1,27.733243138454238,205.89999999999998,0.6685446560382843,0.03084944270696401,0.055221056938171385,0.0735224678330869
0.6938247541682079,1.232954850889974,698.3,29.001231263355876,212.70000000000005,0.670866322517395,0.03077603728600247,0.06312772631645203,0.07300519470445746
0.7193199666097569,1.232954850889974,691.6,30.18508534100765,219.39999999999998,0.670164144039154,0.03137252605122267,0.06988154053688049,0.07587942931799312
0.744815179051306,1.232954850889974,668.8,41.53699476526691,242.20000000000005,0.6762348175048828,0.030311533975055586,0.08682251572608948,0.08319510643489256
0.7703103914928552,1.232954850889974,652.5,60.23481672281993,258.5,0.6852731108665466,0.03867297762546071,0.08316782116889954,0.0676177869717364
0.7958056039344042,1.232954850889974,641.1,67.45667695446544,269.9,0.6870720624923706,0.03931015997404009,0.08730294108390808,0.06833100323880867
0.8213008163759533,1.232954850889974,627.4,75.07893291890844,283.6,0.6988777279853821,0.04769062745561962,0.09465470314025878,0.06568590708448283
0.8467960288175024,1.232954850889974,614.9,78.97448806067608,296.1,0.7019186317920685,0.05006605608087554,0.11142085194587707,0.07742202142989742
0.8722912412590514,1.232954850889974,597.2,78.12128304325557,313.79999999999995,0.7039150953292846,0.04779234459429022,0.12568753957748413,0.0785810147513991
0.8977864537006006,1.232954850889974,574.6,86.85701610819406,336.4,0.7017800450325012,0.052031398382488825,0.15163070559501649,0.0913780986190267
0.9232816661421497,1.232954850889974,552.9,91.51316593118717,358.1,0.7102881968021393,0.05236742817298415,0.16629026532173158,0.09363945418360582
0.9487768785836987,1.232954850889974,510.5,95.58710821201737,400.5,0.7106646299362183,0.041349994053812754,0.1971782624721527,0.10301102710760135
0.9742720910252478,1.232954850889974,455.2,103.42498544724714,455.8,0.6277808248996735,0.1746170426908482,0.27688257694244384,0.10393988961912426
0.9997673034667969,1.232954850889974,0.4,0.9048628651416396,910.6,-1.6572135925292968,3.7488775987193237,0.6136875569820404,0.021438242351741393
0.005454018246382475,1.257887569792635,910.8,0.5642811372291082,0.20000000000004547,0.6138238906860352,0.0214720098155552,-0.10361361503601074,0.23439028142291887
0.030949230687931564,1.257887569792635,909.8,2.7354543028655267,1.2000000000000455,0.6137946486473084,0.021447690289535238,0.04101243615150452,0.09277657620622236
0.05644444312948065,1.257887569792635,907.6,4.771429967109353,3.3999999999999773,0.6148021161556244,0.021141473884003743,-0.35868329405784605,0.5755925840786803
0.08193965557102974,1.257887569792635,897.6,13.413657325112199,13.399999999999977,0.6167253613471985,0.02241499202500571,-0.3759341359138489,0.6455828743194381
0.10743486801257883,1.257887569792635,890.2,17.747644576472954,20.799999999999955,0.6160843253135682,0.023475137407886926,-0.30093756318092346,0.5258372533111221
0.1329300804541279,1.257887569792635,874.0,25.66659640060341,37.0,0.6190922617912292,0.02407496821485538,-0.13448525667190553,0.22576695006392708
0.158425292895677,1.257887569792635,861.6,26.49118149194174,49.39999999999998,0.6252465009689331,0.020963739363352264,-0.09906912446022034,0.10391949463262827
0.1839205053372261,1.257887569792635,850.9,24.097725844820438,60.10000000000002,0.6277054131031037,0.020885968181967064,-0.07933578491210938,0.083102195239419
0.20941571777877518,1.257887569792635,840.4,24.870472218273395,70.60000000000002,0.6294800341129303,0.02170268373462441,-0.06839586496353149,0.0832390707155604
0.23491093022032428,1.257887569792635,829.9,28.15242243771296,81.10000000000002,0.6330248236656189,0.021242908166885403,-0.055713731050491336,0.07468149154272402
0.26040614266187334,1.257887569792635,818.5,27.759473665489345,92.5,0.6337161362171173,0.022347740607116327,-0.029679834842681885,0.05802640165880857
0.28590135510342246,1.257887569792635,807.5,30.45708978364231,103.5,0.6368075549602509,0.020838908181617124,-0.034470987319946286,0.06426658692792814
0.3113965675449715,1.257887569792635,801.5,32.894752179909304,109.5,0.6371490359306335,0.020599079775505492,-0.029619836807250978,0.06315065375337851
0.33689177998652065,1.257887569792635,796.0,35.32153954997466,115.0,0.644588303565979,0.024672175473453333,-0.033845967054367064,0.059150434819142256
0.3623869924280697,1.257887569792635,792.6,35.795177387104594,118.39999999999998,0.6442046225070953,0.024530693355862887,-0.022778236865997316,0.052038558785064935
0.38788220486961883,1.257887569792635,783.9,34.336220720041474,127.10000000000002,0.6448213994503021,0.02381053628109245,-0.01551031470298767,0.05504159299194324
0.4133774173111679,1.257887569792635,773.1,33.72975031182154,137.89999999999998,0.6525300920009613,0.028360341378027513,-0.03145753145217896,0.04970451804181241
0.43887262975271696,1.257887569792635,766.8,29.64068580948269,144.20000000000005,0.6543639183044434,0.029118198250533425,-0.007648760080337524,0.07216309664302482
0.4643678421942661,1.257887569792635,756.8,30.65350483399786,154.20000000000005,0.6554558873176575,0.030450917968112973,0.01332380175590515,0.09014254263409875
0.48986305463581514,1.257887569792635,749.9,30.14785940628271,161.10000000000002,0.6586662352085113,0.029945282295107397,0.011067754030227661,0.08285928548959434
0.5153582670773642,1.257887569792635,744.6,31.15833519922916,166.39999999999998,0.6603174388408661,0.03144927954437069,0.014899063110351562,0.08842503070708335
0.5408534795189134,1.257887569792635,740.6,29.960087048705823,170.39999999999998,0.6613591909408569,0.030784739276556897,0.013014554977416992,0.08413785167829582
0.5663486919604624,1.257887569792635,732.8,29.137661455345054,178.20000000000005,0.6628195464611053,0.02950466495513038,0.015452897548675537,0.07659217372714622
0.5918439044020115,1.257887569792635,726.7,31.187245767266727,184.29999999999995,0.6618856310844421,0.029155192407891564,0.02264687418937683,0.07907285295188954
0.6173391168435606,1.257887569792635,717.8,27.420563242343608,193.20000000000005,0.6660687685012817,0.029595102228742745,0.029070204496383666,0.07201831242493367
0.6428343292851096,1.257887569792635,709.4,27.53933113140065,201.60000000000002,0.6664498448371887,0.030872221203960996,0.04039056301116943,0.07708658416357267
0.6683295417266588,1.257887569792635,705.8,28.169281900093036,205.20000000000005,0.6680895864963532,0.030833840464022513,0.03740462064743042,0.06929375565335287
0.6938247541682079,1.257887569792635,699.0,29.408043117103286,212.0,0.6704085648059845,0.030777731502411067,0.04532807469367981,0.06989510557190659
0.7193199666097569,1.257887569792635,692.3,30.605703624342272,218.70000000000005,0.6697052836418151,0.03137302139836479,0.052247637510299684,0.07337107432575819
0.744815179051306,1.257887569792635,669.5,42.02210218341182,241.5,0.675772899389267,0.030376035862373228,0.06927430629730225,0.08255493734193252
0.7703103914928552,1.257887569792635,653.2,60.66331540873662,257.79999999999995,0.6848111271858215,0.03878519753725864,0.06563690900802613,0.06619670924467477
0.7958056039344042,1.257887569792635,641.8,67.89051532966188,269.20000000000005,0.6866061985492706,0.039423377720788855,0.0704166054725647,0.06739321416873041
0.8213008163759533,1.257887569792635,628.1,75.51558898909823,282.9,0.6984068870544433,0.047851387501348035,0.07836430668830871,0.06478405198651306
0.8467960288175024,1.257887569792635,615.6,79.38649785115466,295.4,0.7014437198638916,0.050227570331836856,0.09629092812538147,0.07749153574661756
0.8722912412590514,1.257887569792635,597.9,78.57316335799375,313.1,0.7034191012382507,0.04796970372940952,0.11252250671386718,0.07817920471758968
0.8977864537006006,1.257887569792635,575.3,87.35953193483203,335.70000000000005,0.7012812197208405,0.052185354390553,0.13839903473854065,0.09332750368941668
0.9232816661421497,1.257887569792635,553.6,91.97349795721111,357.4,0.7096659064292907,0.05222740587489537,0.1596986711025238,0.09435417558250057
0.9487768785836987,1.257887569792635,511.2,95.97152700259454,399.8,0.7099398016929627,0.04106790223679719,0.19153642654418945,0.10411707837833087
0.9742720910252478,1.257887569792635,455.9,103.81713200903316,455.1,0.6269987523555756,0.17433453541686225,0.2720729112625122,0.10624442807290048
0.9997673034667969,1.257887569792635,0.4,0.9048628651416396,910.6,-1.6572135925292968,3.7488775987193237,0.6136875569820404,0.021438242351741393
0.005454018246382475,1.2828202886952962,911.0,0.3372224794619885,0.0,0.6138219118118287,0.02147035849839792,0.0,0.0
0.030949230687931564,1.2828202886952962,910.0,2.28715413343889,1.0,0.6137924671173096,0.02144588306475691,-0.008870279788970948,0.020065966961140574
0.05644444312948065,1.2828202886952962,907.8,4.355264550996775,3.2000000000000455,0.6147997498512268,0.021139411259661033,-0.3813359260559082,0.56971377702809
0.08193965557102974,1.2828202886952962,897.8,13.305552984333723,13.200000000000045,0.6167228698730469,0.02241264498981338,-0.384655237197876,0.6447588157968279
0.10743486801257883,1.2828202886952962,890.4,17.59771526597446,20.600000000000023,0.6160814106464386,0.023472284758522182,-0.30700228810310365,0.5249513451187653
0.1329300804541279,1.2828202886952962,874.2,25.51060753775814,36.799999999999955,0.6190883457660675,0.024071386790723914,-0.13903393745422363,0.22467319960257628
0.158425292895677,1.2828202886952962,861.8,26.25965110523566,49.200000000000045,0.625241756439209,0.020959585973584095,-0.10368841290473937,0.10442165482586842
0.1839205053372261,1.2828202886952962,851.1,23.8939439364003,59.89999999999998,0.6277006685733795,0.020882116987516647,-0.08395507335662841,0.08434604252097115
0.20941571777877518,1.2828202886952962,840.6,24.716820493664997,70.39999999999998,0.6294752478599548,0.02169922481907301,-0.07301774024963378,0.0846867194708892
0.23491093022032428,1.2828202886952962,830.1,28.059362342742887,80.89999999999998,0.6330200374126435,0.0212398285706611,-0.06033560633659363,0.07672730548405397
0.26040614266187334,1.2828202886952962,818.7,27.69549323201478,92.29999999999995,0.6337112545967102,0.022344929644477516,-0.03432227373123169,0.06191540870874017
0.28590135510342246,1.2828202886952962,807.7,30.439909712133307,103.29999999999995,0.6368026733398438,0.020836305484922164,-0.039113426208496095,0.06761179366038927
0.3113965675449715,1.2828202886952962,801.7,32.88922042517204,109.29999999999995,0.6371440887451172,0.02059655225285234,-0.034237027168273926,0.06658831215245042
0.33689177998652065,1.2828202886952962,796.2,35.32443701436163,114.79999999999995,0.6445833563804626,0.02466971457986938,-0.036779659986495974,0.060109818523406564
0.3623869924280697,1.2828202886952962,792.8,35.802483595098465,118.20000000000005,0.6441996097564697,0.024528215411207994,-0.0257265567779541,0.05338965032619428
0.38788220486961883,1.2828202886952962,784.1,34.329596230261544,126.89999999999998,0.644816130399704,0.02380817648801934,-0.01840922236442566,0.056451045057370836
0.4133774173111679,1.2828202886952962,773.3,33.69871846948757,137.70000000000005,0.6525245010852814,0.028358986721189364,-0.03398839235305786,0.05036652157535587
0.43887262975271696,1.2828202886952962,767.0,29.61420154330413,144.0,0.6543582320213318,0.029116519905235276,-0.009858030080795287,0.07293195546069865
0.4643678421942661,1.2828202886952962,757.0,30.653875813803076,154.0,0.6554501771926879,0.030449360704631178,0.011203521490097046,0.09096146696625458
0.48986305463581514,1.2828202886952962,750.1,30.151631212627585,160.89999999999998,0.6586603999137879,0.029943938201341943,0.009101766347885131,0.08344330404010131
0.5153582670773642,1.2828202886952962,744.8,31.17037692733026,166.20000000000005,0.6603115379810334,0.03144822308824498,0.012951135635375977,0.08895485720182736
0.5408534795189134,1.2828202886952962,740.8,29.98019742051356,170.20000000000005,0.6613532423973083,0.030783838044904824,0.011058902740478516,0.08464740033864111
0.5663486919604624,1.2828202886952962,733.0,29.18095058254324,178.0,0.6628135740756989,0.029503615726276876,0.01362001895904541,0.07711536621394836
0.5918439044020115,1.2828202886952962,726.9,31.24262082744969,184.10000000000002,0.6618795990943909,0.029154092279218228,0.02080652117729187,0.07964393336741404
0.6173391168435606,1.2828202886952962,718.0,27.445849601266673,193.0,0.6660622715950012,0.02959499896282826,0.027219146490097046,0.07257533981487836
0.6428343292851096,1.2828202886952962,709.6,27.595020786051318,201.39999999999998,0.6664433121681214,0.030872164149424442,0.038526272773742674,0.07781755971497391
0.6683295417266588,1.2828202886952962,706.0,28.238229983292026,205.0,0.6680830538272857,0.030833980872039903,0.035540330410003665,0.0700608689695874
0.6938247541682079,1.2828202886952962,699.2,29.492607416199622,211.79999999999995,0.6704020023345947,0.03077809281179649,0.043488210439682005,0.07078797921284315
0.7193199666097569,1.2828202886952962,692.5,30.70808335238794,218.5,0.669698691368103,0.03137335928941234,0.05040766596794129,0.0742790400807765
0.744815179051306,1.2828202886952962,669.7,42.147481480793616,241.29999999999995,0.6757662117481231,0.030377313933369017,0.06743575930595398,0.0835271092030891
0.7703103914928552,1.2828202886952962,653.4,60.780738717639274,257.6,0.6848044395446777,0.03878708460162299,0.06379836201667785,0.06734879078024887
0.7958056039344042,1.2828202886952962,642.0,68.00783392829693,269.0,0.6865994870662689,0.03942526971639518,0.06868155598640442,0.0684581028241239
0.8213008163759533,1.2828202886952962,628.3,75.6356644240987,282.70000000000005,0.69840008020401,0.047853923406921274,0.07669630646705627,0.06582325368665261
0.8467960288175024,1.2828202886952962,615.8,79.5114543860547,295.20000000000005,0.7014368832111358,0.05023010620583073,0.09476307034492493,0.07833745417483863
0.8722912412590514,1.2828202886952962,598.1,78.70331263803182,312.9,0.7034119665622711,0.047972481141386115,0.11122803092002868,0.07874852394625426
0.8977864537006006,1.2828202886952962,575.5,87.50338543632306,335.5,0.7012740433216095,0.05218777874303576,0.13709505796432495,0.09403512886336104
0.9232816661421497,1.2828202886952962,553.8,92.0937242379332,357.20000000000005,0.7096579551696778,0.05222572872548962,0.15921887755393982,0.09450069151744109
0.9487768785836987,1.2828202886952962,511.4,96.05644850765403,399.6,0.7099309444427491,0.041064642088323444,0.19113030433654785,0.10426161834376638
0.9742720910252478,1.2828202886952962,456.1,103.91457491948623,454.9,0.6269897818565369,0.1743313453706391,0.27171807289123534,0.10646897730134675
0.9997673034667969,1.2828202886952962,0.4,0.9048628651416396,910.6,-1.6572135925292968,3.7488775987193237,0.6136875569820404,0.021438242351741393
0.005454018246382475,1.3077530075979573,911.0,0.3372224794619885,0.0,0.6138219118118287,0.02147035849839792,0.0,0.0
0.030949230687931564,1.3077530075979573,910.0,2.28715413343889,1.0,0.6137924671173096,0.02144588306475691,-0.008870279788970948,0.020065966961140574
0.05644444312948065,1.3077530075979573,907.8,4.355264550996775,3.2000000000000455,0.6147997498512268,0.021139411259661033,-0.3813359260559082,0.56971377702809
0.08193965557102974,1.3077530075979573,897.8,13.305552984333723,13.200000000000045,0.6167228698730469,0.02241264498981338,-0.384655237197876,0.6447588157968279
0.10743486801257883,1.3077530075979573,890.4,17.59771526597446,20.600000000000023,0.6160814106464386,0.023472284758522182,-0.30700228810310365,0.5249513451187653
0.1329300804541279,1.3077530075979573,874.2,25.51060753775814,36.799999999999955,0.6190883457660675,0.024071386790723914,-0.13903393745422363,0.22467319960257628
0.158425292895677,1.3077530075979573,861.8,26.25965110523566,49.200000000000045,0.625241756439209,0.020959585973584095,-0.10368841290473937,0.10442165482586842
0.1839205053372261,1.3077530075979573,851.1,23.8939439364003,59.89999999999998,0.6277006685733795,0.020882116987516647,-0.08395507335662841,0.08434604252097115
0.20941571777877518,1.3077530075979573,840.6,24.716820493664997,70.39999999999998,0.6294752478599548,0.02169922481907301,-0.07301774024963378,0.0846867194708892
0.23491093022032428,1.3077530075979573,830.1,28.059362342742887,80.89999999999998,0.6330200374126435,0.0212398285706611,-0.06033560633659363,0.07672730548405397
0.26040614266187334,1.3077530075979573,818.7,27.69549323201478,92.29999999999995,0.6337112545967102,0.022344929644477516,-0.03432227373123169,0.06191540870874017
0.28590135510342246,1.3077530075979573,807.7,30.439909712133307,103.29999999999995,0.6368026733398438,0.020836305484922164,-0.039113426208496095,0.06761179366038927
0.3113965675449715,1.3077530075979573,801.7,32.88922042517204,109.29999999999995,0.6371440887451172,0.02059655225285234,-0.034237027168273926,0.06658831215245042
0.33689177998652065,1.3077530075979573,796.2,35.32443701436163,114.79999999999995,0.6445833563804626,0.02466971457986938,-0.036779659986495974,0.060109818523406564
0.3623869924280697,1.3077530075979573,792.8,35.802483595098465,118.20000000000005,0.6441996097564697,0.024528215411207994,-0.0257265567779541,0.05338965032619428
0.38788220486961883,1.3077530075979573,784.1,34.329596230261544,126.89999999999998,0.644816130399704,0.02380817648801934,-0.01840922236442566,0.056451045057370836
0.4133774173111679,1.3077530075979573,773.3,33.69871846948757,137.70000000000005,0.6525245010852814,0.028358986721189364,-0.03398839235305786,0.05036652157535587
0.43887262975271696,1.3077530075979573,767.0,29.61420154330413,144.0,0.6543582320213318,0.029116519905235276,-0.009858030080795287,0.07293195546069865
0.4643678421942661,1.3077530075979573,757.0,30.653875813803076,154.0,0.6554501771926879,0.030449360704631178,0.011203521490097046,0.09096146696625458
0.48986305463581514,1.3077530075979573,750.1,30.151631212627585,160.89999999999998,0.6586603999137879,0.029943938201341943,0.009101766347885131,0.08344330404010131
0.5153582670773642,1.3077530075979573,744.8,31.17037692733026,166.20000000000005,0.6603115379810334,0.03144822308824498,0.012951135635375977,0.08895485720182736
0.5408534795189134,1.3077530075979573,740.8,29.98019742051356,170.20000000000005,0.6613532423973083,0.030783838044904824,0.011058902740478516,0.08464740033864111
0.5663486919604624,1.3077530075979573,733.0,29.18095058254324,178.0,0.6628135740756989,0.029503615726276876,0.01362001895904541,0.07711536621394836
0.5918439044020115,1.3077530075979573,726.9,31.24262082744969,184.10000000000002,0.6618795990943909,0.029154092279218228,0.02080652117729187,0.07964393336741404
0.6173391168435606,1.3077530075979573,718.0,27.445849601266673,193.0,0.6660622715950012,0.02959499896282826,0.027219146490097046,0.07257533981487836
0.6428343292851096,1.3077530075979573,709.6,27.595020786051318,201.39999999999998,0.6664433121681214,0.030872164149424442,0.038526272773742674,0.07781755971497391
0.6683295417266588,1.3077530075979573,706.0,28.238229983292026,205.0,0.6680830538272857,0.030833980872039903,0.035540330410003665,0.0700608689695874
0.6938247541682079,1.3077530075979573,699.2,29.492607416199622,211.79999999999995,0.6704020023345947,0.03077809281179649,0.043488210439682005,0.07078797921284315
0.7193199666097569,1.3077530075979573,692.5,30.70808335238794,218.5,0.669698691368103,0.03137335928941234,0.05040766596794129,0.0742790400807765
0.744815179051306,1.3077530075979573,669.7,42.147481480793616,241.29999999999995,0.6757662117481231,0.030377313933369017,0.06743575930595398,0.0835271092030891
0.7703103914928552,1.3077530075979573,653.4,60.780738717639274,257.6,0.6848044395446777,0.03878708460162299,0.06379836201667785,0.06734879078024887
0.7958056039344042,1.3077530075979573,642.0,68.00783392829693,269.0,0.6865994870662689,0.03942526971639518,0.06868155598640442,0.0684581028241239
0.8213008163759533,1.3077530075979573,628.3,75.6356644240987,282.70000000000005,0.69840008020401,0.047853923406921274,0.07669630646705627,0.06582325368665261
0.8467960288175024,1.3077530075979573,615.8,79.5114543860547,295.20000000000005,0.7014368832111358,0.05023010620583073,0.09476307034492493,0.07833745417483863
0.8722912412590514,1.3077530075979573,598.1,78.70331263803182,312.9,0.7034119665622711,0.047972481141386115,0.11122803092002868,0.07874852394625426
0.8977864537006006,1.3077530075979573,575.5,87.50338543632306,335.5,0.7012740433216095,0.05218777874303576,0.13709505796432495,0.09403512886336104
0.9232816661421497,1.3077530075979573,553.8,92.0937242379332,357.20000000000005,0.7096579551696778,0.05222572872548962,0.15921887755393982,0.09450069151744109
0.9487768785836987,1.3077530075979573,511.4,96.05644850765403,399.6,0.7099309444427491,0.041064642088323444,0.19113030433654785,0.10426161834376638
0.9742720910252478,1.3077530075979573,456.1,103.91457491948623,454.9,0.6269897818565369,0.1743313453706391,0.27171807289123534,0.10646897730134675
0.9997673034667969,1.3077530075979573,0.4,0.9048628651416396,910.6,-1.6572135925292968,3.7488775987193237,0.6136875569820404,0.021438242351741393
0.005454018246382475,1.3326857265006185,911.0,0.3372224794619885,0.0,0.6138219118118287,0.02147035849839792,0.0,0.0
0.030949230687931564,1.3326857265006185,910.0,2.28715413343889,1.0,0.6137924671173096,0.02144588306475691,-0.008870279788970948,0.020065966961140574
0.05644444312948065,1.3326857265006185,907.8,4.355264550996775,3.2000000000000455,0.6147997498512268,0.021139411259661033,-0.3813359260559082,0.56971377702809
0.08193965557102974,1.3326857265006185,897.8,13.305552984333723,13.200000000000045,0.6167228698730469,0.02241264498981338,-0.384655237197876,0.6447588157968279
0.10743486801257883,1.3326857265006185,890.4,17.59771526597446,20.600000000000023,0.6160814106464386,0.023472284758522182,-0.30700228810310365,0.5249513451187653
0.1329300804541279,1.3326857265006185,874.2,25.51060753775814,36.799999999999955,0.6190883457660675,0.024071386790723914,-0.13903393745422363,0.22467319960257628
0.158425292895677,1.3326857265006185,861.8,26.25965110523566,49.200000000000045,0.625241756439209,0.020959585973584095,-0.10368841290473937,0.10442165482586842
0.1839205053372261,1.3326857265006185,851.1,23.8939439364003,59.89999999999998,0.6277006685733795,0.020882116987516647,-0.08395507335662841,0.08434604252097115
0.20941571777877518,1.3326857265006185,840.6,24.716820493664997,70.39999999999998,0.6294752478599548,0.02169922481907301,-0.07301774024963378,0.0846867194708892
0.23491093022032428,1.3326857265006185,830.1,28.059362342742887,80.89999999999998,0.6330200374126435,0.0212398285706611,-0.06033560633659363,0.07672730548405397
0.26040614266187334,1.3326857265006185,818.7,27.69549323201478,92.29999999999995,0.6337112545967102,0.022344929644477516,-0.03432227373123169,0.06191540870874017
0.28590135510342246,1.3326857265006185,807.7,30.439909712133307,103.29999999999995,0.6368026733398438,0.020836305484922164,-0.039113426208496095,0.06761179366038927
0.3113965675449715,1.3326857265006185,801.7,32.88922042517204,109.29999999999995,0.6371440887451172,0.02059655225285234,-0.034237027168273926,0.06658831215245042
0.33689177998652065,1.3326857265006185,796.2,35.32443701436163,114.79999999999995,0.6445833563804626,0.02466971457986938,-0.036779659986495974,0.060109818523406564
0.3623869924280697,1.3326857265006185,792.8,35.802483595098465,118.20000000000005,0.6441996097564697,0.024528215411207994,-0.0257265567779541,0.05338965032619428
0.38788220486961883,1.3326857265006185,784.1,34.329596230261544,126.89999999999998,0.644816130399704,0.02380817648801934,-0.01840922236442566,0.056451045057370836
0.4133774173111679,1.3326857265006185,773.3,33.69871846948757,137.70000000000005,0.6525245010852814,0.028358986721189364,-0.03398839235305786,0.05036652157535587
0.43887262975271696,1.3326857265006185,767.0,29.61420154330413,144.0,0.6543582320213318,0.029116519905235276,-0.009858030080795287,0.07293195546069865
0.4643678421942661,1.3326857265006185,757.0,30.653875813803076,154.0,0.6554501771926879,0.030449360704631178,0.011203521490097046,0.09096146696625458
0.48986305463581514,1.3326857265006185,750.1,30.151631212627585,160.89999999999998,0.6586603999137879,0.029943938201341943,0.009101766347885131,0.08344330404010131
0.5153582670773642,1.3326857265006185,744.8,31.17037692733026,166.20000000000005,0.6603115379810334,0.03144822308824498,0.012951135635375977,0.08895485720182736
0.5408534795189134,1.3326857265006185,740.8,29.98019742051356,170.20000000000005,0.6613532423973083,0.030783838044904824,0.011058902740478516,0.08464740033864111
0.5663486919604624,1.3326857265006185,733.0,29.18095058254324,178.0,0.6628135740756989,0.029503615726276876,0.01362001895904541,0.07711536621394836
0.5918439044020115,1.3326857265006185,726.9,31.24262082744969,184.10000000000002,0.6618795990943909,0.029154092279218228,0.02080652117729187,0.07964393336741404
0.6173391168435606,1.3326857265006185,718.0,27.445849601266673,193.0,0.6660622715950012,0.02959499896282826,0.027219146490097046,0.07257533981487836
0.6428343292851096,1.3326857265006185,709.6,27.595020786051318,201.39999999999998,0.6664433121681214,0.030872164149424442,0.038526272773742674,0.07781755971497391
0.6683295417266588,1.3326857265006185,706.0,28.238229983292026,205.0,0.6680830538272857,0.030833980872039903,0.035540330410003665,0.0700608689695874
0.6938247541682079,1.3326857265006185,699.2,29.492607416199622,211.79999999999995,0.6704020023345947,0.03077809281179649,0.043488210439682005,0.07078797921284315
0.7193199666097569,1.3326857265006185,692.5,30.70808335238794,218.5,0.669698691368103,0.03137335928941234,0.05040766596794129,0.0742790400807765
0.744815179051306,1.3326857265006185,669.7,42.147481480793616,241.29999999999995,0.6757662117481231,0.030377313933369017,0.06743575930595398,0.0835271092030891
0.7703103914928552,1.3326857265006185,653.4,60.780738717639274,257.6,0.6848044395446777,0.03878708460162299,0.06379836201667785,0.06734879078024887
0.7958056039344042,1.3326857265006185,642.0,68.00783392829693,269.0,0.6865994870662689,0.03942526971639518,0.06868155598640442,0.0684581028241239
0.8213008163759533,1.3326857265006185,628.3,75.6356644240987,282.70000000000005,0.69840008020401,0.047853923406921274,0.07669630646705627,0.06582325368665261
0.8467960288175024,1.3326857265006185,615.8,79.5114543860547,295.20000000000005,0.7014368832111358,0.05023010620583073,0.09476307034492493,0.07833745417483863
0.8722912412590514,1.3326857265006185,598.1,78.70331263803182,312.9,0.7034119665622711,0.047972481141386115,0.11122803092002868,0.07874852394625426
0.8977864537006006,1.3326857265006185,575.5,87.50338543632306,335.5,0.7012740433216095,0.05218777874303576,0.13709505796432495,0.09403512886336104
0.9232816661421497,1.3326857265006185,553.8,92.0937242379332,357.20000000000005,0.7096579551696778,0.05222572872548962,0.15921887755393982,0.09450069151744109
0.9487768785836987,1.3326857265006185,511.4,96.05644850765403,399.6,0.7099309444427491,0.041064642088323444,0.19113030433654785,0.10426161834376638
0.9742720910252478,1.3326857265006185,456.1,103.91457491948623,454.9,0.6269897818565369,0.1743313453706391,0.27171807289123534,0.10646897730134675
0.9997673034667969,1.3326857265006185,0.4,0.9048628651416396,910.6,-1.6572135925292968,3.7488775987193237,0.6136875569820404,0.021438242351741393
0.005454018246382475,1.3576184454032796,911.1,0.2262157162854099,-0.10000000000002274,0.6138181090354919,0.021469408493873295,0.0,0.0
0.030949230687931564,1.3576184454032796,910.0,2.28715413343889,1.0,0.6137924671173096,0.02144588306475691,-0.008870279788970948,0.020065966961140574
0.05644444312948065,1.3576184454032796,907.8,4.355264550996775,3.2000000000000455,0.6147997498512268,0.021139411259661033,-0.3813359260559082,0.56971377702809
0.08193965557102974,1.3576184454032796,897.8,13.305552984333723,13.200000000000045,0.6167228698730469,0.02241264498981338,-0.384655237197876,0.6447588157968279
0.10743486801257883,1.3576184454032796,890.4,17.59771526597446,20.600000000000023,0.6160814106464386,0.023472284758522182,-0.30700228810310365,0.5249513451187653
0.1329300804541279,1.3576184454032796,874.2,25.51060753775814,36.799999999999955,0.6190883457660675,0.024071386790723914,-0.13903393745422363,0.22467319960257628
0.158425292895677,1.3576184454032796,861.8,26.25965110523566,49.200000000000045,0.625241756439209,0.020959585973584095,-0.10368841290473937,0.10442165482586842
0.1839205053372261,1.3576184454032796,851.1,23.8939439364003,59.89999999999998,0.6277006685733795,0.020882116987516647,-0.08395507335662841,0.08434604252097115
0.20941571777877518,1.3576184454032796,840.6,24.716820493664997,70.39999999999998,0.6294752478599548,0.02169922481907301,-0.07301774024963378,0.0846867194708892
0.23491093022032428,1.3576184454032796,830.1,28.059362342742887,80.89999999999998,0.6330200374126435,0.0212398285706611,-0.06033560633659363,0.07672730548405397
0.26040614266187334,1.3576184454032796,818.7,27.69549323201478,92.29999999999995,0.6337112545967102,0.022344929644477516,-0.03432227373123169,0.06191540870874017
0.28590135510342246,1.3576184454032796,807.7,30.439909712133307,103.29999999999995,0.6368026733398438,0.020836305484922164,-0.039113426208496095,0.06761179366038927
0.3113965675449715,1.3576184454032796,801.7,32.88922042517204,109.29999999999995,0.6371440887451172,0.02059655225285234,-0.034237027168273926,0.06658831215245042
0.33689177998652065,1.3576184454032796,796.2,35.32443701436163,114.79999999999995,0.6445833563804626,0.02466971457986938,-0.036779659986495974,0.060109818523406564
0.3623869924280697,1.3576184454032796,792.8,35.802483595098465,118.20000000000005,0.6441996097564697,0.024528215411207994,-0.0257265567779541,0.05338965032619428
0.38788220486961883,1.3576184454032796,784.1,34.329596230261544,126.89999999999998,0.644816130399704,0.02380817648801934,-0.01840922236442566,0.056451045057370836
0.4133774173111679,1.3576184454032796,773.3,33.69871846948757,137.70000000000005,0.6525245010852814,0.028358986721189364,-0.03398839235305786,0.05036652157535587
0.43887262975271696,1.3576184454032796,767.0,29.61420154330413,144.0,0.6543582320213318,0.029116519905235276,-0.009858030080795287,0.07293195546069865
0.4643678421942661,1.3576184454032796,757.0,30.653875813803076,154.0,0.6554501771926879,0.030449360704631178,0.011203521490097046,0.09096146696625458
0.48986305463581514,1.3576184454032796,750.1,30.151631212627585,160.89999999999998,0.6586603999137879,0.029943938201341943,0.009101766347885131,0.08344330404010131
0.5153582670773642,1.3576184454032796,744.8,31.17037692733026,166.20000000000005,0.6603115379810334,0.03144822308824498,0.012951135635375977,0.08895485720182736
0.5408534795189134,1.3576184454032796,740.8,29.98019742051356,170.20000000000005,0.6613532423973083,0.030783838044904824,0.011058902740478516,0.08464740033864111
0.5663486919604624,1.3576184454032796,733.0,29.18095058254324,178.0,0.6628135740756989,0.029503615726276876,0.01362001895904541,0.07711536621394836
0.5918439044020115,1.3576184454032796,726.9,31.24262082744969,184.10000000000002,0.6618795990943909,0.029154092279218228,0.02080652117729187,0.07964393336741404
0.6173391168435606,1.3576184454032796,718.0,27.445849601266673,193.0,0.6660622715950012,0.02959499896282826,0.027219146490097046,0.07257533981487836
0.6428343292851096,1.3576184454032796,709.6,27.595020786051318,201.39999999999998,0.6664433121681214,0.030872164149424442,0.038526272773742674,0.07781755971497391
0.6683295417266588,1.3576184454032796,706.0,28.238229983292026,205.0,0.6680830538272857,0.030833980872039903,0.035540330410003665,0.0700608689695874
0.6938247541682079,1.3576184454032796,699.2,29.492607416199622,211.79999999999995,0.6704020023345947,0.03077809281179649,0.043488210439682005,0.07078797921284315
0.7193199666097569,1.3576184454032796,692.5,30.70808335238794,218.5,0.669698691368103,0.03137335928941234,0.05040766596794129,0.0742790400807765
0.744815179051306,1.3576184454032796,669.7,42.147481480793616,241.29999999999995,0.6757662117481231,0.030377313933369017,0.06743575930595398,0.0835271092030891
0.7703103914928552,1.3576184454032796,653.4,60.780738717639274,257.6,0.6848044395446777,0.03878708460162299,0.06379836201667785,0.06734879078024887
0.7958056039344042,1.3576184454032796,642.0,68.00783392829693,269.0,0.6865994870662689,0.03942526971639518,0.06868155598640442,0.0684581028241239
0.8213008163759533,1.3576184454032796,628.3,75.6356644240987,282.70000000000005,0.69840008020401,0.047853923406921274,0.07669630646705627,0.06582325368665261
0.8467960288175024,1.3576184454032796,615.8,79.5114543860547,295.20000000000005,0.7014368832111358,0.05023010620583073,0.09476307034492493,0.07833745417483863
0.8722912412590514,1.3576184454032796,598.1,78.70331263803182,312.9,0.7034119665622711,0.047972481141386115,0.11122803092002868,0.07874852394625426
0.8977864537006006,1.3576184454032796,575.5,87.50338543632306,335.5,0.7012740433216095,0.05218777874303576,0.13709505796432495,0.09403512886336104
0.9232816661421497,1.3576184454032796,553.8,92.0937242379332,357.20000000000005,0.7096579551696778,0.05222572872548962,0.15921887755393982,0.09450069151744109
0.9487768785836987,1.3576184454032796,511.4,96.05644850765403,399.6,0.7099309444427491,0.041064642088323444,0.19113030433654785,0.10426161834376638
0.9742720910252478,1.3576184454032796,456.1,103.91457491948623,454.9,0.6269897818565369,0.1743313453706391,0.27171807289123534,0.10646897730134675
0.9997673034667969,1.3576184454032796,0.4,0.9048628651416396,910.6,-1.6572135925292968,3.7488775987193237,0.6136875569820404,0.021438242351741393
