rho_th,IA_th,count_in,count_in_CI,count_out,r2_in,r2in_CI,r2_out,r2out_CI
2.635310589541029e-13,9.811929121736645e-10,0.3,0.6786471488562298,903.7,-0.11400723457336426,0.2579022823073235,0.5424654126167298,0.024794031092212676
0.02556774402301741,9.811929121736645e-10,0.0,0.0,904.0,0.0,0.0,0.541922652721405,0.02527511246175802
0.05113548804577129,9.811929121736645e-10,0.0,0.0,904.0,0.0,0.0,0.541922652721405,0.02527511246175802
0.07670323206852515,9.811929121736645e-10,0.0,0.0,904.0,0.0,0.0,0.541922652721405,0.02527511246175802
0.10227097609127904,9.811929121736645e-10,0.0,0.0,904.0,0.0,0.0,0.541922652721405,0.02527511246175802
0.12783872011403294,9.811929121736645e-10,0.0,0.0,904.0,0.0,0.0,0.541922652721405,0.02527511246175802
0.1534064641367868,9.811929121736645e-10,0.0,0.0,904.0,0.0,0.0,0.541922652721405,0.02527511246175802
0.17897420815954068,9.811929121736645e-10,0.0,0.0,904.0,0.0,0.0,0.541922652721405,0.02527511246175802
0.20454195218229457,9.811929121736645e-10,0.0,0.0,904.0,0.0,0.0,0.541922652721405,0.02527511246175802
0.23010969620504845,9.811929121736645e-10,0.0,0.0,904.0,0.0,0.0,0.541922652721405,0.02527511246175802
0.2556774402278023,9.811929121736645e-10,0.0,0.0,904.0,0.0,0.0,0.541922652721405,0.02527511246175802
0.28124518425055617,9.811929121736645e-10,0.0,0.0,904.0,0.0,0.0,0.541922652721405,0.02527511246175802
0.30681292827331,9.811929121736645e-10,0.0,0.0,904.0,0.0,0.0,0.541922652721405,0.02527511246175802
0.33238067229606394,9.811929121736645e-10,0.0,0.0,904.0,0.0,0.0,0.541922652721405,0.02527511246175802
0.3579484163188178,9.811929121736645e-10,0.0,0.0,904.0,0.0,0.0,0.541922652721405,0.02527511246175802
0.3835161603415717,9.811929121736645e-10,0.0,0.0,904.0,0.0,0.0,0.541922652721405,0.02527511246175802
0.40908390436432557,9.811929121736645e-10,0.0,0.0,904.0,0.0,0.0,0.541922652721405,0.02527511246175802
0.4346516483870794,9.811929121736645e-10,0.0,0.0,904.0,0.0,0.0,0.541922652721405,0.02527511246175802
0.46021939240983334,9.811929121736645e-10,0.0,0.0,904.0,0.0,0.0,0.541922652721405,0.02527511246175802
0.4857871364325872,9.811929121736645e-10,0.0,0.0,904.0,0.0,0.0,0.541922652721405,0.02527511246175802
0.5113548804553412,9.811929121736645e-10,0.0,0.0,904.0,0.0,0.0,0.541922652721405,0.02527511246175802
0.536922624478095,9.811929121736645e-10,0.0,0.0,904.0,0.0,0.0,0.541922652721405,0.02527511246175802
0.5624903685008489,9.811929121736645e-10,0.0,0.0,904.0,0.0,0.0,0.541922652721405,0.02527511246175802
0.5880581125236027,9.811929121736645e-10,0.0,0.0,904.0,0.0,0.0,0.541922652721405,0.02527511246175802
0.6136258565463566,9.811929121736645e-10,0.0,0.0,904.0,0.0,0.0,0.541922652721405,0.02527511246175802
0.6391936005691106,9.811929121736645e-10,0.0,0.0,904.0,0.0,0.0,0.541922652721405,0.02527511246175802
0.6647613445918644,9.811929121736645e-10,0.0,0.0,904.0,0.0,0.0,0.541922652721405,0.02527511246175802
0.6903290886146183,9.811929121736645e-10,0.0,0.0,904.0,0.0,0.0,0.541922652721405,0.02527511246175802
0.7158968326373721,9.811929121736645e-10,0.0,0.0,904.0,0.0,0.0,0.541922652721405,0.02527511246175802
0.741464576660126,9.811929121736645e-10,0.0,0.0,904.0,0.0,0.0,0.541922652721405,0.02527511246175802
0.76703232068288,9.811929121736645e-10,0.0,0.0,904.0,0.0,0.0,0.541922652721405,0.02527511246175802
0.7926000647056338,9.811929121736645e-10,0.0,0.0,904.0,0.0,0.0,0.541922652721405,0.02527511246175802
0.8181678087283877,9.811929121736645e-10,0.0,0.0,904.0,0.0,0.0,0.541922652721405,0.02527511246175802
0.8437355527511415,9.811929121736645e-10,0.0,0.0,904.0,0.0,0.0,0.541922652721405,0.02527511246175802
0.8693032967738954,9.811929121736645e-10,0.0,0.0,904.0,0.0,0.0,0.541922652721405,0.02527511246175802
0.8948710407966494,9.811929121736645e-10,0.0,0.0,904.0,0.0,0.0,0.541922652721405,0.02527511246175802
0.9204387848194032,9.811929121736645e-10,0.0,0.0,904.0,0.0,0.0,0.541922652721405,0.02527511246175802
0.9460065288421571,9.811929121736645e-10,0.0,0.0,904.0,0.0,0.0,0.541922652721405,0.02527511246175802
0.9715742728649109,9.811929121736645e-10,0.0,0.0,904.0,0.0,0.0,0.541922652721405,0.02527511246175802
0.9971420168876648,9.811929121736645e-10,0.0,0.0,904.0,0.0,0.0,0.541922652721405,0.02527511246175802
2.635310589541029e-13,0.03645547559114915,0.3,0.6786471488562298,903.7,-0.11400723457336426,0.2579022823073235,0.5424654126167298,0.024794031092212676
0.02556774402301741,0.03645547559114915,0.0,0.0,904.0,0.0,0.0,0.541922652721405,0.02527511246175802
0.05113548804577129,0.03645547559114915,0.0,0.0,904.0,0.0,0.0,0.541922652721405,0.02527511246175802
0.07670323206852515,0.03645547559114915,0.0,0.0,904.0,0.0,0.0,0.541922652721405,0.02527511246175802
0.10227097609127904,0.03645547559114915,0.0,0.0,904.0,0.0,0.0,0.541922652721405,0.02527511246175802
0.12783872011403294,0.03645547559114915,0.0,0.0,904.0,0.0,0.0,0.541922652721405,0.02527511246175802
0.1534064641367868,0.03645547559114915,0.0,0.0,904.0,0.0,0.0,0.541922652721405,0.02527511246175802
0.17897420815954068,0.03645547559114915,0.0,0.0,904.0,0.0,0.0,0.541922652721405,0.02527511246175802
0.20454195218229457,0.03645547559114915,0.0,0.0,904.0,0.0,0.0,0.541922652721405,0.02527511246175802
0.23010969620504845,0.03645547559114915,0.0,0.0,904.0,0.0,0.0,0.541922652721405,0.02527511246175802
0.2556774402278023,0.03645547559114915,0.0,0.0,904.0,0.0,0.0,0.541922652721405,0.02527511246175802
0.28124518425055617,0.03645547559114915,0.0,0.0,904.0,0.0,0.0,0.541922652721405,0.02527511246175802
0.30681292827331,0.03645547559114915,0.0,0.0,904.0,0.0,0.0,0.541922652721405,0.02527511246175802
0.33238067229606394,0.03645547559114915,0.0,0.0,904.0,0.0,0.0,0.541922652721405,0.02527511246175802
0.3579484163188178,0.03645547559114915,0.0,0.0,904.0,0.0,0.0,0.541922652721405,0.02527511246175802
0.3835161603415717,0.03645547559114915,0.0,0.0,904.0,0.0,0.0,0.541922652721405,0.02527511246175802
0.40908390436432557,0.03645547559114915,0.0,0.0,904.0,0.0,0.0,0.541922652721405,0.02527511246175802
0.4346516483870794,0.03645547559114915,0.0,0.0,904.0,0.0,0.0,0.541922652721405,0.02527511246175802
0.46021939240983334,0.03645547559114915,0.0,0.0,904.0,0.0,0.0,0.541922652721405,0.02527511246175802
0.4857871364325872,0.03645547559114915,0.0,0.0,904.0,0.0,0.0,0.541922652721405,0.02527511246175802
0.5113548804553412,0.03645547559114915,0.0,0.0,904.0,0.0,0.0,0.541922652721405,0.02527511246175802
0.536922624478095,0.03645547559114915,0.0,0.0,904.0,0.0,0.0,0.541922652721405,0.02527511246175802
0.5624903685008489,0.03645547559114915,0.0,0.0,904.0,0.0,0.0,0.541922652721405,0.02527511246175802
0.5880581125236027,0.03645547559114915,0.0,0.0,904.0,0.0,0.0,0.541922652721405,0.02527511246175802
0.6136258565463566,0.03645547559114915,0.0,0.0,904.0,0.0,0.0,0.541922652721405,0.02527511246175802
0.6391936005691106,0.03645547559114915,0.0,0.0,904.0,0.0,0.0,0.541922652721405,0.02527511246175802
0.6647613445918644,0.03645547559114915,0.0,0.0,904.0,0.0,0.0,0.541922652721405,0.02527511246175802
0.6903290886146183,0.03645547559114915,0.0,0.0,904.0,0.0,0.0,0.541922652721405,0.02527511246175802
0.7158968326373721,0.03645547559114915,0.0,0.0,904.0,0.0,0.0,0.541922652721405,0.02527511246175802
0.741464576660126,0.03645547559114915,0.0,0.0,904.0,0.0,0.0,0.541922652721405,0.02527511246175802
0.76703232068288,0.03645547559114915,0.0,0.0,904.0,0.0,0.0,0.541922652721405,0.02527511246175802
0.7926000647056338,0.03645547559114915,0.0,0.0,904.0,0.0,0.0,0.541922652721405,0.02527511246175802
0.8181678087283877,0.03645547559114915,0.0,0.0,904.0,0.0,0.0,0.541922652721405,0.02527511246175802
0.8437355527511415,0.03645547559114915,0.0,0.0,904.0,0.0,0.0,0.541922652721405,0.02527511246175802
0.8693032967738954,0.03645547559114915,0.0,0.0,904.0,0.0,0.0,0.541922652721405,0.02527511246175802
0.8948710407966494,0.03645547559114915,0.0,0.0,904.0,0.0,0.0,0.541922652721405,0.02527511246175802
0.9204387848194032,0.03645547559114915,0.0,0.0,904.0,0.0,0.0,0.541922652721405,0.02527511246175802
0.9460065288421571,0.03645547559114915,0.0,0.0,904.0,0.0,0.0,0.541922652721405,0.02527511246175802
0.9715742728649109,0.03645547559114915,0.0,0.0,904.0,0.0,0.0,0.541922652721405,0.02527511246175802
0.9971420168876648,0.03645547559114915,0.0,0.0,904.0,0.0,0.0,0.541922652721405,0.02527511246175802
2.635310589541029e-13,0.0729109502011054,0.3,0.6786471488562298,903.7,-0.11400723457336426,0.2579022823073235,0.5424654126167298,0.024794031092212676
0.02556774402301741,0.0729109502011054,0.0,0.0,904.0,0.0,0.0,0.541922652721405,0.02527511246175802
0.05113548804577129,0.0729109502011054,0.0,0.0,904.0,0.0,0.0,0.541922652721405,0.02527511246175802
0.07670323206852515,0.0729109502011054,0.0,0.0,904.0,0.0,0.0,0.541922652721405,0.02527511246175802
0.10227097609127904,0.0729109502011054,0.0,0.0,904.0,0.0,0.0,0.541922652721405,0.02527511246175802
0.12783872011403294,0.0729109502011054,0.0,0.0,904.0,0.0,0.0,0.541922652721405,0.02527511246175802
0.1534064641367868,0.0729109502011054,0.0,0.0,904.0,0.0,0.0,0.541922652721405,0.02527511246175802
0.17897420815954068,0.0729109502011054,0.0,0.0,904.0,0.0,0.0,0.541922652721405,0.02527511246175802
0.20454195218229457,0.0729109502011054,0.0,0.0,904.0,0.0,0.0,0.541922652721405,0.02527511246175802
0.23010969620504845,0.0729109502011054,0.0,0.0,904.0,0.0,0.0,0.541922652721405,0.02527511246175802
0.2556774402278023,0.0729109502011054,0.0,0.0,904.0,0.0,0.0,0.541922652721405,0.02527511246175802
0.28124518425055617,0.0729109502011054,0.0,0.0,904.0,0.0,0.0,0.541922652721405,0.02527511246175802
0.30681292827331,0.0729109502011054,0.0,0.0,904.0,0.0,0.0,0.541922652721405,0.02527511246175802
0.33238067229606394,0.0729109502011054,0.0,0.0,904.0,0.0,0.0,0.541922652721405,0.02527511246175802
0.3579484163188178,0.0729109502011054,0.0,0.0,904.0,0.0,0.0,0.541922652721405,0.02527511246175802
0.3835161603415717,0.0729109502011054,0.0,0.0,904.0,0.0,0.0,0.541922652721405,0.02527511246175802
0.40908390436432557,0.0729109502011054,0.0,0.0,904.0,0.0,0.0,0.541922652721405,0.02527511246175802
0.4346516483870794,0.0729109502011054,0.0,0.0,904.0,0.0,0.0,0.541922652721405,0.02527511246175802
0.46021939240983334,0.0729109502011054,0.0,0.0,904.0,0.0,0.0,0.541922652721405,0.02527511246175802
0.4857871364325872,0.0729109502011054,0.0,0.0,904.0,0.0,0.0,0.541922652721405,0.02527511246175802
0.5113548804553412,0.0729109502011054,0.0,0.0,904.0,0.0,0.0,0.541922652721405,0.02527511246175802
0.536922624478095,0.0729109502011054,0.0,0.0,904.0,0.0,0.0,0.541922652721405,0.02527511246175802
0.5624903685008489,0.0729109502011054,0.0,0.0,904.0,0.0,0.0,0.541922652721405,0.02527511246175802
0.5880581125236027,0.0729109502011054,0.0,0.0,904.0,0.0,0.0,0.541922652721405,0.02527511246175802
0.6136258565463566,0.0729109502011054,0.0,0.0,904.0,0.0,0.0,0.541922652721405,0.02527511246175802
0.6391936005691106,0.0729109502011054,0.0,0.0,904.0,0.0,0.0,0.541922652721405,0.02527511246175802
0.6647613445918644,0.0729109502011054,0.0,0.0,904.0,0.0,0.0,0.541922652721405,0.02527511246175802
0.6903290886146183,0.0729109502011054,0.0,0.0,904.0,0.0,0.0,0.541922652721405,0.02527511246175802
0.7158968326373721,0.0729109502011054,0.0,0.0,904.0,0.0,0.0,0.541922652721405,0.02527511246175802
0.741464576660126,0.0729109502011054,0.0,0.0,904.0,0.0,0.0,0.541922652721405,0.02527511246175802
0.76703232068288,0.0729109502011054,0.0,0.0,904.0,0.0,0.0,0.541922652721405,0.02527511246175802
0.7926000647056338,0.0729109502011054,0.0,0.0,904.0,0.0,0.0,0.541922652721405,0.02527511246175802
0.8181678087283877,0.0729109502011054,0.0,0.0,904.0,0.0,0.0,0.541922652721405,0.02527511246175802
0.8437355527511415,0.0729109502011054,0.0,0.0,904.0,0.0,0.0,0.541922652721405,0.02527511246175802
0.8693032967738954,0.0729109502011054,0.0,0.0,904.0,0.0,0.0,0.541922652721405,0.02527511246175802
0.8948710407966494,0.0729109502011054,0.0,0.0,904.0,0.0,0.0,0.541922652721405,0.02527511246175802
0.9204387848194032,0.0729109502011054,0.0,0.0,904.0,0.0,0.0,0.541922652721405,0.02527511246175802
0.9460065288421571,0.0729109502011054,0.0,0.0,904.0,0.0,0.0,0.541922652721405,0.02527511246175802
0.9715742728649109,0.0729109502011054,0.0,0.0,904.0,0.0,0.0,0.541922652721405,0.02527511246175802
0.9971420168876648,0.0729109502011054,0.0,0.0,904.0,0.0,0.0,0.541922652721405,0.02527511246175802
2.635310589541029e-13,0.10936642481106164,0.3,0.6786471488562298,903.7,-0.11400723457336426,0.2579022823073235,0.5424654126167298,0.024794031092212676
0.02556774402301741,0.10936642481106164,0.0,0.0,904.0,0.0,0.0,0.541922652721405,0.02527511246175802
0.05113548804577129,0.10936642481106164,0.0,0.0,904.0,0.0,0.0,0.541922652721405,0.02527511246175802
0.07670323206852515,0.10936642481106164,0.0,0.0,904.0,0.0,0.0,0.541922652721405,0.02527511246175802
0.10227097609127904,0.10936642481106164,0.0,0.0,904.0,0.0,0.0,0.541922652721405,0.02527511246175802
0.12783872011403294,0.10936642481106164,0.0,0.0,904.0,0.0,0.0,0.541922652721405,0.02527511246175802
0.1534064641367868,0.10936642481106164,0.0,0.0,904.0,0.0,0.0,0.541922652721405,0.02527511246175802
0.17897420815954068,0.10936642481106164,0.0,0.0,904.0,0.0,0.0,0.541922652721405,0.02527511246175802
0.20454195218229457,0.10936642481106164,0.0,0.0,904.0,0.0,0.0,0.541922652721405,0.02527511246175802
0.23010969620504845,0.10936642481106164,0.0,0.0,904.0,0.0,0.0,0.541922652721405,0.02527511246175802
0.2556774402278023,0.10936642481106164,0.0,0.0,904.0,0.0,0.0,0.541922652721405,0.02527511246175802
0.28124518425055617,0.10936642481106164,0.0,0.0,904.0,0.0,0.0,0.541922652721405,0.02527511246175802
0.30681292827331,0.10936642481106164,0.0,0.0,904.0,0.0,0.0,0.541922652721405,0.02527511246175802
0.33238067229606394,0.10936642481106164,0.0,0.0,904.0,0.0,0.0,0.541922652721405,0.02527511246175802
0.3579484163188178,0.10936642481106164,0.0,0.0,904.0,0.0,0.0,0.541922652721405,0.02527511246175802
0.3835161603415717,0.10936642481106164,0.0,0.0,904.0,0.0,0.0,0.541922652721405,0.02527511246175802
0.40908390436432557,0.10936642481106164,0.0,0.0,904.0,0.0,0.0,0.541922652721405,0.02527511246175802
0.4346516483870794,0.10936642481106164,0.0,0.0,904.0,0.0,0.0,0.541922652721405,0.02527511246175802
0.46021939240983334,0.10936642481106164,0.0,0.0,904.0,0.0,0.0,0.541922652721405,0.02527511246175802
0.4857871364325872,0.10936642481106164,0.0,0.0,904.0,0.0,0.0,0.541922652721405,0.02527511246175802
0.5113548804553412,0.10936642481106164,0.0,0.0,904.0,0.0,0.0,0.541922652721405,0.02527511246175802
0.536922624478095,0.10936642481106164,0.0,0.0,904.0,0.0,0.0,0.541922652721405,0.02527511246175802
0.5624903685008489,0.10936642481106164,0.0,0.0,904.0,0.0,0.0,0.541922652721405,0.02527511246175802
0.5880581125236027,0.10936642481106164,0.0,0.0,904.0,0.0,0.0,0.541922652721405,0.02527511246175802
0.6136258565463566,0.10936642481106164,0.0,0.0,904.0,0.0,0.0,0.541922652721405,0.02527511246175802
0.6391936005691106,0.10936642481106164,0.0,0.0,904.0,0.0,0.0,0.541922652721405,0.02527511246175802
0.6647613445918644,0.10936642481106164,0.0,0.0,904.0,0.0,0.0,0.541922652721405,0.02527511246175802
0.6903290886146183,0.10936642481106164,0.0,0.0,904.0,0.0,0.0,0.541922652721405,0.02527511246175802
0.7158968326373721,0.10936642481106164,0.0,0.0,904.0,0.0,0.0,0.541922652721405,0.02527511246175802
0.741464576660126,0.10936642481106164,0.0,0.0,904.0,0.0,0.0,0.541922652721405,0.02527511246175802
0.76703232068288,0.10936642481106164,0.0,0.0,904.0,0.0,0.0,0.541922652721405,0.02527511246175802
0.7926000647056338,0.10936642481106164,0.0,0.0,904.0,0.0,0.0,0.541922652721405,0.02527511246175802
0.8181678087283877,0.10936642481106164,0.0,0.0,904.0,0.0,0.0,0.541922652721405,0.02527511246175802
0.8437355527511415,0.10936642481106164,0.0,0.0,904.0,0.0,0.0,0.541922652721405,0.02527511246175802
0.8693032967738954,0.10936642481106164,0.0,0.0,904.0,0.0,0.0,0.541922652721405,0.02527511246175802
0.8948710407966494,0.10936642481106164,0.0,0.0,904.0,0.0,0.0,0.541922652721405,0.02527511246175802
0.9204387848194032,0.10936642481106164,0.0,0.0,904.0,0.0,0.0,0.541922652721405,0.02527511246175802
0.9460065288421571,0.10936642481106164,0.0,0.0,904.0,0.0,0.0,0.541922652721405,0.02527511246175802
0.9715742728649109,0.10936642481106164,0.0,0.0,904.0,0.0,0.0,0.541922652721405,0.02527511246175802
0.9971420168876648,0.10936642481106164,0.0,0.0,904.0,0.0,0.0,0.541922652721405,0.02527511246175802
2.635310589541029e-13,0.14582189942101786,0.3,0.6786471488562298,903.7,-0.11400723457336426,0.2579022823073235,0.5424654126167298,0.024794031092212676
0.02556774402301741,0.14582189942101786,0.0,0.0,904.0,0.0,0.0,0.541922652721405,0.02527511246175802
0.05113548804577129,0.14582189942101786,0.0,0.0,904.0,0.0,0.0,0.541922652721405,0.02527511246175802
0.07670323206852515,0.14582189942101786,0.0,0.0,904.0,0.0,0.0,0.541922652721405,0.02527511246175802
0.10227097609127904,0.14582189942101786,0.0,0.0,904.0,0.0,0.0,0.541922652721405,0.02527511246175802
0.12783872011403294,0.14582189942101786,0.0,0.0,904.0,0.0,0.0,0.541922652721405,0.02527511246175802
0.1534064641367868,0.14582189942101786,0.0,0.0,904.0,0.0,0.0,0.541922652721405,0.02527511246175802
0.17897420815954068,0.14582189942101786,0.0,0.0,904.0,0.0,0.0,0.541922652721405,0.02527511246175802
0.20454195218229457,0.14582189942101786,0.0,0.0,904.0,0.0,0.0,0.541922652721405,0.02527511246175802
0.23010969620504845,0.14582189942101786,0.0,0.0,904.0,0.0,0.0,0.541922652721405,0.02527511246175802
0.2556774402278023,0.14582189942101786,0.0,0.0,904.0,0.0,0.0,0.541922652721405,0.02527511246175802
0.28124518425055617,0.14582189942101786,0.0,0.0,904.0,0.0,0.0,0.541922652721405,0.02527511246175802
0.30681292827331,0.14582189942101786,0.0,0.0,904.0,0.0,0.0,0.541922652721405,0.02527511246175802
0.33238067229606394,0.14582189942101786,0.0,0.0,904.0,0.0,0.0,0.541922652721405,0.02527511246175802
0.3579484163188178,0.14582189942101786,0.0,0.0,904.0,0.0,0.0,0.541922652721405,0.02527511246175802
0.3835161603415717,0.14582189942101786,0.0,0.0,904.0,0.0,0.0,0.541922652721405,0.02527511246175802
0.40908390436432557,0.14582189942101786,0.0,0.0,904.0,0.0,0.0,0.541922652721405,0.02527511246175802
0.4346516483870794,0.14582189942101786,0.0,0.0,904.0,0.0,0.0,0.541922652721405,0.02527511246175802
0.46021939240983334,0.14582189942101786,0.0,0.0,904.0,0.0,0.0,0.541922652721405,0.02527511246175802
0.4857871364325872,0.14582189942101786,0.0,0.0,904.0,0.0,0.0,0.541922652721405,0.02527511246175802
0.5113548804553412,0.14582189942101786,0.0,0.0,904.0,0.0,0.0,0.541922652721405,0.02527511246175802
0.536922624478095,0.14582189942101786,0.0,0.0,904.0,0.0,0.0,0.541922652721405,0.02527511246175802
0.5624903685008489,0.14582189942101786,0.0,0.0,904.0,0.0,0.0,0.541922652721405,0.02527511246175802
0.5880581125236027,0.14582189942101786,0.0,0.0,904.0,0.0,0.0,0.541922652721405,0.02527511246175802
0.6136258565463566,0.14582189942101786,0.0,0.0,904.0,0.0,0.0,0.541922652721405,0.02527511246175802
0.6391936005691106,0.14582189942101786,0.0,0.0,904.0,0.0,0.0,0.541922652721405,0.02527511246175802
0.6647613445918644,0.14582189942101786,0.0,0.0,904.0,0.0,0.0,0.541922652721405,0.02527511246175802
0.6903290886146183,0.14582189942101786,0.0,0.0,904.0,0.0,0.0,0.541922652721405,0.02527511246175802
0.7158968326373721,0.14582189942101786,0.0,0.0,904.0,0.0,0.0,0.541922652721405,0.02527511246175802
0.741464576660126,0.14582189942101786,0.0,0.0,904.0,0.0,0.0,0.541922652721405,0.02527511246175802
0.76703232068288,0.14582189942101786,0.0,0.0,904.0,0.0,0.0,0.541922652721405,0.02527511246175802
0.7926000647056338,0.14582189942101786,0.0,0.0,904.0,0.0,0.0,0.541922652721405,0.02527511246175802
0.8181678087283877,0.14582189942101786,0.0,0.0,904.0,0.0,0.0,0.541922652721405,0.02527511246175802
0.8437355527511415,0.14582189942101786,0.0,0.0,904.0,0.0,0.0,0.541922652721405,0.02527511246175802
0.8693032967738954,0.14582189942101786,0.0,0.0,904.0,0.0,0.0,0.541922652721405,0.02527511246175802
0.8948710407966494,0.14582189942101786,0.0,0.0,904.0,0.0,0.0,0.541922652721405,0.02527511246175802
0.9204387848194032,0.14582189942101786,0.0,0.0,904.0,0.0,0.0,0.541922652721405,0.02527511246175802
0.9460065288421571,0.14582189942101786,0.0,0.0,904.0,0.0,0.0,0.541922652721405,0.02527511246175802
0.9715742728649109,0.14582189942101786,0.0,0.0,904.0,0.0,0.0,0.541922652721405,0.02527511246175802
0.9971420168876648,0.14582189942101786,0.0,0.0,904.0,0.0,0.0,0.541922652721405,0.02527511246175802
2.635310589541029e-13,0.1822773740309741,0.3,0.6786471488562298,903.7,-0.11400723457336426,0.2579022823073235,0.5424654126167298,0.024794031092212676
0.02556774402301741,0.1822773740309741,0.0,0.0,904.0,0.0,0.0,0.541922652721405,0.02527511246175802
0.05113548804577129,0.1822773740309741,0.0,0.0,904.0,0.0,0.0,0.541922652721405,0.02527511246175802
0.07670323206852515,0.1822773740309741,0.0,0.0,904.0,0.0,0.0,0.541922652721405,0.02527511246175802
0.10227097609127904,0.1822773740309741,0.0,0.0,904.0,0.0,0.0,0.541922652721405,0.02527511246175802
0.12783872011403294,0.1822773740309741,0.0,0.0,904.0,0.0,0.0,0.541922652721405,0.02527511246175802
0.1534064641367868,0.1822773740309741,0.0,0.0,904.0,0.0,0.0,0.541922652721405,0.02527511246175802
0.17897420815954068,0.1822773740309741,0.0,0.0,904.0,0.0,0.0,0.541922652721405,0.02527511246175802
0.20454195218229457,0.1822773740309741,0.0,0.0,904.0,0.0,0.0,0.541922652721405,0.02527511246175802
0.23010969620504845,0.1822773740309741,0.0,0.0,904.0,0.0,0.0,0.541922652721405,0.02527511246175802
0.2556774402278023,0.1822773740309741,0.0,0.0,904.0,0.0,0.0,0.541922652721405,0.02527511246175802
0.28124518425055617,0.1822773740309741,0.0,0.0,904.0,0.0,0.0,0.541922652721405,0.02527511246175802
0.30681292827331,0.1822773740309741,0.0,0.0,904.0,0.0,0.0,0.541922652721405,0.02527511246175802
0.33238067229606394,0.1822773740309741,0.0,0.0,904.0,0.0,0.0,0.541922652721405,0.02527511246175802
0.3579484163188178,0.1822773740309741,0.0,0.0,904.0,0.0,0.0,0.541922652721405,0.02527511246175802
0.3835161603415717,0.1822773740309741,0.0,0.0,904.0,0.0,0.0,0.541922652721405,0.02527511246175802
0.40908390436432557,0.1822773740309741,0.0,0.0,904.0,0.0,0.0,0.541922652721405,0.02527511246175802
0.4346516483870794,0.1822773740309741,0.0,0.0,904.0,0.0,0.0,0.541922652721405,0.02527511246175802
0.46021939240983334,0.1822773740309741,0.0,0.0,904.0,0.0,0.0,0.541922652721405,0.02527511246175802
0.4857871364325872,0.1822773740309741,0.0,0.0,904.0,0.0,0.0,0.541922652721405,0.02527511246175802
0.5113548804553412,0.1822773740309741,0.0,0.0,904.0,0.0,0.0,0.541922652721405,0.02527511246175802
0.536922624478095,0.1822773740309741,0.0,0.0,904.0,0.0,0.0,0.541922652721405,0.02527511246175802
0.5624903685008489,0.1822773740309741,0.0,0.0,904.0,0.0,0.0,0.541922652721405,0.02527511246175802
0.5880581125236027,0.1822773740309741,0.0,0.0,904.0,0.0,0.0,0.541922652721405,0.02527511246175802
0.6136258565463566,0.1822773740309741,0.0,0.0,904.0,0.0,0.0,0.541922652721405,0.02527511246175802
0.6391936005691106,0.1822773740309741,0.0,0.0,904.0,0.0,0.0,0.541922652721405,0.02527511246175802
0.6647613445918644,0.1822773740309741,0.0,0.0,904.0,0.0,0.0,0.541922652721405,0.02527511246175802
0.6903290886146183,0.1822773740309741,0.0,0.0,904.0,0.0,0.0,0.541922652721405,0.02527511246175802
0.7158968326373721,0.1822773740309741,0.0,0.0,904.0,0.0,0.0,0.541922652721405,0.02527511246175802
0.741464576660126,0.1822773740309741,0.0,0.0,904.0,0.0,0.0,0.541922652721405,0.02527511246175802
0.76703232068288,0.1822773740309741,0.0,0.0,904.0,0.0,0.0,0.541922652721405,0.02527511246175802
0.7926000647056338,0.1822773740309741,0.0,0.0,904.0,0.0,0.0,0.541922652721405,0.02527511246175802
0.8181678087283877,0.1822773740309741,0.0,0.0,904.0,0.0,0.0,0.541922652721405,0.02527511246175802
0.8437355527511415,0.1822773740309741,0.0,0.0,904.0,0.0,0.0,0.541922652721405,0.02527511246175802
0.8693032967738954,0.1822773740309741,0.0,0.0,904.0,0.0,0.0,0.541922652721405,0.02527511246175802
0.8948710407966494,0.1822773740309741,0.0,0.0,904.0,0.0,0.0,0.541922652721405,0.02527511246175802
0.9204387848194032,0.1822773740309741,0.0,0.0,904.0,0.0,0.0,0.541922652721405,0.02527511246175802
0.9460065288421571,0.1822773740309741,0.0,0.0,904.0,0.0,0.0,0.541922652721405,0.02527511246175802
0.9715742728649109,0.1822773740309741,0.0,0.0,904.0,0.0,0.0,0.541922652721405,0.02527511246175802
0.9971420168876648,0.1822773740309741,0.0,0.0,904.0,0.0,0.0,0.541922652721405,0.02527511246175802
2.635310589541029e-13,0.21873284864093034,0.3,0.6786471488562298,903.7,-0.11400723457336426,0.2579022823073235,0.5424654126167298,0.024794031092212676
0.02556774402301741,0.21873284864093034,0.0,0.0,904.0,0.0,0.0,0.541922652721405,0.02527511246175802
0.05113548804577129,0.21873284864093034,0.0,0.0,904.0,0.0,0.0,0.541922652721405,0.02527511246175802
0.07670323206852515,0.21873284864093034,0.0,0.0,904.0,0.0,0.0,0.541922652721405,0.02527511246175802
0.10227097609127904,0.21873284864093034,0.0,0.0,904.0,0.0,0.0,0.541922652721405,0.02527511246175802
0.12783872011403294,0.21873284864093034,0.0,0.0,904.0,0.0,0.0,0.541922652721405,0.02527511246175802
0.1534064641367868,0.21873284864093034,0.0,0.0,904.0,0.0,0.0,0.541922652721405,0.02527511246175802
0.17897420815954068,0.21873284864093034,0.0,0.0,904.0,0.0,0.0,0.541922652721405,0.02527511246175802
0.20454195218229457,0.21873284864093034,0.0,0.0,904.0,0.0,0.0,0.541922652721405,0.02527511246175802
0.23010969620504845,0.21873284864093034,0.0,0.0,904.0,0.0,0.0,0.541922652721405,0.02527511246175802
0.2556774402278023,0.21873284864093034,0.0,0.0,904.0,0.0,0.0,0.541922652721405,0.02527511246175802
0.28124518425055617,0.21873284864093034,0.0,0.0,904.0,0.0,0.0,0.541922652721405,0.02527511246175802
0.30681292827331,0.21873284864093034,0.0,0.0,904.0,0.0,0.0,0.541922652721405,0.02527511246175802
0.33238067229606394,0.21873284864093034,0.0,0.0,904.0,0.0,0.0,0.541922652721405,0.02527511246175802
0.3579484163188178,0.21873284864093034,0.0,0.0,904.0,0.0,0.0,0.541922652721405,0.02527511246175802
0.3835161603415717,0.21873284864093034,0.0,0.0,904.0,0.0,0.0,0.541922652721405,0.02527511246175802
0.40908390436432557,0.21873284864093034,0.0,0.0,904.0,0.0,0.0,0.541922652721405,0.02527511246175802
0.4346516483870794,0.21873284864093034,0.0,0.0,904.0,0.0,0.0,0.541922652721405,0.02527511246175802
0.46021939240983334,0.21873284864093034,0.0,0.0,904.0,0.0,0.0,0.541922652721405,0.02527511246175802
0.4857871364325872,0.21873284864093034,0.0,0.0,904.0,0.0,0.0,0.541922652721405,0.02527511246175802
0.5113548804553412,0.21873284864093034,0.0,0.0,904.0,0.0,0.0,0.541922652721405,0.02527511246175802
0.536922624478095,0.21873284864093034,0.0,0.0,904.0,0.0,0.0,0.541922652721405,0.02527511246175802
0.5624903685008489,0.21873284864093034,0.0,0.0,904.0,0.0,0.0,0.541922652721405,0.02527511246175802
0.5880581125236027,0.21873284864093034,0.0,0.0,904.0,0.0,0.0,0.541922652721405,0.02527511246175802
0.6136258565463566,0.21873284864093034,0.0,0.0,904.0,0.0,0.0,0.541922652721405,0.02527511246175802
0.6391936005691106,0.21873284864093034,0.0,0.0,904.0,0.0,0.0,0.541922652721405,0.02527511246175802
0.6647613445918644,0.21873284864093034,0.0,0.0,904.0,0.0,0.0,0.541922652721405,0.02527511246175802
0.6903290886146183,0.21873284864093034,0.0,0.0,904.0,0.0,0.0,0.541922652721405,0.02527511246175802
0.7158968326373721,0.21873284864093034,0.0,0.0,904.0,0.0,0.0,0.541922652721405,0.02527511246175802
0.741464576660126,0.21873284864093034,0.0,0.0,904.0,0.0,0.0,0.541922652721405,0.02527511246175802
0.76703232068288,0.21873284864093034,0.0,0.0,904.0,0.0,0.0,0.541922652721405,0.02527511246175802
0.7926000647056338,0.21873284864093034,0.0,0.0,904.0,0.0,0.0,0.541922652721405,0.02527511246175802
0.8181678087283877,0.21873284864093034,0.0,0.0,904.0,0.0,0.0,0.541922652721405,0.02527511246175802
0.8437355527511415,0.21873284864093034,0.0,0.0,904.0,0.0,0.0,0.541922652721405,0.02527511246175802
0.8693032967738954,0.21873284864093034,0.0,0.0,904.0,0.0,0.0,0.541922652721405,0.02527511246175802
0.8948710407966494,0.21873284864093034,0.0,0.0,904.0,0.0,0.0,0.541922652721405,0.02527511246175802
0.9204387848194032,0.21873284864093034,0.0,0.0,904.0,0.0,0.0,0.541922652721405,0.02527511246175802
0.9460065288421571,0.21873284864093034,0.0,0.0,904.0,0.0,0.0,0.541922652721405,0.02527511246175802
0.9715742728649109,0.21873284864093034,0.0,0.0,904.0,0.0,0.0,0.541922652721405,0.02527511246175802
0.9971420168876648,0.21873284864093034,0.0,0.0,904.0,0.0,0.0,0.541922652721405,0.02527511246175802
2.635310589541029e-13,0.2551883232508866,0.3,0.6786471488562298,903.7,-0.11400723457336426,0.2579022823073235,0.5424654126167298,0.024794031092212676
0.02556774402301741,0.2551883232508866,0.0,0.0,904.0,0.0,0.0,0.541922652721405,0.02527511246175802
0.05113548804577129,0.2551883232508866,0.0,0.0,904.0,0.0,0.0,0.541922652721405,0.02527511246175802
0.07670323206852515,0.2551883232508866,0.0,0.0,904.0,0.0,0.0,0.541922652721405,0.02527511246175802
0.10227097609127904,0.2551883232508866,0.0,0.0,904.0,0.0,0.0,0.541922652721405,0.02527511246175802
0.12783872011403294,0.2551883232508866,0.0,0.0,904.0,0.0,0.0,0.541922652721405,0.02527511246175802
0.1534064641367868,0.2551883232508866,0.0,0.0,904.0,0.0,0.0,0.541922652721405,0.02527511246175802
0.17897420815954068,0.2551883232508866,0.0,0.0,904.0,0.0,0.0,0.541922652721405,0.02527511246175802
0.20454195218229457,0.2551883232508866,0.0,0.0,904.0,0.0,0.0,0.541922652721405,0.02527511246175802
0.23010969620504845,0.2551883232508866,0.0,0.0,904.0,0.0,0.0,0.541922652721405,0.02527511246175802
0.2556774402278023,0.2551883232508866,0.0,0.0,904.0,0.0,0.0,0.541922652721405,0.02527511246175802
0.28124518425055617,0.2551883232508866,0.0,0.0,904.0,0.0,0.0,0.541922652721405,0.02527511246175802
0.30681292827331,0.2551883232508866,0.0,0.0,904.0,0.0,0.0,0.541922652721405,0.02527511246175802
0.33238067229606394,0.2551883232508866,0.0,0.0,904.0,0.0,0.0,0.541922652721405,0.02527511246175802
0.3579484163188178,0.2551883232508866,0.0,0.0,904.0,0.0,0.0,0.541922652721405,0.02527511246175802
0.3835161603415717,0.2551883232508866,0.0,0.0,904.0,0.0,0.0,0.541922652721405,0.02527511246175802
0.40908390436432557,0.2551883232508866,0.0,0.0,904.0,0.0,0.0,0.541922652721405,0.02527511246175802
0.4346516483870794,0.2551883232508866,0.0,0.0,904.0,0.0,0.0,0.541922652721405,0.02527511246175802
0.46021939240983334,0.2551883232508866,0.0,0.0,904.0,0.0,0.0,0.541922652721405,0.02527511246175802
0.4857871364325872,0.2551883232508866,0.0,0.0,904.0,0.0,0.0,0.541922652721405,0.02527511246175802
0.5113548804553412,0.2551883232508866,0.0,0.0,904.0,0.0,0.0,0.541922652721405,0.02527511246175802
0.536922624478095,0.2551883232508866,0.0,0.0,904.0,0.0,0.0,0.541922652721405,0.02527511246175802
0.5624903685008489,0.2551883232508866,0.0,0.0,904.0,0.0,0.0,0.541922652721405,0.02527511246175802
0.5880581125236027,0.2551883232508866,0.0,0.0,904.0,0.0,0.0,0.541922652721405,0.02527511246175802
0.6136258565463566,0.2551883232508866,0.0,0.0,904.0,0.0,0.0,0.541922652721405,0.02527511246175802
0.6391936005691106,0.2551883232508866,0.0,0.0,904.0,0.0,0.0,0.541922652721405,0.02527511246175802
0.6647613445918644,0.2551883232508866,0.0,0.0,904.0,0.0,0.0,0.541922652721405,0.02527511246175802
0.6903290886146183,0.2551883232508866,0.0,0.0,904.0,0.0,0.0,0.541922652721405,0.02527511246175802
0.7158968326373721,0.2551883232508866,0.0,0.0,904.0,0.0,0.0,0.541922652721405,0.02527511246175802
0.741464576660126,0.2551883232508866,0.0,0.0,904.0,0.0,0.0,0.541922652721405,0.02527511246175802
0.76703232068288,0.2551883232508866,0.0,0.0,904.0,0.0,0.0,0.541922652721405,0.02527511246175802
0.7926000647056338,0.2551883232508866,0.0,0.0,904.0,0.0,0.0,0.541922652721405,0.02527511246175802
0.8181678087283877,0.2551883232508866,0.0,0.0,904.0,0.0,0.0,0.541922652721405,0.02527511246175802
0.8437355527511415,0.2551883232508866,0.0,0.0,904.0,0.0,0.0,0.541922652721405,0.02527511246175802
0.8693032967738954,0.2551883232508866,0.0,0.0,904.0,0.0,0.0,0.541922652721405,0.02527511246175802
0.8948710407966494,0.2551883232508866,0.0,0.0,904.0,0.0,0.0,0.541922652721405,0.02527511246175802
0.9204387848194032,0.2551883232508866,0.0,0.0,904.0,0.0,0.0,0.541922652721405,0.02527511246175802
0.9460065288421571,0.2551883232508866,0.0,0.0,904.0,0.0,0.0,0.541922652721405,0.02527511246175802
0.9715742728649109,0.2551883232508866,0.0,0.0,904.0,0.0,0.0,0.541922652721405,0.02527511246175802
0.9971420168876648,0.2551883232508866,0.0,0.0,904.0,0.0,0.0,0.541922652721405,0.02527511246175802
2.635310589541029e-13,0.2916437978608428,0.3,0.6786471488562298,903.7,-0.11400723457336426,0.2579022823073235,0.5424654126167298,0.024794031092212676
0.02556774402301741,0.2916437978608428,0.0,0.0,904.0,0.0,0.0,0.541922652721405,0.02527511246175802
0.05113548804577129,0.2916437978608428,0.0,0.0,904.0,0.0,0.0,0.541922652721405,0.02527511246175802
0.07670323206852515,0.2916437978608428,0.0,0.0,904.0,0.0,0.0,0.541922652721405,0.02527511246175802
0.10227097609127904,0.2916437978608428,0.0,0.0,904.0,0.0,0.0,0.541922652721405,0.02527511246175802
0.12783872011403294,0.2916437978608428,0.0,0.0,904.0,0.0,0.0,0.541922652721405,0.02527511246175802
0.1534064641367868,0.2916437978608428,0.0,0.0,904.0,0.0,0.0,0.541922652721405,0.02527511246175802
0.17897420815954068,0.2916437978608428,0.0,0.0,904.0,0.0,0.0,0.541922652721405,0.02527511246175802
0.20454195218229457,0.2916437978608428,0.0,0.0,904.0,0.0,0.0,0.541922652721405,0.02527511246175802
0.23010969620504845,0.2916437978608428,0.0,0.0,904.0,0.0,0.0,0.541922652721405,0.02527511246175802
0.2556774402278023,0.2916437978608428,0.0,0.0,904.0,0.0,0.0,0.541922652721405,0.02527511246175802
0.28124518425055617,0.2916437978608428,0.0,0.0,904.0,0.0,0.0,0.541922652721405,0.02527511246175802
0.30681292827331,0.2916437978608428,0.0,0.0,904.0,0.0,0.0,0.541922652721405,0.02527511246175802
0.33238067229606394,0.2916437978608428,0.0,0.0,904.0,0.0,0.0,0.541922652721405,0.02527511246175802
0.3579484163188178,0.2916437978608428,0.0,0.0,904.0,0.0,0.0,0.541922652721405,0.02527511246175802
0.3835161603415717,0.2916437978608428,0.0,0.0,904.0,0.0,0.0,0.541922652721405,0.02527511246175802
0.40908390436432557,0.2916437978608428,0.0,0.0,904.0,0.0,0.0,0.541922652721405,0.02527511246175802
0.4346516483870794,0.2916437978608428,0.0,0.0,904.0,0.0,0.0,0.541922652721405,0.02527511246175802
0.46021939240983334,0.2916437978608428,0.0,0.0,904.0,0.0,0.0,0.541922652721405,0.02527511246175802
0.4857871364325872,0.2916437978608428,0.0,0.0,904.0,0.0,0.0,0.541922652721405,0.02527511246175802
0.5113548804553412,0.2916437978608428,0.0,0.0,904.0,0.0,0.0,0.541922652721405,0.02527511246175802
0.536922624478095,0.2916437978608428,0.0,0.0,904.0,0.0,0.0,0.541922652721405,0.02527511246175802
0.5624903685008489,0.2916437978608428,0.0,0.0,904.0,0.0,0.0,0.541922652721405,0.02527511246175802
0.5880581125236027,0.2916437978608428,0.0,0.0,904.0,0.0,0.0,0.541922652721405,0.02527511246175802
0.6136258565463566,0.2916437978608428,0.0,0.0,904.0,0.0,0.0,0.541922652721405,0.02527511246175802
0.6391936005691106,0.2916437978608428,0.0,0.0,904.0,0.0,0.0,0.541922652721405,0.02527511246175802
0.6647613445918644,0.2916437978608428,0.0,0.0,904.0,0.0,0.0,0.541922652721405,0.02527511246175802
0.6903290886146183,0.2916437978608428,0.0,0.0,904.0,0.0,0.0,0.541922652721405,0.02527511246175802
0.7158968326373721,0.2916437978608428,0.0,0.0,904.0,0.0,0.0,0.541922652721405,0.02527511246175802
0.741464576660126,0.2916437978608428,0.0,0.0,904.0,0.0,0.0,0.541922652721405,0.02527511246175802
0.76703232068288,0.2916437978608428,0.0,0.0,904.0,0.0,0.0,0.541922652721405,0.02527511246175802
0.7926000647056338,0.2916437978608428,0.0,0.0,904.0,0.0,0.0,0.541922652721405,0.02527511246175802
0.8181678087283877,0.2916437978608428,0.0,0.0,904.0,0.0,0.0,0.541922652721405,0.02527511246175802
0.8437355527511415,0.2916437978608428,0.0,0.0,904.0,0.0,0.0,0.541922652721405,0.02527511246175802
0.8693032967738954,0.2916437978608428,0.0,0.0,904.0,0.0,0.0,0.541922652721405,0.02527511246175802
0.8948710407966494,0.2916437978608428,0.0,0.0,904.0,0.0,0.0,0.541922652721405,0.02527511246175802
0.9204387848194032,0.2916437978608428,0.0,0.0,904.0,0.0,0.0,0.541922652721405,0.02527511246175802
0.9460065288421571,0.2916437978608428,0.0,0.0,904.0,0.0,0.0,0.541922652721405,0.02527511246175802
0.9715742728649109,0.2916437978608428,0.0,0.0,904.0,0.0,0.0,0.541922652721405,0.02527511246175802
0.9971420168876648,0.2916437978608428,0.0,0.0,904.0,0.0,0.0,0.541922652721405,0.02527511246175802
2.635310589541029e-13,0.32809927247079906,0.3,0.6786471488562298,903.7,-0.11400723457336426,0.2579022823073235,0.5424654126167298,0.024794031092212676
0.02556774402301741,0.32809927247079906,0.0,0.0,904.0,0.0,0.0,0.541922652721405,0.02527511246175802
0.05113548804577129,0.32809927247079906,0.0,0.0,904.0,0.0,0.0,0.541922652721405,0.02527511246175802
0.07670323206852515,0.32809927247079906,0.0,0.0,904.0,0.0,0.0,0.541922652721405,0.02527511246175802
0.10227097609127904,0.32809927247079906,0.0,0.0,904.0,0.0,0.0,0.541922652721405,0.02527511246175802
0.12783872011403294,0.32809927247079906,0.0,0.0,904.0,0.0,0.0,0.541922652721405,0.02527511246175802
0.1534064641367868,0.32809927247079906,0.0,0.0,904.0,0.0,0.0,0.541922652721405,0.02527511246175802
0.17897420815954068,0.32809927247079906,0.0,0.0,904.0,0.0,0.0,0.541922652721405,0.02527511246175802
0.20454195218229457,0.32809927247079906,0.0,0.0,904.0,0.0,0.0,0.541922652721405,0.02527511246175802
0.23010969620504845,0.32809927247079906,0.0,0.0,904.0,0.0,0.0,0.541922652721405,0.02527511246175802
0.2556774402278023,0.32809927247079906,0.0,0.0,904.0,0.0,0.0,0.541922652721405,0.02527511246175802
0.28124518425055617,0.32809927247079906,0.0,0.0,904.0,0.0,0.0,0.541922652721405,0.02527511246175802
0.30681292827331,0.32809927247079906,0.0,0.0,904.0,0.0,0.0,0.541922652721405,0.02527511246175802
0.33238067229606394,0.32809927247079906,0.0,0.0,904.0,0.0,0.0,0.541922652721405,0.02527511246175802
0.3579484163188178,0.32809927247079906,0.0,0.0,904.0,0.0,0.0,0.541922652721405,0.02527511246175802
0.3835161603415717,0.32809927247079906,0.0,0.0,904.0,0.0,0.0,0.541922652721405,0.02527511246175802
0.40908390436432557,0.32809927247079906,0.0,0.0,904.0,0.0,0.0,0.541922652721405,0.02527511246175802
0.4346516483870794,0.32809927247079906,0.0,0.0,904.0,0.0,0.0,0.541922652721405,0.02527511246175802
0.46021939240983334,0.32809927247079906,0.0,0.0,904.0,0.0,0.0,0.541922652721405,0.02527511246175802
0.4857871364325872,0.32809927247079906,0.0,0.0,904.0,0.0,0.0,0.541922652721405,0.02527511246175802
0.5113548804553412,0.32809927247079906,0.0,0.0,904.0,0.0,0.0,0.541922652721405,0.02527511246175802
0.536922624478095,0.32809927247079906,0.0,0.0,904.0,0.0,0.0,0.541922652721405,0.02527511246175802
0.5624903685008489,0.32809927247079906,0.0,0.0,904.0,0.0,0.0,0.541922652721405,0.02527511246175802
0.5880581125236027,0.32809927247079906,0.0,0.0,904.0,0.0,0.0,0.541922652721405,0.02527511246175802
0.6136258565463566,0.32809927247079906,0.0,0.0,904.0,0.0,0.0,0.541922652721405,0.02527511246175802
0.6391936005691106,0.32809927247079906,0.0,0.0,904.0,0.0,0.0,0.541922652721405,0.02527511246175802
0.6647613445918644,0.32809927247079906,0.0,0.0,904.0,0.0,0.0,0.541922652721405,0.02527511246175802
0.6903290886146183,0.32809927247079906,0.0,0.0,904.0,0.0,0.0,0.541922652721405,0.02527511246175802
0.7158968326373721,0.32809927247079906,0.0,0.0,904.0,0.0,0.0,0.541922652721405,0.02527511246175802
0.741464576660126,0.32809927247079906,0.0,0.0,904.0,0.0,0.0,0.541922652721405,0.02527511246175802
0.76703232068288,0.32809927247079906,0.0,0.0,904.0,0.0,0.0,0.541922652721405,0.02527511246175802
0.7926000647056338,0.32809927247079906,0.0,0.0,904.0,0.0,0.0,0.541922652721405,0.02527511246175802
0.8181678087283877,0.32809927247079906,0.0,0.0,904.0,0.0,0.0,0.541922652721405,0.02527511246175802
0.8437355527511415,0.32809927247079906,0.0,0.0,904.0,0.0,0.0,0.541922652721405,0.02527511246175802
0.8693032967738954,0.32809927247079906,0.0,0.0,904.0,0.0,0.0,0.541922652721405,0.02527511246175802
0.8948710407966494,0.32809927247079906,0.0,0.0,904.0,0.0,0.0,0.541922652721405,0.02527511246175802
0.9204387848194032,0.32809927247079906,0.0,0.0,904.0,0.0,0.0,0.541922652721405,0.02527511246175802
0.9460065288421571,0.32809927247079906,0.0,0.0,904.0,0.0,0.0,0.541922652721405,0.02527511246175802
0.9715742728649109,0.32809927247079906,0.0,0.0,904.0,0.0,0.0,0.541922652721405,0.02527511246175802
0.9971420168876648,0.32809927247079906,0.0,0.0,904.0,0.0,0.0,0.541922652721405,0.02527511246175802
2.635310589541029e-13,0.3645547470807553,0.3,0.6786471488562298,903.7,-0.11400723457336426,0.2579022823073235,0.5424654126167298,0.024794031092212676
0.02556774402301741,0.3645547470807553,0.0,0.0,904.0,0.0,0.0,0.541922652721405,0.02527511246175802
0.05113548804577129,0.3645547470807553,0.0,0.0,904.0,0.0,0.0,0.541922652721405,0.02527511246175802
0.07670323206852515,0.3645547470807553,0.0,0.0,904.0,0.0,0.0,0.541922652721405,0.02527511246175802
0.10227097609127904,0.3645547470807553,0.0,0.0,904.0,0.0,0.0,0.541922652721405,0.02527511246175802
0.12783872011403294,0.3645547470807553,0.0,0.0,904.0,0.0,0.0,0.541922652721405,0.02527511246175802
0.1534064641367868,0.3645547470807553,0.0,0.0,904.0,0.0,0.0,0.541922652721405,0.02527511246175802
0.17897420815954068,0.3645547470807553,0.0,0.0,904.0,0.0,0.0,0.541922652721405,0.02527511246175802
0.20454195218229457,0.3645547470807553,0.0,0.0,904.0,0.0,0.0,0.541922652721405,0.02527511246175802
0.23010969620504845,0.3645547470807553,0.0,0.0,904.0,0.0,0.0,0.541922652721405,0.02527511246175802
0.2556774402278023,0.3645547470807553,0.0,0.0,904.0,0.0,0.0,0.541922652721405,0.02527511246175802
0.28124518425055617,0.3645547470807553,0.0,0.0,904.0,0.0,0.0,0.541922652721405,0.02527511246175802
0.30681292827331,0.3645547470807553,0.0,0.0,904.0,0.0,0.0,0.541922652721405,0.02527511246175802
0.33238067229606394,0.3645547470807553,0.0,0.0,904.0,0.0,0.0,0.541922652721405,0.02527511246175802
0.3579484163188178,0.3645547470807553,0.0,0.0,904.0,0.0,0.0,0.541922652721405,0.02527511246175802
0.3835161603415717,0.3645547470807553,0.0,0.0,904.0,0.0,0.0,0.541922652721405,0.02527511246175802
0.40908390436432557,0.3645547470807553,0.0,0.0,904.0,0.0,0.0,0.541922652721405,0.02527511246175802
0.4346516483870794,0.3645547470807553,0.0,0.0,904.0,0.0,0.0,0.541922652721405,0.02527511246175802
0.46021939240983334,0.3645547470807553,0.0,0.0,904.0,0.0,0.0,0.541922652721405,0.02527511246175802
0.4857871364325872,0.3645547470807553,0.0,0.0,904.0,0.0,0.0,0.541922652721405,0.02527511246175802
0.5113548804553412,0.3645547470807553,0.0,0.0,904.0,0.0,0.0,0.541922652721405,0.02527511246175802
0.536922624478095,0.3645547470807553,0.0,0.0,904.0,0.0,0.0,0.541922652721405,0.02527511246175802
0.5624903685008489,0.3645547470807553,0.0,0.0,904.0,0.0,0.0,0.541922652721405,0.02527511246175802
0.5880581125236027,0.3645547470807553,0.0,0.0,904.0,0.0,0.0,0.541922652721405,0.02527511246175802
0.6136258565463566,0.3645547470807553,0.0,0.0,904.0,0.0,0.0,0.541922652721405,0.02527511246175802
0.6391936005691106,0.3645547470807553,0.0,0.0,904.0,0.0,0.0,0.541922652721405,0.02527511246175802
0.6647613445918644,0.3645547470807553,0.0,0.0,904.0,0.0,0.0,0.541922652721405,0.02527511246175802
0.6903290886146183,0.3645547470807553,0.0,0.0,904.0,0.0,0.0,0.541922652721405,0.02527511246175802
0.7158968326373721,0.3645547470807553,0.0,0.0,904.0,0.0,0.0,0.541922652721405,0.02527511246175802
0.741464576660126,0.3645547470807553,0.0,0.0,904.0,0.0,0.0,0.541922652721405,0.02527511246175802
0.76703232068288,0.3645547470807553,0.0,0.0,904.0,0.0,0.0,0.541922652721405,0.02527511246175802
0.7926000647056338,0.3645547470807553,0.0,0.0,904.0,0.0,0.0,0.541922652721405,0.02527511246175802
0.8181678087283877,0.3645547470807553,0.0,0.0,904.0,0.0,0.0,0.541922652721405,0.02527511246175802
0.8437355527511415,0.3645547470807553,0.0,0.0,904.0,0.0,0.0,0.541922652721405,0.02527511246175802
0.8693032967738954,0.3645547470807553,0.0,0.0,904.0,0.0,0.0,0.541922652721405,0.02527511246175802
0.8948710407966494,0.3645547470807553,0.0,0.0,904.0,0.0,0.0,0.541922652721405,0.02527511246175802
0.9204387848194032,0.3645547470807553,0.0,0.0,904.0,0.0,0.0,0.541922652721405,0.02527511246175802
0.9460065288421571,0.3645547470807553,0.0,0.0,904.0,0.0,0.0,0.541922652721405,0.02527511246175802
0.9715742728649109,0.3645547470807553,0.0,0.0,904.0,0.0,0.0,0.541922652721405,0.02527511246175802
0.9971420168876648,0.3645547470807553,0.0,0.0,904.0,0.0,0.0,0.541922652721405,0.02527511246175802
2.635310589541029e-13,0.40101022169071154,0.3,0.6786471488562298,903.7,-0.11400723457336426,0.2579022823073235,0.5424654126167298,0.024794031092212676
0.02556774402301741,0.40101022169071154,0.0,0.0,904.0,0.0,0.0,0.541922652721405,0.02527511246175802
0.05113548804577129,0.40101022169071154,0.0,0.0,904.0,0.0,0.0,0.541922652721405,0.02527511246175802
0.07670323206852515,0.40101022169071154,0.0,0.0,904.0,0.0,0.0,0.541922652721405,0.02527511246175802
0.10227097609127904,0.40101022169071154,0.0,0.0,904.0,0.0,0.0,0.541922652721405,0.02527511246175802
0.12783872011403294,0.40101022169071154,0.0,0.0,904.0,0.0,0.0,0.541922652721405,0.02527511246175802
0.1534064641367868,0.40101022169071154,0.0,0.0,904.0,0.0,0.0,0.541922652721405,0.02527511246175802
0.17897420815954068,0.40101022169071154,0.0,0.0,904.0,0.0,0.0,0.541922652721405,0.02527511246175802
0.20454195218229457,0.40101022169071154,0.0,0.0,904.0,0.0,0.0,0.541922652721405,0.02527511246175802
0.23010969620504845,0.40101022169071154,0.0,0.0,904.0,0.0,0.0,0.541922652721405,0.02527511246175802
0.2556774402278023,0.40101022169071154,0.0,0.0,904.0,0.0,0.0,0.541922652721405,0.02527511246175802
0.28124518425055617,0.40101022169071154,0.0,0.0,904.0,0.0,0.0,0.541922652721405,0.02527511246175802
0.30681292827331,0.40101022169071154,0.0,0.0,904.0,0.0,0.0,0.541922652721405,0.02527511246175802
0.33238067229606394,0.40101022169071154,0.0,0.0,904.0,0.0,0.0,0.541922652721405,0.02527511246175802
0.3579484163188178,0.40101022169071154,0.0,0.0,904.0,0.0,0.0,0.541922652721405,0.02527511246175802
0.3835161603415717,0.40101022169071154,0.0,0.0,904.0,0.0,0.0,0.541922652721405,0.02527511246175802
0.40908390436432557,0.40101022169071154,0.0,0.0,904.0,0.0,0.0,0.541922652721405,0.02527511246175802
0.4346516483870794,0.40101022169071154,0.0,0.0,904.0,0.0,0.0,0.541922652721405,0.02527511246175802
0.46021939240983334,0.40101022169071154,0.0,0.0,904.0,0.0,0.0,0.541922652721405,0.02527511246175802
0.4857871364325872,0.40101022169071154,0.0,0.0,904.0,0.0,0.0,0.541922652721405,0.02527511246175802
0.5113548804553412,0.40101022169071154,0.0,0.0,904.0,0.0,0.0,0.541922652721405,0.02527511246175802
0.536922624478095,0.40101022169071154,0.0,0.0,904.0,0.0,0.0,0.541922652721405,0.02527511246175802
0.5624903685008489,0.40101022169071154,0.0,0.0,904.0,0.0,0.0,0.541922652721405,0.02527511246175802
0.5880581125236027,0.40101022169071154,0.0,0.0,904.0,0.0,0.0,0.541922652721405,0.02527511246175802
0.6136258565463566,0.40101022169071154,0.0,0.0,904.0,0.0,0.0,0.541922652721405,0.02527511246175802
0.6391936005691106,0.40101022169071154,0.0,0.0,904.0,0.0,0.0,0.541922652721405,0.02527511246175802
0.6647613445918644,0.40101022169071154,0.0,0.0,904.0,0.0,0.0,0.541922652721405,0.02527511246175802
0.6903290886146183,0.40101022169071154,0.0,0.0,904.0,0.0,0.0,0.541922652721405,0.02527511246175802
0.7158968326373721,0.40101022169071154,0.0,0.0,904.0,0.0,0.0,0.541922652721405,0.02527511246175802
0.741464576660126,0.40101022169071154,0.0,0.0,904.0,0.0,0.0,0.541922652721405,0.02527511246175802
0.76703232068288,0.40101022169071154,0.0,0.0,904.0,0.0,0.0,0.541922652721405,0.02527511246175802
0.7926000647056338,0.40101022169071154,0.0,0.0,904.0,0.0,0.0,0.541922652721405,0.02527511246175802
0.8181678087283877,0.40101022169071154,0.0,0.0,904.0,0.0,0.0,0.541922652721405,0.02527511246175802
0.8437355527511415,0.40101022169071154,0.0,0.0,904.0,0.0,0.0,0.541922652721405,0.02527511246175802
0.8693032967738954,0.40101022169071154,0.0,0.0,904.0,0.0,0.0,0.541922652721405,0.02527511246175802
0.8948710407966494,0.40101022169071154,0.0,0.0,904.0,0.0,0.0,0.541922652721405,0.02527511246175802
0.9204387848194032,0.40101022169071154,0.0,0.0,904.0,0.0,0.0,0.541922652721405,0.02527511246175802
0.9460065288421571,0.40101022169071154,0.0,0.0,904.0,0.0,0.0,0.541922652721405,0.02527511246175802
0.9715742728649109,0.40101022169071154,0.0,0.0,904.0,0.0,0.0,0.541922652721405,0.02527511246175802
0.9971420168876648,0.40101022169071154,0.0,0.0,904.0,0.0,0.0,0.541922652721405,0.02527511246175802
2.635310589541029e-13,0.4374656963006678,14.0,20.592672323926244,890.0,-0.12440701723098754,0.25619207203798294,0.5409490585327148,0.02540740764260758
0.02556774402301741,0.4374656963006678,13.7,20.69472015792547,890.3,-0.01039978265762329,0.02165872598393966,0.5404062986373901,0.025858997843902765
0.05113548804577129,0.4374656963006678,13.7,20.69472015792547,890.3,-0.01039978265762329,0.02165872598393966,0.5404062986373901,0.025858997843902765
0.07670323206852515,0.4374656963006678,13.7,20.69472015792547,890.3,-0.01039978265762329,0.02165872598393966,0.5404062986373901,0.025858997843902765
0.10227097609127904,0.4374656963006678,13.7,20.69472015792547,890.3,-0.01039978265762329,0.02165872598393966,0.5404062986373901,0.025858997843902765
0.12783872011403294,0.4374656963006678,13.7,20.69472015792547,890.3,-0.01039978265762329,0.02165872598393966,0.5404062986373901,0.025858997843902765
0.1534064641367868,0.4374656963006678,13.7,20.69472015792547,890.3,-0.01039978265762329,0.02165872598393966,0.5404062986373901,0.025858997843902765
0.17897420815954068,0.4374656963006678,13.7,20.69472015792547,890.3,-0.01039978265762329,0.02165872598393966,0.5404062986373901,0.025858997843902765
0.20454195218229457,0.4374656963006678,13.7,20.69472015792547,890.3,-0.01039978265762329,0.02165872598393966,0.5404062986373901,0.025858997843902765
0.23010969620504845,0.4374656963006678,13.7,20.69472015792547,890.3,-0.01039978265762329,0.02165872598393966,0.5404062986373901,0.025858997843902765
0.2556774402278023,0.4374656963006678,13.7,20.69472015792547,890.3,-0.01039978265762329,0.02165872598393966,0.5404062986373901,0.025858997843902765
0.28124518425055617,0.4374656963006678,13.7,20.69472015792547,890.3,-0.01039978265762329,0.02165872598393966,0.5404062986373901,0.025858997843902765
0.30681292827331,0.4374656963006678,13.7,20.69472015792547,890.3,-0.01039978265762329,0.02165872598393966,0.5404062986373901,0.025858997843902765
0.33238067229606394,0.4374656963006678,13.7,20.69472015792547,890.3,-0.01039978265762329,0.02165872598393966,0.5404062986373901,0.025858997843902765
0.3579484163188178,0.4374656963006678,13.7,20.69472015792547,890.3,-0.01039978265762329,0.02165872598393966,0.5404062986373901,0.025858997843902765
0.3835161603415717,0.4374656963006678,13.7,20.69472015792547,890.3,-0.01039978265762329,0.02165872598393966,0.5404062986373901,0.025858997843902765
0.40908390436432557,0.4374656963006678,13.7,20.69472015792547,890.3,-0.01039978265762329,0.02165872598393966,0.5404062986373901,0.025858997843902765
0.4346516483870794,0.4374656963006678,13.7,20.69472015792547,890.3,-0.01039978265762329,0.02165872598393966,0.5404062986373901,0.025858997843902765
0.46021939240983334,0.4374656963006678,13.7,20.69472015792547,890.3,-0.01039978265762329,0.02165872598393966,0.5404062986373901,0.025858997843902765
0.4857871364325872,0.4374656963006678,13.7,20.69472015792547,890.3,-0.01039978265762329,0.02165872598393966,0.5404062986373901,0.025858997843902765
0.5113548804553412,0.4374656963006678,13.7,20.69472015792547,890.3,-0.01039978265762329,0.02165872598393966,0.5404062986373901,0.025858997843902765
0.536922624478095,0.4374656963006678,13.5,20.376861906086305,890.5,-0.00845428705215454,0.017275391781892163,0.5404743194580078,0.025822431167866894
0.5624903685008489,0.4374656963006678,13.5,20.376861906086305,890.5,-0.00845428705215454,0.017275391781892163,0.5404743194580078,0.025822431167866894
0.5880581125236027,0.4374656963006678,13.5,20.376861906086305,890.5,-0.00845428705215454,0.017275391781892163,0.5404743194580078,0.025822431167866894
0.6136258565463566,0.4374656963006678,13.5,20.376861906086305,890.5,-0.00845428705215454,0.017275391781892163,0.5404743194580078,0.025822431167866894
0.6391936005691106,0.4374656963006678,13.5,20.376861906086305,890.5,-0.00845428705215454,0.017275391781892163,0.5404743194580078,0.025822431167866894
0.6647613445918644,0.4374656963006678,13.5,20.376861906086305,890.5,-0.00845428705215454,0.017275391781892163,0.5404743194580078,0.025822431167866894
0.6903290886146183,0.4374656963006678,13.5,20.376861906086305,890.5,-0.00845428705215454,0.017275391781892163,0.5404743194580078,0.025822431167866894
0.7158968326373721,0.4374656963006678,13.5,20.376861906086305,890.5,-0.00845428705215454,0.017275391781892163,0.5404743194580078,0.025822431167866894
0.741464576660126,0.4374656963006678,13.5,20.376861906086305,890.5,-0.00845428705215454,0.017275391781892163,0.5404743194580078,0.025822431167866894
0.76703232068288,0.4374656963006678,13.5,20.376861906086305,890.5,-0.00845428705215454,0.017275391781892163,0.5404743194580078,0.025822431167866894
0.7926000647056338,0.4374656963006678,13.5,20.376861906086305,890.5,-0.00845428705215454,0.017275391781892163,0.5404743194580078,0.025822431167866894
0.8181678087283877,0.4374656963006678,13.5,20.376861906086305,890.5,-0.00845428705215454,0.017275391781892163,0.5404743194580078,0.025822431167866894
0.8437355527511415,0.4374656963006678,13.5,20.376861906086305,890.5,-0.00845428705215454,0.017275391781892163,0.5404743194580078,0.025822431167866894
0.8693032967738954,0.4374656963006678,13.5,20.376861906086305,890.5,-0.00845428705215454,0.017275391781892163,0.5404743194580078,0.025822431167866894
0.8948710407966494,0.4374656963006678,13.5,20.376861906086305,890.5,-0.00845428705215454,0.017275391781892163,0.5404743194580078,0.025822431167866894
0.9204387848194032,0.4374656963006678,13.5,20.376861906086305,890.5,-0.00845428705215454,0.017275391781892163,0.5404743194580078,0.025822431167866894
0.9460065288421571,0.4374656963006678,13.5,20.376861906086305,890.5,-0.00845428705215454,0.017275391781892163,0.5404743194580078,0.025822431167866894
0.9715742728649109,0.4374656963006678,13.5,20.376861906086305,890.5,-0.00845428705215454,0.017275391781892163,0.5404743194580078,0.025822431167866894
0.9971420168876648,0.4374656963006678,0.0,0.0,904.0,0.0,0.0,0.541922652721405,0.02527511246175802
2.635310589541029e-13,0.473921170910624,48.0,26.821379497339652,856.0,-15.625732725858688,35.14883429512813,0.5265758037567139,0.03030605476235244
0.02556774402301741,0.473921170910624,47.7,26.77905345745542,856.3,-15.627233690023422,35.148456371560535,0.5259918451309205,0.03060938377153702
0.05113548804577129,0.473921170910624,47.7,26.77905345745542,856.3,-15.627233690023422,35.148456371560535,0.5259918451309205,0.03060938377153702
0.07670323206852515,0.473921170910624,47.7,26.77905345745542,856.3,-15.627233690023422,35.148456371560535,0.5259918451309205,0.03060938377153702
0.10227097609127904,0.473921170910624,47.7,26.77905345745542,856.3,-15.627233690023422,35.148456371560535,0.5259918451309205,0.03060938377153702
0.12783872011403294,0.473921170910624,47.7,26.77905345745542,856.3,-15.627233690023422,35.148456371560535,0.5259918451309205,0.03060938377153702
0.1534064641367868,0.473921170910624,47.7,26.77905345745542,856.3,-15.627233690023422,35.148456371560535,0.5259918451309205,0.03060938377153702
0.17897420815954068,0.473921170910624,47.7,26.77905345745542,856.3,-15.627233690023422,35.148456371560535,0.5259918451309205,0.03060938377153702
0.20454195218229457,0.473921170910624,47.7,26.77905345745542,856.3,-15.627233690023422,35.148456371560535,0.5259918451309205,0.03060938377153702
0.23010969620504845,0.473921170910624,47.7,26.77905345745542,856.3,-15.627233690023422,35.148456371560535,0.5259918451309205,0.03060938377153702
0.2556774402278023,0.473921170910624,47.7,26.77905345745542,856.3,-15.627233690023422,35.148456371560535,0.5259918451309205,0.03060938377153702
0.28124518425055617,0.473921170910624,47.7,26.77905345745542,856.3,-15.627233690023422,35.148456371560535,0.5259918451309205,0.03060938377153702
0.30681292827331,0.473921170910624,47.7,26.77905345745542,856.3,-15.627233690023422,35.148456371560535,0.5259918451309205,0.03060938377153702
0.33238067229606394,0.473921170910624,47.7,26.77905345745542,856.3,-15.627233690023422,35.148456371560535,0.5259918451309205,0.03060938377153702
0.3579484163188178,0.473921170910624,47.7,26.77905345745542,856.3,-15.627233690023422,35.148456371560535,0.5259918451309205,0.03060938377153702
0.3835161603415717,0.473921170910624,47.7,26.77905345745542,856.3,-15.627233690023422,35.148456371560535,0.5259918451309205,0.03060938377153702
0.40908390436432557,0.473921170910624,47.7,26.77905345745542,856.3,-15.627233690023422,35.148456371560535,0.5259918451309205,0.03060938377153702
0.4346516483870794,0.473921170910624,47.7,26.77905345745542,856.3,-15.627233690023422,35.148456371560535,0.5259918451309205,0.03060938377153702
0.46021939240983334,0.473921170910624,47.7,26.77905345745542,856.3,-15.627233690023422,35.148456371560535,0.5259918451309205,0.03060938377153702
0.4857871364325872,0.473921170910624,47.7,26.77905345745542,856.3,-15.627233690023422,35.148456371560535,0.5259918451309205,0.03060938377153702
0.5113548804553412,0.473921170910624,47.7,26.77905345745542,856.3,-15.627233690023422,35.148456371560535,0.5259918451309205,0.03060938377153702
0.536922624478095,0.473921170910624,47.5,26.670972589015324,856.5,-15.625266855955124,35.1489509611458,0.5260611057281495,0.03059472416857226
0.5624903685008489,0.473921170910624,47.5,26.670972589015324,856.5,-15.625266855955124,35.1489509611458,0.5260611057281495,0.03059472416857226
0.5880581125236027,0.473921170910624,47.5,26.670972589015324,856.5,-15.625266855955124,35.1489509611458,0.5260611057281495,0.03059472416857226
0.6136258565463566,0.473921170910624,47.5,26.670972589015324,856.5,-15.625266855955124,35.1489509611458,0.5260611057281495,0.03059472416857226
0.6391936005691106,0.473921170910624,47.5,26.670972589015324,856.5,-15.625266855955124,35.1489509611458,0.5260611057281495,0.03059472416857226
0.6647613445918644,0.473921170910624,47.5,26.670972589015324,856.5,-15.625266855955124,35.1489509611458,0.5260611057281495,0.03059472416857226
0.6903290886146183,0.473921170910624,47.5,26.670972589015324,856.5,-15.625266855955124,35.1489509611458,0.5260611057281495,0.03059472416857226
0.7158968326373721,0.473921170910624,47.5,26.670972589015324,856.5,-15.625266855955124,35.1489509611458,0.5260611057281495,0.03059472416857226
0.741464576660126,0.473921170910624,47.5,26.670972589015324,856.5,-15.625266855955124,35.1489509611458,0.5260611057281495,0.03059472416857226
0.76703232068288,0.473921170910624,47.5,26.670972589015324,856.5,-15.625266855955124,35.1489509611458,0.5260611057281495,0.03059472416857226
0.7926000647056338,0.473921170910624,47.5,26.670972589015324,856.5,-15.625266855955124,35.1489509611458,0.5260611057281495,0.03059472416857226
0.8181678087283877,0.473921170910624,47.5,26.670972589015324,856.5,-15.625266855955124,35.1489509611458,0.5260611057281495,0.03059472416857226
0.8437355527511415,0.473921170910624,47.5,26.670972589015324,856.5,-15.625266855955124,35.1489509611458,0.5260611057281495,0.03059472416857226
0.8693032967738954,0.473921170910624,47.5,26.670972589015324,856.5,-15.625266855955124,35.1489509611458,0.5260611057281495,0.03059472416857226
0.8948710407966494,0.473921170910624,47.5,26.670972589015324,856.5,-15.625266855955124,35.1489509611458,0.5260611057281495,0.03059472416857226
0.9204387848194032,0.473921170910624,47.5,26.670972589015324,856.5,-15.625266855955124,35.1489509611458,0.5260611057281495,0.03059472416857226
0.9460065288421571,0.473921170910624,47.5,26.670972589015324,856.5,-15.625266855955124,35.1489509611458,0.5260611057281495,0.03059472416857226
0.9715742728649109,0.473921170910624,46.8,26.257485735843975,857.2,-15.592533141374588,35.15709291232623,0.5254564642906189,0.03098723642211026
0.9971420168876648,0.473921170910624,0.2,0.4524314325708198,903.8,-0.3770728588104248,0.852998068475875,0.5418152987957001,0.02517445786922093
2.635310589541029e-13,0.5103766455205803,69.8,17.715577834388156,834.2,-0.09321500658988953,0.09880285040855459,0.5209226250648499,0.028502513375050487
0.02556774402301741,0.5103766455205803,69.5,17.86085738664333,834.5,-0.09471597075462342,0.0985249547470793,0.5203386664390564,0.02875963440515656
0.05113548804577129,0.5103766455205803,69.5,17.86085738664333,834.5,-0.09471597075462342,0.0985249547470793,0.5203386664390564,0.02875963440515656
0.07670323206852515,0.5103766455205803,69.0,17.888691060045126,835.0,-0.07873432040214538,0.08282511601822463,0.5203130543231964,0.028793249029910525
0.10227097609127904,0.5103766455205803,69.0,17.888691060045126,835.0,-0.07873432040214538,0.08282511601822463,0.5203130543231964,0.028793249029910525
0.12783872011403294,0.5103766455205803,69.0,17.888691060045126,835.0,-0.07873432040214538,0.08282511601822463,0.5203130543231964,0.028793249029910525
0.1534064641367868,0.5103766455205803,69.0,17.888691060045126,835.0,-0.07873432040214538,0.08282511601822463,0.5203130543231964,0.028793249029910525
0.17897420815954068,0.5103766455205803,69.0,17.888691060045126,835.0,-0.07873432040214538,0.08282511601822463,0.5203130543231964,0.028793249029910525
0.20454195218229457,0.5103766455205803,69.0,17.888691060045126,835.0,-0.07873432040214538,0.08282511601822463,0.5203130543231964,0.028793249029910525
0.23010969620504845,0.5103766455205803,69.0,17.888691060045126,835.0,-0.07873432040214538,0.08282511601822463,0.5203130543231964,0.028793249029910525
0.2556774402278023,0.5103766455205803,69.0,17.888691060045126,835.0,-0.07873432040214538,0.08282511601822463,0.5203130543231964,0.028793249029910525
0.28124518425055617,0.5103766455205803,69.0,17.888691060045126,835.0,-0.07873432040214538,0.08282511601822463,0.5203130543231964,0.028793249029910525
0.30681292827331,0.5103766455205803,69.0,17.888691060045126,835.0,-0.07873432040214538,0.08282511601822463,0.5203130543231964,0.028793249029910525
0.33238067229606394,0.5103766455205803,69.0,17.888691060045126,835.0,-0.07873432040214538,0.08282511601822463,0.5203130543231964,0.028793249029910525
0.3579484163188178,0.5103766455205803,69.0,17.888691060045126,835.0,-0.07873432040214538,0.08282511601822463,0.5203130543231964,0.028793249029910525
0.3835161603415717,0.5103766455205803,69.0,17.888691060045126,835.0,-0.07873432040214538,0.08282511601822463,0.5203130543231964,0.028793249029910525
0.40908390436432557,0.5103766455205803,69.0,17.888691060045126,835.0,-0.07873432040214538,0.08282511601822463,0.5203130543231964,0.028793249029910525
0.4346516483870794,0.5103766455205803,69.0,17.888691060045126,835.0,-0.07873432040214538,0.08282511601822463,0.5203130543231964,0.028793249029910525
0.46021939240983334,0.5103766455205803,69.0,17.888691060045126,835.0,-0.07873432040214538,0.08282511601822463,0.5203130543231964,0.028793249029910525
0.4857871364325872,0.5103766455205803,69.0,17.888691060045126,835.0,-0.07873432040214538,0.08282511601822463,0.5203130543231964,0.028793249029910525
0.5113548804553412,0.5103766455205803,69.0,17.888691060045126,835.0,-0.07873432040214538,0.08282511601822463,0.5203130543231964,0.028793249029910525
0.536922624478095,0.5103766455205803,68.8,17.82436938655945,835.2,-0.07673680186271667,0.08281532701476424,0.5203857004642487,0.028780014883879285
0.5624903685008489,0.5103766455205803,68.8,17.82436938655945,835.2,-0.07673680186271667,0.08281532701476424,0.5203857004642487,0.028780014883879285
0.5880581125236027,0.5103766455205803,68.8,17.82436938655945,835.2,-0.07673680186271667,0.08281532701476424,0.5203857004642487,0.028780014883879285
0.6136258565463566,0.5103766455205803,68.8,17.82436938655945,835.2,-0.07673680186271667,0.08281532701476424,0.5203857004642487,0.028780014883879285
0.6391936005691106,0.5103766455205803,68.8,17.82436938655945,835.2,-0.07673680186271667,0.08281532701476424,0.5203857004642487,0.028780014883879285
0.6647613445918644,0.5103766455205803,68.8,17.82436938655945,835.2,-0.07673680186271667,0.08281532701476424,0.5203857004642487,0.028780014883879285
0.6903290886146183,0.5103766455205803,68.8,17.82436938655945,835.2,-0.07673680186271667,0.08281532701476424,0.5203857004642487,0.028780014883879285
0.7158968326373721,0.5103766455205803,68.8,17.82436938655945,835.2,-0.07673680186271667,0.08281532701476424,0.5203857004642487,0.028780014883879285
0.741464576660126,0.5103766455205803,68.8,17.82436938655945,835.2,-0.07673680186271667,0.08281532701476424,0.5203857004642487,0.028780014883879285
0.76703232068288,0.5103766455205803,68.8,17.82436938655945,835.2,-0.07673680186271667,0.08281532701476424,0.5203857004642487,0.028780014883879285
0.7926000647056338,0.5103766455205803,68.8,17.82436938655945,835.2,-0.07673680186271667,0.08281532701476424,0.5203857004642487,0.028780014883879285
0.8181678087283877,0.5103766455205803,68.8,17.82436938655945,835.2,-0.07673680186271667,0.08281532701476424,0.5203857004642487,0.028780014883879285
0.8437355527511415,0.5103766455205803,68.8,17.82436938655945,835.2,-0.07673680186271667,0.08281532701476424,0.5203857004642487,0.028780014883879285
0.8693032967738954,0.5103766455205803,68.8,17.82436938655945,835.2,-0.07673680186271667,0.08281532701476424,0.5203857004642487,0.028780014883879285
0.8948710407966494,0.5103766455205803,68.8,17.82436938655945,835.2,-0.07673680186271667,0.08281532701476424,0.5203857004642487,0.028780014883879285
0.9204387848194032,0.5103766455205803,68.8,17.82436938655945,835.2,-0.07673680186271667,0.08281532701476424,0.5203857004642487,0.028780014883879285
0.9460065288421571,0.5103766455205803,68.8,17.82436938655945,835.2,-0.07673680186271667,0.08281532701476424,0.5203857004642487,0.028780014883879285
0.9715742728649109,0.5103766455205803,67.9,17.8423837079639,836.1,-0.04590135216712952,0.03936002597050397,0.5198588132858276,0.029189951957538037
0.9971420168876648,0.5103766455205803,0.2,0.4524314325708198,903.8,-0.3770728588104248,0.852998068475875,0.5418152987957001,0.02517445786922093
2.635310589541029e-13,0.5468321201305365,84.6,17.46148288533428,819.4,-0.08729897141456604,0.09982922372849802,0.5129634320735932,0.029228683335012575
0.02556774402301741,0.5468321201305365,84.3,17.635961917062144,819.7,-0.08878687024116516,0.09960384870679614,0.5123720467090607,0.029432175384748502
0.05113548804577129,0.5468321201305365,84.3,17.635961917062144,819.7,-0.08878687024116516,0.09960384870679614,0.5123720467090607,0.029432175384748502
0.07670323206852515,0.5468321201305365,83.8,17.837124769175546,820.2,-0.07298724055290222,0.08368714903936629,0.5123500943183898,0.029458186520033704
0.10227097609127904,0.5468321201305365,83.8,17.837124769175546,820.2,-0.07298724055290222,0.08368714903936629,0.5123500943183898,0.029458186520033704
0.12783872011403294,0.5468321201305365,83.8,17.837124769175546,820.2,-0.07298724055290222,0.08368714903936629,0.5123500943183898,0.029458186520033704
0.1534064641367868,0.5468321201305365,83.8,17.837124769175546,820.2,-0.07298724055290222,0.08368714903936629,0.5123500943183898,0.029458186520033704
0.17897420815954068,0.5468321201305365,83.8,17.837124769175546,820.2,-0.07298724055290222,0.08368714903936629,0.5123500943183898,0.029458186520033704
0.20454195218229457,0.5468321201305365,83.8,17.837124769175546,820.2,-0.07298724055290222,0.08368714903936629,0.5123500943183898,0.029458186520033704
0.23010969620504845,0.5468321201305365,83.8,17.837124769175546,820.2,-0.07298724055290222,0.08368714903936629,0.5123500943183898,0.029458186520033704
0.2556774402278023,0.5468321201305365,83.8,17.837124769175546,820.2,-0.07298724055290222,0.08368714903936629,0.5123500943183898,0.029458186520033704
0.28124518425055617,0.5468321201305365,83.8,17.837124769175546,820.2,-0.07298724055290222,0.08368714903936629,0.5123500943183898,0.029458186520033704
0.30681292827331,0.5468321201305365,83.8,17.837124769175546,820.2,-0.07298724055290222,0.08368714903936629,0.5123500943183898,0.029458186520033704
0.33238067229606394,0.5468321201305365,83.8,17.837124769175546,820.2,-0.07298724055290222,0.08368714903936629,0.5123500943183898,0.029458186520033704
0.3579484163188178,0.5468321201305365,83.8,17.837124769175546,820.2,-0.07298724055290222,0.08368714903936629,0.5123500943183898,0.029458186520033704
0.3835161603415717,0.5468321201305365,83.8,17.837124769175546,820.2,-0.07298724055290222,0.08368714903936629,0.5123500943183898,0.029458186520033704
0.40908390436432557,0.5468321201305365,83.8,17.837124769175546,820.2,-0.07298724055290222,0.08368714903936629,0.5123500943183898,0.029458186520033704
0.4346516483870794,0.5468321201305365,83.8,17.837124769175546,820.2,-0.07298724055290222,0.08368714903936629,0.5123500943183898,0.029458186520033704
0.46021939240983334,0.5468321201305365,83.8,17.837124769175546,820.2,-0.07298724055290222,0.08368714903936629,0.5123500943183898,0.029458186520033704
0.4857871364325872,0.5468321201305365,83.8,17.837124769175546,820.2,-0.07298724055290222,0.08368714903936629,0.5123500943183898,0.029458186520033704
0.5113548804553412,0.5468321201305365,83.8,17.837124769175546,820.2,-0.07298724055290222,0.08368714903936629,0.5123500943183898,0.029458186520033704
0.536922624478095,0.5468321201305365,83.6,17.854330080814286,820.4,-0.07102827429771423,0.08356909964997253,0.5124233722686767,0.02945595389367795
0.5624903685008489,0.5468321201305365,83.6,17.854330080814286,820.4,-0.07102827429771423,0.08356909964997253,0.5124233722686767,0.02945595389367795
0.5880581125236027,0.5468321201305365,83.6,17.854330080814286,820.4,-0.07102827429771423,0.08356909964997253,0.5124233722686767,0.02945595389367795
0.6136258565463566,0.5468321201305365,83.6,17.854330080814286,820.4,-0.07102827429771423,0.08356909964997253,0.5124233722686767,0.02945595389367795
0.6391936005691106,0.5468321201305365,83.6,17.854330080814286,820.4,-0.07102827429771423,0.08356909964997253,0.5124233722686767,0.02945595389367795
0.6647613445918644,0.5468321201305365,83.6,17.854330080814286,820.4,-0.07102827429771423,0.08356909964997253,0.5124233722686767,0.02945595389367795
0.6903290886146183,0.5468321201305365,83.6,17.854330080814286,820.4,-0.07102827429771423,0.08356909964997253,0.5124233722686767,0.02945595389367795
0.7158968326373721,0.5468321201305365,83.6,17.854330080814286,820.4,-0.07102827429771423,0.08356909964997253,0.5124233722686767,0.02945595389367795
0.741464576660126,0.5468321201305365,83.6,17.854330080814286,820.4,-0.07102827429771423,0.08356909964997253,0.5124233722686767,0.02945595389367795
0.76703232068288,0.5468321201305365,83.6,17.854330080814286,820.4,-0.07102827429771423,0.08356909964997253,0.5124233722686767,0.02945595389367795
0.7926000647056338,0.5468321201305365,83.6,17.854330080814286,820.4,-0.07102827429771423,0.08356909964997253,0.5124233722686767,0.02945595389367795
0.8181678087283877,0.5468321201305365,83.6,17.854330080814286,820.4,-0.07102827429771423,0.08356909964997253,0.5124233722686767,0.02945595389367795
0.8437355527511415,0.5468321201305365,83.6,17.854330080814286,820.4,-0.07102827429771423,0.08356909964997253,0.5124233722686767,0.02945595389367795
0.8693032967738954,0.5468321201305365,83.6,17.854330080814286,820.4,-0.07102827429771423,0.08356909964997253,0.5124233722686767,0.02945595389367795
0.8948710407966494,0.5468321201305365,83.6,17.854330080814286,820.4,-0.07102827429771423,0.08356909964997253,0.5124233722686767,0.02945595389367795
0.9204387848194032,0.5468321201305365,83.6,17.854330080814286,820.4,-0.07102827429771423,0.08356909964997253,0.5124233722686767,0.02945595389367795
0.9460065288421571,0.5468321201305365,83.6,17.854330080814286,820.4,-0.07102827429771423,0.08356909964997253,0.5124233722686767,0.02945595389367795
0.9715742728649109,0.5468321201305365,82.7,17.83154541199361,821.3,-0.040135353803634644,0.038159194426940074,0.5119154214859009,0.029782389598875553
0.9971420168876648,0.5468321201305365,0.2,0.4524314325708198,903.8,-0.3770728588104248,0.852998068475875,0.5418152987957001,0.02517445786922093
2.635310589541029e-13,0.5832875947404927,99.6,21.26695110736475,804.4,-0.05355830788612366,0.08223391644519609,0.5085951089859009,0.02811648761309923
0.02556774402301741,0.5832875947404927,99.3,21.442285456455917,804.7,-0.05522727370262146,0.08222343562300523,0.50799720287323,0.0283480704897296
0.05113548804577129,0.5832875947404927,99.3,21.442285456455917,804.7,-0.05522727370262146,0.08222343562300523,0.50799720287323,0.0283480704897296
0.07670323206852515,0.5832875947404927,98.8,20.91268831874665,805.2,-0.05213282704353332,0.0842476208204877,0.5079988002777099,0.028346506973505266
0.10227097609127904,0.5832875947404927,98.8,20.91268831874665,805.2,-0.05213282704353332,0.0842476208204877,0.5079988002777099,0.028346506973505266
0.12783872011403294,0.5832875947404927,98.8,20.91268831874665,805.2,-0.05213282704353332,0.0842476208204877,0.5079988002777099,0.028346506973505266
0.1534064641367868,0.5832875947404927,98.8,20.91268831874665,805.2,-0.05213282704353332,0.0842476208204877,0.5079988002777099,0.028346506973505266
0.17897420815954068,0.5832875947404927,98.8,20.91268831874665,805.2,-0.05213282704353332,0.0842476208204877,0.5079988002777099,0.028346506973505266
0.20454195218229457,0.5832875947404927,98.8,20.91268831874665,805.2,-0.05213282704353332,0.0842476208204877,0.5079988002777099,0.028346506973505266
0.23010969620504845,0.5832875947404927,98.8,20.91268831874665,805.2,-0.05213282704353332,0.0842476208204877,0.5079988002777099,0.028346506973505266
0.2556774402278023,0.5832875947404927,98.8,20.91268831874665,805.2,-0.05213282704353332,0.0842476208204877,0.5079988002777099,0.028346506973505266
0.28124518425055617,0.5832875947404927,98.8,20.91268831874665,805.2,-0.05213282704353332,0.0842476208204877,0.5079988002777099,0.028346506973505266
0.30681292827331,0.5832875947404927,98.8,20.91268831874665,805.2,-0.05213282704353332,0.0842476208204877,0.5079988002777099,0.028346506973505266
0.33238067229606394,0.5832875947404927,98.8,20.91268831874665,805.2,-0.05213282704353332,0.0842476208204877,0.5079988002777099,0.028346506973505266
0.3579484163188178,0.5832875947404927,98.8,20.91268831874665,805.2,-0.05213282704353332,0.0842476208204877,0.5079988002777099,0.028346506973505266
0.3835161603415717,0.5832875947404927,98.8,20.91268831874665,805.2,-0.05213282704353332,0.0842476208204877,0.5079988002777099,0.028346506973505266
0.40908390436432557,0.5832875947404927,98.8,20.91268831874665,805.2,-0.05213282704353332,0.0842476208204877,0.5079988002777099,0.028346506973505266
0.4346516483870794,0.5832875947404927,98.8,20.91268831874665,805.2,-0.05213282704353332,0.0842476208204877,0.5079988002777099,0.028346506973505266
0.46021939240983334,0.5832875947404927,98.8,20.91268831874665,805.2,-0.05213282704353332,0.0842476208204877,0.5079988002777099,0.028346506973505266
0.4857871364325872,0.5832875947404927,98.8,20.91268831874665,805.2,-0.05213282704353332,0.0842476208204877,0.5079988002777099,0.028346506973505266
0.5113548804553412,0.5832875947404927,98.8,20.91268831874665,805.2,-0.05213282704353332,0.0842476208204877,0.5079988002777099,0.028346506973505266
0.536922624478095,0.5832875947404927,98.6,20.93279850669484,805.4,-0.05010804533958435,0.08411325704214907,0.5080818176269531,0.028334042368992854
0.5624903685008489,0.5832875947404927,98.6,20.93279850669484,805.4,-0.05010804533958435,0.08411325704214907,0.5080818176269531,0.028334042368992854
0.5880581125236027,0.5832875947404927,98.6,20.93279850669484,805.4,-0.05010804533958435,0.08411325704214907,0.5080818176269531,0.028334042368992854
0.6136258565463566,0.5832875947404927,98.6,20.93279850669484,805.4,-0.05010804533958435,0.08411325704214907,0.5080818176269531,0.028334042368992854
0.6391936005691106,0.5832875947404927,98.6,20.93279850669484,805.4,-0.05010804533958435,0.08411325704214907,0.5080818176269531,0.028334042368992854
0.6647613445918644,0.5832875947404927,98.6,20.93279850669484,805.4,-0.05010804533958435,0.08411325704214907,0.5080818176269531,0.028334042368992854
0.6903290886146183,0.5832875947404927,98.6,20.93279850669484,805.4,-0.05010804533958435,0.08411325704214907,0.5080818176269531,0.028334042368992854
0.7158968326373721,0.5832875947404927,98.6,20.93279850669484,805.4,-0.05010804533958435,0.08411325704214907,0.5080818176269531,0.028334042368992854
0.741464576660126,0.5832875947404927,98.6,20.93279850669484,805.4,-0.05010804533958435,0.08411325704214907,0.5080818176269531,0.028334042368992854
0.76703232068288,0.5832875947404927,98.6,20.93279850669484,805.4,-0.05010804533958435,0.08411325704214907,0.5080818176269531,0.028334042368992854
0.7926000647056338,0.5832875947404927,98.6,20.93279850669484,805.4,-0.05010804533958435,0.08411325704214907,0.5080818176269531,0.028334042368992854
0.8181678087283877,0.5832875947404927,98.6,20.93279850669484,805.4,-0.05010804533958435,0.08411325704214907,0.5080818176269531,0.028334042368992854
0.8437355527511415,0.5832875947404927,98.6,20.93279850669484,805.4,-0.05010804533958435,0.08411325704214907,0.5080818176269531,0.028334042368992854
0.8693032967738954,0.5832875947404927,98.6,20.93279850669484,805.4,-0.05010804533958435,0.08411325704214907,0.5080818176269531,0.028334042368992854
0.8948710407966494,0.5832875947404927,98.6,20.93279850669484,805.4,-0.05010804533958435,0.08411325704214907,0.5080818176269531,0.028334042368992854
0.9204387848194032,0.5832875947404927,98.6,20.93279850669484,805.4,-0.05010804533958435,0.08411325704214907,0.5080818176269531,0.028334042368992854
0.9460065288421571,0.5832875947404927,98.6,20.93279850669484,805.4,-0.05010804533958435,0.08411325704214907,0.5080818176269531,0.028334042368992854
0.9715742728649109,0.5832875947404927,97.7,20.97038534412161,806.3,-0.021316951513290404,0.035717904315018416,0.5075866103172302,0.028688581203819948
0.9971420168876648,0.5832875947404927,0.2,0.4524314325708198,903.8,-0.3770728588104248,0.852998068475875,0.5418152987957001,0.02517445786922093
2.635310589541029e-13,0.619743069350449,106.6,20.10988588051911,797.4,-0.05216332077980042,0.0836301539123449,0.5074113249778748,0.02849026046396773
0.02556774402301741,0.619743069350449,106.3,20.295218804452446,797.7,-0.05440059304237366,0.08368584087099039,0.5068078935146332,0.0287653904460294
0.05113548804577129,0.619743069350449,106.3,20.295218804452446,797.7,-0.05440059304237366,0.08368584087099039,0.5068078935146332,0.0287653904460294
0.07670323206852515,0.619743069350449,105.8,19.806761685289796,798.2,-0.05131523013114929,0.08569621296042361,0.5068121790885926,0.028761205891857405
0.10227097609127904,0.619743069350449,105.8,19.806761685289796,798.2,-0.05131523013114929,0.08569621296042361,0.5068121790885926,0.028761205891857405
0.12783872011403294,0.619743069350449,105.8,19.806761685289796,798.2,-0.05131523013114929,0.08569621296042361,0.5068121790885926,0.028761205891857405
0.1534064641367868,0.619743069350449,105.8,19.806761685289796,798.2,-0.05131523013114929,0.08569621296042361,0.5068121790885926,0.028761205891857405
0.17897420815954068,0.619743069350449,105.8,19.806761685289796,798.2,-0.05131523013114929,0.08569621296042361,0.5068121790885926,0.028761205891857405
0.20454195218229457,0.619743069350449,105.8,19.806761685289796,798.2,-0.05131523013114929,0.08569621296042361,0.5068121790885926,0.028761205891857405
0.23010969620504845,0.619743069350449,105.8,19.806761685289796,798.2,-0.05131523013114929,0.08569621296042361,0.5068121790885926,0.028761205891857405
0.2556774402278023,0.619743069350449,105.8,19.806761685289796,798.2,-0.05131523013114929,0.08569621296042361,0.5068121790885926,0.028761205891857405
0.28124518425055617,0.619743069350449,105.8,19.806761685289796,798.2,-0.05131523013114929,0.08569621296042361,0.5068121790885926,0.028761205891857405
0.30681292827331,0.619743069350449,105.8,19.806761685289796,798.2,-0.05131523013114929,0.08569621296042361,0.5068121790885926,0.028761205891857405
0.33238067229606394,0.619743069350449,105.8,19.806761685289796,798.2,-0.05131523013114929,0.08569621296042361,0.5068121790885926,0.028761205891857405
0.3579484163188178,0.619743069350449,105.8,19.806761685289796,798.2,-0.05131523013114929,0.08569621296042361,0.5068121790885926,0.028761205891857405
0.3835161603415717,0.619743069350449,105.8,19.806761685289796,798.2,-0.05131523013114929,0.08569621296042361,0.5068121790885926,0.028761205891857405
0.40908390436432557,0.619743069350449,105.8,19.806761685289796,798.2,-0.05131523013114929,0.08569621296042361,0.5068121790885926,0.028761205891857405
0.4346516483870794,0.619743069350449,105.8,19.806761685289796,798.2,-0.05131523013114929,0.08569621296042361,0.5068121790885926,0.028761205891857405
0.46021939240983334,0.619743069350449,105.8,19.806761685289796,798.2,-0.05131523013114929,0.08569621296042361,0.5068121790885926,0.028761205891857405
0.4857871364325872,0.619743069350449,105.8,19.806761685289796,798.2,-0.05131523013114929,0.08569621296042361,0.5068121790885926,0.028761205891857405
0.5113548804553412,0.619743069350449,105.8,19.806761685289796,798.2,-0.05131523013114929,0.08569621296042361,0.5068121790885926,0.028761205891857405
0.536922624478095,0.619743069350449,105.6,19.84519193826641,798.4,-0.04932243227958679,0.08557441435316482,0.5068975150585174,0.028747189916510842
0.5624903685008489,0.619743069350449,105.6,19.84519193826641,798.4,-0.04932243227958679,0.08557441435316482,0.5068975150585174,0.028747189916510842
0.5880581125236027,0.619743069350449,105.6,19.84519193826641,798.4,-0.04932243227958679,0.08557441435316482,0.5068975150585174,0.028747189916510842
0.6136258565463566,0.619743069350449,105.6,19.84519193826641,798.4,-0.04932243227958679,0.08557441435316482,0.5068975150585174,0.028747189916510842
0.6391936005691106,0.619743069350449,105.6,19.84519193826641,798.4,-0.04932243227958679,0.08557441435316482,0.5068975150585174,0.028747189916510842
0.6647613445918644,0.619743069350449,105.6,19.84519193826641,798.4,-0.04932243227958679,0.08557441435316482,0.5068975150585174,0.028747189916510842
0.6903290886146183,0.619743069350449,105.6,19.84519193826641,798.4,-0.04932243227958679,0.08557441435316482,0.5068975150585174,0.028747189916510842
0.7158968326373721,0.619743069350449,105.6,19.84519193826641,798.4,-0.04932243227958679,0.08557441435316482,0.5068975150585174,0.028747189916510842
0.741464576660126,0.619743069350449,105.6,19.84519193826641,798.4,-0.04932243227958679,0.08557441435316482,0.5068975150585174,0.028747189916510842
0.76703232068288,0.619743069350449,105.6,19.84519193826641,798.4,-0.04932243227958679,0.08557441435316482,0.5068975150585174,0.028747189916510842
0.7926000647056338,0.619743069350449,105.6,19.84519193826641,798.4,-0.04932243227958679,0.08557441435316482,0.5068975150585174,0.028747189916510842
0.8181678087283877,0.619743069350449,105.6,19.84519193826641,798.4,-0.04932243227958679,0.08557441435316482,0.5068975150585174,0.028747189916510842
0.8437355527511415,0.619743069350449,105.6,19.84519193826641,798.4,-0.04932243227958679,0.08557441435316482,0.5068975150585174,0.028747189916510842
0.8693032967738954,0.619743069350449,105.6,19.84519193826641,798.4,-0.04932243227958679,0.08557441435316482,0.5068975150585174,0.028747189916510842
0.8948710407966494,0.619743069350449,105.6,19.84519193826641,798.4,-0.04932243227958679,0.08557441435316482,0.5068975150585174,0.028747189916510842
0.9204387848194032,0.619743069350449,105.6,19.84519193826641,798.4,-0.04932243227958679,0.08557441435316482,0.5068975150585174,0.028747189916510842
0.9460065288421571,0.619743069350449,105.6,19.84519193826641,798.4,-0.04932243227958679,0.08557441435316482,0.5068975150585174,0.028747189916510842
0.9715742728649109,0.619743069350449,104.7,19.813219733534897,799.3,-0.02110788822174072,0.03752453009335752,0.5064086079597473,0.029162609575108835
0.9971420168876648,0.619743069350449,0.2,0.4524314325708198,903.8,-0.3770728588104248,0.852998068475875,0.5418152987957001,0.02517445786922093
2.635310589541029e-13,0.6561985439604052,116.3,20.779719233789855,787.7,-0.02922590374946594,0.05393030051919494,0.5036425173282624,0.02890285917154556
0.02556774402301741,0.6561985439604052,116.0,21.03792647927262,788.0,-0.031463176012039185,0.05455412077293169,0.5030390858650208,0.02912974077334816
0.05113548804577129,0.6561985439604052,116.0,21.03792647927262,788.0,-0.031463176012039185,0.05455412077293169,0.5030390858650208,0.02912974077334816
0.07670323206852515,0.6561985439604052,115.5,20.700763855865,788.5,-0.02837781310081482,0.056887554167341425,0.5030433714389801,0.029125923877065356
0.10227097609127904,0.6561985439604052,115.5,20.700763855865,788.5,-0.02837781310081482,0.056887554167341425,0.5030433714389801,0.029125923877065356
0.12783872011403294,0.6561985439604052,115.5,20.700763855865,788.5,-0.02837781310081482,0.056887554167341425,0.5030433714389801,0.029125923877065356
0.1534064641367868,0.6561985439604052,115.5,20.700763855865,788.5,-0.02837781310081482,0.056887554167341425,0.5030433714389801,0.029125923877065356
0.17897420815954068,0.6561985439604052,115.5,20.700763855865,788.5,-0.02837781310081482,0.056887554167341425,0.5030433714389801,0.029125923877065356
0.20454195218229457,0.6561985439604052,115.5,20.700763855865,788.5,-0.02837781310081482,0.056887554167341425,0.5030433714389801,0.029125923877065356
0.23010969620504845,0.6561985439604052,115.5,20.700763855865,788.5,-0.02837781310081482,0.056887554167341425,0.5030433714389801,0.029125923877065356
0.2556774402278023,0.6561985439604052,115.5,20.700763855865,788.5,-0.02837781310081482,0.056887554167341425,0.5030433714389801,0.029125923877065356
0.28124518425055617,0.6561985439604052,115.5,20.700763855865,788.5,-0.02837781310081482,0.056887554167341425,0.5030433714389801,0.029125923877065356
0.30681292827331,0.6561985439604052,115.5,20.700763855865,788.5,-0.02837781310081482,0.056887554167341425,0.5030433714389801,0.029125923877065356
0.33238067229606394,0.6561985439604052,115.5,20.700763855865,788.5,-0.02837781310081482,0.056887554167341425,0.5030433714389801,0.029125923877065356
0.3579484163188178,0.6561985439604052,115.5,20.700763855865,788.5,-0.02837781310081482,0.056887554167341425,0.5030433714389801,0.029125923877065356
0.3835161603415717,0.6561985439604052,115.5,20.700763855865,788.5,-0.02837781310081482,0.056887554167341425,0.5030433714389801,0.029125923877065356
0.40908390436432557,0.6561985439604052,115.5,20.700763855865,788.5,-0.02837781310081482,0.056887554167341425,0.5030433714389801,0.029125923877065356
0.4346516483870794,0.6561985439604052,115.5,20.700763855865,788.5,-0.02837781310081482,0.056887554167341425,0.5030433714389801,0.029125923877065356
0.46021939240983334,0.6561985439604052,115.5,20.700763855865,788.5,-0.02837781310081482,0.056887554167341425,0.5030433714389801,0.029125923877065356
0.4857871364325872,0.6561985439604052,115.5,20.700763855865,788.5,-0.02837781310081482,0.056887554167341425,0.5030433714389801,0.029125923877065356
0.5113548804553412,0.6561985439604052,115.5,20.700763855865,788.5,-0.02837781310081482,0.056887554167341425,0.5030433714389801,0.029125923877065356
0.536922624478095,0.6561985439604052,115.3,20.680977912361264,788.7,-0.027085548639297484,0.05719746287831504,0.5031356155872345,0.029117443685958772
0.5624903685008489,0.6561985439604052,115.3,20.680977912361264,788.7,-0.027085548639297484,0.05719746287831504,0.5031356155872345,0.029117443685958772
0.5880581125236027,0.6561985439604052,115.3,20.680977912361264,788.7,-0.027085548639297484,0.05719746287831504,0.5031356155872345,0.029117443685958772
0.6136258565463566,0.6561985439604052,115.3,20.680977912361264,788.7,-0.027085548639297484,0.05719746287831504,0.5031356155872345,0.029117443685958772
0.6391936005691106,0.6561985439604052,115.3,20.680977912361264,788.7,-0.027085548639297484,0.05719746287831504,0.5031356155872345,0.029117443685958772
0.6647613445918644,0.6561985439604052,115.3,20.680977912361264,788.7,-0.027085548639297484,0.05719746287831504,0.5031356155872345,0.029117443685958772
0.6903290886146183,0.6561985439604052,115.3,20.680977912361264,788.7,-0.027085548639297484,0.05719746287831504,0.5031356155872345,0.029117443685958772
0.7158968326373721,0.6561985439604052,115.3,20.680977912361264,788.7,-0.027085548639297484,0.05719746287831504,0.5031356155872345,0.029117443685958772
0.741464576660126,0.6561985439604052,115.3,20.680977912361264,788.7,-0.027085548639297484,0.05719746287831504,0.5031356155872345,0.029117443685958772
0.76703232068288,0.6561985439604052,115.3,20.680977912361264,788.7,-0.027085548639297484,0.05719746287831504,0.5031356155872345,0.029117443685958772
0.7926000647056338,0.6561985439604052,115.3,20.680977912361264,788.7,-0.027085548639297484,0.05719746287831504,0.5031356155872345,0.029117443685958772
0.8181678087283877,0.6561985439604052,115.3,20.680977912361264,788.7,-0.027085548639297484,0.05719746287831504,0.5031356155872345,0.029117443685958772
0.8437355527511415,0.6561985439604052,115.3,20.680977912361264,788.7,-0.027085548639297484,0.05719746287831504,0.5031356155872345,0.029117443685958772
0.8693032967738954,0.6561985439604052,115.3,20.680977912361264,788.7,-0.027085548639297484,0.05719746287831504,0.5031356155872345,0.029117443685958772
0.8948710407966494,0.6561985439604052,115.3,20.680977912361264,788.7,-0.027085548639297484,0.05719746287831504,0.5031356155872345,0.029117443685958772
0.9204387848194032,0.6561985439604052,115.3,20.680977912361264,788.7,-0.027085548639297484,0.05719746287831504,0.5031356155872345,0.029117443685958772
0.9460065288421571,0.6561985439604052,115.3,20.680977912361264,788.7,-0.027085548639297484,0.05719746287831504,0.5031356155872345,0.029117443685958772
0.9715742728649109,0.6561985439604052,114.4,20.560064913148373,789.6,-0.011637020111083984,0.03952755264819299,0.5026734411716461,0.02949317378966832
0.9971420168876648,0.6561985439604052,0.2,0.4524314325708198,903.8,-0.3770728588104248,0.852998068475875,0.5418152987957001,0.02517445786922093
2.635310589541029e-13,0.6926540185703615,126.7,21.29326986537036,777.3,-0.030949026346206665,0.049373373221704764,0.5000843346118927,0.02891092739818384
0.02556774402301741,0.6926540185703615,126.4,21.548490050869432,777.6,-0.03361794352531433,0.05052185895329123,0.49947447776794435,0.029158770038242764
0.05113548804577129,0.6926540185703615,126.4,21.548490050869432,777.6,-0.03361794352531433,0.05052185895329123,0.49947447776794435,0.029158770038242764
0.07670323206852515,0.6926540185703615,125.9,21.117371406416915,778.1,-0.030898666381835936,0.05238781342180291,0.499492883682251,0.029142401489448553
0.10227097609127904,0.6926540185703615,125.9,21.117371406416915,778.1,-0.030898666381835936,0.05238781342180291,0.499492883682251,0.029142401489448553
0.12783872011403294,0.6926540185703615,125.9,21.117371406416915,778.1,-0.030898666381835936,0.05238781342180291,0.499492883682251,0.029142401489448553
0.1534064641367868,0.6926540185703615,125.9,21.117371406416915,778.1,-0.030898666381835936,0.05238781342180291,0.499492883682251,0.029142401489448553
0.17897420815954068,0.6926540185703615,125.9,21.117371406416915,778.1,-0.030898666381835936,0.05238781342180291,0.499492883682251,0.029142401489448553
0.20454195218229457,0.6926540185703615,125.9,21.117371406416915,778.1,-0.030898666381835936,0.05238781342180291,0.499492883682251,0.029142401489448553
0.23010969620504845,0.6926540185703615,125.9,21.117371406416915,778.1,-0.030898666381835936,0.05238781342180291,0.499492883682251,0.029142401489448553
0.2556774402278023,0.6926540185703615,125.9,21.117371406416915,778.1,-0.030898666381835936,0.05238781342180291,0.499492883682251,0.029142401489448553
0.28124518425055617,0.6926540185703615,125.9,21.117371406416915,778.1,-0.030898666381835936,0.05238781342180291,0.499492883682251,0.029142401489448553
0.30681292827331,0.6926540185703615,125.9,21.117371406416915,778.1,-0.030898666381835936,0.05238781342180291,0.499492883682251,0.029142401489448553
0.33238067229606394,0.6926540185703615,125.9,21.117371406416915,778.1,-0.030898666381835936,0.05238781342180291,0.499492883682251,0.029142401489448553
0.3579484163188178,0.6926540185703615,125.9,21.117371406416915,778.1,-0.030898666381835936,0.05238781342180291,0.499492883682251,0.029142401489448553
0.3835161603415717,0.6926540185703615,125.9,21.117371406416915,778.1,-0.030898666381835936,0.05238781342180291,0.499492883682251,0.029142401489448553
0.40908390436432557,0.6926540185703615,125.9,21.117371406416915,778.1,-0.030898666381835936,0.05238781342180291,0.499492883682251,0.029142401489448553
0.4346516483870794,0.6926540185703615,125.9,21.117371406416915,778.1,-0.030898666381835936,0.05238781342180291,0.499492883682251,0.029142401489448553
0.46021939240983334,0.6926540185703615,125.9,21.117371406416915,778.1,-0.030898666381835936,0.05238781342180291,0.499492883682251,0.029142401489448553
0.4857871364325872,0.6926540185703615,125.9,21.117371406416915,778.1,-0.030898666381835936,0.05238781342180291,0.499492883682251,0.029142401489448553
0.5113548804553412,0.6926540185703615,125.9,21.117371406416915,778.1,-0.030898666381835936,0.05238781342180291,0.499492883682251,0.029142401489448553
0.536922624478095,0.6926540185703615,125.7,21.06777030215851,778.3,-0.029752039909362794,0.05268579997153661,0.4995947301387787,0.029128648749108695
0.5624903685008489,0.6926540185703615,125.7,21.06777030215851,778.3,-0.029752039909362794,0.05268579997153661,0.4995947301387787,0.029128648749108695
0.5880581125236027,0.6926540185703615,125.7,21.06777030215851,778.3,-0.029752039909362794,0.05268579997153661,0.4995947301387787,0.029128648749108695
0.6136258565463566,0.6926540185703615,125.7,21.06777030215851,778.3,-0.029752039909362794,0.05268579997153661,0.4995947301387787,0.029128648749108695
0.6391936005691106,0.6926540185703615,125.7,21.06777030215851,778.3,-0.029752039909362794,0.05268579997153661,0.4995947301387787,0.029128648749108695
0.6647613445918644,0.6926540185703615,125.7,21.06777030215851,778.3,-0.029752039909362794,0.05268579997153661,0.4995947301387787,0.029128648749108695
0.6903290886146183,0.6926540185703615,125.7,21.06777030215851,778.3,-0.029752039909362794,0.05268579997153661,0.4995947301387787,0.029128648749108695
0.7158968326373721,0.6926540185703615,125.7,21.06777030215851,778.3,-0.029752039909362794,0.05268579997153661,0.4995947301387787,0.029128648749108695
0.741464576660126,0.6926540185703615,125.7,21.06777030215851,778.3,-0.029752039909362794,0.05268579997153661,0.4995947301387787,0.029128648749108695
0.76703232068288,0.6926540185703615,125.7,21.06777030215851,778.3,-0.029752039909362794,0.05268579997153661,0.4995947301387787,0.029128648749108695
0.7926000647056338,0.6926540185703615,125.7,21.06777030215851,778.3,-0.029752039909362794,0.05268579997153661,0.4995947301387787,0.029128648749108695
0.8181678087283877,0.6926540185703615,125.7,21.06777030215851,778.3,-0.029752039909362794,0.05268579997153661,0.4995947301387787,0.029128648749108695
0.8437355527511415,0.6926540185703615,125.7,21.06777030215851,778.3,-0.029752039909362794,0.05268579997153661,0.4995947301387787,0.029128648749108695
0.8693032967738954,0.6926540185703615,125.7,21.06777030215851,778.3,-0.029752039909362794,0.05268579997153661,0.4995947301387787,0.029128648749108695
0.8948710407966494,0.6926540185703615,125.7,21.06777030215851,778.3,-0.029752039909362794,0.05268579997153661,0.4995947301387787,0.029128648749108695
0.9204387848194032,0.6926540185703615,125.7,21.06777030215851,778.3,-0.029752039909362794,0.05268579997153661,0.4995947301387787,0.029128648749108695
0.9460065288421571,0.6926540185703615,125.7,21.06777030215851,778.3,-0.029752039909362794,0.05268579997153661,0.4995947301387787,0.029128648749108695
0.9715742728649109,0.6926540185703615,124.8,21.029276015716416,779.2,-0.014894193410873413,0.03340546080727964,0.4991382956504822,0.02952218528820166
0.9971420168876648,0.6926540185703615,0.2,0.4524314325708198,903.8,-0.3770728588104248,0.852998068475875,0.5418152987957001,0.02517445786922093
2.635310589541029e-13,0.7291094931803177,140.5,18.23887350316764,763.5,-0.022246181964874268,0.05085407923574568,0.4979580700397491,0.031009310092656873
0.02556774402301741,0.7291094931803177,140.2,18.55275373579389,763.8,-0.023675417900085448,0.05131791787767782,0.49733914732933043,0.031222788840890765
0.05113548804577129,0.7291094931803177,140.2,18.55275373579389,763.8,-0.023675417900085448,0.05131791787767782,0.49733914732933043,0.031222788840890765
0.07670323206852515,0.7291094931803177,139.7,18.031314672569586,764.3,-0.021010953187942504,0.05282742458307516,0.49737706780433655,0.031185664122839074
0.10227097609127904,0.7291094931803177,139.7,18.031314672569586,764.3,-0.021010953187942504,0.05282742458307516,0.49737706780433655,0.031185664122839074
0.12783872011403294,0.7291094931803177,139.7,18.031314672569586,764.3,-0.021010953187942504,0.05282742458307516,0.49737706780433655,0.031185664122839074
0.1534064641367868,0.7291094931803177,139.7,18.031314672569586,764.3,-0.021010953187942504,0.05282742458307516,0.49737706780433655,0.031185664122839074
0.17897420815954068,0.7291094931803177,139.7,18.031314672569586,764.3,-0.021010953187942504,0.05282742458307516,0.49737706780433655,0.031185664122839074
0.20454195218229457,0.7291094931803177,139.7,18.031314672569586,764.3,-0.021010953187942504,0.05282742458307516,0.49737706780433655,0.031185664122839074
0.23010969620504845,0.7291094931803177,139.7,18.031314672569586,764.3,-0.021010953187942504,0.05282742458307516,0.49737706780433655,0.031185664122839074
0.2556774402278023,0.7291094931803177,139.7,18.031314672569586,764.3,-0.021010953187942504,0.05282742458307516,0.49737706780433655,0.031185664122839074
0.28124518425055617,0.7291094931803177,139.7,18.031314672569586,764.3,-0.021010953187942504,0.05282742458307516,0.49737706780433655,0.031185664122839074
0.30681292827331,0.7291094931803177,139.7,18.031314672569586,764.3,-0.021010953187942504,0.05282742458307516,0.49737706780433655,0.031185664122839074
0.33238067229606394,0.7291094931803177,139.7,18.031314672569586,764.3,-0.021010953187942504,0.05282742458307516,0.49737706780433655,0.031185664122839074
0.3579484163188178,0.7291094931803177,139.7,18.031314672569586,764.3,-0.021010953187942504,0.05282742458307516,0.49737706780433655,0.031185664122839074
0.3835161603415717,0.7291094931803177,139.7,18.031314672569586,764.3,-0.021010953187942504,0.05282742458307516,0.49737706780433655,0.031185664122839074
0.40908390436432557,0.7291094931803177,139.7,18.031314672569586,764.3,-0.021010953187942504,0.05282742458307516,0.49737706780433655,0.031185664122839074
0.4346516483870794,0.7291094931803177,139.7,18.031314672569586,764.3,-0.021010953187942504,0.05282742458307516,0.49737706780433655,0.031185664122839074
0.46021939240983334,0.7291094931803177,139.7,18.031314672569586,764.3,-0.021010953187942504,0.05282742458307516,0.49737706780433655,0.031185664122839074
0.4857871364325872,0.7291094931803177,139.7,18.031314672569586,764.3,-0.021010953187942504,0.05282742458307516,0.49737706780433655,0.031185664122839074
0.5113548804553412,0.7291094931803177,139.7,18.031314672569586,764.3,-0.021010953187942504,0.05282742458307516,0.49737706780433655,0.031185664122839074
0.536922624478095,0.7291094931803177,139.5,17.96560473815479,764.5,-0.019852465391159056,0.052782714735345855,0.4974917948246002,0.031153665020878612
0.5624903685008489,0.7291094931803177,139.5,17.96560473815479,764.5,-0.019852465391159056,0.052782714735345855,0.4974917948246002,0.031153665020878612
0.5880581125236027,0.7291094931803177,139.5,17.96560473815479,764.5,-0.019852465391159056,0.052782714735345855,0.4974917948246002,0.031153665020878612
0.6136258565463566,0.7291094931803177,139.5,17.96560473815479,764.5,-0.019852465391159056,0.052782714735345855,0.4974917948246002,0.031153665020878612
0.6391936005691106,0.7291094931803177,139.5,17.96560473815479,764.5,-0.019852465391159056,0.052782714735345855,0.4974917948246002,0.031153665020878612
0.6647613445918644,0.7291094931803177,139.5,17.96560473815479,764.5,-0.019852465391159056,0.052782714735345855,0.4974917948246002,0.031153665020878612
0.6903290886146183,0.7291094931803177,139.5,17.96560473815479,764.5,-0.019852465391159056,0.052782714735345855,0.4974917948246002,0.031153665020878612
0.7158968326373721,0.7291094931803177,139.5,17.96560473815479,764.5,-0.019852465391159056,0.052782714735345855,0.4974917948246002,0.031153665020878612
0.741464576660126,0.7291094931803177,139.5,17.96560473815479,764.5,-0.019852465391159056,0.052782714735345855,0.4974917948246002,0.031153665020878612
0.76703232068288,0.7291094931803177,139.5,17.96560473815479,764.5,-0.019852465391159056,0.052782714735345855,0.4974917948246002,0.031153665020878612
0.7926000647056338,0.7291094931803177,139.5,17.96560473815479,764.5,-0.019852465391159056,0.052782714735345855,0.4974917948246002,0.031153665020878612
0.8181678087283877,0.7291094931803177,139.5,17.96560473815479,764.5,-0.019852465391159056,0.052782714735345855,0.4974917948246002,0.031153665020878612
0.8437355527511415,0.7291094931803177,139.5,17.96560473815479,764.5,-0.019852465391159056,0.052782714735345855,0.4974917948246002,0.031153665020878612
0.8693032967738954,0.7291094931803177,139.5,17.96560473815479,764.5,-0.019852465391159056,0.052782714735345855,0.4974917948246002,0.031153665020878612
0.8948710407966494,0.7291094931803177,139.5,17.96560473815479,764.5,-0.019852465391159056,0.052782714735345855,0.4974917948246002,0.031153665020878612
0.9204387848194032,0.7291094931803177,139.5,17.96560473815479,764.5,-0.019852465391159056,0.052782714735345855,0.4974917948246002,0.031153665020878612
0.9460065288421571,0.7291094931803177,139.5,17.96560473815479,764.5,-0.019852465391159056,0.052782714735345855,0.4974917948246002,0.031153665020878612
0.9715742728649109,0.7291094931803177,138.6,17.933769198108696,765.4,-0.007414281368255615,0.042360339821186185,0.49703632593154906,0.031533146126923726
0.9971420168876648,0.7291094931803177,0.2,0.4524314325708198,903.8,-0.3770728588104248,0.852998068475875,0.5418152987957001,0.02517445786922093
2.635310589541029e-13,0.7655649677902739,162.9,22.547175132948926,741.1,-0.014470010995864868,0.04628008545274993,0.49239069819450376,0.027383816415270955
0.02556774402301741,0.7655649677902739,162.6,22.45810570156797,741.4,-0.014514058828353882,0.04626628682785294,0.4917021095752716,0.02792367686507659
0.05113548804577129,0.7655649677902739,162.6,22.45810570156797,741.4,-0.014514058828353882,0.04626628682785294,0.4917021095752716,0.02792367686507659
0.07670323206852515,0.7655649677902739,162.1,21.774886619196632,741.9,-0.012852334976196289,0.047196591237572263,0.49176859855651855,0.02786932302353936
0.10227097609127904,0.7655649677902739,162.1,21.774886619196632,741.9,-0.012852334976196289,0.047196591237572263,0.49176859855651855,0.02786932302353936
0.12783872011403294,0.7655649677902739,162.1,21.774886619196632,741.9,-0.012852334976196289,0.047196591237572263,0.49176859855651855,0.02786932302353936
0.1534064641367868,0.7655649677902739,162.1,21.774886619196632,741.9,-0.012852334976196289,0.047196591237572263,0.49176859855651855,0.02786932302353936
0.17897420815954068,0.7655649677902739,162.1,21.774886619196632,741.9,-0.012852334976196289,0.047196591237572263,0.49176859855651855,0.02786932302353936
0.20454195218229457,0.7655649677902739,162.1,21.774886619196632,741.9,-0.012852334976196289,0.047196591237572263,0.49176859855651855,0.02786932302353936
0.23010969620504845,0.7655649677902739,162.1,21.774886619196632,741.9,-0.012852334976196289,0.047196591237572263,0.49176859855651855,0.02786932302353936
0.2556774402278023,0.7655649677902739,162.1,21.774886619196632,741.9,-0.012852334976196289,0.047196591237572263,0.49176859855651855,0.02786932302353936
0.28124518425055617,0.7655649677902739,162.1,21.774886619196632,741.9,-0.012852334976196289,0.047196591237572263,0.49176859855651855,0.02786932302353936
0.30681292827331,0.7655649677902739,162.1,21.774886619196632,741.9,-0.012852334976196289,0.047196591237572263,0.49176859855651855,0.02786932302353936
0.33238067229606394,0.7655649677902739,162.1,21.774886619196632,741.9,-0.012852334976196289,0.047196591237572263,0.49176859855651855,0.02786932302353936
0.3579484163188178,0.7655649677902739,162.1,21.774886619196632,741.9,-0.012852334976196289,0.047196591237572263,0.49176859855651855,0.02786932302353936
0.3835161603415717,0.7655649677902739,162.1,21.774886619196632,741.9,-0.012852334976196289,0.047196591237572263,0.49176859855651855,0.02786932302353936
0.40908390436432557,0.7655649677902739,162.1,21.774886619196632,741.9,-0.012852334976196289,0.047196591237572263,0.49176859855651855,0.02786932302353936
0.4346516483870794,0.7655649677902739,162.1,21.774886619196632,741.9,-0.012852334976196289,0.047196591237572263,0.49176859855651855,0.02786932302353936
0.46021939240983334,0.7655649677902739,162.1,21.774886619196632,741.9,-0.012852334976196289,0.047196591237572263,0.49176859855651855,0.02786932302353936
0.4857871364325872,0.7655649677902739,162.1,21.774886619196632,741.9,-0.012852334976196289,0.047196591237572263,0.49176859855651855,0.02786932302353936
0.5113548804553412,0.7655649677902739,162.1,21.774886619196632,741.9,-0.012852334976196289,0.047196591237572263,0.49176859855651855,0.02786932302353936
0.536922624478095,0.7655649677902739,161.9,21.81662648736831,742.1,-0.011803412437438964,0.04710709843626496,0.4918844044208527,0.027849890659950274
0.5624903685008489,0.7655649677902739,161.9,21.81662648736831,742.1,-0.011803412437438964,0.04710709843626496,0.4918844044208527,0.027849890659950274
0.5880581125236027,0.7655649677902739,161.9,21.81662648736831,742.1,-0.011803412437438964,0.04710709843626496,0.4918844044208527,0.027849890659950274
0.6136258565463566,0.7655649677902739,161.9,21.81662648736831,742.1,-0.011803412437438964,0.04710709843626496,0.4918844044208527,0.027849890659950274
0.6391936005691106,0.7655649677902739,161.9,21.81662648736831,742.1,-0.011803412437438964,0.04710709843626496,0.4918844044208527,0.027849890659950274
0.6647613445918644,0.7655649677902739,161.9,21.81662648736831,742.1,-0.011803412437438964,0.04710709843626496,0.4918844044208527,0.027849890659950274
0.6903290886146183,0.7655649677902739,161.9,21.81662648736831,742.1,-0.011803412437438964,0.04710709843626496,0.4918844044208527,0.027849890659950274
0.7158968326373721,0.7655649677902739,161.9,21.81662648736831,742.1,-0.011803412437438964,0.04710709843626496,0.4918844044208527,0.027849890659950274
0.741464576660126,0.7655649677902739,161.9,21.81662648736831,742.1,-0.011803412437438964,0.04710709843626496,0.4918844044208527,0.027849890659950274
0.76703232068288,0.7655649677902739,161.9,21.81662648736831,742.1,-0.011803412437438964,0.04710709843626496,0.4918844044208527,0.027849890659950274
0.7926000647056338,0.7655649677902739,161.9,21.81662648736831,742.1,-0.011803412437438964,0.04710709843626496,0.4918844044208527,0.027849890659950274
0.8181678087283877,0.7655649677902739,161.9,21.81662648736831,742.1,-0.011803412437438964,0.04710709843626496,0.4918844044208527,0.027849890659950274
0.8437355527511415,0.7655649677902739,161.9,21.81662648736831,742.1,-0.011803412437438964,0.04710709843626496,0.4918844044208527,0.027849890659950274
0.8693032967738954,0.7655649677902739,161.9,21.81662648736831,742.1,-0.011803412437438964,0.04710709843626496,0.4918844044208527,0.027849890659950274
0.8948710407966494,0.7655649677902739,161.9,21.81662648736831,742.1,-0.011803412437438964,0.04710709843626496,0.4918844044208527,0.027849890659950274
0.9204387848194032,0.7655649677902739,161.9,21.81662648736831,742.1,-0.011803412437438964,0.04710709843626496,0.4918844044208527,0.027849890659950274
0.9460065288421571,0.7655649677902739,161.9,21.81662648736831,742.1,-0.011803412437438964,0.04710709843626496,0.4918844044208527,0.027849890659950274
0.9715742728649109,0.7655649677902739,161.0,21.394367895180434,743.0,-0.0014245152473449708,0.04171984991773409,0.49143344163894653,0.028506491719125043
0.9971420168876648,0.7655649677902739,0.2,0.4524314325708198,903.8,-0.3770728588104248,0.852998068475875,0.5418152987957001,0.02517445786922093
2.635310589541029e-13,0.8020204424002302,193.1,19.99717929737806,710.9,0.00282478928565979,0.03190240463681472,0.48413758873939516,0.029136555518567434
0.02556774402301741,0.8020204424002302,192.8,19.872678366866335,711.2,0.002713042497634888,0.03191699821462833,0.4834064424037933,0.029733099941619878
0.05113548804577129,0.8020204424002302,192.8,19.872678366866335,711.2,0.002713042497634888,0.03191699821462833,0.4834064424037933,0.029733099941619878
0.07670323206852515,0.8020204424002302,192.3,19.292692271743277,711.7,0.004222446680068969,0.03254511978772741,0.48349134922027587,0.02967936171532592
0.10227097609127904,0.8020204424002302,192.3,19.292692271743277,711.7,0.004222446680068969,0.03254511978772741,0.48349134922027587,0.02967936171532592
0.12783872011403294,0.8020204424002302,192.3,19.292692271743277,711.7,0.004222446680068969,0.03254511978772741,0.48349134922027587,0.02967936171532592
0.1534064641367868,0.8020204424002302,192.3,19.292692271743277,711.7,0.004222446680068969,0.03254511978772741,0.48349134922027587,0.02967936171532592
0.17897420815954068,0.8020204424002302,192.3,19.292692271743277,711.7,0.004222446680068969,0.03254511978772741,0.48349134922027587,0.02967936171532592
0.20454195218229457,0.8020204424002302,192.3,19.292692271743277,711.7,0.004222446680068969,0.03254511978772741,0.48349134922027587,0.02967936171532592
0.23010969620504845,0.8020204424002302,192.3,19.292692271743277,711.7,0.004222446680068969,0.03254511978772741,0.48349134922027587,0.02967936171532592
0.2556774402278023,0.8020204424002302,192.3,19.292692271743277,711.7,0.004222446680068969,0.03254511978772741,0.48349134922027587,0.02967936171532592
0.28124518425055617,0.8020204424002302,192.3,19.292692271743277,711.7,0.004222446680068969,0.03254511978772741,0.48349134922027587,0.02967936171532592
0.30681292827331,0.8020204424002302,192.3,19.292692271743277,711.7,0.004222446680068969,0.03254511978772741,0.48349134922027587,0.02967936171532592
0.33238067229606394,0.8020204424002302,192.3,19.292692271743277,711.7,0.004222446680068969,0.03254511978772741,0.48349134922027587,0.02967936171532592
0.3579484163188178,0.8020204424002302,192.3,19.292692271743277,711.7,0.004222446680068969,0.03254511978772741,0.48349134922027587,0.02967936171532592
0.3835161603415717,0.8020204424002302,192.3,19.292692271743277,711.7,0.004222446680068969,0.03254511978772741,0.48349134922027587,0.02967936171532592
0.40908390436432557,0.8020204424002302,192.3,19.292692271743277,711.7,0.004222446680068969,0.03254511978772741,0.48349134922027587,0.02967936171532592
0.4346516483870794,0.8020204424002302,192.3,19.292692271743277,711.7,0.004222446680068969,0.03254511978772741,0.48349134922027587,0.02967936171532592
0.46021939240983334,0.8020204424002302,192.3,19.292692271743277,711.7,0.004222446680068969,0.03254511978772741,0.48349134922027587,0.02967936171532592
0.4857871364325872,0.8020204424002302,192.3,19.292692271743277,711.7,0.004222446680068969,0.03254511978772741,0.48349134922027587,0.02967936171532592
0.5113548804553412,0.8020204424002302,192.3,19.292692271743277,711.7,0.004222446680068969,0.03254511978772741,0.48349134922027587,0.02967936171532592
0.536922624478095,0.8020204424002302,192.1,19.387946531631144,711.9,0.005214172601699829,0.031969677577594696,0.4836280107498169,0.029641252554552817
0.5624903685008489,0.8020204424002302,192.1,19.387946531631144,711.9,0.005214172601699829,0.031969677577594696,0.4836280107498169,0.029641252554552817
0.5880581125236027,0.8020204424002302,192.1,19.387946531631144,711.9,0.005214172601699829,0.031969677577594696,0.4836280107498169,0.029641252554552817
0.6136258565463566,0.8020204424002302,192.1,19.387946531631144,711.9,0.005214172601699829,0.031969677577594696,0.4836280107498169,0.029641252554552817
0.6391936005691106,0.8020204424002302,192.1,19.387946531631144,711.9,0.005214172601699829,0.031969677577594696,0.4836280107498169,0.029641252554552817
0.6647613445918644,0.8020204424002302,192.1,19.387946531631144,711.9,0.005214172601699829,0.031969677577594696,0.4836280107498169,0.029641252554552817
0.6903290886146183,0.8020204424002302,192.1,19.387946531631144,711.9,0.005214172601699829,0.031969677577594696,0.4836280107498169,0.029641252554552817
0.7158968326373721,0.8020204424002302,192.1,19.387946531631144,711.9,0.005214172601699829,0.031969677577594696,0.4836280107498169,0.029641252554552817
0.741464576660126,0.8020204424002302,192.1,19.387946531631144,711.9,0.005214172601699829,0.031969677577594696,0.4836280107498169,0.029641252554552817
0.76703232068288,0.8020204424002302,192.1,19.387946531631144,711.9,0.005214172601699829,0.031969677577594696,0.4836280107498169,0.029641252554552817
0.7926000647056338,0.8020204424002302,192.1,19.387946531631144,711.9,0.005214172601699829,0.031969677577594696,0.4836280107498169,0.029641252554552817
0.8181678087283877,0.8020204424002302,192.1,19.387946531631144,711.9,0.005214172601699829,0.031969677577594696,0.4836280107498169,0.029641252554552817
0.8437355527511415,0.8020204424002302,192.1,19.387946531631144,711.9,0.005214172601699829,0.031969677577594696,0.4836280107498169,0.029641252554552817
0.8693032967738954,0.8020204424002302,192.1,19.387946531631144,711.9,0.005214172601699829,0.031969677577594696,0.4836280107498169,0.029641252554552817
0.8948710407966494,0.8020204424002302,192.1,19.387946531631144,711.9,0.005214172601699829,0.031969677577594696,0.4836280107498169,0.029641252554552817
0.9204387848194032,0.8020204424002302,192.1,19.387946531631144,711.9,0.005214172601699829,0.031969677577594696,0.4836280107498169,0.029641252554552817
0.9460065288421571,0.8020204424002302,192.1,19.387946531631144,711.9,0.005214172601699829,0.031969677577594696,0.4836280107498169,0.029641252554552817
0.9715742728649109,0.8020204424002302,187.8,22.82874145018517,716.2,0.015018171072006226,0.02203779268963731,0.4815256714820862,0.028166389095400056
0.9971420168876648,0.8020204424002302,0.2,0.4524314325708198,903.8,-0.3770728588104248,0.852998068475875,0.5418152987957001,0.02517445786922093
2.635310589541029e-13,0.8384759170101864,229.6,23.412567713832225,674.4,0.011360251903533935,0.03525260631843841,0.4768644034862518,0.028164680749621623
0.02556774402301741,0.8384759170101864,229.3,23.499471337207616,674.7,0.011272954940795898,0.03528610835066023,0.4761170506477356,0.028667337152211786
0.05113548804577129,0.8384759170101864,229.3,23.499471337207616,674.7,0.011272954940795898,0.03528610835066023,0.4761170506477356,0.028667337152211786
0.07670323206852515,0.8384759170101864,228.8,22.843680749899516,675.2,0.0126320481300354,0.033935374300056685,0.4762886524200439,0.02852375956903488
0.10227097609127904,0.8384759170101864,228.8,22.843680749899516,675.2,0.0126320481300354,0.033935374300056685,0.4762886524200439,0.02852375956903488
0.12783872011403294,0.8384759170101864,228.8,22.843680749899516,675.2,0.0126320481300354,0.033935374300056685,0.4762886524200439,0.02852375956903488
0.1534064641367868,0.8384759170101864,228.8,22.843680749899516,675.2,0.0126320481300354,0.033935374300056685,0.4762886524200439,0.02852375956903488
0.17897420815954068,0.8384759170101864,228.8,22.843680749899516,675.2,0.0126320481300354,0.033935374300056685,0.4762886524200439,0.02852375956903488
0.20454195218229457,0.8384759170101864,228.8,22.843680749899516,675.2,0.0126320481300354,0.033935374300056685,0.4762886524200439,0.02852375956903488
0.23010969620504845,0.8384759170101864,228.8,22.843680749899516,675.2,0.0126320481300354,0.033935374300056685,0.4762886524200439,0.02852375956903488
0.2556774402278023,0.8384759170101864,228.8,22.843680749899516,675.2,0.0126320481300354,0.033935374300056685,0.4762886524200439,0.02852375956903488
0.28124518425055617,0.8384759170101864,228.8,22.843680749899516,675.2,0.0126320481300354,0.033935374300056685,0.4762886524200439,0.02852375956903488
0.30681292827331,0.8384759170101864,228.8,22.843680749899516,675.2,0.0126320481300354,0.033935374300056685,0.4762886524200439,0.02852375956903488
0.33238067229606394,0.8384759170101864,228.8,22.843680749899516,675.2,0.0126320481300354,0.033935374300056685,0.4762886524200439,0.02852375956903488
0.3579484163188178,0.8384759170101864,228.8,22.843680749899516,675.2,0.0126320481300354,0.033935374300056685,0.4762886524200439,0.02852375956903488
0.3835161603415717,0.8384759170101864,228.8,22.843680749899516,675.2,0.0126320481300354,0.033935374300056685,0.4762886524200439,0.02852375956903488
0.40908390436432557,0.8384759170101864,228.8,22.843680749899516,675.2,0.0126320481300354,0.033935374300056685,0.4762886524200439,0.02852375956903488
0.4346516483870794,0.8384759170101864,228.8,22.843680749899516,675.2,0.0126320481300354,0.033935374300056685,0.4762886524200439,0.02852375956903488
0.46021939240983334,0.8384759170101864,228.8,22.843680749899516,675.2,0.0126320481300354,0.033935374300056685,0.4762886524200439,0.02852375956903488
0.4857871364325872,0.8384759170101864,228.8,22.843680749899516,675.2,0.0126320481300354,0.033935374300056685,0.4762886524200439,0.02852375956903488
0.5113548804553412,0.8384759170101864,228.8,22.843680749899516,675.2,0.0126320481300354,0.033935374300056685,0.4762886524200439,0.02852375956903488
0.536922624478095,0.8384759170101864,228.6,22.97126263044699,675.4,0.013426220417022705,0.03379619681210174,0.4764481782913208,0.028465835622901555
0.5624903685008489,0.8384759170101864,228.6,22.97126263044699,675.4,0.013426220417022705,0.03379619681210174,0.4764481782913208,0.028465835622901555
0.5880581125236027,0.8384759170101864,228.6,22.97126263044699,675.4,0.013426220417022705,0.03379619681210174,0.4764481782913208,0.028465835622901555
0.6136258565463566,0.8384759170101864,228.6,22.97126263044699,675.4,0.013426220417022705,0.03379619681210174,0.4764481782913208,0.028465835622901555
0.6391936005691106,0.8384759170101864,228.6,22.97126263044699,675.4,0.013426220417022705,0.03379619681210174,0.4764481782913208,0.028465835622901555
0.6647613445918644,0.8384759170101864,228.6,22.97126263044699,675.4,0.013426220417022705,0.03379619681210174,0.4764481782913208,0.028465835622901555
0.6903290886146183,0.8384759170101864,228.6,22.97126263044699,675.4,0.013426220417022705,0.03379619681210174,0.4764481782913208,0.028465835622901555
0.7158968326373721,0.8384759170101864,228.6,22.97126263044699,675.4,0.013426220417022705,0.03379619681210174,0.4764481782913208,0.028465835622901555
0.741464576660126,0.8384759170101864,228.6,22.97126263044699,675.4,0.013426220417022705,0.03379619681210174,0.4764481782913208,0.028465835622901555
0.76703232068288,0.8384759170101864,228.6,22.97126263044699,675.4,0.013426220417022705,0.03379619681210174,0.4764481782913208,0.028465835622901555
0.7926000647056338,0.8384759170101864,228.6,22.97126263044699,675.4,0.013426220417022705,0.03379619681210174,0.4764481782913208,0.028465835622901555
0.8181678087283877,0.8384759170101864,228.6,22.97126263044699,675.4,0.013426220417022705,0.03379619681210174,0.4764481782913208,0.028465835622901555
0.8437355527511415,0.8384759170101864,228.6,22.97126263044699,675.4,0.013426220417022705,0.03379619681210174,0.4764481782913208,0.028465835622901555
0.8693032967738954,0.8384759170101864,228.6,22.97126263044699,675.4,0.013426220417022705,0.03379619681210174,0.4764481782913208,0.028465835622901555
0.8948710407966494,0.8384759170101864,228.2,22.495039655718667,675.8,0.012077319622039794,0.03272470904901884,0.47573569416999817,0.02791749633863463
0.9204387848194032,0.8384759170101864,226.3,20.62867388852563,677.7,0.011939418315887452,0.03262926685997592,0.47695139050483704,0.028901046812502454
0.9460065288421571,0.8384759170101864,217.7,23.47526279132349,686.3,0.008909016847610474,0.034860596581696685,0.4769019365310669,0.029014813094131023
0.9715742728649109,0.8384759170101864,205.5,27.70000951563043,698.5,0.015380316972732544,0.027348341758230567,0.47575329542160033,0.02924061602560117
0.9971420168876648,0.8384759170101864,0.2,0.4524314325708198,903.8,-0.3770728588104248,0.852998068475875,0.5418152987957001,0.02517445786922093
2.635310589541029e-13,0.8749313916201427,284.3,27.699598974820653,619.7,0.026038658618927003,0.03212877885665961,0.4958585500717163,0.04603342144492316
0.02556774402301741,0.8749313916201427,284.0,27.84485852832299,620.0,0.026274716854095458,0.031991140746050445,0.4950312912464142,0.046434352198942555
0.05113548804577129,0.8749313916201427,284.0,27.84485852832299,620.0,0.026274716854095458,0.031991140746050445,0.4950312912464142,0.046434352198942555
0.07670323206852515,0.8749313916201427,283.5,27.477424826488583,620.5,0.027554666996002196,0.03002109474898772,0.4953309535980225,0.04607742476562949
0.10227097609127904,0.8749313916201427,283.5,27.477424826488583,620.5,0.027554666996002196,0.03002109474898772,0.4953309535980225,0.04607742476562949
0.12783872011403294,0.8749313916201427,283.5,27.477424826488583,620.5,0.027554666996002196,0.03002109474898772,0.4953309535980225,0.04607742476562949
0.1534064641367868,0.8749313916201427,283.5,27.477424826488583,620.5,0.027554666996002196,0.03002109474898772,0.4953309535980225,0.04607742476562949
0.17897420815954068,0.8749313916201427,283.5,27.477424826488583,620.5,0.027554666996002196,0.03002109474898772,0.4953309535980225,0.04607742476562949
0.20454195218229457,0.8749313916201427,283.5,27.477424826488583,620.5,0.027554666996002196,0.03002109474898772,0.4953309535980225,0.04607742476562949
0.23010969620504845,0.8749313916201427,283.5,27.477424826488583,620.5,0.027554666996002196,0.03002109474898772,0.4953309535980225,0.04607742476562949
0.2556774402278023,0.8749313916201427,283.5,27.477424826488583,620.5,0.027554666996002196,0.03002109474898772,0.4953309535980225,0.04607742476562949
0.28124518425055617,0.8749313916201427,283.5,27.477424826488583,620.5,0.027554666996002196,0.03002109474898772,0.4953309535980225,0.04607742476562949
0.30681292827331,0.8749313916201427,283.5,27.477424826488583,620.5,0.027554666996002196,0.03002109474898772,0.4953309535980225,0.04607742476562949
0.33238067229606394,0.8749313916201427,283.5,27.477424826488583,620.5,0.027554666996002196,0.03002109474898772,0.4953309535980225,0.04607742476562949
0.3579484163188178,0.8749313916201427,283.5,27.477424826488583,620.5,0.027554666996002196,0.03002109474898772,0.4953309535980225,0.04607742476562949
0.3835161603415717,0.8749313916201427,283.5,27.477424826488583,620.5,0.027554666996002196,0.03002109474898772,0.4953309535980225,0.04607742476562949
0.40908390436432557,0.8749313916201427,283.5,27.477424826488583,620.5,0.027554666996002196,0.03002109474898772,0.4953309535980225,0.04607742476562949
0.4346516483870794,0.8749313916201427,283.5,27.477424826488583,620.5,0.027554666996002196,0.03002109474898772,0.4953309535980225,0.04607742476562949
0.46021939240983334,0.8749313916201427,283.5,27.477424826488583,620.5,0.027554666996002196,0.03002109474898772,0.4953309535980225,0.04607742476562949
0.4857871364325872,0.8749313916201427,283.5,27.477424826488583,620.5,0.027554666996002196,0.03002109474898772,0.4953309535980225,0.04607742476562949
0.5113548804553412,0.8749313916201427,283.5,27.477424826488583,620.5,0.027554666996002196,0.03002109474898772,0.4953309535980225,0.04607742476562949
0.536922624478095,0.8749313916201427,283.3,27.42937466075643,620.7,0.027797579765319824,0.03026765193918373,0.49556490778923035,0.04600252736535441
0.5624903685008489,0.8749313916201427,283.3,27.42937466075643,620.7,0.027797579765319824,0.03026765193918373,0.49556490778923035,0.04600252736535441
0.5880581125236027,0.8749313916201427,283.3,27.42937466075643,620.7,0.027797579765319824,0.03026765193918373,0.49556490778923035,0.04600252736535441
0.6136258565463566,0.8749313916201427,283.3,27.42937466075643,620.7,0.027797579765319824,0.03026765193918373,0.49556490778923035,0.04600252736535441
0.6391936005691106,0.8749313916201427,283.3,27.42937466075643,620.7,0.027797579765319824,0.03026765193918373,0.49556490778923035,0.04600252736535441
0.6647613445918644,0.8749313916201427,283.3,27.42937466075643,620.7,0.027797579765319824,0.03026765193918373,0.49556490778923035,0.04600252736535441
0.6903290886146183,0.8749313916201427,283.3,27.42937466075643,620.7,0.027797579765319824,0.03026765193918373,0.49556490778923035,0.04600252736535441
0.7158968326373721,0.8749313916201427,283.3,27.42937466075643,620.7,0.027797579765319824,0.03026765193918373,0.49556490778923035,0.04600252736535441
0.741464576660126,0.8749313916201427,283.3,27.42937466075643,620.7,0.027797579765319824,0.03026765193918373,0.49556490778923035,0.04600252736535441
0.76703232068288,0.8749313916201427,283.3,27.42937466075643,620.7,0.027797579765319824,0.03026765193918373,0.49556490778923035,0.04600252736535441
0.7926000647056338,0.8749313916201427,283.3,27.42937466075643,620.7,0.027797579765319824,0.03026765193918373,0.49556490778923035,0.04600252736535441
0.8181678087283877,0.8749313916201427,283.3,27.42937466075643,620.7,0.027797579765319824,0.03026765193918373,0.49556490778923035,0.04600252736535441
0.8437355527511415,0.8749313916201427,283.3,27.42937466075643,620.7,0.027797579765319824,0.03026765193918373,0.49556490778923035,0.04600252736535441
0.8693032967738954,0.8749313916201427,282.4,26.467561048041375,621.6,0.027585065364837645,0.030138807730391157,0.49673160910606384,0.045645157517727235
0.8948710407966494,0.8749313916201427,279.7,24.387621027337254,624.3,0.026180356740951538,0.029470792497129254,0.49875667691230774,0.045384007568596174
0.9204387848194032,0.8749313916201427,277.8,23.770716658360055,626.2,0.026034706830978395,0.029420304765986564,0.5002788960933685,0.04549144148055356
0.9460065288421571,0.8749313916201427,261.3,34.40999739559124,642.7,0.02243208885192871,0.026962884860160814,0.49422516822814944,0.0487678494358073
0.9715742728649109,0.8749313916201427,222.8,36.43220322515633,681.2,0.01428225040435791,0.023667218823194506,0.47981308698654174,0.03102054321402469
0.9971420168876648,0.8749313916201427,0.2,0.4524314325708198,903.8,-0.3770728588104248,0.852998068475875,0.5418152987957001,0.02517445786922093
2.635310589541029e-13,0.9113868662300989,344.2,39.974450007433255,559.8,0.02787432074546814,0.022808276962588477,0.504983514547348,0.03891709790693142
0.02556774402301741,0.9113868662300989,343.9,39.96399402890019,560.1,0.028368067741394044,0.02274776960104524,0.5040200650691986,0.03998787069834884
0.05113548804577129,0.9113868662300989,343.9,39.96399402890019,560.1,0.028368067741394044,0.02274776960104524,0.5040200650691986,0.03998787069834884
0.07670323206852515,0.9113868662300989,343.4,39.57187615987491,560.6,0.02905914783477783,0.021924083564614835,0.5043300271034241,0.03992543913163742
0.10227097609127904,0.9113868662300989,343.4,39.57187615987491,560.6,0.02905914783477783,0.021924083564614835,0.5043300271034241,0.03992543913163742
0.12783872011403294,0.9113868662300989,343.4,39.57187615987491,560.6,0.02905914783477783,0.021924083564614835,0.5043300271034241,0.03992543913163742
0.1534064641367868,0.9113868662300989,343.4,39.57187615987491,560.6,0.02905914783477783,0.021924083564614835,0.5043300271034241,0.03992543913163742
0.17897420815954068,0.9113868662300989,343.4,39.57187615987491,560.6,0.02905914783477783,0.021924083564614835,0.5043300271034241,0.03992543913163742
0.20454195218229457,0.9113868662300989,343.4,39.57187615987491,560.6,0.02905914783477783,0.021924083564614835,0.5043300271034241,0.03992543913163742
0.23010969620504845,0.9113868662300989,343.4,39.57187615987491,560.6,0.02905914783477783,0.021924083564614835,0.5043300271034241,0.03992543913163742
0.2556774402278023,0.9113868662300989,343.4,39.57187615987491,560.6,0.02905914783477783,0.021924083564614835,0.5043300271034241,0.03992543913163742
0.28124518425055617,0.9113868662300989,343.4,39.57187615987491,560.6,0.02905914783477783,0.021924083564614835,0.5043300271034241,0.03992543913163742
0.30681292827331,0.9113868662300989,343.4,39.57187615987491,560.6,0.02905914783477783,0.021924083564614835,0.5043300271034241,0.03992543913163742
0.33238067229606394,0.9113868662300989,343.4,39.57187615987491,560.6,0.02905914783477783,0.021924083564614835,0.5043300271034241,0.03992543913163742
0.3579484163188178,0.9113868662300989,343.4,39.57187615987491,560.6,0.02905914783477783,0.021924083564614835,0.5043300271034241,0.03992543913163742
0.3835161603415717,0.9113868662300989,343.4,39.57187615987491,560.6,0.02905914783477783,0.021924083564614835,0.5043300271034241,0.03992543913163742
0.40908390436432557,0.9113868662300989,343.4,39.57187615987491,560.6,0.02905914783477783,0.021924083564614835,0.5043300271034241,0.03992543913163742
0.4346516483870794,0.9113868662300989,343.4,39.57187615987491,560.6,0.02905914783477783,0.021924083564614835,0.5043300271034241,0.03992543913163742
0.46021939240983334,0.9113868662300989,343.4,39.57187615987491,560.6,0.02905914783477783,0.021924083564614835,0.5043300271034241,0.03992543913163742
0.4857871364325872,0.9113868662300989,343.4,39.57187615987491,560.6,0.02905914783477783,0.021924083564614835,0.5043300271034241,0.03992543913163742
0.5113548804553412,0.9113868662300989,343.4,39.57187615987491,560.6,0.02905914783477783,0.021924083564614835,0.5043300271034241,0.03992543913163742
0.536922624478095,0.9113868662300989,343.2,39.33928235373443,560.8,0.029151773452758788,0.02198805743179345,0.5047885179519653,0.03965976600588182
0.5624903685008489,0.9113868662300989,343.2,39.33928235373443,560.8,0.029151773452758788,0.02198805743179345,0.5047885179519653,0.03965976600588182
0.5880581125236027,0.9113868662300989,343.2,39.33928235373443,560.8,0.029151773452758788,0.02198805743179345,0.5047885179519653,0.03965976600588182
0.6136258565463566,0.9113868662300989,343.2,39.33928235373443,560.8,0.029151773452758788,0.02198805743179345,0.5047885179519653,0.03965976600588182
0.6391936005691106,0.9113868662300989,343.2,39.33928235373443,560.8,0.029151773452758788,0.02198805743179345,0.5047885179519653,0.03965976600588182
0.6647613445918644,0.9113868662300989,343.2,39.33928235373443,560.8,0.029151773452758788,0.02198805743179345,0.5047885179519653,0.03965976600588182
0.6903290886146183,0.9113868662300989,343.2,39.33928235373443,560.8,0.029151773452758788,0.02198805743179345,0.5047885179519653,0.03965976600588182
0.7158968326373721,0.9113868662300989,343.2,39.33928235373443,560.8,0.029151773452758788,0.02198805743179345,0.5047885179519653,0.03965976600588182
0.741464576660126,0.9113868662300989,343.2,39.33928235373443,560.8,0.029151773452758788,0.02198805743179345,0.5047885179519653,0.03965976600588182
0.76703232068288,0.9113868662300989,343.2,39.33928235373443,560.8,0.029151773452758788,0.02198805743179345,0.5047885179519653,0.03965976600588182
0.7926000647056338,0.9113868662300989,343.2,39.33928235373443,560.8,0.029151773452758788,0.02198805743179345,0.5047885179519653,0.03965976600588182
0.8181678087283877,0.9113868662300989,342.4,39.221163491837345,561.6,0.028983867168426512,0.021824092723977846,0.5040662944316864,0.040148746378866895
0.8437355527511415,0.9113868662300989,341.7,39.18613723994275,562.3,0.028751575946807863,0.021606213796229137,0.5049275636672974,0.03957267546643115
0.8693032967738954,0.9113868662300989,340.4,39.29068818034178,563.6,0.02828221321105957,0.021198913849835854,0.5064658224582672,0.03876675368554739
0.8948710407966494,0.9113868662300989,332.8,35.54747236404547,571.2,0.026901525259017945,0.02028527662804283,0.5143717646598815,0.036762631986435056
0.9204387848194032,0.9113868662300989,325.0,36.12217896956983,579.0,0.02729940414428711,0.020759146789230198,0.5156344711780548,0.03674034930310194
0.9460065288421571,0.9113868662300989,287.8,50.99290073299876,616.2,0.023915380239486694,0.02118419925450534,0.5057470738887787,0.04231376416035692
0.9715742728649109,0.9113868662300989,230.7,43.77928417620403,673.3,0.012407976388931274,0.02158289528386084,0.4845566272735596,0.03285235404096522
0.9971420168876648,0.9113868662300989,0.2,0.4524314325708198,903.8,-0.3770728588104248,0.852998068475875,0.5418152987957001,0.02517445786922093
2.635310589541029e-13,0.9478423408400551,393.8,36.1376017427284,510.2,0.03782537579536438,0.019399319572263884,0.47546848058700564,0.03247538193828692
0.02556774402301741,0.9478423408400551,393.5,36.147748854807936,510.5,0.03834182620048523,0.01933403430951643,0.47441089153289795,0.03412762196331037
0.05113548804577129,0.9478423408400551,393.5,36.147748854807936,510.5,0.03834182620048523,0.01933403430951643,0.47441089153289795,0.03412762196331037
0.07670323206852515,0.9478423408400551,393.0,35.710570890696566,511.0,0.03896133303642273,0.01846075283186586,0.47493423223495485,0.034075155248077756
0.10227097609127904,0.9478423408400551,393.0,35.710570890696566,511.0,0.03896133303642273,0.01846075283186586,0.47493423223495485,0.034075155248077756
0.12783872011403294,0.9478423408400551,393.0,35.710570890696566,511.0,0.03896133303642273,0.01846075283186586,0.47493423223495485,0.034075155248077756
0.1534064641367868,0.9478423408400551,393.0,35.710570890696566,511.0,0.03896133303642273,0.01846075283186586,0.47493423223495485,0.034075155248077756
0.17897420815954068,0.9478423408400551,393.0,35.710570890696566,511.0,0.03896133303642273,0.01846075283186586,0.47493423223495485,0.034075155248077756
0.20454195218229457,0.9478423408400551,393.0,35.710570890696566,511.0,0.03896133303642273,0.01846075283186586,0.47493423223495485,0.034075155248077756
0.23010969620504845,0.9478423408400551,393.0,35.710570890696566,511.0,0.03896133303642273,0.01846075283186586,0.47493423223495485,0.034075155248077756
0.2556774402278023,0.9478423408400551,393.0,35.710570890696566,511.0,0.03896133303642273,0.01846075283186586,0.47493423223495485,0.034075155248077756
0.28124518425055617,0.9478423408400551,393.0,35.710570890696566,511.0,0.03896133303642273,0.01846075283186586,0.47493423223495485,0.034075155248077756
0.30681292827331,0.9478423408400551,393.0,35.710570890696566,511.0,0.03896133303642273,0.01846075283186586,0.47493423223495485,0.034075155248077756
0.33238067229606394,0.9478423408400551,393.0,35.710570890696566,511.0,0.03896133303642273,0.01846075283186586,0.47493423223495485,0.034075155248077756
0.3579484163188178,0.9478423408400551,393.0,35.710570890696566,511.0,0.03896133303642273,0.01846075283186586,0.47493423223495485,0.034075155248077756
0.3835161603415717,0.9478423408400551,393.0,35.710570890696566,511.0,0.03896133303642273,0.01846075283186586,0.47493423223495485,0.034075155248077756
0.40908390436432557,0.9478423408400551,393.0,35.710570890696566,511.0,0.03896133303642273,0.01846075283186586,0.47493423223495485,0.034075155248077756
0.4346516483870794,0.9478423408400551,393.0,35.710570890696566,511.0,0.03896133303642273,0.01846075283186586,0.47493423223495485,0.034075155248077756
0.46021939240983334,0.9478423408400551,393.0,35.710570890696566,511.0,0.03896133303642273,0.01846075283186586,0.47493423223495485,0.034075155248077756
0.4857871364325872,0.9478423408400551,393.0,35.710570890696566,511.0,0.03896133303642273,0.01846075283186586,0.47493423223495485,0.034075155248077756
0.5113548804553412,0.9478423408400551,393.0,35.710570890696566,511.0,0.03896133303642273,0.01846075283186586,0.47493423223495485,0.034075155248077756
0.536922624478095,0.9478423408400551,392.8,35.51866902715803,511.2,0.03904035687446594,0.018495388623025782,0.4755307614803314,0.03378131020340709
0.5624903685008489,0.9478423408400551,392.8,35.51866902715803,511.2,0.03904035687446594,0.018495388623025782,0.4755307614803314,0.03378131020340709
0.5880581125236027,0.9478423408400551,392.8,35.51866902715803,511.2,0.03904035687446594,0.018495388623025782,0.4755307614803314,0.03378131020340709
0.6136258565463566,0.9478423408400551,392.8,35.51866902715803,511.2,0.03904035687446594,0.018495388623025782,0.4755307614803314,0.03378131020340709
0.6391936005691106,0.9478423408400551,392.8,35.51866902715803,511.2,0.03904035687446594,0.018495388623025782,0.4755307614803314,0.03378131020340709
0.6647613445918644,0.9478423408400551,392.8,35.51866902715803,511.2,0.03904035687446594,0.018495388623025782,0.4755307614803314,0.03378131020340709
0.6903290886146183,0.9478423408400551,392.8,35.51866902715803,511.2,0.03904035687446594,0.018495388623025782,0.4755307614803314,0.03378131020340709
0.7158968326373721,0.9478423408400551,392.8,35.51866902715803,511.2,0.03904035687446594,0.018495388623025782,0.4755307614803314,0.03378131020340709
0.741464576660126,0.9478423408400551,392.8,35.51866902715803,511.2,0.03904035687446594,0.018495388623025782,0.4755307614803314,0.03378131020340709
0.76703232068288,0.9478423408400551,392.6,35.55291037418458,511.4,0.03898402452468872,0.01844920476742047,0.4757439136505127,0.03372037783725174
0.7926000647056338,0.9478423408400551,391.0,36.030766179359446,513.0,0.039895713329315186,0.0192867259865941,0.47601776719093325,0.03365207315636368
0.8181678087283877,0.9478423408400551,389.3,36.76351464058709,514.7,0.03902171850204468,0.01848408982330109,0.4752399563789368,0.03386485096400408
0.8437355527511415,0.9478423408400551,387.6,36.771478914806146,516.4,0.038192957639694214,0.01850017217775612,0.47652593851089475,0.033811892840367216
0.8693032967738954,0.9478423408400551,378.1,40.557154720429494,525.9,0.03637307286262512,0.016566507079952924,0.483193176984787,0.030728800397913876
0.8948710407966494,0.9478423408400551,366.7,43.574899195271506,537.3,0.033890509605407716,0.015618924346155092,0.49387361407279967,0.030140211472408973
0.9204387848194032,0.9478423408400551,346.9,45.60670669453058,557.1,0.03469786047935486,0.01502527063100689,0.505444598197937,0.03777651607231948
0.9460065288421571,0.9478423408400551,303.6,62.838583716742306,600.4,0.02884320020675659,0.017407293258005795,0.4967323958873749,0.04437506936185645
0.9715742728649109,0.9478423408400551,230.7,43.77928417620403,673.3,0.012407976388931274,0.02158289528386084,0.4845566272735596,0.03285235404096522
0.9971420168876648,0.9478423408400551,0.2,0.4524314325708198,903.8,-0.3770728588104248,0.852998068475875,0.5418152987957001,0.02517445786922093
2.635310589541029e-13,0.9842978154500114,428.5,30.357984304860572,475.5,0.05576399564743042,0.02549749705407087,0.460358202457428,0.03917109716717148
0.02556774402301741,0.9842978154500114,428.2,30.272738271824938,475.8,0.056375592947006226,0.02558590190912866,0.4591683804988861,0.04091007698083337
0.05113548804577129,0.9842978154500114,428.2,30.272738271824938,475.8,0.056375592947006226,0.02558590190912866,0.4591683804988861,0.04091007698083337
0.07670323206852515,0.9842978154500114,427.7,29.89900918249614,476.3,0.056954210996627806,0.024906961882206913,0.45977998375892637,0.04097197293674463
0.10227097609127904,0.9842978154500114,427.7,29.89900918249614,476.3,0.056954210996627806,0.024906961882206913,0.45977998375892637,0.04097197293674463
0.12783872011403294,0.9842978154500114,427.7,29.89900918249614,476.3,0.056954210996627806,0.024906961882206913,0.45977998375892637,0.04097197293674463
0.1534064641367868,0.9842978154500114,427.7,29.89900918249614,476.3,0.056954210996627806,0.024906961882206913,0.45977998375892637,0.04097197293674463
0.17897420815954068,0.9842978154500114,427.7,29.89900918249614,476.3,0.056954210996627806,0.024906961882206913,0.45977998375892637,0.04097197293674463
0.20454195218229457,0.9842978154500114,427.7,29.89900918249614,476.3,0.056954210996627806,0.024906961882206913,0.45977998375892637,0.04097197293674463
0.23010969620504845,0.9842978154500114,427.7,29.89900918249614,476.3,0.056954210996627806,0.024906961882206913,0.45977998375892637,0.04097197293674463
0.2556774402278023,0.9842978154500114,427.7,29.89900918249614,476.3,0.056954210996627806,0.024906961882206913,0.45977998375892637,0.04097197293674463
0.28124518425055617,0.9842978154500114,427.7,29.89900918249614,476.3,0.056954210996627806,0.024906961882206913,0.45977998375892637,0.04097197293674463
0.30681292827331,0.9842978154500114,427.7,29.89900918249614,476.3,0.056954210996627806,0.024906961882206913,0.45977998375892637,0.04097197293674463
0.33238067229606394,0.9842978154500114,427.7,29.89900918249614,476.3,0.056954210996627806,0.024906961882206913,0.45977998375892637,0.04097197293674463
0.3579484163188178,0.9842978154500114,427.7,29.89900918249614,476.3,0.056954210996627806,0.024906961882206913,0.45977998375892637,0.04097197293674463
0.3835161603415717,0.9842978154500114,427.7,29.89900918249614,476.3,0.056954210996627806,0.024906961882206913,0.45977998375892637,0.04097197293674463
0.40908390436432557,0.9842978154500114,427.7,29.89900918249614,476.3,0.056954210996627806,0.024906961882206913,0.45977998375892637,0.04097197293674463
0.4346516483870794,0.9842978154500114,427.7,29.89900918249614,476.3,0.056954210996627806,0.024906961882206913,0.45977998375892637,0.04097197293674463
0.46021939240983334,0.9842978154500114,427.7,29.89900918249614,476.3,0.056954210996627806,0.024906961882206913,0.45977998375892637,0.04097197293674463
0.4857871364325872,0.9842978154500114,427.7,29.89900918249614,476.3,0.056954210996627806,0.024906961882206913,0.45977998375892637,0.04097197293674463
0.5113548804553412,0.9842978154500114,427.7,29.89900918249614,476.3,0.056954210996627806,0.024906961882206913,0.45977998375892637,0.04097197293674463
0.536922624478095,0.9842978154500114,427.5,29.687551007492534,476.5,0.057013845443725585,0.02492482717794305,0.46053351163864137,0.04071968515842225
0.5624903685008489,0.9842978154500114,427.5,29.687551007492534,476.5,0.057013845443725585,0.02492482717794305,0.46053351163864137,0.04071968515842225
0.5880581125236027,0.9842978154500114,427.5,29.687551007492534,476.5,0.057013845443725585,0.02492482717794305,0.46053351163864137,0.04071968515842225
0.6136258565463566,0.9842978154500114,427.5,29.687551007492534,476.5,0.057013845443725585,0.02492482717794305,0.46053351163864137,0.04071968515842225
0.6391936005691106,0.9842978154500114,427.5,29.687551007492534,476.5,0.057013845443725585,0.02492482717794305,0.46053351163864137,0.04071968515842225
0.6647613445918644,0.9842978154500114,427.1,29.75106982352399,476.9,0.05655757188796997,0.024758403722095576,0.46062653660774233,0.04042871104763506
0.6903290886146183,0.9842978154500114,425.9,29.641932673273754,478.1,0.05585143566131592,0.02454478727302302,0.4625738739967346,0.03717192419143814
0.7158968326373721,0.9842978154500114,424.4,29.9221061416629,479.6,0.054548895359039305,0.024649377980334286,0.46335506439208984,0.036752797619131077
0.741464576660126,0.9842978154500114,422.6,30.143615560007333,481.4,0.05346606373786926,0.024327424967760206,0.4643472611904144,0.03595061513463621
0.76703232068288,0.9842978154500114,421.7,29.83237478096709,482.3,0.05353830456733703,0.024424162896620385,0.46596444845199586,0.035175061124225304
0.7926000647056338,0.9842978154500114,417.7,30.037513830920933,486.3,0.052863854169845584,0.024361073153138447,0.4672474801540375,0.03419300794037764
0.8181678087283877,0.9842978154500114,412.2,33.5782838705189,491.8,0.04841138124465942,0.01962226424756225,0.466676127910614,0.03584991264030729
0.8437355527511415,0.9842978154500114,405.1,37.97228440387264,498.9,0.04465926885604858,0.017753814558558935,0.4696717858314514,0.038439942778466255
0.8693032967738954,0.9842978154500114,393.8,45.20643114604085,510.2,0.041031557321548465,0.01340253429283271,0.47643500566482544,0.03603875174351798
0.8948710407966494,0.9842978154500114,380.0,48.49676660908631,524.0,0.03787969946861267,0.01320802892579203,0.4892263948917389,0.03711058999772919
0.9204387848194032,0.9842978154500114,357.0,52.41179428153448,547.0,0.038743329048156736,0.01244192600146267,0.500427633523941,0.04281331317138424
0.9460065288421571,0.9842978154500114,306.7,64.95368049796454,597.3,0.031062442064285278,0.017321614711915158,0.49598313570022584,0.045083459406829215
0.9715742728649109,0.9842978154500114,230.7,43.77928417620403,673.3,0.012407976388931274,0.02158289528386084,0.4845566272735596,0.03285235404096522
0.9971420168876648,0.9842978154500114,0.2,0.4524314325708198,903.8,-0.3770728588104248,0.852998068475875,0.5418152987957001,0.02517445786922093
2.635310589541029e-13,1.0207532900599676,465.3,28.252422047391033,438.7,0.07970411777496338,0.030506416241233163,0.4435999929904938,0.03547793433085869
0.02556774402301741,1.0207532900599676,465.0,28.274450915996116,439.0,0.08030273318290711,0.03033181544910658,0.44231277108192446,0.03690178790473368
0.05113548804577129,1.0207532900599676,465.0,28.274450915996116,439.0,0.08030273318290711,0.03033181544910658,0.44231277108192446,0.03690178790473368
0.07670323206852515,1.0207532900599676,464.5,27.95338411082231,439.5,0.08084930777549744,0.029608614878065667,0.4431941986083984,0.03686109782212922
0.10227097609127904,1.0207532900599676,464.5,27.95338411082231,439.5,0.08084930777549744,0.029608614878065667,0.4431941986083984,0.03686109782212922
0.12783872011403294,1.0207532900599676,464.5,27.95338411082231,439.5,0.08084930777549744,0.029608614878065667,0.4431941986083984,0.03686109782212922
0.1534064641367868,1.0207532900599676,464.5,27.95338411082231,439.5,0.08084930777549744,0.029608614878065667,0.4431941986083984,0.03686109782212922
0.17897420815954068,1.0207532900599676,464.5,27.95338411082231,439.5,0.08084930777549744,0.029608614878065667,0.4431941986083984,0.03686109782212922
0.20454195218229457,1.0207532900599676,464.5,27.95338411082231,439.5,0.08084930777549744,0.029608614878065667,0.4431941986083984,0.03686109782212922
0.23010969620504845,1.0207532900599676,464.5,27.95338411082231,439.5,0.08084930777549744,0.029608614878065667,0.4431941986083984,0.03686109782212922
0.2556774402278023,1.0207532900599676,464.5,27.95338411082231,439.5,0.08084930777549744,0.029608614878065667,0.4431941986083984,0.03686109782212922
0.28124518425055617,1.0207532900599676,464.5,27.95338411082231,439.5,0.08084930777549744,0.029608614878065667,0.4431941986083984,0.03686109782212922
0.30681292827331,1.0207532900599676,464.5,27.95338411082231,439.5,0.08084930777549744,0.029608614878065667,0.4431941986083984,0.03686109782212922
0.33238067229606394,1.0207532900599676,464.5,27.95338411082231,439.5,0.08084930777549744,0.029608614878065667,0.4431941986083984,0.03686109782212922
0.3579484163188178,1.0207532900599676,464.5,27.95338411082231,439.5,0.08084930777549744,0.029608614878065667,0.4431941986083984,0.03686109782212922
0.3835161603415717,1.0207532900599676,464.5,27.95338411082231,439.5,0.08084930777549744,0.029608614878065667,0.4431941986083984,0.03686109782212922
0.40908390436432557,1.0207532900599676,464.5,27.95338411082231,439.5,0.08084930777549744,0.029608614878065667,0.4431941986083984,0.03686109782212922
0.4346516483870794,1.0207532900599676,464.5,27.95338411082231,439.5,0.08084930777549744,0.029608614878065667,0.4431941986083984,0.03686109782212922
0.46021939240983334,1.0207532900599676,464.5,27.95338411082231,439.5,0.08084930777549744,0.029608614878065667,0.4431941986083984,0.03686109782212922
0.4857871364325872,1.0207532900599676,464.4,28.028442702393523,439.6,0.08094731569290162,0.029662000313085038,0.44341355562210083,0.036773731695855905
0.5113548804553412,1.0207532900599676,463.5,28.77527538557215,440.5,0.08060041069984436,0.029480099711129016,0.44442378878593447,0.036455951265430005
0.536922624478095,1.0207532900599676,461.6,29.988541161181015,442.4,0.07822471261024475,0.029047246225519557,0.4453114867210388,0.03656750510988425
0.5624903685008489,1.0207532900599676,461.3,30.23185892746556,442.7,0.07815411686897278,0.02897976058876677,0.44574828147888185,0.03649092992811319
0.5880581125236027,1.0207532900599676,460.4,30.583680684039997,443.6,0.07824574708938599,0.028348260091160517,0.4448582947254181,0.03849724722581035
0.6136258565463566,1.0207532900599676,458.3,31.29826125502534,445.7,0.07692371010780334,0.028902792709887968,0.44819719791412355,0.03595897688351188
0.6391936005691106,1.0207532900599676,457.9,31.429515001590556,446.1,0.07748105525970458,0.02878124210589744,0.44706928730010986,0.0379384421127167
0.6647613445918644,1.0207532900599676,456.0,31.376191430221912,448.0,0.07605908513069153,0.028368080742219404,0.44514244198799136,0.0379515372266451
0.6903290886146183,1.0207532900599676,452.7,31.686444147750883,451.3,0.07401427626609802,0.026848743668499982,0.4478370189666748,0.03475340498657235
0.7158968326373721,1.0207532900599676,449.9,32.98658169335627,454.1,0.0718874990940094,0.02677053417556499,0.4502742111682892,0.03423582242498576
0.741464576660126,1.0207532900599676,446.8,35.28095006322719,457.2,0.07041962146759033,0.026128015343644586,0.4519572675228119,0.03433528442576074
0.76703232068288,1.0207532900599676,444.5,36.47346020610607,459.5,0.06903153657913208,0.0244787729690318,0.45496675968170164,0.03414163493081402
0.7926000647056338,1.0207532900599676,439.5,38.163171659759016,464.5,0.06647372841835023,0.023215223244802193,0.4551621973514557,0.033420684099238984
0.8181678087283877,1.0207532900599676,432.0,42.20942528931085,472.0,0.06192428469657898,0.02063819981221554,0.45558634400367737,0.03600001400318954
0.8437355527511415,1.0207532900599676,423.7,46.66975150443277,480.3,0.058326447010040285,0.02104406576989634,0.4593753695487976,0.04015734125323908
0.8693032967738954,1.0207532900599676,407.9,54.01399943849065,496.1,0.0496008038520813,0.015317771907411133,0.46565272808074953,0.039400543933156965
0.8948710407966494,1.0207532900599676,389.6,55.94560571495937,514.4,0.04342166781425476,0.015764148295295457,0.48093609809875487,0.04251135742514795
0.9204387848194032,1.0207532900599676,358.9,54.32365268034121,545.1,0.04040421843528748,0.013493026958480321,0.49967293739318847,0.042881622969618866
0.9460065288421571,1.0207532900599676,306.7,64.95368049796454,597.3,0.031062442064285278,0.017321614711915158,0.49598313570022584,0.045083459406829215
0.9715742728649109,1.0207532900599676,230.7,43.77928417620403,673.3,0.012407976388931274,0.02158289528386084,0.4845566272735596,0.03285235404096522
0.9971420168876648,1.0207532900599676,0.2,0.4524314325708198,903.8,-0.3770728588104248,0.852998068475875,0.5418152987957001,0.02517445786922093
2.635310589541029e-13,1.057208764669924,485.3,29.999630949891316,418.7,0.09324184656143189,0.026880850514442327,0.44151968955993653,0.029506899740151388
0.02556774402301741,1.057208764669924,485.0,30.060126067609694,419.0,0.09386807680130005,0.026660611054415063,0.44018374681472777,0.031003599659261985
0.05113548804577129,1.057208764669924,485.0,30.060126067609694,419.0,0.09386807680130005,0.026660611054415063,0.44018374681472777,0.031003599659261985
0.07670323206852515,1.057208764669924,484.5,29.64346720286643,419.5,0.09435126781463624,0.026155291744263037,0.4412923276424408,0.03088722124683544
0.10227097609127904,1.057208764669924,484.5,29.64346720286643,419.5,0.09435126781463624,0.026155291744263037,0.4412923276424408,0.03088722124683544
0.12783872011403294,1.057208764669924,484.5,29.64346720286643,419.5,0.09435126781463624,0.026155291744263037,0.4412923276424408,0.03088722124683544
0.1534064641367868,1.057208764669924,484.5,29.64346720286643,419.5,0.09435126781463624,0.026155291744263037,0.4412923276424408,0.03088722124683544
0.17897420815954068,1.057208764669924,483.8,29.02817684680954,420.2,0.09340588450431823,0.02616566000102049,0.4413618564605713,0.03086598354964828
0.20454195218229457,1.057208764669924,483.8,29.02817684680954,420.2,0.09340588450431823,0.02616566000102049,0.4413618564605713,0.03086598354964828
0.23010969620504845,1.057208764669924,483.8,29.02817684680954,420.2,0.09340588450431823,0.02616566000102049,0.4413618564605713,0.03086598354964828
0.2556774402278023,1.057208764669924,483.8,29.02817684680954,420.2,0.09340588450431823,0.02616566000102049,0.4413618564605713,0.03086598354964828
0.28124518425055617,1.057208764669924,483.8,29.02817684680954,420.2,0.09340588450431823,0.02616566000102049,0.4413618564605713,0.03086598354964828
0.30681292827331,1.057208764669924,483.8,29.02817684680954,420.2,0.09340588450431823,0.02616566000102049,0.4413618564605713,0.03086598354964828
0.33238067229606394,1.057208764669924,483.6,29.16379861566513,420.4,0.09315612316131591,0.025983526093644613,0.4415268063545227,0.03074440522638108
0.3579484163188178,1.057208764669924,483.1,29.53046681935343,420.9,0.09275160431861877,0.025712149813006204,0.4401030302047729,0.03192248222805959
0.3835161603415717,1.057208764669924,483.1,29.53046681935343,420.9,0.09275160431861877,0.025712149813006204,0.4401030302047729,0.03192248222805959
0.40908390436432557,1.057208764669924,483.1,29.53046681935343,420.9,0.09275160431861877,0.025712149813006204,0.4401030302047729,0.03192248222805959
0.4346516483870794,1.057208764669924,481.8,30.506614980299368,422.2,0.09149004817008972,0.02500255628143065,0.44239893555641174,0.029833737202235134
0.46021939240983334,1.057208764669924,480.8,31.033263971789296,423.2,0.09054871201515198,0.025392040319912677,0.44258068799972533,0.030344610474291177
0.4857871364325872,1.057208764669924,480.3,31.31642296933616,423.7,0.09058712720870972,0.025337953143268584,0.442272287607193,0.03036353345168747
0.5113548804553412,1.057208764669924,478.9,32.38644031977993,425.1,0.08990660905838013,0.02535801113835862,0.44279253482818604,0.030683548291414724
0.536922624478095,1.057208764669924,476.9,33.9398133639482,427.1,0.08702214956283569,0.02454187016828081,0.4436161398887634,0.030707506954544394
0.5624903685008489,1.057208764669924,476.5,34.1532461043351,427.5,0.08673565983772277,0.024471114553125298,0.44390689134597777,0.030656829158059704
0.5880581125236027,1.057208764669924,474.8,34.11084975336475,429.2,0.08689244985580444,0.02370146517781604,0.44284012317657473,0.033023158386267314
0.6136258565463566,1.057208764669924,472.3,34.98193608125504,431.7,0.08572090864181518,0.02463629673111538,0.4471345007419586,0.02996704518368222
0.6391936005691106,1.057208764669924,470.9,35.302941828165885,433.1,0.08590543866157532,0.024419397537780663,0.4468791663646698,0.032843382111049514
0.6647613445918644,1.057208764669924,468.6,36.11934549944745,435.4,0.08453068733215333,0.024232496729229423,0.4455325067043304,0.0335571448507907
0.6903290886146183,1.057208764669924,464.6,37.83540040806846,439.4,0.08222020268440247,0.02275208182216409,0.44887238144874575,0.03076535855744933
0.7158968326373721,1.057208764669924,461.2,39.43600270248864,442.8,0.07958102822303773,0.02283995489636967,0.45109407901763915,0.029337388354290256
0.741464576660126,1.057208764669924,457.2,41.461637559240394,446.8,0.07797313928604126,0.022238782583166347,0.45394947528839114,0.03016936576026299
0.76703232068288,1.057208764669924,451.4,41.2118431834219,452.6,0.07480970025062561,0.021433500333918252,0.4573258519172668,0.030233707822143695
0.7926000647056338,1.057208764669924,446.4,43.17132665933013,457.6,0.07225189208984376,0.020394563630233956,0.4575212895870209,0.029408224545049585
0.8181678087283877,1.057208764669924,438.9,47.4111900344947,465.1,0.06770244836807252,0.018243374963069752,0.45794543623924255,0.03229186708629415
0.8437355527511415,1.057208764669924,430.6,52.05168522145452,473.4,0.06410461068153381,0.01932301907936707,0.4617344617843628,0.036731604546335006
0.8693032967738954,1.057208764669924,412.8,57.79190518941452,491.2,0.05286929607391357,0.016514677672062147,0.4666558623313904,0.036438229230642945
0.8948710407966494,1.057208764669924,389.6,55.94560571495937,514.4,0.04342166781425476,0.015764148295295457,0.48093609809875487,0.04251135742514795
0.9204387848194032,1.057208764669924,358.9,54.32365268034121,545.1,0.04040421843528748,0.013493026958480321,0.49967293739318847,0.042881622969618866
0.9460065288421571,1.057208764669924,306.7,64.95368049796454,597.3,0.031062442064285278,0.017321614711915158,0.49598313570022584,0.045083459406829215
0.9715742728649109,1.057208764669924,230.7,43.77928417620403,673.3,0.012407976388931274,0.02158289528386084,0.4845566272735596,0.03285235404096522
0.9971420168876648,1.057208764669924,0.2,0.4524314325708198,903.8,-0.3770728588104248,0.852998068475875,0.5418152987957001,0.02517445786922093
2.635310589541029e-13,1.09366423927988,513.3,30.135786453596992,390.70000000000005,0.10951123833656311,0.027784010416383252,0.4161593854427338,0.027664558185631412
0.02556774402301741,1.09366423927988,513.0,30.20730476642426,391.0,0.11017972230911255,0.027659113872558778,0.414741450548172,0.02902328050778109
0.05113548804577129,1.09366423927988,513.0,30.20730476642426,391.0,0.11017972230911255,0.027659113872558778,0.414741450548172,0.02902328050778109
0.07670323206852515,1.09366423927988,512.5,29.677973142032435,391.5,0.11061859726905823,0.027179086013271344,0.41655793190002444,0.02811690972647049
0.10227097609127904,1.09366423927988,512.5,29.677973142032435,391.5,0.11061859726905823,0.027179086013271344,0.41655793190002444,0.02811690972647049
0.12783872011403294,1.09366423927988,512.5,29.677973142032435,391.5,0.11061859726905823,0.027179086013271344,0.41655793190002444,0.02811690972647049
0.1534064641367868,1.09366423927988,512.5,29.677973142032435,391.5,0.11061859726905823,0.027179086013271344,0.41655793190002444,0.02811690972647049
0.17897420815954068,1.09366423927988,510.4,28.14787774166947,393.6,0.10788764357566834,0.027252278232974315,0.4170615553855896,0.02787829698446462
0.20454195218229457,1.09366423927988,510.2,28.31424042445837,393.8,0.10763292908668518,0.0270009927086241,0.41721433997154234,0.027849197382474114
0.23010969620504845,1.09366423927988,508.4,29.06223944676386,395.6,0.10646480321884155,0.02730304637000955,0.4189150154590607,0.026521824605619613
0.2556774402278023,1.09366423927988,507.9,29.41857862866548,396.1,0.1061287760734558,0.026759866802883534,0.41924980878829954,0.026098076873074836
0.28124518425055617,1.09366423927988,507.7,29.525845372611478,396.3,0.10611180067062378,0.02676444087247996,0.4195298910140991,0.025844901855599817
0.30681292827331,1.09366423927988,506.4,30.765337414815747,397.6,0.10400217175483703,0.02522019511911628,0.41831706166267396,0.02616766975926584
0.33238067229606394,1.09366423927988,506.2,30.97641334503507,397.8,0.10375241041183472,0.02509122812844045,0.41848201155662534,0.026107071474590352
0.3579484163188178,1.09366423927988,505.7,31.526334256781052,398.3,0.10334789156913757,0.024908135167975087,0.4170582354068756,0.026797270014148004
0.3835161603415717,1.09366423927988,505.3,31.731273497054897,398.7,0.10289939641952514,0.025030824247183413,0.41757217049598694,0.026410144786159735
0.40908390436432557,1.09366423927988,504.1,32.624336018924254,399.9,0.10205125212669372,0.023623311133968043,0.4190529763698578,0.026833577943087494
0.4346516483870794,1.09366423927988,502.2,34.48221464818102,401.8,0.09878793358802795,0.02300136885852768,0.42102060914039613,0.02622646394325666
0.46021939240983334,1.09366423927988,500.3,35.54467306392662,403.7,0.09727005958557129,0.02366382348431802,0.42251927852630616,0.02773207344236997
0.4857871364325872,1.09366423927988,499.5,36.094228087715294,404.5,0.09712302088737487,0.023528434853213723,0.42272514700889585,0.028008103807488752
0.5113548804553412,1.09366423927988,495.3,37.96569529517021,408.7,0.09452698230743409,0.022763522793077636,0.42654397487640383,0.030632802318580777
0.536922624478095,1.09366423927988,491.9,39.13735291720222,412.1,0.0915626347064972,0.022201046018332497,0.43004644513130186,0.03116673214176956
0.5624903685008489,1.09366423927988,490.2,40.21411648298877,413.8,0.09168319702148438,0.0223855494581875,0.4323133170604706,0.03334827549147109
0.5880581125236027,1.09366423927988,486.9,41.7168196362807,417.1,0.09190602898597718,0.021736916916290348,0.430227530002594,0.03345433157149703
0.6136258565463566,1.09366423927988,484.0,42.714255776036396,420.0,0.09106872677803039,0.023149009387972486,0.43446330428123475,0.03139527463814409
0.6391936005691106,1.09366423927988,482.2,43.08510442001719,421.8,0.09101569056510925,0.02271258257780688,0.43418962359428404,0.03408563271624718
0.6647613445918644,1.09366423927988,479.3,43.771490824244296,424.7,0.08864773511886596,0.023117539763456634,0.43208258152008056,0.03432383814437698
0.6903290886146183,1.09366423927988,474.1,44.82452985937327,429.9,0.08582469224929809,0.02241700765496074,0.43806585669517517,0.03341300848608816
0.7158968326373721,1.09366423927988,470.4,46.370482078314126,433.6,0.08332317471504211,0.02258953139007239,0.4411992132663727,0.033094182475908215
0.741464576660126,1.09366423927988,466.0,48.266421530997185,438.0,0.08157503604888916,0.022292761441822375,0.4449607074260712,0.03492048048305183
0.76703232068288,1.09366423927988,460.2,48.65221736799984,443.8,0.07841159701347351,0.021788902553485565,0.4483370840549469,0.035466033392538586
0.7926000647056338,1.09366423927988,455.2,50.817536757134455,448.8,0.07585378885269164,0.021018478791150874,0.4485325217247009,0.03479373303286853
0.8181678087283877,1.09366423927988,445.4,52.66417616143367,458.6,0.07074235677719116,0.019086027517533848,0.4509570479393005,0.0364741080383589
0.8437355527511415,1.09366423927988,434.1,54.512772628557485,469.9,0.06600812673568726,0.020700019747870748,0.4577148795127869,0.04012967958980985
0.8693032967738954,1.09366423927988,414.1,58.65582511013952,489.9,0.05394908785820007,0.018041039873552985,0.46508564949035647,0.038196341277987315
0.8948710407966494,1.09366423927988,389.6,55.94560571495937,514.4,0.04342166781425476,0.015764148295295457,0.48093609809875487,0.04251135742514795
0.9204387848194032,1.09366423927988,358.9,54.32365268034121,545.1,0.04040421843528748,0.013493026958480321,0.49967293739318847,0.042881622969618866
0.9460065288421571,1.09366423927988,306.7,64.95368049796454,597.3,0.031062442064285278,0.017321614711915158,0.49598313570022584,0.045083459406829215
0.9715742728649109,1.09366423927988,230.7,43.77928417620403,673.3,0.012407976388931274,0.02158289528386084,0.4845566272735596,0.03285235404096522
0.9971420168876648,1.09366423927988,0.2,0.4524314325708198,903.8,-0.3770728588104248,0.852998068475875,0.5418152987957001,0.02517445786922093
2.635310589541029e-13,1.1301197138898362,531.9,31.338928877715034,372.1,0.12472699880599976,0.025380106624658557,0.4026119828224182,0.026329098373533567
0.02556774402301741,1.1301197138898362,531.6,31.470645377877073,372.4,0.12538555264472961,0.02494542239646124,0.4011722981929779,0.02781116103265881
0.05113548804577129,1.1301197138898362,531.6,31.470645377877073,372.4,0.12538555264472961,0.02494542239646124,0.4011722981929779,0.02781116103265881
0.07670323206852515,1.1301197138898362,531.1,31.023460092150493,372.9,0.12580575346946715,0.024382923349168396,0.403172904253006,0.027151405432882445
0.10227097609127904,1.1301197138898362,531.1,31.023460092150493,372.9,0.12580575346946715,0.024382923349168396,0.403172904253006,0.027151405432882445
0.12783872011403294,1.1301197138898362,531.1,31.023460092150493,372.9,0.12580575346946715,0.024382923349168396,0.403172904253006,0.027151405432882445
0.1534064641367868,1.1301197138898362,526.1,33.926408285794125,377.9,0.1217852532863617,0.027396266456733737,0.4056463122367859,0.027701225692272465
0.17897420815954068,1.1301197138898362,523.8,32.66152478589528,380.20000000000005,0.11893326044082642,0.027822498756332234,0.4069617748260498,0.0268094541257395
0.20454195218229457,1.1301197138898362,523.4,33.03265891629033,380.6,0.11834774017333985,0.027365962823455974,0.40673280954360963,0.026795533428038355
0.23010969620504845,1.1301197138898362,521.6,33.887419677650044,382.4,0.11716530919075012,0.02805290352077272,0.40863336324691774,0.025200453277301527
0.2556774402278023,1.1301197138898362,521.1,34.27987175170224,382.9,0.11682875156402588,0.027580224971214064,0.409013569355011,0.02465131278944299
0.28124518425055617,1.1301197138898362,520.9,34.392477365808624,383.1,0.1168117105960846,0.027590225588048096,0.4093214809894562,0.024341243716790275
0.30681292827331,1.1301197138898362,519.3,35.90279318338187,384.70000000000005,0.11522529125213624,0.026311280774760092,0.4087312400341034,0.023839292449155156
0.33238067229606394,1.1301197138898362,518.3,36.775885587350544,385.70000000000005,0.11420789361000061,0.026065223436029576,0.40961081385612486,0.02356253236765363
0.3579484163188178,1.1301197138898362,517.8,37.33252373228087,386.20000000000005,0.11380337476730347,0.02598174394035571,0.4081870377063751,0.024027984498216547
0.3835161603415717,1.1301197138898362,516.9,38.027647651055226,387.1,0.11342031955718994,0.026165921631006145,0.4093316733837128,0.024404124007343254
0.40908390436432557,1.1301197138898362,513.7,38.168832878864926,390.29999999999995,0.11189088821411133,0.025171950636492146,0.41550458669662477,0.023343058967420536
0.4346516483870794,1.1301197138898362,510.3,39.13531891737591,393.7,0.10603272318840026,0.023722607410110553,0.41721020340919496,0.022729371302325184
0.46021939240983334,1.1301197138898362,508.4,40.29237145097876,395.6,0.1045148491859436,0.024620743021900923,0.418708872795105,0.024583709513926254
0.4857871364325872,1.1301197138898362,507.4,40.766557609943796,396.6,0.10421389937400818,0.02445868957858646,0.4181902348995209,0.024791879161532516
0.5113548804553412,1.1301197138898362,502.7,42.58767459475234,401.3,0.10215921998023987,0.02416641957507555,0.4232687532901764,0.028131310487792903
0.536922624478095,1.1301197138898362,498.0,42.926712972290076,406.0,0.09849748015403748,0.02494084023301748,0.4297097742557526,0.029120084290693106
0.5624903685008489,1.1301197138898362,495.8,43.691854162839256,408.2,0.09931278228759766,0.024326254927464264,0.4329183757305145,0.03176866343153123
0.5880581125236027,1.1301197138898362,492.5,45.3112708668202,411.5,0.09953561425209045,0.02368995687946125,0.43083258867263796,0.031902475757030375
0.6136258565463566,1.1301197138898362,489.4,46.289482111296685,414.6,0.0983565866947174,0.025484854182399926,0.43489730954170225,0.029622581344404503
0.6391936005691106,1.1301197138898362,487.4,46.610197728646604,416.6,0.09805420637130738,0.025367202950604992,0.43471555709838866,0.03249380949767952
0.6647613445918644,1.1301197138898362,484.5,47.42653839039221,419.5,0.09568625092506408,0.02609612319359734,0.4326085150241852,0.03276283498137338
0.6903290886146183,1.1301197138898362,479.0,48.459234037644926,425.0,0.09248895645141601,0.025772760017469382,0.43909852504730223,0.03171632398346791
0.7158968326373721,1.1301197138898362,475.3,50.09887972195895,428.7,0.08998743891716003,0.026286074116413205,0.44223188161849974,0.03132157975450949
0.741464576660126,1.1301197138898362,470.0,51.17010836484189,434.0,0.08741207122802734,0.026470672564394927,0.4468279480934143,0.032550532398262486
0.76703232068288,1.1301197138898362,463.3,50.898312740797195,440.7,0.08343909978866577,0.02623961643001963,0.45107226371765136,0.03244876394920936
0.7926000647056338,1.1301197138898362,457.1,52.01152527199461,446.9,0.08017399311065673,0.025650591969636125,0.45054285526275634,0.03256614093123923
0.8181678087283877,1.1301197138898362,446.0,53.04049733167534,458.0,0.07142405509948731,0.019826121884823716,0.45085322856903076,0.036599462002133674
0.8437355527511415,1.1301197138898362,434.1,54.512772628557485,469.9,0.06600812673568726,0.020700019747870748,0.4577148795127869,0.04012967958980985
0.8693032967738954,1.1301197138898362,414.1,58.65582511013952,489.9,0.05394908785820007,0.018041039873552985,0.46508564949035647,0.038196341277987315
0.8948710407966494,1.1301197138898362,389.6,55.94560571495937,514.4,0.04342166781425476,0.015764148295295457,0.48093609809875487,0.04251135742514795
0.9204387848194032,1.1301197138898362,358.9,54.32365268034121,545.1,0.04040421843528748,0.013493026958480321,0.49967293739318847,0.042881622969618866
0.9460065288421571,1.1301197138898362,306.7,64.95368049796454,597.3,0.031062442064285278,0.017321614711915158,0.49598313570022584,0.045083459406829215
0.9715742728649109,1.1301197138898362,230.7,43.77928417620403,673.3,0.012407976388931274,0.02158289528386084,0.4845566272735596,0.03285235404096522
0.9971420168876648,1.1301197138898362,0.2,0.4524314325708198,903.8,-0.3770728588104248,0.852998068475875,0.5418152987957001,0.02517445786922093
2.635310589541029e-13,1.1665751884997926,556.8,27.24164926121543,347.20000000000005,0.1580085575580597,0.032802782655900906,0.3819520592689514,0.033185951661418515
0.02556774402301741,1.1665751884997926,556.5,27.355062676892484,347.5,0.15871453881263733,0.03245395102194685,0.3804184377193451,0.03482554033833706
0.05113548804577129,1.1665751884997926,556.5,27.355062676892484,347.5,0.15871453881263733,0.03245395102194685,0.3804184377193451,0.03482554033833706
0.07670323206852515,1.1665751884997926,555.9,26.803247950289826,348.1,0.15956946611404418,0.031219276752616897,0.3818787693977356,0.035960493294275336
0.10227097609127904,1.1665751884997926,555.9,26.803247950289826,348.1,0.15956946611404418,0.031219276752616897,0.3818787693977356,0.035960493294275336
0.12783872011403294,1.1665751884997926,555.9,26.803247950289826,348.1,0.15956946611404418,0.031219276752616897,0.3818787693977356,0.035960493294275336
0.1534064641367868,1.1665751884997926,546.9,31.814309349336288,357.1,0.15041850805282592,0.03823303141922495,0.3909848153591156,0.030862427250826587
0.17897420815954068,1.1665751884997926,540.6,33.853845164118276,363.4,0.1443568468093872,0.03847271645699131,0.3965639233589172,0.029354606107878628
0.20454195218229457,1.1665751884997926,538.0,35.3183198663118,366.0,0.13796080350875856,0.03578152145484412,0.3923343539237976,0.028262269824638763
0.23010969620504845,1.1665751884997926,536.0,36.68602421557703,368.0,0.13696697354316711,0.03675972642614421,0.3945964455604553,0.027330841470030023
0.2556774402278023,1.1665751884997926,535.5,37.159178350671276,368.5,0.13663041591644287,0.0365042407240626,0.39497665166854856,0.026938232431011584
0.28124518425055617,1.1665751884997926,533.3,39.39164187845647,370.70000000000005,0.13653804063796998,0.03652438081982356,0.39893820881843567,0.03171784169651915
0.30681292827331,1.1665751884997926,531.7,40.993064762486966,372.29999999999995,0.1349516212940216,0.036064952927696306,0.3983479678630829,0.03122287272281089
0.33238067229606394,1.1665751884997926,529.2,41.21267098812392,374.79999999999995,0.13254637122154236,0.03673879275170713,0.4004848480224609,0.029348731544039875
0.3579484163188178,1.1665751884997926,526.5,42.157193597042884,377.5,0.1304469108581543,0.03607727362406018,0.39902817606925967,0.02842137286066427
0.3835161603415717,1.1665751884997926,525.2,42.67670055993318,378.79999999999995,0.12954774498939514,0.036088509867491625,0.40024989247322085,0.028405088514436197
0.40908390436432557,1.1665751884997926,522.0,43.15393788193551,382.0,0.12801831364631652,0.03576872765873077,0.4064228057861328,0.028634563878258013
0.4346516483870794,1.1665751884997926,518.2,44.072797805213526,385.79999999999995,0.12192069888114929,0.03651900672364744,0.4093907713890076,0.02769126948636222
0.46021939240983334,1.1665751884997926,516.3,45.292192911763514,387.70000000000005,0.12040282487869262,0.037476407894049955,0.4108894407749176,0.029459587527626205
0.4857871364325872,1.1665751884997926,515.3,45.8127008811893,388.70000000000005,0.12010187506675721,0.03744282458113871,0.4103708028793335,0.029555608176727758
0.5113548804553412,1.1665751884997926,509.8,47.30234997415709,394.2,0.11778926253318786,0.03799240635532258,0.4183150351047516,0.03224593672795244
0.536922624478095,1.1665751884997926,505.1,48.00471854737725,398.9,0.11412752270698548,0.03932604204019103,0.42475605607032774,0.03365551127820385
0.5624903685008489,1.1665751884997926,502.9,48.87219397875007,401.1,0.11494282484054566,0.03875264251784036,0.4279646575450897,0.03622205380132413
0.5880581125236027,1.1665751884997926,498.9,49.99367329907559,405.1,0.10982849001884461,0.031145253640934904,0.4279911458492279,0.03466903475672322
0.6136258565463566,1.1665751884997926,494.9,50.38565415037456,409.1,0.10452550649642944,0.029698925977452724,0.4349646091461182,0.03144738293879872
0.6391936005691106,1.1665751884997926,492.4,50.428236499364765,411.6,0.10292511582374572,0.02922174540910541,0.4350839197635651,0.034108972348810204
0.6647613445918644,1.1665751884997926,488.9,50.72419110600148,415.1,0.10013582706451415,0.03014446574668193,0.4342298746109009,0.03441235222503543
0.6903290886146183,1.1665751884997926,482.1,50.488241930381335,421.9,0.09654492735862732,0.030274188367023013,0.436037141084671,0.034746339491291856
0.7158968326373721,1.1665751884997926,478.1,51.857153624423404,425.9,0.09342429637908936,0.031138048477533837,0.43927950859069825,0.034466447506910795
0.741464576660126,1.1665751884997926,472.3,52.66509386598561,431.7,0.08876917362213135,0.028288613469049408,0.4427734434604645,0.03725218125038721
0.76703232068288,1.1665751884997926,465.2,52.24424092576108,438.8,0.08465192914009094,0.027965474217030682,0.44797170758247373,0.03610710286099154
0.7926000647056338,1.1665751884997926,457.9,52.581246823009884,446.1,0.0801946461200714,0.025680665914599218,0.44896135926246644,0.03428167187565764
0.8181678087283877,1.1665751884997926,446.0,53.04049733167534,458.0,0.07142405509948731,0.019826121884823716,0.45085322856903076,0.036599462002133674
0.8437355527511415,1.1665751884997926,434.1,54.512772628557485,469.9,0.06600812673568726,0.020700019747870748,0.4577148795127869,0.04012967958980985
0.8693032967738954,1.1665751884997926,414.1,58.65582511013952,489.9,0.05394908785820007,0.018041039873552985,0.46508564949035647,0.038196341277987315
0.8948710407966494,1.1665751884997926,389.6,55.94560571495937,514.4,0.04342166781425476,0.015764148295295457,0.48093609809875487,0.04251135742514795
0.9204387848194032,1.1665751884997926,358.9,54.32365268034121,545.1,0.04040421843528748,0.013493026958480321,0.49967293739318847,0.042881622969618866
0.9460065288421571,1.1665751884997926,306.7,64.95368049796454,597.3,0.031062442064285278,0.017321614711915158,0.49598313570022584,0.045083459406829215
0.9715742728649109,1.1665751884997926,230.7,43.77928417620403,673.3,0.012407976388931274,0.02158289528386084,0.4845566272735596,0.03285235404096522
0.9971420168876648,1.1665751884997926,0.2,0.4524314325708198,903.8,-0.3770728588104248,0.852998068475875,0.5418152987957001,0.02517445786922093
2.635310589541029e-13,1.203030663109749,646.0,26.557206970221,258.0,0.4667658627033234,0.09908938861121279,0.288581919670105,0.049769552622890956
0.02556774402301741,1.203030663109749,645.7,26.71315060147278,258.29999999999995,0.467549729347229,0.09843871857470189,0.28660787343978883,0.048580710957571584
0.05113548804577129,1.203030663109749,645.7,26.71315060147278,258.29999999999995,0.467549729347229,0.09843871857470189,0.28660787343978883,0.048580710957571584
0.07670323206852515,1.203030663109749,645.1,26.692708979245293,258.9,0.468097448348999,0.0980798357051138,0.2881910026073456,0.05031229673751987
0.10227097609127904,1.203030663109749,645.1,26.692708979245293,258.9,0.468097448348999,0.0980798357051138,0.2881910026073456,0.05031229673751987
0.12783872011403294,1.203030663109749,645.1,26.692708979245293,258.9,0.468097448348999,0.0980798357051138,0.2881910026073456,0.05031229673751987
0.1534064641367868,1.203030663109749,635.6,33.149501461175554,268.4,0.46599796414375305,0.10368639817616047,0.29987064003944397,0.05136018952013363
0.17897420815954068,1.203030663109749,627.4,34.83232351972659,276.6,0.4663257360458374,0.10495851327073548,0.3070424497127533,0.04706759226235626
0.20454195218229457,1.203030663109749,622.8,35.78977618778942,281.20000000000005,0.4679713726043701,0.10710815888233736,0.30223836898803713,0.04756029684866217
0.23010969620504845,1.203030663109749,620.3,37.02857919015033,283.70000000000005,0.4683021783828735,0.10713326951844461,0.305374538898468,0.04810626125103962
0.2556774402278023,1.203030663109749,618.8,37.373623603271135,285.20000000000005,0.4684301376342773,0.1071751595707621,0.3085203289985657,0.047012992099838995
0.28124518425055617,1.203030663109749,615.1,38.75777926036874,288.9,0.4687100350856781,0.10735337033595005,0.3175129473209381,0.04937798298981898
0.30681292827331,1.203030663109749,613.2,39.55692992644486,290.79999999999995,0.4709420621395111,0.10801280532359084,0.31085616946220396,0.05273302953064678
0.33238067229606394,1.203030663109749,609.5,40.109987933297255,294.5,0.47098824977874754,0.10843006955713846,0.31514629125595095,0.05352434596997256
0.3579484163188178,1.203030663109749,606.8,40.45376860835901,297.20000000000005,0.472834575176239,0.10990429039893615,0.3122327089309692,0.056272298055995484
0.3835161603415717,1.203030663109749,605.3,40.866648132210344,298.70000000000005,0.4725606381893158,0.11063962661732749,0.31364792585372925,0.058191194115559924
0.40908390436432557,1.203030663109749,602.1,41.25631413912379,301.9,0.4733043134212494,0.11083691002919385,0.3220014929771423,0.05431171492300885
0.4346516483870794,1.203030663109749,598.3,41.11909273903073,305.70000000000005,0.4737886667251587,0.11157351198434073,0.3251354455947876,0.05398462731747322
0.46021939240983334,1.203030663109749,595.6,41.4210249351032,308.4,0.47382848858833315,0.11140788166839141,0.32784224152565,0.05309391205892719
0.4857871364325872,1.203030663109749,594.1,41.429603551428436,309.9,0.47460442781448364,0.1119142645267547,0.3257137596607208,0.056525298117173946
0.5113548804553412,1.203030663109749,587.8,41.71729667914981,316.20000000000005,0.4759227395057678,0.11224149113527764,0.33697389960289004,0.053011388975970096
0.536922624478095,1.203030663109749,582.7,42.245848106312394,321.29999999999995,0.47706353664398193,0.11378854879405773,0.3443071246147156,0.05425231573080696
0.5624903685008489,1.203030663109749,579.9,42.64291258832598,324.1,0.4780226409435272,0.1128793419111557,0.34928458333015444,0.054634693824113734
0.5880581125236027,1.203030663109749,575.0,42.8816538928144,329.0,0.4792168140411377,0.11324530900191353,0.34883819818496703,0.05012082091540768
0.6136258565463566,1.203030663109749,570.2,42.409397196273645,333.79999999999995,0.47418110966682436,0.1141918085029615,0.3632536709308624,0.04595049050704107
0.6391936005691106,1.203030663109749,567.3,41.97851021763433,336.70000000000005,0.47355726957321165,0.11503406676197235,0.36483403444290163,0.046859902458441315
0.6647613445918644,1.203030663109749,560.9,40.5767774105586,343.1,0.4748185515403748,0.11622451857245415,0.3661491096019745,0.04561550830913739
0.6903290886146183,1.203030663109749,553.4,41.11515156884556,350.6,0.47504535913467405,0.11729603293527595,0.3687214136123657,0.04769377290725462
0.7158968326373721,1.203030663109749,549.2,42.30200291356124,354.79999999999995,0.4747797131538391,0.11829280002557008,0.37331852316856384,0.04546307320629981
0.741464576660126,1.203030663109749,542.5,41.96387916869651,361.5,0.4733663499355316,0.1186512801321307,0.3774587094783783,0.04401185174846053
0.76703232068288,1.203030663109749,534.6,40.83902064691195,369.4,0.47176016569137574,0.1216026751499458,0.3843156397342682,0.04430190686575184
0.7926000647056338,1.203030663109749,526.4,39.61639397815965,377.6,0.46861342191696165,0.1264613108070466,0.38890367150306704,0.045835561823688635
0.8181678087283877,1.203030663109749,511.8,39.07679614539014,392.2,0.4575542747974396,0.13649457002442988,0.395691329240799,0.04578445266122508
0.8437355527511415,1.203030663109749,495.4,38.921376536790284,408.6,0.4313036322593689,0.1601939588080014,0.4116659700870514,0.04850173316961455
0.8693032967738954,1.203030663109749,470.6,41.966521263219306,433.4,0.42798528671264646,0.16758894172383984,0.41956562399864195,0.04317356049534451
0.8948710407966494,1.203030663109749,439.5,36.417295552839185,464.5,0.39830881357192993,0.18330314919245008,0.44671366810798646,0.044878122846038114
0.9204387848194032,1.203030663109749,394.1,35.19971144314931,509.9,0.3093497514724731,0.20108293966690668,0.47537954449653624,0.04070571131207825
0.9460065288421571,1.203030663109749,331.8,53.0156210599883,572.2,0.29659056663513184,0.23939274034062646,0.4758874952793121,0.05348296597703352
0.9715742728649109,1.203030663109749,236.8,45.62210127974185,667.2,0.08471052646636963,0.16238420717388274,0.48265352845191956,0.033741257550337224
0.9971420168876648,1.203030663109749,0.2,0.4524314325708198,903.8,-0.3770728588104248,0.852998068475875,0.5418152987957001,0.02517445786922093
2.635310589541029e-13,1.239486137719705,775.5,20.777530080223986,128.5,0.5563510000705719,0.034523236155254836,0.14481669664382935,0.0781047140533237
0.02556774402301741,1.239486137719705,775.2,20.841877043587647,128.79999999999995,0.5569513618946076,0.03416652566692739,0.13921611309051513,0.07903300290356495
0.05113548804577129,1.239486137719705,775.2,20.841877043587647,128.79999999999995,0.5569513618946076,0.03416652566692739,0.13921611309051513,0.07903300290356495
0.07670323206852515,1.239486137719705,774.6,20.62633087217847,129.39999999999998,0.5572781503200531,0.03380306462524795,0.1413291871547699,0.08018430914089406
0.10227097609127904,1.239486137719705,774.6,20.62633087217847,129.39999999999998,0.5572781503200531,0.03380306462524795,0.1413291871547699,0.08018430914089406
0.12783872011403294,1.239486137719705,774.6,20.62633087217847,129.39999999999998,0.5572781503200531,0.03380306462524795,0.1413291871547699,0.08018430914089406
0.1534064641367868,1.239486137719705,764.6,26.636733825367962,139.39999999999998,0.5589812874794007,0.03419989452561041,0.16282604336738588,0.07669189236426843
0.17897420815954068,1.239486137719705,754.6,33.17350619294926,149.39999999999998,0.5608143270015716,0.035330824018628464,0.16907817125320435,0.08094576757553071
0.20454195218229457,1.239486137719705,745.8,31.128393160855396,158.20000000000005,0.563995224237442,0.03813128137452047,0.16453113555908203,0.08506826003452236
0.23010969620504845,1.239486137719705,736.5,36.9412565785743,167.5,0.5659555613994598,0.03926977409469084,0.1737303078174591,0.087339200704275
0.2556774402278023,1.239486137719705,730.3,37.14815956265242,173.70000000000005,0.5676542699337006,0.03870939661698423,0.18530364632606505,0.08465831780435688
0.28124518425055617,1.239486137719705,724.7,40.69934458297029,179.29999999999995,0.5676668822765351,0.0391503430032082,0.2037334680557251,0.08459730953709979
0.30681292827331,1.239486137719705,721.0,41.13561388552297,183.0,0.5693013191223144,0.039474929783878454,0.19754793643951415,0.07679845005982634
0.33238067229606394,1.239486137719705,715.0,41.47013921965866,189.0,0.5706197261810303,0.039711989427647025,0.1985267996788025,0.08131393148226614
0.3579484163188178,1.239486137719705,709.3,40.306269106679856,194.70000000000005,0.5732803702354431,0.040710278717335006,0.19499869346618653,0.0685754150505814
0.3835161603415717,1.239486137719705,706.7,40.183351978688314,197.29999999999995,0.5734500825405121,0.040771632906401165,0.19836151599884033,0.06838117269185942
0.40908390436432557,1.239486137719705,702.9,40.081909832196025,201.10000000000002,0.5736188769340516,0.041127329614829636,0.20990873575210572,0.06663533959273023
0.4346516483870794,1.239486137719705,698.3,40.057218889794434,205.70000000000005,0.5743487000465393,0.04142364926256793,0.21608450412750244,0.06407337499652123
0.46021939240983334,1.239486137719705,693.0,39.36991210201918,211.0,0.5737510740756988,0.04174304457482325,0.2216193974018097,0.06560543066689992
0.4857871364325872,1.239486137719705,690.4,39.27910927808335,213.60000000000002,0.573609447479248,0.042635499785170256,0.2204280376434326,0.06858610163358288
0.5113548804553412,1.239486137719705,682.1,39.885665015215345,221.89999999999998,0.574252599477768,0.043775020364443994,0.23580315709114075,0.06892900357024455
0.536922624478095,1.239486137719705,675.0,39.12362136624692,229.0,0.5750695168972015,0.045040587199630396,0.24711459875106812,0.07050025392135144
0.5624903685008489,1.239486137719705,670.2,38.863775201243925,233.79999999999995,0.5758247017860413,0.04575977041735964,0.25169371962547304,0.07286818941343345
0.5880581125236027,1.239486137719705,663.2,39.5511798711878,240.79999999999995,0.5752168953418731,0.048741088932243694,0.2575802505016327,0.07233263314291258
0.6136258565463566,1.239486137719705,657.0,38.0389348474395,247.0,0.5712057709693908,0.05155365428523276,0.27907471656799315,0.06842656203630126
0.6391936005691106,1.239486137719705,651.0,36.60378758695904,253.0,0.5690494894981384,0.05510534933112159,0.282100522518158,0.07496059496857436
0.6647613445918644,1.239486137719705,642.9,36.54074383800467,261.1,0.5699613273143769,0.056234580568230164,0.2849347651004791,0.07637569429772192
0.6903290886146183,1.239486137719705,634.5,35.29939829404213,269.5,0.5709991693496704,0.05577952974194468,0.2886621832847595,0.06680868495405928
0.7158968326373721,1.239486137719705,628.4,34.91710397236477,275.6,0.5688644826412201,0.05941308125115209,0.2961228370666504,0.06422191891698933
0.741464576660126,1.239486137719705,619.3,35.82669460524199,284.70000000000005,0.5655638337135315,0.0615299116838781,0.30486240386962893,0.06229790389938339
0.76703232068288,1.239486137719705,609.5,34.70812302160965,294.5,0.56252681016922,0.06634111408654415,0.3183893859386444,0.0565777464327927
0.7926000647056338,1.239486137719705,598.5,35.231680656675124,305.5,0.5585955917835236,0.07334073235959063,0.3295450985431671,0.050999762248967094
0.8181678087283877,1.239486137719705,577.9,36.47688968659256,326.1,0.5468777060508728,0.0961424409518042,0.3376958966255188,0.05975942064490314
0.8437355527511415,1.239486137719705,558.9,35.54211351088148,345.1,0.5184607148170471,0.13564643101257276,0.3598782241344452,0.069224117574401
0.8693032967738954,1.239486137719705,529.3,42.99163411162083,374.70000000000005,0.5096280932426452,0.1494416280662557,0.37530395984649656,0.05289212688756067
0.8948710407966494,1.239486137719705,492.3,39.3353074076591,411.7,0.4705629885196686,0.18092606904198993,0.4100328922271729,0.05718881863856272
0.9204387848194032,1.239486137719705,441.5,40.28256260578638,462.5,0.3819728910923004,0.2169726989014475,0.44682788848876953,0.054472102185784764
0.9460065288421571,1.239486137719705,359.8,50.85891903183676,544.2,0.3823954463005066,0.23440801049722215,0.4611492812633514,0.05892642518169566
0.9715742728649109,1.239486137719705,239.2,47.44038362147703,664.8,0.08468962907791137,0.1623373474437325,0.48294955492019653,0.033568290697862484
0.9971420168876648,1.239486137719705,0.2,0.4524314325708198,903.8,-0.3770728588104248,0.852998068475875,0.5418152987957001,0.02517445786922093
2.635310589541029e-13,1.2759416123296612,839.9,25.824395315054932,64.10000000000002,0.5498958230018616,0.024686091354132564,0.10181012749671936,0.16934828751320855
0.02556774402301741,1.2759416123296612,839.6,26.121576287182183,64.39999999999998,0.5504755258560181,0.02422129774409747,0.09373863339424134,0.16852685249456384
0.05113548804577129,1.2759416123296612,839.6,26.121576287182183,64.39999999999998,0.5504755258560181,0.02422129774409747,0.09373863339424134,0.16852685249456384
0.07670323206852515,1.2759416123296612,839.0,26.488605739793307,65.0,0.5507803738117218,0.023809432174299344,0.09567434191703797,0.16894945618162596
0.10227097609127904,1.2759416123296612,839.0,26.488605739793307,65.0,0.5507803738117218,0.023809432174299344,0.09567434191703797,0.16894945618162596
0.12783872011403294,1.2759416123296612,839.0,26.488605739793307,65.0,0.5507803738117218,0.023809432174299344,0.09567434191703797,0.16894945618162596
0.1534064641367868,1.2759416123296612,828.3,29.948413048307007,75.70000000000005,0.5527946174144744,0.0244326348025504,0.12681758403778076,0.17609108707650672
0.17897420815954068,1.2759416123296612,816.6,30.1737810530929,87.39999999999998,0.5545809686183929,0.025586094167572192,0.1747862756252289,0.1904559295768261
0.20454195218229457,1.2759416123296612,803.6,24.123077543074036,100.39999999999998,0.558586186170578,0.0275343774596112,0.13727267384529113,0.11705562239303148
0.23010969620504845,1.2759416123296612,790.0,21.089215527366477,114.0,0.5606682896614075,0.028903519321577642,0.1665591835975647,0.0985808716435998
0.2556774402278023,1.2759416123296612,780.3,19.582291902557714,123.70000000000005,0.5632136523723602,0.028308996135352177,0.17252190113067628,0.0903846971681889
0.28124518425055617,1.2759416123296612,769.3,20.817992156889172,134.70000000000005,0.5645646929740906,0.029789414429578685,0.19761006236076356,0.07337972056137389
0.30681292827331,1.2759416123296612,763.1,22.2884671614966,140.89999999999998,0.5664479732513428,0.030678965146042035,0.1929909348487854,0.06836593504045024
0.33238067229606394,1.2759416123296612,754.1,22.850275831049917,149.89999999999998,0.5704733729362488,0.034475718270217844,0.18297330141067505,0.0797888840652347
0.3579484163188178,1.2759416123296612,746.6,23.910001256592576,157.39999999999998,0.5742576420307159,0.03508607601243412,0.17008718252182006,0.06753276739127974
0.3835161603415717,1.2759416123296612,742.2,25.158243457021552,161.79999999999995,0.5741115391254425,0.03529511996002887,0.17488617897033693,0.06530386782783522
0.40908390436432557,1.2759416123296612,736.3,26.370388221492814,167.70000000000005,0.5748536288738251,0.03657741133257819,0.1890024423599243,0.06232854925729408
0.4346516483870794,1.2759416123296612,728.3,27.922448933380196,175.70000000000005,0.5779937744140625,0.03858012988291432,0.18943252563476562,0.055185859911781154
0.46021939240983334,1.2759416123296612,721.3,26.885007980470814,182.70000000000005,0.5777701377868653,0.03897257166239259,0.1970052182674408,0.057447466111829916
0.4857871364325872,1.2759416123296612,717.0,27.87139202606913,187.0,0.5780379831790924,0.040299684909600085,0.19446051120758057,0.05850105773645865
0.5113548804553412,1.2759416123296612,707.9,28.93528047848611,196.10000000000002,0.578371661901474,0.04139535107633256,0.21383901834487914,0.05704110683452199
0.536922624478095,1.2759416123296612,700.3,29.969290167089458,203.70000000000005,0.5791114032268524,0.04263327275249167,0.2262667417526245,0.05769673630597095
0.5624903685008489,1.2759416123296612,695.5,28.781202728820734,208.5,0.5798388302326203,0.043318262966168815,0.2310987591743469,0.06084827031449935
0.5880581125236027,1.2759416123296612,688.5,28.759463164500804,215.5,0.5791888892650604,0.046391759317247726,0.2383573532104492,0.06676650908285024
0.6136258565463566,1.2759416123296612,682.0,27.586365334705757,222.0,0.575441575050354,0.04934826014103905,0.2612965404987335,0.06974081902266419
0.6391936005691106,1.2759416123296612,676.0,26.182019325202425,228.0,0.5733591914176941,0.05298676452794086,0.26396405696868896,0.07758259032060455
0.6647613445918644,1.2759416123296612,667.9,27.984285091049255,236.10000000000002,0.5742266058921814,0.05429448698073366,0.2656729340553284,0.08017047304941875
0.6903290886146183,1.2759416123296612,659.5,26.80494498940894,244.5,0.5751791536808014,0.05401988691975141,0.2693305253982544,0.07021977280740657
0.7158968326373721,1.2759416123296612,653.4,27.86771966397057,250.60000000000002,0.5729284226894379,0.05775282018832606,0.2767741322517395,0.06808322886044861
0.741464576660126,1.2759416123296612,644.3,29.710142527934703,259.70000000000005,0.5696155667304993,0.06004517631274682,0.28534488677978515,0.06550293026656896
0.76703232068288,1.2759416123296612,633.3,29.12253410730647,270.70000000000005,0.5667558073997497,0.0651434445271274,0.3014987885951996,0.05838111136648332
0.7926000647056338,1.2759416123296612,620.1,29.06272856101438,283.9,0.5635932981967926,0.07247498509427364,0.31220020055770875,0.05658745198639222
0.8181678087283877,1.2759416123296612,596.9,32.2156914177421,307.1,0.5513713836669922,0.09522876538693142,0.3247860729694366,0.06604435388142366
0.8437355527511415,1.2759416123296612,575.6,32.550617089358326,328.4,0.5220213413238526,0.13557277472697327,0.3486326336860657,0.0782402122246827
0.8693032967738954,1.2759416123296612,541.4,37.809843969894146,362.6,0.5110162913799285,0.14931024977915952,0.36244077086448667,0.058870541503933234
0.8948710407966494,1.2759416123296612,501.2,36.19105836720308,402.8,0.47346644997596743,0.18196699088710744,0.39855830669403075,0.05766489239333205
0.9204387848194032,1.2759416123296612,444.6,39.51148168298661,459.4,0.38314367532730104,0.21755133010607233,0.44391741156578063,0.05528681630086661
0.9460065288421571,1.2759416123296612,359.8,50.85891903183676,544.2,0.3823954463005066,0.23440801049722215,0.4611492812633514,0.05892642518169566
0.9715742728649109,1.2759416123296612,239.2,47.44038362147703,664.8,0.08468962907791137,0.1623373474437325,0.48294955492019653,0.033568290697862484
0.9971420168876648,1.2759416123296612,0.2,0.4524314325708198,903.8,-0.3770728588104248,0.852998068475875,0.5418152987957001,0.02517445786922093
2.635310589541029e-13,1.3123970869396175,875.6,19.603041779572294,28.399999999999977,0.5442662835121155,0.026378474954340057,0.1178446352481842,0.08985327313275406
0.02556774402301741,1.3123970869396175,875.3,19.654748311116567,28.700000000000045,0.5448186159133911,0.025883904006567805,0.09043867588043213,0.08432448452632231
0.05113548804577129,1.3123970869396175,875.3,19.654748311116567,28.700000000000045,0.5448186159133911,0.025883904006567805,0.09043867588043213,0.08432448452632231
0.07670323206852515,1.3123970869396175,874.7,20.437601996173107,29.299999999999955,0.5451181769371033,0.02546121443669661,0.09449302554130554,0.08912876038569152
0.10227097609127904,1.3123970869396175,874.7,20.437601996173107,29.299999999999955,0.5451181769371033,0.02546121443669661,0.09449302554130554,0.08912876038569152
0.12783872011403294,1.3123970869396175,874.7,20.437601996173107,29.299999999999955,0.5451181769371033,0.02546121443669661,0.09449302554130554,0.08912876038569152
0.1534064641367868,1.3123970869396175,863.8,22.230610271521748,40.200000000000045,0.546981954574585,0.02594642877725046,0.008259284496307372,0.24975023226370677
0.17897420815954068,1.3123970869396175,850.8,18.002122321136728,53.200000000000045,0.5492801368236542,0.0261903877786772,0.17594816088676452,0.13184237192810755
0.20454195218229457,1.3123970869396175,833.1,12.184189320771639,70.89999999999998,0.5547897636890411,0.027649051638455352,0.10045332908630371,0.10311522277846612
0.23010969620504845,1.3123970869396175,815.4,17.60094604227185,88.60000000000002,0.5578306555747986,0.028344002125178812,0.1292315185070038,0.088538774350504
0.2556774402278023,1.3123970869396175,805.7,17.330250046624954,98.29999999999995,0.5603753209114075,0.027758616413754336,0.1402418076992035,0.08737750880170327
0.28124518425055617,1.3123970869396175,794.7,21.460839652742443,109.29999999999995,0.5616865217685699,0.029421376515655552,0.17202141284942626,0.07319006368420641
0.30681292827331,1.3123970869396175,788.3,19.342729851375914,115.70000000000005,0.5634768545627594,0.029987317071768195,0.1661601781845093,0.06682878632930253
0.33238067229606394,1.3123970869396175,778.7,20.614887615407138,125.29999999999995,0.5675395369529724,0.03408636196092227,0.1588471055030823,0.07637148777832822
0.3579484163188178,1.3123970869396175,770.1,23.43502139343664,133.89999999999998,0.5717640101909638,0.03383718921975767,0.14470055103302001,0.0680701299246663
0.3835161603415717,1.3123970869396175,765.2,25.477152743894,138.79999999999995,0.5715396404266357,0.03416252110818168,0.15228598117828368,0.06559552197993433
0.40908390436432557,1.3123970869396175,759.1,25.549916581215573,144.89999999999998,0.5722449421882629,0.03513626416840149,0.16870394945144654,0.06813636259680798
0.4346516483870794,1.3123970869396175,750.7,27.47080221422805,153.29999999999995,0.5753137350082398,0.0373542860945739,0.1752336025238037,0.05767885586662481
0.46021939240983334,1.3123970869396175,743.2,27.258341961247663,160.79999999999995,0.5750041007995605,0.03776981102074357,0.18502246737480163,0.05840401798315527
0.4857871364325872,1.3123970869396175,737.9,28.38173453448637,166.10000000000002,0.5754615187644958,0.03907321453724245,0.18221004009246827,0.05713407760471232
0.5113548804553412,1.3123970869396175,728.6,29.857427717917833,175.39999999999998,0.5757025897502899,0.040049227958097816,0.20208149552345275,0.058344297187060176
0.536922624478095,1.3123970869396175,720.6,30.15681667607007,183.39999999999998,0.5763168454170227,0.04126137909471112,0.2166612446308136,0.05938048636867123
0.5624903685008489,1.3123970869396175,715.7,29.895205503452885,188.29999999999995,0.5770228147506714,0.04198621092467001,0.22092069387435914,0.06184686020127412
0.5880581125236027,1.3123970869396175,707.2,30.07298569156442,196.79999999999995,0.576209831237793,0.04531462316970593,0.2275907278060913,0.07065186691082709
0.6136258565463566,1.3123970869396175,700.1,29.193515794694065,203.89999999999998,0.5723838686943055,0.04826100623741115,0.2507329285144806,0.07543504228630975
0.6391936005691106,1.3123970869396175,692.7,28.518835506222096,211.29999999999995,0.5704714357852936,0.05180743514733209,0.25251181721687316,0.08223498441383624
0.6647613445918644,1.3123970869396175,682.1,30.170483171285852,221.89999999999998,0.5717971384525299,0.053138200075692414,0.2516047239303589,0.08493444938849595
0.6903290886146183,1.3123970869396175,671.9,28.94117505165647,232.10000000000002,0.5731729447841645,0.05273249301834085,0.25385111570358276,0.0754713412117825
0.7158968326373721,1.3123970869396175,663.4,28.89939592113847,240.60000000000002,0.5714629352092743,0.056855838244614494,0.26139957308769224,0.07362270506135522
0.741464576660126,1.3123970869396175,651.4,29.857427717917833,252.60000000000002,0.5688414096832275,0.05953090067268045,0.273773604631424,0.06896270665255232
0.76703232068288,1.3123970869396175,638.3,30.229978088141657,265.70000000000005,0.5660391926765442,0.06461850985581394,0.29334476590156555,0.06386302165333808
0.7926000647056338,1.3123970869396175,624.0,29.771225891808772,280.0,0.563374251127243,0.07204789366604895,0.3045753002166748,0.06308202126844117
0.8181678087283877,1.3123970869396175,598.5,32.473754369017165,305.5,0.5509689748287201,0.0948927483689278,0.32389594316482545,0.06673988920003764
0.8437355527511415,1.3123970869396175,576.6,32.896394240528394,327.4,0.5215650975704194,0.1352910805977758,0.34874887466430665,0.07812625055398184
0.8693032967738954,1.3123970869396175,541.8,38.01022440758776,362.20000000000005,0.5106531083583832,0.14908957046983512,0.36331179141998293,0.05795189424821134
0.8948710407966494,1.3123970869396175,501.2,36.19105836720308,402.8,0.47346644997596743,0.18196699088710744,0.39855830669403075,0.05766489239333205
0.9204387848194032,1.3123970869396175,444.6,39.51148168298661,459.4,0.38314367532730104,0.21755133010607233,0.44391741156578063,0.05528681630086661
0.9460065288421571,1.3123970869396175,359.8,50.85891903183676,544.2,0.3823954463005066,0.23440801049722215,0.4611492812633514,0.05892642518169566
0.9715742728649109,1.3123970869396175,239.2,47.44038362147703,664.8,0.08468962907791137,0.1623373474437325,0.48294955492019653,0.033568290697862484
0.9971420168876648,1.3123970869396175,0.2,0.4524314325708198,903.8,-0.3770728588104248,0.852998068475875,0.5418152987957001,0.02517445786922093
2.635310589541029e-13,1.348852561549574,892.6,10.68628188179781,11.399999999999977,0.5442306160926819,0.024978636384930298,0.10272511839866638,0.14598647464876577
0.02556774402301741,1.348852561549574,892.3,10.63748521038932,11.700000000000045,0.5447743535041809,0.024453793129876174,-0.009733933210372924,0.1502807984047631
0.05113548804577129,1.348852561549574,892.3,10.63748521038932,11.700000000000045,0.5447743535041809,0.024453793129876174,-0.009733933210372924,0.1502807984047631
0.07670323206852515,1.348852561549574,891.7,10.922312833671906,12.299999999999955,0.5450514674186706,0.024100340198075703,-0.005698734521865844,0.14894398573057518
0.10227097609127904,1.348852561549574,891.7,10.922312833671906,12.299999999999955,0.5450514674186706,0.024100340198075703,-0.005698734521865844,0.14894398573057518
0.12783872011403294,1.348852561549574,891.7,10.922312833671906,12.299999999999955,0.5450514674186706,0.024100340198075703,-0.005698734521865844,0.14894398573057518
0.1534064641367868,1.348852561549574,880.2,14.640272280035816,23.799999999999955,0.5471037685871124,0.024488478154508237,-0.05515373945236206,0.22746770682367465
0.17897420815954068,1.348852561549574,865.2,13.968502472454809,38.799999999999955,0.549256157875061,0.02497675074365867,0.13988376259803773,0.1449010275336335
0.20454195218229457,1.348852561549574,844.1,6.806967519877882,59.89999999999998,0.5548075139522552,0.026837467545196843,0.08211494088172913,0.09740924786348888
0.23010969620504845,1.348852561549574,824.5,13.876407959490718,79.5,0.5577639222145081,0.027454746948327988,0.12057676315307617,0.08553352436295192
0.2556774402278023,1.348852561549574,814.1,13.591572043482987,89.89999999999998,0.5601798951625824,0.02701232724705797,0.13206275701522827,0.08746461055316346
0.28124518425055617,1.348852561549574,801.0,20.28667206243064,103.0,0.5613304495811462,0.02872332685578286,0.16976173520088195,0.07408307640893654
0.30681292827331,1.348852561549574,792.6,18.839844607713676,111.39999999999998,0.5630909025669097,0.029923602382171677,0.16537206172943114,0.06507006998847084
0.33238067229606394,1.348852561549574,782.5,20.78847354274071,121.5,0.5670676469802857,0.03416133907261287,0.15836871266365052,0.07522998324911895
0.3579484163188178,1.348852561549574,773.8,24.354374629903667,130.20000000000005,0.5712825894355774,0.03395336211420409,0.14444465041160584,0.0667602519836888
0.3835161603415717,1.348852561549574,768.9,26.47024625088734,135.10000000000002,0.5710570991039277,0.03427644880364864,0.15217897295951843,0.06427076310105478
0.40908390436432557,1.348852561549574,762.8,26.977376825566513,141.20000000000005,0.5717612922191619,0.03525048513663064,0.16844282150268555,0.06718128220848228
0.4346516483870794,1.348852561549574,754.4,29.161848890192413,149.60000000000002,0.5748263537883759,0.03748163058120607,0.17539362907409667,0.05691306312144345
0.46021939240983334,1.348852561549574,746.9,29.269376581686483,157.10000000000002,0.5745120346546173,0.0378851237738245,0.18517788648605346,0.05834187110608477
0.4857871364325872,1.348852561549574,741.6,30.68391028240475,162.39999999999998,0.5749694526195526,0.039187957738258644,0.1823654592037201,0.05707490256411328
0.5113548804553412,1.348852561549574,731.3,31.68106036303982,172.70000000000005,0.5754682540893554,0.03998204687744032,0.20229657888412475,0.06041822810999534
0.536922624478095,1.348852561549574,722.3,31.198182840540948,181.70000000000005,0.5758406162261963,0.04123758739482935,0.2195643424987793,0.061342904179303395
0.5624903685008489,1.348852561549574,716.9,30.651000602868532,187.10000000000002,0.5767792463302612,0.04197653614995445,0.2222970485687256,0.06245485476233455
0.5880581125236027,1.348852561549574,707.9,30.55066303571339,196.10000000000002,0.5761358559131622,0.045294692160545165,0.22791119813919067,0.07129849281600859
0.6136258565463566,1.348852561549574,700.1,29.193515794694065,203.89999999999998,0.5723838686943055,0.04826100623741115,0.2507329285144806,0.07543504228630975
0.6391936005691106,1.348852561549574,692.7,28.518835506222096,211.29999999999995,0.5704714357852936,0.05180743514733209,0.25251181721687316,0.08223498441383624
0.6647613445918644,1.348852561549574,682.1,30.170483171285852,221.89999999999998,0.5717971384525299,0.053138200075692414,0.2516047239303589,0.08493444938849595
0.6903290886146183,1.348852561549574,671.9,28.94117505165647,232.10000000000002,0.5731729447841645,0.05273249301834085,0.25385111570358276,0.0754713412117825
0.7158968326373721,1.348852561549574,663.4,28.89939592113847,240.60000000000002,0.5714629352092743,0.056855838244614494,0.26139957308769224,0.07362270506135522
0.741464576660126,1.348852561549574,651.4,29.857427717917833,252.60000000000002,0.5688414096832275,0.05953090067268045,0.273773604631424,0.06896270665255232
0.76703232068288,1.348852561549574,638.3,30.229978088141657,265.70000000000005,0.5660391926765442,0.06461850985581394,0.29334476590156555,0.06386302165333808
0.7926000647056338,1.348852561549574,624.0,29.771225891808772,280.0,0.563374251127243,0.07204789366604895,0.3045753002166748,0.06308202126844117
0.8181678087283877,1.348852561549574,598.5,32.473754369017165,305.5,0.5509689748287201,0.0948927483689278,0.32389594316482545,0.06673988920003764
0.8437355527511415,1.348852561549574,576.6,32.896394240528394,327.4,0.5215650975704194,0.1352910805977758,0.34874887466430665,0.07812625055398184
0.8693032967738954,1.348852561549574,541.8,38.01022440758776,362.20000000000005,0.5106531083583832,0.14908957046983512,0.36331179141998293,0.05795189424821134
0.8948710407966494,1.348852561549574,501.2,36.19105836720308,402.8,0.47346644997596743,0.18196699088710744,0.39855830669403075,0.05766489239333205
0.9204387848194032,1.348852561549574,444.6,39.51148168298661,459.4,0.38314367532730104,0.21755133010607233,0.44391741156578063,0.05528681630086661
0.9460065288421571,1.348852561549574,359.8,50.85891903183676,544.2,0.3823954463005066,0.23440801049722215,0.4611492812633514,0.05892642518169566
0.9715742728649109,1.348852561549574,239.2,47.44038362147703,664.8,0.08468962907791137,0.1623373474437325,0.48294955492019653,0.033568290697862484
0.9971420168876648,1.348852561549574,0.2,0.4524314325708198,903.8,-0.3770728588104248,0.852998068475875,0.5418152987957001,0.02517445786922093
2.635310589541029e-13,1.38530803615953,902.7,3.9621847559588286,1.2999999999999545,0.542289650440216,0.025214176070790035,0.018834757804870605,0.04260718227891019
0.02556774402301741,1.38530803615953,902.4,3.921072415613772,1.6000000000000227,0.5428324103355407,0.024727329496522253,-0.09517247676849365,0.2660279041158614
0.05113548804577129,1.38530803615953,902.4,3.921072415613772,1.6000000000000227,0.5428324103355407,0.024727329496522253,-0.09517247676849365,0.2660279041158614
0.07670323206852515,1.38530803615953,901.8,3.9297633884090164,2.2000000000000455,0.5431020736694336,0.02436251372683736,-0.5813326597213745,1.1079935939007837
0.10227097609127904,1.38530803615953,901.8,3.9297633884090164,2.2000000000000455,0.5431020736694336,0.02436251372683736,-0.5813326597213745,1.1079935939007837
0.12783872011403294,1.38530803615953,901.8,3.9297633884090164,2.2000000000000455,0.5431020736694336,0.02436251372683736,-0.5813326597213745,1.1079935939007837
0.1534064641367868,1.38530803615953,890.2,10.425575323480366,13.799999999999955,0.5451524913311004,0.02476869247031988,-0.5652234554290771,1.1005708542617547
0.17897420815954068,1.38530803615953,874.4,14.212237296165139,29.600000000000023,0.5476470172405243,0.024791546259606962,0.1010560154914856,0.1587739632459131
0.20454195218229457,1.38530803615953,852.4,11.391932388620706,51.60000000000002,0.553389698266983,0.02647909984782123,0.041608881950378415,0.10483943039574974
0.23010969620504845,1.38530803615953,831.2,16.673938131110486,72.79999999999995,0.5562138140201569,0.02724464763203638,0.1218615472316742,0.09378193329292422
0.2556774402278023,1.38530803615953,817.9,13.757891940241716,86.10000000000002,0.559897118806839,0.026903034472292368,0.12280659079551696,0.08774735261878808
0.28124518425055617,1.38530803615953,803.4,20.935514618048927,100.60000000000002,0.5614271521568298,0.028687967982778968,0.1620771825313568,0.07789542195574403
0.30681292827331,1.38530803615953,795.0,19.93324329573069,109.0,0.5631877958774567,0.029887141314675583,0.1579908847808838,0.068567080482606
0.33238067229606394,1.38530803615953,784.7,21.961055706084124,119.29999999999995,0.5671244323253631,0.03412056652348117,0.15247886180877684,0.07626928598091594
0.3579484163188178,1.38530803615953,776.0,25.770505695896407,128.0,0.5713395833969116,0.03390807394632248,0.13859602212905883,0.06719685708080737
0.3835161603415717,1.38530803615953,770.8,27.57770716678794,133.20000000000005,0.5711653530597687,0.03423201279047906,0.14664681553840636,0.06452384268558602
0.40908390436432557,1.38530803615953,764.4,28.117560995757692,139.60000000000002,0.571796840429306,0.03522931888087696,0.16428784132003785,0.06803866873976418
0.4346516483870794,1.38530803615953,754.9,29.5112060167386,149.10000000000002,0.5748735666275024,0.037487081562159644,0.17469839453697206,0.056992596883039454
0.46021939240983334,1.38530803615953,747.2,29.602295100944097,156.79999999999995,0.574571305513382,0.0378824402010448,0.18442909121513368,0.05849553238672804
0.4857871364325872,1.38530803615953,741.8,30.913940830961906,162.20000000000005,0.5750287592411041,0.03918496832333143,0.1816488027572632,0.057204172868844466
0.5113548804553412,1.38530803615953,731.3,31.68106036303982,172.70000000000005,0.5754682540893554,0.03998204687744032,0.20229657888412475,0.06041822810999534
0.536922624478095,1.38530803615953,722.3,31.198182840540948,181.70000000000005,0.5758406162261963,0.04123758739482935,0.2195643424987793,0.061342904179303395
0.5624903685008489,1.38530803615953,716.9,30.651000602868532,187.10000000000002,0.5767792463302612,0.04197653614995445,0.2222970485687256,0.06245485476233455
0.5880581125236027,1.38530803615953,707.9,30.55066303571339,196.10000000000002,0.5761358559131622,0.045294692160545165,0.22791119813919067,0.07129849281600859
0.6136258565463566,1.38530803615953,700.1,29.193515794694065,203.89999999999998,0.5723838686943055,0.04826100623741115,0.2507329285144806,0.07543504228630975
0.6391936005691106,1.38530803615953,692.7,28.518835506222096,211.29999999999995,0.5704714357852936,0.05180743514733209,0.25251181721687316,0.08223498441383624
0.6647613445918644,1.38530803615953,682.1,30.170483171285852,221.89999999999998,0.5717971384525299,0.053138200075692414,0.2516047239303589,0.08493444938849595
0.6903290886146183,1.38530803615953,671.9,28.94117505165647,232.10000000000002,0.5731729447841645,0.05273249301834085,0.25385111570358276,0.0754713412117825
0.7158968326373721,1.38530803615953,663.4,28.89939592113847,240.60000000000002,0.5714629352092743,0.056855838244614494,0.26139957308769224,0.07362270506135522
0.741464576660126,1.38530803615953,651.4,29.857427717917833,252.60000000000002,0.5688414096832275,0.05953090067268045,0.273773604631424,0.06896270665255232
0.76703232068288,1.38530803615953,638.3,30.229978088141657,265.70000000000005,0.5660391926765442,0.06461850985581394,0.29334476590156555,0.06386302165333808
0.7926000647056338,1.38530803615953,624.0,29.771225891808772,280.0,0.563374251127243,0.07204789366604895,0.3045753002166748,0.06308202126844117
0.8181678087283877,1.38530803615953,598.5,32.473754369017165,305.5,0.5509689748287201,0.0948927483689278,0.32389594316482545,0.06673988920003764
0.8437355527511415,1.38530803615953,576.6,32.896394240528394,327.4,0.5215650975704194,0.1352910805977758,0.34874887466430665,0.07812625055398184
0.8693032967738954,1.38530803615953,541.8,38.01022440758776,362.20000000000005,0.5106531083583832,0.14908957046983512,0.36331179141998293,0.05795189424821134
0.8948710407966494,1.38530803615953,501.2,36.19105836720308,402.8,0.47346644997596743,0.18196699088710744,0.39855830669403075,0.05766489239333205
0.9204387848194032,1.38530803615953,444.6,39.51148168298661,459.4,0.38314367532730104,0.21755133010607233,0.44391741156578063,0.05528681630086661
0.9460065288421571,1.38530803615953,359.8,50.85891903183676,544.2,0.3823954463005066,0.23440801049722215,0.4611492812633514,0.05892642518169566
0.9715742728649109,1.38530803615953,239.2,47.44038362147703,664.8,0.08468962907791137,0.1623373474437325,0.48294955492019653,0.033568290697862484
0.9971420168876648,1.38530803615953,0.2,0.4524314325708198,903.8,-0.3770728588104248,0.852998068475875,0.5418152987957001,0.02517445786922093
2.635310589541029e-13,1.4217635107694864,904.5,0.37702619380901653,-0.5,0.541922652721405,0.02527511246175802,0.0,0.0
0.02556774402301741,1.4217635107694864,904.2,0.6573676311525133,-0.20000000000004547,0.5424654126167298,0.024794031092212676,-0.11400723457336426,0.2579022823073235
0.05113548804577129,1.4217635107694864,904.2,0.6573676311525133,-0.20000000000004547,0.5424654126167298,0.024794031092212676,-0.11400723457336426,0.2579022823073235
0.07670323206852515,1.4217635107694864,903.6,1.3147352623050266,0.39999999999997726,0.5427350759506225,0.024432514643675088,-0.6001674175262451,1.1013535432671464
0.10227097609127904,1.4217635107694864,903.6,1.3147352623050266,0.39999999999997726,0.5427350759506225,0.024432514643675088,-0.6001674175262451,1.1013535432671464
0.12783872011403294,1.4217635107694864,903.6,1.3147352623050266,0.39999999999997726,0.5427350759506225,0.024432514643675088,-0.6001674175262451,1.1013535432671464
0.1534064641367868,1.4217635107694864,891.4,10.038813594245594,12.600000000000023,0.5451620995998383,0.024767269906498596,-0.5937885940074921,1.0915149532513544
0.17897420815954068,1.4217635107694864,874.4,14.212237296165139,29.600000000000023,0.5476470172405243,0.024791546259606962,0.1010560154914856,0.1587739632459131
0.20454195218229457,1.4217635107694864,852.4,11.391932388620706,51.60000000000002,0.553389698266983,0.02647909984782123,0.041608881950378415,0.10483943039574974
0.23010969620504845,1.4217635107694864,831.2,16.673938131110486,72.79999999999995,0.5562138140201569,0.02724464763203638,0.1218615472316742,0.09378193329292422
0.2556774402278023,1.4217635107694864,817.9,13.757891940241716,86.10000000000002,0.559897118806839,0.026903034472292368,0.12280659079551696,0.08774735261878808
0.28124518425055617,1.4217635107694864,803.4,20.935514618048927,100.60000000000002,0.5614271521568298,0.028687967982778968,0.1620771825313568,0.07789542195574403
0.30681292827331,1.4217635107694864,795.0,19.93324329573069,109.0,0.5631877958774567,0.029887141314675583,0.1579908847808838,0.068567080482606
0.33238067229606394,1.4217635107694864,784.7,21.961055706084124,119.29999999999995,0.5671244323253631,0.03412056652348117,0.15247886180877684,0.07626928598091594
0.3579484163188178,1.4217635107694864,776.0,25.770505695896407,128.0,0.5713395833969116,0.03390807394632248,0.13859602212905883,0.06719685708080737
0.3835161603415717,1.4217635107694864,770.8,27.57770716678794,133.20000000000005,0.5711653530597687,0.03423201279047906,0.14664681553840636,0.06452384268558602
0.40908390436432557,1.4217635107694864,764.4,28.117560995757692,139.60000000000002,0.571796840429306,0.03522931888087696,0.16428784132003785,0.06803866873976418
0.4346516483870794,1.4217635107694864,754.9,29.5112060167386,149.10000000000002,0.5748735666275024,0.037487081562159644,0.17469839453697206,0.056992596883039454
0.46021939240983334,1.4217635107694864,747.2,29.602295100944097,156.79999999999995,0.574571305513382,0.0378824402010448,0.18442909121513368,0.05849553238672804
0.4857871364325872,1.4217635107694864,741.8,30.913940830961906,162.20000000000005,0.5750287592411041,0.03918496832333143,0.1816488027572632,0.057204172868844466
0.5113548804553412,1.4217635107694864,731.3,31.68106036303982,172.70000000000005,0.5754682540893554,0.03998204687744032,0.20229657888412475,0.06041822810999534
0.536922624478095,1.4217635107694864,722.3,31.198182840540948,181.70000000000005,0.5758406162261963,0.04123758739482935,0.2195643424987793,0.061342904179303395
0.5624903685008489,1.4217635107694864,716.9,30.651000602868532,187.10000000000002,0.5767792463302612,0.04197653614995445,0.2222970485687256,0.06245485476233455
0.5880581125236027,1.4217635107694864,707.9,30.55066303571339,196.10000000000002,0.5761358559131622,0.045294692160545165,0.22791119813919067,0.07129849281600859
0.6136258565463566,1.4217635107694864,700.1,29.193515794694065,203.89999999999998,0.5723838686943055,0.04826100623741115,0.2507329285144806,0.07543504228630975
0.6391936005691106,1.4217635107694864,692.7,28.518835506222096,211.29999999999995,0.5704714357852936,0.05180743514733209,0.25251181721687316,0.08223498441383624
0.6647613445918644,1.4217635107694864,682.1,30.170483171285852,221.89999999999998,0.5717971384525299,0.053138200075692414,0.2516047239303589,0.08493444938849595
0.6903290886146183,1.4217635107694864,671.9,28.94117505165647,232.10000000000002,0.5731729447841645,0.05273249301834085,0.25385111570358276,0.0754713412117825
0.7158968326373721,1.4217635107694864,663.4,28.89939592113847,240.60000000000002,0.5714629352092743,0.056855838244614494,0.26139957308769224,0.07362270506135522
0.741464576660126,1.4217635107694864,651.4,29.857427717917833,252.60000000000002,0.5688414096832275,0.05953090067268045,0.273773604631424,0.06896270665255232
0.76703232068288,1.4217635107694864,638.3,30.229978088141657,265.70000000000005,0.5660391926765442,0.06461850985581394,0.29334476590156555,0.06386302165333808
0.7926000647056338,1.4217635107694864,624.0,29.771225891808772,280.0,0.563374251127243,0.07204789366604895,0.3045753002166748,0.06308202126844117
0.8181678087283877,1.4217635107694864,598.5,32.473754369017165,305.5,0.5509689748287201,0.0948927483689278,0.32389594316482545,0.06673988920003764
0.8437355527511415,1.4217635107694864,576.6,32.896394240528394,327.4,0.5215650975704194,0.1352910805977758,0.34874887466430665,0.07812625055398184
0.8693032967738954,1.4217635107694864,541.8,38.01022440758776,362.20000000000005,0.5106531083583832,0.14908957046983512,0.36331179141998293,0.05795189424821134
0.8948710407966494,1.4217635107694864,501.2,36.19105836720308,402.8,0.47346644997596743,0.18196699088710744,0.39855830669403075,0.05766489239333205
0.9204387848194032,1.4217635107694864,444.6,39.51148168298661,459.4,0.38314367532730104,0.21755133010607233,0.44391741156578063,0.05528681630086661
0.9460065288421571,1.4217635107694864,359.8,50.85891903183676,544.2,0.3823954463005066,0.23440801049722215,0.4611492812633514,0.05892642518169566
0.9715742728649109,1.4217635107694864,239.2,47.44038362147703,664.8,0.08468962907791137,0.1623373474437325,0.48294955492019653,0.033568290697862484
0.9971420168876648,1.4217635107694864,0.2,0.4524314325708198,903.8,-0.3770728588104248,0.852998068475875,0.5418152987957001,0.02517445786922093
