rho_th,IA_th,count_in,count_in_CI,count_out,r2_in,r2in_CI,r2_out,r2out_CI
3.9529726605751214e-14,1.3661576222519187e-09,0.3,0.6786471488562298,903.7,-0.11400723457336426,0.2579022823073235,0.5424654126167298,0.024794031092212676
0.01122909402239812,1.3661576222519187e-09,0.0,0.0,904.0,0.0,0.0,0.541922652721405,0.02527511246175802
0.022458188044756713,1.3661576222519187e-09,0.0,0.0,904.0,0.0,0.0,0.541922652721405,0.02527511246175802
0.033687282067115305,1.3661576222519187e-09,0.0,0.0,904.0,0.0,0.0,0.541922652721405,0.02527511246175802
0.044916376089473894,1.3661576222519187e-09,0.0,0.0,904.0,0.0,0.0,0.541922652721405,0.02527511246175802
0.056145470111832484,1.3661576222519187e-09,0.0,0.0,904.0,0.0,0.0,0.541922652721405,0.02527511246175802
0.06737456413419107,1.3661576222519187e-09,0.0,0.0,904.0,0.0,0.0,0.541922652721405,0.02527511246175802
0.07860365815654966,1.3661576222519187e-09,0.0,0.0,904.0,0.0,0.0,0.541922652721405,0.02527511246175802
0.08983275217890825,1.3661576222519187e-09,0.0,0.0,904.0,0.0,0.0,0.541922652721405,0.02527511246175802
0.10106184620126685,1.3661576222519187e-09,0.0,0.0,904.0,0.0,0.0,0.541922652721405,0.02527511246175802
0.11229094022362543,1.3661576222519187e-09,0.0,0.0,904.0,0.0,0.0,0.541922652721405,0.02527511246175802
0.12352003424598403,1.3661576222519187e-09,0.0,0.0,904.0,0.0,0.0,0.541922652721405,0.02527511246175802
0.13474912826834262,1.3661576222519187e-09,0.0,0.0,904.0,0.0,0.0,0.541922652721405,0.02527511246175802
0.1459782222907012,1.3661576222519187e-09,0.0,0.0,904.0,0.0,0.0,0.541922652721405,0.02527511246175802
0.1572073163130598,1.3661576222519187e-09,0.0,0.0,904.0,0.0,0.0,0.541922652721405,0.02527511246175802
0.1684364103354184,1.3661576222519187e-09,0.0,0.0,904.0,0.0,0.0,0.541922652721405,0.02527511246175802
0.17966550435777698,1.3661576222519187e-09,0.0,0.0,904.0,0.0,0.0,0.541922652721405,0.02527511246175802
0.19089459838013556,1.3661576222519187e-09,0.0,0.0,904.0,0.0,0.0,0.541922652721405,0.02527511246175802
0.20212369240249417,1.3661576222519187e-09,0.0,0.0,904.0,0.0,0.0,0.541922652721405,0.02527511246175802
0.21335278642485275,1.3661576222519187e-09,0.0,0.0,904.0,0.0,0.0,0.541922652721405,0.02527511246175802
0.22458188044721134,1.3661576222519187e-09,0.0,0.0,904.0,0.0,0.0,0.541922652721405,0.02527511246175802
0.23581097446956995,1.3661576222519187e-09,0.0,0.0,904.0,0.0,0.0,0.541922652721405,0.02527511246175802
0.24704006849192853,1.3661576222519187e-09,0.0,0.0,904.0,0.0,0.0,0.541922652721405,0.02527511246175802
0.2582691625142871,1.3661576222519187e-09,0.0,0.0,904.0,0.0,0.0,0.541922652721405,0.02527511246175802
0.2694982565366457,1.3661576222519187e-09,0.0,0.0,904.0,0.0,0.0,0.541922652721405,0.02527511246175802
0.2807273505590043,1.3661576222519187e-09,0.0,0.0,904.0,0.0,0.0,0.541922652721405,0.02527511246175802
0.2919564445813629,1.3661576222519187e-09,0.0,0.0,904.0,0.0,0.0,0.541922652721405,0.02527511246175802
0.3031855386037215,1.3661576222519187e-09,0.0,0.0,904.0,0.0,0.0,0.541922652721405,0.02527511246175802
0.31441463262608005,1.3661576222519187e-09,0.0,0.0,904.0,0.0,0.0,0.541922652721405,0.02527511246175802
0.32564372664843866,1.3661576222519187e-09,0.0,0.0,904.0,0.0,0.0,0.541922652721405,0.02527511246175802
0.33687282067079727,1.3661576222519187e-09,0.0,0.0,904.0,0.0,0.0,0.541922652721405,0.02527511246175802
0.3481019146931558,1.3661576222519187e-09,0.0,0.0,904.0,0.0,0.0,0.541922652721405,0.02527511246175802
0.35933100871551443,1.3661576222519187e-09,0.0,0.0,904.0,0.0,0.0,0.541922652721405,0.02527511246175802
0.37056010273787304,1.3661576222519187e-09,0.0,0.0,904.0,0.0,0.0,0.541922652721405,0.02527511246175802
0.3817891967602316,1.3661576222519187e-09,0.0,0.0,904.0,0.0,0.0,0.541922652721405,0.02527511246175802
0.3930182907825902,1.3661576222519187e-09,0.0,0.0,904.0,0.0,0.0,0.541922652721405,0.02527511246175802
0.4042473848049488,1.3661576222519187e-09,0.0,0.0,904.0,0.0,0.0,0.541922652721405,0.02527511246175802
0.41547647882730737,1.3661576222519187e-09,0.0,0.0,904.0,0.0,0.0,0.541922652721405,0.02527511246175802
0.426705572849666,1.3661576222519187e-09,0.0,0.0,904.0,0.0,0.0,0.541922652721405,0.02527511246175802
0.43793466687202454,1.3661576222519187e-09,0.0,0.0,904.0,0.0,0.0,0.541922652721405,0.02527511246175802
3.9529726605751214e-14,0.03645547810209941,0.3,0.6786471488562298,903.7,-0.11400723457336426,0.2579022823073235,0.5424654126167298,0.024794031092212676
0.01122909402239812,0.03645547810209941,0.0,0.0,904.0,0.0,0.0,0.541922652721405,0.02527511246175802
0.022458188044756713,0.03645547810209941,0.0,0.0,904.0,0.0,0.0,0.541922652721405,0.02527511246175802
0.033687282067115305,0.03645547810209941,0.0,0.0,904.0,0.0,0.0,0.541922652721405,0.02527511246175802
0.044916376089473894,0.03645547810209941,0.0,0.0,904.0,0.0,0.0,0.541922652721405,0.02527511246175802
0.056145470111832484,0.03645547810209941,0.0,0.0,904.0,0.0,0.0,0.541922652721405,0.02527511246175802
0.06737456413419107,0.03645547810209941,0.0,0.0,904.0,0.0,0.0,0.541922652721405,0.02527511246175802
0.07860365815654966,0.03645547810209941,0.0,0.0,904.0,0.0,0.0,0.541922652721405,0.02527511246175802
0.08983275217890825,0.03645547810209941,0.0,0.0,904.0,0.0,0.0,0.541922652721405,0.02527511246175802
0.10106184620126685,0.03645547810209941,0.0,0.0,904.0,0.0,0.0,0.541922652721405,0.02527511246175802
0.11229094022362543,0.03645547810209941,0.0,0.0,904.0,0.0,0.0,0.541922652721405,0.02527511246175802
0.12352003424598403,0.03645547810209941,0.0,0.0,904.0,0.0,0.0,0.541922652721405,0.02527511246175802
0.13474912826834262,0.03645547810209941,0.0,0.0,904.0,0.0,0.0,0.541922652721405,0.02527511246175802
0.1459782222907012,0.03645547810209941,0.0,0.0,904.0,0.0,0.0,0.541922652721405,0.02527511246175802
0.1572073163130598,0.03645547810209941,0.0,0.0,904.0,0.0,0.0,0.541922652721405,0.02527511246175802
0.1684364103354184,0.03645547810209941,0.0,0.0,904.0,0.0,0.0,0.541922652721405,0.02527511246175802
0.17966550435777698,0.03645547810209941,0.0,0.0,904.0,0.0,0.0,0.541922652721405,0.02527511246175802
0.19089459838013556,0.03645547810209941,0.0,0.0,904.0,0.0,0.0,0.541922652721405,0.02527511246175802
0.20212369240249417,0.03645547810209941,0.0,0.0,904.0,0.0,0.0,0.541922652721405,0.02527511246175802
0.21335278642485275,0.03645547810209941,0.0,0.0,904.0,0.0,0.0,0.541922652721405,0.02527511246175802
0.22458188044721134,0.03645547810209941,0.0,0.0,904.0,0.0,0.0,0.541922652721405,0.02527511246175802
0.23581097446956995,0.03645547810209941,0.0,0.0,904.0,0.0,0.0,0.541922652721405,0.02527511246175802
0.24704006849192853,0.03645547810209941,0.0,0.0,904.0,0.0,0.0,0.541922652721405,0.02527511246175802
0.2582691625142871,0.03645547810209941,0.0,0.0,904.0,0.0,0.0,0.541922652721405,0.02527511246175802
0.2694982565366457,0.03645547810209941,0.0,0.0,904.0,0.0,0.0,0.541922652721405,0.02527511246175802
0.2807273505590043,0.03645547810209941,0.0,0.0,904.0,0.0,0.0,0.541922652721405,0.02527511246175802
0.2919564445813629,0.03645547810209941,0.0,0.0,904.0,0.0,0.0,0.541922652721405,0.02527511246175802
0.3031855386037215,0.03645547810209941,0.0,0.0,904.0,0.0,0.0,0.541922652721405,0.02527511246175802
0.31441463262608005,0.03645547810209941,0.0,0.0,904.0,0.0,0.0,0.541922652721405,0.02527511246175802
0.32564372664843866,0.03645547810209941,0.0,0.0,904.0,0.0,0.0,0.541922652721405,0.02527511246175802
0.33687282067079727,0.03645547810209941,0.0,0.0,904.0,0.0,0.0,0.541922652721405,0.02527511246175802
0.3481019146931558,0.03645547810209941,0.0,0.0,904.0,0.0,0.0,0.541922652721405,0.02527511246175802
0.35933100871551443,0.03645547810209941,0.0,0.0,904.0,0.0,0.0,0.541922652721405,0.02527511246175802
0.37056010273787304,0.03645547810209941,0.0,0.0,904.0,0.0,0.0,0.541922652721405,0.02527511246175802
0.3817891967602316,0.03645547810209941,0.0,0.0,904.0,0.0,0.0,0.541922652721405,0.02527511246175802
0.3930182907825902,0.03645547810209941,0.0,0.0,904.0,0.0,0.0,0.541922652721405,0.02527511246175802
0.4042473848049488,0.03645547810209941,0.0,0.0,904.0,0.0,0.0,0.541922652721405,0.02527511246175802
0.41547647882730737,0.03645547810209941,0.0,0.0,904.0,0.0,0.0,0.541922652721405,0.02527511246175802
0.426705572849666,0.03645547810209941,0.0,0.0,904.0,0.0,0.0,0.541922652721405,0.02527511246175802
0.43793466687202454,0.03645547810209941,0.0,0.0,904.0,0.0,0.0,0.541922652721405,0.02527511246175802
3.9529726605751214e-14,0.07291095483804119,0.3,0.6786471488562298,903.7,-0.11400723457336426,0.2579022823073235,0.5424654126167298,0.024794031092212676
0.01122909402239812,0.07291095483804119,0.0,0.0,904.0,0.0,0.0,0.541922652721405,0.02527511246175802
0.022458188044756713,0.07291095483804119,0.0,0.0,904.0,0.0,0.0,0.541922652721405,0.02527511246175802
0.033687282067115305,0.07291095483804119,0.0,0.0,904.0,0.0,0.0,0.541922652721405,0.02527511246175802
0.044916376089473894,0.07291095483804119,0.0,0.0,904.0,0.0,0.0,0.541922652721405,0.02527511246175802
0.056145470111832484,0.07291095483804119,0.0,0.0,904.0,0.0,0.0,0.541922652721405,0.02527511246175802
0.06737456413419107,0.07291095483804119,0.0,0.0,904.0,0.0,0.0,0.541922652721405,0.02527511246175802
0.07860365815654966,0.07291095483804119,0.0,0.0,904.0,0.0,0.0,0.541922652721405,0.02527511246175802
0.08983275217890825,0.07291095483804119,0.0,0.0,904.0,0.0,0.0,0.541922652721405,0.02527511246175802
0.10106184620126685,0.07291095483804119,0.0,0.0,904.0,0.0,0.0,0.541922652721405,0.02527511246175802
0.11229094022362543,0.07291095483804119,0.0,0.0,904.0,0.0,0.0,0.541922652721405,0.02527511246175802
0.12352003424598403,0.07291095483804119,0.0,0.0,904.0,0.0,0.0,0.541922652721405,0.02527511246175802
0.13474912826834262,0.07291095483804119,0.0,0.0,904.0,0.0,0.0,0.541922652721405,0.02527511246175802
0.1459782222907012,0.07291095483804119,0.0,0.0,904.0,0.0,0.0,0.541922652721405,0.02527511246175802
0.1572073163130598,0.07291095483804119,0.0,0.0,904.0,0.0,0.0,0.541922652721405,0.02527511246175802
0.1684364103354184,0.07291095483804119,0.0,0.0,904.0,0.0,0.0,0.541922652721405,0.02527511246175802
0.17966550435777698,0.07291095483804119,0.0,0.0,904.0,0.0,0.0,0.541922652721405,0.02527511246175802
0.19089459838013556,0.07291095483804119,0.0,0.0,904.0,0.0,0.0,0.541922652721405,0.02527511246175802
0.20212369240249417,0.07291095483804119,0.0,0.0,904.0,0.0,0.0,0.541922652721405,0.02527511246175802
0.21335278642485275,0.07291095483804119,0.0,0.0,904.0,0.0,0.0,0.541922652721405,0.02527511246175802
0.22458188044721134,0.07291095483804119,0.0,0.0,904.0,0.0,0.0,0.541922652721405,0.02527511246175802
0.23581097446956995,0.07291095483804119,0.0,0.0,904.0,0.0,0.0,0.541922652721405,0.02527511246175802
0.24704006849192853,0.07291095483804119,0.0,0.0,904.0,0.0,0.0,0.541922652721405,0.02527511246175802
0.2582691625142871,0.07291095483804119,0.0,0.0,904.0,0.0,0.0,0.541922652721405,0.02527511246175802
0.2694982565366457,0.07291095483804119,0.0,0.0,904.0,0.0,0.0,0.541922652721405,0.02527511246175802
0.2807273505590043,0.07291095483804119,0.0,0.0,904.0,0.0,0.0,0.541922652721405,0.02527511246175802
0.2919564445813629,0.07291095483804119,0.0,0.0,904.0,0.0,0.0,0.541922652721405,0.02527511246175802
0.3031855386037215,0.07291095483804119,0.0,0.0,904.0,0.0,0.0,0.541922652721405,0.02527511246175802
0.31441463262608005,0.07291095483804119,0.0,0.0,904.0,0.0,0.0,0.541922652721405,0.02527511246175802
0.32564372664843866,0.07291095483804119,0.0,0.0,904.0,0.0,0.0,0.541922652721405,0.02527511246175802
0.33687282067079727,0.07291095483804119,0.0,0.0,904.0,0.0,0.0,0.541922652721405,0.02527511246175802
0.3481019146931558,0.07291095483804119,0.0,0.0,904.0,0.0,0.0,0.541922652721405,0.02527511246175802
0.35933100871551443,0.07291095483804119,0.0,0.0,904.0,0.0,0.0,0.541922652721405,0.02527511246175802
0.37056010273787304,0.07291095483804119,0.0,0.0,904.0,0.0,0.0,0.541922652721405,0.02527511246175802
0.3817891967602316,0.07291095483804119,0.0,0.0,904.0,0.0,0.0,0.541922652721405,0.02527511246175802
0.3930182907825902,0.07291095483804119,0.0,0.0,904.0,0.0,0.0,0.541922652721405,0.02527511246175802
0.4042473848049488,0.07291095483804119,0.0,0.0,904.0,0.0,0.0,0.541922652721405,0.02527511246175802
0.41547647882730737,0.07291095483804119,0.0,0.0,904.0,0.0,0.0,0.541922652721405,0.02527511246175802
0.426705572849666,0.07291095483804119,0.0,0.0,904.0,0.0,0.0,0.541922652721405,0.02527511246175802
0.43793466687202454,0.07291095483804119,0.0,0.0,904.0,0.0,0.0,0.541922652721405,0.02527511246175802
3.9529726605751214e-14,0.10936643157398297,0.3,0.6786471488562298,903.7,-0.11400723457336426,0.2579022823073235,0.5424654126167298,0.024794031092212676
0.01122909402239812,0.10936643157398297,0.0,0.0,904.0,0.0,0.0,0.541922652721405,0.02527511246175802
0.022458188044756713,0.10936643157398297,0.0,0.0,904.0,0.0,0.0,0.541922652721405,0.02527511246175802
0.033687282067115305,0.10936643157398297,0.0,0.0,904.0,0.0,0.0,0.541922652721405,0.02527511246175802
0.044916376089473894,0.10936643157398297,0.0,0.0,904.0,0.0,0.0,0.541922652721405,0.02527511246175802
0.056145470111832484,0.10936643157398297,0.0,0.0,904.0,0.0,0.0,0.541922652721405,0.02527511246175802
0.06737456413419107,0.10936643157398297,0.0,0.0,904.0,0.0,0.0,0.541922652721405,0.02527511246175802
0.07860365815654966,0.10936643157398297,0.0,0.0,904.0,0.0,0.0,0.541922652721405,0.02527511246175802
0.08983275217890825,0.10936643157398297,0.0,0.0,904.0,0.0,0.0,0.541922652721405,0.02527511246175802
0.10106184620126685,0.10936643157398297,0.0,0.0,904.0,0.0,0.0,0.541922652721405,0.02527511246175802
0.11229094022362543,0.10936643157398297,0.0,0.0,904.0,0.0,0.0,0.541922652721405,0.02527511246175802
0.12352003424598403,0.10936643157398297,0.0,0.0,904.0,0.0,0.0,0.541922652721405,0.02527511246175802
0.13474912826834262,0.10936643157398297,0.0,0.0,904.0,0.0,0.0,0.541922652721405,0.02527511246175802
0.1459782222907012,0.10936643157398297,0.0,0.0,904.0,0.0,0.0,0.541922652721405,0.02527511246175802
0.1572073163130598,0.10936643157398297,0.0,0.0,904.0,0.0,0.0,0.541922652721405,0.02527511246175802
0.1684364103354184,0.10936643157398297,0.0,0.0,904.0,0.0,0.0,0.541922652721405,0.02527511246175802
0.17966550435777698,0.10936643157398297,0.0,0.0,904.0,0.0,0.0,0.541922652721405,0.02527511246175802
0.19089459838013556,0.10936643157398297,0.0,0.0,904.0,0.0,0.0,0.541922652721405,0.02527511246175802
0.20212369240249417,0.10936643157398297,0.0,0.0,904.0,0.0,0.0,0.541922652721405,0.02527511246175802
0.21335278642485275,0.10936643157398297,0.0,0.0,904.0,0.0,0.0,0.541922652721405,0.02527511246175802
0.22458188044721134,0.10936643157398297,0.0,0.0,904.0,0.0,0.0,0.541922652721405,0.02527511246175802
0.23581097446956995,0.10936643157398297,0.0,0.0,904.0,0.0,0.0,0.541922652721405,0.02527511246175802
0.24704006849192853,0.10936643157398297,0.0,0.0,904.0,0.0,0.0,0.541922652721405,0.02527511246175802
0.2582691625142871,0.10936643157398297,0.0,0.0,904.0,0.0,0.0,0.541922652721405,0.02527511246175802
0.2694982565366457,0.10936643157398297,0.0,0.0,904.0,0.0,0.0,0.541922652721405,0.02527511246175802
0.2807273505590043,0.10936643157398297,0.0,0.0,904.0,0.0,0.0,0.541922652721405,0.02527511246175802
0.2919564445813629,0.10936643157398297,0.0,0.0,904.0,0.0,0.0,0.541922652721405,0.02527511246175802
0.3031855386037215,0.10936643157398297,0.0,0.0,904.0,0.0,0.0,0.541922652721405,0.02527511246175802
0.31441463262608005,0.10936643157398297,0.0,0.0,904.0,0.0,0.0,0.541922652721405,0.02527511246175802
0.32564372664843866,0.10936643157398297,0.0,0.0,904.0,0.0,0.0,0.541922652721405,0.02527511246175802
0.33687282067079727,0.10936643157398297,0.0,0.0,904.0,0.0,0.0,0.541922652721405,0.02527511246175802
0.3481019146931558,0.10936643157398297,0.0,0.0,904.0,0.0,0.0,0.541922652721405,0.02527511246175802
0.35933100871551443,0.10936643157398297,0.0,0.0,904.0,0.0,0.0,0.541922652721405,0.02527511246175802
0.37056010273787304,0.10936643157398297,0.0,0.0,904.0,0.0,0.0,0.541922652721405,0.02527511246175802
0.3817891967602316,0.10936643157398297,0.0,0.0,904.0,0.0,0.0,0.541922652721405,0.02527511246175802
0.3930182907825902,0.10936643157398297,0.0,0.0,904.0,0.0,0.0,0.541922652721405,0.02527511246175802
0.4042473848049488,0.10936643157398297,0.0,0.0,904.0,0.0,0.0,0.541922652721405,0.02527511246175802
0.41547647882730737,0.10936643157398297,0.0,0.0,904.0,0.0,0.0,0.541922652721405,0.02527511246175802
0.426705572849666,0.10936643157398297,0.0,0.0,904.0,0.0,0.0,0.541922652721405,0.02527511246175802
0.43793466687202454,0.10936643157398297,0.0,0.0,904.0,0.0,0.0,0.541922652721405,0.02527511246175802
3.9529726605751214e-14,0.14582190830992478,0.3,0.6786471488562298,903.7,-0.11400723457336426,0.2579022823073235,0.5424654126167298,0.024794031092212676
0.01122909402239812,0.14582190830992478,0.0,0.0,904.0,0.0,0.0,0.541922652721405,0.02527511246175802
0.022458188044756713,0.14582190830992478,0.0,0.0,904.0,0.0,0.0,0.541922652721405,0.02527511246175802
0.033687282067115305,0.14582190830992478,0.0,0.0,904.0,0.0,0.0,0.541922652721405,0.02527511246175802
0.044916376089473894,0.14582190830992478,0.0,0.0,904.0,0.0,0.0,0.541922652721405,0.02527511246175802
0.056145470111832484,0.14582190830992478,0.0,0.0,904.0,0.0,0.0,0.541922652721405,0.02527511246175802
0.06737456413419107,0.14582190830992478,0.0,0.0,904.0,0.0,0.0,0.541922652721405,0.02527511246175802
0.07860365815654966,0.14582190830992478,0.0,0.0,904.0,0.0,0.0,0.541922652721405,0.02527511246175802
0.08983275217890825,0.14582190830992478,0.0,0.0,904.0,0.0,0.0,0.541922652721405,0.02527511246175802
0.10106184620126685,0.14582190830992478,0.0,0.0,904.0,0.0,0.0,0.541922652721405,0.02527511246175802
0.11229094022362543,0.14582190830992478,0.0,0.0,904.0,0.0,0.0,0.541922652721405,0.02527511246175802
0.12352003424598403,0.14582190830992478,0.0,0.0,904.0,0.0,0.0,0.541922652721405,0.02527511246175802
0.13474912826834262,0.14582190830992478,0.0,0.0,904.0,0.0,0.0,0.541922652721405,0.02527511246175802
0.1459782222907012,0.14582190830992478,0.0,0.0,904.0,0.0,0.0,0.541922652721405,0.02527511246175802
0.1572073163130598,0.14582190830992478,0.0,0.0,904.0,0.0,0.0,0.541922652721405,0.02527511246175802
0.1684364103354184,0.14582190830992478,0.0,0.0,904.0,0.0,0.0,0.541922652721405,0.02527511246175802
0.17966550435777698,0.14582190830992478,0.0,0.0,904.0,0.0,0.0,0.541922652721405,0.02527511246175802
0.19089459838013556,0.14582190830992478,0.0,0.0,904.0,0.0,0.0,0.541922652721405,0.02527511246175802
0.20212369240249417,0.14582190830992478,0.0,0.0,904.0,0.0,0.0,0.541922652721405,0.02527511246175802
0.21335278642485275,0.14582190830992478,0.0,0.0,904.0,0.0,0.0,0.541922652721405,0.02527511246175802
0.22458188044721134,0.14582190830992478,0.0,0.0,904.0,0.0,0.0,0.541922652721405,0.02527511246175802
0.23581097446956995,0.14582190830992478,0.0,0.0,904.0,0.0,0.0,0.541922652721405,0.02527511246175802
0.24704006849192853,0.14582190830992478,0.0,0.0,904.0,0.0,0.0,0.541922652721405,0.02527511246175802
0.2582691625142871,0.14582190830992478,0.0,0.0,904.0,0.0,0.0,0.541922652721405,0.02527511246175802
0.2694982565366457,0.14582190830992478,0.0,0.0,904.0,0.0,0.0,0.541922652721405,0.02527511246175802
0.2807273505590043,0.14582190830992478,0.0,0.0,904.0,0.0,0.0,0.541922652721405,0.02527511246175802
0.2919564445813629,0.14582190830992478,0.0,0.0,904.0,0.0,0.0,0.541922652721405,0.02527511246175802
0.3031855386037215,0.14582190830992478,0.0,0.0,904.0,0.0,0.0,0.541922652721405,0.02527511246175802
0.31441463262608005,0.14582190830992478,0.0,0.0,904.0,0.0,0.0,0.541922652721405,0.02527511246175802
0.32564372664843866,0.14582190830992478,0.0,0.0,904.0,0.0,0.0,0.541922652721405,0.02527511246175802
0.33687282067079727,0.14582190830992478,0.0,0.0,904.0,0.0,0.0,0.541922652721405,0.02527511246175802
0.3481019146931558,0.14582190830992478,0.0,0.0,904.0,0.0,0.0,0.541922652721405,0.02527511246175802
0.35933100871551443,0.14582190830992478,0.0,0.0,904.0,0.0,0.0,0.541922652721405,0.02527511246175802
0.37056010273787304,0.14582190830992478,0.0,0.0,904.0,0.0,0.0,0.541922652721405,0.02527511246175802
0.3817891967602316,0.14582190830992478,0.0,0.0,904.0,0.0,0.0,0.541922652721405,0.02527511246175802
0.3930182907825902,0.14582190830992478,0.0,0.0,904.0,0.0,0.0,0.541922652721405,0.02527511246175802
0.4042473848049488,0.14582190830992478,0.0,0.0,904.0,0.0,0.0,0.541922652721405,0.02527511246175802
0.41547647882730737,0.14582190830992478,0.0,0.0,904.0,0.0,0.0,0.541922652721405,0.02527511246175802
0.426705572849666,0.14582190830992478,0.0,0.0,904.0,0.0,0.0,0.541922652721405,0.02527511246175802
0.43793466687202454,0.14582190830992478,0.0,0.0,904.0,0.0,0.0,0.541922652721405,0.02527511246175802
3.9529726605751214e-14,0.18227738504586657,0.3,0.6786471488562298,903.7,-0.11400723457336426,0.2579022823073235,0.5424654126167298,0.024794031092212676
0.01122909402239812,0.18227738504586657,0.0,0.0,904.0,0.0,0.0,0.541922652721405,0.02527511246175802
0.022458188044756713,0.18227738504586657,0.0,0.0,904.0,0.0,0.0,0.541922652721405,0.02527511246175802
0.033687282067115305,0.18227738504586657,0.0,0.0,904.0,0.0,0.0,0.541922652721405,0.02527511246175802
0.044916376089473894,0.18227738504586657,0.0,0.0,904.0,0.0,0.0,0.541922652721405,0.02527511246175802
0.056145470111832484,0.18227738504586657,0.0,0.0,904.0,0.0,0.0,0.541922652721405,0.02527511246175802
0.06737456413419107,0.18227738504586657,0.0,0.0,904.0,0.0,0.0,0.541922652721405,0.02527511246175802
0.07860365815654966,0.18227738504586657,0.0,0.0,904.0,0.0,0.0,0.541922652721405,0.02527511246175802
0.08983275217890825,0.18227738504586657,0.0,0.0,904.0,0.0,0.0,0.541922652721405,0.02527511246175802
0.10106184620126685,0.18227738504586657,0.0,0.0,904.0,0.0,0.0,0.541922652721405,0.02527511246175802
0.11229094022362543,0.18227738504586657,0.0,0.0,904.0,0.0,0.0,0.541922652721405,0.02527511246175802
0.12352003424598403,0.18227738504586657,0.0,0.0,904.0,0.0,0.0,0.541922652721405,0.02527511246175802
0.13474912826834262,0.18227738504586657,0.0,0.0,904.0,0.0,0.0,0.541922652721405,0.02527511246175802
0.1459782222907012,0.18227738504586657,0.0,0.0,904.0,0.0,0.0,0.541922652721405,0.02527511246175802
0.1572073163130598,0.18227738504586657,0.0,0.0,904.0,0.0,0.0,0.541922652721405,0.02527511246175802
0.1684364103354184,0.18227738504586657,0.0,0.0,904.0,0.0,0.0,0.541922652721405,0.02527511246175802
0.17966550435777698,0.18227738504586657,0.0,0.0,904.0,0.0,0.0,0.541922652721405,0.02527511246175802
0.19089459838013556,0.18227738504586657,0.0,0.0,904.0,0.0,0.0,0.541922652721405,0.02527511246175802
0.20212369240249417,0.18227738504586657,0.0,0.0,904.0,0.0,0.0,0.541922652721405,0.02527511246175802
0.21335278642485275,0.18227738504586657,0.0,0.0,904.0,0.0,0.0,0.541922652721405,0.02527511246175802
0.22458188044721134,0.18227738504586657,0.0,0.0,904.0,0.0,0.0,0.541922652721405,0.02527511246175802
0.23581097446956995,0.18227738504586657,0.0,0.0,904.0,0.0,0.0,0.541922652721405,0.02527511246175802
0.24704006849192853,0.18227738504586657,0.0,0.0,904.0,0.0,0.0,0.541922652721405,0.02527511246175802
0.2582691625142871,0.18227738504586657,0.0,0.0,904.0,0.0,0.0,0.541922652721405,0.02527511246175802
0.2694982565366457,0.18227738504586657,0.0,0.0,904.0,0.0,0.0,0.541922652721405,0.02527511246175802
0.2807273505590043,0.18227738504586657,0.0,0.0,904.0,0.0,0.0,0.541922652721405,0.02527511246175802
0.2919564445813629,0.18227738504586657,0.0,0.0,904.0,0.0,0.0,0.541922652721405,0.02527511246175802
0.3031855386037215,0.18227738504586657,0.0,0.0,904.0,0.0,0.0,0.541922652721405,0.02527511246175802
0.31441463262608005,0.18227738504586657,0.0,0.0,904.0,0.0,0.0,0.541922652721405,0.02527511246175802
0.32564372664843866,0.18227738504586657,0.0,0.0,904.0,0.0,0.0,0.541922652721405,0.02527511246175802
0.33687282067079727,0.18227738504586657,0.0,0.0,904.0,0.0,0.0,0.541922652721405,0.02527511246175802
0.3481019146931558,0.18227738504586657,0.0,0.0,904.0,0.0,0.0,0.541922652721405,0.02527511246175802
0.35933100871551443,0.18227738504586657,0.0,0.0,904.0,0.0,0.0,0.541922652721405,0.02527511246175802
0.37056010273787304,0.18227738504586657,0.0,0.0,904.0,0.0,0.0,0.541922652721405,0.02527511246175802
0.3817891967602316,0.18227738504586657,0.0,0.0,904.0,0.0,0.0,0.541922652721405,0.02527511246175802
0.3930182907825902,0.18227738504586657,0.0,0.0,904.0,0.0,0.0,0.541922652721405,0.02527511246175802
0.4042473848049488,0.18227738504586657,0.0,0.0,904.0,0.0,0.0,0.541922652721405,0.02527511246175802
0.41547647882730737,0.18227738504586657,0.0,0.0,904.0,0.0,0.0,0.541922652721405,0.02527511246175802
0.426705572849666,0.18227738504586657,0.0,0.0,904.0,0.0,0.0,0.541922652721405,0.02527511246175802
0.43793466687202454,0.18227738504586657,0.0,0.0,904.0,0.0,0.0,0.541922652721405,0.02527511246175802
3.9529726605751214e-14,0.21873286178180834,0.3,0.6786471488562298,903.7,-0.11400723457336426,0.2579022823073235,0.5424654126167298,0.024794031092212676
0.01122909402239812,0.21873286178180834,0.0,0.0,904.0,0.0,0.0,0.541922652721405,0.02527511246175802
0.022458188044756713,0.21873286178180834,0.0,0.0,904.0,0.0,0.0,0.541922652721405,0.02527511246175802
0.033687282067115305,0.21873286178180834,0.0,0.0,904.0,0.0,0.0,0.541922652721405,0.02527511246175802
0.044916376089473894,0.21873286178180834,0.0,0.0,904.0,0.0,0.0,0.541922652721405,0.02527511246175802
0.056145470111832484,0.21873286178180834,0.0,0.0,904.0,0.0,0.0,0.541922652721405,0.02527511246175802
0.06737456413419107,0.21873286178180834,0.0,0.0,904.0,0.0,0.0,0.541922652721405,0.02527511246175802
0.07860365815654966,0.21873286178180834,0.0,0.0,904.0,0.0,0.0,0.541922652721405,0.02527511246175802
0.08983275217890825,0.21873286178180834,0.0,0.0,904.0,0.0,0.0,0.541922652721405,0.02527511246175802
0.10106184620126685,0.21873286178180834,0.0,0.0,904.0,0.0,0.0,0.541922652721405,0.02527511246175802
0.11229094022362543,0.21873286178180834,0.0,0.0,904.0,0.0,0.0,0.541922652721405,0.02527511246175802
0.12352003424598403,0.21873286178180834,0.0,0.0,904.0,0.0,0.0,0.541922652721405,0.02527511246175802
0.13474912826834262,0.21873286178180834,0.0,0.0,904.0,0.0,0.0,0.541922652721405,0.02527511246175802
0.1459782222907012,0.21873286178180834,0.0,0.0,904.0,0.0,0.0,0.541922652721405,0.02527511246175802
0.1572073163130598,0.21873286178180834,0.0,0.0,904.0,0.0,0.0,0.541922652721405,0.02527511246175802
0.1684364103354184,0.21873286178180834,0.0,0.0,904.0,0.0,0.0,0.541922652721405,0.02527511246175802
0.17966550435777698,0.21873286178180834,0.0,0.0,904.0,0.0,0.0,0.541922652721405,0.02527511246175802
0.19089459838013556,0.21873286178180834,0.0,0.0,904.0,0.0,0.0,0.541922652721405,0.02527511246175802
0.20212369240249417,0.21873286178180834,0.0,0.0,904.0,0.0,0.0,0.541922652721405,0.02527511246175802
0.21335278642485275,0.21873286178180834,0.0,0.0,904.0,0.0,0.0,0.541922652721405,0.02527511246175802
0.22458188044721134,0.21873286178180834,0.0,0.0,904.0,0.0,0.0,0.541922652721405,0.02527511246175802
0.23581097446956995,0.21873286178180834,0.0,0.0,904.0,0.0,0.0,0.541922652721405,0.02527511246175802
0.24704006849192853,0.21873286178180834,0.0,0.0,904.0,0.0,0.0,0.541922652721405,0.02527511246175802
0.2582691625142871,0.21873286178180834,0.0,0.0,904.0,0.0,0.0,0.541922652721405,0.02527511246175802
0.2694982565366457,0.21873286178180834,0.0,0.0,904.0,0.0,0.0,0.541922652721405,0.02527511246175802
0.2807273505590043,0.21873286178180834,0.0,0.0,904.0,0.0,0.0,0.541922652721405,0.02527511246175802
0.2919564445813629,0.21873286178180834,0.0,0.0,904.0,0.0,0.0,0.541922652721405,0.02527511246175802
0.3031855386037215,0.21873286178180834,0.0,0.0,904.0,0.0,0.0,0.541922652721405,0.02527511246175802
0.31441463262608005,0.21873286178180834,0.0,0.0,904.0,0.0,0.0,0.541922652721405,0.02527511246175802
0.32564372664843866,0.21873286178180834,0.0,0.0,904.0,0.0,0.0,0.541922652721405,0.02527511246175802
0.33687282067079727,0.21873286178180834,0.0,0.0,904.0,0.0,0.0,0.541922652721405,0.02527511246175802
0.3481019146931558,0.21873286178180834,0.0,0.0,904.0,0.0,0.0,0.541922652721405,0.02527511246175802
0.35933100871551443,0.21873286178180834,0.0,0.0,904.0,0.0,0.0,0.541922652721405,0.02527511246175802
0.37056010273787304,0.21873286178180834,0.0,0.0,904.0,0.0,0.0,0.541922652721405,0.02527511246175802
0.3817891967602316,0.21873286178180834,0.0,0.0,904.0,0.0,0.0,0.541922652721405,0.02527511246175802
0.3930182907825902,0.21873286178180834,0.0,0.0,904.0,0.0,0.0,0.541922652721405,0.02527511246175802
0.4042473848049488,0.21873286178180834,0.0,0.0,904.0,0.0,0.0,0.541922652721405,0.02527511246175802
0.41547647882730737,0.21873286178180834,0.0,0.0,904.0,0.0,0.0,0.541922652721405,0.02527511246175802
0.426705572849666,0.21873286178180834,0.0,0.0,904.0,0.0,0.0,0.541922652721405,0.02527511246175802
0.43793466687202454,0.21873286178180834,0.0,0.0,904.0,0.0,0.0,0.541922652721405,0.02527511246175802
3.9529726605751214e-14,0.25518833851775014,0.3,0.6786471488562298,903.7,-0.11400723457336426,0.2579022823073235,0.5424654126167298,0.024794031092212676
0.01122909402239812,0.25518833851775014,0.0,0.0,904.0,0.0,0.0,0.541922652721405,0.02527511246175802
0.022458188044756713,0.25518833851775014,0.0,0.0,904.0,0.0,0.0,0.541922652721405,0.02527511246175802
0.033687282067115305,0.25518833851775014,0.0,0.0,904.0,0.0,0.0,0.541922652721405,0.02527511246175802
0.044916376089473894,0.25518833851775014,0.0,0.0,904.0,0.0,0.0,0.541922652721405,0.02527511246175802
0.056145470111832484,0.25518833851775014,0.0,0.0,904.0,0.0,0.0,0.541922652721405,0.02527511246175802
0.06737456413419107,0.25518833851775014,0.0,0.0,904.0,0.0,0.0,0.541922652721405,0.02527511246175802
0.07860365815654966,0.25518833851775014,0.0,0.0,904.0,0.0,0.0,0.541922652721405,0.02527511246175802
0.08983275217890825,0.25518833851775014,0.0,0.0,904.0,0.0,0.0,0.541922652721405,0.02527511246175802
0.10106184620126685,0.25518833851775014,0.0,0.0,904.0,0.0,0.0,0.541922652721405,0.02527511246175802
0.11229094022362543,0.25518833851775014,0.0,0.0,904.0,0.0,0.0,0.541922652721405,0.02527511246175802
0.12352003424598403,0.25518833851775014,0.0,0.0,904.0,0.0,0.0,0.541922652721405,0.02527511246175802
0.13474912826834262,0.25518833851775014,0.0,0.0,904.0,0.0,0.0,0.541922652721405,0.02527511246175802
0.1459782222907012,0.25518833851775014,0.0,0.0,904.0,0.0,0.0,0.541922652721405,0.02527511246175802
0.1572073163130598,0.25518833851775014,0.0,0.0,904.0,0.0,0.0,0.541922652721405,0.02527511246175802
0.1684364103354184,0.25518833851775014,0.0,0.0,904.0,0.0,0.0,0.541922652721405,0.02527511246175802
0.17966550435777698,0.25518833851775014,0.0,0.0,904.0,0.0,0.0,0.541922652721405,0.02527511246175802
0.19089459838013556,0.25518833851775014,0.0,0.0,904.0,0.0,0.0,0.541922652721405,0.02527511246175802
0.20212369240249417,0.25518833851775014,0.0,0.0,904.0,0.0,0.0,0.541922652721405,0.02527511246175802
0.21335278642485275,0.25518833851775014,0.0,0.0,904.0,0.0,0.0,0.541922652721405,0.02527511246175802
0.22458188044721134,0.25518833851775014,0.0,0.0,904.0,0.0,0.0,0.541922652721405,0.02527511246175802
0.23581097446956995,0.25518833851775014,0.0,0.0,904.0,0.0,0.0,0.541922652721405,0.02527511246175802
0.24704006849192853,0.25518833851775014,0.0,0.0,904.0,0.0,0.0,0.541922652721405,0.02527511246175802
0.2582691625142871,0.25518833851775014,0.0,0.0,904.0,0.0,0.0,0.541922652721405,0.02527511246175802
0.2694982565366457,0.25518833851775014,0.0,0.0,904.0,0.0,0.0,0.541922652721405,0.02527511246175802
0.2807273505590043,0.25518833851775014,0.0,0.0,904.0,0.0,0.0,0.541922652721405,0.02527511246175802
0.2919564445813629,0.25518833851775014,0.0,0.0,904.0,0.0,0.0,0.541922652721405,0.02527511246175802
0.3031855386037215,0.25518833851775014,0.0,0.0,904.0,0.0,0.0,0.541922652721405,0.02527511246175802
0.31441463262608005,0.25518833851775014,0.0,0.0,904.0,0.0,0.0,0.541922652721405,0.02527511246175802
0.32564372664843866,0.25518833851775014,0.0,0.0,904.0,0.0,0.0,0.541922652721405,0.02527511246175802
0.33687282067079727,0.25518833851775014,0.0,0.0,904.0,0.0,0.0,0.541922652721405,0.02527511246175802
0.3481019146931558,0.25518833851775014,0.0,0.0,904.0,0.0,0.0,0.541922652721405,0.02527511246175802
0.35933100871551443,0.25518833851775014,0.0,0.0,904.0,0.0,0.0,0.541922652721405,0.02527511246175802
0.37056010273787304,0.25518833851775014,0.0,0.0,904.0,0.0,0.0,0.541922652721405,0.02527511246175802
0.3817891967602316,0.25518833851775014,0.0,0.0,904.0,0.0,0.0,0.541922652721405,0.02527511246175802
0.3930182907825902,0.25518833851775014,0.0,0.0,904.0,0.0,0.0,0.541922652721405,0.02527511246175802
0.4042473848049488,0.25518833851775014,0.0,0.0,904.0,0.0,0.0,0.541922652721405,0.02527511246175802
0.41547647882730737,0.25518833851775014,0.0,0.0,904.0,0.0,0.0,0.541922652721405,0.02527511246175802
0.426705572849666,0.25518833851775014,0.0,0.0,904.0,0.0,0.0,0.541922652721405,0.02527511246175802
0.43793466687202454,0.25518833851775014,0.0,0.0,904.0,0.0,0.0,0.541922652721405,0.02527511246175802
3.9529726605751214e-14,0.29164381525369193,0.3,0.6786471488562298,903.7,-0.11400723457336426,0.2579022823073235,0.5424654126167298,0.024794031092212676
0.01122909402239812,0.29164381525369193,0.0,0.0,904.0,0.0,0.0,0.541922652721405,0.02527511246175802
0.022458188044756713,0.29164381525369193,0.0,0.0,904.0,0.0,0.0,0.541922652721405,0.02527511246175802
0.033687282067115305,0.29164381525369193,0.0,0.0,904.0,0.0,0.0,0.541922652721405,0.02527511246175802
0.044916376089473894,0.29164381525369193,0.0,0.0,904.0,0.0,0.0,0.541922652721405,0.02527511246175802
0.056145470111832484,0.29164381525369193,0.0,0.0,904.0,0.0,0.0,0.541922652721405,0.02527511246175802
0.06737456413419107,0.29164381525369193,0.0,0.0,904.0,0.0,0.0,0.541922652721405,0.02527511246175802
0.07860365815654966,0.29164381525369193,0.0,0.0,904.0,0.0,0.0,0.541922652721405,0.02527511246175802
0.08983275217890825,0.29164381525369193,0.0,0.0,904.0,0.0,0.0,0.541922652721405,0.02527511246175802
0.10106184620126685,0.29164381525369193,0.0,0.0,904.0,0.0,0.0,0.541922652721405,0.02527511246175802
0.11229094022362543,0.29164381525369193,0.0,0.0,904.0,0.0,0.0,0.541922652721405,0.02527511246175802
0.12352003424598403,0.29164381525369193,0.0,0.0,904.0,0.0,0.0,0.541922652721405,0.02527511246175802
0.13474912826834262,0.29164381525369193,0.0,0.0,904.0,0.0,0.0,0.541922652721405,0.02527511246175802
0.1459782222907012,0.29164381525369193,0.0,0.0,904.0,0.0,0.0,0.541922652721405,0.02527511246175802
0.1572073163130598,0.29164381525369193,0.0,0.0,904.0,0.0,0.0,0.541922652721405,0.02527511246175802
0.1684364103354184,0.29164381525369193,0.0,0.0,904.0,0.0,0.0,0.541922652721405,0.02527511246175802
0.17966550435777698,0.29164381525369193,0.0,0.0,904.0,0.0,0.0,0.541922652721405,0.02527511246175802
0.19089459838013556,0.29164381525369193,0.0,0.0,904.0,0.0,0.0,0.541922652721405,0.02527511246175802
0.20212369240249417,0.29164381525369193,0.0,0.0,904.0,0.0,0.0,0.541922652721405,0.02527511246175802
0.21335278642485275,0.29164381525369193,0.0,0.0,904.0,0.0,0.0,0.541922652721405,0.02527511246175802
0.22458188044721134,0.29164381525369193,0.0,0.0,904.0,0.0,0.0,0.541922652721405,0.02527511246175802
0.23581097446956995,0.29164381525369193,0.0,0.0,904.0,0.0,0.0,0.541922652721405,0.02527511246175802
0.24704006849192853,0.29164381525369193,0.0,0.0,904.0,0.0,0.0,0.541922652721405,0.02527511246175802
0.2582691625142871,0.29164381525369193,0.0,0.0,904.0,0.0,0.0,0.541922652721405,0.02527511246175802
0.2694982565366457,0.29164381525369193,0.0,0.0,904.0,0.0,0.0,0.541922652721405,0.02527511246175802
0.2807273505590043,0.29164381525369193,0.0,0.0,904.0,0.0,0.0,0.541922652721405,0.02527511246175802
0.2919564445813629,0.29164381525369193,0.0,0.0,904.0,0.0,0.0,0.541922652721405,0.02527511246175802
0.3031855386037215,0.29164381525369193,0.0,0.0,904.0,0.0,0.0,0.541922652721405,0.02527511246175802
0.31441463262608005,0.29164381525369193,0.0,0.0,904.0,0.0,0.0,0.541922652721405,0.02527511246175802
0.32564372664843866,0.29164381525369193,0.0,0.0,904.0,0.0,0.0,0.541922652721405,0.02527511246175802
0.33687282067079727,0.29164381525369193,0.0,0.0,904.0,0.0,0.0,0.541922652721405,0.02527511246175802
0.3481019146931558,0.29164381525369193,0.0,0.0,904.0,0.0,0.0,0.541922652721405,0.02527511246175802
0.35933100871551443,0.29164381525369193,0.0,0.0,904.0,0.0,0.0,0.541922652721405,0.02527511246175802
0.37056010273787304,0.29164381525369193,0.0,0.0,904.0,0.0,0.0,0.541922652721405,0.02527511246175802
0.3817891967602316,0.29164381525369193,0.0,0.0,904.0,0.0,0.0,0.541922652721405,0.02527511246175802
0.3930182907825902,0.29164381525369193,0.0,0.0,904.0,0.0,0.0,0.541922652721405,0.02527511246175802
0.4042473848049488,0.29164381525369193,0.0,0.0,904.0,0.0,0.0,0.541922652721405,0.02527511246175802
0.41547647882730737,0.29164381525369193,0.0,0.0,904.0,0.0,0.0,0.541922652721405,0.02527511246175802
0.426705572849666,0.29164381525369193,0.0,0.0,904.0,0.0,0.0,0.541922652721405,0.02527511246175802
0.43793466687202454,0.29164381525369193,0.0,0.0,904.0,0.0,0.0,0.541922652721405,0.02527511246175802
3.9529726605751214e-14,0.3280992919896337,0.3,0.6786471488562298,903.7,-0.11400723457336426,0.2579022823073235,0.5424654126167298,0.024794031092212676
0.01122909402239812,0.3280992919896337,0.0,0.0,904.0,0.0,0.0,0.541922652721405,0.02527511246175802
0.022458188044756713,0.3280992919896337,0.0,0.0,904.0,0.0,0.0,0.541922652721405,0.02527511246175802
0.033687282067115305,0.3280992919896337,0.0,0.0,904.0,0.0,0.0,0.541922652721405,0.02527511246175802
0.044916376089473894,0.3280992919896337,0.0,0.0,904.0,0.0,0.0,0.541922652721405,0.02527511246175802
0.056145470111832484,0.3280992919896337,0.0,0.0,904.0,0.0,0.0,0.541922652721405,0.02527511246175802
0.06737456413419107,0.3280992919896337,0.0,0.0,904.0,0.0,0.0,0.541922652721405,0.02527511246175802
0.07860365815654966,0.3280992919896337,0.0,0.0,904.0,0.0,0.0,0.541922652721405,0.02527511246175802
0.08983275217890825,0.3280992919896337,0.0,0.0,904.0,0.0,0.0,0.541922652721405,0.02527511246175802
0.10106184620126685,0.3280992919896337,0.0,0.0,904.0,0.0,0.0,0.541922652721405,0.02527511246175802
0.11229094022362543,0.3280992919896337,0.0,0.0,904.0,0.0,0.0,0.541922652721405,0.02527511246175802
0.12352003424598403,0.3280992919896337,0.0,0.0,904.0,0.0,0.0,0.541922652721405,0.02527511246175802
0.13474912826834262,0.3280992919896337,0.0,0.0,904.0,0.0,0.0,0.541922652721405,0.02527511246175802
0.1459782222907012,0.3280992919896337,0.0,0.0,904.0,0.0,0.0,0.541922652721405,0.02527511246175802
0.1572073163130598,0.3280992919896337,0.0,0.0,904.0,0.0,0.0,0.541922652721405,0.02527511246175802
0.1684364103354184,0.3280992919896337,0.0,0.0,904.0,0.0,0.0,0.541922652721405,0.02527511246175802
0.17966550435777698,0.3280992919896337,0.0,0.0,904.0,0.0,0.0,0.541922652721405,0.02527511246175802
0.19089459838013556,0.3280992919896337,0.0,0.0,904.0,0.0,0.0,0.541922652721405,0.02527511246175802
0.20212369240249417,0.3280992919896337,0.0,0.0,904.0,0.0,0.0,0.541922652721405,0.02527511246175802
0.21335278642485275,0.3280992919896337,0.0,0.0,904.0,0.0,0.0,0.541922652721405,0.02527511246175802
0.22458188044721134,0.3280992919896337,0.0,0.0,904.0,0.0,0.0,0.541922652721405,0.02527511246175802
0.23581097446956995,0.3280992919896337,0.0,0.0,904.0,0.0,0.0,0.541922652721405,0.02527511246175802
0.24704006849192853,0.3280992919896337,0.0,0.0,904.0,0.0,0.0,0.541922652721405,0.02527511246175802
0.2582691625142871,0.3280992919896337,0.0,0.0,904.0,0.0,0.0,0.541922652721405,0.02527511246175802
0.2694982565366457,0.3280992919896337,0.0,0.0,904.0,0.0,0.0,0.541922652721405,0.02527511246175802
0.2807273505590043,0.3280992919896337,0.0,0.0,904.0,0.0,0.0,0.541922652721405,0.02527511246175802
0.2919564445813629,0.3280992919896337,0.0,0.0,904.0,0.0,0.0,0.541922652721405,0.02527511246175802
0.3031855386037215,0.3280992919896337,0.0,0.0,904.0,0.0,0.0,0.541922652721405,0.02527511246175802
0.31441463262608005,0.3280992919896337,0.0,0.0,904.0,0.0,0.0,0.541922652721405,0.02527511246175802
0.32564372664843866,0.3280992919896337,0.0,0.0,904.0,0.0,0.0,0.541922652721405,0.02527511246175802
0.33687282067079727,0.3280992919896337,0.0,0.0,904.0,0.0,0.0,0.541922652721405,0.02527511246175802
0.3481019146931558,0.3280992919896337,0.0,0.0,904.0,0.0,0.0,0.541922652721405,0.02527511246175802
0.35933100871551443,0.3280992919896337,0.0,0.0,904.0,0.0,0.0,0.541922652721405,0.02527511246175802
0.37056010273787304,0.3280992919896337,0.0,0.0,904.0,0.0,0.0,0.541922652721405,0.02527511246175802
0.3817891967602316,0.3280992919896337,0.0,0.0,904.0,0.0,0.0,0.541922652721405,0.02527511246175802
0.3930182907825902,0.3280992919896337,0.0,0.0,904.0,0.0,0.0,0.541922652721405,0.02527511246175802
0.4042473848049488,0.3280992919896337,0.0,0.0,904.0,0.0,0.0,0.541922652721405,0.02527511246175802
0.41547647882730737,0.3280992919896337,0.0,0.0,904.0,0.0,0.0,0.541922652721405,0.02527511246175802
0.426705572849666,0.3280992919896337,0.0,0.0,904.0,0.0,0.0,0.541922652721405,0.02527511246175802
0.43793466687202454,0.3280992919896337,0.0,0.0,904.0,0.0,0.0,0.541922652721405,0.02527511246175802
3.9529726605751214e-14,0.3645547687255755,0.3,0.6786471488562298,903.7,-0.11400723457336426,0.2579022823073235,0.5424654126167298,0.024794031092212676
0.01122909402239812,0.3645547687255755,0.0,0.0,904.0,0.0,0.0,0.541922652721405,0.02527511246175802
0.022458188044756713,0.3645547687255755,0.0,0.0,904.0,0.0,0.0,0.541922652721405,0.02527511246175802
0.033687282067115305,0.3645547687255755,0.0,0.0,904.0,0.0,0.0,0.541922652721405,0.02527511246175802
0.044916376089473894,0.3645547687255755,0.0,0.0,904.0,0.0,0.0,0.541922652721405,0.02527511246175802
0.056145470111832484,0.3645547687255755,0.0,0.0,904.0,0.0,0.0,0.541922652721405,0.02527511246175802
0.06737456413419107,0.3645547687255755,0.0,0.0,904.0,0.0,0.0,0.541922652721405,0.02527511246175802
0.07860365815654966,0.3645547687255755,0.0,0.0,904.0,0.0,0.0,0.541922652721405,0.02527511246175802
0.08983275217890825,0.3645547687255755,0.0,0.0,904.0,0.0,0.0,0.541922652721405,0.02527511246175802
0.10106184620126685,0.3645547687255755,0.0,0.0,904.0,0.0,0.0,0.541922652721405,0.02527511246175802
0.11229094022362543,0.3645547687255755,0.0,0.0,904.0,0.0,0.0,0.541922652721405,0.02527511246175802
0.12352003424598403,0.3645547687255755,0.0,0.0,904.0,0.0,0.0,0.541922652721405,0.02527511246175802
0.13474912826834262,0.3645547687255755,0.0,0.0,904.0,0.0,0.0,0.541922652721405,0.02527511246175802
0.1459782222907012,0.3645547687255755,0.0,0.0,904.0,0.0,0.0,0.541922652721405,0.02527511246175802
0.1572073163130598,0.3645547687255755,0.0,0.0,904.0,0.0,0.0,0.541922652721405,0.02527511246175802
0.1684364103354184,0.3645547687255755,0.0,0.0,904.0,0.0,0.0,0.541922652721405,0.02527511246175802
0.17966550435777698,0.3645547687255755,0.0,0.0,904.0,0.0,0.0,0.541922652721405,0.02527511246175802
0.19089459838013556,0.3645547687255755,0.0,0.0,904.0,0.0,0.0,0.541922652721405,0.02527511246175802
0.20212369240249417,0.3645547687255755,0.0,0.0,904.0,0.0,0.0,0.541922652721405,0.02527511246175802
0.21335278642485275,0.3645547687255755,0.0,0.0,904.0,0.0,0.0,0.541922652721405,0.02527511246175802
0.22458188044721134,0.3645547687255755,0.0,0.0,904.0,0.0,0.0,0.541922652721405,0.02527511246175802
0.23581097446956995,0.3645547687255755,0.0,0.0,904.0,0.0,0.0,0.541922652721405,0.02527511246175802
0.24704006849192853,0.3645547687255755,0.0,0.0,904.0,0.0,0.0,0.541922652721405,0.02527511246175802
0.2582691625142871,0.3645547687255755,0.0,0.0,904.0,0.0,0.0,0.541922652721405,0.02527511246175802
0.2694982565366457,0.3645547687255755,0.0,0.0,904.0,0.0,0.0,0.541922652721405,0.02527511246175802
0.2807273505590043,0.3645547687255755,0.0,0.0,904.0,0.0,0.0,0.541922652721405,0.02527511246175802
0.2919564445813629,0.3645547687255755,0.0,0.0,904.0,0.0,0.0,0.541922652721405,0.02527511246175802
0.3031855386037215,0.3645547687255755,0.0,0.0,904.0,0.0,0.0,0.541922652721405,0.02527511246175802
0.31441463262608005,0.3645547687255755,0.0,0.0,904.0,0.0,0.0,0.541922652721405,0.02527511246175802
0.32564372664843866,0.3645547687255755,0.0,0.0,904.0,0.0,0.0,0.541922652721405,0.02527511246175802
0.33687282067079727,0.3645547687255755,0.0,0.0,904.0,0.0,0.0,0.541922652721405,0.02527511246175802
0.3481019146931558,0.3645547687255755,0.0,0.0,904.0,0.0,0.0,0.541922652721405,0.02527511246175802
0.35933100871551443,0.3645547687255755,0.0,0.0,904.0,0.0,0.0,0.541922652721405,0.02527511246175802
0.37056010273787304,0.3645547687255755,0.0,0.0,904.0,0.0,0.0,0.541922652721405,0.02527511246175802
0.3817891967602316,0.3645547687255755,0.0,0.0,904.0,0.0,0.0,0.541922652721405,0.02527511246175802
0.3930182907825902,0.3645547687255755,0.0,0.0,904.0,0.0,0.0,0.541922652721405,0.02527511246175802
0.4042473848049488,0.3645547687255755,0.0,0.0,904.0,0.0,0.0,0.541922652721405,0.02527511246175802
0.41547647882730737,0.3645547687255755,0.0,0.0,904.0,0.0,0.0,0.541922652721405,0.02527511246175802
0.426705572849666,0.3645547687255755,0.0,0.0,904.0,0.0,0.0,0.541922652721405,0.02527511246175802
0.43793466687202454,0.3645547687255755,0.0,0.0,904.0,0.0,0.0,0.541922652721405,0.02527511246175802
3.9529726605751214e-14,0.4010102454615173,0.3,0.6786471488562298,903.7,-0.11400723457336426,0.2579022823073235,0.5424654126167298,0.024794031092212676
0.01122909402239812,0.4010102454615173,0.0,0.0,904.0,0.0,0.0,0.541922652721405,0.02527511246175802
0.022458188044756713,0.4010102454615173,0.0,0.0,904.0,0.0,0.0,0.541922652721405,0.02527511246175802
0.033687282067115305,0.4010102454615173,0.0,0.0,904.0,0.0,0.0,0.541922652721405,0.02527511246175802
0.044916376089473894,0.4010102454615173,0.0,0.0,904.0,0.0,0.0,0.541922652721405,0.02527511246175802
0.056145470111832484,0.4010102454615173,0.0,0.0,904.0,0.0,0.0,0.541922652721405,0.02527511246175802
0.06737456413419107,0.4010102454615173,0.0,0.0,904.0,0.0,0.0,0.541922652721405,0.02527511246175802
0.07860365815654966,0.4010102454615173,0.0,0.0,904.0,0.0,0.0,0.541922652721405,0.02527511246175802
0.08983275217890825,0.4010102454615173,0.0,0.0,904.0,0.0,0.0,0.541922652721405,0.02527511246175802
0.10106184620126685,0.4010102454615173,0.0,0.0,904.0,0.0,0.0,0.541922652721405,0.02527511246175802
0.11229094022362543,0.4010102454615173,0.0,0.0,904.0,0.0,0.0,0.541922652721405,0.02527511246175802
0.12352003424598403,0.4010102454615173,0.0,0.0,904.0,0.0,0.0,0.541922652721405,0.02527511246175802
0.13474912826834262,0.4010102454615173,0.0,0.0,904.0,0.0,0.0,0.541922652721405,0.02527511246175802
0.1459782222907012,0.4010102454615173,0.0,0.0,904.0,0.0,0.0,0.541922652721405,0.02527511246175802
0.1572073163130598,0.4010102454615173,0.0,0.0,904.0,0.0,0.0,0.541922652721405,0.02527511246175802
0.1684364103354184,0.4010102454615173,0.0,0.0,904.0,0.0,0.0,0.541922652721405,0.02527511246175802
0.17966550435777698,0.4010102454615173,0.0,0.0,904.0,0.0,0.0,0.541922652721405,0.02527511246175802
0.19089459838013556,0.4010102454615173,0.0,0.0,904.0,0.0,0.0,0.541922652721405,0.02527511246175802
0.20212369240249417,0.4010102454615173,0.0,0.0,904.0,0.0,0.0,0.541922652721405,0.02527511246175802
0.21335278642485275,0.4010102454615173,0.0,0.0,904.0,0.0,0.0,0.541922652721405,0.02527511246175802
0.22458188044721134,0.4010102454615173,0.0,0.0,904.0,0.0,0.0,0.541922652721405,0.02527511246175802
0.23581097446956995,0.4010102454615173,0.0,0.0,904.0,0.0,0.0,0.541922652721405,0.02527511246175802
0.24704006849192853,0.4010102454615173,0.0,0.0,904.0,0.0,0.0,0.541922652721405,0.02527511246175802
0.2582691625142871,0.4010102454615173,0.0,0.0,904.0,0.0,0.0,0.541922652721405,0.02527511246175802
0.2694982565366457,0.4010102454615173,0.0,0.0,904.0,0.0,0.0,0.541922652721405,0.02527511246175802
0.2807273505590043,0.4010102454615173,0.0,0.0,904.0,0.0,0.0,0.541922652721405,0.02527511246175802
0.2919564445813629,0.4010102454615173,0.0,0.0,904.0,0.0,0.0,0.541922652721405,0.02527511246175802
0.3031855386037215,0.4010102454615173,0.0,0.0,904.0,0.0,0.0,0.541922652721405,0.02527511246175802
0.31441463262608005,0.4010102454615173,0.0,0.0,904.0,0.0,0.0,0.541922652721405,0.02527511246175802
0.32564372664843866,0.4010102454615173,0.0,0.0,904.0,0.0,0.0,0.541922652721405,0.02527511246175802
0.33687282067079727,0.4010102454615173,0.0,0.0,904.0,0.0,0.0,0.541922652721405,0.02527511246175802
0.3481019146931558,0.4010102454615173,0.0,0.0,904.0,0.0,0.0,0.541922652721405,0.02527511246175802
0.35933100871551443,0.4010102454615173,0.0,0.0,904.0,0.0,0.0,0.541922652721405,0.02527511246175802
0.37056010273787304,0.4010102454615173,0.0,0.0,904.0,0.0,0.0,0.541922652721405,0.02527511246175802
0.3817891967602316,0.4010102454615173,0.0,0.0,904.0,0.0,0.0,0.541922652721405,0.02527511246175802
0.3930182907825902,0.4010102454615173,0.0,0.0,904.0,0.0,0.0,0.541922652721405,0.02527511246175802
0.4042473848049488,0.4010102454615173,0.0,0.0,904.0,0.0,0.0,0.541922652721405,0.02527511246175802
0.41547647882730737,0.4010102454615173,0.0,0.0,904.0,0.0,0.0,0.541922652721405,0.02527511246175802
0.426705572849666,0.4010102454615173,0.0,0.0,904.0,0.0,0.0,0.541922652721405,0.02527511246175802
0.43793466687202454,0.4010102454615173,0.0,0.0,904.0,0.0,0.0,0.541922652721405,0.02527511246175802
3.9529726605751214e-14,0.43746572219745905,0.3,0.6786471488562298,903.7,-0.11400723457336426,0.2579022823073235,0.5424654126167298,0.024794031092212676
0.01122909402239812,0.43746572219745905,0.0,0.0,904.0,0.0,0.0,0.541922652721405,0.02527511246175802
0.022458188044756713,0.43746572219745905,0.0,0.0,904.0,0.0,0.0,0.541922652721405,0.02527511246175802
0.033687282067115305,0.43746572219745905,0.0,0.0,904.0,0.0,0.0,0.541922652721405,0.02527511246175802
0.044916376089473894,0.43746572219745905,0.0,0.0,904.0,0.0,0.0,0.541922652721405,0.02527511246175802
0.056145470111832484,0.43746572219745905,0.0,0.0,904.0,0.0,0.0,0.541922652721405,0.02527511246175802
0.06737456413419107,0.43746572219745905,0.0,0.0,904.0,0.0,0.0,0.541922652721405,0.02527511246175802
0.07860365815654966,0.43746572219745905,0.0,0.0,904.0,0.0,0.0,0.541922652721405,0.02527511246175802
0.08983275217890825,0.43746572219745905,0.0,0.0,904.0,0.0,0.0,0.541922652721405,0.02527511246175802
0.10106184620126685,0.43746572219745905,0.0,0.0,904.0,0.0,0.0,0.541922652721405,0.02527511246175802
0.11229094022362543,0.43746572219745905,0.0,0.0,904.0,0.0,0.0,0.541922652721405,0.02527511246175802
0.12352003424598403,0.43746572219745905,0.0,0.0,904.0,0.0,0.0,0.541922652721405,0.02527511246175802
0.13474912826834262,0.43746572219745905,0.0,0.0,904.0,0.0,0.0,0.541922652721405,0.02527511246175802
0.1459782222907012,0.43746572219745905,0.0,0.0,904.0,0.0,0.0,0.541922652721405,0.02527511246175802
0.1572073163130598,0.43746572219745905,0.0,0.0,904.0,0.0,0.0,0.541922652721405,0.02527511246175802
0.1684364103354184,0.43746572219745905,0.0,0.0,904.0,0.0,0.0,0.541922652721405,0.02527511246175802
0.17966550435777698,0.43746572219745905,0.0,0.0,904.0,0.0,0.0,0.541922652721405,0.02527511246175802
0.19089459838013556,0.43746572219745905,0.0,0.0,904.0,0.0,0.0,0.541922652721405,0.02527511246175802
0.20212369240249417,0.43746572219745905,0.0,0.0,904.0,0.0,0.0,0.541922652721405,0.02527511246175802
0.21335278642485275,0.43746572219745905,0.0,0.0,904.0,0.0,0.0,0.541922652721405,0.02527511246175802
0.22458188044721134,0.43746572219745905,0.0,0.0,904.0,0.0,0.0,0.541922652721405,0.02527511246175802
0.23581097446956995,0.43746572219745905,0.0,0.0,904.0,0.0,0.0,0.541922652721405,0.02527511246175802
0.24704006849192853,0.43746572219745905,0.0,0.0,904.0,0.0,0.0,0.541922652721405,0.02527511246175802
0.2582691625142871,0.43746572219745905,0.0,0.0,904.0,0.0,0.0,0.541922652721405,0.02527511246175802
0.2694982565366457,0.43746572219745905,0.0,0.0,904.0,0.0,0.0,0.541922652721405,0.02527511246175802
0.2807273505590043,0.43746572219745905,0.0,0.0,904.0,0.0,0.0,0.541922652721405,0.02527511246175802
0.2919564445813629,0.43746572219745905,0.0,0.0,904.0,0.0,0.0,0.541922652721405,0.02527511246175802
0.3031855386037215,0.43746572219745905,0.0,0.0,904.0,0.0,0.0,0.541922652721405,0.02527511246175802
0.31441463262608005,0.43746572219745905,0.0,0.0,904.0,0.0,0.0,0.541922652721405,0.02527511246175802
0.32564372664843866,0.43746572219745905,0.0,0.0,904.0,0.0,0.0,0.541922652721405,0.02527511246175802
0.33687282067079727,0.43746572219745905,0.0,0.0,904.0,0.0,0.0,0.541922652721405,0.02527511246175802
0.3481019146931558,0.43746572219745905,0.0,0.0,904.0,0.0,0.0,0.541922652721405,0.02527511246175802
0.35933100871551443,0.43746572219745905,0.0,0.0,904.0,0.0,0.0,0.541922652721405,0.02527511246175802
0.37056010273787304,0.43746572219745905,0.0,0.0,904.0,0.0,0.0,0.541922652721405,0.02527511246175802
0.3817891967602316,0.43746572219745905,0.0,0.0,904.0,0.0,0.0,0.541922652721405,0.02527511246175802
0.3930182907825902,0.43746572219745905,0.0,0.0,904.0,0.0,0.0,0.541922652721405,0.02527511246175802
0.4042473848049488,0.43746572219745905,0.0,0.0,904.0,0.0,0.0,0.541922652721405,0.02527511246175802
0.41547647882730737,0.43746572219745905,0.0,0.0,904.0,0.0,0.0,0.541922652721405,0.02527511246175802
0.426705572849666,0.43746572219745905,0.0,0.0,904.0,0.0,0.0,0.541922652721405,0.02527511246175802
0.43793466687202454,0.43746572219745905,0.0,0.0,904.0,0.0,0.0,0.541922652721405,0.02527511246175802
3.9529726605751214e-14,0.47392119893340084,0.3,0.6786471488562298,903.7,-0.11400723457336426,0.2579022823073235,0.5424654126167298,0.024794031092212676
0.01122909402239812,0.47392119893340084,0.0,0.0,904.0,0.0,0.0,0.541922652721405,0.02527511246175802
0.022458188044756713,0.47392119893340084,0.0,0.0,904.0,0.0,0.0,0.541922652721405,0.02527511246175802
0.033687282067115305,0.47392119893340084,0.0,0.0,904.0,0.0,0.0,0.541922652721405,0.02527511246175802
0.044916376089473894,0.47392119893340084,0.0,0.0,904.0,0.0,0.0,0.541922652721405,0.02527511246175802
0.056145470111832484,0.47392119893340084,0.0,0.0,904.0,0.0,0.0,0.541922652721405,0.02527511246175802
0.06737456413419107,0.47392119893340084,0.0,0.0,904.0,0.0,0.0,0.541922652721405,0.02527511246175802
0.07860365815654966,0.47392119893340084,0.0,0.0,904.0,0.0,0.0,0.541922652721405,0.02527511246175802
0.08983275217890825,0.47392119893340084,0.0,0.0,904.0,0.0,0.0,0.541922652721405,0.02527511246175802
0.10106184620126685,0.47392119893340084,0.0,0.0,904.0,0.0,0.0,0.541922652721405,0.02527511246175802
0.11229094022362543,0.47392119893340084,0.0,0.0,904.0,0.0,0.0,0.541922652721405,0.02527511246175802
0.12352003424598403,0.47392119893340084,0.0,0.0,904.0,0.0,0.0,0.541922652721405,0.02527511246175802
0.13474912826834262,0.47392119893340084,0.0,0.0,904.0,0.0,0.0,0.541922652721405,0.02527511246175802
0.1459782222907012,0.47392119893340084,0.0,0.0,904.0,0.0,0.0,0.541922652721405,0.02527511246175802
0.1572073163130598,0.47392119893340084,0.0,0.0,904.0,0.0,0.0,0.541922652721405,0.02527511246175802
0.1684364103354184,0.47392119893340084,0.0,0.0,904.0,0.0,0.0,0.541922652721405,0.02527511246175802
0.17966550435777698,0.47392119893340084,0.0,0.0,904.0,0.0,0.0,0.541922652721405,0.02527511246175802
0.19089459838013556,0.47392119893340084,0.0,0.0,904.0,0.0,0.0,0.541922652721405,0.02527511246175802
0.20212369240249417,0.47392119893340084,0.0,0.0,904.0,0.0,0.0,0.541922652721405,0.02527511246175802
0.21335278642485275,0.47392119893340084,0.0,0.0,904.0,0.0,0.0,0.541922652721405,0.02527511246175802
0.22458188044721134,0.47392119893340084,0.0,0.0,904.0,0.0,0.0,0.541922652721405,0.02527511246175802
0.23581097446956995,0.47392119893340084,0.0,0.0,904.0,0.0,0.0,0.541922652721405,0.02527511246175802
0.24704006849192853,0.47392119893340084,0.0,0.0,904.0,0.0,0.0,0.541922652721405,0.02527511246175802
0.2582691625142871,0.47392119893340084,0.0,0.0,904.0,0.0,0.0,0.541922652721405,0.02527511246175802
0.2694982565366457,0.47392119893340084,0.0,0.0,904.0,0.0,0.0,0.541922652721405,0.02527511246175802
0.2807273505590043,0.47392119893340084,0.0,0.0,904.0,0.0,0.0,0.541922652721405,0.02527511246175802
0.2919564445813629,0.47392119893340084,0.0,0.0,904.0,0.0,0.0,0.541922652721405,0.02527511246175802
0.3031855386037215,0.47392119893340084,0.0,0.0,904.0,0.0,0.0,0.541922652721405,0.02527511246175802
0.31441463262608005,0.47392119893340084,0.0,0.0,904.0,0.0,0.0,0.541922652721405,0.02527511246175802
0.32564372664843866,0.47392119893340084,0.0,0.0,904.0,0.0,0.0,0.541922652721405,0.02527511246175802
0.33687282067079727,0.47392119893340084,0.0,0.0,904.0,0.0,0.0,0.541922652721405,0.02527511246175802
0.3481019146931558,0.47392119893340084,0.0,0.0,904.0,0.0,0.0,0.541922652721405,0.02527511246175802
0.35933100871551443,0.47392119893340084,0.0,0.0,904.0,0.0,0.0,0.541922652721405,0.02527511246175802
0.37056010273787304,0.47392119893340084,0.0,0.0,904.0,0.0,0.0,0.541922652721405,0.02527511246175802
0.3817891967602316,0.47392119893340084,0.0,0.0,904.0,0.0,0.0,0.541922652721405,0.02527511246175802
0.3930182907825902,0.47392119893340084,0.0,0.0,904.0,0.0,0.0,0.541922652721405,0.02527511246175802
0.4042473848049488,0.47392119893340084,0.0,0.0,904.0,0.0,0.0,0.541922652721405,0.02527511246175802
0.41547647882730737,0.47392119893340084,0.0,0.0,904.0,0.0,0.0,0.541922652721405,0.02527511246175802
0.426705572849666,0.47392119893340084,0.0,0.0,904.0,0.0,0.0,0.541922652721405,0.02527511246175802
0.43793466687202454,0.47392119893340084,0.0,0.0,904.0,0.0,0.0,0.541922652721405,0.02527511246175802
3.9529726605751214e-14,0.5103766756693426,0.3,0.6786471488562298,903.7,-0.11400723457336426,0.2579022823073235,0.5424654126167298,0.024794031092212676
0.01122909402239812,0.5103766756693426,0.0,0.0,904.0,0.0,0.0,0.541922652721405,0.02527511246175802
0.022458188044756713,0.5103766756693426,0.0,0.0,904.0,0.0,0.0,0.541922652721405,0.02527511246175802
0.033687282067115305,0.5103766756693426,0.0,0.0,904.0,0.0,0.0,0.541922652721405,0.02527511246175802
0.044916376089473894,0.5103766756693426,0.0,0.0,904.0,0.0,0.0,0.541922652721405,0.02527511246175802
0.056145470111832484,0.5103766756693426,0.0,0.0,904.0,0.0,0.0,0.541922652721405,0.02527511246175802
0.06737456413419107,0.5103766756693426,0.0,0.0,904.0,0.0,0.0,0.541922652721405,0.02527511246175802
0.07860365815654966,0.5103766756693426,0.0,0.0,904.0,0.0,0.0,0.541922652721405,0.02527511246175802
0.08983275217890825,0.5103766756693426,0.0,0.0,904.0,0.0,0.0,0.541922652721405,0.02527511246175802
0.10106184620126685,0.5103766756693426,0.0,0.0,904.0,0.0,0.0,0.541922652721405,0.02527511246175802
0.11229094022362543,0.5103766756693426,0.0,0.0,904.0,0.0,0.0,0.541922652721405,0.02527511246175802
0.12352003424598403,0.5103766756693426,0.0,0.0,904.0,0.0,0.0,0.541922652721405,0.02527511246175802
0.13474912826834262,0.5103766756693426,0.0,0.0,904.0,0.0,0.0,0.541922652721405,0.02527511246175802
0.1459782222907012,0.5103766756693426,0.0,0.0,904.0,0.0,0.0,0.541922652721405,0.02527511246175802
0.1572073163130598,0.5103766756693426,0.0,0.0,904.0,0.0,0.0,0.541922652721405,0.02527511246175802
0.1684364103354184,0.5103766756693426,0.0,0.0,904.0,0.0,0.0,0.541922652721405,0.02527511246175802
0.17966550435777698,0.5103766756693426,0.0,0.0,904.0,0.0,0.0,0.541922652721405,0.02527511246175802
0.19089459838013556,0.5103766756693426,0.0,0.0,904.0,0.0,0.0,0.541922652721405,0.02527511246175802
0.20212369240249417,0.5103766756693426,0.0,0.0,904.0,0.0,0.0,0.541922652721405,0.02527511246175802
0.21335278642485275,0.5103766756693426,0.0,0.0,904.0,0.0,0.0,0.541922652721405,0.02527511246175802
0.22458188044721134,0.5103766756693426,0.0,0.0,904.0,0.0,0.0,0.541922652721405,0.02527511246175802
0.23581097446956995,0.5103766756693426,0.0,0.0,904.0,0.0,0.0,0.541922652721405,0.02527511246175802
0.24704006849192853,0.5103766756693426,0.0,0.0,904.0,0.0,0.0,0.541922652721405,0.02527511246175802
0.2582691625142871,0.5103766756693426,0.0,0.0,904.0,0.0,0.0,0.541922652721405,0.02527511246175802
0.2694982565366457,0.5103766756693426,0.0,0.0,904.0,0.0,0.0,0.541922652721405,0.02527511246175802
0.2807273505590043,0.5103766756693426,0.0,0.0,904.0,0.0,0.0,0.541922652721405,0.02527511246175802
0.2919564445813629,0.5103766756693426,0.0,0.0,904.0,0.0,0.0,0.541922652721405,0.02527511246175802
0.3031855386037215,0.5103766756693426,0.0,0.0,904.0,0.0,0.0,0.541922652721405,0.02527511246175802
0.31441463262608005,0.5103766756693426,0.0,0.0,904.0,0.0,0.0,0.541922652721405,0.02527511246175802
0.32564372664843866,0.5103766756693426,0.0,0.0,904.0,0.0,0.0,0.541922652721405,0.02527511246175802
0.33687282067079727,0.5103766756693426,0.0,0.0,904.0,0.0,0.0,0.541922652721405,0.02527511246175802
0.3481019146931558,0.5103766756693426,0.0,0.0,904.0,0.0,0.0,0.541922652721405,0.02527511246175802
0.35933100871551443,0.5103766756693426,0.0,0.0,904.0,0.0,0.0,0.541922652721405,0.02527511246175802
0.37056010273787304,0.5103766756693426,0.0,0.0,904.0,0.0,0.0,0.541922652721405,0.02527511246175802
0.3817891967602316,0.5103766756693426,0.0,0.0,904.0,0.0,0.0,0.541922652721405,0.02527511246175802
0.3930182907825902,0.5103766756693426,0.0,0.0,904.0,0.0,0.0,0.541922652721405,0.02527511246175802
0.4042473848049488,0.5103766756693426,0.0,0.0,904.0,0.0,0.0,0.541922652721405,0.02527511246175802
0.41547647882730737,0.5103766756693426,0.0,0.0,904.0,0.0,0.0,0.541922652721405,0.02527511246175802
0.426705572849666,0.5103766756693426,0.0,0.0,904.0,0.0,0.0,0.541922652721405,0.02527511246175802
0.43793466687202454,0.5103766756693426,0.0,0.0,904.0,0.0,0.0,0.541922652721405,0.02527511246175802
3.9529726605751214e-14,0.5468321524052845,0.3,0.6786471488562298,903.7,-0.11400723457336426,0.2579022823073235,0.5424654126167298,0.024794031092212676
0.01122909402239812,0.5468321524052845,0.0,0.0,904.0,0.0,0.0,0.541922652721405,0.02527511246175802
0.022458188044756713,0.5468321524052845,0.0,0.0,904.0,0.0,0.0,0.541922652721405,0.02527511246175802
0.033687282067115305,0.5468321524052845,0.0,0.0,904.0,0.0,0.0,0.541922652721405,0.02527511246175802
0.044916376089473894,0.5468321524052845,0.0,0.0,904.0,0.0,0.0,0.541922652721405,0.02527511246175802
0.056145470111832484,0.5468321524052845,0.0,0.0,904.0,0.0,0.0,0.541922652721405,0.02527511246175802
0.06737456413419107,0.5468321524052845,0.0,0.0,904.0,0.0,0.0,0.541922652721405,0.02527511246175802
0.07860365815654966,0.5468321524052845,0.0,0.0,904.0,0.0,0.0,0.541922652721405,0.02527511246175802
0.08983275217890825,0.5468321524052845,0.0,0.0,904.0,0.0,0.0,0.541922652721405,0.02527511246175802
0.10106184620126685,0.5468321524052845,0.0,0.0,904.0,0.0,0.0,0.541922652721405,0.02527511246175802
0.11229094022362543,0.5468321524052845,0.0,0.0,904.0,0.0,0.0,0.541922652721405,0.02527511246175802
0.12352003424598403,0.5468321524052845,0.0,0.0,904.0,0.0,0.0,0.541922652721405,0.02527511246175802
0.13474912826834262,0.5468321524052845,0.0,0.0,904.0,0.0,0.0,0.541922652721405,0.02527511246175802
0.1459782222907012,0.5468321524052845,0.0,0.0,904.0,0.0,0.0,0.541922652721405,0.02527511246175802
0.1572073163130598,0.5468321524052845,0.0,0.0,904.0,0.0,0.0,0.541922652721405,0.02527511246175802
0.1684364103354184,0.5468321524052845,0.0,0.0,904.0,0.0,0.0,0.541922652721405,0.02527511246175802
0.17966550435777698,0.5468321524052845,0.0,0.0,904.0,0.0,0.0,0.541922652721405,0.02527511246175802
0.19089459838013556,0.5468321524052845,0.0,0.0,904.0,0.0,0.0,0.541922652721405,0.02527511246175802
0.20212369240249417,0.5468321524052845,0.0,0.0,904.0,0.0,0.0,0.541922652721405,0.02527511246175802
0.21335278642485275,0.5468321524052845,0.0,0.0,904.0,0.0,0.0,0.541922652721405,0.02527511246175802
0.22458188044721134,0.5468321524052845,0.0,0.0,904.0,0.0,0.0,0.541922652721405,0.02527511246175802
0.23581097446956995,0.5468321524052845,0.0,0.0,904.0,0.0,0.0,0.541922652721405,0.02527511246175802
0.24704006849192853,0.5468321524052845,0.0,0.0,904.0,0.0,0.0,0.541922652721405,0.02527511246175802
0.2582691625142871,0.5468321524052845,0.0,0.0,904.0,0.0,0.0,0.541922652721405,0.02527511246175802
0.2694982565366457,0.5468321524052845,0.0,0.0,904.0,0.0,0.0,0.541922652721405,0.02527511246175802
0.2807273505590043,0.5468321524052845,0.0,0.0,904.0,0.0,0.0,0.541922652721405,0.02527511246175802
0.2919564445813629,0.5468321524052845,0.0,0.0,904.0,0.0,0.0,0.541922652721405,0.02527511246175802
0.3031855386037215,0.5468321524052845,0.0,0.0,904.0,0.0,0.0,0.541922652721405,0.02527511246175802
0.31441463262608005,0.5468321524052845,0.0,0.0,904.0,0.0,0.0,0.541922652721405,0.02527511246175802
0.32564372664843866,0.5468321524052845,0.0,0.0,904.0,0.0,0.0,0.541922652721405,0.02527511246175802
0.33687282067079727,0.5468321524052845,0.0,0.0,904.0,0.0,0.0,0.541922652721405,0.02527511246175802
0.3481019146931558,0.5468321524052845,0.0,0.0,904.0,0.0,0.0,0.541922652721405,0.02527511246175802
0.35933100871551443,0.5468321524052845,0.0,0.0,904.0,0.0,0.0,0.541922652721405,0.02527511246175802
0.37056010273787304,0.5468321524052845,0.0,0.0,904.0,0.0,0.0,0.541922652721405,0.02527511246175802
0.3817891967602316,0.5468321524052845,0.0,0.0,904.0,0.0,0.0,0.541922652721405,0.02527511246175802
0.3930182907825902,0.5468321524052845,0.0,0.0,904.0,0.0,0.0,0.541922652721405,0.02527511246175802
0.4042473848049488,0.5468321524052845,0.0,0.0,904.0,0.0,0.0,0.541922652721405,0.02527511246175802
0.41547647882730737,0.5468321524052845,0.0,0.0,904.0,0.0,0.0,0.541922652721405,0.02527511246175802
0.426705572849666,0.5468321524052845,0.0,0.0,904.0,0.0,0.0,0.541922652721405,0.02527511246175802
0.43793466687202454,0.5468321524052845,0.0,0.0,904.0,0.0,0.0,0.541922652721405,0.02527511246175802
3.9529726605751214e-14,0.5832876291412262,0.3,0.6786471488562298,903.7,-0.11400723457336426,0.2579022823073235,0.5424654126167298,0.024794031092212676
0.01122909402239812,0.5832876291412262,0.0,0.0,904.0,0.0,0.0,0.541922652721405,0.02527511246175802
0.022458188044756713,0.5832876291412262,0.0,0.0,904.0,0.0,0.0,0.541922652721405,0.02527511246175802
0.033687282067115305,0.5832876291412262,0.0,0.0,904.0,0.0,0.0,0.541922652721405,0.02527511246175802
0.044916376089473894,0.5832876291412262,0.0,0.0,904.0,0.0,0.0,0.541922652721405,0.02527511246175802
0.056145470111832484,0.5832876291412262,0.0,0.0,904.0,0.0,0.0,0.541922652721405,0.02527511246175802
0.06737456413419107,0.5832876291412262,0.0,0.0,904.0,0.0,0.0,0.541922652721405,0.02527511246175802
0.07860365815654966,0.5832876291412262,0.0,0.0,904.0,0.0,0.0,0.541922652721405,0.02527511246175802
0.08983275217890825,0.5832876291412262,0.0,0.0,904.0,0.0,0.0,0.541922652721405,0.02527511246175802
0.10106184620126685,0.5832876291412262,0.0,0.0,904.0,0.0,0.0,0.541922652721405,0.02527511246175802
0.11229094022362543,0.5832876291412262,0.0,0.0,904.0,0.0,0.0,0.541922652721405,0.02527511246175802
0.12352003424598403,0.5832876291412262,0.0,0.0,904.0,0.0,0.0,0.541922652721405,0.02527511246175802
0.13474912826834262,0.5832876291412262,0.0,0.0,904.0,0.0,0.0,0.541922652721405,0.02527511246175802
0.1459782222907012,0.5832876291412262,0.0,0.0,904.0,0.0,0.0,0.541922652721405,0.02527511246175802
0.1572073163130598,0.5832876291412262,0.0,0.0,904.0,0.0,0.0,0.541922652721405,0.02527511246175802
0.1684364103354184,0.5832876291412262,0.0,0.0,904.0,0.0,0.0,0.541922652721405,0.02527511246175802
0.17966550435777698,0.5832876291412262,0.0,0.0,904.0,0.0,0.0,0.541922652721405,0.02527511246175802
0.19089459838013556,0.5832876291412262,0.0,0.0,904.0,0.0,0.0,0.541922652721405,0.02527511246175802
0.20212369240249417,0.5832876291412262,0.0,0.0,904.0,0.0,0.0,0.541922652721405,0.02527511246175802
0.21335278642485275,0.5832876291412262,0.0,0.0,904.0,0.0,0.0,0.541922652721405,0.02527511246175802
0.22458188044721134,0.5832876291412262,0.0,0.0,904.0,0.0,0.0,0.541922652721405,0.02527511246175802
0.23581097446956995,0.5832876291412262,0.0,0.0,904.0,0.0,0.0,0.541922652721405,0.02527511246175802
0.24704006849192853,0.5832876291412262,0.0,0.0,904.0,0.0,0.0,0.541922652721405,0.02527511246175802
0.2582691625142871,0.5832876291412262,0.0,0.0,904.0,0.0,0.0,0.541922652721405,0.02527511246175802
0.2694982565366457,0.5832876291412262,0.0,0.0,904.0,0.0,0.0,0.541922652721405,0.02527511246175802
0.2807273505590043,0.5832876291412262,0.0,0.0,904.0,0.0,0.0,0.541922652721405,0.02527511246175802
0.2919564445813629,0.5832876291412262,0.0,0.0,904.0,0.0,0.0,0.541922652721405,0.02527511246175802
0.3031855386037215,0.5832876291412262,0.0,0.0,904.0,0.0,0.0,0.541922652721405,0.02527511246175802
0.31441463262608005,0.5832876291412262,0.0,0.0,904.0,0.0,0.0,0.541922652721405,0.02527511246175802
0.32564372664843866,0.5832876291412262,0.0,0.0,904.0,0.0,0.0,0.541922652721405,0.02527511246175802
0.33687282067079727,0.5832876291412262,0.0,0.0,904.0,0.0,0.0,0.541922652721405,0.02527511246175802
0.3481019146931558,0.5832876291412262,0.0,0.0,904.0,0.0,0.0,0.541922652721405,0.02527511246175802
0.35933100871551443,0.5832876291412262,0.0,0.0,904.0,0.0,0.0,0.541922652721405,0.02527511246175802
0.37056010273787304,0.5832876291412262,0.0,0.0,904.0,0.0,0.0,0.541922652721405,0.02527511246175802
0.3817891967602316,0.5832876291412262,0.0,0.0,904.0,0.0,0.0,0.541922652721405,0.02527511246175802
0.3930182907825902,0.5832876291412262,0.0,0.0,904.0,0.0,0.0,0.541922652721405,0.02527511246175802
0.4042473848049488,0.5832876291412262,0.0,0.0,904.0,0.0,0.0,0.541922652721405,0.02527511246175802
0.41547647882730737,0.5832876291412262,0.0,0.0,904.0,0.0,0.0,0.541922652721405,0.02527511246175802
0.426705572849666,0.5832876291412262,0.0,0.0,904.0,0.0,0.0,0.541922652721405,0.02527511246175802
0.43793466687202454,0.5832876291412262,0.0,0.0,904.0,0.0,0.0,0.541922652721405,0.02527511246175802
3.9529726605751214e-14,0.619743105877168,0.3,0.6786471488562298,903.7,-0.11400723457336426,0.2579022823073235,0.5424654126167298,0.024794031092212676
0.01122909402239812,0.619743105877168,0.0,0.0,904.0,0.0,0.0,0.541922652721405,0.02527511246175802
0.022458188044756713,0.619743105877168,0.0,0.0,904.0,0.0,0.0,0.541922652721405,0.02527511246175802
0.033687282067115305,0.619743105877168,0.0,0.0,904.0,0.0,0.0,0.541922652721405,0.02527511246175802
0.044916376089473894,0.619743105877168,0.0,0.0,904.0,0.0,0.0,0.541922652721405,0.02527511246175802
0.056145470111832484,0.619743105877168,0.0,0.0,904.0,0.0,0.0,0.541922652721405,0.02527511246175802
0.06737456413419107,0.619743105877168,0.0,0.0,904.0,0.0,0.0,0.541922652721405,0.02527511246175802
0.07860365815654966,0.619743105877168,0.0,0.0,904.0,0.0,0.0,0.541922652721405,0.02527511246175802
0.08983275217890825,0.619743105877168,0.0,0.0,904.0,0.0,0.0,0.541922652721405,0.02527511246175802
0.10106184620126685,0.619743105877168,0.0,0.0,904.0,0.0,0.0,0.541922652721405,0.02527511246175802
0.11229094022362543,0.619743105877168,0.0,0.0,904.0,0.0,0.0,0.541922652721405,0.02527511246175802
0.12352003424598403,0.619743105877168,0.0,0.0,904.0,0.0,0.0,0.541922652721405,0.02527511246175802
0.13474912826834262,0.619743105877168,0.0,0.0,904.0,0.0,0.0,0.541922652721405,0.02527511246175802
0.1459782222907012,0.619743105877168,0.0,0.0,904.0,0.0,0.0,0.541922652721405,0.02527511246175802
0.1572073163130598,0.619743105877168,0.0,0.0,904.0,0.0,0.0,0.541922652721405,0.02527511246175802
0.1684364103354184,0.619743105877168,0.0,0.0,904.0,0.0,0.0,0.541922652721405,0.02527511246175802
0.17966550435777698,0.619743105877168,0.0,0.0,904.0,0.0,0.0,0.541922652721405,0.02527511246175802
0.19089459838013556,0.619743105877168,0.0,0.0,904.0,0.0,0.0,0.541922652721405,0.02527511246175802
0.20212369240249417,0.619743105877168,0.0,0.0,904.0,0.0,0.0,0.541922652721405,0.02527511246175802
0.21335278642485275,0.619743105877168,0.0,0.0,904.0,0.0,0.0,0.541922652721405,0.02527511246175802
0.22458188044721134,0.619743105877168,0.0,0.0,904.0,0.0,0.0,0.541922652721405,0.02527511246175802
0.23581097446956995,0.619743105877168,0.0,0.0,904.0,0.0,0.0,0.541922652721405,0.02527511246175802
0.24704006849192853,0.619743105877168,0.0,0.0,904.0,0.0,0.0,0.541922652721405,0.02527511246175802
0.2582691625142871,0.619743105877168,0.0,0.0,904.0,0.0,0.0,0.541922652721405,0.02527511246175802
0.2694982565366457,0.619743105877168,0.0,0.0,904.0,0.0,0.0,0.541922652721405,0.02527511246175802
0.2807273505590043,0.619743105877168,0.0,0.0,904.0,0.0,0.0,0.541922652721405,0.02527511246175802
0.2919564445813629,0.619743105877168,0.0,0.0,904.0,0.0,0.0,0.541922652721405,0.02527511246175802
0.3031855386037215,0.619743105877168,0.0,0.0,904.0,0.0,0.0,0.541922652721405,0.02527511246175802
0.31441463262608005,0.619743105877168,0.0,0.0,904.0,0.0,0.0,0.541922652721405,0.02527511246175802
0.32564372664843866,0.619743105877168,0.0,0.0,904.0,0.0,0.0,0.541922652721405,0.02527511246175802
0.33687282067079727,0.619743105877168,0.0,0.0,904.0,0.0,0.0,0.541922652721405,0.02527511246175802
0.3481019146931558,0.619743105877168,0.0,0.0,904.0,0.0,0.0,0.541922652721405,0.02527511246175802
0.35933100871551443,0.619743105877168,0.0,0.0,904.0,0.0,0.0,0.541922652721405,0.02527511246175802
0.37056010273787304,0.619743105877168,0.0,0.0,904.0,0.0,0.0,0.541922652721405,0.02527511246175802
0.3817891967602316,0.619743105877168,0.0,0.0,904.0,0.0,0.0,0.541922652721405,0.02527511246175802
0.3930182907825902,0.619743105877168,0.0,0.0,904.0,0.0,0.0,0.541922652721405,0.02527511246175802
0.4042473848049488,0.619743105877168,0.0,0.0,904.0,0.0,0.0,0.541922652721405,0.02527511246175802
0.41547647882730737,0.619743105877168,0.0,0.0,904.0,0.0,0.0,0.541922652721405,0.02527511246175802
0.426705572849666,0.619743105877168,0.0,0.0,904.0,0.0,0.0,0.541922652721405,0.02527511246175802
0.43793466687202454,0.619743105877168,0.0,0.0,904.0,0.0,0.0,0.541922652721405,0.02527511246175802
3.9529726605751214e-14,0.6561985826131098,0.3,0.6786471488562298,903.7,-0.11400723457336426,0.2579022823073235,0.5424654126167298,0.024794031092212676
0.01122909402239812,0.6561985826131098,0.0,0.0,904.0,0.0,0.0,0.541922652721405,0.02527511246175802
0.022458188044756713,0.6561985826131098,0.0,0.0,904.0,0.0,0.0,0.541922652721405,0.02527511246175802
0.033687282067115305,0.6561985826131098,0.0,0.0,904.0,0.0,0.0,0.541922652721405,0.02527511246175802
0.044916376089473894,0.6561985826131098,0.0,0.0,904.0,0.0,0.0,0.541922652721405,0.02527511246175802
0.056145470111832484,0.6561985826131098,0.0,0.0,904.0,0.0,0.0,0.541922652721405,0.02527511246175802
0.06737456413419107,0.6561985826131098,0.0,0.0,904.0,0.0,0.0,0.541922652721405,0.02527511246175802
0.07860365815654966,0.6561985826131098,0.0,0.0,904.0,0.0,0.0,0.541922652721405,0.02527511246175802
0.08983275217890825,0.6561985826131098,0.0,0.0,904.0,0.0,0.0,0.541922652721405,0.02527511246175802
0.10106184620126685,0.6561985826131098,0.0,0.0,904.0,0.0,0.0,0.541922652721405,0.02527511246175802
0.11229094022362543,0.6561985826131098,0.0,0.0,904.0,0.0,0.0,0.541922652721405,0.02527511246175802
0.12352003424598403,0.6561985826131098,0.0,0.0,904.0,0.0,0.0,0.541922652721405,0.02527511246175802
0.13474912826834262,0.6561985826131098,0.0,0.0,904.0,0.0,0.0,0.541922652721405,0.02527511246175802
0.1459782222907012,0.6561985826131098,0.0,0.0,904.0,0.0,0.0,0.541922652721405,0.02527511246175802
0.1572073163130598,0.6561985826131098,0.0,0.0,904.0,0.0,0.0,0.541922652721405,0.02527511246175802
0.1684364103354184,0.6561985826131098,0.0,0.0,904.0,0.0,0.0,0.541922652721405,0.02527511246175802
0.17966550435777698,0.6561985826131098,0.0,0.0,904.0,0.0,0.0,0.541922652721405,0.02527511246175802
0.19089459838013556,0.6561985826131098,0.0,0.0,904.0,0.0,0.0,0.541922652721405,0.02527511246175802
0.20212369240249417,0.6561985826131098,0.0,0.0,904.0,0.0,0.0,0.541922652721405,0.02527511246175802
0.21335278642485275,0.6561985826131098,0.0,0.0,904.0,0.0,0.0,0.541922652721405,0.02527511246175802
0.22458188044721134,0.6561985826131098,0.0,0.0,904.0,0.0,0.0,0.541922652721405,0.02527511246175802
0.23581097446956995,0.6561985826131098,0.0,0.0,904.0,0.0,0.0,0.541922652721405,0.02527511246175802
0.24704006849192853,0.6561985826131098,0.0,0.0,904.0,0.0,0.0,0.541922652721405,0.02527511246175802
0.2582691625142871,0.6561985826131098,0.0,0.0,904.0,0.0,0.0,0.541922652721405,0.02527511246175802
0.2694982565366457,0.6561985826131098,0.0,0.0,904.0,0.0,0.0,0.541922652721405,0.02527511246175802
0.2807273505590043,0.6561985826131098,0.0,0.0,904.0,0.0,0.0,0.541922652721405,0.02527511246175802
0.2919564445813629,0.6561985826131098,0.0,0.0,904.0,0.0,0.0,0.541922652721405,0.02527511246175802
0.3031855386037215,0.6561985826131098,0.0,0.0,904.0,0.0,0.0,0.541922652721405,0.02527511246175802
0.31441463262608005,0.6561985826131098,0.0,0.0,904.0,0.0,0.0,0.541922652721405,0.02527511246175802
0.32564372664843866,0.6561985826131098,0.0,0.0,904.0,0.0,0.0,0.541922652721405,0.02527511246175802
0.33687282067079727,0.6561985826131098,0.0,0.0,904.0,0.0,0.0,0.541922652721405,0.02527511246175802
0.3481019146931558,0.6561985826131098,0.0,0.0,904.0,0.0,0.0,0.541922652721405,0.02527511246175802
0.35933100871551443,0.6561985826131098,0.0,0.0,904.0,0.0,0.0,0.541922652721405,0.02527511246175802
0.37056010273787304,0.6561985826131098,0.0,0.0,904.0,0.0,0.0,0.541922652721405,0.02527511246175802
0.3817891967602316,0.6561985826131098,0.0,0.0,904.0,0.0,0.0,0.541922652721405,0.02527511246175802
0.3930182907825902,0.6561985826131098,0.0,0.0,904.0,0.0,0.0,0.541922652721405,0.02527511246175802
0.4042473848049488,0.6561985826131098,0.0,0.0,904.0,0.0,0.0,0.541922652721405,0.02527511246175802
0.41547647882730737,0.6561985826131098,0.0,0.0,904.0,0.0,0.0,0.541922652721405,0.02527511246175802
0.426705572849666,0.6561985826131098,0.0,0.0,904.0,0.0,0.0,0.541922652721405,0.02527511246175802
0.43793466687202454,0.6561985826131098,0.0,0.0,904.0,0.0,0.0,0.541922652721405,0.02527511246175802
3.9529726605751214e-14,0.6926540593490516,0.3,0.6786471488562298,903.7,-0.11400723457336426,0.2579022823073235,0.5424654126167298,0.024794031092212676
0.01122909402239812,0.6926540593490516,0.0,0.0,904.0,0.0,0.0,0.541922652721405,0.02527511246175802
0.022458188044756713,0.6926540593490516,0.0,0.0,904.0,0.0,0.0,0.541922652721405,0.02527511246175802
0.033687282067115305,0.6926540593490516,0.0,0.0,904.0,0.0,0.0,0.541922652721405,0.02527511246175802
0.044916376089473894,0.6926540593490516,0.0,0.0,904.0,0.0,0.0,0.541922652721405,0.02527511246175802
0.056145470111832484,0.6926540593490516,0.0,0.0,904.0,0.0,0.0,0.541922652721405,0.02527511246175802
0.06737456413419107,0.6926540593490516,0.0,0.0,904.0,0.0,0.0,0.541922652721405,0.02527511246175802
0.07860365815654966,0.6926540593490516,0.0,0.0,904.0,0.0,0.0,0.541922652721405,0.02527511246175802
0.08983275217890825,0.6926540593490516,0.0,0.0,904.0,0.0,0.0,0.541922652721405,0.02527511246175802
0.10106184620126685,0.6926540593490516,0.0,0.0,904.0,0.0,0.0,0.541922652721405,0.02527511246175802
0.11229094022362543,0.6926540593490516,0.0,0.0,904.0,0.0,0.0,0.541922652721405,0.02527511246175802
0.12352003424598403,0.6926540593490516,0.0,0.0,904.0,0.0,0.0,0.541922652721405,0.02527511246175802
0.13474912826834262,0.6926540593490516,0.0,0.0,904.0,0.0,0.0,0.541922652721405,0.02527511246175802
0.1459782222907012,0.6926540593490516,0.0,0.0,904.0,0.0,0.0,0.541922652721405,0.02527511246175802
0.1572073163130598,0.6926540593490516,0.0,0.0,904.0,0.0,0.0,0.541922652721405,0.02527511246175802
0.1684364103354184,0.6926540593490516,0.0,0.0,904.0,0.0,0.0,0.541922652721405,0.02527511246175802
0.17966550435777698,0.6926540593490516,0.0,0.0,904.0,0.0,0.0,0.541922652721405,0.02527511246175802
0.19089459838013556,0.6926540593490516,0.0,0.0,904.0,0.0,0.0,0.541922652721405,0.02527511246175802
0.20212369240249417,0.6926540593490516,0.0,0.0,904.0,0.0,0.0,0.541922652721405,0.02527511246175802
0.21335278642485275,0.6926540593490516,0.0,0.0,904.0,0.0,0.0,0.541922652721405,0.02527511246175802
0.22458188044721134,0.6926540593490516,0.0,0.0,904.0,0.0,0.0,0.541922652721405,0.02527511246175802
0.23581097446956995,0.6926540593490516,0.0,0.0,904.0,0.0,0.0,0.541922652721405,0.02527511246175802
0.24704006849192853,0.6926540593490516,0.0,0.0,904.0,0.0,0.0,0.541922652721405,0.02527511246175802
0.2582691625142871,0.6926540593490516,0.0,0.0,904.0,0.0,0.0,0.541922652721405,0.02527511246175802
0.2694982565366457,0.6926540593490516,0.0,0.0,904.0,0.0,0.0,0.541922652721405,0.02527511246175802
0.2807273505590043,0.6926540593490516,0.0,0.0,904.0,0.0,0.0,0.541922652721405,0.02527511246175802
0.2919564445813629,0.6926540593490516,0.0,0.0,904.0,0.0,0.0,0.541922652721405,0.02527511246175802
0.3031855386037215,0.6926540593490516,0.0,0.0,904.0,0.0,0.0,0.541922652721405,0.02527511246175802
0.31441463262608005,0.6926540593490516,0.0,0.0,904.0,0.0,0.0,0.541922652721405,0.02527511246175802
0.32564372664843866,0.6926540593490516,0.0,0.0,904.0,0.0,0.0,0.541922652721405,0.02527511246175802
0.33687282067079727,0.6926540593490516,0.0,0.0,904.0,0.0,0.0,0.541922652721405,0.02527511246175802
0.3481019146931558,0.6926540593490516,0.0,0.0,904.0,0.0,0.0,0.541922652721405,0.02527511246175802
0.35933100871551443,0.6926540593490516,0.0,0.0,904.0,0.0,0.0,0.541922652721405,0.02527511246175802
0.37056010273787304,0.6926540593490516,0.0,0.0,904.0,0.0,0.0,0.541922652721405,0.02527511246175802
0.3817891967602316,0.6926540593490516,0.0,0.0,904.0,0.0,0.0,0.541922652721405,0.02527511246175802
0.3930182907825902,0.6926540593490516,0.0,0.0,904.0,0.0,0.0,0.541922652721405,0.02527511246175802
0.4042473848049488,0.6926540593490516,0.0,0.0,904.0,0.0,0.0,0.541922652721405,0.02527511246175802
0.41547647882730737,0.6926540593490516,0.0,0.0,904.0,0.0,0.0,0.541922652721405,0.02527511246175802
0.426705572849666,0.6926540593490516,0.0,0.0,904.0,0.0,0.0,0.541922652721405,0.02527511246175802
0.43793466687202454,0.6926540593490516,0.0,0.0,904.0,0.0,0.0,0.541922652721405,0.02527511246175802
3.9529726605751214e-14,0.7291095360849934,63.1,38.62993528519727,840.9,-0.0611377477645874,0.14278513245127136,0.5217637598514557,0.017495470754332276
0.01122909402239812,0.7291095360849934,62.8,38.53465929194413,841.2,-0.06337502002716064,0.1427377966694104,0.5211603283882141,0.018212444011403196
0.022458188044756713,0.7291095360849934,62.8,38.53465929194413,841.2,-0.06337502002716064,0.1427377966694104,0.5211603283882141,0.018212444011403196
0.033687282067115305,0.7291095360849934,62.8,38.53465929194413,841.2,-0.06337502002716064,0.1427377966694104,0.5211603283882141,0.018212444011403196
0.044916376089473894,0.7291095360849934,62.8,38.53465929194413,841.2,-0.06337502002716064,0.1427377966694104,0.5211603283882141,0.018212444011403196
0.056145470111832484,0.7291095360849934,62.8,38.53465929194413,841.2,-0.06337502002716064,0.1427377966694104,0.5211603283882141,0.018212444011403196
0.06737456413419107,0.7291095360849934,62.8,38.53465929194413,841.2,-0.06337502002716064,0.1427377966694104,0.5211603283882141,0.018212444011403196
0.07860365815654966,0.7291095360849934,62.8,38.53465929194413,841.2,-0.06337502002716064,0.1427377966694104,0.5211603283882141,0.018212444011403196
0.08983275217890825,0.7291095360849934,62.8,38.53465929194413,841.2,-0.06337502002716064,0.1427377966694104,0.5211603283882141,0.018212444011403196
0.10106184620126685,0.7291095360849934,62.8,38.53465929194413,841.2,-0.06337502002716064,0.1427377966694104,0.5211603283882141,0.018212444011403196
0.11229094022362543,0.7291095360849934,62.8,38.53465929194413,841.2,-0.06337502002716064,0.1427377966694104,0.5211603283882141,0.018212444011403196
0.12352003424598403,0.7291095360849934,62.8,38.53465929194413,841.2,-0.06337502002716064,0.1427377966694104,0.5211603283882141,0.018212444011403196
0.13474912826834262,0.7291095360849934,62.8,38.53465929194413,841.2,-0.06337502002716064,0.1427377966694104,0.5211603283882141,0.018212444011403196
0.1459782222907012,0.7291095360849934,62.8,38.53465929194413,841.2,-0.06337502002716064,0.1427377966694104,0.5211603283882141,0.018212444011403196
0.1572073163130598,0.7291095360849934,62.8,38.53465929194413,841.2,-0.06337502002716064,0.1427377966694104,0.5211603283882141,0.018212444011403196
0.1684364103354184,0.7291095360849934,62.8,38.53465929194413,841.2,-0.06337502002716064,0.1427377966694104,0.5211603283882141,0.018212444011403196
0.17966550435777698,0.7291095360849934,62.6,38.32663662851458,841.4,-0.06223304271697998,0.14299744725921795,0.5212603449821472,0.018128052999047583
0.19089459838013556,0.7291095360849934,62.6,38.32663662851458,841.4,-0.06223304271697998,0.14299744725921795,0.5212603449821472,0.018128052999047583
0.20212369240249417,0.7291095360849934,62.6,38.32663662851458,841.4,-0.06223304271697998,0.14299744725921795,0.5212603449821472,0.018128052999047583
0.21335278642485275,0.7291095360849934,62.6,38.32663662851458,841.4,-0.06223304271697998,0.14299744725921795,0.5212603449821472,0.018128052999047583
0.22458188044721134,0.7291095360849934,62.6,38.32663662851458,841.4,-0.06223304271697998,0.14299744725921795,0.5212603449821472,0.018128052999047583
0.23581097446956995,0.7291095360849934,62.6,38.32663662851458,841.4,-0.06223304271697998,0.14299744725921795,0.5212603449821472,0.018128052999047583
0.24704006849192853,0.7291095360849934,62.6,38.32663662851458,841.4,-0.06223304271697998,0.14299744725921795,0.5212603449821472,0.018128052999047583
0.2582691625142871,0.7291095360849934,62.6,38.32663662851458,841.4,-0.06223304271697998,0.14299744725921795,0.5212603449821472,0.018128052999047583
0.2694982565366457,0.7291095360849934,62.6,38.32663662851458,841.4,-0.06223304271697998,0.14299744725921795,0.5212603449821472,0.018128052999047583
0.2807273505590043,0.7291095360849934,62.6,38.32663662851458,841.4,-0.06223304271697998,0.14299744725921795,0.5212603449821472,0.018128052999047583
0.2919564445813629,0.7291095360849934,62.6,38.32663662851458,841.4,-0.06223304271697998,0.14299744725921795,0.5212603449821472,0.018128052999047583
0.3031855386037215,0.7291095360849934,55.1,36.980023748242125,848.9,-0.06393755078315735,0.14273064392683746,0.525012630224228,0.02080342030731192
0.31441463262608005,0.7291095360849934,50.9,36.36917472479521,853.1,-0.07167539596557618,0.1424845516804108,0.5255735993385315,0.022315863919107174
0.32564372664843866,0.7291095360849934,38.5,32.11103562148745,865.5,-0.7513470649719238,1.6635802923472216,0.5323093831539154,0.02373598122999939
0.33687282067079727,0.7291095360849934,24.2,23.56169385666267,879.8,-3.606352609395981,6.029054325195502,0.5338254868984222,0.02574179281649804
0.3481019146931558,0.7291095360849934,14.0,16.904906052526186,890.0,-0.017414283752441407,0.1451097413439796,0.5384540557861328,0.02541124442736107
0.35933100871551443,0.7291095360849934,6.5,10.123697414475615,897.5,0.008304339647293092,0.021540016558063695,0.5417112231254577,0.024734593401539946
0.37056010273787304,0.7291095360849934,0.0,0.0,904.0,0.0,0.0,0.541922652721405,0.02527511246175802
0.3817891967602316,0.7291095360849934,0.0,0.0,904.0,0.0,0.0,0.541922652721405,0.02527511246175802
0.3930182907825902,0.7291095360849934,0.0,0.0,904.0,0.0,0.0,0.541922652721405,0.02527511246175802
0.4042473848049488,0.7291095360849934,0.0,0.0,904.0,0.0,0.0,0.541922652721405,0.02527511246175802
0.41547647882730737,0.7291095360849934,0.0,0.0,904.0,0.0,0.0,0.541922652721405,0.02527511246175802
0.426705572849666,0.7291095360849934,0.0,0.0,904.0,0.0,0.0,0.541922652721405,0.02527511246175802
0.43793466687202454,0.7291095360849934,0.0,0.0,904.0,0.0,0.0,0.541922652721405,0.02527511246175802
3.9529726605751214e-14,0.7655650128209351,156.8,62.92502792997871,747.2,-0.162101811170578,0.3468146161442019,0.4900501549243927,0.03126784177456489
0.01122909402239812,0.7655650128209351,156.5,62.77072856377387,747.5,-0.16225284934043885,0.3467758057999471,0.48931225538253786,0.0319890561828636
0.022458188044756713,0.7655650128209351,156.0,63.1128785266911,748.0,-0.15400589108467103,0.34799620520723,0.48928911685943605,0.03200206755782199
0.033687282067115305,0.7655650128209351,156.0,63.1128785266911,748.0,-0.15400589108467103,0.34799620520723,0.48928911685943605,0.03200206755782199
0.044916376089473894,0.7655650128209351,156.0,63.1128785266911,748.0,-0.15400589108467103,0.34799620520723,0.48928911685943605,0.03200206755782199
0.056145470111832484,0.7655650128209351,156.0,63.1128785266911,748.0,-0.15400589108467103,0.34799620520723,0.48928911685943605,0.03200206755782199
0.06737456413419107,0.7655650128209351,156.0,63.1128785266911,748.0,-0.15400589108467103,0.34799620520723,0.48928911685943605,0.03200206755782199
0.07860365815654966,0.7655650128209351,156.0,63.1128785266911,748.0,-0.15400589108467103,0.34799620520723,0.48928911685943605,0.03200206755782199
0.08983275217890825,0.7655650128209351,156.0,63.1128785266911,748.0,-0.15400589108467103,0.34799620520723,0.48928911685943605,0.03200206755782199
0.10106184620126685,0.7655650128209351,156.0,63.1128785266911,748.0,-0.15400589108467103,0.34799620520723,0.48928911685943605,0.03200206755782199
0.11229094022362543,0.7655650128209351,156.0,63.1128785266911,748.0,-0.15400589108467103,0.34799620520723,0.48928911685943605,0.03200206755782199
0.12352003424598403,0.7655650128209351,156.0,63.1128785266911,748.0,-0.15400589108467103,0.34799620520723,0.48928911685943605,0.03200206755782199
0.13474912826834262,0.7655650128209351,156.0,63.1128785266911,748.0,-0.15400589108467103,0.34799620520723,0.48928911685943605,0.03200206755782199
0.1459782222907012,0.7655650128209351,156.0,63.1128785266911,748.0,-0.15400589108467103,0.34799620520723,0.48928911685943605,0.03200206755782199
0.1572073163130598,0.7655650128209351,156.0,63.1128785266911,748.0,-0.15400589108467103,0.34799620520723,0.48928911685943605,0.03200206755782199
0.1684364103354184,0.7655650128209351,156.0,63.1128785266911,748.0,-0.15400589108467103,0.34799620520723,0.48928911685943605,0.03200206755782199
0.17966550435777698,0.7655650128209351,155.8,62.94851732968472,748.2,-0.15326672196388244,0.3481503621406856,0.4895159065723419,0.03171480333485151
0.19089459838013556,0.7655650128209351,155.8,62.94851732968472,748.2,-0.15326672196388244,0.3481503621406856,0.4895159065723419,0.03171480333485151
0.20212369240249417,0.7655650128209351,155.8,62.94851732968472,748.2,-0.15326672196388244,0.3481503621406856,0.4895159065723419,0.03171480333485151
0.21335278642485275,0.7655650128209351,155.8,62.94851732968472,748.2,-0.15326672196388244,0.3481503621406856,0.4895159065723419,0.03171480333485151
0.22458188044721134,0.7655650128209351,155.8,62.94851732968472,748.2,-0.15326672196388244,0.3481503621406856,0.4895159065723419,0.03171480333485151
0.23581097446956995,0.7655650128209351,155.8,62.94851732968472,748.2,-0.15326672196388244,0.3481503621406856,0.4895159065723419,0.03171480333485151
0.24704006849192853,0.7655650128209351,155.8,62.94851732968472,748.2,-0.15326672196388244,0.3481503621406856,0.4895159065723419,0.03171480333485151
0.2582691625142871,0.7655650128209351,155.8,62.94851732968472,748.2,-0.15326672196388244,0.3481503621406856,0.4895159065723419,0.03171480333485151
0.2694982565366457,0.7655650128209351,155.8,62.94851732968472,748.2,-0.15326672196388244,0.3481503621406856,0.4895159065723419,0.03171480333485151
0.2807273505590043,0.7655650128209351,155.8,62.94851732968472,748.2,-0.15326672196388244,0.3481503621406856,0.4895159065723419,0.03171480333485151
0.2919564445813629,0.7655650128209351,155.8,62.94851732968472,748.2,-0.15326672196388244,0.3481503621406856,0.4895159065723419,0.03171480333485151
0.3031855386037215,0.7655650128209351,148.3,62.60637732298829,755.7,-0.15595313906669617,0.34767155436103553,0.4952670276165009,0.03362431978255116
0.31441463262608005,0.7655650128209351,144.0,62.182581646744225,760.0,-0.15655823349952697,0.34763719935141385,0.49690768122673035,0.034386610105337743
0.32564372664843866,0.7655650128209351,128.3,60.164733821260654,775.7,-31.669351708889007,71.62523191268406,0.5099601686000824,0.03246370095249263
0.33687282067079727,0.7655650128209351,111.2,54.230785086759745,792.8,-0.0006815850734710694,0.036236104049385175,0.5147855639457702,0.033061600581407294
0.3481019146931558,0.7655650128209351,91.5,50.01163994656688,812.5,-0.004834192991256714,0.029818349233850898,0.526439779996872,0.030960921213206736
0.35933100871551443,0.7655650128209351,53.1,43.866734362440766,850.9,-0.009937047958374023,0.03550031194219732,0.5396838366985321,0.03125116288402408
0.37056010273787304,0.7655650128209351,13.4,22.188111628379364,890.6,-0.040848976373672484,0.07989865632165817,0.5424269676208496,0.025547258633853556
0.3817891967602316,0.7655650128209351,3.6,8.143765786274757,900.4,-0.060745084285736085,0.13741492752515388,0.5404594719409943,0.02513710456630408
0.3930182907825902,0.7655650128209351,0.0,0.0,904.0,0.0,0.0,0.541922652721405,0.02527511246175802
0.4042473848049488,0.7655650128209351,0.0,0.0,904.0,0.0,0.0,0.541922652721405,0.02527511246175802
0.41547647882730737,0.7655650128209351,0.0,0.0,904.0,0.0,0.0,0.541922652721405,0.02527511246175802
0.426705572849666,0.7655650128209351,0.0,0.0,904.0,0.0,0.0,0.541922652721405,0.02527511246175802
0.43793466687202454,0.7655650128209351,0.0,0.0,904.0,0.0,0.0,0.541922652721405,0.02527511246175802
3.9529726605751214e-14,0.802020489556877,251.9,42.40758717376431,652.1,0.016601061820983885,0.0424100628289,0.49359115958213806,0.028837289764299185
0.01122909402239812,0.802020489556877,251.6,42.178700667979236,652.4,0.017077040672302247,0.042411286297075045,0.4926852822303772,0.029420020153905053
0.022458188044756713,0.802020489556877,251.1,42.25849785342318,652.9,0.0185585618019104,0.042649891183901265,0.4927814185619354,0.029334344809361073
0.033687282067115305,0.802020489556877,251.1,42.25849785342318,652.9,0.0185585618019104,0.042649891183901265,0.4927814185619354,0.029334344809361073
0.044916376089473894,0.802020489556877,251.1,42.25849785342318,652.9,0.0185585618019104,0.042649891183901265,0.4927814185619354,0.029334344809361073
0.056145470111832484,0.802020489556877,251.1,42.25849785342318,652.9,0.0185585618019104,0.042649891183901265,0.4927814185619354,0.029334344809361073
0.06737456413419107,0.802020489556877,251.1,42.25849785342318,652.9,0.0185585618019104,0.042649891183901265,0.4927814185619354,0.029334344809361073
0.07860365815654966,0.802020489556877,251.1,42.25849785342318,652.9,0.0185585618019104,0.042649891183901265,0.4927814185619354,0.029334344809361073
0.08983275217890825,0.802020489556877,251.1,42.25849785342318,652.9,0.0185585618019104,0.042649891183901265,0.4927814185619354,0.029334344809361073
0.10106184620126685,0.802020489556877,251.1,42.25849785342318,652.9,0.0185585618019104,0.042649891183901265,0.4927814185619354,0.029334344809361073
0.11229094022362543,0.802020489556877,251.1,42.25849785342318,652.9,0.0185585618019104,0.042649891183901265,0.4927814185619354,0.029334344809361073
0.12352003424598403,0.802020489556877,251.1,42.25849785342318,652.9,0.0185585618019104,0.042649891183901265,0.4927814185619354,0.029334344809361073
0.13474912826834262,0.802020489556877,251.1,42.25849785342318,652.9,0.0185585618019104,0.042649891183901265,0.4927814185619354,0.029334344809361073
0.1459782222907012,0.802020489556877,251.1,42.25849785342318,652.9,0.0185585618019104,0.042649891183901265,0.4927814185619354,0.029334344809361073
0.1572073163130598,0.802020489556877,251.1,42.25849785342318,652.9,0.0185585618019104,0.042649891183901265,0.4927814185619354,0.029334344809361073
0.1684364103354184,0.802020489556877,251.1,42.25849785342318,652.9,0.0185585618019104,0.042649891183901265,0.4927814185619354,0.029334344809361073
0.17966550435777698,0.802020489556877,250.9,42.05348205236147,653.1,0.018685781955718996,0.042712475701728425,0.49300132393836976,0.02945783068047491
0.19089459838013556,0.802020489556877,250.9,42.05348205236147,653.1,0.018685781955718996,0.042712475701728425,0.49300132393836976,0.02945783068047491
0.20212369240249417,0.802020489556877,250.9,42.05348205236147,653.1,0.018685781955718996,0.042712475701728425,0.49300132393836976,0.02945783068047491
0.21335278642485275,0.802020489556877,250.9,42.05348205236147,653.1,0.018685781955718996,0.042712475701728425,0.49300132393836976,0.02945783068047491
0.22458188044721134,0.802020489556877,250.9,42.05348205236147,653.1,0.018685781955718996,0.042712475701728425,0.49300132393836976,0.02945783068047491
0.23581097446956995,0.802020489556877,250.9,42.05348205236147,653.1,0.018685781955718996,0.042712475701728425,0.49300132393836976,0.02945783068047491
0.24704006849192853,0.802020489556877,250.9,42.05348205236147,653.1,0.018685781955718996,0.042712475701728425,0.49300132393836976,0.02945783068047491
0.2582691625142871,0.802020489556877,250.9,42.05348205236147,653.1,0.018685781955718996,0.042712475701728425,0.49300132393836976,0.02945783068047491
0.2694982565366457,0.802020489556877,250.9,42.05348205236147,653.1,0.018685781955718996,0.042712475701728425,0.49300132393836976,0.02945783068047491
0.2807273505590043,0.802020489556877,250.9,42.05348205236147,653.1,0.018685781955718996,0.042712475701728425,0.49300132393836976,0.02945783068047491
0.2919564445813629,0.802020489556877,249.9,41.473498266356486,654.1,0.01850095987319946,0.042648911915368654,0.49345712661743163,0.02956507643515102
0.3031855386037215,0.802020489556877,242.1,41.600804385376286,661.9,0.015773218870162965,0.042201952825462796,0.5015124261379242,0.03142798578196496
0.31441463262608005,0.802020489556877,237.2,41.898179785084345,666.8,0.016818857192993163,0.04222546744457744,0.5034028470516205,0.03305074567108738
0.32564372664843866,0.802020489556877,217.6,42.12609344590911,686.4,0.02147747278213501,0.018326326433564244,0.5191083550453186,0.03506369019913954
0.33687282067079727,0.802020489556877,186.7,38.793851840357,717.3,0.03229703903198242,0.025049485576001878,0.5151547729969025,0.03342334430769638
0.3481019146931558,0.802020489556877,155.0,39.88359789631602,749.0,-0.00318753719329834,0.0287015707135985,0.5227654218673706,0.03460356111992319
0.35933100871551443,0.802020489556877,108.4,50.69475751585148,795.6,0.0018298923969268799,0.023784128248846792,0.5365340769290924,0.03653587670508521
0.37056010273787304,0.802020489556877,53.7,52.66293453570325,850.3,-0.03757156133651733,0.0752937604327328,0.5392811536788941,0.03211947051203677
0.3817891967602316,0.802020489556877,31.0,32.66709509799955,873.0,-0.1562436640262604,0.33033030874293196,0.5365547955036163,0.026641799748717006
0.3930182907825902,0.802020489556877,16.0,23.579062623433693,888.0,-0.0352992832660675,0.06868169462762151,0.539852523803711,0.025934431195747863
0.4042473848049488,0.802020489556877,6.7,15.156452991122464,897.3,-0.10278193950653076,0.23250890066673527,0.5379238665103913,0.027598769855319883
0.41547647882730737,0.802020489556877,0.5,1.1310785814270496,903.5,-0.1886680841445923,0.4267968579496493,0.5416918158531189,0.025327310962472285
0.426705572849666,0.802020489556877,0.0,0.0,904.0,0.0,0.0,0.541922652721405,0.02527511246175802
0.43793466687202454,0.802020489556877,0.0,0.0,904.0,0.0,0.0,0.541922652721405,0.02527511246175802
3.9529726605751214e-14,0.8384759662928187,317.5,42.23265603789566,586.5,0.02642059326171875,0.028782832772523605,0.49559168219566346,0.040929897173932556
0.01122909402239812,0.8384759662928187,317.2,42.074231298840566,586.8,0.02692859172821045,0.028754706814365694,0.49460467100143435,0.04180058521276281
0.022458188044756713,0.8384759662928187,316.7,41.81293582149168,587.3,0.027821838855743408,0.027708216689195354,0.49489691853523254,0.041617193200848175
0.033687282067115305,0.8384759662928187,316.7,41.81293582149168,587.3,0.027821838855743408,0.027708216689195354,0.49489691853523254,0.041617193200848175
0.044916376089473894,0.8384759662928187,316.7,41.81293582149168,587.3,0.027821838855743408,0.027708216689195354,0.49489691853523254,0.041617193200848175
0.056145470111832484,0.8384759662928187,316.7,41.81293582149168,587.3,0.027821838855743408,0.027708216689195354,0.49489691853523254,0.041617193200848175
0.06737456413419107,0.8384759662928187,316.7,41.81293582149168,587.3,0.027821838855743408,0.027708216689195354,0.49489691853523254,0.041617193200848175
0.07860365815654966,0.8384759662928187,316.7,41.81293582149168,587.3,0.027821838855743408,0.027708216689195354,0.49489691853523254,0.041617193200848175
0.08983275217890825,0.8384759662928187,316.7,41.81293582149168,587.3,0.027821838855743408,0.027708216689195354,0.49489691853523254,0.041617193200848175
0.10106184620126685,0.8384759662928187,316.7,41.81293582149168,587.3,0.027821838855743408,0.027708216689195354,0.49489691853523254,0.041617193200848175
0.11229094022362543,0.8384759662928187,316.7,41.81293582149168,587.3,0.027821838855743408,0.027708216689195354,0.49489691853523254,0.041617193200848175
0.12352003424598403,0.8384759662928187,316.7,41.81293582149168,587.3,0.027821838855743408,0.027708216689195354,0.49489691853523254,0.041617193200848175
0.13474912826834262,0.8384759662928187,316.7,41.81293582149168,587.3,0.027821838855743408,0.027708216689195354,0.49489691853523254,0.041617193200848175
0.1459782222907012,0.8384759662928187,316.7,41.81293582149168,587.3,0.027821838855743408,0.027708216689195354,0.49489691853523254,0.041617193200848175
0.1572073163130598,0.8384759662928187,316.7,41.81293582149168,587.3,0.027821838855743408,0.027708216689195354,0.49489691853523254,0.041617193200848175
0.1684364103354184,0.8384759662928187,316.7,41.81293582149168,587.3,0.027821838855743408,0.027708216689195354,0.49489691853523254,0.041617193200848175
0.17966550435777698,0.8384759662928187,316.5,41.58549353684542,587.5,0.02791590690612793,0.027754571233047545,0.4952578008174896,0.041611816010892894
0.19089459838013556,0.8384759662928187,316.5,41.58549353684542,587.5,0.02791590690612793,0.027754571233047545,0.4952578008174896,0.041611816010892894
0.20212369240249417,0.8384759662928187,316.5,41.58549353684542,587.5,0.02791590690612793,0.027754571233047545,0.4952578008174896,0.041611816010892894
0.21335278642485275,0.8384759662928187,316.5,41.58549353684542,587.5,0.02791590690612793,0.027754571233047545,0.4952578008174896,0.041611816010892894
0.22458188044721134,0.8384759662928187,316.5,41.58549353684542,587.5,0.02791590690612793,0.027754571233047545,0.4952578008174896,0.041611816010892894
0.23581097446956995,0.8384759662928187,316.5,41.58549353684542,587.5,0.02791590690612793,0.027754571233047545,0.4952578008174896,0.041611816010892894
0.24704006849192853,0.8384759662928187,316.4,41.55807029615175,587.6,0.027883607149124145,0.02773276839326126,0.495360004901886,0.04157298926135375
0.2582691625142871,0.8384759662928187,315.3,41.33699783226182,588.7,0.028189140558242797,0.02794597195653358,0.4969600200653076,0.041130137021740315
0.2694982565366457,0.8384759662928187,314.5,40.83769795603418,589.5,0.028198325634002687,0.027972410945732173,0.49817669987678526,0.041043232007930315
0.2807273505590043,0.8384759662928187,308.7,39.03639705096022,595.3,0.026013165712356567,0.026596295913580367,0.5012761116027832,0.04180530472688309
0.2919564445813629,0.8384759662928187,304.2,37.9458461822508,599.8,0.026943594217300415,0.0273778373994085,0.5002447545528412,0.04207540446278493
0.3031855386037215,0.8384759662928187,290.8,40.301684115530065,613.2,0.023881053924560545,0.026348343114175093,0.5082901895046235,0.04206822048236057
0.31441463262608005,0.8384759662928187,282.3,44.075700495065384,621.7,0.02286147475242615,0.02577207268788194,0.5087770342826843,0.04110941082129633
0.32564372664843866,0.8384759662928187,260.5,50.32219327815884,643.5,0.01913497447967529,0.021755375725612595,0.5271528780460357,0.039263978228074314
0.33687282067079727,0.8384759662928187,226.5,57.086546852178046,677.5,0.029184919595718384,0.028479019899193856,0.5248068034648895,0.038725829388974564
0.3481019146931558,0.8384759662928187,190.1,60.231229552693186,713.9,-0.007283473014831543,0.03170660587016626,0.5359873533248901,0.0424499394877988
0.35933100871551443,0.8384759662928187,140.7,72.75964763121496,763.3,-0.00530775785446167,0.033988755094652906,0.5496363282203675,0.04277564131499834
0.37056010273787304,0.8384759662928187,82.0,81.66564902934374,822.0,-0.041138142347335815,0.07866363167666493,0.5455263257026672,0.028761423053139414
0.3817891967602316,0.8384759662928187,59.3,66.09822971982634,844.7,-0.16339038610458373,0.3293780701312384,0.5441388010978698,0.02187311497929881
0.3930182907825902,0.8384759662928187,42.2,54.601724298401656,861.8,-0.02565993070602417,0.04954407132666263,0.5432927787303925,0.025489516840947298
0.4042473848049488,0.8384759662928187,22.8,41.14363012596999,881.2,-0.006918013095855713,0.036302518161799524,0.5421197056770325,0.025403695205046078
0.41547647882730737,0.8384759662928187,11.9,26.919670237963782,892.1,-0.00723336935043335,0.0163630182876521,0.545001608133316,0.0256076071404369
0.426705572849666,0.8384759662928187,10.1,22.847787344826408,893.9,-0.013738954067230224,0.031079673353308312,0.5458182454109192,0.026009932143617905
0.43793466687202454,0.8384759662928187,0.2,0.4524314325708198,903.8,-0.01867847442626953,0.042253644714572734,0.5419678688049316,0.025266139318112706
3.9529726605751214e-14,0.8749314430287605,373.0,38.46849822279127,531.0,0.03466050028800964,0.020149507299950624,0.4854072630405426,0.03420279895671943
0.01122909402239812,0.8749314430287605,372.7,38.425683994536094,531.3,0.03514456748962402,0.020034010416783855,0.4843681514263153,0.03584336693929084
0.022458188044756713,0.8749314430287605,372.2,38.18037618449814,531.8,0.03582046031951904,0.01902826820735517,0.48469133377075196,0.03587672857436746
0.033687282067115305,0.8749314430287605,372.2,38.18037618449814,531.8,0.03582046031951904,0.01902826820735517,0.48469133377075196,0.03587672857436746
0.044916376089473894,0.8749314430287605,372.2,38.18037618449814,531.8,0.03582046031951904,0.01902826820735517,0.48469133377075196,0.03587672857436746
0.056145470111832484,0.8749314430287605,372.2,38.18037618449814,531.8,0.03582046031951904,0.01902826820735517,0.48469133377075196,0.03587672857436746
0.06737456413419107,0.8749314430287605,372.2,38.18037618449814,531.8,0.03582046031951904,0.01902826820735517,0.48469133377075196,0.03587672857436746
0.07860365815654966,0.8749314430287605,372.2,38.18037618449814,531.8,0.03582046031951904,0.01902826820735517,0.48469133377075196,0.03587672857436746
0.08983275217890825,0.8749314430287605,372.2,38.18037618449814,531.8,0.03582046031951904,0.01902826820735517,0.48469133377075196,0.03587672857436746
0.10106184620126685,0.8749314430287605,372.2,38.18037618449814,531.8,0.03582046031951904,0.01902826820735517,0.48469133377075196,0.03587672857436746
0.11229094022362543,0.8749314430287605,372.2,38.18037618449814,531.8,0.03582046031951904,0.01902826820735517,0.48469133377075196,0.03587672857436746
0.12352003424598403,0.8749314430287605,372.2,38.18037618449814,531.8,0.03582046031951904,0.01902826820735517,0.48469133377075196,0.03587672857436746
0.13474912826834262,0.8749314430287605,372.2,38.18037618449814,531.8,0.03582046031951904,0.01902826820735517,0.48469133377075196,0.03587672857436746
0.1459782222907012,0.8749314430287605,372.2,38.18037618449814,531.8,0.03582046031951904,0.01902826820735517,0.48469133377075196,0.03587672857436746
0.1572073163130598,0.8749314430287605,372.2,38.18037618449814,531.8,0.03582046031951904,0.01902826820735517,0.48469133377075196,0.03587672857436746
0.1684364103354184,0.8749314430287605,372.2,38.18037618449814,531.8,0.03582046031951904,0.01902826820735517,0.48469133377075196,0.03587672857436746
0.17966550435777698,0.8749314430287605,372.0,37.95663340302654,532.0,0.03590050935745239,0.019072901070566115,0.4852521002292633,0.03560500323601953
0.19089459838013556,0.8749314430287605,372.0,37.95663340302654,532.0,0.03590050935745239,0.019072901070566115,0.4852521002292633,0.03560500323601953
0.20212369240249417,0.8749314430287605,370.4,38.29546939574511,533.6,0.035037338733673096,0.018158107980178723,0.4843348443508148,0.03599697553266324
0.21335278642485275,0.8749314430287605,370.2,38.361632442710786,533.8,0.034986245632171634,0.018109111446045306,0.48463295102119447,0.03585688668326547
0.22458188044721134,0.8749314430287605,369.7,38.549780628466934,534.3,0.034805047512054446,0.017940273614058692,0.4851961135864258,0.03562558863584481
0.23581097446956995,0.8749314430287605,366.5,37.38191420717447,537.5,0.0346504807472229,0.017612901565790772,0.4874634087085724,0.033166410401964115
0.24704006849192853,0.8749314430287605,364.5,37.16682836482377,539.5,0.034751445055007935,0.017563738880479084,0.4898756146430969,0.030791903240942258
0.2582691625142871,0.8749314430287605,358.5,37.85350496317023,545.5,0.03339641094207764,0.017367107013701977,0.49600706696510316,0.028111458919196357
0.2694982565366457,0.8749314430287605,356.4,38.623679192766545,547.6,0.033030712604522706,0.01698768610814471,0.49819848537445066,0.028258796134582417
0.2807273505590043,0.8749314430287605,348.2,41.80715604127361,555.8,0.03180654644966126,0.01612530680552199,0.5039536595344544,0.028902002144182207
0.2919564445813629,0.8749314430287605,342.9,43.10575280915562,561.1,0.03258547782897949,0.017225876782180637,0.5037414729595184,0.028736578936902984
0.3031855386037215,0.8749314430287605,323.0,42.98495460779474,581.0,0.02984585762023926,0.015583856785971118,0.5184111356735229,0.03408511291367606
0.31441463262608005,0.8749314430287605,314.0,49.130433622065986,590.0,0.029002922773361205,0.015375447675037509,0.5192060887813568,0.03314955954520204
0.32564372664843866,0.8749314430287605,287.3,56.0774215798897,616.7,0.02031349539756775,0.01633131990642588,0.5401106238365173,0.03018540352795058
0.33687282067079727,0.8749314430287605,253.1,69.09231059260162,650.9,0.030275458097457887,0.02425202542077132,0.5380237579345704,0.031154673678192576
0.3481019146931558,0.8749314430287605,216.7,75.47537072274282,687.3,-0.006100660562515259,0.02703983587857648,0.5503008306026459,0.036418823513559656
0.35933100871551443,0.8749314430287605,167.3,90.52589701358741,736.7,-0.002980881929397583,0.024840201401741566,0.5647391617298126,0.03683033387647096
0.37056010273787304,0.8749314430287605,107.8,104.352132713577,796.2,-0.03839272856712341,0.07491838813265171,0.5604516983032226,0.02285640681678173
0.3817891967602316,0.8749314430287605,82.7,90.08136552946213,821.3,-0.16140611171722413,0.3290384842036107,0.5597123146057129,0.022177579337652683
0.3930182907825902,0.8749314430287605,63.8,76.96714336191961,840.2,-0.021636903285980225,0.033499576474149084,0.5550840139389038,0.02892250650964325
0.4042473848049488,0.8749314430287605,40.5,66.56813598301912,863.5,-0.013989138603210449,0.03369477429397412,0.5540104329586029,0.02766778560514774
0.41547647882730737,0.8749314430287605,19.6,44.33828039194036,884.4,-0.011130714416503906,0.02517942534497769,0.5509446859359741,0.031028876729478055
0.426705572849666,0.8749314430287605,15.5,35.063436024238534,888.5,-0.012714052200317382,0.02876118425384889,0.5484345436096192,0.02808933590753001
0.43793466687202454,0.8749314430287605,0.2,0.4524314325708198,903.8,-0.01867847442626953,0.042253644714572734,0.5419678688049316,0.025266139318112706
3.9529726605751214e-14,0.9113869197647023,405.5,32.77179689811316,498.5,0.041382282972335815,0.02065865361288527,0.47300600409507754,0.02968242556279666
0.01122909402239812,0.9113869197647023,405.2,32.7710161328709,498.8,0.04194712042808533,0.020649587643232152,0.47190687656402586,0.031058364097135593
0.022458188044756713,0.9113869197647023,404.7,32.39100470791805,499.3,0.04256662726402283,0.019770181166790267,0.47243021726608275,0.031024729470230973
0.033687282067115305,0.9113869197647023,404.7,32.39100470791805,499.3,0.04256662726402283,0.019770181166790267,0.47243021726608275,0.031024729470230973
0.044916376089473894,0.9113869197647023,404.7,32.39100470791805,499.3,0.04256662726402283,0.019770181166790267,0.47243021726608275,0.031024729470230973
0.056145470111832484,0.9113869197647023,404.7,32.39100470791805,499.3,0.04256662726402283,0.019770181166790267,0.47243021726608275,0.031024729470230973
0.06737456413419107,0.9113869197647023,404.7,32.39100470791805,499.3,0.04256662726402283,0.019770181166790267,0.47243021726608275,0.031024729470230973
0.07860365815654966,0.9113869197647023,404.7,32.39100470791805,499.3,0.04256662726402283,0.019770181166790267,0.47243021726608275,0.031024729470230973
0.08983275217890825,0.9113869197647023,404.7,32.39100470791805,499.3,0.04256662726402283,0.019770181166790267,0.47243021726608275,0.031024729470230973
0.10106184620126685,0.9113869197647023,404.7,32.39100470791805,499.3,0.04256662726402283,0.019770181166790267,0.47243021726608275,0.031024729470230973
0.11229094022362543,0.9113869197647023,404.7,32.39100470791805,499.3,0.04256662726402283,0.019770181166790267,0.47243021726608275,0.031024729470230973
0.12352003424598403,0.9113869197647023,404.7,32.39100470791805,499.3,0.04256662726402283,0.019770181166790267,0.47243021726608275,0.031024729470230973
0.13474912826834262,0.9113869197647023,404.7,32.39100470791805,499.3,0.04256662726402283,0.019770181166790267,0.47243021726608275,0.031024729470230973
0.1459782222907012,0.9113869197647023,404.7,32.39100470791805,499.3,0.04256662726402283,0.019770181166790267,0.47243021726608275,0.031024729470230973
0.1572073163130598,0.9113869197647023,404.7,32.39100470791805,499.3,0.04256662726402283,0.019770181166790267,0.47243021726608275,0.031024729470230973
0.1684364103354184,0.9113869197647023,404.5,32.47025230604087,499.5,0.04251029491424561,0.0197327067212265,0.47264336943626406,0.030970507842929568
0.17966550435777698,0.9113869197647023,403.0,32.959939521369805,501.0,0.04313876032829285,0.020152334176110204,0.47407519817352295,0.03052096245622455
0.19089459838013556,0.9113869197647023,402.7,33.147528871300906,501.3,0.043501007556915286,0.020450124632895438,0.47351375222206116,0.030609885188216376
0.20212369240249417,0.9113869197647023,400.1,34.7051741024593,503.9,0.042471230030059814,0.019943649942533795,0.47200548052787783,0.03354200728198095
0.21335278642485275,0.9113869197647023,394.8,38.575952337752355,509.2,0.041107505559921265,0.018777246706325815,0.4739355742931366,0.03762305200203865
0.22458188044721134,0.9113869197647023,391.2,41.68866444493585,512.8,0.037849390506744386,0.016598695698159062,0.47436142563819883,0.036860939677397786
0.23581097446956995,0.9113869197647023,387.0,42.18247507248508,517.0,0.03746333122253418,0.01609041833416243,0.47705076932907103,0.03402444048014048
0.24704006849192853,0.9113869197647023,384.3,42.39095816671645,519.7,0.03800486922264099,0.015900686029625334,0.48046419620513914,0.032145989366355106
0.2582691625142871,0.9113869197647023,376.6,43.504575296086145,527.4,0.03625889420509339,0.015990238372917714,0.4890830099582672,0.031661033239241
0.2694982565366457,0.9113869197647023,372.6,44.27668230663749,531.4,0.0362360417842865,0.015494183303515215,0.49339284300804137,0.03222801552024154
0.2807273505590043,0.9113869197647023,363.2,47.998025901689005,540.8,0.03478434681892395,0.01484638823932827,0.4966403067111969,0.03192852644775319
0.2919564445813629,0.9113869197647023,357.9,50.044827154903395,546.1,0.03556327819824219,0.015952518310021136,0.496428120136261,0.03175108432931058
0.3031855386037215,0.9113869197647023,338.0,53.23097161717001,566.0,0.03282365798950195,0.014487437515186899,0.5110977828502655,0.038290182538473515
0.31441463262608005,0.9113869197647023,329.0,59.567275062918874,575.0,0.03197683691978455,0.01436448671003984,0.5119551837444305,0.03745046318546146
0.32564372664843866,0.9113869197647023,302.3,67.43695011730433,601.7,0.02311363220214844,0.016417821458573935,0.5346380054950715,0.03338466543638051
0.33687282067079727,0.9113869197647023,267.0,80.55312642812365,637.0,0.03327323198318481,0.02338639114574972,0.53428875207901,0.03279554354130441
0.3481019146931558,0.9113869197647023,229.5,86.7430678904962,674.5,-0.003189492225646973,0.02788803215328746,0.5479576826095581,0.0372064170276824
0.35933100871551443,0.9113869197647023,178.4,100.56876723421604,725.6,-3.490447998046875e-05,0.024360441259165824,0.5627418220043182,0.037763156842347934
0.37056010273787304,0.9113869197647023,115.3,111.89286296277749,788.7,-0.0369682252407074,0.07511362420153073,0.5601175367832184,0.022470664728836885
0.3817891967602316,0.9113869197647023,87.6,96.15820801167294,816.4,-0.16107718348503114,0.3290500326959514,0.5611256122589111,0.023381901291401344
0.3930182907825902,0.9113869197647023,66.1,80.80363603284144,837.9,-0.021253055334091185,0.03348807122185411,0.5552172362804413,0.02902741329873157
0.4042473848049488,0.9113869197647023,40.5,66.56813598301912,863.5,-0.013989138603210449,0.03369477429397412,0.5540104329586029,0.02766778560514774
0.41547647882730737,0.9113869197647023,19.6,44.33828039194036,884.4,-0.011130714416503906,0.02517942534497769,0.5509446859359741,0.031028876729478055
0.426705572849666,0.9113869197647023,15.5,35.063436024238534,888.5,-0.012714052200317382,0.02876118425384889,0.5484345436096192,0.02808933590753001
0.43793466687202454,0.9113869197647023,0.2,0.4524314325708198,903.8,-0.01867847442626953,0.042253644714572734,0.5419678688049316,0.025266139318112706
3.9529726605751214e-14,0.9478423965006441,432.8,30.47864453262987,471.2,0.05967993140220642,0.026521163803283357,0.46089122295379636,0.0315055922437803
0.01122909402239812,0.9478423965006441,432.5,30.574476530761434,471.5,0.060254091024398805,0.026325884971828535,0.45977601408958435,0.03290120347457494
0.022458188044756713,0.9478423965006441,432.0,30.19789175171614,472.0,0.06082597970962524,0.025644667340399586,0.4604156851768494,0.032952704034634156
0.033687282067115305,0.9478423965006441,432.0,30.19789175171614,472.0,0.06082597970962524,0.025644667340399586,0.4604156851768494,0.032952704034634156
0.044916376089473894,0.9478423965006441,432.0,30.19789175171614,472.0,0.06082597970962524,0.025644667340399586,0.4604156851768494,0.032952704034634156
0.056145470111832484,0.9478423965006441,432.0,30.19789175171614,472.0,0.06082597970962524,0.025644667340399586,0.4604156851768494,0.032952704034634156
0.06737456413419107,0.9478423965006441,432.0,30.19789175171614,472.0,0.06082597970962524,0.025644667340399586,0.4604156851768494,0.032952704034634156
0.07860365815654966,0.9478423965006441,432.0,30.19789175171614,472.0,0.06082597970962524,0.025644667340399586,0.4604156851768494,0.032952704034634156
0.08983275217890825,0.9478423965006441,432.0,30.19789175171614,472.0,0.06082597970962524,0.025644667340399586,0.4604156851768494,0.032952704034634156
0.10106184620126685,0.9478423965006441,432.0,30.19789175171614,472.0,0.06082597970962524,0.025644667340399586,0.4604156851768494,0.032952704034634156
0.11229094022362543,0.9478423965006441,432.0,30.19789175171614,472.0,0.06082597970962524,0.025644667340399586,0.4604156851768494,0.032952704034634156
0.12352003424598403,0.9478423965006441,432.0,30.19789175171614,472.0,0.06082597970962524,0.025644667340399586,0.4604156851768494,0.032952704034634156
0.13474912826834262,0.9478423965006441,431.6,30.488716849843687,472.4,0.061199766397476194,0.02570769263188131,0.46098458766937256,0.032817287817984084
0.1459782222907012,0.9478423965006441,431.6,30.488716849843687,472.4,0.061199766397476194,0.02570769263188131,0.46098458766937256,0.032817287817984084
0.1572073163130598,0.9478423965006441,430.5,31.116426551300883,473.5,0.06068186759948731,0.025647119882922162,0.4620819926261902,0.03240812748498337
0.1684364103354184,0.9478423965006441,429.2,30.913940830961906,474.8,0.060830879211425784,0.025651715236601685,0.4632575988769531,0.031750823908719306
0.17966550435777698,0.9478423965006441,423.6,33.10831000079545,480.4,0.057040703296661374,0.02277576620473791,0.4674858808517456,0.031080398844862446
0.19089459838013556,0.9478423965006441,418.1,37.853805380660006,485.9,0.054138898849487305,0.020930089137752923,0.46905524730682374,0.03133579233691122
0.20212369240249417,0.9478423965006441,415.3,40.013191526852935,488.7,0.05308778285980224,0.020731832476441735,0.46780487298965456,0.03415330806359781
0.21335278642485275,0.9478423965006441,409.6,44.216284365063345,494.4,0.051990187168121337,0.01979234241822994,0.47037326693534853,0.03829820142155641
0.22458188044721134,0.9478423965006441,403.4,46.649218003354314,500.6,0.04693705439567566,0.016390452332294223,0.4702853858470917,0.03793801652055967
0.23581097446956995,0.9478423965006441,396.5,46.27725845461833,507.5,0.04273468852043152,0.013809257732098167,0.4738621890544891,0.036370141344720254
0.24704006849192853,0.9478423965006441,392.4,46.41460429863443,511.6,0.040986907482147214,0.014251290336246307,0.47611852288246154,0.033951928211178053
0.2582691625142871,0.9478423965006441,384.7,48.175686505825176,519.3,0.03924093246459961,0.014555962220038788,0.4847373366355896,0.03412305322672712
0.2694982565366457,0.9478423965006441,380.7,49.2495507686078,523.3,0.03921808004379272,0.014011977912613379,0.48904716968536377,0.034955761980089754
0.2807273505590043,0.9478423965006441,371.3,53.43678314030802,532.7,0.03776638507843018,0.013476051326767718,0.4922946333885193,0.03491045131815825
0.2919564445813629,0.9478423965006441,366.0,55.72237965010315,538.0,0.03854531645774841,0.014595550263110407,0.4920824468135834,0.03473314800940096
0.3031855386037215,0.9478423965006441,344.6,58.459440225415285,559.4,0.03472924828529358,0.014714393994555984,0.5063384354114533,0.04190489014366792
0.31441463262608005,0.9478423965006441,335.6,64.79780618173163,568.4,0.033881974220275876,0.01465443049731039,0.5072143793106079,0.041159111323238066
0.32564372664843866,0.9478423965006441,306.9,70.76165975560635,597.1,0.023915040493011474,0.01676057968524372,0.5321238160133361,0.035107194151593676
0.33687282067079727,0.9478423965006441,270.1,83.19043452453334,633.9,0.033805948495864865,0.02331236880738364,0.5335189759731293,0.03321023652273064
0.3481019146931558,0.9478423965006441,231.2,88.42035145370178,672.8,-0.0033665359020233153,0.02773197223933647,0.547900503873825,0.03711658245957644
0.35933100871551443,0.9478423965006441,178.4,100.56876723421604,725.6,-3.490447998046875e-05,0.024360441259165824,0.5627418220043182,0.037763156842347934
0.37056010273787304,0.9478423965006441,115.3,111.89286296277749,788.7,-0.0369682252407074,0.07511362420153073,0.5601175367832184,0.022470664728836885
0.3817891967602316,0.9478423965006441,87.6,96.15820801167294,816.4,-0.16107718348503114,0.3290500326959514,0.5611256122589111,0.023381901291401344
0.3930182907825902,0.9478423965006441,66.1,80.80363603284144,837.9,-0.021253055334091185,0.03348807122185411,0.5552172362804413,0.02902741329873157
0.4042473848049488,0.9478423965006441,40.5,66.56813598301912,863.5,-0.013989138603210449,0.03369477429397412,0.5540104329586029,0.02766778560514774
0.41547647882730737,0.9478423965006441,19.6,44.33828039194036,884.4,-0.011130714416503906,0.02517942534497769,0.5509446859359741,0.031028876729478055
0.426705572849666,0.9478423965006441,15.5,35.063436024238534,888.5,-0.012714052200317382,0.02876118425384889,0.5484345436096192,0.02808933590753001
0.43793466687202454,0.9478423965006441,0.2,0.4524314325708198,903.8,-0.01867847442626953,0.042253644714572734,0.5419678688049316,0.025266139318112706
3.9529726605751214e-14,0.9842978732365859,453.7,31.227329641874526,450.3,0.07027204036712646,0.029970982107080067,0.4488986670970917,0.03261409099622307
0.01122909402239812,0.9842978732365859,453.4,31.27127164712208,450.6,0.07086050510406494,0.029822473000753247,0.44767752289772034,0.034202799281106665
0.022458188044756713,0.9842978732365859,452.9,30.87464715646546,451.1,0.07140707969665527,0.02918732337566341,0.44855895042419436,0.03408009241016157
0.033687282067115305,0.9842978732365859,452.9,30.87464715646546,451.1,0.07140707969665527,0.02918732337566341,0.44855895042419436,0.03408009241016157
0.044916376089473894,0.9842978732365859,452.9,30.87464715646546,451.1,0.07140707969665527,0.02918732337566341,0.44855895042419436,0.03408009241016157
0.056145470111832484,0.9842978732365859,452.9,30.87464715646546,451.1,0.07140707969665527,0.02918732337566341,0.44855895042419436,0.03408009241016157
0.06737456413419107,0.9842978732365859,452.9,30.87464715646546,451.1,0.07140707969665527,0.02918732337566341,0.44855895042419436,0.03408009241016157
0.07860365815654966,0.9842978732365859,452.9,30.87464715646546,451.1,0.07140707969665527,0.02918732337566341,0.44855895042419436,0.03408009241016157
0.08983275217890825,0.9842978732365859,452.9,30.87464715646546,451.1,0.07140707969665527,0.02918732337566341,0.44855895042419436,0.03408009241016157
0.10106184620126685,0.9842978732365859,452.9,30.87464715646546,451.1,0.07140707969665527,0.02918732337566341,0.44855895042419436,0.03408009241016157
0.11229094022362543,0.9842978732365859,452.6,31.16745814773472,451.4,0.07112721800804138,0.029150390472741466,0.448937726020813,0.03407169202130221
0.12352003424598403,0.9842978732365859,451.4,31.692096137374666,452.6,0.07086435556411744,0.028477588459492994,0.44832364320755,0.03550265062284502
0.13474912826834262,0.9842978732365859,447.7,33.18524503884409,456.3,0.0678453803062439,0.026058262836495583,0.4524283349514008,0.032099450706093186
0.1459782222907012,0.9842978732365859,444.9,34.53601095110144,459.1,0.06516259312629699,0.02440573610903578,0.454852306842804,0.030916185631533276
0.1572073163130598,0.9842978732365859,442.4,36.53568630096538,461.6,0.06435328125953674,0.024401464875937594,0.45609802603721616,0.03186046197984673
0.1684364103354184,0.9842978732365859,440.8,36.857352563883666,463.2,0.06438818573951721,0.02432190987384299,0.457701975107193,0.031383543891155344
0.17966550435777698,0.9842978732365859,434.9,39.57079849538022,469.1,0.05975470542907715,0.020840058075800447,0.46099957823753357,0.030939043816107452
0.19089459838013556,0.9842978732365859,427.7,43.28950332049786,476.3,0.056826692819595334,0.019911350368578492,0.4634514331817627,0.032059857828757206
0.20212369240249417,0.9842978732365859,424.3,44.965870586333445,479.7,0.055579209327697755,0.019984103073438945,0.4632877349853516,0.035647043182158875
0.21335278642485275,0.9842978732365859,418.5,49.30747351814461,485.5,0.054890722036361694,0.01959688502367864,0.46468839049339294,0.03984417516968503
0.22458188044721134,0.9842978732365859,412.3,52.10611122100758,491.7,0.049837589263916016,0.01666179955774904,0.4646005094051361,0.03949089804028048
0.23581097446956995,0.9842978732365859,405.4,52.44346264911387,498.6,0.045635223388671875,0.014612514110049038,0.4681773126125336,0.03829031698119961
0.24704006849192853,0.9842978732365859,401.3,52.957942559082646,502.7,0.04388744235038757,0.015221505520584074,0.470433646440506,0.036203333198793444
0.2582691625142871,0.9842978732365859,393.5,55.11524630474707,510.5,0.04133233428001404,0.016609429274747692,0.478796249628067,0.03726325021366042
0.2694982565366457,0.9842978732365859,388.8,55.69257579831552,515.2,0.042223763465881345,0.015913262465530716,0.4830276668071747,0.0378495200128385
0.2807273505590043,0.9842978732365859,376.4,57.12433341038438,527.6,0.040097886323928834,0.01351563670318233,0.48748905062675474,0.03762632442862935
0.2919564445813629,0.9842978732365859,368.6,57.34983592591462,535.4,0.039881885051727295,0.014993653822113534,0.48981788754463196,0.03594041079938914
0.3031855386037215,0.9842978732365859,346.8,60.187174896722716,557.2,0.036043447256088254,0.015156411437037283,0.5047729551792145,0.042790770887667265
0.31441463262608005,0.9842978732365859,336.1,65.11140850841525,567.9,0.03384329676628113,0.01466110711911672,0.5063756883144379,0.04227473812038218
0.32564372664843866,0.9842978732365859,306.9,70.76165975560635,597.1,0.023915040493011474,0.01676057968524372,0.5321238160133361,0.035107194151593676
0.33687282067079727,0.9842978732365859,270.1,83.19043452453334,633.9,0.033805948495864865,0.02331236880738364,0.5335189759731293,0.03321023652273064
0.3481019146931558,0.9842978732365859,231.2,88.42035145370178,672.8,-0.0033665359020233153,0.02773197223933647,0.547900503873825,0.03711658245957644
0.35933100871551443,0.9842978732365859,178.4,100.56876723421604,725.6,-3.490447998046875e-05,0.024360441259165824,0.5627418220043182,0.037763156842347934
0.37056010273787304,0.9842978732365859,115.3,111.89286296277749,788.7,-0.0369682252407074,0.07511362420153073,0.5601175367832184,0.022470664728836885
0.3817891967602316,0.9842978732365859,87.6,96.15820801167294,816.4,-0.16107718348503114,0.3290500326959514,0.5611256122589111,0.023381901291401344
0.3930182907825902,0.9842978732365859,66.1,80.80363603284144,837.9,-0.021253055334091185,0.03348807122185411,0.5552172362804413,0.02902741329873157
0.4042473848049488,0.9842978732365859,40.5,66.56813598301912,863.5,-0.013989138603210449,0.03369477429397412,0.5540104329586029,0.02766778560514774
0.41547647882730737,0.9842978732365859,19.6,44.33828039194036,884.4,-0.011130714416503906,0.02517942534497769,0.5509446859359741,0.031028876729478055
0.426705572849666,0.9842978732365859,15.5,35.063436024238534,888.5,-0.012714052200317382,0.02876118425384889,0.5484345436096192,0.02808933590753001
0.43793466687202454,0.9842978732365859,0.2,0.4524314325708198,903.8,-0.01867847442626953,0.042253644714572734,0.5419678688049316,0.025266139318112706
3.9529726605751214e-14,1.0207533499725276,476.9,30.636156514024584,427.1,0.08635942339897155,0.027529132242608365,0.4399164915084839,0.03224628835770896
0.01122909402239812,1.0207533499725276,476.6,30.720949370612786,427.4,0.08695803880691529,0.027252526294489283,0.43862926959991455,0.033726684850830156
0.022458188044756713,1.0207533499725276,476.1,30.300242009495612,427.9,0.08747978806495667,0.026602180363801724,0.43983244299888613,0.033035162028273696
0.033687282067115305,1.0207533499725276,476.1,30.300242009495612,427.9,0.08747978806495667,0.026602180363801724,0.43983244299888613,0.033035162028273696
0.044916376089473894,1.0207533499725276,476.1,30.300242009495612,427.9,0.08747978806495667,0.026602180363801724,0.43983244299888613,0.033035162028273696
0.056145470111832484,1.0207533499725276,476.1,30.300242009495612,427.9,0.08747978806495667,0.026602180363801724,0.43983244299888613,0.033035162028273696
0.06737456413419107,1.0207533499725276,476.1,30.300242009495612,427.9,0.08747978806495667,0.026602180363801724,0.43983244299888613,0.033035162028273696
0.07860365815654966,1.0207533499725276,475.8,30.566199724158864,428.2,0.0874417781829834,0.026583888223845532,0.44047859907150266,0.0327584668663496
0.08983275217890825,1.0207533499725276,473.2,33.04229685544938,430.8,0.0846770465373993,0.026282439986154274,0.4415421724319458,0.03264355456004368
0.10106184620126685,1.0207533499725276,471.6,33.97121078857668,432.4,0.08482386469841004,0.02566120594909386,0.4422056138515472,0.033741761871852266
0.11229094022362543,1.0207533499725276,468.7,34.80268325748777,435.3,0.08287769556045532,0.02628966155079071,0.44361478090286255,0.03241536663367341
0.12352003424598403,1.0207533499725276,465.3,35.740890032313594,438.7,0.08126899003982543,0.025281468542616908,0.4425863742828369,0.035105818393998324
0.13474912826834262,1.0207533499725276,460.5,38.12590583993869,443.5,0.07812261581420898,0.023196393531288148,0.4477717339992523,0.03238089089434765
0.1459782222907012,1.0207533499725276,456.6,39.61208798877941,447.4,0.07486969828605652,0.021659129215886475,0.45054935216903685,0.03112642021313095
0.1572073163130598,1.0207533499725276,450.8,40.27204543519267,453.2,0.07254302501678467,0.022264905985541105,0.4522196650505066,0.03261374950992053
0.1684364103354184,1.0207533499725276,448.6,40.518933305912945,455.4,0.07133726477622986,0.021654928485786436,0.453126585483551,0.03189645598930767
0.17966550435777698,1.0207533499725276,442.7,43.60620478663307,461.3,0.0667037844657898,0.01866291431907594,0.4564241886138916,0.03173073000921262
0.19089459838013556,1.0207533499725276,435.5,47.681219477219265,468.5,0.06377577185630798,0.0182646275258208,0.4588760435581207,0.03301827515364565
0.20212369240249417,1.0207533499725276,432.1,49.51368891185363,471.9,0.0625282883644104,0.018610676058071138,0.4587123453617096,0.0364997528996632
0.21335278642485275,1.0207533499725276,426.3,53.966186568179474,477.7,0.06183980107307434,0.018343159713858793,0.460113000869751,0.04069848034045494
0.22458188044721134,1.0207533499725276,419.7,56.63033836564409,484.3,0.05670379400253296,0.01650653264157697,0.4610465407371521,0.03970971693744118
0.23581097446956995,1.0207533499725276,411.8,56.47323817132392,492.2,0.051854437589645384,0.016121691101535864,0.4655757248401642,0.038158996298951385
0.24704006849192853,1.0207533499725276,406.1,55.679965601579134,497.9,0.04916840195655823,0.018100425064674002,0.469843202829361,0.035532267450145434
0.2582691625142871,1.0207533499725276,397.1,57.24191418364826,506.9,0.044995903968811035,0.01817671678518036,0.4756741225719452,0.04083049046043603
0.2694982565366457,1.0207533499725276,390.5,56.48275200546855,513.5,0.0434586226940155,0.015916419494325526,0.48133496642112733,0.040202401589183895
0.2807273505590043,1.0207533499725276,377.0,57.44176880972646,527.0,0.040430349111557004,0.013489549772726688,0.48694233894348143,0.038400813674526614
0.2919564445813629,1.0207533499725276,368.6,57.34983592591462,535.4,0.039881885051727295,0.014993653822113534,0.48981788754463196,0.03594041079938914
0.3031855386037215,1.0207533499725276,346.8,60.187174896722716,557.2,0.036043447256088254,0.015156411437037283,0.5047729551792145,0.042790770887667265
0.31441463262608005,1.0207533499725276,336.1,65.11140850841525,567.9,0.03384329676628113,0.01466110711911672,0.5063756883144379,0.04227473812038218
0.32564372664843866,1.0207533499725276,306.9,70.76165975560635,597.1,0.023915040493011474,0.01676057968524372,0.5321238160133361,0.035107194151593676
0.33687282067079727,1.0207533499725276,270.1,83.19043452453334,633.9,0.033805948495864865,0.02331236880738364,0.5335189759731293,0.03321023652273064
0.3481019146931558,1.0207533499725276,231.2,88.42035145370178,672.8,-0.0033665359020233153,0.02773197223933647,0.547900503873825,0.03711658245957644
0.35933100871551443,1.0207533499725276,178.4,100.56876723421604,725.6,-3.490447998046875e-05,0.024360441259165824,0.5627418220043182,0.037763156842347934
0.37056010273787304,1.0207533499725276,115.3,111.89286296277749,788.7,-0.0369682252407074,0.07511362420153073,0.5601175367832184,0.022470664728836885
0.3817891967602316,1.0207533499725276,87.6,96.15820801167294,816.4,-0.16107718348503114,0.3290500326959514,0.5611256122589111,0.023381901291401344
0.3930182907825902,1.0207533499725276,66.1,80.80363603284144,837.9,-0.021253055334091185,0.03348807122185411,0.5552172362804413,0.02902741329873157
0.4042473848049488,1.0207533499725276,40.5,66.56813598301912,863.5,-0.013989138603210449,0.03369477429397412,0.5540104329586029,0.02766778560514774
0.41547647882730737,1.0207533499725276,19.6,44.33828039194036,884.4,-0.011130714416503906,0.02517942534497769,0.5509446859359741,0.031028876729478055
0.426705572849666,1.0207533499725276,15.5,35.063436024238534,888.5,-0.012714052200317382,0.02876118425384889,0.5484345436096192,0.02808933590753001
0.43793466687202454,1.0207533499725276,0.2,0.4524314325708198,903.8,-0.01867847442626953,0.042253644714572734,0.5419678688049316,0.025266139318112706
3.9529726605751214e-14,1.0572088267084694,494.7,32.38924925014031,409.3,0.0966982126235962,0.02606264904935885,0.4310343682765961,0.031151986697464985
0.01122909402239812,1.0572088267084694,494.4,32.49467133049791,409.6,0.09732444286346435,0.02578775497753579,0.4296984255313873,0.0323277406758498
0.022458188044756713,1.0572088267084694,493.9,31.980089844091033,410.1,0.09778306484222413,0.025383797318540475,0.4311954498291016,0.03162930234312001
0.033687282067115305,1.0572088267084694,493.2,31.504232952291808,410.8,0.09683993458747864,0.025454611655775748,0.4312870025634766,0.0316084158269341
0.044916376089473894,1.0572088267084694,493.2,31.504232952291808,410.8,0.09683993458747864,0.025454611655775748,0.4312870025634766,0.0316084158269341
0.056145470111832484,1.0572088267084694,492.5,32.08446389881898,411.5,0.09618565440177917,0.025039273410772053,0.4300281763076782,0.0324192146823971
0.06737456413419107,1.0572088267084694,491.2,33.19509560977178,412.8,0.09492409825325013,0.024411164935939388,0.432324081659317,0.030794751586635038
0.07860365815654966,1.0572088267084694,489.2,34.39966826890203,414.8,0.09368756413459778,0.025014425275505257,0.43170744776725767,0.031844577690398626
0.08983275217890825,1.0572088267084694,486.2,37.02205249697067,417.8,0.09014726877212524,0.024317715854970536,0.4330271005630493,0.03182130278390771
0.10106184620126685,1.0572088267084694,482.2,39.17851869372032,421.8,0.0897714376449585,0.023469276223346575,0.43259207606315614,0.030912564287451046
0.11229094022362543,1.0572088267084694,478.4,40.60024209640851,425.6,0.0878105878829956,0.024162259850521634,0.4352034628391266,0.030500693290764453
0.12352003424598403,1.0572088267084694,474.6,41.540279966935486,429.4,0.08648748397827148,0.022904043499722675,0.4356447160243988,0.033776756593042384
0.13474912826834262,1.0572088267084694,469.0,43.74153845044565,435.0,0.08339136838912964,0.02079194757510576,0.44284774661064147,0.03273896485968325
0.1459782222907012,1.0572088267084694,464.6,45.08476640172939,439.4,0.07997636198997497,0.019762233971318478,0.4467022716999054,0.03248467337463096
0.1572073163130598,1.0572088267084694,458.8,46.239830303598794,445.2,0.07764968872070313,0.02075248461977011,0.44837258458137513,0.03402005310880099
0.1684364103354184,1.0572088267084694,456.6,46.66993425467409,447.4,0.07644392848014832,0.020270117279623138,0.44927950501441954,0.03339249784548862
0.17966550435777698,1.0572088267084694,450.7,49.91467991772844,453.3,0.07181044816970825,0.01780881416598043,0.45257710814476015,0.03345057236369406
0.19089459838013556,1.0572088267084694,443.3,53.93562312324365,460.7,0.06876717209815979,0.01778832681895423,0.45550115704536437,0.03475887584549173
0.20212369240249417,1.0572088267084694,438.0,54.053513149617245,466.0,0.06619050502777099,0.0175201628946176,0.4571537017822266,0.0376053510981535
0.21335278642485275,1.0572088267084694,430.1,56.53326426046985,473.9,0.06558361649513245,0.01882334010708045,0.460232549905777,0.041240478497381494
0.22458188044721134,1.0572088267084694,421.0,57.28118649158759,483.0,0.05752428770065308,0.01737517620254862,0.46091710925102236,0.03982412068739468
0.23581097446956995,1.0572088267084694,412.0,56.58006351555805,492.0,0.05198225378990173,0.016271001421560127,0.4653001487255096,0.03843315398853477
0.24704006849192853,1.0572088267084694,406.1,55.679965601579134,497.9,0.04916840195655823,0.018100425064674002,0.469843202829361,0.035532267450145434
0.2582691625142871,1.0572088267084694,397.1,57.24191418364826,506.9,0.044995903968811035,0.01817671678518036,0.4756741225719452,0.04083049046043603
0.2694982565366457,1.0572088267084694,390.5,56.48275200546855,513.5,0.0434586226940155,0.015916419494325526,0.48133496642112733,0.040202401589183895
0.2807273505590043,1.0572088267084694,377.0,57.44176880972646,527.0,0.040430349111557004,0.013489549772726688,0.48694233894348143,0.038400813674526614
0.2919564445813629,1.0572088267084694,368.6,57.34983592591462,535.4,0.039881885051727295,0.014993653822113534,0.48981788754463196,0.03594041079938914
0.3031855386037215,1.0572088267084694,346.8,60.187174896722716,557.2,0.036043447256088254,0.015156411437037283,0.5047729551792145,0.042790770887667265
0.31441463262608005,1.0572088267084694,336.1,65.11140850841525,567.9,0.03384329676628113,0.01466110711911672,0.5063756883144379,0.04227473812038218
0.32564372664843866,1.0572088267084694,306.9,70.76165975560635,597.1,0.023915040493011474,0.01676057968524372,0.5321238160133361,0.035107194151593676
0.33687282067079727,1.0572088267084694,270.1,83.19043452453334,633.9,0.033805948495864865,0.02331236880738364,0.5335189759731293,0.03321023652273064
0.3481019146931558,1.0572088267084694,231.2,88.42035145370178,672.8,-0.0033665359020233153,0.02773197223933647,0.547900503873825,0.03711658245957644
0.35933100871551443,1.0572088267084694,178.4,100.56876723421604,725.6,-3.490447998046875e-05,0.024360441259165824,0.5627418220043182,0.037763156842347934
0.37056010273787304,1.0572088267084694,115.3,111.89286296277749,788.7,-0.0369682252407074,0.07511362420153073,0.5601175367832184,0.022470664728836885
0.3817891967602316,1.0572088267084694,87.6,96.15820801167294,816.4,-0.16107718348503114,0.3290500326959514,0.5611256122589111,0.023381901291401344
0.3930182907825902,1.0572088267084694,66.1,80.80363603284144,837.9,-0.021253055334091185,0.03348807122185411,0.5552172362804413,0.02902741329873157
0.4042473848049488,1.0572088267084694,40.5,66.56813598301912,863.5,-0.013989138603210449,0.03369477429397412,0.5540104329586029,0.02766778560514774
0.41547647882730737,1.0572088267084694,19.6,44.33828039194036,884.4,-0.011130714416503906,0.02517942534497769,0.5509446859359741,0.031028876729478055
0.426705572849666,1.0572088267084694,15.5,35.063436024238534,888.5,-0.012714052200317382,0.02876118425384889,0.5484345436096192,0.02808933590753001
0.43793466687202454,1.0572088267084694,0.2,0.4524314325708198,903.8,-0.01867847442626953,0.042253644714572734,0.5419678688049316,0.025266139318112706
3.9529726605751214e-14,1.0936643034444113,516.2,31.36495386353809,387.79999999999995,0.11239149570465087,0.026406323005393653,0.41675096154212954,0.02681184103967238
0.01122909402239812,1.0936643034444113,515.9,31.44940893311677,388.1,0.11305997967720031,0.02623317913881172,0.41533302664756777,0.028228562580913347
0.022458188044756713,1.0936643034444113,515.4,30.931225263580586,388.6,0.11348663568496704,0.02573572503072953,0.417133629322052,0.027720493721802932
0.033687282067115305,1.0936643034444113,511.3,30.562944186154972,392.7,0.10933284163475036,0.026127165669649566,0.41949071288108825,0.02607161695781526
0.044916376089473894,1.0936643034444113,509.5,32.08269166815597,394.5,0.10703901648521423,0.02419625959662937,0.4186358869075775,0.025828591978332118
0.056145470111832484,1.0936643034444113,508.6,33.04986755021145,395.4,0.10621592998504639,0.023827577807104875,0.4176339328289032,0.026374823268574828
0.06737456413419107,1.0936643034444113,505.0,36.14106309334974,399.0,0.10167927742004394,0.022171578133338955,0.42180503010749815,0.026068746014640907
0.07860365815654966,1.0936643034444113,499.5,38.5367987681536,404.5,0.097782963514328,0.022328057733664624,0.42548142075538636,0.02966581092128452
0.08983275217890825,1.0936643034444113,493.9,41.61993502541186,410.1,0.09459614753723145,0.022101734186756327,0.4309909224510193,0.03242331123825124
0.10106184620126685,1.0936643034444113,489.4,43.808042627414046,414.6,0.09480587840080261,0.02155345759749874,0.4314493596553802,0.032132064604906
0.11229094022362543,1.0936643034444113,484.4,44.919249464041236,419.6,0.09235063195228577,0.02321898561571487,0.43390467166900637,0.03170478182104479
0.12352003424598403,1.0936643034444113,479.7,45.38875523526501,424.3,0.08961637616157532,0.023756599286669906,0.4339486062526703,0.03475663292856102
0.13474912826834262,1.0936643034444113,474.1,47.75295357016311,429.9,0.08652026057243348,0.021979588552993003,0.44115163683891295,0.033954193635750085
0.1459782222907012,1.0936643034444113,469.7,49.24608709235398,434.3,0.08310525417327881,0.021295403452604448,0.4450061619281769,0.03381916696316163
0.1572073163130598,1.0936643034444113,463.9,50.63892691703112,440.1,0.08077858090400696,0.02240295907341313,0.4466764748096466,0.035342152754246695
0.1684364103354184,1.0936643034444113,460.6,50.09223985051458,443.4,0.07856670618057252,0.02159893921028008,0.4483316481113434,0.034465470093722216
0.17966550435777698,1.0936643034444113,453.5,52.140146330792284,450.5,0.0731417953968048,0.019409039279803197,0.4511539161205292,0.03501621831921375
0.19089459838013556,1.0936643034444113,444.3,54.483141980196216,459.7,0.06965538263320922,0.01865233665679046,0.454511696100235,0.03597143736438882
0.20212369240249417,1.0936643034444113,438.2,54.166790490912405,465.8,0.0662017822265625,0.01753106660164561,0.456694233417511,0.038126181357415016
0.21335278642485275,1.0936643034444113,430.1,56.53326426046985,473.9,0.06558361649513245,0.01882334010708045,0.460232549905777,0.041240478497381494
0.22458188044721134,1.0936643034444113,421.0,57.28118649158759,483.0,0.05752428770065308,0.01737517620254862,0.46091710925102236,0.03982412068739468
0.23581097446956995,1.0936643034444113,412.0,56.58006351555805,492.0,0.05198225378990173,0.016271001421560127,0.4653001487255096,0.03843315398853477
0.24704006849192853,1.0936643034444113,406.1,55.679965601579134,497.9,0.04916840195655823,0.018100425064674002,0.469843202829361,0.035532267450145434
0.2582691625142871,1.0936643034444113,397.1,57.24191418364826,506.9,0.044995903968811035,0.01817671678518036,0.4756741225719452,0.04083049046043603
0.2694982565366457,1.0936643034444113,390.5,56.48275200546855,513.5,0.0434586226940155,0.015916419494325526,0.48133496642112733,0.040202401589183895
0.2807273505590043,1.0936643034444113,377.0,57.44176880972646,527.0,0.040430349111557004,0.013489549772726688,0.48694233894348143,0.038400813674526614
0.2919564445813629,1.0936643034444113,368.6,57.34983592591462,535.4,0.039881885051727295,0.014993653822113534,0.48981788754463196,0.03594041079938914
0.3031855386037215,1.0936643034444113,346.8,60.187174896722716,557.2,0.036043447256088254,0.015156411437037283,0.5047729551792145,0.042790770887667265
0.31441463262608005,1.0936643034444113,336.1,65.11140850841525,567.9,0.03384329676628113,0.01466110711911672,0.5063756883144379,0.04227473812038218
0.32564372664843866,1.0936643034444113,306.9,70.76165975560635,597.1,0.023915040493011474,0.01676057968524372,0.5321238160133361,0.035107194151593676
0.33687282067079727,1.0936643034444113,270.1,83.19043452453334,633.9,0.033805948495864865,0.02331236880738364,0.5335189759731293,0.03321023652273064
0.3481019146931558,1.0936643034444113,231.2,88.42035145370178,672.8,-0.0033665359020233153,0.02773197223933647,0.547900503873825,0.03711658245957644
0.35933100871551443,1.0936643034444113,178.4,100.56876723421604,725.6,-3.490447998046875e-05,0.024360441259165824,0.5627418220043182,0.037763156842347934
0.37056010273787304,1.0936643034444113,115.3,111.89286296277749,788.7,-0.0369682252407074,0.07511362420153073,0.5601175367832184,0.022470664728836885
0.3817891967602316,1.0936643034444113,87.6,96.15820801167294,816.4,-0.16107718348503114,0.3290500326959514,0.5611256122589111,0.023381901291401344
0.3930182907825902,1.0936643034444113,66.1,80.80363603284144,837.9,-0.021253055334091185,0.03348807122185411,0.5552172362804413,0.02902741329873157
0.4042473848049488,1.0936643034444113,40.5,66.56813598301912,863.5,-0.013989138603210449,0.03369477429397412,0.5540104329586029,0.02766778560514774
0.41547647882730737,1.0936643034444113,19.6,44.33828039194036,884.4,-0.011130714416503906,0.02517942534497769,0.5509446859359741,0.031028876729478055
0.426705572849666,1.0936643034444113,15.5,35.063436024238534,888.5,-0.012714052200317382,0.02876118425384889,0.5484345436096192,0.02808933590753001
0.43793466687202454,1.0936643034444113,0.2,0.4524314325708198,903.8,-0.01867847442626953,0.042253644714572734,0.5419678688049316,0.025266139318112706
3.9529726605751214e-14,1.130119780180353,534.9,31.757066479042475,369.1,0.1261942982673645,0.026310885119659844,0.3963356912136078,0.027535793811016333
0.01122909402239812,1.130119780180353,534.6,31.903100157474164,369.4,0.12685285210609437,0.02587060301256034,0.39489600658416746,0.028778180702607792
0.022458188044756713,1.130119780180353,529.3,34.2675952863388,374.70000000000005,0.12350738048553467,0.028451151840292902,0.39937934279441833,0.028879360579163266
0.033687282067115305,1.130119780180353,524.6,34.69657165670083,379.4,0.11863144636154174,0.029176965359918094,0.4024949073791504,0.027111463389534365
0.044916376089473894,1.130119780180353,522.7,36.43259339642533,381.29999999999995,0.11670941710472107,0.027681810072110895,0.401827746629715,0.026226224943392048
0.056145470111832484,1.130119780180353,520.5,38.55892431470284,383.5,0.11538555026054383,0.027312968337097336,0.4024340987205505,0.026683162020783285
0.06737456413419107,1.130119780180353,513.2,40.420021506710576,390.79999999999995,0.10752216577529908,0.02541266570290852,0.41128047108650206,0.026377471175557242
0.07860365815654966,1.130119780180353,506.7,42.56897886230478,397.3,0.1039750635623932,0.02601661622772677,0.4168538570404053,0.030444027535170424
0.08983275217890825,1.130119780180353,499.5,44.702334494418565,404.5,0.1004923164844513,0.026563978230120914,0.4258184790611267,0.03436408272977545
0.10106184620126685,1.130119780180353,494.7,46.85335926680533,409.3,0.10114851593971252,0.025608684560869416,0.4269589066505432,0.03441729262248237
0.11229094022362543,1.130119780180353,489.7,48.20754280530399,414.3,0.09869326949119568,0.027351117818354333,0.4294142186641693,0.03420251003343229
0.12352003424598403,1.130119780180353,484.8,48.77011250642352,419.2,0.0958187997341156,0.02811336295704465,0.42997215390205384,0.03703611905995833
0.13474912826834262,1.130119780180353,478.7,50.85472641588462,425.3,0.09233897924423218,0.02689928783330687,0.43816673159599306,0.03651459955443103
0.1459782222907012,1.130119780180353,473.8,51.92656815849197,430.2,0.08831653594970704,0.027051371607597408,0.4427941501140594,0.03605640529724424
0.1572073163130598,1.130119780180353,466.8,52.43543891324034,437.2,0.08531234860420227,0.027680273729250318,0.44606769680976865,0.03608474930528164
0.1684364103354184,1.130119780180353,461.8,50.79291509697305,442.2,0.08198362588882446,0.02558859492749898,0.4504411339759827,0.032084999988088406
0.17966550435777698,1.130119780180353,453.5,52.140146330792284,450.5,0.0731417953968048,0.019409039279803197,0.4511539161205292,0.03501621831921375
0.19089459838013556,1.130119780180353,444.3,54.483141980196216,459.7,0.06965538263320922,0.01865233665679046,0.454511696100235,0.03597143736438882
0.20212369240249417,1.130119780180353,438.2,54.166790490912405,465.8,0.0662017822265625,0.01753106660164561,0.456694233417511,0.038126181357415016
0.21335278642485275,1.130119780180353,430.1,56.53326426046985,473.9,0.06558361649513245,0.01882334010708045,0.460232549905777,0.041240478497381494
0.22458188044721134,1.130119780180353,421.0,57.28118649158759,483.0,0.05752428770065308,0.01737517620254862,0.46091710925102236,0.03982412068739468
0.23581097446956995,1.130119780180353,412.0,56.58006351555805,492.0,0.05198225378990173,0.016271001421560127,0.4653001487255096,0.03843315398853477
0.24704006849192853,1.130119780180353,406.1,55.679965601579134,497.9,0.04916840195655823,0.018100425064674002,0.469843202829361,0.035532267450145434
0.2582691625142871,1.130119780180353,397.1,57.24191418364826,506.9,0.044995903968811035,0.01817671678518036,0.4756741225719452,0.04083049046043603
0.2694982565366457,1.130119780180353,390.5,56.48275200546855,513.5,0.0434586226940155,0.015916419494325526,0.48133496642112733,0.040202401589183895
0.2807273505590043,1.130119780180353,377.0,57.44176880972646,527.0,0.040430349111557004,0.013489549772726688,0.48694233894348143,0.038400813674526614
0.2919564445813629,1.130119780180353,368.6,57.34983592591462,535.4,0.039881885051727295,0.014993653822113534,0.48981788754463196,0.03594041079938914
0.3031855386037215,1.130119780180353,346.8,60.187174896722716,557.2,0.036043447256088254,0.015156411437037283,0.5047729551792145,0.042790770887667265
0.31441463262608005,1.130119780180353,336.1,65.11140850841525,567.9,0.03384329676628113,0.01466110711911672,0.5063756883144379,0.04227473812038218
0.32564372664843866,1.130119780180353,306.9,70.76165975560635,597.1,0.023915040493011474,0.01676057968524372,0.5321238160133361,0.035107194151593676
0.33687282067079727,1.130119780180353,270.1,83.19043452453334,633.9,0.033805948495864865,0.02331236880738364,0.5335189759731293,0.03321023652273064
0.3481019146931558,1.130119780180353,231.2,88.42035145370178,672.8,-0.0033665359020233153,0.02773197223933647,0.547900503873825,0.03711658245957644
0.35933100871551443,1.130119780180353,178.4,100.56876723421604,725.6,-3.490447998046875e-05,0.024360441259165824,0.5627418220043182,0.037763156842347934
0.37056010273787304,1.130119780180353,115.3,111.89286296277749,788.7,-0.0369682252407074,0.07511362420153073,0.5601175367832184,0.022470664728836885
0.3817891967602316,1.130119780180353,87.6,96.15820801167294,816.4,-0.16107718348503114,0.3290500326959514,0.5611256122589111,0.023381901291401344
0.3930182907825902,1.130119780180353,66.1,80.80363603284144,837.9,-0.021253055334091185,0.03348807122185411,0.5552172362804413,0.02902741329873157
0.4042473848049488,1.130119780180353,40.5,66.56813598301912,863.5,-0.013989138603210449,0.03369477429397412,0.5540104329586029,0.02766778560514774
0.41547647882730737,1.130119780180353,19.6,44.33828039194036,884.4,-0.011130714416503906,0.02517942534497769,0.5509446859359741,0.031028876729478055
0.426705572849666,1.130119780180353,15.5,35.063436024238534,888.5,-0.012714052200317382,0.02876118425384889,0.5484345436096192,0.02808933590753001
0.43793466687202454,1.130119780180353,0.2,0.4524314325708198,903.8,-0.01867847442626953,0.042253644714572734,0.5419678688049316,0.025266139318112706
3.9529726605751214e-14,1.1665752569162948,556.9,27.247179850817837,347.1,0.14841024875640868,0.028276236086778674,0.38229665756225584,0.03285794287424941
0.01122909402239812,1.1665752569162948,556.6,27.361193780766342,347.4,0.14911623001098634,0.028008708838343357,0.38076303601264955,0.03452182307057283
0.022458188044756713,1.1665752569162948,547.5,31.510458969436275,356.5,0.14064618945121765,0.03378464585237263,0.3912959575653076,0.030621222557903803
0.033687282067115305,1.1665752569162948,536.2,36.79404787450802,367.79999999999995,0.12688329815864563,0.029574755325983682,0.3956428825855255,0.026883709829838398
0.044916376089473894,1.1665752569162948,532.3,40.742630480905895,371.70000000000005,0.12488593459129334,0.0284117358141566,0.398629367351532,0.031019849127087797
0.056145470111832484,1.1665752569162948,526.0,42.39223239395309,378.0,0.11996316313743591,0.026997469504170955,0.4005372107028961,0.028032651662986217
0.06737456413419107,1.1665752569162948,518.3,44.30729955942379,385.70000000000005,0.11186032891273498,0.026163439227333905,0.4106459319591522,0.02728401395012749
0.07860365815654966,1.1665752569162948,511.4,46.38151656836095,392.6,0.10794034004211425,0.027495250780557427,0.41746639013290404,0.03072260595063548
0.08983275217890825,1.1665752569162948,504.2,48.74329017284487,399.8,0.10445759296417237,0.028292650840352408,0.4264310121536255,0.034520797067956854
0.10106184620126685,1.1665752569162948,499.0,50.658628956673354,405.0,0.10468295216560364,0.027235220490103147,0.4282999873161316,0.03424271158912493
0.11229094022362543,1.1665752569162948,492.6,50.91300074360776,411.4,0.10189763307571412,0.029187832143496087,0.43337451219558715,0.03341876694318705
0.12352003424598403,1.1665752569162948,486.2,50.07134972845687,417.8,0.09792653322219849,0.030892993546403673,0.4296884059906006,0.036969249808753955
0.13474912826834262,1.1665752569162948,479.3,51.288922869268035,424.7,0.09434441328048707,0.029979001743651187,0.4387353599071503,0.03582700356014513
0.1459782222907012,1.1665752569162948,473.9,52.00059202656051,430.1,0.0882422149181366,0.026939487757989006,0.4422606468200684,0.036777029821009256
0.1572073163130598,1.1665752569162948,466.8,52.43543891324034,437.2,0.08531234860420227,0.027680273729250318,0.44606769680976865,0.03608474930528164
0.1684364103354184,1.1665752569162948,461.8,50.79291509697305,442.2,0.08198362588882446,0.02558859492749898,0.4504411339759827,0.032084999988088406
0.17966550435777698,1.1665752569162948,453.5,52.140146330792284,450.5,0.0731417953968048,0.019409039279803197,0.4511539161205292,0.03501621831921375
0.19089459838013556,1.1665752569162948,444.3,54.483141980196216,459.7,0.06965538263320922,0.01865233665679046,0.454511696100235,0.03597143736438882
0.20212369240249417,1.1665752569162948,438.2,54.166790490912405,465.8,0.0662017822265625,0.01753106660164561,0.456694233417511,0.038126181357415016
0.21335278642485275,1.1665752569162948,430.1,56.53326426046985,473.9,0.06558361649513245,0.01882334010708045,0.460232549905777,0.041240478497381494
0.22458188044721134,1.1665752569162948,421.0,57.28118649158759,483.0,0.05752428770065308,0.01737517620254862,0.46091710925102236,0.03982412068739468
0.23581097446956995,1.1665752569162948,412.0,56.58006351555805,492.0,0.05198225378990173,0.016271001421560127,0.4653001487255096,0.03843315398853477
0.24704006849192853,1.1665752569162948,406.1,55.679965601579134,497.9,0.04916840195655823,0.018100425064674002,0.469843202829361,0.035532267450145434
0.2582691625142871,1.1665752569162948,397.1,57.24191418364826,506.9,0.044995903968811035,0.01817671678518036,0.4756741225719452,0.04083049046043603
0.2694982565366457,1.1665752569162948,390.5,56.48275200546855,513.5,0.0434586226940155,0.015916419494325526,0.48133496642112733,0.040202401589183895
0.2807273505590043,1.1665752569162948,377.0,57.44176880972646,527.0,0.040430349111557004,0.013489549772726688,0.48694233894348143,0.038400813674526614
0.2919564445813629,1.1665752569162948,368.6,57.34983592591462,535.4,0.039881885051727295,0.014993653822113534,0.48981788754463196,0.03594041079938914
0.3031855386037215,1.1665752569162948,346.8,60.187174896722716,557.2,0.036043447256088254,0.015156411437037283,0.5047729551792145,0.042790770887667265
0.31441463262608005,1.1665752569162948,336.1,65.11140850841525,567.9,0.03384329676628113,0.01466110711911672,0.5063756883144379,0.04227473812038218
0.32564372664843866,1.1665752569162948,306.9,70.76165975560635,597.1,0.023915040493011474,0.01676057968524372,0.5321238160133361,0.035107194151593676
0.33687282067079727,1.1665752569162948,270.1,83.19043452453334,633.9,0.033805948495864865,0.02331236880738364,0.5335189759731293,0.03321023652273064
0.3481019146931558,1.1665752569162948,231.2,88.42035145370178,672.8,-0.0033665359020233153,0.02773197223933647,0.547900503873825,0.03711658245957644
0.35933100871551443,1.1665752569162948,178.4,100.56876723421604,725.6,-3.490447998046875e-05,0.024360441259165824,0.5627418220043182,0.037763156842347934
0.37056010273787304,1.1665752569162948,115.3,111.89286296277749,788.7,-0.0369682252407074,0.07511362420153073,0.5601175367832184,0.022470664728836885
0.3817891967602316,1.1665752569162948,87.6,96.15820801167294,816.4,-0.16107718348503114,0.3290500326959514,0.5611256122589111,0.023381901291401344
0.3930182907825902,1.1665752569162948,66.1,80.80363603284144,837.9,-0.021253055334091185,0.03348807122185411,0.5552172362804413,0.02902741329873157
0.4042473848049488,1.1665752569162948,40.5,66.56813598301912,863.5,-0.013989138603210449,0.03369477429397412,0.5540104329586029,0.02766778560514774
0.41547647882730737,1.1665752569162948,19.6,44.33828039194036,884.4,-0.011130714416503906,0.02517942534497769,0.5509446859359741,0.031028876729478055
0.426705572849666,1.1665752569162948,15.5,35.063436024238534,888.5,-0.012714052200317382,0.02876118425384889,0.5484345436096192,0.02808933590753001
0.43793466687202454,1.1665752569162948,0.2,0.4524314325708198,903.8,-0.01867847442626953,0.042253644714572734,0.5419678688049316,0.025266139318112706
3.9529726605751214e-14,1.2030307336522366,576.7,32.20439367414008,327.29999999999995,0.2084713578224182,0.06182279932445394,0.35847570300102233,0.04189931699050675
0.01122909402239812,1.2030307336522366,576.3,32.31367434940774,327.70000000000005,0.20956233739852906,0.06140002977634466,0.35623358488082885,0.04267680578960725
0.022458188044756713,1.2030307336522366,566.7,37.5894169824711,337.29999999999995,0.2017803132534027,0.06776598802435094,0.3688456296920776,0.040955706868256225
0.033687282067115305,1.2030307336522366,551.0,43.927030438050416,353.0,0.18255431652069093,0.07128642303176203,0.3758245468139648,0.035269657101273895
0.044916376089473894,1.2030307336522366,544.3,47.46704378742655,359.70000000000005,0.1781030535697937,0.07270265253056277,0.38079253435134885,0.039876991902535346
0.056145470111832484,1.2030307336522366,536.7,49.84628502957881,367.29999999999995,0.171514630317688,0.07474195816695879,0.3852989852428436,0.037595660776330406
0.06737456413419107,1.2030307336522366,529.0,52.386836541204104,375.0,0.16341179609298706,0.07756959161936967,0.39540770649909973,0.03933437616888686
0.07860365815654966,1.2030307336522366,521.3,54.32846719664888,382.70000000000005,0.15872488021850586,0.07907137920743544,0.4034350037574768,0.04237350240296211
0.08983275217890825,1.2030307336522366,512.4,55.583635663577724,391.6,0.14913769364356994,0.07799037502895342,0.41649469137191775,0.04228008763645278
0.10106184620126685,1.2030307336522366,504.7,55.4493129501666,399.3,0.13463882803916932,0.06391408049264134,0.42439656853675845,0.03593092596395035
0.11229094022362543,1.2030307336522366,497.3,54.94248409312691,406.7,0.12680413722991943,0.061994938566149176,0.4307447075843811,0.03377251857547676
0.12352003424598403,1.2030307336522366,487.6,51.12697617544252,416.4,0.10935149788856506,0.05187476071277894,0.4290914058685303,0.03758847936649323
0.13474912826834262,1.2030307336522366,479.3,51.288922869268035,424.7,0.09434441328048707,0.029979001743651187,0.4387353599071503,0.03582700356014513
0.1459782222907012,1.2030307336522366,473.9,52.00059202656051,430.1,0.0882422149181366,0.026939487757989006,0.4422606468200684,0.036777029821009256
0.1572073163130598,1.2030307336522366,466.8,52.43543891324034,437.2,0.08531234860420227,0.027680273729250318,0.44606769680976865,0.03608474930528164
0.1684364103354184,1.2030307336522366,461.8,50.79291509697305,442.2,0.08198362588882446,0.02558859492749898,0.4504411339759827,0.032084999988088406
0.17966550435777698,1.2030307336522366,453.5,52.140146330792284,450.5,0.0731417953968048,0.019409039279803197,0.4511539161205292,0.03501621831921375
0.19089459838013556,1.2030307336522366,444.3,54.483141980196216,459.7,0.06965538263320922,0.01865233665679046,0.454511696100235,0.03597143736438882
0.20212369240249417,1.2030307336522366,438.2,54.166790490912405,465.8,0.0662017822265625,0.01753106660164561,0.456694233417511,0.038126181357415016
0.21335278642485275,1.2030307336522366,430.1,56.53326426046985,473.9,0.06558361649513245,0.01882334010708045,0.460232549905777,0.041240478497381494
0.22458188044721134,1.2030307336522366,421.0,57.28118649158759,483.0,0.05752428770065308,0.01737517620254862,0.46091710925102236,0.03982412068739468
0.23581097446956995,1.2030307336522366,412.0,56.58006351555805,492.0,0.05198225378990173,0.016271001421560127,0.4653001487255096,0.03843315398853477
0.24704006849192853,1.2030307336522366,406.1,55.679965601579134,497.9,0.04916840195655823,0.018100425064674002,0.469843202829361,0.035532267450145434
0.2582691625142871,1.2030307336522366,397.1,57.24191418364826,506.9,0.044995903968811035,0.01817671678518036,0.4756741225719452,0.04083049046043603
0.2694982565366457,1.2030307336522366,390.5,56.48275200546855,513.5,0.0434586226940155,0.015916419494325526,0.48133496642112733,0.040202401589183895
0.2807273505590043,1.2030307336522366,377.0,57.44176880972646,527.0,0.040430349111557004,0.013489549772726688,0.48694233894348143,0.038400813674526614
0.2919564445813629,1.2030307336522366,368.6,57.34983592591462,535.4,0.039881885051727295,0.014993653822113534,0.48981788754463196,0.03594041079938914
0.3031855386037215,1.2030307336522366,346.8,60.187174896722716,557.2,0.036043447256088254,0.015156411437037283,0.5047729551792145,0.042790770887667265
0.31441463262608005,1.2030307336522366,336.1,65.11140850841525,567.9,0.03384329676628113,0.01466110711911672,0.5063756883144379,0.04227473812038218
0.32564372664843866,1.2030307336522366,306.9,70.76165975560635,597.1,0.023915040493011474,0.01676057968524372,0.5321238160133361,0.035107194151593676
0.33687282067079727,1.2030307336522366,270.1,83.19043452453334,633.9,0.033805948495864865,0.02331236880738364,0.5335189759731293,0.03321023652273064
0.3481019146931558,1.2030307336522366,231.2,88.42035145370178,672.8,-0.0033665359020233153,0.02773197223933647,0.547900503873825,0.03711658245957644
0.35933100871551443,1.2030307336522366,178.4,100.56876723421604,725.6,-3.490447998046875e-05,0.024360441259165824,0.5627418220043182,0.037763156842347934
0.37056010273787304,1.2030307336522366,115.3,111.89286296277749,788.7,-0.0369682252407074,0.07511362420153073,0.5601175367832184,0.022470664728836885
0.3817891967602316,1.2030307336522366,87.6,96.15820801167294,816.4,-0.16107718348503114,0.3290500326959514,0.5611256122589111,0.023381901291401344
0.3930182907825902,1.2030307336522366,66.1,80.80363603284144,837.9,-0.021253055334091185,0.03348807122185411,0.5552172362804413,0.02902741329873157
0.4042473848049488,1.2030307336522366,40.5,66.56813598301912,863.5,-0.013989138603210449,0.03369477429397412,0.5540104329586029,0.02766778560514774
0.41547647882730737,1.2030307336522366,19.6,44.33828039194036,884.4,-0.011130714416503906,0.02517942534497769,0.5509446859359741,0.031028876729478055
0.426705572849666,1.2030307336522366,15.5,35.063436024238534,888.5,-0.012714052200317382,0.02876118425384889,0.5484345436096192,0.02808933590753001
0.43793466687202454,1.2030307336522366,0.2,0.4524314325708198,903.8,-0.01867847442626953,0.042253644714572734,0.5419678688049316,0.025266139318112706
3.9529726605751214e-14,1.2394862103881783,644.3,71.52619161813584,259.70000000000005,0.3168088972568512,0.13026001619079836,0.2760606825351715,0.0775658335184414
0.01122909402239812,1.2394862103881783,643.9,71.65676165653794,260.1,0.31772948503494264,0.1298468558946581,0.2718858361244202,0.07870742938565418
0.022458188044756713,1.2394862103881783,633.8,76.9848713274887,270.20000000000005,0.3113187074661255,0.13531901181844583,0.29226797819137573,0.0811870887598092
0.033687282067115305,1.2394862103881783,608.6,82.28726025193998,295.4,0.29104377031326295,0.14560563061342652,0.30382325053215026,0.07757267300536508
0.044916376089473894,1.2394862103881783,591.0,85.7633077856288,313.0,0.2810832798480988,0.1526078524875385,0.32697039246559145,0.07904054257050282
0.056145470111832484,1.2394862103881783,578.6,84.32935698633509,325.4,0.27889729142189024,0.15753811650153757,0.3296040713787079,0.07410068184528996
0.06737456413419107,1.2394862103881783,569.0,84.62806238015382,335.0,0.2738562643527985,0.16045931015399378,0.34408289194107056,0.07461262874475133
0.07860365815654966,1.2394862103881783,559.1,83.76802557620466,344.9,0.27093846797943116,0.16245039520355992,0.35428524017333984,0.0763412851647582
0.08983275217890825,1.2394862103881783,549.5,84.08833719633849,354.5,0.26568042635917666,0.16381179545830332,0.3720207393169403,0.07200161002058456
0.10106184620126685,1.2394862103881783,540.1,82.27775861988162,363.9,0.2590899407863617,0.15810012782921828,0.3922768771648407,0.05627166200434766
0.11229094022362543,1.2394862103881783,529.8,78.4039001298982,374.20000000000005,0.25177944302558897,0.15578003604196017,0.40503198504447935,0.05021206993068107
0.12352003424598403,1.2394862103881783,517.9,74.38829037824327,386.1,0.24265413880348205,0.15234524511948594,0.4055855095386505,0.04855221861326163
0.13474912826834262,1.2394862103881783,506.8,72.52855153989584,397.2,0.22412960529327391,0.1428790052053854,0.42387983202934265,0.04298907257539148
0.1459782222907012,1.2394862103881783,494.3,67.38296687651788,409.7,0.18660273551940917,0.13131044604945016,0.431002277135849,0.0382746886791033
0.1572073163130598,1.2394862103881783,480.8,60.4492341078912,423.2,0.15394248962402343,0.1223218779951013,0.4419221878051758,0.039036440213593496
0.1684364103354184,1.2394862103881783,468.5,52.65991132455441,435.5,0.12738571763038636,0.10994674929691339,0.4421518385410309,0.03352325822824872
0.17966550435777698,1.2394862103881783,455.7,52.389061518089626,448.3,0.09982683062553406,0.06747747583370206,0.4494085907936096,0.034748279326291966
0.19089459838013556,1.2394862103881783,444.3,54.483141980196216,459.7,0.06965538263320922,0.01865233665679046,0.454511696100235,0.03597143736438882
0.20212369240249417,1.2394862103881783,438.2,54.166790490912405,465.8,0.0662017822265625,0.01753106660164561,0.456694233417511,0.038126181357415016
0.21335278642485275,1.2394862103881783,430.1,56.53326426046985,473.9,0.06558361649513245,0.01882334010708045,0.460232549905777,0.041240478497381494
0.22458188044721134,1.2394862103881783,421.0,57.28118649158759,483.0,0.05752428770065308,0.01737517620254862,0.46091710925102236,0.03982412068739468
0.23581097446956995,1.2394862103881783,412.0,56.58006351555805,492.0,0.05198225378990173,0.016271001421560127,0.4653001487255096,0.03843315398853477
0.24704006849192853,1.2394862103881783,406.1,55.679965601579134,497.9,0.04916840195655823,0.018100425064674002,0.469843202829361,0.035532267450145434
0.2582691625142871,1.2394862103881783,397.1,57.24191418364826,506.9,0.044995903968811035,0.01817671678518036,0.4756741225719452,0.04083049046043603
0.2694982565366457,1.2394862103881783,390.5,56.48275200546855,513.5,0.0434586226940155,0.015916419494325526,0.48133496642112733,0.040202401589183895
0.2807273505590043,1.2394862103881783,377.0,57.44176880972646,527.0,0.040430349111557004,0.013489549772726688,0.48694233894348143,0.038400813674526614
0.2919564445813629,1.2394862103881783,368.6,57.34983592591462,535.4,0.039881885051727295,0.014993653822113534,0.48981788754463196,0.03594041079938914
0.3031855386037215,1.2394862103881783,346.8,60.187174896722716,557.2,0.036043447256088254,0.015156411437037283,0.5047729551792145,0.042790770887667265
0.31441463262608005,1.2394862103881783,336.1,65.11140850841525,567.9,0.03384329676628113,0.01466110711911672,0.5063756883144379,0.04227473812038218
0.32564372664843866,1.2394862103881783,306.9,70.76165975560635,597.1,0.023915040493011474,0.01676057968524372,0.5321238160133361,0.035107194151593676
0.33687282067079727,1.2394862103881783,270.1,83.19043452453334,633.9,0.033805948495864865,0.02331236880738364,0.5335189759731293,0.03321023652273064
0.3481019146931558,1.2394862103881783,231.2,88.42035145370178,672.8,-0.0033665359020233153,0.02773197223933647,0.547900503873825,0.03711658245957644
0.35933100871551443,1.2394862103881783,178.4,100.56876723421604,725.6,-3.490447998046875e-05,0.024360441259165824,0.5627418220043182,0.037763156842347934
0.37056010273787304,1.2394862103881783,115.3,111.89286296277749,788.7,-0.0369682252407074,0.07511362420153073,0.5601175367832184,0.022470664728836885
0.3817891967602316,1.2394862103881783,87.6,96.15820801167294,816.4,-0.16107718348503114,0.3290500326959514,0.5611256122589111,0.023381901291401344
0.3930182907825902,1.2394862103881783,66.1,80.80363603284144,837.9,-0.021253055334091185,0.03348807122185411,0.5552172362804413,0.02902741329873157
0.4042473848049488,1.2394862103881783,40.5,66.56813598301912,863.5,-0.013989138603210449,0.03369477429397412,0.5540104329586029,0.02766778560514774
0.41547647882730737,1.2394862103881783,19.6,44.33828039194036,884.4,-0.011130714416503906,0.02517942534497769,0.5509446859359741,0.031028876729478055
0.426705572849666,1.2394862103881783,15.5,35.063436024238534,888.5,-0.012714052200317382,0.02876118425384889,0.5484345436096192,0.02808933590753001
0.43793466687202454,1.2394862103881783,0.2,0.4524314325708198,903.8,-0.01867847442626953,0.042253644714572734,0.5419678688049316,0.025266139318112706
3.9529726605751214e-14,1.2759416871241203,702.7,87.75112749855468,201.29999999999995,0.3386878430843353,0.12524299554174256,0.19415344595909118,0.16549737960668848
0.01122909402239812,1.2759416871241203,702.3,87.98408502395884,201.70000000000005,0.33960886001586915,0.1247316732087697,0.18840909600257874,0.16574493499312454
0.022458188044756713,1.2759416871241203,691.5,94.95268273535086,212.5,0.3325460910797119,0.13170704268660138,0.21435706615447997,0.1713124026939094
0.033687282067115305,1.2759416871241203,656.2,97.69201946488462,247.79999999999995,0.3158915162086487,0.14121448581942475,0.2783428907394409,0.10677933282142518
0.044916376089473894,1.2759416871241203,627.2,102.1855338797844,276.79999999999995,0.3002404451370239,0.15058890096131475,0.31297810673713683,0.09061327985439349
0.056145470111832484,1.2759416871241203,607.4,102.02426334802436,296.6,0.2988905072212219,0.15951739170440793,0.3060357928276062,0.0931133712790937
0.06737456413419107,1.2759416871241203,593.4,102.50687003452562,310.6,0.2886748254299164,0.16419625591644815,0.32062360644340515,0.09493531616788345
0.07860365815654966,1.2759416871241203,577.9,97.17359925872857,326.1,0.2844075620174408,0.16518126346947537,0.33837575316429136,0.08868951263735457
0.08983275217890825,1.2759416871241203,565.6,96.32009122813109,338.4,0.2763684391975403,0.16701690068701722,0.3645345509052277,0.07750230057904156
0.10106184620126685,1.2759416871241203,553.0,93.13569633563326,351.0,0.26421837210655214,0.16212031501842822,0.39053148627281187,0.06288862196534221
0.11229094022362543,1.2759416871241203,540.6,87.77649159167404,363.4,0.2559506118297577,0.15970236777179725,0.40556695461273196,0.05359284948065521
0.12352003424598403,1.2759416871241203,528.6,84.69267211560968,375.4,0.24685163497924806,0.15651021818994673,0.4071025252342224,0.05003998645923911
0.13474912826834262,1.2759416871241203,516.4,82.31420436835936,387.6,0.22798846364021302,0.14685893328853653,0.42885756492614746,0.04385048026113635
0.1459782222907012,1.2759416871241203,502.8,76.45273161136929,401.2,0.19071714878082274,0.1361876293172971,0.437226676940918,0.04031980157861388
0.1572073163130598,1.2759416871241203,486.1,65.86504088298912,417.9,0.16062836050987245,0.1296710161631845,0.4452837765216827,0.04442706856443686
0.1684364103354184,1.2759416871241203,469.4,53.2354577242528,434.6,0.1286558449268341,0.11274527120866015,0.4416626453399658,0.03393159957246719
0.17966550435777698,1.2759416871241203,455.7,52.389061518089626,448.3,0.09982683062553406,0.06747747583370206,0.4494085907936096,0.034748279326291966
0.19089459838013556,1.2759416871241203,444.3,54.483141980196216,459.7,0.06965538263320922,0.01865233665679046,0.454511696100235,0.03597143736438882
0.20212369240249417,1.2759416871241203,438.2,54.166790490912405,465.8,0.0662017822265625,0.01753106660164561,0.456694233417511,0.038126181357415016
0.21335278642485275,1.2759416871241203,430.1,56.53326426046985,473.9,0.06558361649513245,0.01882334010708045,0.460232549905777,0.041240478497381494
0.22458188044721134,1.2759416871241203,421.0,57.28118649158759,483.0,0.05752428770065308,0.01737517620254862,0.46091710925102236,0.03982412068739468
0.23581097446956995,1.2759416871241203,412.0,56.58006351555805,492.0,0.05198225378990173,0.016271001421560127,0.4653001487255096,0.03843315398853477
0.24704006849192853,1.2759416871241203,406.1,55.679965601579134,497.9,0.04916840195655823,0.018100425064674002,0.469843202829361,0.035532267450145434
0.2582691625142871,1.2759416871241203,397.1,57.24191418364826,506.9,0.044995903968811035,0.01817671678518036,0.4756741225719452,0.04083049046043603
0.2694982565366457,1.2759416871241203,390.5,56.48275200546855,513.5,0.0434586226940155,0.015916419494325526,0.48133496642112733,0.040202401589183895
0.2807273505590043,1.2759416871241203,377.0,57.44176880972646,527.0,0.040430349111557004,0.013489549772726688,0.48694233894348143,0.038400813674526614
0.2919564445813629,1.2759416871241203,368.6,57.34983592591462,535.4,0.039881885051727295,0.014993653822113534,0.48981788754463196,0.03594041079938914
0.3031855386037215,1.2759416871241203,346.8,60.187174896722716,557.2,0.036043447256088254,0.015156411437037283,0.5047729551792145,0.042790770887667265
0.31441463262608005,1.2759416871241203,336.1,65.11140850841525,567.9,0.03384329676628113,0.01466110711911672,0.5063756883144379,0.04227473812038218
0.32564372664843866,1.2759416871241203,306.9,70.76165975560635,597.1,0.023915040493011474,0.01676057968524372,0.5321238160133361,0.035107194151593676
0.33687282067079727,1.2759416871241203,270.1,83.19043452453334,633.9,0.033805948495864865,0.02331236880738364,0.5335189759731293,0.03321023652273064
0.3481019146931558,1.2759416871241203,231.2,88.42035145370178,672.8,-0.0033665359020233153,0.02773197223933647,0.547900503873825,0.03711658245957644
0.35933100871551443,1.2759416871241203,178.4,100.56876723421604,725.6,-3.490447998046875e-05,0.024360441259165824,0.5627418220043182,0.037763156842347934
0.37056010273787304,1.2759416871241203,115.3,111.89286296277749,788.7,-0.0369682252407074,0.07511362420153073,0.5601175367832184,0.022470664728836885
0.3817891967602316,1.2759416871241203,87.6,96.15820801167294,816.4,-0.16107718348503114,0.3290500326959514,0.5611256122589111,0.023381901291401344
0.3930182907825902,1.2759416871241203,66.1,80.80363603284144,837.9,-0.021253055334091185,0.03348807122185411,0.5552172362804413,0.02902741329873157
0.4042473848049488,1.2759416871241203,40.5,66.56813598301912,863.5,-0.013989138603210449,0.03369477429397412,0.5540104329586029,0.02766778560514774
0.41547647882730737,1.2759416871241203,19.6,44.33828039194036,884.4,-0.011130714416503906,0.02517942534497769,0.5509446859359741,0.031028876729478055
0.426705572849666,1.2759416871241203,15.5,35.063436024238534,888.5,-0.012714052200317382,0.02876118425384889,0.5484345436096192,0.02808933590753001
0.43793466687202454,1.2759416871241203,0.2,0.4524314325708198,903.8,-0.01867847442626953,0.042253644714572734,0.5419678688049316,0.025266139318112706
3.9529726605751214e-14,1.312397163860062,812.2,68.68486003735786,91.79999999999995,0.5057047843933106,0.07606499924738992,0.1404249846935272,0.09213208365567421
0.01122909402239812,1.312397163860062,811.8,68.6947932987595,92.20000000000005,0.5065188586711884,0.07606194758016767,0.12842104434967042,0.09179127913346939
0.022458188044756713,1.312397163860062,800.9,71.21261326995857,103.10000000000002,0.5095325946807862,0.07381379001953695,0.17584832310676574,0.0902995627665027
0.033687282067115305,1.312397163860062,757.0,70.36161377834705,147.0,0.5161771655082703,0.0809703519273235,0.18374378085136414,0.113182323259025
0.044916376089473894,1.312397163860062,726.4,71.52551591036398,177.60000000000002,0.519475907087326,0.08890079906424135,0.22157530784606932,0.08405561873855197
0.056145470111832484,1.312397163860062,704.2,71.54189009005292,199.79999999999995,0.5231599032878875,0.10010041415934955,0.20354028940200805,0.08588764243716528
0.06737456413419107,1.312397163860062,687.2,73.4462508998677,216.79999999999995,0.5227720439434052,0.1083891217837868,0.22248411178588867,0.07880617171342809
0.07860365815654966,1.312397163860062,669.5,71.70419713894734,234.5,0.5217462956905365,0.11206539910468202,0.23948909044265748,0.07935721975496553
0.08983275217890825,1.312397163860062,656.7,73.16721506768496,247.29999999999995,0.5183454155921936,0.11885799518311026,0.26783769130706786,0.07949824997601153
0.10106184620126685,1.312397163860062,644.1,70.5959373989281,259.9,0.5140526235103607,0.12068511728287926,0.29200350046157836,0.08367720808418616
0.11229094022362543,1.312397163860062,631.4,67.280913221008,272.6,0.5096087217330932,0.12320487871226138,0.3067163467407227,0.08589222003826795
0.12352003424598403,1.312397163860062,618.8,66.12983551596803,285.20000000000005,0.5047663569450378,0.1254043756907956,0.30700799226760866,0.08098851343626536
0.13474912826834262,1.312397163860062,605.6,64.5569258854999,298.4,0.48904440402984617,0.13123696671221186,0.33233599066734315,0.08111863492852554
0.1459782222907012,1.312397163860062,590.2,61.21103568609215,313.79999999999995,0.45452553033828735,0.15452028794540287,0.35373308658599856,0.07197544706713642
0.1572073163130598,1.312397163860062,570.3,56.04395135986648,333.70000000000005,0.42386544942855836,0.17382695830737208,0.37470775842666626,0.070472655891024
0.1684364103354184,1.312397163860062,549.1,51.75947633978536,354.9,0.38805335760116577,0.1859124865643004,0.38983986973762513,0.04932427331276242
0.17966550435777698,1.312397163860062,531.1,52.961592920656386,372.9,0.3597379207611084,0.18033012806600549,0.4087254166603088,0.049621752069785766
0.19089459838013556,1.312397163860062,513.3,51.37974860918836,390.70000000000005,0.32567750215530394,0.18531177589010817,0.42638880014419556,0.03750053245748407
0.20212369240249417,1.312397163860062,496.4,49.18849664022156,407.6,0.30666584372520445,0.17839230100157139,0.4424702346324921,0.038320086013620615
0.21335278642485275,1.312397163860062,467.2,47.3504073171902,436.8,0.2465719997882843,0.16610541448463179,0.45985135436058044,0.04139420225982263
0.22458188044721134,1.312397163860062,432.5,59.2200024563831,471.5,0.12822778820991515,0.10344621089063484,0.46142845749855044,0.04234378250066292
0.23581097446956995,1.312397163860062,412.0,56.58006351555805,492.0,0.05198225378990173,0.016271001421560127,0.4653001487255096,0.03843315398853477
0.24704006849192853,1.312397163860062,406.1,55.679965601579134,497.9,0.04916840195655823,0.018100425064674002,0.469843202829361,0.035532267450145434
0.2582691625142871,1.312397163860062,397.1,57.24191418364826,506.9,0.044995903968811035,0.01817671678518036,0.4756741225719452,0.04083049046043603
0.2694982565366457,1.312397163860062,390.5,56.48275200546855,513.5,0.0434586226940155,0.015916419494325526,0.48133496642112733,0.040202401589183895
0.2807273505590043,1.312397163860062,377.0,57.44176880972646,527.0,0.040430349111557004,0.013489549772726688,0.48694233894348143,0.038400813674526614
0.2919564445813629,1.312397163860062,368.6,57.34983592591462,535.4,0.039881885051727295,0.014993653822113534,0.48981788754463196,0.03594041079938914
0.3031855386037215,1.312397163860062,346.8,60.187174896722716,557.2,0.036043447256088254,0.015156411437037283,0.5047729551792145,0.042790770887667265
0.31441463262608005,1.312397163860062,336.1,65.11140850841525,567.9,0.03384329676628113,0.01466110711911672,0.5063756883144379,0.04227473812038218
0.32564372664843866,1.312397163860062,306.9,70.76165975560635,597.1,0.023915040493011474,0.01676057968524372,0.5321238160133361,0.035107194151593676
0.33687282067079727,1.312397163860062,270.1,83.19043452453334,633.9,0.033805948495864865,0.02331236880738364,0.5335189759731293,0.03321023652273064
0.3481019146931558,1.312397163860062,231.2,88.42035145370178,672.8,-0.0033665359020233153,0.02773197223933647,0.547900503873825,0.03711658245957644
0.35933100871551443,1.312397163860062,178.4,100.56876723421604,725.6,-3.490447998046875e-05,0.024360441259165824,0.5627418220043182,0.037763156842347934
0.37056010273787304,1.312397163860062,115.3,111.89286296277749,788.7,-0.0369682252407074,0.07511362420153073,0.5601175367832184,0.022470664728836885
0.3817891967602316,1.312397163860062,87.6,96.15820801167294,816.4,-0.16107718348503114,0.3290500326959514,0.5611256122589111,0.023381901291401344
0.3930182907825902,1.312397163860062,66.1,80.80363603284144,837.9,-0.021253055334091185,0.03348807122185411,0.5552172362804413,0.02902741329873157
0.4042473848049488,1.312397163860062,40.5,66.56813598301912,863.5,-0.013989138603210449,0.03369477429397412,0.5540104329586029,0.02766778560514774
0.41547647882730737,1.312397163860062,19.6,44.33828039194036,884.4,-0.011130714416503906,0.02517942534497769,0.5509446859359741,0.031028876729478055
0.426705572849666,1.312397163860062,15.5,35.063436024238534,888.5,-0.012714052200317382,0.02876118425384889,0.5484345436096192,0.02808933590753001
0.43793466687202454,1.312397163860062,0.2,0.4524314325708198,903.8,-0.01867847442626953,0.042253644714572734,0.5419678688049316,0.025266139318112706
3.9529726605751214e-14,1.3488526405960037,878.9,22.278260533679337,25.100000000000023,0.5459697723388672,0.026471370589562546,0.08591588735580444,0.09292964732963933
0.01122909402239812,1.3488526405960037,878.5,22.30835665427235,25.5,0.5467271089553833,0.0257037043748877,0.03703470230102539,0.11088770596802724
0.022458188044756713,1.3488526405960037,867.0,26.419826381285464,37.0,0.5489856898784637,0.026172498318380467,0.05523243546485901,0.13260003826830752
0.033687282067115305,1.3488526405960037,815.9,23.84391867588246,88.10000000000002,0.5585111796855926,0.02881234137231223,0.1468275785446167,0.09050863100493822
0.044916376089473894,1.3488526405960037,781.5,25.56282080504556,122.5,0.5654709100723266,0.031067886796235566,0.18516170382499694,0.058067566282102884
0.056145470111832484,1.3488526405960037,757.7,29.71588339646253,146.29999999999995,0.573583596944809,0.03563377463261177,0.17250622510910035,0.05170268820032687
0.06737456413419107,1.3488526405960037,740.7,32.916869902620235,163.29999999999995,0.5771135687828064,0.039183023795968615,0.19558537602424622,0.04713184546962098
0.07860365815654966,1.3488526405960037,721.8,33.25841210229535,182.20000000000005,0.5776262044906616,0.041203749182878585,0.21348337531089784,0.05476163770766849
0.08983275217890825,1.3488526405960037,708.4,35.64554864373337,195.60000000000002,0.5776618599891663,0.04378613802645801,0.24147481322288514,0.059433472692975386
0.10106184620126685,1.3488526405960037,694.2,34.622091821535875,209.79999999999995,0.5731416583061218,0.05107259736137597,0.26236009001731875,0.07262108532642338
0.11229094022362543,1.3488526405960037,679.1,32.84147036533976,224.89999999999998,0.569181251525879,0.05809004770574229,0.27563521862030027,0.07651795262201061
0.12352003424598403,1.3488526405960037,663.2,32.90607209060259,240.79999999999995,0.5654716074466706,0.06406159848599079,0.2702295780181885,0.07612999083960785
0.13474912826834262,1.3488526405960037,648.8,33.5427048503159,255.20000000000005,0.5504288136959076,0.08116702725411433,0.29545481204986573,0.07804925555998303
0.1459782222907012,1.3488526405960037,631.4,35.10549179106957,272.6,0.5159600377082825,0.12506392465401353,0.3210552215576172,0.07032268858663521
0.1572073163130598,1.3488526405960037,608.9,33.62338113659292,295.1,0.4854611575603485,0.15454171025076277,0.34628584384918215,0.07249514955989551
0.1684364103354184,1.3488526405960037,584.1,35.54051369662134,319.9,0.45044522285461425,0.1755966571000013,0.3619776010513306,0.05900353515234225
0.17966550435777698,1.3488526405960037,563.5,37.814430366987374,340.5,0.4224115967750549,0.17691566548984397,0.38402592539787295,0.06180831734205438
0.19089459838013556,1.3488526405960037,543.3,40.09977998947799,360.70000000000005,0.3893706977367401,0.1890501708220713,0.40659221410751345,0.05088294769156553
0.20212369240249417,1.3488526405960037,523.8,38.39718869507699,380.20000000000005,0.3760131120681763,0.18775316655493374,0.4205994069576263,0.053957942892110984
0.21335278642485275,1.3488526405960037,493.2,44.251762083223404,410.8,0.3155033469200134,0.18764219774918336,0.444186270236969,0.051608359679881734
0.22458188044721134,1.3488526405960037,455.0,60.60254817363252,449.0,0.19617639780044555,0.1610595188133317,0.4571618020534515,0.04290438134447596
0.23581097446956995,1.3488526405960037,428.3,56.309136578343654,475.7,0.10678747892379761,0.12726808986036903,0.4677329480648041,0.03888600795017708
0.24704006849192853,1.3488526405960037,416.9,53.25601421316946,487.1,0.09896250963211059,0.11690768653612384,0.47309600114822387,0.036193691483907824
0.2582691625142871,1.3488526405960037,402.8,54.548589599780556,501.2,0.08341172933578492,0.09327848214444011,0.47839430570602415,0.041603428087179026
0.2694982565366457,1.3488526405960037,390.5,56.48275200546855,513.5,0.0434586226940155,0.015916419494325526,0.48133496642112733,0.040202401589183895
0.2807273505590043,1.3488526405960037,377.0,57.44176880972646,527.0,0.040430349111557004,0.013489549772726688,0.48694233894348143,0.038400813674526614
0.2919564445813629,1.3488526405960037,368.6,57.34983592591462,535.4,0.039881885051727295,0.014993653822113534,0.48981788754463196,0.03594041079938914
0.3031855386037215,1.3488526405960037,346.8,60.187174896722716,557.2,0.036043447256088254,0.015156411437037283,0.5047729551792145,0.042790770887667265
0.31441463262608005,1.3488526405960037,336.1,65.11140850841525,567.9,0.03384329676628113,0.01466110711911672,0.5063756883144379,0.04227473812038218
0.32564372664843866,1.3488526405960037,306.9,70.76165975560635,597.1,0.023915040493011474,0.01676057968524372,0.5321238160133361,0.035107194151593676
0.33687282067079727,1.3488526405960037,270.1,83.19043452453334,633.9,0.033805948495864865,0.02331236880738364,0.5335189759731293,0.03321023652273064
0.3481019146931558,1.3488526405960037,231.2,88.42035145370178,672.8,-0.0033665359020233153,0.02773197223933647,0.547900503873825,0.03711658245957644
0.35933100871551443,1.3488526405960037,178.4,100.56876723421604,725.6,-3.490447998046875e-05,0.024360441259165824,0.5627418220043182,0.037763156842347934
0.37056010273787304,1.3488526405960037,115.3,111.89286296277749,788.7,-0.0369682252407074,0.07511362420153073,0.5601175367832184,0.022470664728836885
0.3817891967602316,1.3488526405960037,87.6,96.15820801167294,816.4,-0.16107718348503114,0.3290500326959514,0.5611256122589111,0.023381901291401344
0.3930182907825902,1.3488526405960037,66.1,80.80363603284144,837.9,-0.021253055334091185,0.03348807122185411,0.5552172362804413,0.02902741329873157
0.4042473848049488,1.3488526405960037,40.5,66.56813598301912,863.5,-0.013989138603210449,0.03369477429397412,0.5540104329586029,0.02766778560514774
0.41547647882730737,1.3488526405960037,19.6,44.33828039194036,884.4,-0.011130714416503906,0.02517942534497769,0.5509446859359741,0.031028876729478055
0.426705572849666,1.3488526405960037,15.5,35.063436024238534,888.5,-0.012714052200317382,0.02876118425384889,0.5484345436096192,0.02808933590753001
0.43793466687202454,1.3488526405960037,0.2,0.4524314325708198,903.8,-0.01867847442626953,0.042253644714572734,0.5419678688049316,0.025266139318112706
3.9529726605751214e-14,1.3853081173319455,902.7,3.9621847559588286,1.2999999999999545,0.542289650440216,0.025214176070790035,0.018834757804870605,0.04260718227891019
0.01122909402239812,1.3853081173319455,902.3,3.889770306467988,1.7000000000000455,0.5430364787578583,0.024450354435194336,-0.09517247676849365,0.2660279041158614
0.022458188044756713,1.3853081173319455,890.7,10.189756304621975,13.299999999999955,0.5451883494853973,0.024790225924457877,-0.5857308626174926,1.1021670133726371
0.033687282067115305,1.3853081173319455,836.4,14.107834523607465,67.60000000000002,0.5550046265125275,0.02696974942262546,0.10710066556930542,0.09595041617682555
0.044916376089473894,1.3853081173319455,797.6,19.827993571279656,106.39999999999998,0.5634468615055084,0.029385766739618784,0.14955037832260132,0.06932880570734072
0.056145470111832484,1.3853081173319455,773.3,26.764186351777504,130.70000000000005,0.5714112341403961,0.034110863096569265,0.14115779995918273,0.06280340210540725
0.06737456413419107,1.3853081173319455,754.8,29.68477374465775,149.20000000000005,0.5747968435287476,0.037600202919717766,0.17449628114700316,0.05658803887487481
0.07860365815654966,1.3853081173319455,734.6,32.047137761598016,169.39999999999998,0.5755365312099456,0.03952893437007788,0.19494234919548034,0.06231561701831225
0.08983275217890825,1.3853081173319455,719.7,31.432409446879074,184.29999999999995,0.5751830101013183,0.04202277696950563,0.22904204726219177,0.06346049894059036
0.10106184620126685,1.3853081173319455,704.9,31.311701937018114,199.10000000000002,0.57089564204216,0.049403440685371273,0.24824321269989014,0.07752866036235634
0.11229094022362543,1.3853081173319455,689.4,30.290388592432528,214.60000000000002,0.566856998205185,0.0565174283972209,0.26216917634010317,0.08150221802634686
0.12352003424598403,1.3853081173319455,673.3,32.42258669508264,230.70000000000005,0.563117629289627,0.06253020015601474,0.2566861629486084,0.08102283405804599
0.13474912826834262,1.3853081173319455,658.8,34.5777215715725,245.20000000000005,0.5480233311653138,0.0796390437033847,0.28204107880592344,0.08512072299093217
0.1459782222907012,1.3853081173319455,640.3,37.6981702092981,263.70000000000005,0.5141746997833252,0.12402811984961053,0.3062343060970306,0.08220935615756425
0.1572073163130598,1.3853081173319455,615.7,36.246397069382915,288.29999999999995,0.4843618392944336,0.15388796705712626,0.3350202202796936,0.08159764215810916
0.1684364103354184,1.3853081173319455,590.5,39.85543163600286,313.5,0.44971221685409546,0.17512635238608643,0.3518219590187073,0.06962144903478203
0.17966550435777698,1.3853081173319455,568.2,40.84820868536611,335.79999999999995,0.42176247835159303,0.17643457493517464,0.37914904952049255,0.0667165603637507
0.19089459838013556,1.3853081173319455,547.5,43.22930449944133,356.5,0.38875806927680967,0.1885508883396087,0.4023515284061432,0.057026976493977456
0.20212369240249417,1.3853081173319455,527.4,41.19528359614853,376.6,0.3754339098930359,0.18723079101799414,0.41730775833129885,0.059444181639576016
0.21335278642485275,1.3853081173319455,496.6,47.500751949689096,407.4,0.31496254801750184,0.18706770261306951,0.4422323822975159,0.054390585532151134
0.22458188044721134,1.3853081173319455,458.0,63.04437161139069,446.0,0.19621880650520324,0.16112648690888032,0.4564579427242279,0.043220886814398174
0.23581097446956995,1.3853081173319455,430.3,57.91598509267461,473.7,0.10705569982528687,0.12786998852029133,0.46787023544311523,0.03893460087752778
0.24704006849192853,1.3853081173319455,417.8,53.554497212715894,486.2,0.09942181706428528,0.11793461187743196,0.4731567144393921,0.03622013627266911
0.2582691625142871,1.3853081173319455,402.8,54.548589599780556,501.2,0.08341172933578492,0.09327848214444011,0.47839430570602415,0.041603428087179026
0.2694982565366457,1.3853081173319455,390.5,56.48275200546855,513.5,0.0434586226940155,0.015916419494325526,0.48133496642112733,0.040202401589183895
0.2807273505590043,1.3853081173319455,377.0,57.44176880972646,527.0,0.040430349111557004,0.013489549772726688,0.48694233894348143,0.038400813674526614
0.2919564445813629,1.3853081173319455,368.6,57.34983592591462,535.4,0.039881885051727295,0.014993653822113534,0.48981788754463196,0.03594041079938914
0.3031855386037215,1.3853081173319455,346.8,60.187174896722716,557.2,0.036043447256088254,0.015156411437037283,0.5047729551792145,0.042790770887667265
0.31441463262608005,1.3853081173319455,336.1,65.11140850841525,567.9,0.03384329676628113,0.01466110711911672,0.5063756883144379,0.04227473812038218
0.32564372664843866,1.3853081173319455,306.9,70.76165975560635,597.1,0.023915040493011474,0.01676057968524372,0.5321238160133361,0.035107194151593676
0.33687282067079727,1.3853081173319455,270.1,83.19043452453334,633.9,0.033805948495864865,0.02331236880738364,0.5335189759731293,0.03321023652273064
0.3481019146931558,1.3853081173319455,231.2,88.42035145370178,672.8,-0.0033665359020233153,0.02773197223933647,0.547900503873825,0.03711658245957644
0.35933100871551443,1.3853081173319455,178.4,100.56876723421604,725.6,-3.490447998046875e-05,0.024360441259165824,0.5627418220043182,0.037763156842347934
0.37056010273787304,1.3853081173319455,115.3,111.89286296277749,788.7,-0.0369682252407074,0.07511362420153073,0.5601175367832184,0.022470664728836885
0.3817891967602316,1.3853081173319455,87.6,96.15820801167294,816.4,-0.16107718348503114,0.3290500326959514,0.5611256122589111,0.023381901291401344
0.3930182907825902,1.3853081173319455,66.1,80.80363603284144,837.9,-0.021253055334091185,0.03348807122185411,0.5552172362804413,0.02902741329873157
0.4042473848049488,1.3853081173319455,40.5,66.56813598301912,863.5,-0.013989138603210449,0.03369477429397412,0.5540104329586029,0.02766778560514774
0.41547647882730737,1.3853081173319455,19.6,44.33828039194036,884.4,-0.011130714416503906,0.02517942534497769,0.5509446859359741,0.031028876729478055
0.426705572849666,1.3853081173319455,15.5,35.063436024238534,888.5,-0.012714052200317382,0.02876118425384889,0.5484345436096192,0.02808933590753001
0.43793466687202454,1.3853081173319455,0.2,0.4524314325708198,903.8,-0.01867847442626953,0.042253644714572734,0.5419678688049316,0.025266139318112706
3.9529726605751214e-14,1.4217635940678872,904.5,0.37702619380901653,-0.5,0.541922652721405,0.02527511246175802,0.0,0.0
0.01122909402239812,1.4217635940678872,904.1,0.6263629556878303,-0.10000000000002274,0.5426694810390472,0.024519546344633932,-0.11400723457336426,0.2579022823073235
0.022458188044756713,1.4217635940678872,891.9,9.758789735315734,12.100000000000023,0.5451979577541352,0.024788796693591682,-0.6142960011959075,1.0928195875234759
0.033687282067115305,1.4217635940678872,836.4,14.107834523607465,67.60000000000002,0.5550046265125275,0.02696974942262546,0.10710066556930542,0.09595041617682555
0.044916376089473894,1.4217635940678872,797.6,19.827993571279656,106.39999999999998,0.5634468615055084,0.029385766739618784,0.14955037832260132,0.06932880570734072
0.056145470111832484,1.4217635940678872,773.3,26.764186351777504,130.70000000000005,0.5714112341403961,0.034110863096569265,0.14115779995918273,0.06280340210540725
0.06737456413419107,1.4217635940678872,754.8,29.68477374465775,149.20000000000005,0.5747968435287476,0.037600202919717766,0.17449628114700316,0.05658803887487481
0.07860365815654966,1.4217635940678872,734.6,32.047137761598016,169.39999999999998,0.5755365312099456,0.03952893437007788,0.19494234919548034,0.06231561701831225
0.08983275217890825,1.4217635940678872,719.7,31.432409446879074,184.29999999999995,0.5751830101013183,0.04202277696950563,0.22904204726219177,0.06346049894059036
0.10106184620126685,1.4217635940678872,704.9,31.311701937018114,199.10000000000002,0.57089564204216,0.049403440685371273,0.24824321269989014,0.07752866036235634
0.11229094022362543,1.4217635940678872,689.4,30.290388592432528,214.60000000000002,0.566856998205185,0.0565174283972209,0.26216917634010317,0.08150221802634686
0.12352003424598403,1.4217635940678872,673.3,32.42258669508264,230.70000000000005,0.563117629289627,0.06253020015601474,0.2566861629486084,0.08102283405804599
0.13474912826834262,1.4217635940678872,658.8,34.5777215715725,245.20000000000005,0.5480233311653138,0.0796390437033847,0.28204107880592344,0.08512072299093217
0.1459782222907012,1.4217635940678872,640.3,37.6981702092981,263.70000000000005,0.5141746997833252,0.12402811984961053,0.3062343060970306,0.08220935615756425
0.1572073163130598,1.4217635940678872,615.7,36.246397069382915,288.29999999999995,0.4843618392944336,0.15388796705712626,0.3350202202796936,0.08159764215810916
0.1684364103354184,1.4217635940678872,590.5,39.85543163600286,313.5,0.44971221685409546,0.17512635238608643,0.3518219590187073,0.06962144903478203
0.17966550435777698,1.4217635940678872,568.2,40.84820868536611,335.79999999999995,0.42176247835159303,0.17643457493517464,0.37914904952049255,0.0667165603637507
0.19089459838013556,1.4217635940678872,547.5,43.22930449944133,356.5,0.38875806927680967,0.1885508883396087,0.4023515284061432,0.057026976493977456
0.20212369240249417,1.4217635940678872,527.4,41.19528359614853,376.6,0.3754339098930359,0.18723079101799414,0.41730775833129885,0.059444181639576016
0.21335278642485275,1.4217635940678872,496.6,47.500751949689096,407.4,0.31496254801750184,0.18706770261306951,0.4422323822975159,0.054390585532151134
0.22458188044721134,1.4217635940678872,458.0,63.04437161139069,446.0,0.19621880650520324,0.16112648690888032,0.4564579427242279,0.043220886814398174
0.23581097446956995,1.4217635940678872,430.3,57.91598509267461,473.7,0.10705569982528687,0.12786998852029133,0.46787023544311523,0.03893460087752778
0.24704006849192853,1.4217635940678872,417.8,53.554497212715894,486.2,0.09942181706428528,0.11793461187743196,0.4731567144393921,0.03622013627266911
0.2582691625142871,1.4217635940678872,402.8,54.548589599780556,501.2,0.08341172933578492,0.09327848214444011,0.47839430570602415,0.041603428087179026
0.2694982565366457,1.4217635940678872,390.5,56.48275200546855,513.5,0.0434586226940155,0.015916419494325526,0.48133496642112733,0.040202401589183895
0.2807273505590043,1.4217635940678872,377.0,57.44176880972646,527.0,0.040430349111557004,0.013489549772726688,0.48694233894348143,0.038400813674526614
0.2919564445813629,1.4217635940678872,368.6,57.34983592591462,535.4,0.039881885051727295,0.014993653822113534,0.48981788754463196,0.03594041079938914
0.3031855386037215,1.4217635940678872,346.8,60.187174896722716,557.2,0.036043447256088254,0.015156411437037283,0.5047729551792145,0.042790770887667265
0.31441463262608005,1.4217635940678872,336.1,65.11140850841525,567.9,0.03384329676628113,0.01466110711911672,0.5063756883144379,0.04227473812038218
0.32564372664843866,1.4217635940678872,306.9,70.76165975560635,597.1,0.023915040493011474,0.01676057968524372,0.5321238160133361,0.035107194151593676
0.33687282067079727,1.4217635940678872,270.1,83.19043452453334,633.9,0.033805948495864865,0.02331236880738364,0.5335189759731293,0.03321023652273064
0.3481019146931558,1.4217635940678872,231.2,88.42035145370178,672.8,-0.0033665359020233153,0.02773197223933647,0.547900503873825,0.03711658245957644
0.35933100871551443,1.4217635940678872,178.4,100.56876723421604,725.6,-3.490447998046875e-05,0.024360441259165824,0.5627418220043182,0.037763156842347934
0.37056010273787304,1.4217635940678872,115.3,111.89286296277749,788.7,-0.0369682252407074,0.07511362420153073,0.5601175367832184,0.022470664728836885
0.3817891967602316,1.4217635940678872,87.6,96.15820801167294,816.4,-0.16107718348503114,0.3290500326959514,0.5611256122589111,0.023381901291401344
0.3930182907825902,1.4217635940678872,66.1,80.80363603284144,837.9,-0.021253055334091185,0.03348807122185411,0.5552172362804413,0.02902741329873157
0.4042473848049488,1.4217635940678872,40.5,66.56813598301912,863.5,-0.013989138603210449,0.03369477429397412,0.5540104329586029,0.02766778560514774
0.41547647882730737,1.4217635940678872,19.6,44.33828039194036,884.4,-0.011130714416503906,0.02517942534497769,0.5509446859359741,0.031028876729478055
0.426705572849666,1.4217635940678872,15.5,35.063436024238534,888.5,-0.012714052200317382,0.02876118425384889,0.5484345436096192,0.02808933590753001
0.43793466687202454,1.4217635940678872,0.2,0.4524314325708198,903.8,-0.01867847442626953,0.042253644714572734,0.5419678688049316,0.025266139318112706
