rho_th,IA_th,count_in,count_in_CI,count_out,r2_in,r2in_CI,r2_out,r2out_CI
0.008337642066180706,0.8197853512657552,0.1,0.2262157162854099,903.9,0.0,0.0,0.5418731331825256,0.02523012794649957
0.023246335725371655,0.8197853512657552,0.1,0.2262157162854099,903.9,0.0,0.0,0.5418731331825256,0.02523012794649957
0.038155029384562604,0.8197853512657552,0.1,0.2262157162854099,903.9,0.0,0.0,0.5418731331825256,0.02523012794649957
0.05306372304375355,0.8197853512657552,0.1,0.2262157162854099,903.9,0.0,0.0,0.5418731331825256,0.02523012794649957
0.0679724167029445,0.8197853512657552,0.1,0.2262157162854099,903.9,0.0,0.0,0.5418731331825256,0.02523012794649957
0.08288111036213545,0.8197853512657552,0.1,0.2262157162854099,903.9,0.0,0.0,0.5418731331825256,0.02523012794649957
0.09778980402132639,0.8197853512657552,0.1,0.2262157162854099,903.9,0.0,0.0,0.5418731331825256,0.02523012794649957
0.11269849768051735,0.8197853512657552,0.1,0.2262157162854099,903.9,0.0,0.0,0.5418731331825256,0.02523012794649957
0.1276071913397083,0.8197853512657552,0.1,0.2262157162854099,903.9,0.0,0.0,0.5418731331825256,0.02523012794649957
0.14251588499889925,0.8197853512657552,0.1,0.2262157162854099,903.9,0.0,0.0,0.5418731331825256,0.02523012794649957
0.1574245786580902,0.8197853512657552,0.1,0.2262157162854099,903.9,0.0,0.0,0.5418731331825256,0.02523012794649957
0.17233327231728116,0.8197853512657552,0.1,0.2262157162854099,903.9,0.0,0.0,0.5418731331825256,0.02523012794649957
0.18724196597647208,0.8197853512657552,0.1,0.2262157162854099,903.9,0.0,0.0,0.5418731331825256,0.02523012794649957
0.20215065963566303,0.8197853512657552,0.1,0.2262157162854099,903.9,0.0,0.0,0.5418731331825256,0.02523012794649957
0.21705935329485398,0.8197853512657552,0.1,0.2262157162854099,903.9,0.0,0.0,0.5418731331825256,0.02523012794649957
0.23196804695404494,0.8197853512657552,0.1,0.2262157162854099,903.9,0.0,0.0,0.5418731331825256,0.02523012794649957
0.2468767406132359,0.8197853512657552,0.1,0.2262157162854099,903.9,0.0,0.0,0.5418731331825256,0.02523012794649957
0.26178543427242684,0.8197853512657552,0.1,0.2262157162854099,903.9,0.0,0.0,0.5418731331825256,0.02523012794649957
0.2766941279316178,0.8197853512657552,0.1,0.2262157162854099,903.9,0.0,0.0,0.5418731331825256,0.02523012794649957
0.29160282159080875,0.8197853512657552,0.1,0.2262157162854099,903.9,0.0,0.0,0.5418731331825256,0.02523012794649957
0.3065115152499997,0.8197853512657552,0.1,0.2262157162854099,903.9,0.0,0.0,0.5418731331825256,0.02523012794649957
0.32142020890919065,0.8197853512657552,0.1,0.2262157162854099,903.9,0.0,0.0,0.5418731331825256,0.02523012794649957
0.3363289025683816,0.8197853512657552,0.1,0.2262157162854099,903.9,0.0,0.0,0.5418731331825256,0.02523012794649957
0.35123759622757256,0.8197853512657552,0.1,0.2262157162854099,903.9,0.0,0.0,0.5418731331825256,0.02523012794649957
0.36614628988676345,0.8197853512657552,0.1,0.2262157162854099,903.9,0.0,0.0,0.5418731331825256,0.02523012794649957
0.3810549835459544,0.8197853512657552,0.1,0.2262157162854099,903.9,0.0,0.0,0.5418731331825256,0.02523012794649957
0.39596367720514536,0.8197853512657552,0.1,0.2262157162854099,903.9,0.0,0.0,0.5418731331825256,0.02523012794649957
0.4108723708643363,0.8197853512657552,0.1,0.2262157162854099,903.9,0.0,0.0,0.5418731331825256,0.02523012794649957
0.42578106452352726,0.8197853512657552,0.1,0.2262157162854099,903.9,0.0,0.0,0.5418731331825256,0.02523012794649957
0.4406897581827182,0.8197853512657552,0.1,0.2262157162854099,903.9,0.0,0.0,0.5418731331825256,0.02523012794649957
0.45559845184190917,0.8197853512657552,0.0,0.0,904.0,0.0,0.0,0.541922652721405,0.02527511246175802
0.4705071455011001,0.8197853512657552,0.0,0.0,904.0,0.0,0.0,0.541922652721405,0.02527511246175802
0.4854158391602911,0.8197853512657552,0.0,0.0,904.0,0.0,0.0,0.541922652721405,0.02527511246175802
0.5003245328194821,0.8197853512657552,0.0,0.0,904.0,0.0,0.0,0.541922652721405,0.02527511246175802
0.515233226478673,0.8197853512657552,0.0,0.0,904.0,0.0,0.0,0.541922652721405,0.02527511246175802
0.5301419201378639,0.8197853512657552,0.0,0.0,904.0,0.0,0.0,0.541922652721405,0.02527511246175802
0.5450506137970549,0.8197853512657552,0.0,0.0,904.0,0.0,0.0,0.541922652721405,0.02527511246175802
0.5599593074562458,0.8197853512657552,0.0,0.0,904.0,0.0,0.0,0.541922652721405,0.02527511246175802
0.5748680011154368,0.8197853512657552,0.0,0.0,904.0,0.0,0.0,0.541922652721405,0.02527511246175802
0.5897766947746277,0.8197853512657552,0.0,0.0,904.0,0.0,0.0,0.541922652721405,0.02527511246175802
0.008337642066180706,0.8358667665714352,28.5,64.47147914134183,875.5,0.004321163892745972,0.0097751518518418,0.5347400605678558,0.023905578645629918
0.023246335725371655,0.8358667665714352,28.5,64.47147914134183,875.5,0.004321163892745972,0.0097751518518418,0.5347400605678558,0.023905578645629918
0.038155029384562604,0.8358667665714352,28.5,64.47147914134183,875.5,0.004321163892745972,0.0097751518518418,0.5347400605678558,0.023905578645629918
0.05306372304375355,0.8358667665714352,28.5,64.47147914134183,875.5,0.004321163892745972,0.0097751518518418,0.5347400605678558,0.023905578645629918
0.0679724167029445,0.8358667665714352,28.5,64.47147914134183,875.5,0.004321163892745972,0.0097751518518418,0.5347400605678558,0.023905578645629918
0.08288111036213545,0.8358667665714352,28.5,64.47147914134183,875.5,0.004321163892745972,0.0097751518518418,0.5347400605678558,0.023905578645629918
0.09778980402132639,0.8358667665714352,28.5,64.47147914134183,875.5,0.004321163892745972,0.0097751518518418,0.5347400605678558,0.023905578645629918
0.11269849768051735,0.8358667665714352,28.5,64.47147914134183,875.5,0.004321163892745972,0.0097751518518418,0.5347400605678558,0.023905578645629918
0.1276071913397083,0.8358667665714352,28.5,64.47147914134183,875.5,0.004321163892745972,0.0097751518518418,0.5347400605678558,0.023905578645629918
0.14251588499889925,0.8358667665714352,28.5,64.47147914134183,875.5,0.004321163892745972,0.0097751518518418,0.5347400605678558,0.023905578645629918
0.1574245786580902,0.8358667665714352,28.5,64.47147914134183,875.5,0.004321163892745972,0.0097751518518418,0.5347400605678558,0.023905578645629918
0.17233327231728116,0.8358667665714352,28.5,64.47147914134183,875.5,0.004321163892745972,0.0097751518518418,0.5347400605678558,0.023905578645629918
0.18724196597647208,0.8358667665714352,28.5,64.47147914134183,875.5,0.004321163892745972,0.0097751518518418,0.5347400605678558,0.023905578645629918
0.20215065963566303,0.8358667665714352,28.5,64.47147914134183,875.5,0.004321163892745972,0.0097751518518418,0.5347400605678558,0.023905578645629918
0.21705935329485398,0.8358667665714352,28.5,64.47147914134183,875.5,0.004321163892745972,0.0097751518518418,0.5347400605678558,0.023905578645629918
0.23196804695404494,0.8358667665714352,28.5,64.47147914134183,875.5,0.004321163892745972,0.0097751518518418,0.5347400605678558,0.023905578645629918
0.2468767406132359,0.8358667665714352,28.5,64.47147914134183,875.5,0.004321163892745972,0.0097751518518418,0.5347400605678558,0.023905578645629918
0.26178543427242684,0.8358667665714352,28.5,64.47147914134183,875.5,0.004321163892745972,0.0097751518518418,0.5347400605678558,0.023905578645629918
0.2766941279316178,0.8358667665714352,28.5,64.47147914134183,875.5,0.004321163892745972,0.0097751518518418,0.5347400605678558,0.023905578645629918
0.29160282159080875,0.8358667665714352,28.5,64.47147914134183,875.5,0.004321163892745972,0.0097751518518418,0.5347400605678558,0.023905578645629918
0.3065115152499997,0.8358667665714352,28.5,64.47147914134183,875.5,0.004321163892745972,0.0097751518518418,0.5347400605678558,0.023905578645629918
0.32142020890919065,0.8358667665714352,28.5,64.47147914134183,875.5,0.004321163892745972,0.0097751518518418,0.5347400605678558,0.023905578645629918
0.3363289025683816,0.8358667665714352,28.5,64.47147914134183,875.5,0.004321163892745972,0.0097751518518418,0.5347400605678558,0.023905578645629918
0.35123759622757256,0.8358667665714352,28.5,64.47147914134183,875.5,0.004321163892745972,0.0097751518518418,0.5347400605678558,0.023905578645629918
0.36614628988676345,0.8358667665714352,28.5,64.47147914134183,875.5,0.004321163892745972,0.0097751518518418,0.5347400605678558,0.023905578645629918
0.3810549835459544,0.8358667665714352,28.5,64.47147914134183,875.5,0.004321163892745972,0.0097751518518418,0.5347400605678558,0.023905578645629918
0.39596367720514536,0.8358667665714352,28.5,64.47147914134183,875.5,0.004321163892745972,0.0097751518518418,0.5347400605678558,0.023905578645629918
0.4108723708643363,0.8358667665714352,28.5,64.47147914134183,875.5,0.004321163892745972,0.0097751518518418,0.5347400605678558,0.023905578645629918
0.42578106452352726,0.8358667665714352,28.5,64.47147914134183,875.5,0.004321163892745972,0.0097751518518418,0.5347400605678558,0.023905578645629918
0.4406897581827182,0.8358667665714352,28.5,64.47147914134183,875.5,0.004321163892745972,0.0097751518518418,0.5347400605678558,0.023905578645629918
0.45559845184190917,0.8358667665714352,17.5,39.58775034994674,886.5,-0.0010465264320373535,0.0023674072643494427,0.5443140208721161,0.0279001337787957
0.4705071455011001,0.8358667665714352,4.6,10.405922949128856,899.4,-0.02707716226577759,0.06125279656929149,0.5464221358299255,0.0308222354050594
0.4854158391602911,0.8358667665714352,0.0,0.0,904.0,0.0,0.0,0.541922652721405,0.02527511246175802
0.5003245328194821,0.8358667665714352,0.0,0.0,904.0,0.0,0.0,0.541922652721405,0.02527511246175802
0.515233226478673,0.8358667665714352,0.0,0.0,904.0,0.0,0.0,0.541922652721405,0.02527511246175802
0.5301419201378639,0.8358667665714352,0.0,0.0,904.0,0.0,0.0,0.541922652721405,0.02527511246175802
0.5450506137970549,0.8358667665714352,0.0,0.0,904.0,0.0,0.0,0.541922652721405,0.02527511246175802
0.5599593074562458,0.8358667665714352,0.0,0.0,904.0,0.0,0.0,0.541922652721405,0.02527511246175802
0.5748680011154368,0.8358667665714352,0.0,0.0,904.0,0.0,0.0,0.541922652721405,0.02527511246175802
0.5897766947746277,0.8358667665714352,0.0,0.0,904.0,0.0,0.0,0.541922652721405,0.02527511246175802
0.008337642066180706,0.8519481818771152,116.2,96.71926369156755,787.8,0.00595700740814209,0.018652136366984002,0.504052859544754,0.031537930251904406
0.023246335725371655,0.8519481818771152,116.2,96.71926369156755,787.8,0.00595700740814209,0.018652136366984002,0.504052859544754,0.031537930251904406
0.038155029384562604,0.8519481818771152,116.2,96.71926369156755,787.8,0.00595700740814209,0.018652136366984002,0.504052859544754,0.031537930251904406
0.05306372304375355,0.8519481818771152,116.2,96.71926369156755,787.8,0.00595700740814209,0.018652136366984002,0.504052859544754,0.031537930251904406
0.0679724167029445,0.8519481818771152,116.2,96.71926369156755,787.8,0.00595700740814209,0.018652136366984002,0.504052859544754,0.031537930251904406
0.08288111036213545,0.8519481818771152,116.2,96.71926369156755,787.8,0.00595700740814209,0.018652136366984002,0.504052859544754,0.031537930251904406
0.09778980402132639,0.8519481818771152,116.2,96.71926369156755,787.8,0.00595700740814209,0.018652136366984002,0.504052859544754,0.031537930251904406
0.11269849768051735,0.8519481818771152,116.2,96.71926369156755,787.8,0.00595700740814209,0.018652136366984002,0.504052859544754,0.031537930251904406
0.1276071913397083,0.8519481818771152,116.2,96.71926369156755,787.8,0.00595700740814209,0.018652136366984002,0.504052859544754,0.031537930251904406
0.14251588499889925,0.8519481818771152,116.2,96.71926369156755,787.8,0.00595700740814209,0.018652136366984002,0.504052859544754,0.031537930251904406
0.1574245786580902,0.8519481818771152,116.2,96.71926369156755,787.8,0.00595700740814209,0.018652136366984002,0.504052859544754,0.031537930251904406
0.17233327231728116,0.8519481818771152,116.2,96.71926369156755,787.8,0.00595700740814209,0.018652136366984002,0.504052859544754,0.031537930251904406
0.18724196597647208,0.8519481818771152,116.2,96.71926369156755,787.8,0.00595700740814209,0.018652136366984002,0.504052859544754,0.031537930251904406
0.20215065963566303,0.8519481818771152,116.2,96.71926369156755,787.8,0.00595700740814209,0.018652136366984002,0.504052859544754,0.031537930251904406
0.21705935329485398,0.8519481818771152,116.2,96.71926369156755,787.8,0.00595700740814209,0.018652136366984002,0.504052859544754,0.031537930251904406
0.23196804695404494,0.8519481818771152,116.2,96.71926369156755,787.8,0.00595700740814209,0.018652136366984002,0.504052859544754,0.031537930251904406
0.2468767406132359,0.8519481818771152,116.2,96.71926369156755,787.8,0.00595700740814209,0.018652136366984002,0.504052859544754,0.031537930251904406
0.26178543427242684,0.8519481818771152,116.2,96.71926369156755,787.8,0.00595700740814209,0.018652136366984002,0.504052859544754,0.031537930251904406
0.2766941279316178,0.8519481818771152,116.2,96.71926369156755,787.8,0.00595700740814209,0.018652136366984002,0.504052859544754,0.031537930251904406
0.29160282159080875,0.8519481818771152,116.2,96.71926369156755,787.8,0.00595700740814209,0.018652136366984002,0.504052859544754,0.031537930251904406
0.3065115152499997,0.8519481818771152,116.2,96.71926369156755,787.8,0.00595700740814209,0.018652136366984002,0.504052859544754,0.031537930251904406
0.32142020890919065,0.8519481818771152,116.2,96.71926369156755,787.8,0.00595700740814209,0.018652136366984002,0.504052859544754,0.031537930251904406
0.3363289025683816,0.8519481818771152,116.2,96.71926369156755,787.8,0.00595700740814209,0.018652136366984002,0.504052859544754,0.031537930251904406
0.35123759622757256,0.8519481818771152,116.2,96.71926369156755,787.8,0.00595700740814209,0.018652136366984002,0.504052859544754,0.031537930251904406
0.36614628988676345,0.8519481818771152,116.2,96.71926369156755,787.8,0.00595700740814209,0.018652136366984002,0.504052859544754,0.031537930251904406
0.3810549835459544,0.8519481818771152,116.2,96.71926369156755,787.8,0.00595700740814209,0.018652136366984002,0.504052859544754,0.031537930251904406
0.39596367720514536,0.8519481818771152,116.2,96.71926369156755,787.8,0.00595700740814209,0.018652136366984002,0.504052859544754,0.031537930251904406
0.4108723708643363,0.8519481818771152,116.2,96.71926369156755,787.8,0.00595700740814209,0.018652136366984002,0.504052859544754,0.031537930251904406
0.42578106452352726,0.8519481818771152,116.2,96.71926369156755,787.8,0.00595700740814209,0.018652136366984002,0.504052859544754,0.031537930251904406
0.4406897581827182,0.8519481818771152,116.2,96.71926369156755,787.8,0.00595700740814209,0.018652136366984002,0.504052859544754,0.031537930251904406
0.45559845184190917,0.8519481818771152,102.0,78.0165499880015,802.0,0.001383364200592041,0.011489206750791682,0.5183584690093994,0.035497772419313164
0.4705071455011001,0.8519481818771152,73.8,62.18788491706249,830.2,-0.017422682046890257,0.048842550476560435,0.5271972358226776,0.038716465977211886
0.4854158391602911,0.8519481818771152,39.5,39.81260932006923,864.5,-0.0035929739475250243,0.03334116258628524,0.5364896297454834,0.026490104655040456
0.5003245328194821,0.8519481818771152,1.3,2.134114799211227,902.7,-0.06665533781051636,0.136616578134328,0.5424355864524841,0.02466831602351469
0.515233226478673,0.8519481818771152,0.0,0.0,904.0,0.0,0.0,0.541922652721405,0.02527511246175802
0.5301419201378639,0.8519481818771152,0.0,0.0,904.0,0.0,0.0,0.541922652721405,0.02527511246175802
0.5450506137970549,0.8519481818771152,0.0,0.0,904.0,0.0,0.0,0.541922652721405,0.02527511246175802
0.5599593074562458,0.8519481818771152,0.0,0.0,904.0,0.0,0.0,0.541922652721405,0.02527511246175802
0.5748680011154368,0.8519481818771152,0.0,0.0,904.0,0.0,0.0,0.541922652721405,0.02527511246175802
0.5897766947746277,0.8519481818771152,0.0,0.0,904.0,0.0,0.0,0.541922652721405,0.02527511246175802
0.008337642066180706,0.8680295971827953,175.0,133.95757113831758,729.0,0.028287547826766967,0.022817438781610466,0.5066701531410217,0.03620583939228488
0.023246335725371655,0.8680295971827953,175.0,133.95757113831758,729.0,0.028287547826766967,0.022817438781610466,0.5066701531410217,0.03620583939228488
0.038155029384562604,0.8680295971827953,175.0,133.95757113831758,729.0,0.028287547826766967,0.022817438781610466,0.5066701531410217,0.03620583939228488
0.05306372304375355,0.8680295971827953,175.0,133.95757113831758,729.0,0.028287547826766967,0.022817438781610466,0.5066701531410217,0.03620583939228488
0.0679724167029445,0.8680295971827953,175.0,133.95757113831758,729.0,0.028287547826766967,0.022817438781610466,0.5066701531410217,0.03620583939228488
0.08288111036213545,0.8680295971827953,175.0,133.95757113831758,729.0,0.028287547826766967,0.022817438781610466,0.5066701531410217,0.03620583939228488
0.09778980402132639,0.8680295971827953,175.0,133.95757113831758,729.0,0.028287547826766967,0.022817438781610466,0.5066701531410217,0.03620583939228488
0.11269849768051735,0.8680295971827953,175.0,133.95757113831758,729.0,0.028287547826766967,0.022817438781610466,0.5066701531410217,0.03620583939228488
0.1276071913397083,0.8680295971827953,175.0,133.95757113831758,729.0,0.028287547826766967,0.022817438781610466,0.5066701531410217,0.03620583939228488
0.14251588499889925,0.8680295971827953,175.0,133.95757113831758,729.0,0.028287547826766967,0.022817438781610466,0.5066701531410217,0.03620583939228488
0.1574245786580902,0.8680295971827953,175.0,133.95757113831758,729.0,0.028287547826766967,0.022817438781610466,0.5066701531410217,0.03620583939228488
0.17233327231728116,0.8680295971827953,175.0,133.95757113831758,729.0,0.028287547826766967,0.022817438781610466,0.5066701531410217,0.03620583939228488
0.18724196597647208,0.8680295971827953,175.0,133.95757113831758,729.0,0.028287547826766967,0.022817438781610466,0.5066701531410217,0.03620583939228488
0.20215065963566303,0.8680295971827953,175.0,133.95757113831758,729.0,0.028287547826766967,0.022817438781610466,0.5066701531410217,0.03620583939228488
0.21705935329485398,0.8680295971827953,175.0,133.95757113831758,729.0,0.028287547826766967,0.022817438781610466,0.5066701531410217,0.03620583939228488
0.23196804695404494,0.8680295971827953,175.0,133.95757113831758,729.0,0.028287547826766967,0.022817438781610466,0.5066701531410217,0.03620583939228488
0.2468767406132359,0.8680295971827953,175.0,133.95757113831758,729.0,0.028287547826766967,0.022817438781610466,0.5066701531410217,0.03620583939228488
0.26178543427242684,0.8680295971827953,175.0,133.95757113831758,729.0,0.028287547826766967,0.022817438781610466,0.5066701531410217,0.03620583939228488
0.2766941279316178,0.8680295971827953,175.0,133.95757113831758,729.0,0.028287547826766967,0.022817438781610466,0.5066701531410217,0.03620583939228488
0.29160282159080875,0.8680295971827953,175.0,133.95757113831758,729.0,0.028287547826766967,0.022817438781610466,0.5066701531410217,0.03620583939228488
0.3065115152499997,0.8680295971827953,175.0,133.95757113831758,729.0,0.028287547826766967,0.022817438781610466,0.5066701531410217,0.03620583939228488
0.32142020890919065,0.8680295971827953,175.0,133.95757113831758,729.0,0.028287547826766967,0.022817438781610466,0.5066701531410217,0.03620583939228488
0.3363289025683816,0.8680295971827953,175.0,133.95757113831758,729.0,0.028287547826766967,0.022817438781610466,0.5066701531410217,0.03620583939228488
0.35123759622757256,0.8680295971827953,175.0,133.95757113831758,729.0,0.028287547826766967,0.022817438781610466,0.5066701531410217,0.03620583939228488
0.36614628988676345,0.8680295971827953,175.0,133.95757113831758,729.0,0.028287547826766967,0.022817438781610466,0.5066701531410217,0.03620583939228488
0.3810549835459544,0.8680295971827953,175.0,133.95757113831758,729.0,0.028287547826766967,0.022817438781610466,0.5066701531410217,0.03620583939228488
0.39596367720514536,0.8680295971827953,174.8,133.76464291874794,729.2,0.028221476078033447,0.022732467528872126,0.5070654809474945,0.03581056951112619
0.4108723708643363,0.8680295971827953,174.3,133.28781956426957,729.7,0.027585422992706297,0.021949736411626643,0.5073342561721802,0.03555217177362271
0.42578106452352726,0.8680295971827953,174.2,133.19340267183833,729.8,0.02695363759994507,0.02124030254340139,0.5069218456745148,0.03595211353116329
0.4406897581827182,0.8680295971827953,173.0,132.0853574110724,731.0,0.02687070369720459,0.0211525798118116,0.5082732677459717,0.034717970765444424
0.45559845184190917,0.8680295971827953,158.8,122.70348611532275,745.2,0.02159786820411682,0.018971618484799318,0.5227063059806824,0.037583455464417326
0.4705071455011001,0.8680295971827953,130.6,113.96732918934927,773.4,-0.001417464017868042,0.05182652741294277,0.5355114340782166,0.04264122803765895
0.4854158391602911,0.8680295971827953,96.3,89.87788881277653,807.7,0.004697740077972412,0.007372365690868945,0.5527950286865234,0.032416586939104375
0.5003245328194821,0.8680295971827953,29.2,38.113301753591756,874.8,-0.022331702709197997,0.03067437924480659,0.5506326258182526,0.027846286454399342
0.515233226478673,0.8680295971827953,0.0,0.0,904.0,0.0,0.0,0.541922652721405,0.02527511246175802
0.5301419201378639,0.8680295971827953,0.0,0.0,904.0,0.0,0.0,0.541922652721405,0.02527511246175802
0.5450506137970549,0.8680295971827953,0.0,0.0,904.0,0.0,0.0,0.541922652721405,0.02527511246175802
0.5599593074562458,0.8680295971827953,0.0,0.0,904.0,0.0,0.0,0.541922652721405,0.02527511246175802
0.5748680011154368,0.8680295971827953,0.0,0.0,904.0,0.0,0.0,0.541922652721405,0.02527511246175802
0.5897766947746277,0.8680295971827953,0.0,0.0,904.0,0.0,0.0,0.541922652721405,0.02527511246175802
0.008337642066180706,0.8841110124884752,221.1,151.1981089700596,682.9,0.034983503818511966,0.0428634122044493,0.48074020743370055,0.04435661829601679
0.023246335725371655,0.8841110124884752,221.1,151.1981089700596,682.9,0.034983503818511966,0.0428634122044493,0.48074020743370055,0.04435661829601679
0.038155029384562604,0.8841110124884752,221.1,151.1981089700596,682.9,0.034983503818511966,0.0428634122044493,0.48074020743370055,0.04435661829601679
0.05306372304375355,0.8841110124884752,221.1,151.1981089700596,682.9,0.034983503818511966,0.0428634122044493,0.48074020743370055,0.04435661829601679
0.0679724167029445,0.8841110124884752,221.1,151.1981089700596,682.9,0.034983503818511966,0.0428634122044493,0.48074020743370055,0.04435661829601679
0.08288111036213545,0.8841110124884752,221.1,151.1981089700596,682.9,0.034983503818511966,0.0428634122044493,0.48074020743370055,0.04435661829601679
0.09778980402132639,0.8841110124884752,221.1,151.1981089700596,682.9,0.034983503818511966,0.0428634122044493,0.48074020743370055,0.04435661829601679
0.11269849768051735,0.8841110124884752,221.1,151.1981089700596,682.9,0.034983503818511966,0.0428634122044493,0.48074020743370055,0.04435661829601679
0.1276071913397083,0.8841110124884752,221.1,151.1981089700596,682.9,0.034983503818511966,0.0428634122044493,0.48074020743370055,0.04435661829601679
0.14251588499889925,0.8841110124884752,221.1,151.1981089700596,682.9,0.034983503818511966,0.0428634122044493,0.48074020743370055,0.04435661829601679
0.1574245786580902,0.8841110124884752,221.1,151.1981089700596,682.9,0.034983503818511966,0.0428634122044493,0.48074020743370055,0.04435661829601679
0.17233327231728116,0.8841110124884752,221.1,151.1981089700596,682.9,0.034983503818511966,0.0428634122044493,0.48074020743370055,0.04435661829601679
0.18724196597647208,0.8841110124884752,221.1,151.1981089700596,682.9,0.034983503818511966,0.0428634122044493,0.48074020743370055,0.04435661829601679
0.20215065963566303,0.8841110124884752,221.1,151.1981089700596,682.9,0.034983503818511966,0.0428634122044493,0.48074020743370055,0.04435661829601679
0.21705935329485398,0.8841110124884752,221.1,151.1981089700596,682.9,0.034983503818511966,0.0428634122044493,0.48074020743370055,0.04435661829601679
0.23196804695404494,0.8841110124884752,221.1,151.1981089700596,682.9,0.034983503818511966,0.0428634122044493,0.48074020743370055,0.04435661829601679
0.2468767406132359,0.8841110124884752,221.1,151.1981089700596,682.9,0.034983503818511966,0.0428634122044493,0.48074020743370055,0.04435661829601679
0.26178543427242684,0.8841110124884752,221.1,151.1981089700596,682.9,0.034983503818511966,0.0428634122044493,0.48074020743370055,0.04435661829601679
0.2766941279316178,0.8841110124884752,221.1,151.1981089700596,682.9,0.034983503818511966,0.0428634122044493,0.48074020743370055,0.04435661829601679
0.29160282159080875,0.8841110124884752,221.1,151.1981089700596,682.9,0.034983503818511966,0.0428634122044493,0.48074020743370055,0.04435661829601679
0.3065115152499997,0.8841110124884752,221.1,151.1981089700596,682.9,0.034983503818511966,0.0428634122044493,0.48074020743370055,0.04435661829601679
0.32142020890919065,0.8841110124884752,221.1,151.1981089700596,682.9,0.034983503818511966,0.0428634122044493,0.48074020743370055,0.04435661829601679
0.3363289025683816,0.8841110124884752,220.0,150.29798217877084,684.0,0.033627116680145265,0.04139261769051933,0.48245813846588137,0.04244557836337156
0.35123759622757256,0.8841110124884752,219.6,149.9795603115965,684.4,0.033720541000366214,0.04148831764792448,0.4835720777511597,0.04135466870263625
0.36614628988676345,0.8841110124884752,219.0,149.510924419094,685.0,0.033402031660079955,0.04116559252336255,0.4846707284450531,0.040404014855671994
0.3810549835459544,0.8841110124884752,217.3,148.2425762236629,686.7,0.03087863326072693,0.038986851143015665,0.48575852513313295,0.039594181986422027
0.39596367720514536,0.8841110124884752,216.9,147.95708822676198,687.1,0.03078433871269226,0.03891930187801877,0.48648284673690795,0.03913154908899195
0.4108723708643363,0.8841110124884752,216.4,147.60725238008033,687.6,0.03014828562736511,0.03849144917596491,0.4867516219615936,0.038976008190639316
0.42578106452352726,0.8841110124884752,216.3,147.53822622029003,687.7,0.029516500234603883,0.038115515182655484,0.4863392114639282,0.039218283146900255
0.4406897581827182,0.8841110124884752,215.1,146.73458407092855,688.9,0.029433566331863403,0.03806987504429942,0.4876906335353851,0.03850309908613875
0.45559845184190917,0.8841110124884752,200.9,140.71088322693137,703.1,0.02413756251335144,0.037112422626699594,0.5025245547294617,0.04441250662442852
0.4705071455011001,0.8841110124884752,170.4,132.76042578735476,733.6,-0.001161569356918335,0.05908397089325979,0.5222986340522766,0.04574121903090544
0.4854158391602911,0.8841110124884752,122.4,104.0642563857864,781.6,-0.0008902013301849365,0.03129362488769018,0.5507141768932342,0.032487906916774945
0.5003245328194821,0.8841110124884752,29.2,38.113301753591756,874.8,-0.022331702709197997,0.03067437924480659,0.5506326258182526,0.027846286454399342
0.515233226478673,0.8841110124884752,0.0,0.0,904.0,0.0,0.0,0.541922652721405,0.02527511246175802
0.5301419201378639,0.8841110124884752,0.0,0.0,904.0,0.0,0.0,0.541922652721405,0.02527511246175802
0.5450506137970549,0.8841110124884752,0.0,0.0,904.0,0.0,0.0,0.541922652721405,0.02527511246175802
0.5599593074562458,0.8841110124884752,0.0,0.0,904.0,0.0,0.0,0.541922652721405,0.02527511246175802
0.5748680011154368,0.8841110124884752,0.0,0.0,904.0,0.0,0.0,0.541922652721405,0.02527511246175802
0.5897766947746277,0.8841110124884752,0.0,0.0,904.0,0.0,0.0,0.541922652721405,0.02527511246175802
0.008337642066180706,0.9001924277941552,277.7,148.15701828898474,626.3,0.05845223665237427,0.040158657112645255,0.47111669182777405,0.04037961899381758
0.023246335725371655,0.9001924277941552,277.4,147.9450784506581,626.6,0.059050852060317995,0.040206496138296105,0.4698294699192047,0.04211711216694245
0.038155029384562604,0.9001924277941552,277.4,147.9450784506581,626.6,0.059050852060317995,0.040206496138296105,0.4698294699192047,0.04211711216694245
0.05306372304375355,0.9001924277941552,277.4,147.9450784506581,626.6,0.059050852060317995,0.040206496138296105,0.4698294699192047,0.04211711216694245
0.0679724167029445,0.9001924277941552,277.4,147.9450784506581,626.6,0.059050852060317995,0.040206496138296105,0.4698294699192047,0.04211711216694245
0.08288111036213545,0.9001924277941552,277.4,147.9450784506581,626.6,0.059050852060317995,0.040206496138296105,0.4698294699192047,0.04211711216694245
0.09778980402132639,0.9001924277941552,277.4,147.9450784506581,626.6,0.059050852060317995,0.040206496138296105,0.4698294699192047,0.04211711216694245
0.11269849768051735,0.9001924277941552,277.4,147.9450784506581,626.6,0.059050852060317995,0.040206496138296105,0.4698294699192047,0.04211711216694245
0.1276071913397083,0.9001924277941552,277.4,147.9450784506581,626.6,0.059050852060317995,0.040206496138296105,0.4698294699192047,0.04211711216694245
0.14251588499889925,0.9001924277941552,277.4,147.9450784506581,626.6,0.059050852060317995,0.040206496138296105,0.4698294699192047,0.04211711216694245
0.1574245786580902,0.9001924277941552,277.4,147.9450784506581,626.6,0.059050852060317995,0.040206496138296105,0.4698294699192047,0.04211711216694245
0.17233327231728116,0.9001924277941552,277.4,147.9450784506581,626.6,0.059050852060317995,0.040206496138296105,0.4698294699192047,0.04211711216694245
0.18724196597647208,0.9001924277941552,277.4,147.9450784506581,626.6,0.059050852060317995,0.040206496138296105,0.4698294699192047,0.04211711216694245
0.20215065963566303,0.9001924277941552,277.4,147.9450784506581,626.6,0.059050852060317995,0.040206496138296105,0.4698294699192047,0.04211711216694245
0.21705935329485398,0.9001924277941552,277.4,147.9450784506581,626.6,0.059050852060317995,0.040206496138296105,0.4698294699192047,0.04211711216694245
0.23196804695404494,0.9001924277941552,277.4,147.9450784506581,626.6,0.059050852060317995,0.040206496138296105,0.4698294699192047,0.04211711216694245
0.2468767406132359,0.9001924277941552,277.4,147.9450784506581,626.6,0.059050852060317995,0.040206496138296105,0.4698294699192047,0.04211711216694245
0.26178543427242684,0.9001924277941552,277.4,147.9450784506581,626.6,0.059050852060317995,0.040206496138296105,0.4698294699192047,0.04211711216694245
0.2766941279316178,0.9001924277941552,277.4,147.9450784506581,626.6,0.059050852060317995,0.040206496138296105,0.4698294699192047,0.04211711216694245
0.29160282159080875,0.9001924277941552,277.1,147.74980681946445,626.9,0.05884109735488892,0.040011794255896335,0.46987720727920534,0.04207373120018803
0.3065115152499997,0.9001924277941552,276.9,147.62121551108586,627.1,0.05864633321762085,0.03983521585859082,0.46840569376945496,0.04351439431043597
0.32142020890919065,0.9001924277941552,276.9,147.62121551108586,627.1,0.05864633321762085,0.03983521585859082,0.46840569376945496,0.04351439431043597
0.3363289025683816,0.9001924277941552,275.8,146.93685474536426,628.2,0.05728994607925415,0.038722349076896485,0.4701236248016357,0.04185351749549468
0.35123759622757256,0.9001924277941552,275.4,146.69767015074257,628.6,0.057383370399475095,0.03879224216960414,0.4712375640869141,0.040938042257349365
0.36614628988676345,0.9001924277941552,274.8,146.3486506889196,629.2,0.05706486105918884,0.038558194580752075,0.4723362147808075,0.04016975883381024
0.3810549835459544,0.9001924277941552,273.1,145.42402238717207,630.9,0.05454146265983582,0.03714842374874547,0.47342401146888735,0.03954848338058686
0.39596367720514536,0.9001924277941552,272.7,145.22040806761333,631.3,0.05444716811180115,0.037111726828410095,0.47414833307266235,0.03921506414757331
0.4108723708643363,0.9001924277941552,272.0,144.82674945160161,632.0,0.053806787729263304,0.03689456287508629,0.4748462736606598,0.03843864717461605
0.42578106452352726,0.9001924277941552,270.5,143.78624379869808,633.5,0.052464014291763304,0.036613304205775056,0.47396711111068723,0.03933472822223232
0.4406897581827182,0.9001924277941552,265.3,140.19010141968363,638.7,0.050805801153182985,0.03470261099234015,0.4748979866504669,0.041419924299342964
0.45559845184190917,0.9001924277941552,245.3,132.59622626658333,658.7,0.040172725915908813,0.030530935448349575,0.49513413906097414,0.0431111843615023
0.4705071455011001,0.9001924277941552,210.8,126.80273733930078,693.2,0.012158024311065673,0.05676543111837246,0.5163603961467743,0.04605549803470409
0.4854158391602911,0.9001924277941552,162.8,102.10370532551867,741.2,0.016877108812332155,0.014021649032302911,0.5470190048217773,0.033277650647160026
0.5003245328194821,0.9001924277941552,66.8,59.52602454047441,837.2,-0.01607620120048523,0.035187622088541315,0.5494752109050751,0.02800491464687803
0.515233226478673,0.9001924277941552,12.3,18.587200164047765,891.7,-0.00827028751373291,0.02283322361768192,0.5420850217342377,0.02548636500825568
0.5301419201378639,0.9001924277941552,0.0,0.0,904.0,0.0,0.0,0.541922652721405,0.02527511246175802
0.5450506137970549,0.9001924277941552,0.0,0.0,904.0,0.0,0.0,0.541922652721405,0.02527511246175802
0.5599593074562458,0.9001924277941552,0.0,0.0,904.0,0.0,0.0,0.541922652721405,0.02527511246175802
0.5748680011154368,0.9001924277941552,0.0,0.0,904.0,0.0,0.0,0.541922652721405,0.02527511246175802
0.5897766947746277,0.9001924277941552,0.0,0.0,904.0,0.0,0.0,0.541922652721405,0.02527511246175802
0.008337642066180706,0.9162738430998352,319.9,159.66601261155168,584.1,0.06350526809692383,0.04400442560966669,0.4687095284461975,0.04349230886647154
0.023246335725371655,0.9162738430998352,319.6,159.50701702191702,584.4,0.06411764025688171,0.04404375852915961,0.46740357875823973,0.04506984197100629
0.038155029384562604,0.9162738430998352,319.6,159.50701702191702,584.4,0.06411764025688171,0.04404375852915961,0.46740357875823973,0.04506984197100629
0.05306372304375355,0.9162738430998352,319.6,159.50701702191702,584.4,0.06411764025688171,0.04404375852915961,0.46740357875823973,0.04506984197100629
0.0679724167029445,0.9162738430998352,319.6,159.50701702191702,584.4,0.06411764025688171,0.04404375852915961,0.46740357875823973,0.04506984197100629
0.08288111036213545,0.9162738430998352,319.6,159.50701702191702,584.4,0.06411764025688171,0.04404375852915961,0.46740357875823973,0.04506984197100629
0.09778980402132639,0.9162738430998352,319.6,159.50701702191702,584.4,0.06411764025688171,0.04404375852915961,0.46740357875823973,0.04506984197100629
0.11269849768051735,0.9162738430998352,319.6,159.50701702191702,584.4,0.06411764025688171,0.04404375852915961,0.46740357875823973,0.04506984197100629
0.1276071913397083,0.9162738430998352,319.6,159.50701702191702,584.4,0.06411764025688171,0.04404375852915961,0.46740357875823973,0.04506984197100629
0.14251588499889925,0.9162738430998352,319.6,159.50701702191702,584.4,0.06411764025688171,0.04404375852915961,0.46740357875823973,0.04506984197100629
0.1574245786580902,0.9162738430998352,319.6,159.50701702191702,584.4,0.06411764025688171,0.04404375852915961,0.46740357875823973,0.04506984197100629
0.17233327231728116,0.9162738430998352,319.6,159.50701702191702,584.4,0.06411764025688171,0.04404375852915961,0.46740357875823973,0.04506984197100629
0.18724196597647208,0.9162738430998352,319.6,159.50701702191702,584.4,0.06411764025688171,0.04404375852915961,0.46740357875823973,0.04506984197100629
0.20215065963566303,0.9162738430998352,319.6,159.50701702191702,584.4,0.06411764025688171,0.04404375852915961,0.46740357875823973,0.04506984197100629
0.21705935329485398,0.9162738430998352,319.6,159.50701702191702,584.4,0.06411764025688171,0.04404375852915961,0.46740357875823973,0.04506984197100629
0.23196804695404494,0.9162738430998352,319.6,159.50701702191702,584.4,0.06411764025688171,0.04404375852915961,0.46740357875823973,0.04506984197100629
0.2468767406132359,0.9162738430998352,318.5,158.96320368935497,585.5,0.062176817655563356,0.04209082964378352,0.46593387722969054,0.04619068008452347
0.26178543427242684,0.9162738430998352,318.3,158.86831606147837,585.7,0.062008011341094973,0.04193840205342488,0.4661907494068146,0.04597941787365922
0.2766941279316178,0.9162738430998352,318.1,158.7746609432329,585.9,0.06175824999809265,0.04171826477933713,0.466355699300766,0.04584712632342733
0.29160282159080875,0.9162738430998352,317.8,158.63649398872937,586.2,0.061548495292663576,0.04153842512988989,0.4664034366607666,0.0458093362821352
0.3065115152499997,0.9162738430998352,317.6,158.5459296401861,586.4,0.06135373115539551,0.041375610570260526,0.4649319231510162,0.04707426017584079
0.32142020890919065,0.9162738430998352,317.6,158.5459296401861,586.4,0.06135373115539551,0.041375610570260526,0.4649319231510162,0.04707426017584079
0.3363289025683816,0.9162738430998352,316.5,158.07004718020957,587.5,0.05999734401702881,0.04035707032748201,0.46664985418319704,0.04561783415028935
0.35123759622757256,0.9162738430998352,315.9,157.79830390045282,588.1,0.059978967905044554,0.040402878506169075,0.46812009811401367,0.04438016300236032
0.36614628988676345,0.9162738430998352,315.3,157.56160560818762,588.7,0.0596604585647583,0.04018991227184585,0.4692187488079071,0.043717044408206146
0.3810549835459544,0.9162738430998352,312.9,156.52698216460888,591.1,0.056744235754013064,0.038848365311167414,0.4704240679740906,0.043460945522763854
0.39596367720514536,0.9162738430998352,311.3,155.8311061621164,592.7,0.055721712112426755,0.03799358617958242,0.47155911922454835,0.04346503939401593
0.4108723708643363,0.9162738430998352,308.1,154.20378701382486,595.9,0.054580479860305786,0.03714331636888265,0.4720685422420502,0.04085671742202017
0.42578106452352726,0.9162738430998352,304.7,152.30852171320444,599.3,0.05325588583946228,0.03704362266035561,0.4720582544803619,0.041532596003028124
0.4406897581827182,0.9162738430998352,299.0,149.37090723568357,605.0,0.051251941919326784,0.034679916396238346,0.47366744875907896,0.04336169687391069
0.45559845184190917,0.9162738430998352,279.0,144.93663676551986,625.0,0.04061886668205261,0.030593431775992913,0.4939036011695862,0.04529369065198193
0.4705071455011001,0.9162738430998352,244.5,144.3120147964487,659.5,0.012604165077209472,0.05692404929667073,0.5151298582553864,0.04841235557553236
0.4854158391602911,0.9162738430998352,196.5,127.64093581808764,707.5,0.01683576703071594,0.014381118363358845,0.5488449990749359,0.033093760802242855
0.5003245328194821,0.9162738430998352,100.5,107.60422686116543,803.5,-0.0184673011302948,0.03279365163424757,0.5548389077186584,0.028722111594625097
0.515233226478673,0.9162738430998352,43.2,69.06790582213365,860.8,-0.009335291385650635,0.014364339061377079,0.5512704074382782,0.03128051145811785
0.5301419201378639,0.9162738430998352,0.0,0.0,904.0,0.0,0.0,0.541922652721405,0.02527511246175802
0.5450506137970549,0.9162738430998352,0.0,0.0,904.0,0.0,0.0,0.541922652721405,0.02527511246175802
0.5599593074562458,0.9162738430998352,0.0,0.0,904.0,0.0,0.0,0.541922652721405,0.02527511246175802
0.5748680011154368,0.9162738430998352,0.0,0.0,904.0,0.0,0.0,0.541922652721405,0.02527511246175802
0.5897766947746277,0.9162738430998352,0.0,0.0,904.0,0.0,0.0,0.541922652721405,0.02527511246175802
0.008337642066180706,0.9323552584055153,334.9,166.57850126967585,569.1,0.07397025227546691,0.044926237462379115,0.46576964259147646,0.037493231038830364
0.023246335725371655,0.9323552584055153,334.6,166.42918449663577,569.4,0.07461829781532288,0.045055790891606176,0.4644058644771576,0.039088365176135426
0.038155029384562604,0.9323552584055153,334.6,166.42918449663577,569.4,0.07461829781532288,0.045055790891606176,0.4644058644771576,0.039088365176135426
0.05306372304375355,0.9323552584055153,334.6,166.42918449663577,569.4,0.07461829781532288,0.045055790891606176,0.4644058644771576,0.039088365176135426
0.0679724167029445,0.9323552584055153,334.6,166.42918449663577,569.4,0.07461829781532288,0.045055790891606176,0.4644058644771576,0.039088365176135426
0.08288111036213545,0.9323552584055153,334.6,166.42918449663577,569.4,0.07461829781532288,0.045055790891606176,0.4644058644771576,0.039088365176135426
0.09778980402132639,0.9323552584055153,334.6,166.42918449663577,569.4,0.07461829781532288,0.045055790891606176,0.4644058644771576,0.039088365176135426
0.11269849768051735,0.9323552584055153,334.6,166.42918449663577,569.4,0.07461829781532288,0.045055790891606176,0.4644058644771576,0.039088365176135426
0.1276071913397083,0.9323552584055153,334.6,166.42918449663577,569.4,0.07461829781532288,0.045055790891606176,0.4644058644771576,0.039088365176135426
0.14251588499889925,0.9323552584055153,334.6,166.42918449663577,569.4,0.07461829781532288,0.045055790891606176,0.4644058644771576,0.039088365176135426
0.1574245786580902,0.9323552584055153,334.6,166.42918449663577,569.4,0.07461829781532288,0.045055790891606176,0.4644058644771576,0.039088365176135426
0.17233327231728116,0.9323552584055153,334.6,166.42918449663577,569.4,0.07461829781532288,0.045055790891606176,0.4644058644771576,0.039088365176135426
0.18724196597647208,0.9323552584055153,334.6,166.42918449663577,569.4,0.07461829781532288,0.045055790891606176,0.4644058644771576,0.039088365176135426
0.20215065963566303,0.9323552584055153,334.6,166.42918449663577,569.4,0.07461829781532288,0.045055790891606176,0.4644058644771576,0.039088365176135426
0.21705935329485398,0.9323552584055153,334.6,166.42918449663577,569.4,0.07461829781532288,0.045055790891606176,0.4644058644771576,0.039088365176135426
0.23196804695404494,0.9323552584055153,334.6,166.42918449663577,569.4,0.07461829781532288,0.045055790891606176,0.4644058644771576,0.039088365176135426
0.2468767406132359,0.9323552584055153,333.5,165.9646008499296,570.5,0.07267747521400451,0.043416418571576035,0.4629361629486084,0.04031350138650782
0.26178543427242684,0.9323552584055153,333.3,165.88400171904019,570.7,0.07250866889953614,0.04329194827526925,0.4631930351257324,0.04008219062253332
0.2766941279316178,0.9323552584055153,333.1,165.8045979632982,570.9,0.07225890755653382,0.04311333083538076,0.46335798501968384,0.039937406507885034
0.29160282159080875,0.9323552584055153,332.8,165.68773741046135,571.2,0.07204915285110473,0.0429684904746192,0.46340572237968447,0.039896058355834305
0.3065115152499997,0.9323552584055153,332.2,165.41262771830247,571.8,0.07140589356422425,0.042722146523769544,0.46244814395904543,0.04071049590626955
0.32142020890919065,0.9323552584055153,332.1,165.36368860463463,571.9,0.07147606015205384,0.04273874534891144,0.4621730387210846,0.041013088939781055
0.3363289025683816,0.9323552584055153,330.7,164.81593008653525,573.3,0.06927030086517334,0.041759678728698436,0.46373578906059265,0.0395860835100945
0.35123759622757256,0.9323552584055153,329.1,164.03246337968244,574.9,0.06757687926292419,0.04141288405365403,0.4647947013378143,0.03952418911323544
0.36614628988676345,0.9323552584055153,326.5,162.9839363607145,577.5,0.0666387677192688,0.040824812209921506,0.4674489080905914,0.039044886736575544
0.3810549835459544,0.9323552584055153,323.8,161.86180198238708,580.2,0.06369988322257995,0.03978835384260175,0.4694846272468567,0.03812364437977002
0.39596367720514536,0.9323552584055153,321.5,160.98629966214122,582.5,0.06278148293495178,0.03912486974075481,0.469899570941925,0.039549898694767244
0.4108723708643363,0.9323552584055153,318.3,159.5279939146062,585.7,0.06164025068283081,0.038419148196688055,0.47040899395942687,0.03667720804437425
0.42578106452352726,0.9323552584055153,314.9,157.82172362796638,589.1,0.06031565666198731,0.03846126904246814,0.47039870619773866,0.03742837622567828
0.4406897581827182,0.9323552584055153,309.2,155.2017874182905,594.8,0.058311712741851804,0.03641186760435974,0.4720079004764557,0.03948671268063992
0.45559845184190917,0.9323552584055153,289.2,151.70544593934807,614.8,0.04767863750457764,0.03382973685605485,0.4922440528869629,0.04205558514421585
0.4705071455011001,0.9323552584055153,254.7,152.4271905818309,649.3,0.019663935899734496,0.060611474724957454,0.5134703099727631,0.045836324621132456
0.4854158391602911,0.9323552584055153,206.3,137.10822822187836,697.7,0.022612065076828003,0.021956521220359203,0.547458428144455,0.034285751320675135
0.5003245328194821,0.9323552584055153,108.3,118.01295681875327,795.7,-0.013922560214996337,0.036963853484994376,0.5546988725662232,0.030142027677859957
0.515233226478673,0.9323552584055153,44.8,72.26072660340567,859.2,-0.00862041711807251,0.013618575547645222,0.5513255298137665,0.03134447771453912
0.5301419201378639,0.9323552584055153,0.0,0.0,904.0,0.0,0.0,0.541922652721405,0.02527511246175802
0.5450506137970549,0.9323552584055153,0.0,0.0,904.0,0.0,0.0,0.541922652721405,0.02527511246175802
0.5599593074562458,0.9323552584055153,0.0,0.0,904.0,0.0,0.0,0.541922652721405,0.02527511246175802
0.5748680011154368,0.9323552584055153,0.0,0.0,904.0,0.0,0.0,0.541922652721405,0.02527511246175802
0.5897766947746277,0.9323552584055153,0.0,0.0,904.0,0.0,0.0,0.541922652721405,0.02527511246175802
0.008337642066180706,0.9484366737111952,343.9,171.32410429790778,560.1,0.07776041626930237,0.04593827533709009,0.454907101392746,0.04008150976476701
0.023246335725371655,0.9484366737111952,343.6,171.18490594224713,560.4,0.07841067910194396,0.046035994653849235,0.4535387992858887,0.04145035045356459
0.038155029384562604,0.9484366737111952,343.6,171.18490594224713,560.4,0.07841067910194396,0.046035994653849235,0.4535387992858887,0.04145035045356459
0.05306372304375355,0.9484366737111952,343.6,171.18490594224713,560.4,0.07841067910194396,0.046035994653849235,0.4535387992858887,0.04145035045356459
0.0679724167029445,0.9484366737111952,343.6,171.18490594224713,560.4,0.07841067910194396,0.046035994653849235,0.4535387992858887,0.04145035045356459
0.08288111036213545,0.9484366737111952,343.6,171.18490594224713,560.4,0.07841067910194396,0.046035994653849235,0.4535387992858887,0.04145035045356459
0.09778980402132639,0.9484366737111952,343.6,171.18490594224713,560.4,0.07841067910194396,0.046035994653849235,0.4535387992858887,0.04145035045356459
0.11269849768051735,0.9484366737111952,343.6,171.18490594224713,560.4,0.07841067910194396,0.046035994653849235,0.4535387992858887,0.04145035045356459
0.1276071913397083,0.9484366737111952,343.6,171.18490594224713,560.4,0.07841067910194396,0.046035994653849235,0.4535387992858887,0.04145035045356459
0.14251588499889925,0.9484366737111952,343.6,171.18490594224713,560.4,0.07841067910194396,0.046035994653849235,0.4535387992858887,0.04145035045356459
0.1574245786580902,0.9484366737111952,343.6,171.18490594224713,560.4,0.07841067910194396,0.046035994653849235,0.4535387992858887,0.04145035045356459
0.17233327231728116,0.9484366737111952,343.6,171.18490594224713,560.4,0.07841067910194396,0.046035994653849235,0.4535387992858887,0.04145035045356459
0.18724196597647208,0.9484366737111952,343.3,171.06424222311423,560.7,0.0778952956199646,0.045565781967231926,0.45341930985450746,0.04151597068006372
0.20215065963566303,0.9484366737111952,343.3,171.06424222311423,560.7,0.0778952956199646,0.045565781967231926,0.45341930985450746,0.04151597068006372
0.21705935329485398,0.9484366737111952,343.3,171.06424222311423,560.7,0.0778952956199646,0.045565781967231926,0.45341930985450746,0.04151597068006372
0.23196804695404494,0.9484366737111952,343.3,171.06424222311423,560.7,0.0778952956199646,0.045565781967231926,0.45341930985450746,0.04151597068006372
0.2468767406132359,0.9484366737111952,342.2,170.64417118317334,561.8,0.07595447301864625,0.04402765272690209,0.45194960832595826,0.04245576246243202
0.26178543427242684,0.9484366737111952,341.7,170.4328716595698,562.3,0.07577186822891235,0.04390892629019411,0.4525909245014191,0.04188549636923851
0.2766941279316178,0.9484366737111952,341.5,170.36119540783577,562.5,0.07552210688591003,0.04374342410008465,0.45275587439537046,0.041770778982614665
0.29160282159080875,0.9484366737111952,341.1,170.1859488008435,562.9,0.07532508969306946,0.043613505595396826,0.45331076979637147,0.04112489105621837
0.3065115152499997,0.9484366737111952,340.2,169.72571881124256,563.8,0.07462343573570251,0.043380121554569655,0.45346450209617617,0.040558312703907785
0.32142020890919065,0.9484366737111952,338.8,168.9265177656702,565.2,0.0732386589050293,0.042656229705551635,0.45495193004608153,0.03918805488098091
0.3363289025683816,0.9484366737111952,337.0,168.27672041602852,567.0,0.07100674510002136,0.04171235842223687,0.45738086104393005,0.03798027439310197
0.35123759622757256,0.9484366737111952,335.2,167.47393187783868,568.8,0.06931847333908081,0.041408645649087486,0.45869123935699463,0.03816294034870537
0.36614628988676345,0.9484366737111952,332.6,166.5012557350644,571.4,0.06838036179542542,0.04084326398158999,0.46134544610977174,0.0379100775362575
0.3810549835459544,0.9484366737111952,329.9,165.45959358741692,574.1,0.06544147729873658,0.03988032787794055,0.463381165266037,0.03715121223653269
0.39596367720514536,0.9484366737111952,327.6,164.65168576066333,576.4,0.0645230770111084,0.03924158248108497,0.46379610896110535,0.038650677046353936
0.4108723708643363,0.9484366737111952,324.4,163.29411421195158,579.6,0.06338184475898742,0.03856731191960207,0.4643055319786072,0.03575519179828809
0.42578106452352726,0.9484366737111952,321.0,161.70055245262836,583.0,0.06205725073814392,0.038643229760563516,0.4642952442169189,0.036524349306156174
0.4406897581827182,0.9484366737111952,315.3,159.2686633614498,588.7,0.060053306818008426,0.03665819076539055,0.465904438495636,0.038775176502952646
0.45559845184190917,0.9484366737111952,294.3,155.49542078822554,609.7,0.04959659576416016,0.03425368102768812,0.48888707160949707,0.04222803792577895
0.4705071455011001,0.9484366737111952,258.6,155.79211396116574,645.4,0.021579539775848387,0.061248409111492215,0.5121973276138305,0.04613096372362451
0.4854158391602911,0.9484366737111952,206.3,137.10822822187836,697.7,0.022612065076828003,0.021956521220359203,0.547458428144455,0.034285751320675135
0.5003245328194821,0.9484366737111952,108.3,118.01295681875327,795.7,-0.013922560214996337,0.036963853484994376,0.5546988725662232,0.030142027677859957
0.515233226478673,0.9484366737111952,44.8,72.26072660340567,859.2,-0.00862041711807251,0.013618575547645222,0.5513255298137665,0.03134447771453912
0.5301419201378639,0.9484366737111952,0.0,0.0,904.0,0.0,0.0,0.541922652721405,0.02527511246175802
0.5450506137970549,0.9484366737111952,0.0,0.0,904.0,0.0,0.0,0.541922652721405,0.02527511246175802
0.5599593074562458,0.9484366737111952,0.0,0.0,904.0,0.0,0.0,0.541922652721405,0.02527511246175802
0.5748680011154368,0.9484366737111952,0.0,0.0,904.0,0.0,0.0,0.541922652721405,0.02527511246175802
0.5897766947746277,0.9484366737111952,0.0,0.0,904.0,0.0,0.0,0.541922652721405,0.02527511246175802
0.008337642066180706,0.9645180890168752,366.4,159.44783198626902,537.6,0.08288264274597168,0.04469991729622392,0.445440810918808,0.04403560108232027
0.023246335725371655,0.9645180890168752,366.1,159.31806501032267,537.9,0.08352040648460388,0.04471511325932485,0.44405612349510193,0.04527858452279269
0.038155029384562604,0.9645180890168752,366.1,159.31806501032267,537.9,0.08352040648460388,0.04471511325932485,0.44405612349510193,0.04527858452279269
0.05306372304375355,0.9645180890168752,366.1,159.31806501032267,537.9,0.08352040648460388,0.04471511325932485,0.44405612349510193,0.04527858452279269
0.0679724167029445,0.9645180890168752,366.1,159.31806501032267,537.9,0.08352040648460388,0.04471511325932485,0.44405612349510193,0.04527858452279269
0.08288111036213545,0.9645180890168752,366.1,159.31806501032267,537.9,0.08352040648460388,0.04471511325932485,0.44405612349510193,0.04527858452279269
0.09778980402132639,0.9645180890168752,366.1,159.31806501032267,537.9,0.08352040648460388,0.04471511325932485,0.44405612349510193,0.04527858452279269
0.11269849768051735,0.9645180890168752,366.1,159.31806501032267,537.9,0.08352040648460388,0.04471511325932485,0.44405612349510193,0.04527858452279269
0.1276071913397083,0.9645180890168752,366.1,159.31806501032267,537.9,0.08352040648460388,0.04471511325932485,0.44405612349510193,0.04527858452279269
0.14251588499889925,0.9645180890168752,366.1,159.31806501032267,537.9,0.08352040648460388,0.04471511325932485,0.44405612349510193,0.04527858452279269
0.1574245786580902,0.9645180890168752,365.7,159.17224317941273,538.3,0.08333252668380738,0.04454340622966457,0.44475311040878296,0.0449810780581828
0.17233327231728116,0.9645180890168752,365.7,159.17224317941273,538.3,0.08333252668380738,0.04454340622966457,0.44475311040878296,0.0449810780581828
0.18724196597647208,0.9645180890168752,365.4,159.06616709225702,538.6,0.08281714320182801,0.04408999162525341,0.4446336209774017,0.045028300361436735
0.20215065963566303,0.9645180890168752,365.4,159.06616709225702,538.6,0.08281714320182801,0.04408999162525341,0.4446336209774017,0.045028300361436735
0.21705935329485398,0.9645180890168752,365.4,159.06616709225702,538.6,0.08281714320182801,0.04408999162525341,0.4446336209774017,0.045028300361436735
0.23196804695404494,0.9645180890168752,365.1,158.93823498748714,538.9,0.08334035277366639,0.044142597720548155,0.4452562093734741,0.044438670711365924
0.2468767406132359,0.9645180890168752,363.9,158.52952141853862,540.1,0.08139904141426087,0.04269395306932836,0.4439973413944244,0.04498283718831059
0.26178543427242684,0.9645180890168752,362.6,157.77695288942198,541.4,0.08026925921440124,0.042218283180054994,0.4466103076934814,0.04207030198816009
0.2766941279316178,0.9645180890168752,361.8,157.36038144563372,542.2,0.0793586790561676,0.04181794932146386,0.44713505506515505,0.04169616131759821
0.29160282159080875,0.9645180890168752,361.1,157.10530847684205,542.9,0.07927770018577576,0.04176156023763623,0.4480754673480988,0.041308111518713955
0.3065115152499997,0.9645180890168752,358.9,156.1847834007651,545.1,0.07805614471435547,0.040932807659656,0.45061732530593873,0.03976783128954844
0.32142020890919065,0.9645180890168752,357.5,155.41173372289995,546.5,0.07667136788368226,0.040232069335068725,0.4521047532558441,0.038432060670552694
0.3363289025683816,0.9645180890168752,355.7,154.8288442891595,548.3,0.07443945407867432,0.0393408046266949,0.4545336842536926,0.03730529763482744
0.35123759622757256,0.9645180890168752,353.9,154.08021308456782,550.1,0.07275118231773377,0.03910299741912007,0.4558440625667572,0.037547792514366386
0.36614628988676345,0.9645180890168752,351.3,153.2029782511894,552.7,0.07181307077407836,0.0385513000725638,0.4584982693195343,0.037405807378307204
0.3810549835459544,0.9645180890168752,348.6,152.2589183503703,555.4,0.06887418627738953,0.03768213675255214,0.46053398847579957,0.036726342456778145
0.39596367720514536,0.9645180890168752,346.3,151.54203797336655,557.7,0.06795578598976135,0.037053876726451516,0.4609489321708679,0.03826003126709572
0.4108723708643363,0.9645180890168752,342.4,150.5142965275545,561.6,0.06998415589332581,0.03508230846101812,0.4617982268333435,0.03540953813190883
0.42578106452352726,0.9645180890168752,338.2,148.50881347964915,565.8,0.0687562346458435,0.035386653891483294,0.46171098947525024,0.03617120882193802
0.4406897581827182,0.9645180890168752,331.8,145.71008337583933,572.2,0.06580796837806702,0.03326511802687741,0.4633781135082245,0.03853530159721716
0.45559845184190917,0.9645180890168752,309.9,142.1381550141501,594.1,0.053940105438232425,0.03201377606251205,0.4859634280204773,0.042962689991455465
0.4705071455011001,0.9645180890168752,274.2,144.66836508253314,629.8,0.025923049449920653,0.061166348109487005,0.5092736840248108,0.047625117937723296
0.4854158391602911,0.9645180890168752,221.9,128.00089809000085,682.1,0.02695557475090027,0.02160887075561193,0.5445347845554351,0.03785277689399477
0.5003245328194821,0.9645180890168752,123.9,115.11367305761244,780.1,-0.009579050540924072,0.03913617137916864,0.5517752289772033,0.03449542564127226
0.515233226478673,0.9645180890168752,60.4,75.31409414874153,843.6,-0.0042769074440002445,0.01801637206517111,0.5484018862247467,0.035392843331424985
0.5301419201378639,0.9645180890168752,14.1,31.89641599624281,889.9,0.00623772144317627,0.014110706242569809,0.5393634140491486,0.02903782560398957
0.5450506137970549,0.9645180890168752,9.1,20.585630181972306,894.9,-0.0005601763725280762,0.0012672069935760137,0.542840838432312,0.02412157409413036
0.5599593074562458,0.9645180890168752,0.0,0.0,904.0,0.0,0.0,0.541922652721405,0.02527511246175802
0.5748680011154368,0.9645180890168752,0.0,0.0,904.0,0.0,0.0,0.541922652721405,0.02527511246175802
0.5897766947746277,0.9645180890168752,0.0,0.0,904.0,0.0,0.0,0.541922652721405,0.02527511246175802
0.008337642066180706,0.9805995043225552,439.0,98.1989312492702,465.0,0.06873289942741394,0.07777793874220046,0.4269785940647125,0.03342651770347286
0.023246335725371655,0.9805995043225552,438.7,98.11090916075258,465.3,0.06937241554260254,0.07785356496008773,0.42559136152267457,0.03470248615711927
0.038155029384562604,0.9805995043225552,438.7,98.11090916075258,465.3,0.06937241554260254,0.07785356496008773,0.42559136152267457,0.03470248615711927
0.05306372304375355,0.9805995043225552,438.7,98.11090916075258,465.3,0.06937241554260254,0.07785356496008773,0.42559136152267457,0.03470248615711927
0.0679724167029445,0.9805995043225552,438.7,98.11090916075258,465.3,0.06937241554260254,0.07785356496008773,0.42559136152267457,0.03470248615711927
0.08288111036213545,0.9805995043225552,438.7,98.11090916075258,465.3,0.06937241554260254,0.07785356496008773,0.42559136152267457,0.03470248615711927
0.09778980402132639,0.9805995043225552,438.7,98.11090916075258,465.3,0.06937241554260254,0.07785356496008773,0.42559136152267457,0.03470248615711927
0.11269849768051735,0.9805995043225552,438.7,98.11090916075258,465.3,0.06937241554260254,0.07785356496008773,0.42559136152267457,0.03470248615711927
0.1276071913397083,0.9805995043225552,438.6,98.09128966517513,465.4,0.06937641501426697,0.07785619418169093,0.4259095132350922,0.03461645497779628
0.14251588499889925,0.9805995043225552,438.4,98.05360459021765,465.6,0.06904560923576356,0.0776419869523124,0.42552776336669923,0.03472144729658169
0.1574245786580902,0.9805995043225552,438.0,97.98445829955247,466.0,0.06885772943496704,0.07752328172479424,0.42622475028038026,0.034545792347415956
0.17233327231728116,0.9805995043225552,438.0,97.98445829955247,466.0,0.06885772943496704,0.07752328172479424,0.42622475028038026,0.034545792347415956
0.18724196597647208,0.9805995043225552,437.7,97.9380530445363,466.3,0.06834234595298767,0.07720873016507651,0.426105260848999,0.03457086265880165
0.20215065963566303,0.9805995043225552,437.7,97.9380530445363,466.3,0.06834234595298767,0.07720873016507651,0.426105260848999,0.03457086265880165
0.21705935329485398,0.9805995043225552,437.5,97.88067632014885,466.5,0.06832530498504638,0.07720621829223881,0.42641317248344424,0.034263227280766445
0.23196804695404494,0.9805995043225552,436.5,97.26121271706424,467.5,0.06850219368934632,0.07715578055717258,0.4286425054073334,0.032116925034694294
0.2468767406132359,0.9805995043225552,434.7,96.9038294650663,469.3,0.06520169973373413,0.07554689082921792,0.42368691563606264,0.036691063998144736
0.26178543427242684,0.9805995043225552,433.0,96.11668894718656,471.0,0.06304479837417602,0.07428485209387917,0.4258772671222687,0.03410096195959691
0.2766941279316178,0.9805995043225552,432.2,95.7663156907651,471.8,0.06213421821594238,0.07393754612130933,0.42640201449394227,0.03382169936493898
0.29160282159080875,0.9805995043225552,431.5,95.64003475215894,472.5,0.062053239345550536,0.07389493610581332,0.427342426776886,0.03367298678858953
0.3065115152499997,0.9805995043225552,429.3,95.0513169290571,474.7,0.06083168387413025,0.07326664460962258,0.42988428473472595,0.03269435403769641
0.32142020890919065,0.9805995043225552,427.9,94.3713659422538,476.1,0.05944690704345703,0.07269113823155517,0.43137171268463137,0.031615397535559205
0.3363289025683816,0.9805995043225552,426.1,94.17655479255639,477.9,0.0572149932384491,0.07189828583148718,0.43380064368247984,0.031168304399988182
0.35123759622757256,0.9805995043225552,424.3,93.71269514048657,479.7,0.05552672147750855,0.07153768242432199,0.4351110219955444,0.03194542240229823
0.36614628988676345,0.9805995043225552,419.8,91.95470226619854,484.2,0.05321692228317261,0.07062319317018428,0.44107471108436586,0.03144243794892464
0.3810549835459544,0.9805995043225552,415.8,90.46165078251511,488.2,0.050427430868148805,0.06970482512259887,0.4461779177188873,0.02995123747630799
0.39596367720514536,0.9805995043225552,411.4,88.49195922720355,492.6,0.049606770277023315,0.06944548893298291,0.45082862973213195,0.031328077438048246
0.4108723708643363,0.9805995043225552,406.9,87.18518575594022,497.1,0.050224924087524415,0.06880444975875383,0.4531516909599304,0.02835160767389093
0.42578106452352726,0.9805995043225552,402.7,85.496407000642,501.3,0.04899700284004212,0.06875978346165187,0.45306445360183717,0.02928270532449766
0.4406897581827182,0.9805995043225552,396.3,83.40040983701454,507.7,0.046048736572265624,0.06720128778209578,0.4547315776348114,0.03241114582183432
0.45559845184190917,0.9805995043225552,374.4,86.79742402951554,529.6,0.03418087363243103,0.06455738508117327,0.4773168921470642,0.04041511451698353
0.4705071455011001,0.9805995043225552,338.7,104.2977666661981,565.3,0.0061638176441192625,0.07908573181814739,0.5006271481513977,0.04780109440185976
0.4854158391602911,0.9805995043225552,286.4,100.84373107104213,617.6,0.007196342945098877,0.054803056264993905,0.5358882486820221,0.04238324220588014
0.5003245328194821,0.9805995043225552,188.4,119.26677634893622,715.6,-0.029338282346725465,0.05698366894103461,0.5431286931037903,0.04030675379720373
0.515233226478673,0.9805995043225552,124.9,106.31681411048824,779.1,-0.024036139249801636,0.046467487973411443,0.5397553503513336,0.04067166237697945
0.5301419201378639,0.9805995043225552,78.6,98.35814947160713,825.4,-0.015507775545120239,0.04610612071169904,0.5314228594303131,0.034006736023321694
0.5450506137970549,0.9805995043225552,67.4,89.27687305048332,836.6,-0.004483455419540405,0.02273781499822203,0.5415785670280456,0.030625828051950424
0.5599593074562458,0.9805995043225552,39.6,56.94987833583337,864.4,-0.019239121675491334,0.04119607665272373,0.5483696162700653,0.02109400146921882
0.5748680011154368,0.9805995043225552,13.4,22.028656781402837,890.6,-0.11580145359039307,0.20987448204745715,0.5534189283847809,0.02132659816957161
0.5897766947746277,0.9805995043225552,0.0,0.0,904.0,0.0,0.0,0.541922652721405,0.02527511246175802
0.008337642066180706,0.9966809196282351,487.8,54.51209464240371,416.2,0.09157502055168151,0.04519512883412964,0.4185855209827423,0.03973139770425877
0.023246335725371655,0.9966809196282351,487.5,54.44994486510896,416.5,0.09223357439041138,0.04522777355887809,0.417145836353302,0.04104844719030387
0.038155029384562604,0.9966809196282351,487.5,54.44994486510896,416.5,0.09223357439041138,0.04522777355887809,0.417145836353302,0.04104844719030387
0.05306372304375355,0.9966809196282351,487.5,54.44994486510896,416.5,0.09223357439041138,0.04522777355887809,0.417145836353302,0.04104844719030387
0.0679724167029445,0.9966809196282351,487.5,54.44994486510896,416.5,0.09223357439041138,0.04522777355887809,0.417145836353302,0.04104844719030387
0.08288111036213545,0.9966809196282351,487.5,54.44994486510896,416.5,0.09223357439041138,0.04522777355887809,0.417145836353302,0.04104844719030387
0.09778980402132639,0.9966809196282351,487.5,54.44994486510896,416.5,0.09223357439041138,0.04522777355887809,0.417145836353302,0.04104844719030387
0.11269849768051735,0.9966809196282351,487.3,54.47792364830864,416.7,0.09253478646278382,0.045475047010959134,0.41774179339408873,0.040943083790153115
0.1276071913397083,0.9966809196282351,487.2,54.493316290079086,416.8,0.09253878593444824,0.045478389922697635,0.41805994510650635,0.040904920064496406
0.14251588499889925,0.9966809196282351,487.0,54.526904112664184,417.0,0.09220798015594482,0.04520717360275606,0.4176781952381134,0.04095222535278021
0.1574245786580902,0.9966809196282351,485.0,54.40162674068796,419.0,0.09077083468437194,0.04503434145642538,0.41973153352737425,0.03960343213660089
0.17233327231728116,0.9966809196282351,484.8,54.39305558826208,419.2,0.09094966053962708,0.04502684451058624,0.42023122906684873,0.03918340685248839
0.18724196597647208,0.9966809196282351,484.1,54.05924576212112,419.9,0.09017708897590637,0.04450204518488322,0.4212426424026489,0.03783479873765571
0.20215065963566303,0.9966809196282351,483.8,53.769592976324965,420.2,0.08996120095252991,0.044401595780777035,0.4224237322807312,0.03655146913154667
0.21705935329485398,0.9966809196282351,481.4,53.96213000391139,422.6,0.08971787095069886,0.04429552119414843,0.4270831346511841,0.03794568708993867
0.23196804695404494,0.9966809196282351,479.9,53.2613522629362,424.1,0.08913751244544983,0.04334721414643816,0.4296364486217499,0.035817467750815096
0.2468767406132359,0.9966809196282351,477.2,53.41629621774341,426.8,0.08683526515960693,0.04253650604978124,0.4258230149745941,0.039661843917271636
0.26178543427242684,0.9966809196282351,475.5,52.75915473896588,428.5,0.08467836380004883,0.04090628114567581,0.4280133664608002,0.037207292269949684
0.2766941279316178,0.9966809196282351,474.7,52.48773376519259,429.3,0.08376778364181518,0.04054931475943514,0.42853811383247375,0.03693426118003853
0.29160282159080875,0.9966809196282351,474.0,52.57967882092223,430.0,0.08368680477142335,0.040496172445168066,0.4294785261154175,0.03676707680763514
0.3065115152499997,0.9966809196282351,471.8,52.523199570067824,432.2,0.08246524930000305,0.0397181530115347,0.43202038407325744,0.03578678704929651
0.32142020890919065,0.9966809196282351,470.3,51.819421536761055,433.7,0.0810784637928009,0.03908518241841524,0.4339802861213684,0.03429651233221821
0.3363289025683816,0.9966809196282351,467.9,51.6880223642408,436.1,0.07815507054328918,0.03808679195257594,0.4374461889266968,0.03299656241384615
0.35123759622757256,0.9966809196282351,465.9,51.500674032627906,438.1,0.07631288766860962,0.03783416138292416,0.4380320608615875,0.03380437403839093
0.36614628988676345,0.9966809196282351,461.4,50.38650050769203,442.6,0.07400308847427368,0.036824146875786216,0.4439957499504089,0.03303093330979024
0.3810549835459544,0.9966809196282351,457.4,49.55472574773485,446.6,0.07121359705924987,0.03595945664509822,0.44909895658493043,0.03134550314043604
0.39596367720514536,0.9966809196282351,453.0,48.07638389378443,451.0,0.07039293646812439,0.03572666284019466,0.45374966859817506,0.032426281813016
0.4108723708643363,0.9966809196282351,448.5,47.40735216909794,455.5,0.07087711095809937,0.034670302557660466,0.45639167428016664,0.029413079832860446
0.42578106452352726,0.9966809196282351,444.3,46.41687055748184,459.7,0.06964918971061707,0.03499605249896904,0.45630443692207334,0.03031689071607659
0.4406897581827182,0.9966809196282351,437.9,45.86157531807112,466.1,0.06670092344284058,0.03289483758025154,0.4579715609550476,0.03325623137813401
0.45559845184190917,0.9966809196282351,416.0,60.97109258817099,488.0,0.05483306050300598,0.031818790909430864,0.4805568754673004,0.04007069963687109
0.4705071455011001,0.9966809196282351,380.3,93.54447641262675,523.7,0.026816004514694215,0.06129703031959811,0.5038671314716339,0.046597618179003125
0.4854158391602911,0.9966809196282351,328.0,102.54835242715546,576.0,0.027848529815673827,0.02195218878789154,0.5391282320022583,0.03940575988549992
0.5003245328194821,0.9966809196282351,230.0,138.59064415949905,674.0,-0.008686095476150513,0.03979566110234417,0.5463686764240265,0.03680260650428683
0.515233226478673,0.9966809196282351,166.5,138.88869209468015,737.5,-0.0033839523792266847,0.01926811570348274,0.5429953336715698,0.03736857726703635
0.5301419201378639,0.9966809196282351,120.2,140.39183797015036,783.8,0.005113905668258667,0.011651734401680136,0.5356354415416718,0.029173047765083466
0.5450506137970549,0.9966809196282351,109.0,129.45830000604946,795.0,-0.0010739147663116455,0.016848391635642713,0.5515336155891418,0.02333754510529101
0.5599593074562458,0.9966809196282351,81.2,97.12932384453453,822.8,-0.014964926242828368,0.027285450991707386,0.5638311624526977,0.02203276013264589
0.5748680011154368,0.9966809196282351,50.8,62.31028307226271,853.2,-0.045476210117340085,0.061194580449006324,0.5684570789337158,0.031384927428810334
0.5897766947746277,0.9966809196282351,0.0,0.0,904.0,0.0,0.0,0.541922652721405,0.02527511246175802
0.008337642066180706,1.0127623349339152,514.5,38.05724138827938,389.5,0.10627223253250122,0.03968781430476059,0.3979650020599365,0.02929820259504835
0.023246335725371655,1.0127623349339152,514.2,38.08793178356124,389.79999999999995,0.10693078637123107,0.039586205685683926,0.39652531743049624,0.030512553458814127
0.038155029384562604,1.0127623349339152,514.2,38.08793178356124,389.79999999999995,0.10693078637123107,0.039586205685683926,0.39652531743049624,0.030512553458814127
0.05306372304375355,1.0127623349339152,514.2,38.08793178356124,389.79999999999995,0.10693078637123107,0.039586205685683926,0.39652531743049624,0.030512553458814127
0.0679724167029445,1.0127623349339152,514.2,38.08793178356124,389.79999999999995,0.10693078637123107,0.039586205685683926,0.39652531743049624,0.030512553458814127
0.08288111036213545,1.0127623349339152,514.2,38.08793178356124,389.79999999999995,0.10693078637123107,0.039586205685683926,0.39652531743049624,0.030512553458814127
0.09778980402132639,1.0127623349339152,513.3,38.53207700728149,390.70000000000005,0.10606217980384827,0.038886400521968574,0.3961126446723938,0.030460726081094572
0.11269849768051735,1.0127623349339152,513.0,38.70279933830315,391.0,0.10622407793998719,0.039010284027768814,0.3967813551425934,0.030559003956626588
0.1276071913397083,1.0127623349339152,512.9,38.76218015279111,391.1,0.1062280774116516,0.03901338293665508,0.397099506855011,0.030631888001948715
0.14251588499889925,1.0127623349339152,512.7,38.88461802116807,391.29999999999995,0.10589727163314819,0.03876336420604392,0.39671775698661804,0.030546447391057763
0.1574245786580902,1.0127623349339152,510.7,39.456543245829565,393.3,0.10446012616157532,0.03885066641810003,0.3987710952758789,0.029552933817210265
0.17233327231728116,1.0127623349339152,510.1,39.09810711975666,393.9,0.10451926589012146,0.0387602999818697,0.399775093793869,0.02851157613954806
0.18724196597647208,1.0127623349339152,509.0,39.085816542480416,395.0,0.10291050672531128,0.03791162397238298,0.4010202884674072,0.027294526634602075
0.20215065963566303,1.0127623349339152,508.4,38.85997109483126,395.6,0.10274653434753418,0.03789374343979076,0.4031158149242401,0.025660178864717234
0.21705935329485398,1.0127623349339152,505.8,40.017099137948705,398.2,0.10224766731262207,0.03752816604624881,0.4081141769886017,0.029295570178279922
0.23196804695404494,1.0127623349339152,504.3,39.596079957156164,399.7,0.10166730880737304,0.03651739875436998,0.4106674909591675,0.027501356044432212
0.2468767406132359,1.0127623349339152,501.6,40.73446553411267,402.4,0.09936506152153016,0.03600969246830781,0.40685405731201174,0.03105212867467908
0.26178543427242684,1.0127623349339152,499.9,40.456087687389314,404.1,0.09720816016197205,0.03451667147934909,0.4090444087982178,0.02868456343215966
0.2766941279316178,1.0127623349339152,499.1,40.377305097456436,404.9,0.0962975800037384,0.03428262442866888,0.40956915616989137,0.0285285947409816
0.29160282159080875,1.0127623349339152,498.1,40.41249487410352,405.9,0.0951314091682434,0.0339561021712529,0.4107111871242523,0.028302756778387648
0.3065115152499997,1.0127623349339152,495.4,40.61424440136154,408.6,0.09390032887458802,0.033255564354624775,0.4146745800971985,0.028318929057728925
0.32142020890919065,1.0127623349339152,492.7,39.16001033932253,411.3,0.09037273526191711,0.031067910165930093,0.41612536907196046,0.02699192783374611
0.3363289025683816,1.0127623349339152,490.3,39.76230566817554,413.7,0.0874493420124054,0.03031609560571297,0.41959127187728884,0.0266732025312525
0.35123759622757256,1.0127623349339152,488.3,40.157873875883595,415.7,0.08560715913772583,0.030320890150219215,0.4201771438121796,0.02788042510179509
0.36614628988676345,1.0127623349339152,483.8,40.17167652074973,420.2,0.0832973599433899,0.029468007860693035,0.42614083290100097,0.029098355314193518
0.3810549835459544,1.0127623349339152,479.8,40.404544665120845,424.2,0.08050786852836608,0.028894832319821973,0.4312440395355225,0.029014307026084332
0.39596367720514536,1.0127623349339152,475.4,40.00345636329606,428.6,0.0796872079372406,0.028755818566966917,0.4358947515487671,0.031704625354481035
0.4108723708643363,1.0127623349339152,470.9,40.18957750270628,433.1,0.08009975552558898,0.027840001306787203,0.4391828000545502,0.028374589603376615
0.42578106452352726,1.0127623349339152,466.7,40.36406580520512,437.3,0.07887183427810669,0.028471701707945208,0.4390955626964569,0.029281303223276687
0.4406897581827182,1.0127623349339152,460.3,41.72581438354791,443.7,0.0759235680103302,0.026436822172951697,0.44076268672943114,0.032815895509795315
0.45559845184190917,1.0127623349339152,438.4,62.55472449240884,465.6,0.0640557050704956,0.027454319018537628,0.46334800124168396,0.044928345416698365
0.4705071455011001,1.0127623349339152,402.7,99.27525671924586,501.3,0.036038649082183835,0.0615830347086914,0.48665825724601747,0.05513990735550951
0.4854158391602911,1.0127623349339152,350.4,113.81306142684709,553.6,0.03707117438316345,0.02249919574549343,0.5219193577766419,0.05578473395833284
0.5003245328194821,1.0127623349339152,252.4,155.3736609491437,651.6,0.0005365490913391113,0.04462265487255851,0.5291598021984101,0.055274299943899076
0.515233226478673,1.0127623349339152,188.9,160.75203179205832,715.1,0.0058386921882629395,0.02689123696541133,0.5257864594459534,0.05505643875492949
0.5301419201378639,1.0127623349339152,142.6,165.32680710069494,761.4,0.014374738931655884,0.019859467528541216,0.5202759802341461,0.04503083758676283
0.5450506137970549,1.0127623349339152,131.4,153.86704576048123,772.6,0.008140641450881957,0.019645312349390872,0.544960618019104,0.028408519109124838
0.5599593074562458,1.0127623349339152,101.0,119.16127432065501,803.0,-0.005870920419692993,0.022153295428491156,0.5649201452732087,0.022919016988327434
0.5748680011154368,1.0127623349339152,61.9,75.74263870877533,842.1,-0.03973554372787476,0.058970839888140565,0.5687028348445893,0.031630178113754896
0.5897766947746277,1.0127623349339152,0.2,0.4524314325708198,903.8,0.014634478092193603,0.033105489440887155,0.5419189095497131,0.0252768289211542
0.008337642066180706,1.028843750239595,537.5,30.071945779325258,366.5,0.12646170258522033,0.03417269789167948,0.3880943775177002,0.027273479271619685
0.023246335725371655,1.028843750239595,537.2,30.240791316751086,366.79999999999995,0.1271202564239502,0.033831914612244086,0.3866546928882599,0.028289817566985218
0.038155029384562604,1.028843750239595,537.2,30.240791316751086,366.79999999999995,0.1271202564239502,0.033831914612244086,0.3866546928882599,0.028289817566985218
0.05306372304375355,1.028843750239595,537.2,30.240791316751086,366.79999999999995,0.1271202564239502,0.033831914612244086,0.3866546928882599,0.028289817566985218
0.0679724167029445,1.028843750239595,537.2,30.240791316751086,366.79999999999995,0.1271202564239502,0.033831914612244086,0.3866546928882599,0.028289817566985218
0.08288111036213545,1.028843750239595,537.2,30.240791316751086,366.79999999999995,0.1271202564239502,0.033831914612244086,0.3866546928882599,0.028289817566985218
0.09778980402132639,1.028843750239595,536.3,31.17812860876393,367.70000000000005,0.1262516498565674,0.03331104138907889,0.38624202013015746,0.028151758980264396
0.11269849768051735,1.028843750239595,536.0,31.51361662386074,368.0,0.1264135479927063,0.03339997800622352,0.3869107306003571,0.028390571464444604
0.1276071913397083,1.028843750239595,535.9,31.627891224474638,368.1,0.12641754746437073,0.03340222289200196,0.38722888231277464,0.028531659071902995
0.14251588499889925,1.028843750239595,535.2,31.37401673144747,368.79999999999995,0.12473016381263732,0.03289659791323925,0.38663679361343384,0.028633370407149954
0.1574245786580902,1.028843750239595,529.6,34.65393759317343,374.4,0.12045915126800537,0.03157947561318777,0.39241371750831605,0.029881416638271992
0.17233327231728116,1.028843750239595,528.8,34.59744870780278,375.20000000000005,0.11964164972305298,0.03107856901447455,0.39284050464630127,0.02833363283359494
0.18724196597647208,1.028843750239595,526.7,35.36023328749634,377.29999999999995,0.11712533831596375,0.029353421771894678,0.39630832672119143,0.02606841586533108
0.20215065963566303,1.028843750239595,526.1,35.28199760096296,377.9,0.11696136593818665,0.029375475094545578,0.3984038531780243,0.024581386475829737
0.21705935329485398,1.028843750239595,523.5,37.26155805573416,380.5,0.11646249890327454,0.029041524750241025,0.40340221524238584,0.02882383416745559
0.23196804695404494,1.028843750239595,522.0,37.216897076082304,382.0,0.11588214039802551,0.027891733531702073,0.40595552921295164,0.02725049054978778
0.2468767406132359,1.028843750239595,519.3,39.12660057762231,384.70000000000005,0.11357989311218261,0.027898782854521267,0.4021420955657959,0.03049697459220147
0.26178543427242684,1.028843750239595,517.0,38.72629830788673,387.0,0.11111992597579956,0.02664285850244214,0.40617695450782776,0.027112713681674866
0.2766941279316178,1.028843750239595,515.5,38.29108910945887,388.5,0.10886111855506897,0.025120279572534966,0.40500268936157224,0.026156298308647765
0.29160282159080875,1.028843750239595,514.5,38.57071941657581,389.5,0.10769494771957397,0.02500816302024309,0.40614472031593324,0.026023984385096673
0.3065115152499997,1.028843750239595,511.8,39.42590869144439,392.2,0.10646386742591858,0.024411319266336627,0.4101081132888794,0.026433787631816946
0.32142020890919065,1.028843750239595,509.1,38.58427932614836,394.9,0.10293627381324769,0.022485421501664805,0.41155890226364134,0.02515713446473746
0.3363289025683816,1.028843750239595,506.7,39.76230566817554,397.3,0.10001288056373596,0.022387757628350335,0.4150248050689697,0.02517489237983492
0.35123759622757256,1.028843750239595,504.7,40.619634001872136,399.3,0.0981706976890564,0.022974375409680194,0.41561067700386045,0.026508036045155958
0.36614628988676345,1.028843750239595,500.2,41.65318774338217,403.8,0.09586089849472046,0.022579402909074623,0.4215743660926819,0.028337982201014945
0.3810549835459544,1.028843750239595,496.2,42.75922530545637,407.8,0.09307140707969666,0.022720719862782915,0.42667757272720336,0.028716852429193068
0.39596367720514536,1.028843750239595,491.8,43.337746492052936,412.2,0.09225074648857116,0.022802231528954303,0.431328284740448,0.031814489474103584
0.4108723708643363,1.028843750239595,487.3,44.149171647586016,416.7,0.09256924986839295,0.021998244716210612,0.4351588606834412,0.028538663947521976
0.42578106452352726,1.028843750239595,483.1,45.18334508753996,420.9,0.09134132862091064,0.023171254727338872,0.4350716233253479,0.029433544239177253
0.4406897581827182,1.028843750239595,476.7,47.67263275748509,427.3,0.08839306235313416,0.02160976106524516,0.43673874735832213,0.033067363645084995
0.45559845184190917,1.028843750239595,454.8,69.66464703945319,449.2,0.07652519941329956,0.02626983676825881,0.45932406187057495,0.046243635150317985
0.4705071455011001,1.028843750239595,419.1,107.05815285401904,484.9,0.04850814342498779,0.06423489607637226,0.48263431787490846,0.057157626816745674
0.4854158391602911,1.028843750239595,366.8,124.63817657366184,537.2,0.04954066872596741,0.02872671439770202,0.5178954184055329,0.05915974714363229
0.5003245328194821,1.028843750239595,268.8,168.96724062230075,635.2,0.013006043434143067,0.05318138171094814,0.5251358628273011,0.05896032164772608
0.515233226478673,1.028843750239595,204.9,176.85589452309893,699.1,0.018088394403457643,0.03824619252870047,0.521824198961258,0.05857439333491597
0.5301419201378639,1.028843750239595,156.9,181.0493601154212,747.1,0.025559931993484497,0.03049491842418882,0.5172478258609772,0.04851708229448373
0.5450506137970549,1.028843750239595,142.1,164.5246408941151,761.9,0.016845780611038207,0.023610533390660108,0.5480705320835113,0.03107529031626672
0.5599593074562458,1.028843750239595,107.4,125.69453935525307,796.6,-0.0004220664501190186,0.02085893968584533,0.5680782556533813,0.02536684823584737
0.5748680011154368,1.028843750239595,64.7,79.59025630319213,839.3,-0.03897150754928589,0.05912895750746092,0.5689307272434234,0.031664409109305354
0.5897766947746277,1.028843750239595,0.2,0.4524314325708198,903.8,0.014634478092193603,0.033105489440887155,0.5419189095497131,0.0252768289211542
0.008337642066180706,1.0449251655452751,547.5,28.527208037831237,356.5,0.13695562481880189,0.03364172718175236,0.3786980748176575,0.02730849039995267
0.023246335725371655,1.0449251655452751,547.2,28.740773770970293,356.79999999999995,0.13762351274490356,0.033212316344177456,0.37725530862808226,0.028223383546962234
0.038155029384562604,1.0449251655452751,547.2,28.740773770970293,356.79999999999995,0.13762351274490356,0.033212316344177456,0.37725530862808226,0.028223383546962234
0.05306372304375355,1.0449251655452751,547.2,28.740773770970293,356.79999999999995,0.13762351274490356,0.033212316344177456,0.37725530862808226,0.028223383546962234
0.0679724167029445,1.0449251655452751,547.2,28.740773770970293,356.79999999999995,0.13762351274490356,0.033212316344177456,0.37725530862808226,0.028223383546962234
0.08288111036213545,1.0449251655452751,547.2,28.740773770970293,356.79999999999995,0.13762351274490356,0.033212316344177456,0.37725530862808226,0.028223383546962234
0.09778980402132639,1.0449251655452751,546.3,29.89710740346521,357.70000000000005,0.13675490617752076,0.03283991166208302,0.37684263586997985,0.028006358609152494
0.11269849768051735,1.0449251655452751,545.6,30.585539772643806,358.4,0.13654752373695372,0.0331280974465087,0.3781000018119812,0.027955923230448182
0.1276071913397083,1.0449251655452751,545.5,30.72104191237314,358.5,0.13655152320861816,0.03312966514773495,0.3784181535243988,0.028155858669029785
0.14251588499889925,1.0449251655452751,544.2,30.867924495888143,359.79999999999995,0.13345911502838134,0.03172069081143196,0.3774131953716278,0.02780934376452397
0.1574245786580902,1.0449251655452751,538.3,35.153805854592605,365.70000000000005,0.12865070104599,0.030462847534346606,0.38365010619163514,0.0305012655380633
0.17233327231728116,1.0449251655452751,537.5,35.21069404151851,366.5,0.1278331995010376,0.030070160686504727,0.38407689332962036,0.02905987272597132
0.18724196597647208,1.0449251655452751,535.4,36.248201022424865,368.6,0.12531688809394836,0.028694961217083065,0.3875447154045105,0.02749188419451289
0.20215065963566303,1.0449251655452751,534.8,36.25384759945459,369.20000000000005,0.12515291571617126,0.028744102463153707,0.3896402418613434,0.026483386124293896
0.21705935329485398,1.0449251655452751,531.8,38.1922881953285,372.20000000000005,0.12462382316589356,0.02852034817076088,0.3965290248394012,0.029444366436463126
0.23196804695404494,1.0449251655452751,530.3,38.33383117309524,373.70000000000005,0.12404346466064453,0.027446952343601453,0.399082338809967,0.0282613437597928
0.2468767406132359,1.0449251655452751,527.1,40.152776315331145,376.9,0.12118014097213745,0.02727159189977152,0.3945395052433014,0.03035011469753217
0.26178543427242684,1.0449251655452751,524.8,40.01851999283669,379.20000000000005,0.1187201738357544,0.02639130278850911,0.39857436418533326,0.027587079967375448
0.2766941279316178,1.0449251655452751,523.3,39.7651655353116,380.70000000000005,0.1164613664150238,0.02524302091046966,0.39740009903907775,0.026456520263519176
0.29160282159080875,1.0449251655452751,522.3,40.1451287608532,381.70000000000005,0.1152951955795288,0.025331186404606774,0.39854212999343874,0.026512578479260907
0.3065115152499997,1.0449251655452751,519.6,41.258725920672966,384.4,0.11406411528587342,0.024956230306531903,0.40250552296638487,0.027544147337032192
0.32142020890919065,1.0449251655452751,516.9,40.75016590281783,387.1,0.11053652167320252,0.023727280357107826,0.40395631194114684,0.026558600578910227
0.3363289025683816,1.0449251655452751,514.5,42.12076161420733,389.5,0.1076131284236908,0.02416336102314589,0.4074222147464752,0.02713333430115431
0.35123759622757256,1.0449251655452751,512.5,43.13713524864168,391.5,0.10577094554901123,0.025027986332887678,0.40800808668136596,0.028463727923826794
0.36614628988676345,1.0449251655452751,508.0,44.56188045211654,396.0,0.10346114635467529,0.02506733000254658,0.4139717757701874,0.03101787672884589
0.3810549835459544,1.0449251655452751,504.0,45.984832468654986,400.0,0.1006716549396515,0.025668698378491856,0.41907498240470886,0.03206002629278779
0.39596367720514536,1.0449251655452751,499.6,46.94083617152079,404.4,0.099850994348526,0.025878285042720335,0.4237256944179535,0.03543384767437644
0.4108723708643363,1.0449251655452751,495.1,48.030769521498456,408.9,0.10015668869018554,0.02527134204621557,0.4278429925441742,0.03213897866591481
0.42578106452352726,1.0449251655452751,490.9,49.36187275188639,413.1,0.09892876744270325,0.026499433011853448,0.42775575518608094,0.032925163055844114
0.4406897581827182,1.0449251655452751,484.5,52.19682219666697,419.5,0.09598050117492676,0.02564631316919567,0.4294228792190552,0.03640127835913998
0.45559845184190917,1.0449251655452751,462.6,74.15690242620722,441.4,0.08411263823509216,0.03135691500889959,0.45200819373130796,0.05057643294630332
0.4705071455011001,1.0449251655452751,426.2,110.97017797171195,477.8,0.056100040674209595,0.06827380723272432,0.4771487653255463,0.06124777350712348
0.4854158391602911,1.0449251655452751,373.3,129.1456654980762,530.7,0.05638636946678162,0.036490442488616694,0.5124346852302551,0.06485972354212514
0.5003245328194821,1.0449251655452751,274.2,173.36705732976844,629.8,0.018881112337112427,0.05950148471399245,0.5219081342220306,0.06296199916665561
0.515233226478673,1.0449251655452751,209.9,181.69203270794563,694.1,0.02365959286689758,0.046121782467163315,0.5193807244300842,0.061702569448620195
0.5301419201378639,1.0449251655452751,159.0,183.2685508190279,745.0,0.02671005129814148,0.032159789847330617,0.5156731486320496,0.0509613902456369
0.5450506137970549,1.0449251655452751,143.0,165.41166523396078,761.0,0.01672844886779785,0.0234558684862714,0.5480346083641052,0.031073634773286073
0.5599593074562458,1.0449251655452751,107.4,125.69453935525307,796.6,-0.0004220664501190186,0.02085893968584533,0.5680782556533813,0.02536684823584737
0.5748680011154368,1.0449251655452751,64.7,79.59025630319213,839.3,-0.03897150754928589,0.05912895750746092,0.5689307272434234,0.031664409109305354
0.5897766947746277,1.0449251655452751,0.2,0.4524314325708198,903.8,0.014634478092193603,0.033105489440887155,0.5419189095497131,0.0252768289211542
0.008337642066180706,1.0610065808509552,558.5,29.36208735277283,345.5,0.1475624442100525,0.03316912030701017,0.3704326629638672,0.03332950360296148
0.023246335725371655,1.0610065808509552,558.2,29.59845329138112,345.79999999999995,0.1482344925403595,0.032681949340922944,0.3689562439918518,0.03394752817535697
0.038155029384562604,1.0610065808509552,558.2,29.59845329138112,345.79999999999995,0.1482344925403595,0.032681949340922944,0.3689562439918518,0.03394752817535697
0.05306372304375355,1.0610065808509552,558.2,29.59845329138112,345.79999999999995,0.1482344925403595,0.032681949340922944,0.3689562439918518,0.03394752817535697
0.0679724167029445,1.0610065808509552,558.2,29.59845329138112,345.79999999999995,0.1482344925403595,0.032681949340922944,0.3689562439918518,0.03394752817535697
0.08288111036213545,1.0610065808509552,557.9,30.00796928705034,346.1,0.14738905429840088,0.03234410191411018,0.36896182894706725,0.03395090766453262
0.09778980402132639,1.0610065808509552,556.4,31.765569987132796,347.6,0.14587541222572326,0.03256737127349052,0.3687740683555603,0.03359908589451378
0.11269849768051735,1.0610065808509552,553.8,32.46596176407452,350.20000000000005,0.14484015107154846,0.032350734825173866,0.37236458659172056,0.032550201047799855
0.1276071913397083,1.0610065808509552,553.6,32.66222112686021,350.4,0.144669246673584,0.03221102544626288,0.37273409962654114,0.03279633521876239
0.14251588499889925,1.0610065808509552,552.2,33.03369168713009,351.79999999999995,0.14137815833091735,0.030986408691348277,0.3718016505241394,0.03234496572052074
0.1574245786580902,1.0610065808509552,544.7,38.537979117977734,359.29999999999995,0.13522783517837525,0.028811353539251894,0.3809858560562134,0.0335375469316692
0.17233327231728116,1.0610065808509552,543.7,38.51141249663414,360.29999999999995,0.13450865149497987,0.02839352855136305,0.3825836479663849,0.03086332493029059
0.18724196597647208,1.0610065808509552,541.4,39.49852799509238,362.6,0.13191585540771483,0.027369908585406458,0.3870729565620422,0.028297041794300225
0.20215065963566303,1.0610065808509552,540.4,39.2646308485521,363.6,0.13043977022171022,0.029011962939550252,0.38940479755401614,0.0270628736803212
0.21705935329485398,1.0610065808509552,537.3,41.23232646522238,366.70000000000005,0.13026257753372192,0.029131926660368707,0.3963153898715973,0.0300154663570858
0.23196804695404494,1.0610065808509552,535.7,41.4153277521949,368.29999999999995,0.1296885371208191,0.028153675799157018,0.39896204471588137,0.028943105108564442
0.2468767406132359,1.0610065808509552,532.5,43.331776441273085,371.5,0.126825213432312,0.02830927686201266,0.3944192111492157,0.030975922863870183
0.26178543427242684,1.0610065808509552,530.2,43.370534306436774,373.79999999999995,0.12436524629592896,0.027748299097040862,0.39845407009124756,0.02828386949862278
0.2766941279316178,1.0610065808509552,528.7,43.24350740530291,375.29999999999995,0.12210643887519837,0.026929125570221334,0.39727980494499204,0.02717935100236566
0.29160282159080875,1.0610065808509552,527.7,43.66354007547462,376.29999999999995,0.12094026803970337,0.02715000848882149,0.39842183589935304,0.027236789472314598
0.3065115152499997,1.0610065808509552,525.0,44.87467062374644,379.0,0.11970918774604797,0.026947547790896968,0.4023852288722992,0.028251515302556665
0.32142020890919065,1.0610065808509552,522.3,44.59383197702483,381.70000000000005,0.11618159413337707,0.026248546467959946,0.40383601784706114,0.027295160615143785
0.3363289025683816,1.0610065808509552,519.9,46.01011161400991,384.1,0.11325820088386536,0.0269932798279233,0.4073019206523895,0.02786321023389383
0.35123759622757256,1.0610065808509552,517.9,47.07298483528591,386.1,0.1114160180091858,0.027982050846897023,0.40788779258728025,0.029161697605356477
0.36614628988676345,1.0610065808509552,513.4,48.66670700213053,390.6,0.10910621881484986,0.0282806277382918,0.4138514816761017,0.03167246900523938
0.3810549835459544,1.0610065808509552,509.4,50.21807744541929,394.6,0.10631672739982605,0.029124081859453855,0.41895468831062316,0.03270443405117017
0.39596367720514536,1.0610065808509552,505.0,51.35866256222921,399.0,0.10549606680870056,0.029398706630232897,0.4236054003238678,0.03602677457529447
0.4108723708643363,1.0610065808509552,500.5,52.51177732299935,403.5,0.10575642585754394,0.028938017365993565,0.4278524458408356,0.03397211477010432
0.42578106452352726,1.0610065808509552,495.8,53.514136914295115,408.2,0.10409886837005615,0.02989561085973814,0.42847987413406374,0.0342292534074419
0.4406897581827182,1.0610065808509552,489.2,56.27555157816578,414.8,0.10053560137748718,0.029090605060531873,0.42990708351135254,0.037714886453451946
0.45559845184190917,1.0610065808509552,466.3,76.97249911526211,437.7,0.08752667307853698,0.03470205436945091,0.454138046503067,0.050600606255389625
0.4705071455011001,1.0610065808509552,428.9,112.81110112393377,475.1,0.05887856483459473,0.07047018293453237,0.481277996301651,0.059331990326306754
0.4854158391602911,1.0610065808509552,374.6,130.09543270694812,529.4,0.058952498435974124,0.04064004486836611,0.5120018601417542,0.06541016628039124
0.5003245328194821,1.0610065808509552,275.0,174.05678741537878,629.0,0.019367486238479614,0.06013865217711248,0.5203731775283813,0.06514371010079664
0.515233226478673,1.0610065808509552,210.1,181.8953328152501,693.9,0.023905712366104125,0.04652046675391448,0.5191820085048675,0.06197951210402287
0.5301419201378639,1.0610065808509552,159.0,183.2685508190279,745.0,0.02671005129814148,0.032159789847330617,0.5156731486320496,0.0509613902456369
0.5450506137970549,1.0610065808509552,143.0,165.41166523396078,761.0,0.01672844886779785,0.0234558684862714,0.5480346083641052,0.031073634773286073
0.5599593074562458,1.0610065808509552,107.4,125.69453935525307,796.6,-0.0004220664501190186,0.02085893968584533,0.5680782556533813,0.02536684823584737
0.5748680011154368,1.0610065808509552,64.7,79.59025630319213,839.3,-0.03897150754928589,0.05912895750746092,0.5689307272434234,0.031664409109305354
0.5897766947746277,1.0610065808509552,0.2,0.4524314325708198,903.8,0.014634478092193603,0.033105489440887155,0.5419189095497131,0.0252768289211542
0.008337642066180706,1.077087996156635,568.5,28.622720179345617,335.5,0.16107360720634462,0.04010122669420527,0.36843642592430115,0.03205831916519998
0.023246335725371655,1.077087996156635,568.2,28.83557852697791,335.79999999999995,0.16176187992095947,0.03963782824589098,0.3669351637363434,0.03350002158634023
0.038155029384562604,1.077087996156635,568.2,28.83557852697791,335.79999999999995,0.16176187992095947,0.03963782824589098,0.3669351637363434,0.03350002158634023
0.05306372304375355,1.077087996156635,568.2,28.83557852697791,335.79999999999995,0.16176187992095947,0.03963782824589098,0.3669351637363434,0.03350002158634023
0.0679724167029445,1.077087996156635,568.2,28.83557852697791,335.79999999999995,0.16176187992095947,0.03963782824589098,0.3669351637363434,0.03350002158634023
0.08288111036213545,1.077087996156635,567.5,29.910797513591078,336.5,0.1606607437133789,0.039467989190414283,0.36788415908813477,0.03402679981175504
0.09778980402132639,1.077087996156635,564.4,32.95683417822739,339.6,0.15783088207244872,0.040505112737801184,0.3704302072525024,0.03161466735016233
0.11269849768051735,1.077087996156635,560.3,34.00441860412997,343.70000000000005,0.1559077739715576,0.04014676888544817,0.3761891007423401,0.02938271729872528
0.1276071913397083,1.077087996156635,559.6,34.45648140238669,344.4,0.1537746548652649,0.037421533242673666,0.3758135199546814,0.029972439182597357
0.14251588499889925,1.077087996156635,557.7,35.20875618485609,346.29999999999995,0.14751809239387512,0.03334132423854021,0.3729360044002533,0.030830298228482086
0.1574245786580902,1.077087996156635,549.8,40.71575675019492,354.20000000000005,0.14118345379829406,0.03220108308401764,0.3812924861907959,0.03287692706797345
0.17233327231728116,1.077087996156635,548.7,40.69375595199754,355.29999999999995,0.14014890789985657,0.032243136079129514,0.38292807936668394,0.03008295340760491
0.18724196597647208,1.077087996156635,545.9,41.52419368842328,358.1,0.1371626853942871,0.031365002730350346,0.3883427858352661,0.02830665524311496
0.20215065963566303,1.077087996156635,544.9,41.36367414044739,359.1,0.13568660020828247,0.03294165701203834,0.39067462682723997,0.027010664996232385
0.21705935329485398,1.077087996156635,541.8,43.41901483278985,362.20000000000005,0.1355094075202942,0.033063350850803704,0.39758521914482114,0.02980144225090595
0.23196804695404494,1.077087996156635,540.2,43.68664835146083,363.79999999999995,0.13493536710739135,0.03225787614737515,0.4002318739891052,0.028654479666930795
0.2468767406132359,1.077087996156635,537.0,45.687112592209054,367.0,0.1320720434188843,0.032656403631746225,0.3956890404224396,0.0308130441437615
0.26178543427242684,1.077087996156635,534.7,45.85239982869236,369.29999999999995,0.1296120762825012,0.03239863252152285,0.39972389936447145,0.02800154780911823
0.2766941279316178,1.077087996156635,533.2,45.81611386053082,370.79999999999995,0.12735326886177062,0.03191173118313677,0.39854963421821593,0.026916950222997716
0.29160282159080875,1.077087996156635,532.2,46.26810395424333,371.79999999999995,0.12618709802627565,0.032206550089822955,0.3996916651725769,0.026944362193625965
0.3065115152499997,1.077087996156635,529.5,47.55823413213889,374.5,0.12495601773262024,0.03215050008701223,0.40365505814552305,0.027867199059502884
0.32142020890919065,1.077087996156635,526.8,47.43918505995071,377.20000000000005,0.12142842411994934,0.03189856432509517,0.405105847120285,0.02685821040850769
0.3363289025683816,1.077087996156635,524.4,48.89865490544157,379.6,0.11850503087043762,0.032781278391293724,0.4085717499256134,0.02734394385302041
0.35123759622757256,1.077087996156635,522.4,50.002486860053025,381.6,0.11666284799575806,0.03376332142375257,0.40915762186050414,0.028651201847051954
0.36614628988676345,1.077087996156635,517.9,51.728708266788125,386.1,0.11435304880142212,0.03421318978945609,0.4151213109493256,0.031064775297593522
0.3810549835459544,1.077087996156635,513.6,53.124261717624286,390.4,0.1115188717842102,0.03512244280148303,0.42073450088500974,0.03156261881750547
0.39596367720514536,1.077087996156635,509.2,54.39723680694073,394.8,0.11069821119308472,0.035419100517625875,0.4253852128982544,0.03485877815725517
0.4108723708643363,1.077087996156635,503.7,54.75588679042368,400.3,0.10957024693489074,0.03427623375423033,0.4309170663356781,0.03232072724703489
0.42578106452352726,1.077087996156635,498.9,55.76567909967575,405.1,0.10780754089355468,0.03522255485693729,0.4301211714744568,0.0323956913164929
0.4406897581827182,1.077087996156635,491.6,58.00932418298961,412.4,0.10273494720458984,0.03261594800524747,0.43137176632881163,0.03618876500308982
0.45559845184190917,1.077087996156635,468.7,78.64737484207036,435.3,0.08972601890563965,0.038135359347099884,0.45560272932052615,0.04906399662242427
0.4705071455011001,1.077087996156635,428.9,112.81110112393377,475.1,0.05887856483459473,0.07047018293453237,0.481277996301651,0.059331990326306754
0.4854158391602911,1.077087996156635,374.6,130.09543270694812,529.4,0.058952498435974124,0.04064004486836611,0.5120018601417542,0.06541016628039124
0.5003245328194821,1.077087996156635,275.0,174.05678741537878,629.0,0.019367486238479614,0.06013865217711248,0.5203731775283813,0.06514371010079664
0.515233226478673,1.077087996156635,210.1,181.8953328152501,693.9,0.023905712366104125,0.04652046675391448,0.5191820085048675,0.06197951210402287
0.5301419201378639,1.077087996156635,159.0,183.2685508190279,745.0,0.02671005129814148,0.032159789847330617,0.5156731486320496,0.0509613902456369
0.5450506137970549,1.077087996156635,143.0,165.41166523396078,761.0,0.01672844886779785,0.0234558684862714,0.5480346083641052,0.031073634773286073
0.5599593074562458,1.077087996156635,107.4,125.69453935525307,796.6,-0.0004220664501190186,0.02085893968584533,0.5680782556533813,0.02536684823584737
0.5748680011154368,1.077087996156635,64.7,79.59025630319213,839.3,-0.03897150754928589,0.05912895750746092,0.5689307272434234,0.031664409109305354
0.5897766947746277,1.077087996156635,0.2,0.4524314325708198,903.8,0.014634478092193603,0.033105489440887155,0.5419189095497131,0.0252768289211542
0.008337642066180706,1.0931694114623152,576.8,29.285593030294645,327.20000000000005,0.16753945946693422,0.041516275399828224,0.3572815716266632,0.028183931514636395
0.023246335725371655,1.0931694114623152,576.5,29.53008172641591,327.5,0.16823373436927797,0.041052345656080416,0.35577418804168703,0.029700860123600042
0.038155029384562604,1.0931694114623152,576.5,29.53008172641591,327.5,0.16823373436927797,0.041052345656080416,0.35577418804168703,0.029700860123600042
0.05306372304375355,1.0931694114623152,576.5,29.53008172641591,327.5,0.16823373436927797,0.041052345656080416,0.35577418804168703,0.029700860123600042
0.0679724167029445,1.0931694114623152,576.5,29.53008172641591,327.5,0.16823373436927797,0.041052345656080416,0.35577418804168703,0.029700860123600042
0.08288111036213545,1.0931694114623152,575.8,30.688727891855763,328.20000000000005,0.1671325981616974,0.04098736256154902,0.3567231833934784,0.03049192585918366
0.09778980402132639,1.0931694114623152,569.8,34.51023543898761,334.20000000000005,0.16203775405883789,0.04163833553957556,0.362313836812973,0.028316093202481903
0.11269849768051735,1.0931694114623152,564.5,36.150894667650725,339.5,0.15889837145805358,0.04084553218644193,0.36972742676734927,0.026058545333152914
0.1276071913397083,1.0931694114623152,563.5,36.54665637834963,340.5,0.15622221827507018,0.03828880356651693,0.3695521652698517,0.026465987355346065
0.14251588499889925,1.0931694114623152,561.6,37.369667804748865,342.4,0.14996565580368043,0.03456471322005273,0.3666746497154236,0.02705771141818705
0.1574245786580902,1.0931694114623152,553.7,43.00750203854362,350.29999999999995,0.14363101720809937,0.03372857441745232,0.3750311315059662,0.030364549505536013
0.17233327231728116,1.0931694114623152,550.5,41.749246134290274,353.5,0.14134345054626465,0.03299967752681591,0.3814898431301117,0.03013730020645253
0.18724196597647208,1.0931694114623152,547.7,42.62637538434971,356.29999999999995,0.1383572280406952,0.032205261047849536,0.38690454959869386,0.02852008977409156
0.20215065963566303,1.0931694114623152,546.7,42.49411367875202,357.29999999999995,0.13688114285469055,0.033772375636240894,0.3892363905906677,0.027304187422230376
0.21705935329485398,1.0931694114623152,543.6,44.56851498796128,360.4,0.13670395016670228,0.03389463764872577,0.3961469829082489,0.030255101917951353
0.23196804695404494,1.0931694114623152,542.0,44.865800233419996,362.0,0.13612990975379943,0.033121166261127065,0.39879363775253296,0.02920022547038399
0.2468767406132359,1.0931694114623152,538.8,46.885810837094844,365.20000000000005,0.13326658606529235,0.03356741546342356,0.39425080418586733,0.031202365778196885
0.26178543427242684,1.0931694114623152,536.5,47.09689520038466,367.5,0.1308066189289093,0.03336680604100279,0.39828566312789915,0.02854522421399119
0.2766941279316178,1.0931694114623152,535.0,47.09417872481209,369.0,0.1285478115081787,0.03294084632825153,0.3971113979816437,0.027447127138610652
0.29160282159080875,1.0931694114623152,534.0,47.555544009251626,370.0,0.1273816406726837,0.03325036526832283,0.3982534289360046,0.02750798209934583
0.3065115152499997,1.0931694114623152,531.3,48.868238148048164,372.70000000000005,0.12615056037902833,0.03322125681154873,0.4022168219089508,0.028526365480628507
0.32142020890919065,1.0931694114623152,528.6,48.80903695537405,375.4,0.12262296676635742,0.03305007738153034,0.4036676108837128,0.027584579846088995
0.3363289025683816,1.0931694114623152,526.2,50.27759860761605,377.79999999999995,0.11969957351684571,0.033961340130771234,0.40713351368904116,0.02815857763353655
0.35123759622757256,1.0931694114623152,523.8,51.06310039751502,380.20000000000005,0.117187762260437,0.03453710814062305,0.40790396332740786,0.029307009330436704
0.36614628988676345,1.0931694114623152,519.3,52.822486556471674,384.70000000000005,0.11487796306610107,0.03499672988749074,0.41386765241622925,0.03180458794042499
0.3810549835459544,1.0931694114623152,514.6,53.888321040028885,389.4,0.11158870458602906,0.035236618000412,0.4201119065284729,0.032135410828571125
0.39596367720514536,1.0931694114623152,509.9,54.94289804809868,394.1,0.11023223996162415,0.03466629733958175,0.4236948609352112,0.03650163992929462
0.4108723708643363,1.0931694114623152,503.9,54.91805522692931,400.1,0.10890664458274842,0.033159349231942914,0.4303789258003235,0.03289627242728458
0.42578106452352726,1.0931694114623152,498.9,55.76567909967575,405.1,0.10780754089355468,0.03522255485693729,0.4301211714744568,0.0323956913164929
0.4406897581827182,1.0931694114623152,491.6,58.00932418298961,412.4,0.10273494720458984,0.03261594800524747,0.43137176632881163,0.03618876500308982
0.45559845184190917,1.0931694114623152,468.7,78.64737484207036,435.3,0.08972601890563965,0.038135359347099884,0.45560272932052615,0.04906399662242427
0.4705071455011001,1.0931694114623152,428.9,112.81110112393377,475.1,0.05887856483459473,0.07047018293453237,0.481277996301651,0.059331990326306754
0.4854158391602911,1.0931694114623152,374.6,130.09543270694812,529.4,0.058952498435974124,0.04064004486836611,0.5120018601417542,0.06541016628039124
0.5003245328194821,1.0931694114623152,275.0,174.05678741537878,629.0,0.019367486238479614,0.06013865217711248,0.5203731775283813,0.06514371010079664
0.515233226478673,1.0931694114623152,210.1,181.8953328152501,693.9,0.023905712366104125,0.04652046675391448,0.5191820085048675,0.06197951210402287
0.5301419201378639,1.0931694114623152,159.0,183.2685508190279,745.0,0.02671005129814148,0.032159789847330617,0.5156731486320496,0.0509613902456369
0.5450506137970549,1.0931694114623152,143.0,165.41166523396078,761.0,0.01672844886779785,0.0234558684862714,0.5480346083641052,0.031073634773286073
0.5599593074562458,1.0931694114623152,107.4,125.69453935525307,796.6,-0.0004220664501190186,0.02085893968584533,0.5680782556533813,0.02536684823584737
0.5748680011154368,1.0931694114623152,64.7,79.59025630319213,839.3,-0.03897150754928589,0.05912895750746092,0.5689307272434234,0.031664409109305354
0.5897766947746277,1.0931694114623152,0.2,0.4524314325708198,903.8,0.014634478092193603,0.033105489440887155,0.5419189095497131,0.0252768289211542
0.008337642066180706,1.1092508267679952,580.6,30.060504370364757,323.4,0.17200093269348143,0.039601526047989624,0.3569494247436523,0.029433181851309023
0.023246335725371655,1.1092508267679952,580.3,30.314500329693324,323.70000000000005,0.17270090579986572,0.03909847317907992,0.3554417908191681,0.03087184194890959
0.038155029384562604,1.1092508267679952,580.3,30.314500329693324,323.70000000000005,0.17270090579986572,0.03909847317907992,0.3554417908191681,0.03087184194890959
0.05306372304375355,1.1092508267679952,580.3,30.314500329693324,323.70000000000005,0.17270090579986572,0.03909847317907992,0.3554417908191681,0.03087184194890959
0.0679724167029445,1.1092508267679952,580.3,30.314500329693324,323.70000000000005,0.17270090579986572,0.03909847317907992,0.3554417908191681,0.03087184194890959
0.08288111036213545,1.1092508267679952,579.6,31.454380450013716,324.4,0.171611887216568,0.039075807105335265,0.3564202606678009,0.031589043708192294
0.09778980402132639,1.1092508267679952,572.5,35.75234254012799,331.5,0.16467203497886657,0.04055505496252514,0.36280598044395446,0.02986234579828222
0.11269849768051735,1.1092508267679952,566.6,37.56089277319896,337.4,0.16115353107452393,0.03983730574655328,0.37179771065711975,0.02612202835844321
0.1276071913397083,1.1092508267679952,565.6,37.97340743334841,338.4,0.15847737789154054,0.03730347200080059,0.37162244915962217,0.026536271150900386
0.14251588499889925,1.1092508267679952,563.7,38.824618988797745,340.29999999999995,0.15222081542015076,0.03370877008458736,0.3687449336051941,0.027251045845207947
0.1574245786580902,1.1092508267679952,555.8,44.49011330163078,348.20000000000005,0.1458861768245697,0.03309718988779661,0.3771014153957367,0.03021310812658515
0.17233327231728116,1.1092508267679952,552.6,43.3631919906981,351.4,0.14359861016273498,0.032444607112829295,0.3835601270198822,0.029730070891768823
0.18724196597647208,1.1092508267679952,549.8,44.283873164918305,354.20000000000005,0.14061238765716552,0.03175706149701236,0.38897483348846434,0.027861584583036815
0.20215065963566303,1.1092508267679952,548.8,44.183609409321924,355.20000000000005,0.13913630247116088,0.03340196040253644,0.3913066744804382,0.02651228315244015
0.21705935329485398,1.1092508267679952,545.7,46.262266246559506,358.29999999999995,0.1389591097831726,0.03353234979201386,0.3982172667980194,0.02926574873872162
0.23196804695404494,1.1092508267679952,544.1,46.58976002344903,359.9,0.1383850693702698,0.03277279097348036,0.40086392164230344,0.028063053805963124
0.2468767406132359,1.1092508267679952,540.9,48.61673459986017,363.1,0.1355217456817627,0.03333404681368515,0.3963210880756378,0.03031772868400033
0.26178543427242684,1.1092508267679952,538.6,48.87655665601894,365.4,0.13306177854537965,0.03322709343034561,0.4003559470176697,0.027402692834921315
0.2766941279316178,1.1092508267679952,537.1,48.91057218350827,366.9,0.13080297112464906,0.03288750769672114,0.3991816818714142,0.026309449195998414
0.29160282159080875,1.1092508267679952,535.9,49.21998623011715,368.1,0.12968793511390686,0.03326446546456447,0.401062548160553,0.026349245647845725
0.3065115152499997,1.1092508267679952,533.0,50.389660116074225,371.0,0.12882133722305297,0.03345891596718314,0.4051398515701294,0.027182564584707324
0.32142020890919065,1.1092508267679952,530.1,50.22402141473307,373.9,0.12524778842926027,0.03342359537101121,0.40266647934913635,0.0275159582672097
0.3363289025683816,1.1092508267679952,527.3,51.30444108553262,376.70000000000005,0.12198718786239623,0.03465426273521921,0.4070476531982422,0.027765251519742438
0.35123759622757256,1.1092508267679952,524.4,51.66684202816793,379.6,0.11839060187339782,0.03403216804140697,0.40778746604919436,0.029293203374412696
0.36614628988676345,1.1092508267679952,519.3,52.822486556471674,384.70000000000005,0.11487796306610107,0.03499672988749074,0.41386765241622925,0.03180458794042499
0.3810549835459544,1.1092508267679952,514.6,53.888321040028885,389.4,0.11158870458602906,0.035236618000412,0.4201119065284729,0.032135410828571125
0.39596367720514536,1.1092508267679952,509.9,54.94289804809868,394.1,0.11023223996162415,0.03466629733958175,0.4236948609352112,0.03650163992929462
0.4108723708643363,1.1092508267679952,503.9,54.91805522692931,400.1,0.10890664458274842,0.033159349231942914,0.4303789258003235,0.03289627242728458
0.42578106452352726,1.1092508267679952,498.9,55.76567909967575,405.1,0.10780754089355468,0.03522255485693729,0.4301211714744568,0.0323956913164929
0.4406897581827182,1.1092508267679952,491.6,58.00932418298961,412.4,0.10273494720458984,0.03261594800524747,0.43137176632881163,0.03618876500308982
0.45559845184190917,1.1092508267679952,468.7,78.64737484207036,435.3,0.08972601890563965,0.038135359347099884,0.45560272932052615,0.04906399662242427
0.4705071455011001,1.1092508267679952,428.9,112.81110112393377,475.1,0.05887856483459473,0.07047018293453237,0.481277996301651,0.059331990326306754
0.4854158391602911,1.1092508267679952,374.6,130.09543270694812,529.4,0.058952498435974124,0.04064004486836611,0.5120018601417542,0.06541016628039124
0.5003245328194821,1.1092508267679952,275.0,174.05678741537878,629.0,0.019367486238479614,0.06013865217711248,0.5203731775283813,0.06514371010079664
0.515233226478673,1.1092508267679952,210.1,181.8953328152501,693.9,0.023905712366104125,0.04652046675391448,0.5191820085048675,0.06197951210402287
0.5301419201378639,1.1092508267679952,159.0,183.2685508190279,745.0,0.02671005129814148,0.032159789847330617,0.5156731486320496,0.0509613902456369
0.5450506137970549,1.1092508267679952,143.0,165.41166523396078,761.0,0.01672844886779785,0.0234558684862714,0.5480346083641052,0.031073634773286073
0.5599593074562458,1.1092508267679952,107.4,125.69453935525307,796.6,-0.0004220664501190186,0.02085893968584533,0.5680782556533813,0.02536684823584737
0.5748680011154368,1.1092508267679952,64.7,79.59025630319213,839.3,-0.03897150754928589,0.05912895750746092,0.5689307272434234,0.031664409109305354
0.5897766947746277,1.1092508267679952,0.2,0.4524314325708198,903.8,0.014634478092193603,0.033105489440887155,0.5419189095497131,0.0252768289211542
0.008337642066180706,1.125332242073675,585.3,32.07524723008718,318.70000000000005,0.17753446102142334,0.0415654643731674,0.34961217641830444,0.02997181389004127
0.023246335725371655,1.125332242073675,585.0,32.33821160823062,319.0,0.17823443412780762,0.04103282669052408,0.34810454249382017,0.031184749394416764
0.038155029384562604,1.125332242073675,585.0,32.33821160823062,319.0,0.17823443412780762,0.04103282669052408,0.34810454249382017,0.031184749394416764
0.05306372304375355,1.125332242073675,585.0,32.33821160823062,319.0,0.17823443412780762,0.04103282669052408,0.34810454249382017,0.031184749394416764
0.0679724167029445,1.125332242073675,585.0,32.33821160823062,319.0,0.17823443412780762,0.04103282669052408,0.34810454249382017,0.031184749394416764
0.08288111036213545,1.125332242073675,584.1,33.363644164815916,319.9,0.17659855484962464,0.04162333036466032,0.3490433871746063,0.032048805171197584
0.09778980402132639,1.125332242073675,576.5,37.79186895312164,327.5,0.16893799901008605,0.04395503761687033,0.3552969217300415,0.03172712747206375
0.11269849768051735,1.125332242073675,570.3,39.934959009977945,333.70000000000005,0.16511666178703308,0.043078614455487683,0.3647841036319733,0.029204302772567747
0.1276071913397083,1.125332242073675,569.3,40.37533356310713,334.70000000000005,0.16244050860404968,0.04089457289288896,0.3646088421344757,0.0295517642475973
0.14251588499889925,1.125332242073675,567.4,41.27388246342244,336.6,0.1561839461326599,0.038017042617209645,0.3617313265800476,0.029812783896532333
0.1574245786580902,1.125332242073675,559.2,46.81542006448174,344.79999999999995,0.14906458258628846,0.0373713202279229,0.36986135244369506,0.03349882901258819
0.17233327231728116,1.125332242073675,556.0,45.88085026582755,348.0,0.14677701592445375,0.03690680731299676,0.3763200640678406,0.03385843239281559
0.18724196597647208,1.125332242073675,553.2,46.867616462137505,350.79999999999995,0.1437907934188843,0.03645222086488735,0.38173477053642274,0.03291451464914401
0.20215065963566303,1.125332242073675,552.2,46.81420550231761,351.79999999999995,0.14231470823287964,0.03796418901759631,0.3840666115283966,0.03208110576359514
0.21705935329485398,1.125332242073675,549.1,48.90359656829185,354.9,0.14213751554489135,0.03808736832522158,0.3909772038459778,0.035209052901800354
0.23196804695404494,1.125332242073675,547.5,49.27632831010099,356.5,0.14156347513198853,0.03744809491359225,0.39362385869026184,0.034532870157770325
0.2468767406132359,1.125332242073675,544.3,51.31773867881107,359.70000000000005,0.13870015144348144,0.038076396959039215,0.3890810251235962,0.03587124432803361
0.26178543427242684,1.125332242073675,541.8,51.506580380263024,362.20000000000005,0.13622655272483825,0.038095938003295006,0.39378024339675904,0.03395846488743293
0.2766941279316178,1.125332242073675,540.3,51.591788254227595,363.70000000000005,0.13396774530410765,0.03790749597400346,0.39260597825050353,0.03294959683044292
0.29160282159080875,1.125332242073675,538.9,51.74079790607867,365.1,0.1326844334602356,0.03798413624998572,0.3947203099727631,0.03284132049136601
0.3065115152499997,1.125332242073675,533.5,50.81356452376067,370.5,0.12863821387290955,0.03334946251737623,0.40366837978363035,0.028000928742902616
0.32142020890919065,1.125332242073675,530.2,50.30021174668796,373.79999999999995,0.12525128126144408,0.03342951555199703,0.4023646354675293,0.027774270045482226
0.3363289025683816,1.125332242073675,527.3,51.30444108553262,376.70000000000005,0.12198718786239623,0.03465426273521921,0.4070476531982422,0.027765251519742438
0.35123759622757256,1.125332242073675,524.4,51.66684202816793,379.6,0.11839060187339782,0.03403216804140697,0.40778746604919436,0.029293203374412696
0.36614628988676345,1.125332242073675,519.3,52.822486556471674,384.70000000000005,0.11487796306610107,0.03499672988749074,0.41386765241622925,0.03180458794042499
0.3810549835459544,1.125332242073675,514.6,53.888321040028885,389.4,0.11158870458602906,0.035236618000412,0.4201119065284729,0.032135410828571125
0.39596367720514536,1.125332242073675,509.9,54.94289804809868,394.1,0.11023223996162415,0.03466629733958175,0.4236948609352112,0.03650163992929462
0.4108723708643363,1.125332242073675,503.9,54.91805522692931,400.1,0.10890664458274842,0.033159349231942914,0.4303789258003235,0.03289627242728458
0.42578106452352726,1.125332242073675,498.9,55.76567909967575,405.1,0.10780754089355468,0.03522255485693729,0.4301211714744568,0.0323956913164929
0.4406897581827182,1.125332242073675,491.6,58.00932418298961,412.4,0.10273494720458984,0.03261594800524747,0.43137176632881163,0.03618876500308982
0.45559845184190917,1.125332242073675,468.7,78.64737484207036,435.3,0.08972601890563965,0.038135359347099884,0.45560272932052615,0.04906399662242427
0.4705071455011001,1.125332242073675,428.9,112.81110112393377,475.1,0.05887856483459473,0.07047018293453237,0.481277996301651,0.059331990326306754
0.4854158391602911,1.125332242073675,374.6,130.09543270694812,529.4,0.058952498435974124,0.04064004486836611,0.5120018601417542,0.06541016628039124
0.5003245328194821,1.125332242073675,275.0,174.05678741537878,629.0,0.019367486238479614,0.06013865217711248,0.5203731775283813,0.06514371010079664
0.515233226478673,1.125332242073675,210.1,181.8953328152501,693.9,0.023905712366104125,0.04652046675391448,0.5191820085048675,0.06197951210402287
0.5301419201378639,1.125332242073675,159.0,183.2685508190279,745.0,0.02671005129814148,0.032159789847330617,0.5156731486320496,0.0509613902456369
0.5450506137970549,1.125332242073675,143.0,165.41166523396078,761.0,0.01672844886779785,0.0234558684862714,0.5480346083641052,0.031073634773286073
0.5599593074562458,1.125332242073675,107.4,125.69453935525307,796.6,-0.0004220664501190186,0.02085893968584533,0.5680782556533813,0.02536684823584737
0.5748680011154368,1.125332242073675,64.7,79.59025630319213,839.3,-0.03897150754928589,0.05912895750746092,0.5689307272434234,0.031664409109305354
0.5897766947746277,1.125332242073675,0.2,0.4524314325708198,903.8,0.014634478092193603,0.033105489440887155,0.5419189095497131,0.0252768289211542
0.008337642066180706,1.1414136573793552,590.5,33.521424122748606,313.5,0.17892557978630066,0.0446322081050745,0.3500824809074402,0.02583883403806788
0.023246335725371655,1.1414136573793552,590.2,33.79433650440448,313.79999999999995,0.17962292432785035,0.044132994451332036,0.3485561847686768,0.026928327484210653
0.038155029384562604,1.1414136573793552,590.2,33.79433650440448,313.79999999999995,0.17962292432785035,0.044132994451332036,0.3485561847686768,0.026928327484210653
0.05306372304375355,1.1414136573793552,590.2,33.79433650440448,313.79999999999995,0.17962292432785035,0.044132994451332036,0.3485561847686768,0.026928327484210653
0.0679724167029445,1.1414136573793552,590.2,33.79433650440448,313.79999999999995,0.17962292432785035,0.044132994451332036,0.3485561847686768,0.026928327484210653
0.08288111036213545,1.1414136573793552,588.8,34.55140120271128,315.20000000000005,0.17743685841560364,0.045331229205798254,0.3509388267993927,0.02654815380241939
0.09778980402132639,1.1414136573793552,580.4,40.15242229403917,323.6,0.1704867422580719,0.047482267994115104,0.3567375898361206,0.02819482853757107
0.11269849768051735,1.1414136573793552,573.8,42.612700673048,330.20000000000005,0.1659821391105652,0.045843008029510926,0.3664791524410248,0.02476371635338344
0.1276071913397083,1.1414136573793552,572.6,42.9494895594422,331.4,0.16387088298797609,0.0440872151734741,0.3670655369758606,0.025240828133083613
0.14251588499889925,1.1414136573793552,570.0,43.47424284421346,334.0,0.15682708024978637,0.04111221778734747,0.36524721384048464,0.026043931449475387
0.1574245786580902,1.1414136573793552,561.8,49.014333250862975,342.20000000000005,0.14970771670341493,0.040580061062695814,0.37337723970413206,0.02965046540097412
0.17233327231728116,1.1414136573793552,558.6,48.220692137115925,345.4,0.1474201500415802,0.040173514335751906,0.3798359513282776,0.029623446302036876
0.18724196597647208,1.1414136573793552,555.8,49.24464382201271,348.20000000000005,0.14443392753601075,0.03978375616648812,0.38525065779685974,0.02815796777827029
0.20215065963566303,1.1414136573793552,554.8,49.22385603693716,349.20000000000005,0.1429578423500061,0.04118667326402644,0.3875824987888336,0.027007035766434703
0.21705935329485398,1.1414136573793552,551.7,51.30444108553262,352.29999999999995,0.1427806496620178,0.04130181140564718,0.3944930911064148,0.030203143706631113
0.23196804695404494,1.1414136573793552,550.1,51.70562019680965,353.9,0.142206609249115,0.0407181979656165,0.39713974595069884,0.02923165518992951
0.2468767406132359,1.1414136573793552,546.8,53.67751462002236,357.20000000000005,0.1397439122200012,0.041394143508891076,0.39271820783615113,0.031092044245004457
0.26178543427242684,1.1414136573793552,543.9,53.5180149485602,360.1,0.1371351182460785,0.04119918738660668,0.39838271737098696,0.02769158467668065
0.2766941279316178,1.1414136573793552,540.9,52.17960796345757,363.1,0.1331145644187927,0.03829854532549569,0.3920335292816162,0.03293982758649984
0.29160282159080875,1.1414136573793552,539.2,52.03486006307028,364.79999999999995,0.13314655423164368,0.03782113565162934,0.3943267583847046,0.0328435041957077
0.3065115152499997,1.1414136573793552,533.5,50.81356452376067,370.5,0.12863821387290955,0.03334946251737623,0.40366837978363035,0.028000928742902616
0.32142020890919065,1.1414136573793552,530.2,50.30021174668796,373.79999999999995,0.12525128126144408,0.03342951555199703,0.4023646354675293,0.027774270045482226
0.3363289025683816,1.1414136573793552,527.3,51.30444108553262,376.70000000000005,0.12198718786239623,0.03465426273521921,0.4070476531982422,0.027765251519742438
0.35123759622757256,1.1414136573793552,524.4,51.66684202816793,379.6,0.11839060187339782,0.03403216804140697,0.40778746604919436,0.029293203374412696
0.36614628988676345,1.1414136573793552,519.3,52.822486556471674,384.70000000000005,0.11487796306610107,0.03499672988749074,0.41386765241622925,0.03180458794042499
0.3810549835459544,1.1414136573793552,514.6,53.888321040028885,389.4,0.11158870458602906,0.035236618000412,0.4201119065284729,0.032135410828571125
0.39596367720514536,1.1414136573793552,509.9,54.94289804809868,394.1,0.11023223996162415,0.03466629733958175,0.4236948609352112,0.03650163992929462
0.4108723708643363,1.1414136573793552,503.9,54.91805522692931,400.1,0.10890664458274842,0.033159349231942914,0.4303789258003235,0.03289627242728458
0.42578106452352726,1.1414136573793552,498.9,55.76567909967575,405.1,0.10780754089355468,0.03522255485693729,0.4301211714744568,0.0323956913164929
0.4406897581827182,1.1414136573793552,491.6,58.00932418298961,412.4,0.10273494720458984,0.03261594800524747,0.43137176632881163,0.03618876500308982
0.45559845184190917,1.1414136573793552,468.7,78.64737484207036,435.3,0.08972601890563965,0.038135359347099884,0.45560272932052615,0.04906399662242427
0.4705071455011001,1.1414136573793552,428.9,112.81110112393377,475.1,0.05887856483459473,0.07047018293453237,0.481277996301651,0.059331990326306754
0.4854158391602911,1.1414136573793552,374.6,130.09543270694812,529.4,0.058952498435974124,0.04064004486836611,0.5120018601417542,0.06541016628039124
0.5003245328194821,1.1414136573793552,275.0,174.05678741537878,629.0,0.019367486238479614,0.06013865217711248,0.5203731775283813,0.06514371010079664
0.515233226478673,1.1414136573793552,210.1,181.8953328152501,693.9,0.023905712366104125,0.04652046675391448,0.5191820085048675,0.06197951210402287
0.5301419201378639,1.1414136573793552,159.0,183.2685508190279,745.0,0.02671005129814148,0.032159789847330617,0.5156731486320496,0.0509613902456369
0.5450506137970549,1.1414136573793552,143.0,165.41166523396078,761.0,0.01672844886779785,0.0234558684862714,0.5480346083641052,0.031073634773286073
0.5599593074562458,1.1414136573793552,107.4,125.69453935525307,796.6,-0.0004220664501190186,0.02085893968584533,0.5680782556533813,0.02536684823584737
0.5748680011154368,1.1414136573793552,64.7,79.59025630319213,839.3,-0.03897150754928589,0.05912895750746092,0.5689307272434234,0.031664409109305354
0.5897766947746277,1.1414136573793552,0.2,0.4524314325708198,903.8,0.014634478092193603,0.033105489440887155,0.5419189095497131,0.0252768289211542
0.008337642066180706,1.157495072685035,594.7,35.73929911597706,309.29999999999995,0.18585637211799622,0.04276788675822806,0.34871976375579833,0.02703050288819275
0.023246335725371655,1.157495072685035,594.4,36.0058238520011,309.6,0.18656235337257385,0.04223708476363407,0.34718614220619204,0.028003592634853313
0.038155029384562604,1.157495072685035,594.4,36.0058238520011,309.6,0.18656235337257385,0.04223708476363407,0.34718614220619204,0.028003592634853313
0.05306372304375355,1.157495072685035,594.4,36.0058238520011,309.6,0.18656235337257385,0.04223708476363407,0.34718614220619204,0.028003592634853313
0.0679724167029445,1.157495072685035,594.4,36.0058238520011,309.6,0.18656235337257385,0.04223708476363407,0.34718614220619204,0.028003592634853313
0.08288111036213545,1.157495072685035,593.0,36.80826230342325,311.0,0.18437628746032714,0.04368548614635712,0.34956878423690796,0.02770528835602519
0.09778980402132639,1.157495072685035,584.1,42.70686720010057,319.9,0.17654080986976622,0.04683074687877312,0.35584635734558107,0.02955714534850163
0.11269849768051735,1.157495072685035,577.1,45.43683430248997,326.9,0.17143967747688293,0.04469490336286641,0.3643048584461212,0.02747732932244283
0.1276071913397083,1.157495072685035,575.6,45.63132307728833,328.4,0.1690479040145874,0.0429385903240569,0.36435617208480836,0.0278848629992262
0.14251588499889925,1.157495072685035,573.0,46.221627678998146,331.0,0.1620041012763977,0.04039459274016313,0.36253784894943236,0.02851578821350428
0.1574245786580902,1.157495072685035,564.8,51.737885660374054,339.20000000000005,0.15488473773002626,0.040375283862167766,0.37066787481307983,0.03223450061421782
0.17233327231728116,1.157495072685035,561.6,51.09360158400103,342.4,0.15259717106819154,0.04013478462698304,0.37712658643722535,0.03251709085231401
0.18724196597647208,1.157495072685035,558.8,52.152740233414306,345.20000000000005,0.14961094856262208,0.03996520481324677,0.3825412929058075,0.031454202042076704
0.20215065963566303,1.157495072685035,557.8,52.16582158714502,346.20000000000005,0.14813486337661744,0.04146688423096939,0.3848731338977814,0.03054603420810953
0.21705935329485398,1.157495072685035,554.5,54.11475229181012,349.5,0.14718274474143983,0.04152041123840119,0.3914386689662933,0.0337167806358067
0.23196804695404494,1.157495072685035,551.9,53.482943047411986,352.1,0.14579575061798095,0.03948619956506017,0.3951807260513306,0.03159535256915811
0.2468767406132359,1.157495072685035,547.3,54.15445497674875,356.70000000000005,0.14068137407302855,0.04094239623397434,0.39241304993629456,0.031126483693658596
0.26178543427242684,1.157495072685035,543.9,53.5180149485602,360.1,0.1371351182460785,0.04119918738660668,0.39838271737098696,0.02769158467668065
0.2766941279316178,1.157495072685035,540.9,52.17960796345757,363.1,0.1331145644187927,0.03829854532549569,0.3920335292816162,0.03293982758649984
0.29160282159080875,1.157495072685035,539.2,52.03486006307028,364.79999999999995,0.13314655423164368,0.03782113565162934,0.3943267583847046,0.0328435041957077
0.3065115152499997,1.157495072685035,533.5,50.81356452376067,370.5,0.12863821387290955,0.03334946251737623,0.40366837978363035,0.028000928742902616
0.32142020890919065,1.157495072685035,530.2,50.30021174668796,373.79999999999995,0.12525128126144408,0.03342951555199703,0.4023646354675293,0.027774270045482226
0.3363289025683816,1.157495072685035,527.3,51.30444108553262,376.70000000000005,0.12198718786239623,0.03465426273521921,0.4070476531982422,0.027765251519742438
0.35123759622757256,1.157495072685035,524.4,51.66684202816793,379.6,0.11839060187339782,0.03403216804140697,0.40778746604919436,0.029293203374412696
0.36614628988676345,1.157495072685035,519.3,52.822486556471674,384.70000000000005,0.11487796306610107,0.03499672988749074,0.41386765241622925,0.03180458794042499
0.3810549835459544,1.157495072685035,514.6,53.888321040028885,389.4,0.11158870458602906,0.035236618000412,0.4201119065284729,0.032135410828571125
0.39596367720514536,1.157495072685035,509.9,54.94289804809868,394.1,0.11023223996162415,0.03466629733958175,0.4236948609352112,0.03650163992929462
0.4108723708643363,1.157495072685035,503.9,54.91805522692931,400.1,0.10890664458274842,0.033159349231942914,0.4303789258003235,0.03289627242728458
0.42578106452352726,1.157495072685035,498.9,55.76567909967575,405.1,0.10780754089355468,0.03522255485693729,0.4301211714744568,0.0323956913164929
0.4406897581827182,1.157495072685035,491.6,58.00932418298961,412.4,0.10273494720458984,0.03261594800524747,0.43137176632881163,0.03618876500308982
0.45559845184190917,1.157495072685035,468.7,78.64737484207036,435.3,0.08972601890563965,0.038135359347099884,0.45560272932052615,0.04906399662242427
0.4705071455011001,1.157495072685035,428.9,112.81110112393377,475.1,0.05887856483459473,0.07047018293453237,0.481277996301651,0.059331990326306754
0.4854158391602911,1.157495072685035,374.6,130.09543270694812,529.4,0.058952498435974124,0.04064004486836611,0.5120018601417542,0.06541016628039124
0.5003245328194821,1.157495072685035,275.0,174.05678741537878,629.0,0.019367486238479614,0.06013865217711248,0.5203731775283813,0.06514371010079664
0.515233226478673,1.157495072685035,210.1,181.8953328152501,693.9,0.023905712366104125,0.04652046675391448,0.5191820085048675,0.06197951210402287
0.5301419201378639,1.157495072685035,159.0,183.2685508190279,745.0,0.02671005129814148,0.032159789847330617,0.5156731486320496,0.0509613902456369
0.5450506137970549,1.157495072685035,143.0,165.41166523396078,761.0,0.01672844886779785,0.0234558684862714,0.5480346083641052,0.031073634773286073
0.5599593074562458,1.157495072685035,107.4,125.69453935525307,796.6,-0.0004220664501190186,0.02085893968584533,0.5680782556533813,0.02536684823584737
0.5748680011154368,1.157495072685035,64.7,79.59025630319213,839.3,-0.03897150754928589,0.05912895750746092,0.5689307272434234,0.031664409109305354
0.5897766947746277,1.157495072685035,0.2,0.4524314325708198,903.8,0.014634478092193603,0.033105489440887155,0.5419189095497131,0.0252768289211542
0.008337642066180706,1.1735764879907151,597.1,35.846368880897714,306.9,0.18789492845535277,0.04326691791094388,0.3478549003601074,0.02668328713700707
0.023246335725371655,1.1735764879907151,596.8,36.11399278266292,307.20000000000005,0.18858948349952698,0.042685333306587664,0.346304726600647,0.027878212038576617
0.038155029384562604,1.1735764879907151,596.8,36.11399278266292,307.20000000000005,0.18858948349952698,0.042685333306587664,0.346304726600647,0.027878212038576617
0.05306372304375355,1.1735764879907151,596.8,36.11399278266292,307.20000000000005,0.18858948349952698,0.042685333306587664,0.346304726600647,0.027878212038576617
0.0679724167029445,1.1735764879907151,596.8,36.11399278266292,307.20000000000005,0.18858948349952698,0.042685333306587664,0.346304726600647,0.027878212038576617
0.08288111036213545,1.1735764879907151,595.2,36.875860207272126,308.79999999999995,0.18566752076148987,0.044802666789086266,0.348679906129837,0.0276229895771834
0.09778980402132639,1.1735764879907151,585.8,43.30624683569034,318.20000000000005,0.17800209522247315,0.04760273771102127,0.3561719834804535,0.029087483645049168
0.11269849768051735,1.1735764879907151,578.4,46.23417349864279,325.6,0.17239631414413453,0.044879685146800824,0.36410748958587646,0.027208534900087712
0.1276071913397083,1.1735764879907151,576.7,46.33349738909766,327.29999999999995,0.16942384243011474,0.042912807184162086,0.36328396797180174,0.02739484893706617
0.14251588499889925,1.1735764879907151,574.1,46.94961728530169,329.9,0.16238003969192505,0.04040446663642469,0.3614656448364258,0.027997236652874003
0.1574245786580902,1.1735764879907151,565.9,52.48708378644546,338.1,0.15526067614555358,0.04042282736106028,0.36959567070007326,0.03193228854209715
0.17233327231728116,1.1735764879907151,562.5,51.771339138328926,341.5,0.15353543758392335,0.04021927739082126,0.3768229722976685,0.032531608128103406
0.18724196597647208,1.1735764879907151,559.2,52.552420554098596,344.79999999999995,0.1504711091518402,0.04008067853604066,0.38221449255943296,0.03149379434500397
0.20215065963566303,1.1735764879907151,558.1,52.46107803304883,345.9,0.14887515902519227,0.04137951147332671,0.3846083521842957,0.030522518097429233
0.21705935329485398,1.1735764879907151,554.8,54.40977853509643,349.20000000000005,0.14792304039001464,0.04144282300848661,0.3911738872528076,0.03372479993941911
0.23196804695404494,1.1735764879907151,551.9,53.482943047411986,352.1,0.14579575061798095,0.03948619956506017,0.3951807260513306,0.03159535256915811
0.2468767406132359,1.1735764879907151,547.3,54.15445497674875,356.70000000000005,0.14068137407302855,0.04094239623397434,0.39241304993629456,0.031126483693658596
0.26178543427242684,1.1735764879907151,543.9,53.5180149485602,360.1,0.1371351182460785,0.04119918738660668,0.39838271737098696,0.02769158467668065
0.2766941279316178,1.1735764879907151,540.9,52.17960796345757,363.1,0.1331145644187927,0.03829854532549569,0.3920335292816162,0.03293982758649984
0.29160282159080875,1.1735764879907151,539.2,52.03486006307028,364.79999999999995,0.13314655423164368,0.03782113565162934,0.3943267583847046,0.0328435041957077
0.3065115152499997,1.1735764879907151,533.5,50.81356452376067,370.5,0.12863821387290955,0.03334946251737623,0.40366837978363035,0.028000928742902616
0.32142020890919065,1.1735764879907151,530.2,50.30021174668796,373.79999999999995,0.12525128126144408,0.03342951555199703,0.4023646354675293,0.027774270045482226
0.3363289025683816,1.1735764879907151,527.3,51.30444108553262,376.70000000000005,0.12198718786239623,0.03465426273521921,0.4070476531982422,0.027765251519742438
0.35123759622757256,1.1735764879907151,524.4,51.66684202816793,379.6,0.11839060187339782,0.03403216804140697,0.40778746604919436,0.029293203374412696
0.36614628988676345,1.1735764879907151,519.3,52.822486556471674,384.70000000000005,0.11487796306610107,0.03499672988749074,0.41386765241622925,0.03180458794042499
0.3810549835459544,1.1735764879907151,514.6,53.888321040028885,389.4,0.11158870458602906,0.035236618000412,0.4201119065284729,0.032135410828571125
0.39596367720514536,1.1735764879907151,509.9,54.94289804809868,394.1,0.11023223996162415,0.03466629733958175,0.4236948609352112,0.03650163992929462
0.4108723708643363,1.1735764879907151,503.9,54.91805522692931,400.1,0.10890664458274842,0.033159349231942914,0.4303789258003235,0.03289627242728458
0.42578106452352726,1.1735764879907151,498.9,55.76567909967575,405.1,0.10780754089355468,0.03522255485693729,0.4301211714744568,0.0323956913164929
0.4406897581827182,1.1735764879907151,491.6,58.00932418298961,412.4,0.10273494720458984,0.03261594800524747,0.43137176632881163,0.03618876500308982
0.45559845184190917,1.1735764879907151,468.7,78.64737484207036,435.3,0.08972601890563965,0.038135359347099884,0.45560272932052615,0.04906399662242427
0.4705071455011001,1.1735764879907151,428.9,112.81110112393377,475.1,0.05887856483459473,0.07047018293453237,0.481277996301651,0.059331990326306754
0.4854158391602911,1.1735764879907151,374.6,130.09543270694812,529.4,0.058952498435974124,0.04064004486836611,0.5120018601417542,0.06541016628039124
0.5003245328194821,1.1735764879907151,275.0,174.05678741537878,629.0,0.019367486238479614,0.06013865217711248,0.5203731775283813,0.06514371010079664
0.515233226478673,1.1735764879907151,210.1,181.8953328152501,693.9,0.023905712366104125,0.04652046675391448,0.5191820085048675,0.06197951210402287
0.5301419201378639,1.1735764879907151,159.0,183.2685508190279,745.0,0.02671005129814148,0.032159789847330617,0.5156731486320496,0.0509613902456369
0.5450506137970549,1.1735764879907151,143.0,165.41166523396078,761.0,0.01672844886779785,0.0234558684862714,0.5480346083641052,0.031073634773286073
0.5599593074562458,1.1735764879907151,107.4,125.69453935525307,796.6,-0.0004220664501190186,0.02085893968584533,0.5680782556533813,0.02536684823584737
0.5748680011154368,1.1735764879907151,64.7,79.59025630319213,839.3,-0.03897150754928589,0.05912895750746092,0.5689307272434234,0.031664409109305354
0.5897766947746277,1.1735764879907151,0.2,0.4524314325708198,903.8,0.014634478092193603,0.033105489440887155,0.5419189095497131,0.0252768289211542
0.008337642066180706,1.189657903296395,602.0,39.43773284497319,302.0,0.1940557539463043,0.043881240442727544,0.3450359284877777,0.026098701594209246
0.023246335725371655,1.189657903296395,601.7,39.70220087126073,302.29999999999995,0.19475030899047852,0.04325168995389349,0.34348575472831727,0.02722810527044769
0.038155029384562604,1.189657903296395,601.7,39.70220087126073,302.29999999999995,0.19475030899047852,0.04325168995389349,0.34348575472831727,0.02722810527044769
0.05306372304375355,1.189657903296395,601.7,39.70220087126073,302.29999999999995,0.19475030899047852,0.04325168995389349,0.34348575472831727,0.02722810527044769
0.0679724167029445,1.189657903296395,601.7,39.70220087126073,302.29999999999995,0.19475030899047852,0.04325168995389349,0.34348575472831727,0.02722810527044769
0.08288111036213545,1.189657903296395,600.1,40.50665272511782,303.9,0.1918283462524414,0.04556776615101738,0.3458609342575073,0.027107539396346195
0.09778980402132639,1.189657903296395,590.5,46.82446756097452,313.5,0.18404958844184877,0.048692057033374966,0.3535382032394409,0.02905659239715521
0.11269849768051735,1.189657903296395,582.8,50.07021414602482,321.20000000000005,0.17709951996803283,0.04591018192041367,0.36113364100456236,0.0272958752041172
0.1276071913397083,1.189657903296395,580.6,49.982014266914,323.4,0.17343422770500183,0.04385954758566588,0.36059468388557436,0.02754087092841136
0.14251588499889925,1.189657903296395,577.7,50.51706424207044,326.29999999999995,0.16583072543144226,0.041803257817057245,0.35927954912185667,0.02828273432020871
0.1574245786580902,1.189657903296395,568.7,55.29322760109082,335.29999999999995,0.15836697816848755,0.043104497107605416,0.3680260717868805,0.032071099689959796
0.17233327231728116,1.189657903296395,564.8,54.152092536459165,339.20000000000005,0.1558074653148651,0.04145424090809614,0.373469340801239,0.03499585990892331
0.18724196597647208,1.189657903296395,560.4,53.786932617973186,343.6,0.15202124714851378,0.040083157341644575,0.3810731410980225,0.031476570242579556
0.20215065963566303,1.189657903296395,559.0,53.388826091278915,345.0,0.1499074399471283,0.04137069224796901,0.3835529565811157,0.030545540220511654
0.21705935329485398,1.189657903296395,554.8,54.40977853509643,349.20000000000005,0.14792304039001464,0.04144282300848661,0.3911738872528076,0.03372479993941911
0.23196804695404494,1.189657903296395,551.9,53.482943047411986,352.1,0.14579575061798095,0.03948619956506017,0.3951807260513306,0.03159535256915811
0.2468767406132359,1.189657903296395,547.3,54.15445497674875,356.70000000000005,0.14068137407302855,0.04094239623397434,0.39241304993629456,0.031126483693658596
0.26178543427242684,1.189657903296395,543.9,53.5180149485602,360.1,0.1371351182460785,0.04119918738660668,0.39838271737098696,0.02769158467668065
0.2766941279316178,1.189657903296395,540.9,52.17960796345757,363.1,0.1331145644187927,0.03829854532549569,0.3920335292816162,0.03293982758649984
0.29160282159080875,1.189657903296395,539.2,52.03486006307028,364.79999999999995,0.13314655423164368,0.03782113565162934,0.3943267583847046,0.0328435041957077
0.3065115152499997,1.189657903296395,533.5,50.81356452376067,370.5,0.12863821387290955,0.03334946251737623,0.40366837978363035,0.028000928742902616
0.32142020890919065,1.189657903296395,530.2,50.30021174668796,373.79999999999995,0.12525128126144408,0.03342951555199703,0.4023646354675293,0.027774270045482226
0.3363289025683816,1.189657903296395,527.3,51.30444108553262,376.70000000000005,0.12198718786239623,0.03465426273521921,0.4070476531982422,0.027765251519742438
0.35123759622757256,1.189657903296395,524.4,51.66684202816793,379.6,0.11839060187339782,0.03403216804140697,0.40778746604919436,0.029293203374412696
0.36614628988676345,1.189657903296395,519.3,52.822486556471674,384.70000000000005,0.11487796306610107,0.03499672988749074,0.41386765241622925,0.03180458794042499
0.3810549835459544,1.189657903296395,514.6,53.888321040028885,389.4,0.11158870458602906,0.035236618000412,0.4201119065284729,0.032135410828571125
0.39596367720514536,1.189657903296395,509.9,54.94289804809868,394.1,0.11023223996162415,0.03466629733958175,0.4236948609352112,0.03650163992929462
0.4108723708643363,1.189657903296395,503.9,54.91805522692931,400.1,0.10890664458274842,0.033159349231942914,0.4303789258003235,0.03289627242728458
0.42578106452352726,1.189657903296395,498.9,55.76567909967575,405.1,0.10780754089355468,0.03522255485693729,0.4301211714744568,0.0323956913164929
0.4406897581827182,1.189657903296395,491.6,58.00932418298961,412.4,0.10273494720458984,0.03261594800524747,0.43137176632881163,0.03618876500308982
0.45559845184190917,1.189657903296395,468.7,78.64737484207036,435.3,0.08972601890563965,0.038135359347099884,0.45560272932052615,0.04906399662242427
0.4705071455011001,1.189657903296395,428.9,112.81110112393377,475.1,0.05887856483459473,0.07047018293453237,0.481277996301651,0.059331990326306754
0.4854158391602911,1.189657903296395,374.6,130.09543270694812,529.4,0.058952498435974124,0.04064004486836611,0.5120018601417542,0.06541016628039124
0.5003245328194821,1.189657903296395,275.0,174.05678741537878,629.0,0.019367486238479614,0.06013865217711248,0.5203731775283813,0.06514371010079664
0.515233226478673,1.189657903296395,210.1,181.8953328152501,693.9,0.023905712366104125,0.04652046675391448,0.5191820085048675,0.06197951210402287
0.5301419201378639,1.189657903296395,159.0,183.2685508190279,745.0,0.02671005129814148,0.032159789847330617,0.5156731486320496,0.0509613902456369
0.5450506137970549,1.189657903296395,143.0,165.41166523396078,761.0,0.01672844886779785,0.0234558684862714,0.5480346083641052,0.031073634773286073
0.5599593074562458,1.189657903296395,107.4,125.69453935525307,796.6,-0.0004220664501190186,0.02085893968584533,0.5680782556533813,0.02536684823584737
0.5748680011154368,1.189657903296395,64.7,79.59025630319213,839.3,-0.03897150754928589,0.05912895750746092,0.5689307272434234,0.031664409109305354
0.5897766947746277,1.189657903296395,0.2,0.4524314325708198,903.8,0.014634478092193603,0.033105489440887155,0.5419189095497131,0.0252768289211542
0.008337642066180706,1.205739318602075,609.4,47.99613046963432,294.6,0.19738205671310424,0.046353909456948374,0.3541661262512207,0.026742692720586717
0.023246335725371655,1.205739318602075,609.1,48.23984954312305,294.9,0.19807661175727845,0.045729674091675825,0.35261595249176025,0.028133506762070087
0.038155029384562604,1.205739318602075,609.1,48.23984954312305,294.9,0.19807661175727845,0.045729674091675825,0.35261595249176025,0.028133506762070087
0.05306372304375355,1.205739318602075,609.1,48.23984954312305,294.9,0.19807661175727845,0.045729674091675825,0.35261595249176025,0.028133506762070087
0.0679724167029445,1.205739318602075,609.1,48.23984954312305,294.9,0.19807661175727845,0.045729674091675825,0.35261595249176025,0.028133506762070087
0.08288111036213545,1.205739318602075,607.5,49.01021486970168,296.5,0.195198255777359,0.04787786482448185,0.35507569313049314,0.027255803710504064
0.09778980402132639,1.205739318602075,597.6,55.03466732189676,306.4,0.1868248164653778,0.051680913452867884,0.36352154016494753,0.026898959140505545
0.11269849768051735,1.205739318602075,585.8,53.23289428078411,318.20000000000005,0.17837494611740112,0.04706557445324414,0.3540624976158142,0.03839681132706981
0.1276071913397083,1.205739318602075,581.4,50.76648949487119,322.6,0.174477618932724,0.04468879337312279,0.3602204561233521,0.028178587927832788
0.14251588499889925,1.205739318602075,578.0,50.80545125137304,326.0,0.16616735458374024,0.0417794127880557,0.3588190197944641,0.028139599479638334
0.1574245786580902,1.205739318602075,569.0,55.584454020723044,335.0,0.15870360732078553,0.04311452013587258,0.3675655424594879,0.03201655929764675
0.17233327231728116,1.205739318602075,565.0,54.357711449302634,339.0,0.15591883063316345,0.04146005003527145,0.373029088973999,0.034986400750683676
0.18724196597647208,1.205739318602075,560.4,53.786932617973186,343.6,0.15202124714851378,0.040083157341644575,0.3810731410980225,0.031476570242579556
0.20215065963566303,1.205739318602075,559.0,53.388826091278915,345.0,0.1499074399471283,0.04137069224796901,0.3835529565811157,0.030545540220511654
0.21705935329485398,1.205739318602075,554.8,54.40977853509643,349.20000000000005,0.14792304039001464,0.04144282300848661,0.3911738872528076,0.03372479993941911
0.23196804695404494,1.205739318602075,551.9,53.482943047411986,352.1,0.14579575061798095,0.03948619956506017,0.3951807260513306,0.03159535256915811
0.2468767406132359,1.205739318602075,547.3,54.15445497674875,356.70000000000005,0.14068137407302855,0.04094239623397434,0.39241304993629456,0.031126483693658596
0.26178543427242684,1.205739318602075,543.9,53.5180149485602,360.1,0.1371351182460785,0.04119918738660668,0.39838271737098696,0.02769158467668065
0.2766941279316178,1.205739318602075,540.9,52.17960796345757,363.1,0.1331145644187927,0.03829854532549569,0.3920335292816162,0.03293982758649984
0.29160282159080875,1.205739318602075,539.2,52.03486006307028,364.79999999999995,0.13314655423164368,0.03782113565162934,0.3943267583847046,0.0328435041957077
0.3065115152499997,1.205739318602075,533.5,50.81356452376067,370.5,0.12863821387290955,0.03334946251737623,0.40366837978363035,0.028000928742902616
0.32142020890919065,1.205739318602075,530.2,50.30021174668796,373.79999999999995,0.12525128126144408,0.03342951555199703,0.4023646354675293,0.027774270045482226
0.3363289025683816,1.205739318602075,527.3,51.30444108553262,376.70000000000005,0.12198718786239623,0.03465426273521921,0.4070476531982422,0.027765251519742438
0.35123759622757256,1.205739318602075,524.4,51.66684202816793,379.6,0.11839060187339782,0.03403216804140697,0.40778746604919436,0.029293203374412696
0.36614628988676345,1.205739318602075,519.3,52.822486556471674,384.70000000000005,0.11487796306610107,0.03499672988749074,0.41386765241622925,0.03180458794042499
0.3810549835459544,1.205739318602075,514.6,53.888321040028885,389.4,0.11158870458602906,0.035236618000412,0.4201119065284729,0.032135410828571125
0.39596367720514536,1.205739318602075,509.9,54.94289804809868,394.1,0.11023223996162415,0.03466629733958175,0.4236948609352112,0.03650163992929462
0.4108723708643363,1.205739318602075,503.9,54.91805522692931,400.1,0.10890664458274842,0.033159349231942914,0.4303789258003235,0.03289627242728458
0.42578106452352726,1.205739318602075,498.9,55.76567909967575,405.1,0.10780754089355468,0.03522255485693729,0.4301211714744568,0.0323956913164929
0.4406897581827182,1.205739318602075,491.6,58.00932418298961,412.4,0.10273494720458984,0.03261594800524747,0.43137176632881163,0.03618876500308982
0.45559845184190917,1.205739318602075,468.7,78.64737484207036,435.3,0.08972601890563965,0.038135359347099884,0.45560272932052615,0.04906399662242427
0.4705071455011001,1.205739318602075,428.9,112.81110112393377,475.1,0.05887856483459473,0.07047018293453237,0.481277996301651,0.059331990326306754
0.4854158391602911,1.205739318602075,374.6,130.09543270694812,529.4,0.058952498435974124,0.04064004486836611,0.5120018601417542,0.06541016628039124
0.5003245328194821,1.205739318602075,275.0,174.05678741537878,629.0,0.019367486238479614,0.06013865217711248,0.5203731775283813,0.06514371010079664
0.515233226478673,1.205739318602075,210.1,181.8953328152501,693.9,0.023905712366104125,0.04652046675391448,0.5191820085048675,0.06197951210402287
0.5301419201378639,1.205739318602075,159.0,183.2685508190279,745.0,0.02671005129814148,0.032159789847330617,0.5156731486320496,0.0509613902456369
0.5450506137970549,1.205739318602075,143.0,165.41166523396078,761.0,0.01672844886779785,0.0234558684862714,0.5480346083641052,0.031073634773286073
0.5599593074562458,1.205739318602075,107.4,125.69453935525307,796.6,-0.0004220664501190186,0.02085893968584533,0.5680782556533813,0.02536684823584737
0.5748680011154368,1.205739318602075,64.7,79.59025630319213,839.3,-0.03897150754928589,0.05912895750746092,0.5689307272434234,0.031664409109305354
0.5897766947746277,1.205739318602075,0.2,0.4524314325708198,903.8,0.014634478092193603,0.033105489440887155,0.5419189095497131,0.0252768289211542
0.008337642066180706,1.2218207339077551,619.2,52.50262690632477,284.79999999999995,0.2056466221809387,0.04751172942835476,0.34200094938278197,0.024582929503540574
0.023246335725371655,1.2218207339077551,618.9,52.75074786735295,285.1,0.2063453435897827,0.046862755399886866,0.3404435276985168,0.025835244135637023
0.038155029384562604,1.2218207339077551,618.9,52.75074786735295,285.1,0.2063453435897827,0.046862755399886866,0.3404435276985168,0.025835244135637023
0.05306372304375355,1.2218207339077551,618.9,52.75074786735295,285.1,0.2063453435897827,0.046862755399886866,0.3404435276985168,0.025835244135637023
0.0679724167029445,1.2218207339077551,618.9,52.75074786735295,285.1,0.2063453435897827,0.046862755399886866,0.3404435276985168,0.025835244135637023
0.08288111036213545,1.2218207339077551,617.3,53.59084854225775,286.70000000000005,0.2034534513950348,0.0493277063083551,0.3430584192276001,0.02501312948654624
0.09778980402132639,1.2218207339077551,604.7,59.13044968603757,299.29999999999995,0.19224631190299987,0.05392438420194634,0.356819885969162,0.024622196281088936
0.11269849768051735,1.2218207339077551,588.7,54.553019468019095,315.29999999999995,0.18019353747367858,0.04840370695120329,0.3509480893611908,0.039705317152904186
0.1276071913397083,1.2218207339077551,581.9,51.245003040919094,322.1,0.17519728541374208,0.04460847949217496,0.36006068587303164,0.02814236689649125
0.14251588499889925,1.2218207339077551,578.3,51.10122403601616,325.70000000000005,0.1662606954574585,0.04177525681531494,0.3582733690738678,0.028019241314339277
0.1574245786580902,1.2218207339077551,569.0,55.584454020723044,335.0,0.15870360732078553,0.04311452013587258,0.3675655424594879,0.03201655929764675
0.17233327231728116,1.2218207339077551,565.0,54.357711449302634,339.0,0.15591883063316345,0.04146005003527145,0.373029088973999,0.034986400750683676
0.18724196597647208,1.2218207339077551,560.4,53.786932617973186,343.6,0.15202124714851378,0.040083157341644575,0.3810731410980225,0.031476570242579556
0.20215065963566303,1.2218207339077551,559.0,53.388826091278915,345.0,0.1499074399471283,0.04137069224796901,0.3835529565811157,0.030545540220511654
0.21705935329485398,1.2218207339077551,554.8,54.40977853509643,349.20000000000005,0.14792304039001464,0.04144282300848661,0.3911738872528076,0.03372479993941911
0.23196804695404494,1.2218207339077551,551.9,53.482943047411986,352.1,0.14579575061798095,0.03948619956506017,0.3951807260513306,0.03159535256915811
0.2468767406132359,1.2218207339077551,547.3,54.15445497674875,356.70000000000005,0.14068137407302855,0.04094239623397434,0.39241304993629456,0.031126483693658596
0.26178543427242684,1.2218207339077551,543.9,53.5180149485602,360.1,0.1371351182460785,0.04119918738660668,0.39838271737098696,0.02769158467668065
0.2766941279316178,1.2218207339077551,540.9,52.17960796345757,363.1,0.1331145644187927,0.03829854532549569,0.3920335292816162,0.03293982758649984
0.29160282159080875,1.2218207339077551,539.2,52.03486006307028,364.79999999999995,0.13314655423164368,0.03782113565162934,0.3943267583847046,0.0328435041957077
0.3065115152499997,1.2218207339077551,533.5,50.81356452376067,370.5,0.12863821387290955,0.03334946251737623,0.40366837978363035,0.028000928742902616
0.32142020890919065,1.2218207339077551,530.2,50.30021174668796,373.79999999999995,0.12525128126144408,0.03342951555199703,0.4023646354675293,0.027774270045482226
0.3363289025683816,1.2218207339077551,527.3,51.30444108553262,376.70000000000005,0.12198718786239623,0.03465426273521921,0.4070476531982422,0.027765251519742438
0.35123759622757256,1.2218207339077551,524.4,51.66684202816793,379.6,0.11839060187339782,0.03403216804140697,0.40778746604919436,0.029293203374412696
0.36614628988676345,1.2218207339077551,519.3,52.822486556471674,384.70000000000005,0.11487796306610107,0.03499672988749074,0.41386765241622925,0.03180458794042499
0.3810549835459544,1.2218207339077551,514.6,53.888321040028885,389.4,0.11158870458602906,0.035236618000412,0.4201119065284729,0.032135410828571125
0.39596367720514536,1.2218207339077551,509.9,54.94289804809868,394.1,0.11023223996162415,0.03466629733958175,0.4236948609352112,0.03650163992929462
0.4108723708643363,1.2218207339077551,503.9,54.91805522692931,400.1,0.10890664458274842,0.033159349231942914,0.4303789258003235,0.03289627242728458
0.42578106452352726,1.2218207339077551,498.9,55.76567909967575,405.1,0.10780754089355468,0.03522255485693729,0.4301211714744568,0.0323956913164929
0.4406897581827182,1.2218207339077551,491.6,58.00932418298961,412.4,0.10273494720458984,0.03261594800524747,0.43137176632881163,0.03618876500308982
0.45559845184190917,1.2218207339077551,468.7,78.64737484207036,435.3,0.08972601890563965,0.038135359347099884,0.45560272932052615,0.04906399662242427
0.4705071455011001,1.2218207339077551,428.9,112.81110112393377,475.1,0.05887856483459473,0.07047018293453237,0.481277996301651,0.059331990326306754
0.4854158391602911,1.2218207339077551,374.6,130.09543270694812,529.4,0.058952498435974124,0.04064004486836611,0.5120018601417542,0.06541016628039124
0.5003245328194821,1.2218207339077551,275.0,174.05678741537878,629.0,0.019367486238479614,0.06013865217711248,0.5203731775283813,0.06514371010079664
0.515233226478673,1.2218207339077551,210.1,181.8953328152501,693.9,0.023905712366104125,0.04652046675391448,0.5191820085048675,0.06197951210402287
0.5301419201378639,1.2218207339077551,159.0,183.2685508190279,745.0,0.02671005129814148,0.032159789847330617,0.5156731486320496,0.0509613902456369
0.5450506137970549,1.2218207339077551,143.0,165.41166523396078,761.0,0.01672844886779785,0.0234558684862714,0.5480346083641052,0.031073634773286073
0.5599593074562458,1.2218207339077551,107.4,125.69453935525307,796.6,-0.0004220664501190186,0.02085893968584533,0.5680782556533813,0.02536684823584737
0.5748680011154368,1.2218207339077551,64.7,79.59025630319213,839.3,-0.03897150754928589,0.05912895750746092,0.5689307272434234,0.031664409109305354
0.5897766947746277,1.2218207339077551,0.2,0.4524314325708198,903.8,0.014634478092193603,0.033105489440887155,0.5419189095497131,0.0252768289211542
0.008337642066180706,1.237902149213435,626.7,57.05546247893798,277.29999999999995,0.21394287943840026,0.04871684806254027,0.33713945746421814,0.028091863136068915
0.023246335725371655,1.237902149213435,626.4,57.303218824936586,277.6,0.21464094519615173,0.04801628900212494,0.33557364344596863,0.02886973740715067
0.038155029384562604,1.237902149213435,626.4,57.303218824936586,277.6,0.21464094519615173,0.04801628900212494,0.33557364344596863,0.02886973740715067
0.05306372304375355,1.237902149213435,626.4,57.303218824936586,277.6,0.21464094519615173,0.04801628900212494,0.33557364344596863,0.02886973740715067
0.0679724167029445,1.237902149213435,626.4,57.303218824936586,277.6,0.21464094519615173,0.04801628900212494,0.33557364344596863,0.02886973740715067
0.08288111036213545,1.237902149213435,624.8,58.1596847538543,279.20000000000005,0.2117703378200531,0.05068138589166168,0.33838517069816587,0.027730028018762693
0.09778980402132639,1.237902149213435,611.1,63.70511086174424,292.9,0.19958415031433105,0.05572609691808565,0.35462055802345277,0.025041924787304673
0.11269849768051735,1.237902149213435,593.7,58.30639082052711,310.29999999999995,0.18685600757598878,0.051222187110467735,0.3528726756572723,0.041901623296870014
0.1276071913397083,1.237902149213435,583.3,52.70826189450051,320.70000000000005,0.17893600463867188,0.04588947942098774,0.36426820158958434,0.029224797068124923
0.14251588499889925,1.237902149213435,578.5,51.302446149259886,325.5,0.16682451367378234,0.04177284540863756,0.35883312821388247,0.02814342264898273
0.1574245786580902,1.237902149213435,569.0,55.584454020723044,335.0,0.15870360732078553,0.04311452013587258,0.3675655424594879,0.03201655929764675
0.17233327231728116,1.237902149213435,565.0,54.357711449302634,339.0,0.15591883063316345,0.04146005003527145,0.373029088973999,0.034986400750683676
0.18724196597647208,1.237902149213435,560.4,53.786932617973186,343.6,0.15202124714851378,0.040083157341644575,0.3810731410980225,0.031476570242579556
0.20215065963566303,1.237902149213435,559.0,53.388826091278915,345.0,0.1499074399471283,0.04137069224796901,0.3835529565811157,0.030545540220511654
0.21705935329485398,1.237902149213435,554.8,54.40977853509643,349.20000000000005,0.14792304039001464,0.04144282300848661,0.3911738872528076,0.03372479993941911
0.23196804695404494,1.237902149213435,551.9,53.482943047411986,352.1,0.14579575061798095,0.03948619956506017,0.3951807260513306,0.03159535256915811
0.2468767406132359,1.237902149213435,547.3,54.15445497674875,356.70000000000005,0.14068137407302855,0.04094239623397434,0.39241304993629456,0.031126483693658596
0.26178543427242684,1.237902149213435,543.9,53.5180149485602,360.1,0.1371351182460785,0.04119918738660668,0.39838271737098696,0.02769158467668065
0.2766941279316178,1.237902149213435,540.9,52.17960796345757,363.1,0.1331145644187927,0.03829854532549569,0.3920335292816162,0.03293982758649984
0.29160282159080875,1.237902149213435,539.2,52.03486006307028,364.79999999999995,0.13314655423164368,0.03782113565162934,0.3943267583847046,0.0328435041957077
0.3065115152499997,1.237902149213435,533.5,50.81356452376067,370.5,0.12863821387290955,0.03334946251737623,0.40366837978363035,0.028000928742902616
0.32142020890919065,1.237902149213435,530.2,50.30021174668796,373.79999999999995,0.12525128126144408,0.03342951555199703,0.4023646354675293,0.027774270045482226
0.3363289025683816,1.237902149213435,527.3,51.30444108553262,376.70000000000005,0.12198718786239623,0.03465426273521921,0.4070476531982422,0.027765251519742438
0.35123759622757256,1.237902149213435,524.4,51.66684202816793,379.6,0.11839060187339782,0.03403216804140697,0.40778746604919436,0.029293203374412696
0.36614628988676345,1.237902149213435,519.3,52.822486556471674,384.70000000000005,0.11487796306610107,0.03499672988749074,0.41386765241622925,0.03180458794042499
0.3810549835459544,1.237902149213435,514.6,53.888321040028885,389.4,0.11158870458602906,0.035236618000412,0.4201119065284729,0.032135410828571125
0.39596367720514536,1.237902149213435,509.9,54.94289804809868,394.1,0.11023223996162415,0.03466629733958175,0.4236948609352112,0.03650163992929462
0.4108723708643363,1.237902149213435,503.9,54.91805522692931,400.1,0.10890664458274842,0.033159349231942914,0.4303789258003235,0.03289627242728458
0.42578106452352726,1.237902149213435,498.9,55.76567909967575,405.1,0.10780754089355468,0.03522255485693729,0.4301211714744568,0.0323956913164929
0.4406897581827182,1.237902149213435,491.6,58.00932418298961,412.4,0.10273494720458984,0.03261594800524747,0.43137176632881163,0.03618876500308982
0.45559845184190917,1.237902149213435,468.7,78.64737484207036,435.3,0.08972601890563965,0.038135359347099884,0.45560272932052615,0.04906399662242427
0.4705071455011001,1.237902149213435,428.9,112.81110112393377,475.1,0.05887856483459473,0.07047018293453237,0.481277996301651,0.059331990326306754
0.4854158391602911,1.237902149213435,374.6,130.09543270694812,529.4,0.058952498435974124,0.04064004486836611,0.5120018601417542,0.06541016628039124
0.5003245328194821,1.237902149213435,275.0,174.05678741537878,629.0,0.019367486238479614,0.06013865217711248,0.5203731775283813,0.06514371010079664
0.515233226478673,1.237902149213435,210.1,181.8953328152501,693.9,0.023905712366104125,0.04652046675391448,0.5191820085048675,0.06197951210402287
0.5301419201378639,1.237902149213435,159.0,183.2685508190279,745.0,0.02671005129814148,0.032159789847330617,0.5156731486320496,0.0509613902456369
0.5450506137970549,1.237902149213435,143.0,165.41166523396078,761.0,0.01672844886779785,0.0234558684862714,0.5480346083641052,0.031073634773286073
0.5599593074562458,1.237902149213435,107.4,125.69453935525307,796.6,-0.0004220664501190186,0.02085893968584533,0.5680782556533813,0.02536684823584737
0.5748680011154368,1.237902149213435,64.7,79.59025630319213,839.3,-0.03897150754928589,0.05912895750746092,0.5689307272434234,0.031664409109305354
0.5897766947746277,1.237902149213435,0.2,0.4524314325708198,903.8,0.014634478092193603,0.033105489440887155,0.5419189095497131,0.0252768289211542
0.008337642066180706,1.253983564519115,635.4,58.67012165157771,268.6,0.22328152656555175,0.04831366026054064,0.3178610563278198,0.024516309297894955
0.023246335725371655,1.253983564519115,635.1,58.91600996781209,268.9,0.22399855256080628,0.04760915246071911,0.3162863850593567,0.024795008062764287
0.038155029384562604,1.253983564519115,635.1,58.91600996781209,268.9,0.22399855256080628,0.04760915246071911,0.3162863850593567,0.024795008062764287
0.05306372304375355,1.253983564519115,635.1,58.91600996781209,268.9,0.22399855256080628,0.04760915246071911,0.3162863850593567,0.024795008062764287
0.0679724167029445,1.253983564519115,635.1,58.91600996781209,268.9,0.22399855256080628,0.04760915246071911,0.3162863850593567,0.024795008062764287
0.08288111036213545,1.253983564519115,633.5,59.701951955224075,270.5,0.22134453058242798,0.05003625702322672,0.3195127010345459,0.024219876374168836
0.09778980402132639,1.253983564519115,619.1,65.44762067640323,284.9,0.20802178382873535,0.05694175567583178,0.3359581232070923,0.02735033285189993
0.11269849768051735,1.253983564519115,599.2,62.76035597309406,304.79999999999995,0.1941084623336792,0.055042790144043244,0.343918514251709,0.04175450876893103
0.1276071913397083,1.253983564519115,588.0,57.172886535600924,316.0,0.18633853793144226,0.05070015540611469,0.3591354310512543,0.029037298153330546
0.14251588499889925,1.253983564519115,582.1,55.296723801218604,321.9,0.17256474494934082,0.04579027872268903,0.3556894361972809,0.028848603061362863
0.1574245786580902,1.253983564519115,570.9,57.56087436461418,333.1,0.16443920731544495,0.04702626417461348,0.3676676690578461,0.03234535253651577
0.17233327231728116,1.253983564519115,566.3,55.75303444513041,337.70000000000005,0.15968918800354004,0.04399721272026131,0.3729697346687317,0.034860519252852606
0.18724196597647208,1.253983564519115,560.6,54.00320838232262,343.4,0.15271288752555848,0.04018311392640838,0.3810097336769104,0.03148182233092594
0.20215065963566303,1.253983564519115,559.0,53.388826091278915,345.0,0.1499074399471283,0.04137069224796901,0.3835529565811157,0.030545540220511654
0.21705935329485398,1.253983564519115,554.8,54.40977853509643,349.20000000000005,0.14792304039001464,0.04144282300848661,0.3911738872528076,0.03372479993941911
0.23196804695404494,1.253983564519115,551.9,53.482943047411986,352.1,0.14579575061798095,0.03948619956506017,0.3951807260513306,0.03159535256915811
0.2468767406132359,1.253983564519115,547.3,54.15445497674875,356.70000000000005,0.14068137407302855,0.04094239623397434,0.39241304993629456,0.031126483693658596
0.26178543427242684,1.253983564519115,543.9,53.5180149485602,360.1,0.1371351182460785,0.04119918738660668,0.39838271737098696,0.02769158467668065
0.2766941279316178,1.253983564519115,540.9,52.17960796345757,363.1,0.1331145644187927,0.03829854532549569,0.3920335292816162,0.03293982758649984
0.29160282159080875,1.253983564519115,539.2,52.03486006307028,364.79999999999995,0.13314655423164368,0.03782113565162934,0.3943267583847046,0.0328435041957077
0.3065115152499997,1.253983564519115,533.5,50.81356452376067,370.5,0.12863821387290955,0.03334946251737623,0.40366837978363035,0.028000928742902616
0.32142020890919065,1.253983564519115,530.2,50.30021174668796,373.79999999999995,0.12525128126144408,0.03342951555199703,0.4023646354675293,0.027774270045482226
0.3363289025683816,1.253983564519115,527.3,51.30444108553262,376.70000000000005,0.12198718786239623,0.03465426273521921,0.4070476531982422,0.027765251519742438
0.35123759622757256,1.253983564519115,524.4,51.66684202816793,379.6,0.11839060187339782,0.03403216804140697,0.40778746604919436,0.029293203374412696
0.36614628988676345,1.253983564519115,519.3,52.822486556471674,384.70000000000005,0.11487796306610107,0.03499672988749074,0.41386765241622925,0.03180458794042499
0.3810549835459544,1.253983564519115,514.6,53.888321040028885,389.4,0.11158870458602906,0.035236618000412,0.4201119065284729,0.032135410828571125
0.39596367720514536,1.253983564519115,509.9,54.94289804809868,394.1,0.11023223996162415,0.03466629733958175,0.4236948609352112,0.03650163992929462
0.4108723708643363,1.253983564519115,503.9,54.91805522692931,400.1,0.10890664458274842,0.033159349231942914,0.4303789258003235,0.03289627242728458
0.42578106452352726,1.253983564519115,498.9,55.76567909967575,405.1,0.10780754089355468,0.03522255485693729,0.4301211714744568,0.0323956913164929
0.4406897581827182,1.253983564519115,491.6,58.00932418298961,412.4,0.10273494720458984,0.03261594800524747,0.43137176632881163,0.03618876500308982
0.45559845184190917,1.253983564519115,468.7,78.64737484207036,435.3,0.08972601890563965,0.038135359347099884,0.45560272932052615,0.04906399662242427
0.4705071455011001,1.253983564519115,428.9,112.81110112393377,475.1,0.05887856483459473,0.07047018293453237,0.481277996301651,0.059331990326306754
0.4854158391602911,1.253983564519115,374.6,130.09543270694812,529.4,0.058952498435974124,0.04064004486836611,0.5120018601417542,0.06541016628039124
0.5003245328194821,1.253983564519115,275.0,174.05678741537878,629.0,0.019367486238479614,0.06013865217711248,0.5203731775283813,0.06514371010079664
0.515233226478673,1.253983564519115,210.1,181.8953328152501,693.9,0.023905712366104125,0.04652046675391448,0.5191820085048675,0.06197951210402287
0.5301419201378639,1.253983564519115,159.0,183.2685508190279,745.0,0.02671005129814148,0.032159789847330617,0.5156731486320496,0.0509613902456369
0.5450506137970549,1.253983564519115,143.0,165.41166523396078,761.0,0.01672844886779785,0.0234558684862714,0.5480346083641052,0.031073634773286073
0.5599593074562458,1.253983564519115,107.4,125.69453935525307,796.6,-0.0004220664501190186,0.02085893968584533,0.5680782556533813,0.02536684823584737
0.5748680011154368,1.253983564519115,64.7,79.59025630319213,839.3,-0.03897150754928589,0.05912895750746092,0.5689307272434234,0.031664409109305354
0.5897766947746277,1.253983564519115,0.2,0.4524314325708198,903.8,0.014634478092193603,0.033105489440887155,0.5419189095497131,0.0252768289211542
0.008337642066180706,1.2700649798247952,657.4,86.11476351636904,246.60000000000002,0.2557956337928772,0.08434080440364647,0.27576680183410646,0.07891628842047012
0.023246335725371655,1.2700649798247952,657.1,86.32200583533631,246.89999999999998,0.25651268362998964,0.08378125882825443,0.2741887032985687,0.07859050168309745
0.038155029384562604,1.2700649798247952,657.1,86.32200583533631,246.89999999999998,0.25651268362998964,0.08378125882825443,0.2741887032985687,0.07859050168309745
0.05306372304375355,1.2700649798247952,657.1,86.32200583533631,246.89999999999998,0.25651268362998964,0.08378125882825443,0.2741887032985687,0.07859050168309745
0.0679724167029445,1.2700649798247952,657.1,86.32200583533631,246.89999999999998,0.25651268362998964,0.08378125882825443,0.2741887032985687,0.07859050168309745
0.08288111036213545,1.2700649798247952,655.5,87.08456318657674,248.5,0.25387951731681824,0.08570881797440473,0.2774252355098724,0.07938600733101851
0.09778980402132639,1.2700649798247952,641.1,92.78549519239823,262.9,0.2411370635032654,0.09182271167841168,0.2951932311058044,0.08434283073630575
0.11269849768051735,1.2700649798247952,620.9,88.53323270761722,283.1,0.23131436705589295,0.09727357322553555,0.2899011433124542,0.1561526328910975
0.1276071913397083,1.2700649798247952,609.7,82.6484415960964,294.29999999999995,0.2252528488636017,0.09840792322574567,0.3162314236164093,0.1141381133494033
0.14251588499889925,1.2700649798247952,603.3,80.95380148373337,300.70000000000005,0.21293837428092957,0.09887356307511015,0.3127002537250519,0.11178523600628347
0.1574245786580902,1.2700649798247952,590.8,82.26279564388348,313.20000000000005,0.20422219038009642,0.10254745010295536,0.32603521943092345,0.11305245524045833
0.17233327231728116,1.2700649798247952,586.2,80.77221083236913,317.79999999999995,0.201713627576828,0.10219975873322837,0.3352323412895203,0.10908535626596735
0.18724196597647208,1.2700649798247952,579.9,77.70139404990037,324.1,0.1980086386203766,0.10260989193919004,0.34526742100715635,0.10103471174153301
0.20215065963566303,1.2700649798247952,575.9,73.74111897609164,328.1,0.1928690791130066,0.09726637685189683,0.37264426350593566,0.04891175242082225
0.21705935329485398,1.2700649798247952,568.4,70.17728624807448,335.6,0.18699628710746766,0.08976957925493108,0.38612329959869385,0.0415897342001776
0.23196804695404494,1.2700649798247952,556.2,58.48141756903379,347.79999999999995,0.16202746629714965,0.052253188560431534,0.39457862377166747,0.03167171742954231
0.2468767406132359,1.2700649798247952,547.3,54.15445497674875,356.70000000000005,0.14068137407302855,0.04094239623397434,0.39241304993629456,0.031126483693658596
0.26178543427242684,1.2700649798247952,543.9,53.5180149485602,360.1,0.1371351182460785,0.04119918738660668,0.39838271737098696,0.02769158467668065
0.2766941279316178,1.2700649798247952,540.9,52.17960796345757,363.1,0.1331145644187927,0.03829854532549569,0.3920335292816162,0.03293982758649984
0.29160282159080875,1.2700649798247952,539.2,52.03486006307028,364.79999999999995,0.13314655423164368,0.03782113565162934,0.3943267583847046,0.0328435041957077
0.3065115152499997,1.2700649798247952,533.5,50.81356452376067,370.5,0.12863821387290955,0.03334946251737623,0.40366837978363035,0.028000928742902616
0.32142020890919065,1.2700649798247952,530.2,50.30021174668796,373.79999999999995,0.12525128126144408,0.03342951555199703,0.4023646354675293,0.027774270045482226
0.3363289025683816,1.2700649798247952,527.3,51.30444108553262,376.70000000000005,0.12198718786239623,0.03465426273521921,0.4070476531982422,0.027765251519742438
0.35123759622757256,1.2700649798247952,524.4,51.66684202816793,379.6,0.11839060187339782,0.03403216804140697,0.40778746604919436,0.029293203374412696
0.36614628988676345,1.2700649798247952,519.3,52.822486556471674,384.70000000000005,0.11487796306610107,0.03499672988749074,0.41386765241622925,0.03180458794042499
0.3810549835459544,1.2700649798247952,514.6,53.888321040028885,389.4,0.11158870458602906,0.035236618000412,0.4201119065284729,0.032135410828571125
0.39596367720514536,1.2700649798247952,509.9,54.94289804809868,394.1,0.11023223996162415,0.03466629733958175,0.4236948609352112,0.03650163992929462
0.4108723708643363,1.2700649798247952,503.9,54.91805522692931,400.1,0.10890664458274842,0.033159349231942914,0.4303789258003235,0.03289627242728458
0.42578106452352726,1.2700649798247952,498.9,55.76567909967575,405.1,0.10780754089355468,0.03522255485693729,0.4301211714744568,0.0323956913164929
0.4406897581827182,1.2700649798247952,491.6,58.00932418298961,412.4,0.10273494720458984,0.03261594800524747,0.43137176632881163,0.03618876500308982
0.45559845184190917,1.2700649798247952,468.7,78.64737484207036,435.3,0.08972601890563965,0.038135359347099884,0.45560272932052615,0.04906399662242427
0.4705071455011001,1.2700649798247952,428.9,112.81110112393377,475.1,0.05887856483459473,0.07047018293453237,0.481277996301651,0.059331990326306754
0.4854158391602911,1.2700649798247952,374.6,130.09543270694812,529.4,0.058952498435974124,0.04064004486836611,0.5120018601417542,0.06541016628039124
0.5003245328194821,1.2700649798247952,275.0,174.05678741537878,629.0,0.019367486238479614,0.06013865217711248,0.5203731775283813,0.06514371010079664
0.515233226478673,1.2700649798247952,210.1,181.8953328152501,693.9,0.023905712366104125,0.04652046675391448,0.5191820085048675,0.06197951210402287
0.5301419201378639,1.2700649798247952,159.0,183.2685508190279,745.0,0.02671005129814148,0.032159789847330617,0.5156731486320496,0.0509613902456369
0.5450506137970549,1.2700649798247952,143.0,165.41166523396078,761.0,0.01672844886779785,0.0234558684862714,0.5480346083641052,0.031073634773286073
0.5599593074562458,1.2700649798247952,107.4,125.69453935525307,796.6,-0.0004220664501190186,0.02085893968584533,0.5680782556533813,0.02536684823584737
0.5748680011154368,1.2700649798247952,64.7,79.59025630319213,839.3,-0.03897150754928589,0.05912895750746092,0.5689307272434234,0.031664409109305354
0.5897766947746277,1.2700649798247952,0.2,0.4524314325708198,903.8,0.014634478092193603,0.033105489440887155,0.5419189095497131,0.0252768289211542
0.008337642066180706,1.286146395130475,669.7,96.1918182238145,234.29999999999995,0.2686811864376068,0.09561587810800218,0.25197515487670896,0.09837495290094861
0.023246335725371655,1.286146395130475,669.4,96.392083141072,234.60000000000002,0.2694031476974487,0.09507232718198896,0.2503957152366638,0.09795272428762827
0.038155029384562604,1.286146395130475,669.4,96.392083141072,234.60000000000002,0.2694031476974487,0.09507232718198896,0.2503957152366638,0.09795272428762827
0.05306372304375355,1.286146395130475,669.4,96.392083141072,234.60000000000002,0.2694031476974487,0.09507232718198896,0.2503957152366638,0.09795272428762827
0.0679724167029445,1.286146395130475,669.4,96.392083141072,234.60000000000002,0.2694031476974487,0.09507232718198896,0.2503957152366638,0.09795272428762827
0.08288111036213545,1.286146395130475,667.8,97.17614455486915,236.20000000000005,0.2667881608009338,0.09694883007944097,0.25372074842453,0.09899526415164968
0.09778980402132639,1.286146395130475,653.4,103.12900794641354,250.60000000000002,0.25417686700820924,0.10314245777140983,0.2725638210773468,0.10498782688194971
0.11269849768051735,1.286146395130475,633.0,99.34794020917224,271.0,0.2446526527404785,0.10934132274076296,0.25924057960510255,0.15932956779763624
0.1276071913397083,1.286146395130475,621.1,94.1807809778617,282.9,0.23897889852523804,0.11111198082834324,0.27011250853538515,0.13764374493714765
0.14251588499889925,1.286146395130475,614.6,92.34491412567951,289.4,0.22794479727745057,0.11247344009260352,0.28532237410545347,0.12256793767413393
0.1574245786580902,1.286146395130475,601.5,93.12546987082708,302.5,0.21852080821990966,0.1171027678541722,0.2984123945236206,0.12268757007222868
0.17233327231728116,1.286146395130475,594.7,91.41593891136617,309.29999999999995,0.2147184729576111,0.11764803605817745,0.30819860100746155,0.12024391972632702
0.18724196597647208,1.286146395130475,588.4,88.5221533905486,315.6,0.21159210205078124,0.11846907696910776,0.32061913013458254,0.11127722208513167
0.20215065963566303,1.286146395130475,584.0,84.30899202284996,320.0,0.2058193325996399,0.11292898180425437,0.3597037971019745,0.05599921308558626
0.21705935329485398,1.286146395130475,575.0,78.9021336266018,329.0,0.19782519936561585,0.10248798392387048,0.3898871004581451,0.042681313093833606
0.23196804695404494,1.286146395130475,559.4,62.923582142051906,344.6,0.1672992527484894,0.06075282875645325,0.3997931838035583,0.032929278582471855
0.2468767406132359,1.286146395130475,547.3,54.15445497674875,356.70000000000005,0.14068137407302855,0.04094239623397434,0.39241304993629456,0.031126483693658596
0.26178543427242684,1.286146395130475,543.9,53.5180149485602,360.1,0.1371351182460785,0.04119918738660668,0.39838271737098696,0.02769158467668065
0.2766941279316178,1.286146395130475,540.9,52.17960796345757,363.1,0.1331145644187927,0.03829854532549569,0.3920335292816162,0.03293982758649984
0.29160282159080875,1.286146395130475,539.2,52.03486006307028,364.79999999999995,0.13314655423164368,0.03782113565162934,0.3943267583847046,0.0328435041957077
0.3065115152499997,1.286146395130475,533.5,50.81356452376067,370.5,0.12863821387290955,0.03334946251737623,0.40366837978363035,0.028000928742902616
0.32142020890919065,1.286146395130475,530.2,50.30021174668796,373.79999999999995,0.12525128126144408,0.03342951555199703,0.4023646354675293,0.027774270045482226
0.3363289025683816,1.286146395130475,527.3,51.30444108553262,376.70000000000005,0.12198718786239623,0.03465426273521921,0.4070476531982422,0.027765251519742438
0.35123759622757256,1.286146395130475,524.4,51.66684202816793,379.6,0.11839060187339782,0.03403216804140697,0.40778746604919436,0.029293203374412696
0.36614628988676345,1.286146395130475,519.3,52.822486556471674,384.70000000000005,0.11487796306610107,0.03499672988749074,0.41386765241622925,0.03180458794042499
0.3810549835459544,1.286146395130475,514.6,53.888321040028885,389.4,0.11158870458602906,0.035236618000412,0.4201119065284729,0.032135410828571125
0.39596367720514536,1.286146395130475,509.9,54.94289804809868,394.1,0.11023223996162415,0.03466629733958175,0.4236948609352112,0.03650163992929462
0.4108723708643363,1.286146395130475,503.9,54.91805522692931,400.1,0.10890664458274842,0.033159349231942914,0.4303789258003235,0.03289627242728458
0.42578106452352726,1.286146395130475,498.9,55.76567909967575,405.1,0.10780754089355468,0.03522255485693729,0.4301211714744568,0.0323956913164929
0.4406897581827182,1.286146395130475,491.6,58.00932418298961,412.4,0.10273494720458984,0.03261594800524747,0.43137176632881163,0.03618876500308982
0.45559845184190917,1.286146395130475,468.7,78.64737484207036,435.3,0.08972601890563965,0.038135359347099884,0.45560272932052615,0.04906399662242427
0.4705071455011001,1.286146395130475,428.9,112.81110112393377,475.1,0.05887856483459473,0.07047018293453237,0.481277996301651,0.059331990326306754
0.4854158391602911,1.286146395130475,374.6,130.09543270694812,529.4,0.058952498435974124,0.04064004486836611,0.5120018601417542,0.06541016628039124
0.5003245328194821,1.286146395130475,275.0,174.05678741537878,629.0,0.019367486238479614,0.06013865217711248,0.5203731775283813,0.06514371010079664
0.515233226478673,1.286146395130475,210.1,181.8953328152501,693.9,0.023905712366104125,0.04652046675391448,0.5191820085048675,0.06197951210402287
0.5301419201378639,1.286146395130475,159.0,183.2685508190279,745.0,0.02671005129814148,0.032159789847330617,0.5156731486320496,0.0509613902456369
0.5450506137970549,1.286146395130475,143.0,165.41166523396078,761.0,0.01672844886779785,0.0234558684862714,0.5480346083641052,0.031073634773286073
0.5599593074562458,1.286146395130475,107.4,125.69453935525307,796.6,-0.0004220664501190186,0.02085893968584533,0.5680782556533813,0.02536684823584737
0.5748680011154368,1.286146395130475,64.7,79.59025630319213,839.3,-0.03897150754928589,0.05912895750746092,0.5689307272434234,0.031664409109305354
0.5897766947746277,1.286146395130475,0.2,0.4524314325708198,903.8,0.014634478092193603,0.033105489440887155,0.5419189095497131,0.0252768289211542
0.008337642066180706,1.302227810436155,696.1,108.20294435426786,207.89999999999998,0.30075365900993345,0.1117173832108348,0.2172619342803955,0.1101580922171712
0.023246335725371655,1.302227810436155,695.8,108.39581099758061,208.20000000000005,0.30147032141685487,0.11111985354081014,0.21565377116203308,0.10975849811702001
0.038155029384562604,1.302227810436155,695.8,108.39581099758061,208.20000000000005,0.30147032141685487,0.11111985354081014,0.21565377116203308,0.10975849811702001
0.05306372304375355,1.302227810436155,695.8,108.39581099758061,208.20000000000005,0.30147032141685487,0.11111985354081014,0.21565377116203308,0.10975849811702001
0.0679724167029445,1.302227810436155,695.8,108.39581099758061,208.20000000000005,0.30147032141685487,0.11111985354081014,0.21565377116203308,0.10975849811702001
0.08288111036213545,1.302227810436155,694.2,109.29692181370989,209.79999999999995,0.29889694452285764,0.11307674498308763,0.21912410855293274,0.1112203450135738
0.09778980402132639,1.302227810436155,679.8,112.91002286144892,224.20000000000005,0.2898963391780853,0.11942904912898117,0.26335294246673585,0.1026753638406349
0.11269849768051735,1.302227810436155,659.4,111.50351924650772,244.60000000000002,0.2814159691333771,0.1260109367506654,0.2502445876598358,0.1570815770030004
0.1276071913397083,1.302227810436155,645.2,108.14110285412198,258.79999999999995,0.27685193419456483,0.12826489840982686,0.2589951157569885,0.13473860041279873
0.14251588499889925,1.302227810436155,638.4,106.56827943699858,265.6,0.2673321008682251,0.13045090742455132,0.27614070773124694,0.12067657276627487
0.1574245786580902,1.302227810436155,624.9,107.40440679945068,279.1,0.2599915385246277,0.13467952842780392,0.2950031042098999,0.12161030616744994
0.17233327231728116,1.302227810436155,617.9,106.30665219821229,286.1,0.25605061650276184,0.13592672437704542,0.3033139169216156,0.11914807249232293
0.18724196597647208,1.302227810436155,610.9,104.05783612428709,293.1,0.25050660967826843,0.13809613041039123,0.31156107783317566,0.11017912164709558
0.20215065963566303,1.302227810436155,606.0,101.10658794477334,298.0,0.24486028552055358,0.13429139826508452,0.349945193529129,0.05676897935906793
0.21705935329485398,1.302227810436155,596.0,96.40671098783307,308.0,0.23527726531028748,0.1251840401555803,0.3998907208442688,0.048423408756250244
0.23196804695404494,1.302227810436155,577.7,81.8860967475032,326.29999999999995,0.20226630568504333,0.09635600833209061,0.4148607313632965,0.04574937701346098
0.2468767406132359,1.302227810436155,555.4,61.8674136183904,348.6,0.1612784147262573,0.06460491221195643,0.39827359914779664,0.033798339884233454
0.26178543427242684,1.302227810436155,543.9,53.5180149485602,360.1,0.1371351182460785,0.04119918738660668,0.39838271737098696,0.02769158467668065
0.2766941279316178,1.302227810436155,540.9,52.17960796345757,363.1,0.1331145644187927,0.03829854532549569,0.3920335292816162,0.03293982758649984
0.29160282159080875,1.302227810436155,539.2,52.03486006307028,364.79999999999995,0.13314655423164368,0.03782113565162934,0.3943267583847046,0.0328435041957077
0.3065115152499997,1.302227810436155,533.5,50.81356452376067,370.5,0.12863821387290955,0.03334946251737623,0.40366837978363035,0.028000928742902616
0.32142020890919065,1.302227810436155,530.2,50.30021174668796,373.79999999999995,0.12525128126144408,0.03342951555199703,0.4023646354675293,0.027774270045482226
0.3363289025683816,1.302227810436155,527.3,51.30444108553262,376.70000000000005,0.12198718786239623,0.03465426273521921,0.4070476531982422,0.027765251519742438
0.35123759622757256,1.302227810436155,524.4,51.66684202816793,379.6,0.11839060187339782,0.03403216804140697,0.40778746604919436,0.029293203374412696
0.36614628988676345,1.302227810436155,519.3,52.822486556471674,384.70000000000005,0.11487796306610107,0.03499672988749074,0.41386765241622925,0.03180458794042499
0.3810549835459544,1.302227810436155,514.6,53.888321040028885,389.4,0.11158870458602906,0.035236618000412,0.4201119065284729,0.032135410828571125
0.39596367720514536,1.302227810436155,509.9,54.94289804809868,394.1,0.11023223996162415,0.03466629733958175,0.4236948609352112,0.03650163992929462
0.4108723708643363,1.302227810436155,503.9,54.91805522692931,400.1,0.10890664458274842,0.033159349231942914,0.4303789258003235,0.03289627242728458
0.42578106452352726,1.302227810436155,498.9,55.76567909967575,405.1,0.10780754089355468,0.03522255485693729,0.4301211714744568,0.0323956913164929
0.4406897581827182,1.302227810436155,491.6,58.00932418298961,412.4,0.10273494720458984,0.03261594800524747,0.43137176632881163,0.03618876500308982
0.45559845184190917,1.302227810436155,468.7,78.64737484207036,435.3,0.08972601890563965,0.038135359347099884,0.45560272932052615,0.04906399662242427
0.4705071455011001,1.302227810436155,428.9,112.81110112393377,475.1,0.05887856483459473,0.07047018293453237,0.481277996301651,0.059331990326306754
0.4854158391602911,1.302227810436155,374.6,130.09543270694812,529.4,0.058952498435974124,0.04064004486836611,0.5120018601417542,0.06541016628039124
0.5003245328194821,1.302227810436155,275.0,174.05678741537878,629.0,0.019367486238479614,0.06013865217711248,0.5203731775283813,0.06514371010079664
0.515233226478673,1.302227810436155,210.1,181.8953328152501,693.9,0.023905712366104125,0.04652046675391448,0.5191820085048675,0.06197951210402287
0.5301419201378639,1.302227810436155,159.0,183.2685508190279,745.0,0.02671005129814148,0.032159789847330617,0.5156731486320496,0.0509613902456369
0.5450506137970549,1.302227810436155,143.0,165.41166523396078,761.0,0.01672844886779785,0.0234558684862714,0.5480346083641052,0.031073634773286073
0.5599593074562458,1.302227810436155,107.4,125.69453935525307,796.6,-0.0004220664501190186,0.02085893968584533,0.5680782556533813,0.02536684823584737
0.5748680011154368,1.302227810436155,64.7,79.59025630319213,839.3,-0.03897150754928589,0.05912895750746092,0.5689307272434234,0.031664409109305354
0.5897766947746277,1.302227810436155,0.2,0.4524314325708198,903.8,0.014634478092193603,0.033105489440887155,0.5419189095497131,0.0252768289211542
0.008337642066180706,1.3183092257418352,705.9,108.64607550429899,198.10000000000002,0.31191709637641907,0.1094763794921116,0.2113840401172638,0.10855729336128
0.023246335725371655,1.3183092257418352,705.6,108.85351503739099,198.39999999999998,0.31263375878334043,0.10882475735398707,0.20977587699890138,0.10810207746991692
0.038155029384562604,1.3183092257418352,705.6,108.85351503739099,198.39999999999998,0.31263375878334043,0.10882475735398707,0.20977587699890138,0.10810207746991692
0.05306372304375355,1.3183092257418352,705.6,108.85351503739099,198.39999999999998,0.31263375878334043,0.10882475735398707,0.20977587699890138,0.10810207746991692
0.0679724167029445,1.3183092257418352,705.6,108.85351503739099,198.39999999999998,0.31263375878334043,0.10882475735398707,0.20977587699890138,0.10810207746991692
0.08288111036213545,1.3183092257418352,704.0,109.78495216726002,200.0,0.31031244397163393,0.1105371936505752,0.21309319734573365,0.1099920711140699
0.09778980402132639,1.3183092257418352,689.6,113.88597773846799,214.39999999999998,0.30200774073600767,0.11656800635530994,0.2572089672088623,0.10303712577637861
0.11269849768051735,1.3183092257418352,669.2,113.28005317378089,234.79999999999995,0.29403992295265197,0.12321362202964567,0.24431732296943665,0.1572506334414894
0.1276071913397083,1.3183092257418352,654.3,109.73887377433464,249.70000000000005,0.2875659763813019,0.12819686332237532,0.26029805541038514,0.1350728635200837
0.14251588499889925,1.3183092257418352,646.8,108.13111238442593,257.20000000000005,0.27821909785270693,0.1306471238927353,0.2822507083415985,0.12448239185487915
0.1574245786580902,1.3183092257418352,633.3,108.98185882203703,270.70000000000005,0.2716444909572601,0.13493465292801818,0.30175763964653013,0.1253327370414302
0.17233327231728116,1.3183092257418352,625.8,106.898355810404,278.20000000000005,0.2692484140396118,0.13612410346926018,0.3112508416175842,0.125289143514895
0.18724196597647208,1.3183092257418352,618.5,104.65000271753598,285.5,0.26487553119659424,0.13748913377560434,0.3191754758358002,0.11658097237155556
0.20215065963566303,1.3183092257418352,613.6,101.71168896120304,290.4,0.25948556661605837,0.13415677634056086,0.3572951078414917,0.0650742029153083
0.21705935329485398,1.3183092257418352,603.4,97.20212031729494,300.6,0.25054453015327455,0.12565273458387663,0.40691432952880857,0.05402307186409666
0.23196804695404494,1.3183092257418352,584.5,83.42508608809273,319.5,0.21670629382133483,0.09938639367004183,0.4218916594982147,0.05055000286680181
0.2468767406132359,1.3183092257418352,561.8,64.65162677192548,342.20000000000005,0.17534261345863342,0.07273442450675625,0.4049985945224762,0.04055922961490649
0.26178543427242684,1.3183092257418352,548.3,55.75711367926532,355.70000000000005,0.14974831342697142,0.054164340533566294,0.40328179597854613,0.03323696539593102
0.2766941279316178,1.3183092257418352,543.8,53.371570181082554,360.20000000000005,0.14370197653770447,0.047759090256305446,0.39475221037864683,0.034774950514961545
0.29160282159080875,1.3183092257418352,539.2,52.03486006307028,364.79999999999995,0.13314655423164368,0.03782113565162934,0.3943267583847046,0.0328435041957077
0.3065115152499997,1.3183092257418352,533.5,50.81356452376067,370.5,0.12863821387290955,0.03334946251737623,0.40366837978363035,0.028000928742902616
0.32142020890919065,1.3183092257418352,530.2,50.30021174668796,373.79999999999995,0.12525128126144408,0.03342951555199703,0.4023646354675293,0.027774270045482226
0.3363289025683816,1.3183092257418352,527.3,51.30444108553262,376.70000000000005,0.12198718786239623,0.03465426273521921,0.4070476531982422,0.027765251519742438
0.35123759622757256,1.3183092257418352,524.4,51.66684202816793,379.6,0.11839060187339782,0.03403216804140697,0.40778746604919436,0.029293203374412696
0.36614628988676345,1.3183092257418352,519.3,52.822486556471674,384.70000000000005,0.11487796306610107,0.03499672988749074,0.41386765241622925,0.03180458794042499
0.3810549835459544,1.3183092257418352,514.6,53.888321040028885,389.4,0.11158870458602906,0.035236618000412,0.4201119065284729,0.032135410828571125
0.39596367720514536,1.3183092257418352,509.9,54.94289804809868,394.1,0.11023223996162415,0.03466629733958175,0.4236948609352112,0.03650163992929462
0.4108723708643363,1.3183092257418352,503.9,54.91805522692931,400.1,0.10890664458274842,0.033159349231942914,0.4303789258003235,0.03289627242728458
0.42578106452352726,1.3183092257418352,498.9,55.76567909967575,405.1,0.10780754089355468,0.03522255485693729,0.4301211714744568,0.0323956913164929
0.4406897581827182,1.3183092257418352,491.6,58.00932418298961,412.4,0.10273494720458984,0.03261594800524747,0.43137176632881163,0.03618876500308982
0.45559845184190917,1.3183092257418352,468.7,78.64737484207036,435.3,0.08972601890563965,0.038135359347099884,0.45560272932052615,0.04906399662242427
0.4705071455011001,1.3183092257418352,428.9,112.81110112393377,475.1,0.05887856483459473,0.07047018293453237,0.481277996301651,0.059331990326306754
0.4854158391602911,1.3183092257418352,374.6,130.09543270694812,529.4,0.058952498435974124,0.04064004486836611,0.5120018601417542,0.06541016628039124
0.5003245328194821,1.3183092257418352,275.0,174.05678741537878,629.0,0.019367486238479614,0.06013865217711248,0.5203731775283813,0.06514371010079664
0.515233226478673,1.3183092257418352,210.1,181.8953328152501,693.9,0.023905712366104125,0.04652046675391448,0.5191820085048675,0.06197951210402287
0.5301419201378639,1.3183092257418352,159.0,183.2685508190279,745.0,0.02671005129814148,0.032159789847330617,0.5156731486320496,0.0509613902456369
0.5450506137970549,1.3183092257418352,143.0,165.41166523396078,761.0,0.01672844886779785,0.0234558684862714,0.5480346083641052,0.031073634773286073
0.5599593074562458,1.3183092257418352,107.4,125.69453935525307,796.6,-0.0004220664501190186,0.02085893968584533,0.5680782556533813,0.02536684823584737
0.5748680011154368,1.3183092257418352,64.7,79.59025630319213,839.3,-0.03897150754928589,0.05912895750746092,0.5689307272434234,0.031664409109305354
0.5897766947746277,1.3183092257418352,0.2,0.4524314325708198,903.8,0.014634478092193603,0.033105489440887155,0.5419189095497131,0.0252768289211542
0.008337642066180706,1.334390641047515,723.0,114.0749432736863,181.0,0.3350176215171814,0.12116954263306545,0.18805475831031798,0.11783241454208145
0.023246335725371655,1.334390641047515,722.7,114.29357379193328,181.29999999999995,0.33574262261390686,0.12051488639314092,0.186444228887558,0.11722829171321043
0.038155029384562604,1.334390641047515,722.7,114.29357379193328,181.29999999999995,0.33574262261390686,0.12051488639314092,0.186444228887558,0.11722829171321043
0.05306372304375355,1.334390641047515,722.7,114.29357379193328,181.29999999999995,0.33574262261390686,0.12051488639314092,0.186444228887558,0.11722829171321043
0.0679724167029445,1.334390641047515,722.7,114.29357379193328,181.29999999999995,0.33574262261390686,0.12051488639314092,0.186444228887558,0.11722829171321043
0.08288111036213545,1.334390641047515,721.1,115.31157376463709,182.89999999999998,0.3334421396255493,0.12228986556156521,0.18969449400901794,0.11940410526197993
0.09778980402132639,1.334390641047515,706.7,120.00385432490154,197.29999999999995,0.32561248540878296,0.12821652621245583,0.23558695316314698,0.11856268734922971
0.11269849768051735,1.334390641047515,686.3,120.47012902573617,217.70000000000005,0.31899049282073977,0.13438918463428304,0.22360562682151794,0.16726070981488142
0.1276071913397083,1.334390641047515,671.4,116.49862915893495,232.60000000000002,0.31452539563179016,0.13983124388907256,0.22139549255371094,0.15287348368965017
0.14251588499889925,1.334390641047515,663.7,114.39103957155201,240.29999999999995,0.3068744719028473,0.14275625057035893,0.2649793267250061,0.11752957857472232
0.1574245786580902,1.334390641047515,649.9,115.16799388235816,254.10000000000002,0.3010712802410126,0.14747196608211585,0.27667561173439026,0.12178562375577527
0.17233327231728116,1.334390641047515,642.4,111.06769330817146,261.6,0.3004968762397766,0.14958772370751483,0.2857589304447174,0.1153593719053413
0.18724196597647208,1.334390641047515,633.7,109.637790985279,270.29999999999995,0.29649866223335264,0.1516818845835557,0.29645987749099734,0.10565066472653487
0.20215065963566303,1.334390641047515,626.1,108.77892419330169,277.9,0.2847514092922211,0.15196480925962677,0.331078028678894,0.056181381978799176
0.21705935329485398,1.334390641047515,615.9,104.7918244509143,288.1,0.27580803632736206,0.14568137918280988,0.3786276340484619,0.06071262548039041
0.23196804695404494,1.334390641047515,597.0,93.0697387975952,307.0,0.24270544052124024,0.12777309813726997,0.39439243674278257,0.060229068732493965
0.2468767406132359,1.334390641047515,573.7,77.13115586577025,330.29999999999995,0.20124373435974122,0.11244419907673725,0.3896564424037933,0.03427390588186739
0.26178543427242684,1.334390641047515,558.3,66.34636963153359,345.70000000000005,0.17482799291610718,0.10114229952951662,0.39717637896537783,0.026857351617387934
0.2766941279316178,1.334390641047515,547.6,56.06844743608377,356.4,0.15755501985549927,0.07126577456450461,0.3959437727928162,0.035883201813935735
0.29160282159080875,1.334390641047515,539.2,52.03486006307028,364.79999999999995,0.13314655423164368,0.03782113565162934,0.3943267583847046,0.0328435041957077
0.3065115152499997,1.334390641047515,533.5,50.81356452376067,370.5,0.12863821387290955,0.03334946251737623,0.40366837978363035,0.028000928742902616
0.32142020890919065,1.334390641047515,530.2,50.30021174668796,373.79999999999995,0.12525128126144408,0.03342951555199703,0.4023646354675293,0.027774270045482226
0.3363289025683816,1.334390641047515,527.3,51.30444108553262,376.70000000000005,0.12198718786239623,0.03465426273521921,0.4070476531982422,0.027765251519742438
0.35123759622757256,1.334390641047515,524.4,51.66684202816793,379.6,0.11839060187339782,0.03403216804140697,0.40778746604919436,0.029293203374412696
0.36614628988676345,1.334390641047515,519.3,52.822486556471674,384.70000000000005,0.11487796306610107,0.03499672988749074,0.41386765241622925,0.03180458794042499
0.3810549835459544,1.334390641047515,514.6,53.888321040028885,389.4,0.11158870458602906,0.035236618000412,0.4201119065284729,0.032135410828571125
0.39596367720514536,1.334390641047515,509.9,54.94289804809868,394.1,0.11023223996162415,0.03466629733958175,0.4236948609352112,0.03650163992929462
0.4108723708643363,1.334390641047515,503.9,54.91805522692931,400.1,0.10890664458274842,0.033159349231942914,0.4303789258003235,0.03289627242728458
0.42578106452352726,1.334390641047515,498.9,55.76567909967575,405.1,0.10780754089355468,0.03522255485693729,0.4301211714744568,0.0323956913164929
0.4406897581827182,1.334390641047515,491.6,58.00932418298961,412.4,0.10273494720458984,0.03261594800524747,0.43137176632881163,0.03618876500308982
0.45559845184190917,1.334390641047515,468.7,78.64737484207036,435.3,0.08972601890563965,0.038135359347099884,0.45560272932052615,0.04906399662242427
0.4705071455011001,1.334390641047515,428.9,112.81110112393377,475.1,0.05887856483459473,0.07047018293453237,0.481277996301651,0.059331990326306754
0.4854158391602911,1.334390641047515,374.6,130.09543270694812,529.4,0.058952498435974124,0.04064004486836611,0.5120018601417542,0.06541016628039124
0.5003245328194821,1.334390641047515,275.0,174.05678741537878,629.0,0.019367486238479614,0.06013865217711248,0.5203731775283813,0.06514371010079664
0.515233226478673,1.334390641047515,210.1,181.8953328152501,693.9,0.023905712366104125,0.04652046675391448,0.5191820085048675,0.06197951210402287
0.5301419201378639,1.334390641047515,159.0,183.2685508190279,745.0,0.02671005129814148,0.032159789847330617,0.5156731486320496,0.0509613902456369
0.5450506137970549,1.334390641047515,143.0,165.41166523396078,761.0,0.01672844886779785,0.0234558684862714,0.5480346083641052,0.031073634773286073
0.5599593074562458,1.334390641047515,107.4,125.69453935525307,796.6,-0.0004220664501190186,0.02085893968584533,0.5680782556533813,0.02536684823584737
0.5748680011154368,1.334390641047515,64.7,79.59025630319213,839.3,-0.03897150754928589,0.05912895750746092,0.5689307272434234,0.031664409109305354
0.5897766947746277,1.334390641047515,0.2,0.4524314325708198,903.8,0.014634478092193603,0.033105489440887155,0.5419189095497131,0.0252768289211542
0.008337642066180706,1.350472056353195,727.7,111.35699525992237,176.29999999999995,0.3327765345573425,0.11961239431007732,0.18559945821762086,0.11609515012324807
0.023246335725371655,1.350472056353195,727.4,111.56520426833589,176.60000000000002,0.33350488543510437,0.11902567599058264,0.18388596177101135,0.11545023341244004
0.038155029384562604,1.350472056353195,727.4,111.56520426833589,176.60000000000002,0.33350488543510437,0.11902567599058264,0.18388596177101135,0.11545023341244004
0.05306372304375355,1.350472056353195,727.4,111.56520426833589,176.60000000000002,0.33350488543510437,0.11902567599058264,0.18388596177101135,0.11545023341244004
0.0679724167029445,1.350472056353195,727.4,111.56520426833589,176.60000000000002,0.33350488543510437,0.11902567599058264,0.18388596177101135,0.11545023341244004
0.08288111036213545,1.350472056353195,725.8,112.62766366309128,178.20000000000005,0.33126221895217894,0.12070188600206185,0.18724166750907897,0.1177195568049795
0.09778980402132639,1.350472056353195,711.4,117.43392164604862,192.60000000000002,0.3241812586784363,0.12566956558113995,0.23427594900131227,0.11758756178550984
0.11269849768051735,1.350472056353195,691.0,117.81377824297371,213.0,0.3173279523849487,0.13200936112739214,0.2234604239463806,0.16709263640772465
0.1276071913397083,1.350472056353195,676.1,113.71722531338763,227.89999999999998,0.31296555399894715,0.1376400777756572,0.22192566990852355,0.15309826102584523
0.14251588499889925,1.350472056353195,668.4,111.61361076722534,235.60000000000002,0.30502787232398987,0.14121347567333015,0.2649010717868805,0.1174702781689703
0.1574245786580902,1.350472056353195,654.4,112.36301595037273,249.60000000000002,0.2981996417045593,0.14684637641043174,0.27785974740982056,0.12243310181830716
0.17233327231728116,1.350472056353195,645.1,109.54097519471698,258.9,0.2936702609062195,0.15187510764916232,0.286809104681015,0.11578327521313052
0.18724196597647208,1.350472056353195,636.4,108.02189315577411,267.6,0.2896739780902863,0.15406121491900798,0.298197877407074,0.10659480039576608
0.20215065963566303,1.350472056353195,628.8,106.9770484125665,275.20000000000005,0.27744001150131226,0.15590761234797632,0.33292534947395325,0.05736993363299586
0.21705935329485398,1.350472056353195,618.0,103.36735395420882,286.0,0.26716759204864504,0.15055893299757755,0.3811619460582733,0.06127460432031985
0.23196804695404494,1.350472056353195,597.0,93.0697387975952,307.0,0.24270544052124024,0.12777309813726997,0.39439243674278257,0.060229068732493965
0.2468767406132359,1.350472056353195,573.7,77.13115586577025,330.29999999999995,0.20124373435974122,0.11244419907673725,0.3896564424037933,0.03427390588186739
0.26178543427242684,1.350472056353195,558.3,66.34636963153359,345.70000000000005,0.17482799291610718,0.10114229952951662,0.39717637896537783,0.026857351617387934
0.2766941279316178,1.350472056353195,547.6,56.06844743608377,356.4,0.15755501985549927,0.07126577456450461,0.3959437727928162,0.035883201813935735
0.29160282159080875,1.350472056353195,539.2,52.03486006307028,364.79999999999995,0.13314655423164368,0.03782113565162934,0.3943267583847046,0.0328435041957077
0.3065115152499997,1.350472056353195,533.5,50.81356452376067,370.5,0.12863821387290955,0.03334946251737623,0.40366837978363035,0.028000928742902616
0.32142020890919065,1.350472056353195,530.2,50.30021174668796,373.79999999999995,0.12525128126144408,0.03342951555199703,0.4023646354675293,0.027774270045482226
0.3363289025683816,1.350472056353195,527.3,51.30444108553262,376.70000000000005,0.12198718786239623,0.03465426273521921,0.4070476531982422,0.027765251519742438
0.35123759622757256,1.350472056353195,524.4,51.66684202816793,379.6,0.11839060187339782,0.03403216804140697,0.40778746604919436,0.029293203374412696
0.36614628988676345,1.350472056353195,519.3,52.822486556471674,384.70000000000005,0.11487796306610107,0.03499672988749074,0.41386765241622925,0.03180458794042499
0.3810549835459544,1.350472056353195,514.6,53.888321040028885,389.4,0.11158870458602906,0.035236618000412,0.4201119065284729,0.032135410828571125
0.39596367720514536,1.350472056353195,509.9,54.94289804809868,394.1,0.11023223996162415,0.03466629733958175,0.4236948609352112,0.03650163992929462
0.4108723708643363,1.350472056353195,503.9,54.91805522692931,400.1,0.10890664458274842,0.033159349231942914,0.4303789258003235,0.03289627242728458
0.42578106452352726,1.350472056353195,498.9,55.76567909967575,405.1,0.10780754089355468,0.03522255485693729,0.4301211714744568,0.0323956913164929
0.4406897581827182,1.350472056353195,491.6,58.00932418298961,412.4,0.10273494720458984,0.03261594800524747,0.43137176632881163,0.03618876500308982
0.45559845184190917,1.350472056353195,468.7,78.64737484207036,435.3,0.08972601890563965,0.038135359347099884,0.45560272932052615,0.04906399662242427
0.4705071455011001,1.350472056353195,428.9,112.81110112393377,475.1,0.05887856483459473,0.07047018293453237,0.481277996301651,0.059331990326306754
0.4854158391602911,1.350472056353195,374.6,130.09543270694812,529.4,0.058952498435974124,0.04064004486836611,0.5120018601417542,0.06541016628039124
0.5003245328194821,1.350472056353195,275.0,174.05678741537878,629.0,0.019367486238479614,0.06013865217711248,0.5203731775283813,0.06514371010079664
0.515233226478673,1.350472056353195,210.1,181.8953328152501,693.9,0.023905712366104125,0.04652046675391448,0.5191820085048675,0.06197951210402287
0.5301419201378639,1.350472056353195,159.0,183.2685508190279,745.0,0.02671005129814148,0.032159789847330617,0.5156731486320496,0.0509613902456369
0.5450506137970549,1.350472056353195,143.0,165.41166523396078,761.0,0.01672844886779785,0.0234558684862714,0.5480346083641052,0.031073634773286073
0.5599593074562458,1.350472056353195,107.4,125.69453935525307,796.6,-0.0004220664501190186,0.02085893968584533,0.5680782556533813,0.02536684823584737
0.5748680011154368,1.350472056353195,64.7,79.59025630319213,839.3,-0.03897150754928589,0.05912895750746092,0.5689307272434234,0.031664409109305354
0.5897766947746277,1.350472056353195,0.2,0.4524314325708198,903.8,0.014634478092193603,0.033105489440887155,0.5419189095497131,0.0252768289211542
0.008337642066180706,1.366553471658875,733.4,108.59097935679071,170.60000000000002,0.3388235569000244,0.11748457031886995,0.17995769381523133,0.11230018174814996
0.023246335725371655,1.366553471658875,733.1,108.81341738358954,170.89999999999998,0.33955190777778627,0.11686574497279238,0.17824419736862182,0.1115840936460579
0.038155029384562604,1.366553471658875,733.1,108.81341738358954,170.89999999999998,0.33955190777778627,0.11686574497279238,0.17824419736862182,0.1115840936460579
0.05306372304375355,1.366553471658875,733.1,108.81341738358954,170.89999999999998,0.33955190777778627,0.11686574497279238,0.17824419736862182,0.1115840936460579
0.0679724167029445,1.366553471658875,733.1,108.81341738358954,170.89999999999998,0.33955190777778627,0.11686574497279238,0.17824419736862182,0.1115840936460579
0.08288111036213545,1.366553471658875,731.5,109.90982863818623,172.5,0.3373379111289978,0.1186262681651094,0.18214576244354247,0.11406865207072787
0.09778980402132639,1.366553471658875,717.1,114.90603006169869,186.89999999999998,0.33068483471870425,0.12354621957412566,0.23113229870796204,0.11511779254325204
0.11269849768051735,1.366553471658875,696.7,115.08284693721325,207.29999999999995,0.32551363706588743,0.12908793186495257,0.22218921780586243,0.16619725398009744
0.1276071913397083,1.366553471658875,681.8,110.97888818187243,222.20000000000005,0.32194095849990845,0.13443612921678896,0.2210804283618927,0.1525195980617331
0.14251588499889925,1.366553471658875,674.1,108.85573499705143,229.89999999999998,0.31536697745323183,0.1370723873131143,0.26356443762779236,0.11685240812474483
0.1574245786580902,1.366553471658875,660.1,109.4121699558476,243.89999999999998,0.3099417150020599,0.14194691993713227,0.2780544340610504,0.12270656538110399
0.17233327231728116,1.366553471658875,650.5,106.90178652633432,253.5,0.30479736328125,0.14758185723518052,0.2870396912097931,0.11601722795959075
0.18724196597647208,1.366553471658875,640.9,105.47759081710738,263.1,0.30134233832359314,0.1491153078646327,0.29894921779632566,0.10703437995584862
0.20215065963566303,1.366553471658875,633.3,104.17666971741515,270.70000000000005,0.291665381193161,0.14870998055713736,0.3337605118751526,0.057984933352814676
0.21705935329485398,1.366553471658875,622.5,100.43584352115612,281.5,0.28211832642555235,0.14275798489367508,0.38229494690895083,0.0617264083719729
0.23196804695404494,1.366553471658875,601.5,89.93556621438212,302.5,0.25677847266197207,0.12407137606482094,0.39544991254806516,0.06029853282357907
0.2468767406132359,1.366553471658875,578.0,74.04932662461057,326.0,0.21420904994010925,0.11172343864015148,0.3907087743282318,0.03455321750016466
0.26178543427242684,1.366553471658875,560.6,64.75655096540038,343.4,0.18376181721687318,0.1020248376994375,0.39781864881515505,0.026910038303312175
0.2766941279316178,1.366553471658875,549.1,54.980141232515294,354.9,0.16260279417037965,0.07256570101714271,0.3961418032646179,0.03591741796697854
0.29160282159080875,1.366553471658875,539.2,52.03486006307028,364.79999999999995,0.13314655423164368,0.03782113565162934,0.3943267583847046,0.0328435041957077
0.3065115152499997,1.366553471658875,533.5,50.81356452376067,370.5,0.12863821387290955,0.03334946251737623,0.40366837978363035,0.028000928742902616
0.32142020890919065,1.366553471658875,530.2,50.30021174668796,373.79999999999995,0.12525128126144408,0.03342951555199703,0.4023646354675293,0.027774270045482226
0.3363289025683816,1.366553471658875,527.3,51.30444108553262,376.70000000000005,0.12198718786239623,0.03465426273521921,0.4070476531982422,0.027765251519742438
0.35123759622757256,1.366553471658875,524.4,51.66684202816793,379.6,0.11839060187339782,0.03403216804140697,0.40778746604919436,0.029293203374412696
0.36614628988676345,1.366553471658875,519.3,52.822486556471674,384.70000000000005,0.11487796306610107,0.03499672988749074,0.41386765241622925,0.03180458794042499
0.3810549835459544,1.366553471658875,514.6,53.888321040028885,389.4,0.11158870458602906,0.035236618000412,0.4201119065284729,0.032135410828571125
0.39596367720514536,1.366553471658875,509.9,54.94289804809868,394.1,0.11023223996162415,0.03466629733958175,0.4236948609352112,0.03650163992929462
0.4108723708643363,1.366553471658875,503.9,54.91805522692931,400.1,0.10890664458274842,0.033159349231942914,0.4303789258003235,0.03289627242728458
0.42578106452352726,1.366553471658875,498.9,55.76567909967575,405.1,0.10780754089355468,0.03522255485693729,0.4301211714744568,0.0323956913164929
0.4406897581827182,1.366553471658875,491.6,58.00932418298961,412.4,0.10273494720458984,0.03261594800524747,0.43137176632881163,0.03618876500308982
0.45559845184190917,1.366553471658875,468.7,78.64737484207036,435.3,0.08972601890563965,0.038135359347099884,0.45560272932052615,0.04906399662242427
0.4705071455011001,1.366553471658875,428.9,112.81110112393377,475.1,0.05887856483459473,0.07047018293453237,0.481277996301651,0.059331990326306754
0.4854158391602911,1.366553471658875,374.6,130.09543270694812,529.4,0.058952498435974124,0.04064004486836611,0.5120018601417542,0.06541016628039124
0.5003245328194821,1.366553471658875,275.0,174.05678741537878,629.0,0.019367486238479614,0.06013865217711248,0.5203731775283813,0.06514371010079664
0.515233226478673,1.366553471658875,210.1,181.8953328152501,693.9,0.023905712366104125,0.04652046675391448,0.5191820085048675,0.06197951210402287
0.5301419201378639,1.366553471658875,159.0,183.2685508190279,745.0,0.02671005129814148,0.032159789847330617,0.5156731486320496,0.0509613902456369
0.5450506137970549,1.366553471658875,143.0,165.41166523396078,761.0,0.01672844886779785,0.0234558684862714,0.5480346083641052,0.031073634773286073
0.5599593074562458,1.366553471658875,107.4,125.69453935525307,796.6,-0.0004220664501190186,0.02085893968584533,0.5680782556533813,0.02536684823584737
0.5748680011154368,1.366553471658875,64.7,79.59025630319213,839.3,-0.03897150754928589,0.05912895750746092,0.5689307272434234,0.031664409109305354
0.5897766947746277,1.366553471658875,0.2,0.4524314325708198,903.8,0.014634478092193603,0.033105489440887155,0.5419189095497131,0.0252768289211542
0.008337642066180706,1.382634886964555,763.4,104.56844424936274,140.60000000000002,0.37512041330337526,0.11676490982857843,0.155531644821167,0.09840509180005112
0.023246335725371655,1.382634886964555,763.1,104.84823912598299,140.89999999999998,0.3758487641811371,0.11601275160019092,0.15381814837455748,0.09734292647513584
0.038155029384562604,1.382634886964555,763.1,104.84823912598299,140.89999999999998,0.3758487641811371,0.11601275160019092,0.15381814837455748,0.09734292647513584
0.05306372304375355,1.382634886964555,763.1,104.84823912598299,140.89999999999998,0.3758487641811371,0.11601275160019092,0.15381814837455748,0.09734292647513584
0.0679724167029445,1.382634886964555,763.1,104.84823912598299,140.89999999999998,0.3758487641811371,0.11601275160019092,0.15381814837455748,0.09734292647513584
0.08288111036213545,1.382634886964555,761.5,106.03126893258955,142.5,0.37404960989952085,0.11748697301390906,0.16011422872543335,0.10038694268395272
0.09778980402132639,1.382634886964555,747.1,112.13570328811433,156.89999999999998,0.3690806269645691,0.12189034947941825,0.21811313629150392,0.10946805276045399
0.11269849768051735,1.382634886964555,726.7,110.87291021119283,177.29999999999995,0.36831281781196595,0.12771092092343694,0.2368323802947998,0.17709050026629117
0.1276071913397083,1.382634886964555,711.8,106.88558938861695,192.20000000000005,0.3677870988845825,0.13118951732730671,0.23525461554527283,0.16465825501945935
0.14251588499889925,1.382634886964555,704.1,104.84552757660215,199.89999999999998,0.36429619789123535,0.13405789511982896,0.27196511030197146,0.12268195414234515
0.1574245786580902,1.382634886964555,690.1,104.40314835426794,213.89999999999998,0.3625847935676575,0.13770459500071483,0.28934636116027834,0.1336853347327777
0.17233327231728116,1.382634886964555,680.5,102.81871370326336,223.5,0.3586781620979309,0.14341816299870516,0.2990541815757751,0.12688418090047762
0.18724196597647208,1.382634886964555,670.9,100.78860086346418,233.10000000000002,0.35753422379493716,0.14477301814047808,0.3117837727069855,0.11940447185881607
0.20215065963566303,1.382634886964555,662.1,99.28865806972863,241.89999999999998,0.35183340311050415,0.14450735339344079,0.3455906629562378,0.07232046325087071
0.21705935329485398,1.382634886964555,650.9,95.81596847805707,253.10000000000002,0.34185189604759214,0.14130145108438277,0.3946903467178345,0.07222751689298157
0.23196804695404494,1.382634886964555,629.7,85.5562406845832,274.29999999999995,0.31230294704437256,0.13639995553559758,0.40163399577140807,0.0646307165789443
0.2468767406132359,1.382634886964555,606.0,72.28841897617615,298.0,0.2700621008872986,0.1354756493668102,0.396727579832077,0.041770330155437
0.26178543427242684,1.382634886964555,587.9,64.04959330987522,316.1,0.24097376465797424,0.13612029800533626,0.4018077850341797,0.03481153755882172
0.2766941279316178,1.382634886964555,573.3,57.51205559694911,330.70000000000005,0.2166396915912628,0.12157776227726565,0.39763781428337097,0.03793466955936646
0.29160282159080875,1.382634886964555,560.9,54.791596726397835,343.1,0.18801711797714232,0.11327216153890134,0.39472815990447996,0.03296411814375551
0.3065115152499997,1.382634886964555,549.4,47.7181128493679,354.6,0.1780872166156769,0.10113560118524097,0.4072514891624451,0.030867146873816188
0.32142020890919065,1.382634886964555,530.2,50.30021174668796,373.79999999999995,0.12525128126144408,0.03342951555199703,0.4023646354675293,0.027774270045482226
0.3363289025683816,1.382634886964555,527.3,51.30444108553262,376.70000000000005,0.12198718786239623,0.03465426273521921,0.4070476531982422,0.027765251519742438
0.35123759622757256,1.382634886964555,524.4,51.66684202816793,379.6,0.11839060187339782,0.03403216804140697,0.40778746604919436,0.029293203374412696
0.36614628988676345,1.382634886964555,519.3,52.822486556471674,384.70000000000005,0.11487796306610107,0.03499672988749074,0.41386765241622925,0.03180458794042499
0.3810549835459544,1.382634886964555,514.6,53.888321040028885,389.4,0.11158870458602906,0.035236618000412,0.4201119065284729,0.032135410828571125
0.39596367720514536,1.382634886964555,509.9,54.94289804809868,394.1,0.11023223996162415,0.03466629733958175,0.4236948609352112,0.03650163992929462
0.4108723708643363,1.382634886964555,503.9,54.91805522692931,400.1,0.10890664458274842,0.033159349231942914,0.4303789258003235,0.03289627242728458
0.42578106452352726,1.382634886964555,498.9,55.76567909967575,405.1,0.10780754089355468,0.03522255485693729,0.4301211714744568,0.0323956913164929
0.4406897581827182,1.382634886964555,491.6,58.00932418298961,412.4,0.10273494720458984,0.03261594800524747,0.43137176632881163,0.03618876500308982
0.45559845184190917,1.382634886964555,468.7,78.64737484207036,435.3,0.08972601890563965,0.038135359347099884,0.45560272932052615,0.04906399662242427
0.4705071455011001,1.382634886964555,428.9,112.81110112393377,475.1,0.05887856483459473,0.07047018293453237,0.481277996301651,0.059331990326306754
0.4854158391602911,1.382634886964555,374.6,130.09543270694812,529.4,0.058952498435974124,0.04064004486836611,0.5120018601417542,0.06541016628039124
0.5003245328194821,1.382634886964555,275.0,174.05678741537878,629.0,0.019367486238479614,0.06013865217711248,0.5203731775283813,0.06514371010079664
0.515233226478673,1.382634886964555,210.1,181.8953328152501,693.9,0.023905712366104125,0.04652046675391448,0.5191820085048675,0.06197951210402287
0.5301419201378639,1.382634886964555,159.0,183.2685508190279,745.0,0.02671005129814148,0.032159789847330617,0.5156731486320496,0.0509613902456369
0.5450506137970549,1.382634886964555,143.0,165.41166523396078,761.0,0.01672844886779785,0.0234558684862714,0.5480346083641052,0.031073634773286073
0.5599593074562458,1.382634886964555,107.4,125.69453935525307,796.6,-0.0004220664501190186,0.02085893968584533,0.5680782556533813,0.02536684823584737
0.5748680011154368,1.382634886964555,64.7,79.59025630319213,839.3,-0.03897150754928589,0.05912895750746092,0.5689307272434234,0.031664409109305354
0.5897766947746277,1.382634886964555,0.2,0.4524314325708198,903.8,0.014634478092193603,0.033105489440887155,0.5419189095497131,0.0252768289211542
0.008337642066180706,1.398716302270235,813.6,105.86917005109393,90.39999999999998,0.44221546649932864,0.11962037267875747,0.08307035565376282,0.09582866372462262
0.023246335725371655,1.398716302270235,813.3,106.20690693109219,90.70000000000005,0.44296786189079285,0.11870640704385221,0.08134825229644775,0.09408946843703173
0.038155029384562604,1.398716302270235,813.3,106.20690693109219,90.70000000000005,0.44296786189079285,0.11870640704385221,0.08134825229644775,0.09408946843703173
0.05306372304375355,1.398716302270235,813.3,106.20690693109219,90.70000000000005,0.44296786189079285,0.11870640704385221,0.08134825229644775,0.09408946843703173
0.0679724167029445,1.398716302270235,813.3,106.20690693109219,90.70000000000005,0.44296786189079285,0.11870640704385221,0.08134825229644775,0.09408946843703173
0.08288111036213545,1.398716302270235,811.7,106.77075603628933,92.29999999999995,0.44217734336853026,0.11974959834925782,0.107224041223526,0.09999754566656552
0.09778980402132639,1.398716302270235,797.3,110.68864936146012,106.70000000000005,0.4405803859233856,0.12337990382000547,0.11399587392807006,0.1290697164299581
0.11269849768051735,1.398716302270235,776.9,109.95803309506977,127.10000000000002,0.4420992314815521,0.12853955156584423,0.12970815300941468,0.15877511240377848
0.1276071913397083,1.398716302270235,762.0,107.44704121307673,142.0,0.44491695761680605,0.12908117996772017,0.1266690731048584,0.14523295052769203
0.14251588499889925,1.398716302270235,754.3,106.50789115008406,149.70000000000005,0.44234445691108704,0.1328236263980175,0.17109097242355348,0.13146006056737056
0.1574245786580902,1.398716302270235,740.3,103.96960619413424,163.70000000000005,0.4435819208621979,0.13586284926930325,0.19065372347831727,0.13044333234673022
0.17233327231728116,1.398716302270235,730.7,103.29694824805304,173.29999999999995,0.4413274884223938,0.14112472503102524,0.20141939520835878,0.12149641747532741
0.18724196597647208,1.398716302270235,721.1,100.44444829166075,182.89999999999998,0.4407087802886963,0.14405170169745518,0.2131557583808899,0.10843752587189646
0.20215065963566303,1.398716302270235,712.3,99.27697494219964,191.70000000000005,0.4364413917064667,0.14513709134662048,0.2510415256023407,0.08117066750636893
0.21705935329485398,1.398716302270235,700.9,95.81715531881198,203.10000000000002,0.4263225257396698,0.14524371829916452,0.305132657289505,0.09134301639138556
0.23196804695404494,1.398716302270235,678.6,92.15754222352156,225.39999999999998,0.3941416561603546,0.15299474505802976,0.3057219564914703,0.11579512794403082
0.2468767406132359,1.398716302270235,654.2,86.96143282929243,249.79999999999995,0.35143399238586426,0.16546043652294296,0.30308223962783815,0.09897452254332122
0.26178543427242684,1.398716302270235,636.0,82.71511322229337,268.0,0.3269928812980652,0.17192866372367924,0.31512936353683474,0.09426021153885612
0.2766941279316178,1.398716302270235,617.9,74.40128337877624,286.1,0.3051286518573761,0.16576317284788394,0.34453207850456236,0.08323129676107731
0.29160282159080875,1.398716302270235,596.5,62.561132304936656,307.5,0.2695728182792664,0.1551419750971319,0.38883091807365416,0.02660895522935402
0.3065115152499997,1.398716302270235,563.7,43.05110868046177,340.29999999999995,0.21080034971237183,0.13326945718256694,0.41101890802383423,0.03721796490503169
0.32142020890919065,1.398716302270235,530.2,50.30021174668796,373.79999999999995,0.12525128126144408,0.03342951555199703,0.4023646354675293,0.027774270045482226
0.3363289025683816,1.398716302270235,527.3,51.30444108553262,376.70000000000005,0.12198718786239623,0.03465426273521921,0.4070476531982422,0.027765251519742438
0.35123759622757256,1.398716302270235,524.4,51.66684202816793,379.6,0.11839060187339782,0.03403216804140697,0.40778746604919436,0.029293203374412696
0.36614628988676345,1.398716302270235,519.3,52.822486556471674,384.70000000000005,0.11487796306610107,0.03499672988749074,0.41386765241622925,0.03180458794042499
0.3810549835459544,1.398716302270235,514.6,53.888321040028885,389.4,0.11158870458602906,0.035236618000412,0.4201119065284729,0.032135410828571125
0.39596367720514536,1.398716302270235,509.9,54.94289804809868,394.1,0.11023223996162415,0.03466629733958175,0.4236948609352112,0.03650163992929462
0.4108723708643363,1.398716302270235,503.9,54.91805522692931,400.1,0.10890664458274842,0.033159349231942914,0.4303789258003235,0.03289627242728458
0.42578106452352726,1.398716302270235,498.9,55.76567909967575,405.1,0.10780754089355468,0.03522255485693729,0.4301211714744568,0.0323956913164929
0.4406897581827182,1.398716302270235,491.6,58.00932418298961,412.4,0.10273494720458984,0.03261594800524747,0.43137176632881163,0.03618876500308982
0.45559845184190917,1.398716302270235,468.7,78.64737484207036,435.3,0.08972601890563965,0.038135359347099884,0.45560272932052615,0.04906399662242427
0.4705071455011001,1.398716302270235,428.9,112.81110112393377,475.1,0.05887856483459473,0.07047018293453237,0.481277996301651,0.059331990326306754
0.4854158391602911,1.398716302270235,374.6,130.09543270694812,529.4,0.058952498435974124,0.04064004486836611,0.5120018601417542,0.06541016628039124
0.5003245328194821,1.398716302270235,275.0,174.05678741537878,629.0,0.019367486238479614,0.06013865217711248,0.5203731775283813,0.06514371010079664
0.515233226478673,1.398716302270235,210.1,181.8953328152501,693.9,0.023905712366104125,0.04652046675391448,0.5191820085048675,0.06197951210402287
0.5301419201378639,1.398716302270235,159.0,183.2685508190279,745.0,0.02671005129814148,0.032159789847330617,0.5156731486320496,0.0509613902456369
0.5450506137970549,1.398716302270235,143.0,165.41166523396078,761.0,0.01672844886779785,0.0234558684862714,0.5480346083641052,0.031073634773286073
0.5599593074562458,1.398716302270235,107.4,125.69453935525307,796.6,-0.0004220664501190186,0.02085893968584533,0.5680782556533813,0.02536684823584737
0.5748680011154368,1.398716302270235,64.7,79.59025630319213,839.3,-0.03897150754928589,0.05912895750746092,0.5689307272434234,0.031664409109305354
0.5897766947746277,1.398716302270235,0.2,0.4524314325708198,903.8,0.014634478092193603,0.033105489440887155,0.5419189095497131,0.0252768289211542
0.008337642066180706,1.414797717575915,868.4,78.08808665791861,35.60000000000002,0.5029044806957245,0.07682728943742174,0.030562907457351685,0.06344995076956925
0.023246335725371655,1.414797717575915,868.1,78.01104725342043,35.89999999999998,0.5034472405910492,0.07682726020322747,-0.08344432711601257,0.272950361549122
0.038155029384562604,1.414797717575915,868.1,78.01104725342043,35.89999999999998,0.5034472405910492,0.07682726020322747,-0.08344432711601257,0.272950361549122
0.05306372304375355,1.414797717575915,868.1,78.01104725342043,35.89999999999998,0.5034472405910492,0.07682726020322747,-0.08344432711601257,0.272950361549122
0.0679724167029445,1.414797717575915,868.1,78.01104725342043,35.89999999999998,0.5034472405910492,0.07682726020322747,-0.08344432711601257,0.272950361549122
0.08288111036213545,1.414797717575915,866.5,79.37722204771912,37.5,0.5027159094810486,0.07856020671711682,-0.05747407674789429,0.2837590215752137
0.09778980402132639,1.414797717575915,852.1,81.16451911065771,51.89999999999998,0.5051885187625885,0.07782073154047102,0.10310251116752625,0.1347187202301232
0.11269849768051735,1.414797717575915,831.7,82.11284280644212,72.29999999999995,0.5098502337932587,0.07864378902004049,0.12796112895011902,0.17142725213885684
0.1276071913397083,1.414797717575915,816.8,79.34680843257102,87.20000000000005,0.5126804769039154,0.0794918345952814,0.11421393752098083,0.15970989935773067
0.14251588499889925,1.414797717575915,809.1,78.73870491208152,94.89999999999998,0.5122657835483551,0.08180770840104373,0.1578989267349243,0.1461251724457396
0.1574245786580902,1.414797717575915,795.1,76.63372498678069,108.89999999999998,0.515105378627777,0.0829694106672882,0.17861198186874389,0.14533657832145672
0.17233327231728116,1.414797717575915,785.5,74.91748598993816,118.5,0.5166937947273255,0.08483903606284467,0.19286081790924073,0.13481760308625526
0.18724196597647208,1.414797717575915,775.9,73.72261099439164,128.10000000000002,0.5177210509777069,0.08635239293279598,0.20193318128585816,0.11966098932979478
0.20215065963566303,1.414797717575915,767.1,75.22967950963476,136.89999999999998,0.5137262761592865,0.08942457765627608,0.240572053194046,0.10025901709997971
0.21705935329485398,1.414797717575915,755.7,74.62532322878826,148.29999999999995,0.503859156370163,0.0936719891378156,0.29484018087387087,0.1122551162133997
0.23196804695404494,1.414797717575915,733.4,75.63427366428303,170.60000000000002,0.47474914193153384,0.11290935827992993,0.29693434834480287,0.13141110744334702
0.2468767406132359,1.414797717575915,708.7,78.2777930144644,195.29999999999995,0.43395172357559203,0.14212057707818798,0.28789050579071046,0.10797117136528497
0.26178543427242684,1.414797717575915,690.4,78.76956987637948,213.60000000000002,0.41004173159599305,0.1565591815900299,0.2996086597442627,0.1053677434543753
0.2766941279316178,1.414797717575915,671.5,75.19550904337824,232.5,0.3903111398220062,0.15404166261616514,0.3306864082813263,0.09573726665973754
0.29160282159080875,1.414797717575915,647.0,69.73904372724998,257.0,0.35436952114105225,0.15393609625862661,0.38481026887893677,0.03797883250875737
0.3065115152499997,1.414797717575915,610.5,62.40278975464084,293.5,0.2931455373764038,0.14903998481946262,0.4250324785709381,0.03781558575675999
0.32142020890919065,1.414797717575915,559.6,60.29892496327095,344.4,0.19340559840202332,0.09585619291895864,0.4180943012237549,0.03354267274399305
0.3363289025683816,1.414797717575915,527.3,51.30444108553262,376.70000000000005,0.12198718786239623,0.03465426273521921,0.4070476531982422,0.027765251519742438
0.35123759622757256,1.414797717575915,524.4,51.66684202816793,379.6,0.11839060187339782,0.03403216804140697,0.40778746604919436,0.029293203374412696
0.36614628988676345,1.414797717575915,519.3,52.822486556471674,384.70000000000005,0.11487796306610107,0.03499672988749074,0.41386765241622925,0.03180458794042499
0.3810549835459544,1.414797717575915,514.6,53.888321040028885,389.4,0.11158870458602906,0.035236618000412,0.4201119065284729,0.032135410828571125
0.39596367720514536,1.414797717575915,509.9,54.94289804809868,394.1,0.11023223996162415,0.03466629733958175,0.4236948609352112,0.03650163992929462
0.4108723708643363,1.414797717575915,503.9,54.91805522692931,400.1,0.10890664458274842,0.033159349231942914,0.4303789258003235,0.03289627242728458
0.42578106452352726,1.414797717575915,498.9,55.76567909967575,405.1,0.10780754089355468,0.03522255485693729,0.4301211714744568,0.0323956913164929
0.4406897581827182,1.414797717575915,491.6,58.00932418298961,412.4,0.10273494720458984,0.03261594800524747,0.43137176632881163,0.03618876500308982
0.45559845184190917,1.414797717575915,468.7,78.64737484207036,435.3,0.08972601890563965,0.038135359347099884,0.45560272932052615,0.04906399662242427
0.4705071455011001,1.414797717575915,428.9,112.81110112393377,475.1,0.05887856483459473,0.07047018293453237,0.481277996301651,0.059331990326306754
0.4854158391602911,1.414797717575915,374.6,130.09543270694812,529.4,0.058952498435974124,0.04064004486836611,0.5120018601417542,0.06541016628039124
0.5003245328194821,1.414797717575915,275.0,174.05678741537878,629.0,0.019367486238479614,0.06013865217711248,0.5203731775283813,0.06514371010079664
0.515233226478673,1.414797717575915,210.1,181.8953328152501,693.9,0.023905712366104125,0.04652046675391448,0.5191820085048675,0.06197951210402287
0.5301419201378639,1.414797717575915,159.0,183.2685508190279,745.0,0.02671005129814148,0.032159789847330617,0.5156731486320496,0.0509613902456369
0.5450506137970549,1.414797717575915,143.0,165.41166523396078,761.0,0.01672844886779785,0.0234558684862714,0.5480346083641052,0.031073634773286073
0.5599593074562458,1.414797717575915,107.4,125.69453935525307,796.6,-0.0004220664501190186,0.02085893968584533,0.5680782556533813,0.02536684823584737
0.5748680011154368,1.414797717575915,64.7,79.59025630319213,839.3,-0.03897150754928589,0.05912895750746092,0.5689307272434234,0.031664409109305354
0.5897766947746277,1.414797717575915,0.2,0.4524314325708198,903.8,0.014634478092193603,0.033105489440887155,0.5419189095497131,0.0252768289211542
0.008337642066180706,1.430879132881595,871.9,73.62150625153399,32.10000000000002,0.5067640721797944,0.07309269830397193,0.02663780450820923,0.060258900270952716
0.023246335725371655,1.430879132881595,871.6,73.54790580249255,32.39999999999998,0.5073068320751191,0.07307636986041079,-0.08736943006515503,0.2712899876002174
0.038155029384562604,1.430879132881595,871.6,73.54790580249255,32.39999999999998,0.5073068320751191,0.07307636986041079,-0.08736943006515503,0.2712899876002174
0.05306372304375355,1.430879132881595,871.6,73.54790580249255,32.39999999999998,0.5073068320751191,0.07307636986041079,-0.08736943006515503,0.2712899876002174
0.0679724167029445,1.430879132881595,871.6,73.54790580249255,32.39999999999998,0.5073068320751191,0.07307636986041079,-0.08736943006515503,0.2712899876002174
0.08288111036213545,1.430879132881595,870.0,74.92640325886644,34.0,0.5067054331302643,0.07452771415441996,-0.06097462773323059,0.2826014293568105
0.09778980402132639,1.430879132881595,855.6,76.76031086903757,48.39999999999998,0.509341049194336,0.07350526484878574,0.05457430481910706,0.11190552256733671
0.11269849768051735,1.430879132881595,835.2,77.73164682402499,68.79999999999995,0.5141025841236114,0.07415940071518161,0.09100106954574586,0.1426259594806374
0.1276071913397083,1.430879132881595,820.3,75.09320722544943,83.70000000000005,0.5169725358486176,0.07485441259036266,0.0764633595943451,0.12347409672984165
0.14251588499889925,1.430879132881595,812.6,74.44234926904272,91.39999999999998,0.5168224275112152,0.07668171721251794,0.12377921938896179,0.1170059512313005
0.1574245786580902,1.430879132881595,798.6,72.49828435935613,105.39999999999998,0.5197050333023071,0.07772050922943417,0.14649614691734314,0.11807407753559104
0.17233327231728116,1.430879132881595,789.0,70.86166941936746,115.0,0.5214055955410004,0.07933746428559889,0.16100640892982482,0.10867465147276299
0.18724196597647208,1.430879132881595,779.4,69.74002210203312,124.60000000000002,0.5225577354431152,0.08065091821408554,0.17198522090911866,0.09697956976954625
0.20215065963566303,1.430879132881595,770.6,71.34244217920492,133.39999999999998,0.5188219308853149,0.08332202559614939,0.21295886635780334,0.07628762983244096
0.21705935329485398,1.430879132881595,759.2,70.93529161961484,144.79999999999995,0.5092470526695252,0.08733035611763536,0.26830249428749087,0.09845704235321259
0.23196804695404494,1.430879132881595,736.9,72.4506232254789,167.10000000000002,0.4801714181900024,0.10857743883996378,0.274062442779541,0.1187166069922653
0.2468767406132359,1.430879132881595,712.2,75.5467170765711,191.79999999999995,0.4402811110019684,0.13835493585615205,0.2628134608268738,0.10570215400769443
0.26178543427242684,1.430879132881595,693.9,76.40336978920917,210.10000000000002,0.4165481686592102,0.15345594193560239,0.27767203450202943,0.1004752534481947
0.2766941279316178,1.430879132881595,674.9,72.95506535657718,229.10000000000002,0.3970290839672089,0.1509584429944371,0.31107455492019653,0.09376809730551112
0.29160282159080875,1.430879132881595,649.5,69.17685809786255,254.5,0.3598523199558258,0.15273358052665645,0.36693732142448426,0.04649826701323169
0.3065115152499997,1.430879132881595,611.8,61.02124395348336,292.20000000000005,0.29649420976638796,0.1480740255574026,0.4212141692638397,0.03867986422828416
0.32142020890919065,1.430879132881595,560.3,59.54536428099517,343.70000000000005,0.1950867474079132,0.09521169618968836,0.41782370805740354,0.03368554043179535
0.3363289025683816,1.430879132881595,527.3,51.30444108553262,376.70000000000005,0.12198718786239623,0.03465426273521921,0.4070476531982422,0.027765251519742438
0.35123759622757256,1.430879132881595,524.4,51.66684202816793,379.6,0.11839060187339782,0.03403216804140697,0.40778746604919436,0.029293203374412696
0.36614628988676345,1.430879132881595,519.3,52.822486556471674,384.70000000000005,0.11487796306610107,0.03499672988749074,0.41386765241622925,0.03180458794042499
0.3810549835459544,1.430879132881595,514.6,53.888321040028885,389.4,0.11158870458602906,0.035236618000412,0.4201119065284729,0.032135410828571125
0.39596367720514536,1.430879132881595,509.9,54.94289804809868,394.1,0.11023223996162415,0.03466629733958175,0.4236948609352112,0.03650163992929462
0.4108723708643363,1.430879132881595,503.9,54.91805522692931,400.1,0.10890664458274842,0.033159349231942914,0.4303789258003235,0.03289627242728458
0.42578106452352726,1.430879132881595,498.9,55.76567909967575,405.1,0.10780754089355468,0.03522255485693729,0.4301211714744568,0.0323956913164929
0.4406897581827182,1.430879132881595,491.6,58.00932418298961,412.4,0.10273494720458984,0.03261594800524747,0.43137176632881163,0.03618876500308982
0.45559845184190917,1.430879132881595,468.7,78.64737484207036,435.3,0.08972601890563965,0.038135359347099884,0.45560272932052615,0.04906399662242427
0.4705071455011001,1.430879132881595,428.9,112.81110112393377,475.1,0.05887856483459473,0.07047018293453237,0.481277996301651,0.059331990326306754
0.4854158391602911,1.430879132881595,374.6,130.09543270694812,529.4,0.058952498435974124,0.04064004486836611,0.5120018601417542,0.06541016628039124
0.5003245328194821,1.430879132881595,275.0,174.05678741537878,629.0,0.019367486238479614,0.06013865217711248,0.5203731775283813,0.06514371010079664
0.515233226478673,1.430879132881595,210.1,181.8953328152501,693.9,0.023905712366104125,0.04652046675391448,0.5191820085048675,0.06197951210402287
0.5301419201378639,1.430879132881595,159.0,183.2685508190279,745.0,0.02671005129814148,0.032159789847330617,0.5156731486320496,0.0509613902456369
0.5450506137970549,1.430879132881595,143.0,165.41166523396078,761.0,0.01672844886779785,0.0234558684862714,0.5480346083641052,0.031073634773286073
0.5599593074562458,1.430879132881595,107.4,125.69453935525307,796.6,-0.0004220664501190186,0.02085893968584533,0.5680782556533813,0.02536684823584737
0.5748680011154368,1.430879132881595,64.7,79.59025630319213,839.3,-0.03897150754928589,0.05912895750746092,0.5689307272434234,0.031664409109305354
0.5897766947746277,1.430879132881595,0.2,0.4524314325708198,903.8,0.014634478092193603,0.033105489440887155,0.5419189095497131,0.0252768289211542
0.008337642066180706,1.446960548187275,904.5,0.37702619380901653,-0.5,0.541922652721405,0.02527511246175802,0.0,0.0
0.023246335725371655,1.446960548187275,904.2,0.6573676311525133,-0.20000000000004547,0.5424654126167298,0.024794031092212676,-0.11400723457336426,0.2579022823073235
0.038155029384562604,1.446960548187275,904.2,0.6573676311525133,-0.20000000000004547,0.5424654126167298,0.024794031092212676,-0.11400723457336426,0.2579022823073235
0.05306372304375355,1.446960548187275,904.2,0.6573676311525133,-0.20000000000004547,0.5424654126167298,0.024794031092212676,-0.11400723457336426,0.2579022823073235
0.0679724167029445,1.446960548187275,904.2,0.6573676311525133,-0.20000000000004547,0.5424654126167298,0.024794031092212676,-0.11400723457336426,0.2579022823073235
0.08288111036213545,1.446960548187275,902.6,2.2164523067898445,1.3999999999999773,0.542525589466095,0.024806957707410027,-0.03198912739753723,0.3094759724294367
0.09778980402132639,1.446960548187275,888.2,10.609385790318656,15.799999999999955,0.5451205015182495,0.02530053760025522,0.012471407651901245,0.09252274963320557
0.11269849768051735,1.446960548187275,867.8,11.364947907640016,36.200000000000045,0.5496132016181946,0.026721923145011782,0.042744231224060056,0.1255264689436056
0.1276071913397083,1.446960548187275,852.9,11.403157075932,51.10000000000002,0.552647465467453,0.025687324829316988,0.03287245631217957,0.09448617356752065
0.14251588499889925,1.446960548187275,845.2,9.78410214332162,58.799999999999955,0.5534165382385254,0.02694158297333363,0.08282347321510315,0.09880293603590681
0.1574245786580902,1.446960548187275,831.2,13.445834568389953,72.79999999999995,0.5563818931579589,0.02703578737050352,0.10656263828277587,0.10255629450300108
0.17233327231728116,1.446960548187275,821.6,15.096874547790726,82.39999999999998,0.5585789561271668,0.026960839599709067,0.12475841045379639,0.09265065052509763
0.18724196597647208,1.446960548187275,812.0,17.745081369559465,92.0,0.5600879788398743,0.028060824273349293,0.13506121635437013,0.08213919199321845
0.20215065963566303,1.446960548187275,803.2,20.550659956085344,100.79999999999995,0.5572117507457733,0.03261252796500541,0.177316814661026,0.06373128718738612
0.21705935329485398,1.446960548187275,791.8,25.273244407399428,112.20000000000005,0.5488375842571258,0.04155313854696985,0.23691002130508423,0.09743340598464878
0.23196804695404494,1.446960548187275,769.5,39.642291808049876,134.5,0.5195734322071075,0.08562548385485952,0.23942115306854247,0.12093054631467406
0.2468767406132359,1.446960548187275,744.8,48.880744459872794,159.20000000000005,0.48235140442848207,0.12642979286940131,0.22703014612197875,0.10941079499121162
0.26178543427242684,1.446960548187275,726.5,55.55810709981955,177.5,0.4591847717761993,0.14609065495077278,0.24272026419639586,0.10586678939946993
0.2766941279316178,1.446960548187275,707.5,55.9263428426291,196.5,0.44048201441764834,0.1458932560663911,0.27690720558166504,0.10460632361766775
0.29160282159080875,1.446960548187275,682.1,55.56547526404983,221.89999999999998,0.4055481791496277,0.15302638558966564,0.33067641258239744,0.08662890480149747
0.3065115152499997,1.446960548187275,644.4,57.55074836926267,259.6,0.3435433924198151,0.15900202503467398,0.38241114616394045,0.10386713664752316
0.32142020890919065,1.446960548187275,592.9,69.96488802765906,311.1,0.24312857389450074,0.13330602245105055,0.3786251664161682,0.10219246221943319
0.3363289025683816,1.446960548187275,557.1,62.825235759735726,346.9,0.17104212641716005,0.11281580887069774,0.412300843000412,0.030025949380785656
0.35123759622757256,1.446960548187275,542.5,48.597784263715546,361.5,0.15948957204818726,0.09671468683869706,0.41788278222084047,0.03845394941814978
0.36614628988676345,1.446960548187275,519.3,52.822486556471674,384.70000000000005,0.11487796306610107,0.03499672988749074,0.41386765241622925,0.03180458794042499
0.3810549835459544,1.446960548187275,514.6,53.888321040028885,389.4,0.11158870458602906,0.035236618000412,0.4201119065284729,0.032135410828571125
0.39596367720514536,1.446960548187275,509.9,54.94289804809868,394.1,0.11023223996162415,0.03466629733958175,0.4236948609352112,0.03650163992929462
0.4108723708643363,1.446960548187275,503.9,54.91805522692931,400.1,0.10890664458274842,0.033159349231942914,0.4303789258003235,0.03289627242728458
0.42578106452352726,1.446960548187275,498.9,55.76567909967575,405.1,0.10780754089355468,0.03522255485693729,0.4301211714744568,0.0323956913164929
0.4406897581827182,1.446960548187275,491.6,58.00932418298961,412.4,0.10273494720458984,0.03261594800524747,0.43137176632881163,0.03618876500308982
0.45559845184190917,1.446960548187275,468.7,78.64737484207036,435.3,0.08972601890563965,0.038135359347099884,0.45560272932052615,0.04906399662242427
0.4705071455011001,1.446960548187275,428.9,112.81110112393377,475.1,0.05887856483459473,0.07047018293453237,0.481277996301651,0.059331990326306754
0.4854158391602911,1.446960548187275,374.6,130.09543270694812,529.4,0.058952498435974124,0.04064004486836611,0.5120018601417542,0.06541016628039124
0.5003245328194821,1.446960548187275,275.0,174.05678741537878,629.0,0.019367486238479614,0.06013865217711248,0.5203731775283813,0.06514371010079664
0.515233226478673,1.446960548187275,210.1,181.8953328152501,693.9,0.023905712366104125,0.04652046675391448,0.5191820085048675,0.06197951210402287
0.5301419201378639,1.446960548187275,159.0,183.2685508190279,745.0,0.02671005129814148,0.032159789847330617,0.5156731486320496,0.0509613902456369
0.5450506137970549,1.446960548187275,143.0,165.41166523396078,761.0,0.01672844886779785,0.0234558684862714,0.5480346083641052,0.031073634773286073
0.5599593074562458,1.446960548187275,107.4,125.69453935525307,796.6,-0.0004220664501190186,0.02085893968584533,0.5680782556533813,0.02536684823584737
0.5748680011154368,1.446960548187275,64.7,79.59025630319213,839.3,-0.03897150754928589,0.05912895750746092,0.5689307272434234,0.031664409109305354
0.5897766947746277,1.446960548187275,0.2,0.4524314325708198,903.8,0.014634478092193603,0.033105489440887155,0.5419189095497131,0.0252768289211542
