rho_th,IA_th,count_in,count_in_CI,count_out,r2_in,r2in_CI,r2_out,r2out_CI
0.00951901450753212,0.4543703338126533,0.5,1.1310785814270496,2111.5,0.027939039468765258,0.06320249825753071,0.6729149699211121,0.021764550717727735
0.033001892650738746,0.4543703338126533,0.5,1.1310785814270496,2111.5,0.027939039468765258,0.06320249825753071,0.6729149699211121,0.021764550717727735
0.056484770793945364,0.4543703338126533,0.5,1.1310785814270496,2111.5,0.027939039468765258,0.06320249825753071,0.6729149699211121,0.021764550717727735
0.07996764893715198,0.4543703338126533,0.5,1.1310785814270496,2111.5,0.027939039468765258,0.06320249825753071,0.6729149699211121,0.021764550717727735
0.10345052708035861,0.4543703338126533,0.0,0.0,2112.0,0.0,0.0,0.6729345262050629,0.02178006198520472
0.12693340522356522,0.4543703338126533,0.0,0.0,2112.0,0.0,0.0,0.6729345262050629,0.02178006198520472
0.15041628336677185,0.4543703338126533,0.0,0.0,2112.0,0.0,0.0,0.6729345262050629,0.02178006198520472
0.17389916150997847,0.4543703338126533,0.0,0.0,2112.0,0.0,0.0,0.6729345262050629,0.02178006198520472
0.1973820396531851,0.4543703338126533,0.0,0.0,2112.0,0.0,0.0,0.6729345262050629,0.02178006198520472
0.22086491779639172,0.4543703338126533,0.0,0.0,2112.0,0.0,0.0,0.6729345262050629,0.02178006198520472
0.24434779593959835,0.4543703338126533,0.0,0.0,2112.0,0.0,0.0,0.6729345262050629,0.02178006198520472
0.267830674082805,0.4543703338126533,0.0,0.0,2112.0,0.0,0.0,0.6729345262050629,0.02178006198520472
0.2913135522260116,0.4543703338126533,0.0,0.0,2112.0,0.0,0.0,0.6729345262050629,0.02178006198520472
0.3147964303692182,0.4543703338126533,0.0,0.0,2112.0,0.0,0.0,0.6729345262050629,0.02178006198520472
0.3382793085124248,0.4543703338126533,0.0,0.0,2112.0,0.0,0.0,0.6729345262050629,0.02178006198520472
0.3617621866556315,0.4543703338126533,0.0,0.0,2112.0,0.0,0.0,0.6729345262050629,0.02178006198520472
0.3852450647988381,0.4543703338126533,0.0,0.0,2112.0,0.0,0.0,0.6729345262050629,0.02178006198520472
0.4087279429420447,0.4543703338126533,0.0,0.0,2112.0,0.0,0.0,0.6729345262050629,0.02178006198520472
0.43221082108525133,0.4543703338126533,0.0,0.0,2112.0,0.0,0.0,0.6729345262050629,0.02178006198520472
0.4556936992284579,0.4543703338126533,0.0,0.0,2112.0,0.0,0.0,0.6729345262050629,0.02178006198520472
0.4791765773716646,0.4543703338126533,0.0,0.0,2112.0,0.0,0.0,0.6729345262050629,0.02178006198520472
0.5026594555148711,0.4543703338126533,0.0,0.0,2112.0,0.0,0.0,0.6729345262050629,0.02178006198520472
0.5261423336580778,0.4543703338126533,0.0,0.0,2112.0,0.0,0.0,0.6729345262050629,0.02178006198520472
0.5496252118012844,0.4543703338126533,0.0,0.0,2112.0,0.0,0.0,0.6729345262050629,0.02178006198520472
0.573108089944491,0.4543703338126533,0.0,0.0,2112.0,0.0,0.0,0.6729345262050629,0.02178006198520472
0.5965909680876976,0.4543703338126533,0.0,0.0,2112.0,0.0,0.0,0.6729345262050629,0.02178006198520472
0.6200738462309043,0.4543703338126533,0.0,0.0,2112.0,0.0,0.0,0.6729345262050629,0.02178006198520472
0.6435567243741109,0.4543703338126533,0.0,0.0,2112.0,0.0,0.0,0.6729345262050629,0.02178006198520472
0.6670396025173175,0.4543703338126533,0.0,0.0,2112.0,0.0,0.0,0.6729345262050629,0.02178006198520472
0.6905224806605241,0.4543703338126533,0.0,0.0,2112.0,0.0,0.0,0.6729345262050629,0.02178006198520472
0.7140053588037308,0.4543703338126533,0.0,0.0,2112.0,0.0,0.0,0.6729345262050629,0.02178006198520472
0.7374882369469374,0.4543703338126533,0.0,0.0,2112.0,0.0,0.0,0.6729345262050629,0.02178006198520472
0.760971115090144,0.4543703338126533,0.0,0.0,2112.0,0.0,0.0,0.6729345262050629,0.02178006198520472
0.7844539932333506,0.4543703338126533,0.0,0.0,2112.0,0.0,0.0,0.6729345262050629,0.02178006198520472
0.8079368713765572,0.4543703338126533,0.0,0.0,2112.0,0.0,0.0,0.6729345262050629,0.02178006198520472
0.8314197495197639,0.4543703338126533,0.0,0.0,2112.0,0.0,0.0,0.6729345262050629,0.02178006198520472
0.8549026276629705,0.4543703338126533,0.0,0.0,2112.0,0.0,0.0,0.6729345262050629,0.02178006198520472
0.8783855058061771,0.4543703338126533,0.0,0.0,2112.0,0.0,0.0,0.6729345262050629,0.02178006198520472
0.9018683839493837,0.4543703338126533,0.0,0.0,2112.0,0.0,0.0,0.6729345262050629,0.02178006198520472
0.9253512620925903,0.4543703338126533,0.0,0.0,2112.0,0.0,0.0,0.6729345262050629,0.02178006198520472
0.00951901450753212,0.47970144949750426,0.5,1.1310785814270496,2111.5,0.027939039468765258,0.06320249825753071,0.6729149699211121,0.021764550717727735
0.033001892650738746,0.47970144949750426,0.5,1.1310785814270496,2111.5,0.027939039468765258,0.06320249825753071,0.6729149699211121,0.021764550717727735
0.056484770793945364,0.47970144949750426,0.5,1.1310785814270496,2111.5,0.027939039468765258,0.06320249825753071,0.6729149699211121,0.021764550717727735
0.07996764893715198,0.47970144949750426,0.5,1.1310785814270496,2111.5,0.027939039468765258,0.06320249825753071,0.6729149699211121,0.021764550717727735
0.10345052708035861,0.47970144949750426,0.0,0.0,2112.0,0.0,0.0,0.6729345262050629,0.02178006198520472
0.12693340522356522,0.47970144949750426,0.0,0.0,2112.0,0.0,0.0,0.6729345262050629,0.02178006198520472
0.15041628336677185,0.47970144949750426,0.0,0.0,2112.0,0.0,0.0,0.6729345262050629,0.02178006198520472
0.17389916150997847,0.47970144949750426,0.0,0.0,2112.0,0.0,0.0,0.6729345262050629,0.02178006198520472
0.1973820396531851,0.47970144949750426,0.0,0.0,2112.0,0.0,0.0,0.6729345262050629,0.02178006198520472
0.22086491779639172,0.47970144949750426,0.0,0.0,2112.0,0.0,0.0,0.6729345262050629,0.02178006198520472
0.24434779593959835,0.47970144949750426,0.0,0.0,2112.0,0.0,0.0,0.6729345262050629,0.02178006198520472
0.267830674082805,0.47970144949750426,0.0,0.0,2112.0,0.0,0.0,0.6729345262050629,0.02178006198520472
0.2913135522260116,0.47970144949750426,0.0,0.0,2112.0,0.0,0.0,0.6729345262050629,0.02178006198520472
0.3147964303692182,0.47970144949750426,0.0,0.0,2112.0,0.0,0.0,0.6729345262050629,0.02178006198520472
0.3382793085124248,0.47970144949750426,0.0,0.0,2112.0,0.0,0.0,0.6729345262050629,0.02178006198520472
0.3617621866556315,0.47970144949750426,0.0,0.0,2112.0,0.0,0.0,0.6729345262050629,0.02178006198520472
0.3852450647988381,0.47970144949750426,0.0,0.0,2112.0,0.0,0.0,0.6729345262050629,0.02178006198520472
0.4087279429420447,0.47970144949750426,0.0,0.0,2112.0,0.0,0.0,0.6729345262050629,0.02178006198520472
0.43221082108525133,0.47970144949750426,0.0,0.0,2112.0,0.0,0.0,0.6729345262050629,0.02178006198520472
0.4556936992284579,0.47970144949750426,0.0,0.0,2112.0,0.0,0.0,0.6729345262050629,0.02178006198520472
0.4791765773716646,0.47970144949750426,0.0,0.0,2112.0,0.0,0.0,0.6729345262050629,0.02178006198520472
0.5026594555148711,0.47970144949750426,0.0,0.0,2112.0,0.0,0.0,0.6729345262050629,0.02178006198520472
0.5261423336580778,0.47970144949750426,0.0,0.0,2112.0,0.0,0.0,0.6729345262050629,0.02178006198520472
0.5496252118012844,0.47970144949750426,0.0,0.0,2112.0,0.0,0.0,0.6729345262050629,0.02178006198520472
0.573108089944491,0.47970144949750426,0.0,0.0,2112.0,0.0,0.0,0.6729345262050629,0.02178006198520472
0.5965909680876976,0.47970144949750426,0.0,0.0,2112.0,0.0,0.0,0.6729345262050629,0.02178006198520472
0.6200738462309043,0.47970144949750426,0.0,0.0,2112.0,0.0,0.0,0.6729345262050629,0.02178006198520472
0.6435567243741109,0.47970144949750426,0.0,0.0,2112.0,0.0,0.0,0.6729345262050629,0.02178006198520472
0.6670396025173175,0.47970144949750426,0.0,0.0,2112.0,0.0,0.0,0.6729345262050629,0.02178006198520472
0.6905224806605241,0.47970144949750426,0.0,0.0,2112.0,0.0,0.0,0.6729345262050629,0.02178006198520472
0.7140053588037308,0.47970144949750426,0.0,0.0,2112.0,0.0,0.0,0.6729345262050629,0.02178006198520472
0.7374882369469374,0.47970144949750426,0.0,0.0,2112.0,0.0,0.0,0.6729345262050629,0.02178006198520472
0.760971115090144,0.47970144949750426,0.0,0.0,2112.0,0.0,0.0,0.6729345262050629,0.02178006198520472
0.7844539932333506,0.47970144949750426,0.0,0.0,2112.0,0.0,0.0,0.6729345262050629,0.02178006198520472
0.8079368713765572,0.47970144949750426,0.0,0.0,2112.0,0.0,0.0,0.6729345262050629,0.02178006198520472
0.8314197495197639,0.47970144949750426,0.0,0.0,2112.0,0.0,0.0,0.6729345262050629,0.02178006198520472
0.8549026276629705,0.47970144949750426,0.0,0.0,2112.0,0.0,0.0,0.6729345262050629,0.02178006198520472
0.8783855058061771,0.47970144949750426,0.0,0.0,2112.0,0.0,0.0,0.6729345262050629,0.02178006198520472
0.9018683839493837,0.47970144949750426,0.0,0.0,2112.0,0.0,0.0,0.6729345262050629,0.02178006198520472
0.9253512620925903,0.47970144949750426,0.0,0.0,2112.0,0.0,0.0,0.6729345262050629,0.02178006198520472
0.00951901450753212,0.5050325651823553,1.4,2.000727073600518,2110.6,0.08902404904365539,0.1454254141209815,0.6728776514530181,0.02185974404668071
0.033001892650738746,0.5050325651823553,1.3,2.0247394828951233,2110.7,0.08902404904365539,0.1454254141209815,0.6728502213954926,0.02182898041932337
0.056484770793945364,0.5050325651823553,0.5,1.1310785814270496,2111.5,0.027939039468765258,0.06320249825753071,0.6729149699211121,0.021764550717727735
0.07996764893715198,0.5050325651823553,0.5,1.1310785814270496,2111.5,0.027939039468765258,0.06320249825753071,0.6729149699211121,0.021764550717727735
0.10345052708035861,0.5050325651823553,0.0,0.0,2112.0,0.0,0.0,0.6729345262050629,0.02178006198520472
0.12693340522356522,0.5050325651823553,0.0,0.0,2112.0,0.0,0.0,0.6729345262050629,0.02178006198520472
0.15041628336677185,0.5050325651823553,0.0,0.0,2112.0,0.0,0.0,0.6729345262050629,0.02178006198520472
0.17389916150997847,0.5050325651823553,0.0,0.0,2112.0,0.0,0.0,0.6729345262050629,0.02178006198520472
0.1973820396531851,0.5050325651823553,0.0,0.0,2112.0,0.0,0.0,0.6729345262050629,0.02178006198520472
0.22086491779639172,0.5050325651823553,0.0,0.0,2112.0,0.0,0.0,0.6729345262050629,0.02178006198520472
0.24434779593959835,0.5050325651823553,0.0,0.0,2112.0,0.0,0.0,0.6729345262050629,0.02178006198520472
0.267830674082805,0.5050325651823553,0.0,0.0,2112.0,0.0,0.0,0.6729345262050629,0.02178006198520472
0.2913135522260116,0.5050325651823553,0.0,0.0,2112.0,0.0,0.0,0.6729345262050629,0.02178006198520472
0.3147964303692182,0.5050325651823553,0.0,0.0,2112.0,0.0,0.0,0.6729345262050629,0.02178006198520472
0.3382793085124248,0.5050325651823553,0.0,0.0,2112.0,0.0,0.0,0.6729345262050629,0.02178006198520472
0.3617621866556315,0.5050325651823553,0.0,0.0,2112.0,0.0,0.0,0.6729345262050629,0.02178006198520472
0.3852450647988381,0.5050325651823553,0.0,0.0,2112.0,0.0,0.0,0.6729345262050629,0.02178006198520472
0.4087279429420447,0.5050325651823553,0.0,0.0,2112.0,0.0,0.0,0.6729345262050629,0.02178006198520472
0.43221082108525133,0.5050325651823553,0.0,0.0,2112.0,0.0,0.0,0.6729345262050629,0.02178006198520472
0.4556936992284579,0.5050325651823553,0.0,0.0,2112.0,0.0,0.0,0.6729345262050629,0.02178006198520472
0.4791765773716646,0.5050325651823553,0.0,0.0,2112.0,0.0,0.0,0.6729345262050629,0.02178006198520472
0.5026594555148711,0.5050325651823553,0.0,0.0,2112.0,0.0,0.0,0.6729345262050629,0.02178006198520472
0.5261423336580778,0.5050325651823553,0.0,0.0,2112.0,0.0,0.0,0.6729345262050629,0.02178006198520472
0.5496252118012844,0.5050325651823553,0.0,0.0,2112.0,0.0,0.0,0.6729345262050629,0.02178006198520472
0.573108089944491,0.5050325651823553,0.0,0.0,2112.0,0.0,0.0,0.6729345262050629,0.02178006198520472
0.5965909680876976,0.5050325651823553,0.0,0.0,2112.0,0.0,0.0,0.6729345262050629,0.02178006198520472
0.6200738462309043,0.5050325651823553,0.0,0.0,2112.0,0.0,0.0,0.6729345262050629,0.02178006198520472
0.6435567243741109,0.5050325651823553,0.0,0.0,2112.0,0.0,0.0,0.6729345262050629,0.02178006198520472
0.6670396025173175,0.5050325651823553,0.0,0.0,2112.0,0.0,0.0,0.6729345262050629,0.02178006198520472
0.6905224806605241,0.5050325651823553,0.0,0.0,2112.0,0.0,0.0,0.6729345262050629,0.02178006198520472
0.7140053588037308,0.5050325651823553,0.0,0.0,2112.0,0.0,0.0,0.6729345262050629,0.02178006198520472
0.7374882369469374,0.5050325651823553,0.0,0.0,2112.0,0.0,0.0,0.6729345262050629,0.02178006198520472
0.760971115090144,0.5050325651823553,0.0,0.0,2112.0,0.0,0.0,0.6729345262050629,0.02178006198520472
0.7844539932333506,0.5050325651823553,0.0,0.0,2112.0,0.0,0.0,0.6729345262050629,0.02178006198520472
0.8079368713765572,0.5050325651823553,0.0,0.0,2112.0,0.0,0.0,0.6729345262050629,0.02178006198520472
0.8314197495197639,0.5050325651823553,0.0,0.0,2112.0,0.0,0.0,0.6729345262050629,0.02178006198520472
0.8549026276629705,0.5050325651823553,0.0,0.0,2112.0,0.0,0.0,0.6729345262050629,0.02178006198520472
0.8783855058061771,0.5050325651823553,0.0,0.0,2112.0,0.0,0.0,0.6729345262050629,0.02178006198520472
0.9018683839493837,0.5050325651823553,0.0,0.0,2112.0,0.0,0.0,0.6729345262050629,0.02178006198520472
0.9253512620925903,0.5050325651823553,0.0,0.0,2112.0,0.0,0.0,0.6729345262050629,0.02178006198520472
0.00951901450753212,0.5303636808672062,23.5,22.417687071648597,2088.5,-5.110389620065689,8.190626770656182,0.6703164160251618,0.02124476290635252
0.033001892650738746,0.5303636808672062,23.4,22.47582133554592,2088.6,-5.110389620065689,8.190626770656182,0.6702889859676361,0.02121122425065393
0.056484770793945364,0.5303636808672062,22.6,22.85711777120781,2089.4,-5.17147462964058,8.167498654169076,0.6703537344932556,0.02114937122702189
0.07996764893715198,0.5303636808672062,22.6,22.85711777120781,2089.4,-5.17147462964058,8.167498654169076,0.6703537344932556,0.02114937122702189
0.10345052708035861,0.5303636808672062,22.1,22.7804954629336,2089.9,-5.185534036159515,8.162302373039857,0.6703746914863586,0.021166624611472847
0.12693340522356522,0.5303636808672062,22.1,22.7804954629336,2089.9,-5.185534036159515,8.162302373039857,0.6703746914863586,0.021166624611472847
0.15041628336677185,0.5303636808672062,22.1,22.7804954629336,2089.9,-5.185534036159515,8.162302373039857,0.6703746914863586,0.021166624611472847
0.17389916150997847,0.5303636808672062,22.1,22.7804954629336,2089.9,-5.185534036159515,8.162302373039857,0.6703746914863586,0.021166624611472847
0.1973820396531851,0.5303636808672062,22.1,22.7804954629336,2089.9,-5.185534036159515,8.162302373039857,0.6703746914863586,0.021166624611472847
0.22086491779639172,0.5303636808672062,22.1,22.7804954629336,2089.9,-5.185534036159515,8.162302373039857,0.6703746914863586,0.021166624611472847
0.24434779593959835,0.5303636808672062,22.1,22.7804954629336,2089.9,-5.185534036159515,8.162302373039857,0.6703746914863586,0.021166624611472847
0.267830674082805,0.5303636808672062,22.1,22.7804954629336,2089.9,-5.185534036159515,8.162302373039857,0.6703746914863586,0.021166624611472847
0.2913135522260116,0.5303636808672062,22.1,22.7804954629336,2089.9,-5.185534036159515,8.162302373039857,0.6703746914863586,0.021166624611472847
0.3147964303692182,0.5303636808672062,22.1,22.7804954629336,2089.9,-5.185534036159515,8.162302373039857,0.6703746914863586,0.021166624611472847
0.3382793085124248,0.5303636808672062,22.1,22.7804954629336,2089.9,-5.185534036159515,8.162302373039857,0.6703746914863586,0.021166624611472847
0.3617621866556315,0.5303636808672062,22.1,22.7804954629336,2089.9,-5.185534036159515,8.162302373039857,0.6703746914863586,0.021166624611472847
0.3852450647988381,0.5303636808672062,22.1,22.7804954629336,2089.9,-5.185534036159515,8.162302373039857,0.6703746914863586,0.021166624611472847
0.4087279429420447,0.5303636808672062,22.1,22.7804954629336,2089.9,-5.185534036159515,8.162302373039857,0.6703746914863586,0.021166624611472847
0.43221082108525133,0.5303636808672062,22.1,22.7804954629336,2089.9,-5.185534036159515,8.162302373039857,0.6703746914863586,0.021166624611472847
0.4556936992284579,0.5303636808672062,21.9,22.885086225842077,2090.1,-5.185534036159515,8.162302373039857,0.6703970313072205,0.021181072992939014
0.4791765773716646,0.5303636808672062,21.9,22.885086225842077,2090.1,-5.185534036159515,8.162302373039857,0.6703970313072205,0.021181072992939014
0.5026594555148711,0.5303636808672062,21.9,22.885086225842077,2090.1,-5.185534036159515,8.162302373039857,0.6703970313072205,0.021181072992939014
0.5261423336580778,0.5303636808672062,21.9,22.885086225842077,2090.1,-5.185534036159515,8.162302373039857,0.6703970313072205,0.021181072992939014
0.5496252118012844,0.5303636808672062,21.9,22.885086225842077,2090.1,-5.185534036159515,8.162302373039857,0.6703970313072205,0.021181072992939014
0.573108089944491,0.5303636808672062,21.8,22.87601576349863,2090.2,-5.185482043027878,8.16232136721623,0.670410430431366,0.021192136833835567
0.5965909680876976,0.5303636808672062,21.7,22.79945696593917,2090.3,-5.388628596067429,8.369007911857528,0.6704240798950195,0.021195514283452257
0.6200738462309043,0.5303636808672062,21.7,22.79945696593917,2090.3,-5.388628596067429,8.369007911857528,0.6704240798950195,0.021195514283452257
0.6435567243741109,0.5303636808672062,21.7,22.79945696593917,2090.3,-5.388628596067429,8.369007911857528,0.6704240798950195,0.021195514283452257
0.6670396025173175,0.5303636808672062,18.8,21.822750306523663,2093.2,-174.755232411623,390.0544865769423,0.6708373606204987,0.02126543227454818
0.6905224806605241,0.5303636808672062,18.2,21.21769968189294,2093.8,-181.08992686271668,388.708449284387,0.6708070158958435,0.021206767039178512
0.7140053588037308,0.5303636808672062,7.7,14.753435301743423,2104.3,-83628.62730916738,181714.61275454916,0.6721703350543976,0.021534139961876506
0.7374882369469374,0.5303636808672062,6.4,13.502381339944463,2105.6,-2381.453415751457,5387.202516725441,0.6723633468151092,0.021581797033384566
0.760971115090144,0.5303636808672062,3.2,7.238902921133117,2108.8,-0.23982999324798585,0.5425331370931814,0.6725107610225678,0.021607055761754167
0.7844539932333506,0.5303636808672062,2.0,4.524314325708199,2110.0,-0.13790669441223144,0.3119666165701607,0.672678929567337,0.021670802994996297
0.8079368713765572,0.5303636808672062,0.0,0.0,2112.0,0.0,0.0,0.6729345262050629,0.02178006198520472
0.8314197495197639,0.5303636808672062,0.0,0.0,2112.0,0.0,0.0,0.6729345262050629,0.02178006198520472
0.8549026276629705,0.5303636808672062,0.0,0.0,2112.0,0.0,0.0,0.6729345262050629,0.02178006198520472
0.8783855058061771,0.5303636808672062,0.0,0.0,2112.0,0.0,0.0,0.6729345262050629,0.02178006198520472
0.9018683839493837,0.5303636808672062,0.0,0.0,2112.0,0.0,0.0,0.6729345262050629,0.02178006198520472
0.9253512620925903,0.5303636808672062,0.0,0.0,2112.0,0.0,0.0,0.6729345262050629,0.02178006198520472
0.00951901450753212,0.5556947965520572,127.0,93.35582730156463,1985.0,-934.7419238865375,2114.747600830961,0.6590927243232727,0.020916681905153226
0.033001892650738746,0.5556947965520572,126.9,93.4328114678795,1985.1,-934.7419238865375,2114.747600830961,0.6590652942657471,0.02087423202104306
0.056484770793945364,0.5556947965520572,126.1,94.02730922149011,1985.9,-934.8030088961125,2114.732243048556,0.6591300427913666,0.02083122289790174
0.07996764893715198,0.5556947965520572,126.1,94.02730922149011,1985.9,-934.8030088961125,2114.732243048556,0.6591300427913666,0.02083122289790174
0.10345052708035861,0.5556947965520572,125.6,93.8831258934628,1986.4,-934.8070674359799,2114.731222868961,0.6591612040996552,0.02085262019963006
0.12693340522356522,0.5556947965520572,125.6,93.8831258934628,1986.4,-934.8070674359799,2114.731222868961,0.6591612040996552,0.02085262019963006
0.15041628336677185,0.5556947965520572,125.6,93.8831258934628,1986.4,-934.8070674359799,2114.731222868961,0.6591612040996552,0.02085262019963006
0.17389916150997847,0.5556947965520572,125.6,93.8831258934628,1986.4,-934.8070674359799,2114.731222868961,0.6591612040996552,0.02085262019963006
0.1973820396531851,0.5556947965520572,125.6,93.8831258934628,1986.4,-934.8070674359799,2114.731222868961,0.6591612040996552,0.02085262019963006
0.22086491779639172,0.5556947965520572,125.6,93.8831258934628,1986.4,-934.8070674359799,2114.731222868961,0.6591612040996552,0.02085262019963006
0.24434779593959835,0.5556947965520572,125.6,93.8831258934628,1986.4,-934.8070674359799,2114.731222868961,0.6591612040996552,0.02085262019963006
0.267830674082805,0.5556947965520572,125.6,93.8831258934628,1986.4,-934.8070674359799,2114.731222868961,0.6591612040996552,0.02085262019963006
0.2913135522260116,0.5556947965520572,125.6,93.8831258934628,1986.4,-934.8070674359799,2114.731222868961,0.6591612040996552,0.02085262019963006
0.3147964303692182,0.5556947965520572,125.6,93.8831258934628,1986.4,-934.8070674359799,2114.731222868961,0.6591612040996552,0.02085262019963006
0.3382793085124248,0.5556947965520572,125.6,93.8831258934628,1986.4,-934.8070674359799,2114.731222868961,0.6591612040996552,0.02085262019963006
0.3617621866556315,0.5556947965520572,125.6,93.8831258934628,1986.4,-934.8070674359799,2114.731222868961,0.6591612040996552,0.02085262019963006
0.3852450647988381,0.5556947965520572,125.6,93.8831258934628,1986.4,-934.8070674359799,2114.731222868961,0.6591612040996552,0.02085262019963006
0.4087279429420447,0.5556947965520572,125.6,93.8831258934628,1986.4,-934.8070674359799,2114.731222868961,0.6591612040996552,0.02085262019963006
0.43221082108525133,0.5556947965520572,125.6,93.8831258934628,1986.4,-934.8070674359799,2114.731222868961,0.6591612040996552,0.02085262019963006
0.4556936992284579,0.5556947965520572,125.4,93.92853800936577,1986.6,-934.8070767700672,2114.7312205228604,0.6591867864131927,0.020872804494745368
0.4791765773716646,0.5556947965520572,125.4,93.92853800936577,1986.6,-934.8070767700672,2114.7312205228604,0.6591867864131927,0.020872804494745368
0.5026594555148711,0.5556947965520572,125.4,93.92853800936577,1986.6,-934.8070767700672,2114.7312205228604,0.6591867864131927,0.020872804494745368
0.5261423336580778,0.5556947965520572,125.4,93.92853800936577,1986.6,-934.8070767700672,2114.7312205228604,0.6591867864131927,0.020872804494745368
0.5496252118012844,0.5556947965520572,125.4,93.92853800936577,1986.6,-934.8070767700672,2114.7312205228604,0.6591867864131927,0.020872804494745368
0.573108089944491,0.5556947965520572,125.3,93.90120254659851,1986.7,-934.807075214386,2114.731220913898,0.6592041194438935,0.02088477635323873
0.5965909680876976,0.5556947965520572,125.2,93.77259184755646,1986.8,-934.8070190668107,2114.7312350258485,0.6592292129993439,0.020866245438352783
0.6200738462309043,0.5556947965520572,125.2,93.77259184755646,1986.8,-934.8070190668107,2114.7312350258485,0.6592292129993439,0.020866245438352783
0.6435567243741109,0.5556947965520572,125.2,93.77259184755646,1986.8,-934.8070190668107,2114.7312350258485,0.6592292129993439,0.020866245438352783
0.6670396025173175,0.5556947965520572,121.9,92.48165879121427,1990.1,0.020767998695373536,0.026976865834615928,0.6598573327064514,0.020832470083126314
0.6905224806605241,0.5556947965520572,119.8,92.43329061205768,1992.2,0.004169666767120361,0.0441188018511972,0.660055422782898,0.020858191855584865
0.7140053588037308,0.5556947965520572,105.9,83.20751992096045,2006.1,0.0030331313610076904,0.044372242455974625,0.6626666188240051,0.020498817519086426
0.7374882369469374,0.5556947965520572,101.7,83.3267466598289,2010.3,-0.012404298782348633,0.05831494023694781,0.66300088763237,0.020507772932609455
0.760971115090144,0.5556947965520572,91.4,77.86933656901323,2020.6,0.01811065673828125,0.029913021691979413,0.6641847193241119,0.020586320136224585
0.7844539932333506,0.5556947965520572,62.5,64.97048572270508,2049.5,0.016869765520095826,0.02832815649674676,0.6667382419109344,0.02064575458617454
0.8079368713765572,0.5556947965520572,46.3,51.232352474353014,2065.7,0.0257452130317688,0.030102836918045953,0.6690140545368195,0.021343214626876758
0.8314197495197639,0.5556947965520572,28.4,43.14629514238915,2083.6,0.014727789163589477,0.03253560031344895,0.6708615899085999,0.021355715646453492
0.8549026276629705,0.5556947965520572,5.9,8.937668152809623,2106.1,-0.04302246570587158,0.12988794565965653,0.672966867685318,0.02186022261182099
0.8783855058061771,0.5556947965520572,0.0,0.0,2112.0,0.0,0.0,0.6729345262050629,0.02178006198520472
0.9018683839493837,0.5556947965520572,0.0,0.0,2112.0,0.0,0.0,0.6729345262050629,0.02178006198520472
0.9253512620925903,0.5556947965520572,0.0,0.0,2112.0,0.0,0.0,0.6729345262050629,0.02178006198520472
0.00951901450753212,0.5810259122369081,310.7,130.11809229078025,1801.3,-1.333282470703125,3.120366602144524,0.6386421203613282,0.027296621206143786
0.033001892650738746,0.5810259122369081,310.6,130.25355231027288,1801.4,-1.333282470703125,3.120366602144524,0.6386146903038025,0.027252405220437884
0.056484770793945364,0.5810259122369081,309.8,130.3415269205365,1802.2,-1.3399876594543456,3.118916172796248,0.6387358605861664,0.02712869203016418
0.07996764893715198,0.5810259122369081,309.8,130.3415269205365,1802.2,-1.3399876594543456,3.118916172796248,0.6387358605861664,0.02712869203016418
0.10345052708035861,0.5810259122369081,309.3,130.13207502154475,1802.7,-1.3406117141246796,3.118753777896591,0.6387923657894135,0.027154877326301247
0.12693340522356522,0.5810259122369081,309.3,130.13207502154475,1802.7,-1.3406117141246796,3.118753777896591,0.6387923657894135,0.027154877326301247
0.15041628336677185,0.5810259122369081,309.3,130.13207502154475,1802.7,-1.3406117141246796,3.118753777896591,0.6387923657894135,0.027154877326301247
0.17389916150997847,0.5810259122369081,309.3,130.13207502154475,1802.7,-1.3406117141246796,3.118753777896591,0.6387923657894135,0.027154877326301247
0.1973820396531851,0.5810259122369081,309.3,130.13207502154475,1802.7,-1.3406117141246796,3.118753777896591,0.6387923657894135,0.027154877326301247
0.22086491779639172,0.5810259122369081,309.3,130.13207502154475,1802.7,-1.3406117141246796,3.118753777896591,0.6387923657894135,0.027154877326301247
0.24434779593959835,0.5810259122369081,309.3,130.13207502154475,1802.7,-1.3406117141246796,3.118753777896591,0.6387923657894135,0.027154877326301247
0.267830674082805,0.5810259122369081,309.3,130.13207502154475,1802.7,-1.3406117141246796,3.118753777896591,0.6387923657894135,0.027154877326301247
0.2913135522260116,0.5810259122369081,309.3,130.13207502154475,1802.7,-1.3406117141246796,3.118753777896591,0.6387923657894135,0.027154877326301247
0.3147964303692182,0.5810259122369081,309.3,130.13207502154475,1802.7,-1.3406117141246796,3.118753777896591,0.6387923657894135,0.027154877326301247
0.3382793085124248,0.5810259122369081,309.3,130.13207502154475,1802.7,-1.3406117141246796,3.118753777896591,0.6387923657894135,0.027154877326301247
0.3617621866556315,0.5810259122369081,309.3,130.13207502154475,1802.7,-1.3406117141246796,3.118753777896591,0.6387923657894135,0.027154877326301247
0.3852450647988381,0.5810259122369081,309.3,130.13207502154475,1802.7,-1.3406117141246796,3.118753777896591,0.6387923657894135,0.027154877326301247
0.4087279429420447,0.5810259122369081,309.3,130.13207502154475,1802.7,-1.3406117141246796,3.118753777896591,0.6387923657894135,0.027154877326301247
0.43221082108525133,0.5810259122369081,309.3,130.13207502154475,1802.7,-1.3406117141246796,3.118753777896591,0.6387923657894135,0.027154877326301247
0.4556936992284579,0.5810259122369081,309.1,130.1855451080997,1802.9,-1.3406268894672393,3.11874995409292,0.6388255894184113,0.027181596825222816
0.4791765773716646,0.5810259122369081,309.1,130.1855451080997,1802.9,-1.3406268894672393,3.11874995409292,0.6388255894184113,0.027181596825222816
0.5026594555148711,0.5810259122369081,309.1,130.1855451080997,1802.9,-1.3406268894672393,3.11874995409292,0.6388255894184113,0.027181596825222816
0.5261423336580778,0.5810259122369081,309.1,130.1855451080997,1802.9,-1.3406268894672393,3.11874995409292,0.6388255894184113,0.027181596825222816
0.5496252118012844,0.5810259122369081,309.1,130.1855451080997,1802.9,-1.3406268894672393,3.11874995409292,0.6388255894184113,0.027181596825222816
0.573108089944491,0.5810259122369081,309.0,130.14472372893914,1803.0,-1.3406450033187867,3.1187452497690273,0.6388520896434784,0.02719404520309399
0.5965909680876976,0.5810259122369081,308.9,130.0360882865569,1803.1,-1.3406424701213837,3.1187459318250905,0.6388909876346588,0.02716963054896062
0.6200738462309043,0.5810259122369081,308.9,130.0360882865569,1803.1,-1.3406424701213837,3.1187459318250905,0.6388909876346588,0.02716963054896062
0.6435567243741109,0.5810259122369081,308.9,130.0360882865569,1803.1,-1.3406424701213837,3.1187459318250905,0.6388909876346588,0.02716963054896062
0.6670396025173175,0.5810259122369081,305.6,128.26437762872973,1806.4,-1.2900726735591888,3.0034640836568753,0.6398594200611114,0.027221690784452555
0.6905224806605241,0.5810259122369081,303.0,128.69798928237634,1809.0,-1.2870434463024139,2.9975534557984016,0.6402549088001251,0.027211115041983393
0.7140053588037308,0.5810259122369081,289.1,120.34895800092984,1822.9,-1.288641881942749,2.9971354580222425,0.6441898226737977,0.02687825184790248
0.7374882369469374,0.5810259122369081,284.9,120.53165951385083,1827.1,-1.2883444488048554,2.997208081058497,0.6447315633296966,0.026916542130668658
0.760971115090144,0.5810259122369081,273.8,116.06960646412476,1838.2,-1.4350935101509095,3.2958664651918035,0.6464674770832062,0.02723849107150682
0.7844539932333506,0.5810259122369081,244.4,101.32185966949574,1867.6,-1.4336342811584473,3.29623934648569,0.6503664195537567,0.027394702242993826
0.8079368713765572,0.5810259122369081,218.6,94.94426895121686,1893.4,-1.2828413844108582,2.9485374377062223,0.654944509267807,0.028176956247292387
0.8314197495197639,0.5810259122369081,188.4,87.2612933013499,1923.6,-125.61155141592026,284.1937587975407,0.6597379922866822,0.027893511688788383
0.8549026276629705,0.5810259122369081,120.2,69.02673152208787,1991.8,0.0049984753131866455,0.07647520146133499,0.6674287259578705,0.026419599809233262
0.8783855058061771,0.5810259122369081,24.4,43.90139367824727,2087.6,0.02280380725860596,0.03650545214096811,0.6727421104907989,0.022635693293893838
0.9018683839493837,0.5810259122369081,0.0,0.0,2112.0,0.0,0.0,0.6729345262050629,0.02178006198520472
0.9253512620925903,0.5810259122369081,0.0,0.0,2112.0,0.0,0.0,0.6729345262050629,0.02178006198520472
0.00951901450753212,0.6063570279217592,475.6,88.49774188573936,1636.4,0.0610059916973114,0.0357487970256284,0.6192979693412781,0.027778819330730398
0.033001892650738746,0.6063570279217592,475.5,88.65632858395749,1636.5,0.06390820145606994,0.03197567196860671,0.6192708969116211,0.02773376003231491
0.056484770793945364,0.6063570279217592,474.7,88.415367606209,1637.3,0.06350767016410827,0.031548119366235174,0.6194624483585358,0.027533766594636414
0.07996764893715198,0.6063570279217592,474.7,88.415367606209,1637.3,0.06350767016410827,0.031548119366235174,0.6194624483585358,0.027533766594636414
0.10345052708035861,0.6063570279217592,474.2,88.31225146652183,1637.8,0.0629866898059845,0.031645017446020975,0.6195381641387939,0.027571172724803503
0.12693340522356522,0.6063570279217592,474.2,88.31225146652183,1637.8,0.0629866898059845,0.031645017446020975,0.6195381641387939,0.027571172724803503
0.15041628336677185,0.6063570279217592,474.2,88.31225146652183,1637.8,0.0629866898059845,0.031645017446020975,0.6195381641387939,0.027571172724803503
0.17389916150997847,0.6063570279217592,474.2,88.31225146652183,1637.8,0.0629866898059845,0.031645017446020975,0.6195381641387939,0.027571172724803503
0.1973820396531851,0.6063570279217592,474.2,88.31225146652183,1637.8,0.0629866898059845,0.031645017446020975,0.6195381641387939,0.027571172724803503
0.22086491779639172,0.6063570279217592,474.2,88.31225146652183,1637.8,0.0629866898059845,0.031645017446020975,0.6195381641387939,0.027571172724803503
0.24434779593959835,0.6063570279217592,474.2,88.31225146652183,1637.8,0.0629866898059845,0.031645017446020975,0.6195381641387939,0.027571172724803503
0.267830674082805,0.6063570279217592,474.2,88.31225146652183,1637.8,0.0629866898059845,0.031645017446020975,0.6195381641387939,0.027571172724803503
0.2913135522260116,0.6063570279217592,474.2,88.31225146652183,1637.8,0.0629866898059845,0.031645017446020975,0.6195381641387939,0.027571172724803503
0.3147964303692182,0.6063570279217592,474.2,88.31225146652183,1637.8,0.0629866898059845,0.031645017446020975,0.6195381641387939,0.027571172724803503
0.3382793085124248,0.6063570279217592,474.2,88.31225146652183,1637.8,0.0629866898059845,0.031645017446020975,0.6195381641387939,0.027571172724803503
0.3617621866556315,0.6063570279217592,474.2,88.31225146652183,1637.8,0.0629866898059845,0.031645017446020975,0.6195381641387939,0.027571172724803503
0.3852450647988381,0.6063570279217592,474.2,88.31225146652183,1637.8,0.0629866898059845,0.031645017446020975,0.6195381641387939,0.027571172724803503
0.4087279429420447,0.6063570279217592,474.2,88.31225146652183,1637.8,0.0629866898059845,0.031645017446020975,0.6195381641387939,0.027571172724803503
0.43221082108525133,0.6063570279217592,474.2,88.31225146652183,1637.8,0.0629866898059845,0.031645017446020975,0.6195381641387939,0.027571172724803503
0.4556936992284579,0.6063570279217592,474.0,88.19641196085311,1638.0,0.06296360492706299,0.03166194169367242,0.6196009993553162,0.02759071113261973
0.4791765773716646,0.6063570279217592,474.0,88.19641196085311,1638.0,0.06296360492706299,0.03166194169367242,0.6196009993553162,0.02759071113261973
0.5026594555148711,0.6063570279217592,474.0,88.19641196085311,1638.0,0.06296360492706299,0.03166194169367242,0.6196009993553162,0.02759071113261973
0.5261423336580778,0.6063570279217592,474.0,88.19641196085311,1638.0,0.06296360492706299,0.03166194169367242,0.6196009993553162,0.02759071113261973
0.5496252118012844,0.6063570279217592,474.0,88.19641196085311,1638.0,0.06296360492706299,0.03166194169367242,0.6196009993553162,0.02759071113261973
0.573108089944491,0.6063570279217592,473.9,88.17735926131589,1638.1,0.06294325590133668,0.0316666000436914,0.6196341514587402,0.027607353438313963
0.5965909680876976,0.6063570279217592,473.8,88.08790806267581,1638.2,0.06293993592262268,0.03166157355053286,0.6196761429309845,0.027600028668404285
0.6200738462309043,0.6063570279217592,473.8,88.08790806267581,1638.2,0.06293993592262268,0.03166157355053286,0.6196761429309845,0.027600028668404285
0.6435567243741109,0.6063570279217592,473.8,88.08790806267581,1638.2,0.06293993592262268,0.03166157355053286,0.6196761429309845,0.027600028668404285
0.6670396025173175,0.6063570279217592,470.5,87.0231667967522,1641.5,0.0626273512840271,0.03171352847094599,0.620865136384964,0.02770004550744608
0.6905224806605241,0.6063570279217592,467.9,86.68418460593871,1644.1,0.0626261830329895,0.03173724054929489,0.6215178430080414,0.027617349763221066
0.7140053588037308,0.6063570279217592,453.3,79.46370640293574,1658.7,0.06230975985527039,0.029268014746003112,0.6263920962810516,0.028397929867809486
0.7374882369469374,0.6063570279217592,448.9,77.9848037091319,1663.1,0.06203466057777405,0.029082104165552205,0.6272658586502076,0.028688259813431906
0.760971115090144,0.6063570279217592,437.8,74.8875389666182,1674.2,0.06409208178520202,0.0309379619760694,0.62943816781044,0.02940369223642342
0.7844539932333506,0.6063570279217592,408.4,69.04106296425185,1703.6,0.06450393795967102,0.03024001264903489,0.6342984139919281,0.030729498638232627
0.8079368713765572,0.6063570279217592,380.6,70.35369391358824,1731.4,0.06080135703086853,0.030439899766210126,0.6402336597442627,0.03247662650345501
0.8314197495197639,0.6063570279217592,344.0,76.88672531733339,1768.0,0.05830819010734558,0.028572763215232343,0.6464137494564056,0.03221958591703423
0.8549026276629705,0.6063570279217592,259.1,92.04595525775078,1852.9,0.040887224674224856,0.039182053204365,0.6577245950698852,0.03136573433862753
0.8783855058061771,0.6063570279217592,117.8,83.60247887728096,1994.2,0.025589466094970703,0.03556174941567355,0.6692676424980164,0.02597628129440371
0.9018683839493837,0.6063570279217592,39.2,48.188372555675514,2072.8,0.005621469020843506,0.01629813150242493,0.6726760804653168,0.02236940790696015
0.9253512620925903,0.6063570279217592,0.0,0.0,2112.0,0.0,0.0,0.6729345262050629,0.02178006198520472
0.00951901450753212,0.6316881436066102,575.1,46.527476505922714,1536.9,0.051784342527389525,0.04846730398584351,0.6051296055316925,0.026409541287819045
0.033001892650738746,0.6316881436066102,575.0,46.66481697738515,1537.0,0.05383567214012146,0.045602408618292685,0.6051054418087005,0.026377953505321863
0.056484770793945364,0.6316881436066102,574.2,46.43615990378978,1537.8,0.05349838137626648,0.04533517708817298,0.6053377568721772,0.02611378264467324
0.07996764893715198,0.6316881436066102,574.2,46.43615990378978,1537.8,0.05349838137626648,0.04533517708817298,0.6053377568721772,0.02611378264467324
0.10345052708035861,0.6316881436066102,573.7,46.377654795484005,1538.3,0.05292485356330871,0.04579591301186909,0.6054364383220673,0.026151490336036635
0.12693340522356522,0.6316881436066102,573.7,46.377654795484005,1538.3,0.05292485356330871,0.04579591301186909,0.6054364383220673,0.026151490336036635
0.15041628336677185,0.6316881436066102,573.7,46.377654795484005,1538.3,0.05292485356330871,0.04579591301186909,0.6054364383220673,0.026151490336036635
0.17389916150997847,0.6316881436066102,573.7,46.377654795484005,1538.3,0.05292485356330871,0.04579591301186909,0.6054364383220673,0.026151490336036635
0.1973820396531851,0.6316881436066102,573.7,46.377654795484005,1538.3,0.05292485356330871,0.04579591301186909,0.6054364383220673,0.026151490336036635
0.22086491779639172,0.6316881436066102,573.7,46.377654795484005,1538.3,0.05292485356330871,0.04579591301186909,0.6054364383220673,0.026151490336036635
0.24434779593959835,0.6316881436066102,573.7,46.377654795484005,1538.3,0.05292485356330871,0.04579591301186909,0.6054364383220673,0.026151490336036635
0.267830674082805,0.6316881436066102,573.7,46.377654795484005,1538.3,0.05292485356330871,0.04579591301186909,0.6054364383220673,0.026151490336036635
0.2913135522260116,0.6316881436066102,573.7,46.377654795484005,1538.3,0.05292485356330871,0.04579591301186909,0.6054364383220673,0.026151490336036635
0.3147964303692182,0.6316881436066102,573.7,46.377654795484005,1538.3,0.05292485356330871,0.04579591301186909,0.6054364383220673,0.026151490336036635
0.3382793085124248,0.6316881436066102,573.7,46.377654795484005,1538.3,0.05292485356330871,0.04579591301186909,0.6054364383220673,0.026151490336036635
0.3617621866556315,0.6316881436066102,573.7,46.377654795484005,1538.3,0.05292485356330871,0.04579591301186909,0.6054364383220673,0.026151490336036635
0.3852450647988381,0.6316881436066102,573.7,46.377654795484005,1538.3,0.05292485356330871,0.04579591301186909,0.6054364383220673,0.026151490336036635
0.4087279429420447,0.6316881436066102,573.7,46.377654795484005,1538.3,0.05292485356330871,0.04579591301186909,0.6054364383220673,0.026151490336036635
0.43221082108525133,0.6316881436066102,573.7,46.377654795484005,1538.3,0.05292485356330871,0.04579591301186909,0.6054364383220673,0.026151490336036635
0.4556936992284579,0.6316881436066102,573.5,46.24407245321147,1538.5,0.0528994619846344,0.0458082978003379,0.6055078089237214,0.026190039062473185
0.4791765773716646,0.6316881436066102,573.5,46.24407245321147,1538.5,0.0528994619846344,0.0458082978003379,0.6055078089237214,0.026190039062473185
0.5026594555148711,0.6316881436066102,573.5,46.24407245321147,1538.5,0.0528994619846344,0.0458082978003379,0.6055078089237214,0.026190039062473185
0.5261423336580778,0.6316881436066102,573.5,46.24407245321147,1538.5,0.0528994619846344,0.0458082978003379,0.6055078089237214,0.026190039062473185
0.5496252118012844,0.6316881436066102,573.5,46.24407245321147,1538.5,0.0528994619846344,0.0458082978003379,0.6055078089237214,0.026190039062473185
0.573108089944491,0.6316881436066102,573.4,46.23540329772476,1538.6,0.05287885069847107,0.045825442166331526,0.605548757314682,0.026206141966858824
0.5965909680876976,0.6316881436066102,573.3,46.10960986807849,1538.7,0.05287119150161743,0.04581460766175969,0.6055952966213226,0.026210123328397197
0.6200738462309043,0.6316881436066102,573.3,46.10960986807849,1538.7,0.05287119150161743,0.04581460766175969,0.6055952966213226,0.026210123328397197
0.6435567243741109,0.6316881436066102,573.3,46.10960986807849,1538.7,0.05287119150161743,0.04581460766175969,0.6055952966213226,0.026210123328397197
0.6670396025173175,0.6316881436066102,570.0,45.42500706522503,1542.0,0.05242868661880493,0.04602949856924842,0.6069726765155792,0.026365947134646427
0.6905224806605241,0.6316881436066102,567.4,44.91924946404124,1544.6,0.05207794308662415,0.046042167294014086,0.6077672779560089,0.02634172311648767
0.7140053588037308,0.6316881436066102,552.8,36.848095256261146,1559.2,0.051059359312057497,0.04376936526036599,0.6132494509220123,0.028308583516540673
0.7374882369469374,0.6316881436066102,548.4,35.72044136266408,1563.6,0.0506500244140625,0.04353811106400491,0.6142539381980896,0.028847231195496124
0.760971115090144,0.6316881436066102,537.3,33.92406185251826,1574.7,0.05231119990348816,0.04586453485382106,0.6168312966823578,0.02985444549251902
0.7844539932333506,0.6316881436066102,507.9,40.55575273640229,1604.1,0.05197250843048096,0.0452694846444682,0.6225114285945892,0.031979315575417416
0.8079368713765572,0.6316881436066102,480.1,46.88296085146822,1631.9,0.047426581382751465,0.0446081307011063,0.629477721452713,0.034328652103275514
0.8314197495197639,0.6316881436066102,438.3,58.641864446330906,1673.7,0.033454954624176025,0.047476118941763304,0.6368086397647857,0.034340822168510386
0.8549026276629705,0.6316881436066102,341.6,81.77015852548075,1770.4,0.006103193759918213,0.07089991119146812,0.6516441404819489,0.033816079718855266
0.8783855058061771,0.6316881436066102,179.5,106.61471484353922,1932.5,0.010328066349029542,0.043755453672220314,0.6659586429595947,0.0277836259261454
0.9018683839493837,0.6316881436066102,84.2,87.43028514876363,2027.8,-0.014112228155136108,0.04941032428030278,0.6700697839260101,0.023404421657655394
0.9253512620925903,0.6316881436066102,0.0,0.0,2112.0,0.0,0.0,0.6729345262050629,0.02178006198520472
0.00951901450753212,0.6570192592914611,651.8,47.13496973571391,1460.2,0.08366279602050782,0.040031391959303074,0.5941097736358643,0.026095092733704802
0.033001892650738746,0.6570192592914611,651.7,47.23288092833045,1460.3,0.08495760560035706,0.03878404913070186,0.5940876305103302,0.02606613551389849
0.056484770793945364,0.6570192592914611,650.9,47.20687143177046,1461.1,0.08469780087471009,0.03862715089529795,0.594347232580185,0.025799572740318338
0.07996764893715198,0.6570192592914611,650.9,47.20687143177046,1461.1,0.08469780087471009,0.03862715089529795,0.594347232580185,0.025799572740318338
0.10345052708035861,0.6570192592914611,650.4,47.364094731254816,1461.6,0.08426035046577454,0.039184388337085145,0.594457083940506,0.02585684626961167
0.12693340522356522,0.6570192592914611,650.4,47.364094731254816,1461.6,0.08426035046577454,0.039184388337085145,0.594457083940506,0.02585684626961167
0.15041628336677185,0.6570192592914611,650.4,47.364094731254816,1461.6,0.08426035046577454,0.039184388337085145,0.594457083940506,0.02585684626961167
0.17389916150997847,0.6570192592914611,650.4,47.364094731254816,1461.6,0.08426035046577454,0.039184388337085145,0.594457083940506,0.02585684626961167
0.1973820396531851,0.6570192592914611,650.4,47.364094731254816,1461.6,0.08426035046577454,0.039184388337085145,0.594457083940506,0.02585684626961167
0.22086491779639172,0.6570192592914611,650.4,47.364094731254816,1461.6,0.08426035046577454,0.039184388337085145,0.594457083940506,0.02585684626961167
0.24434779593959835,0.6570192592914611,650.4,47.364094731254816,1461.6,0.08426035046577454,0.039184388337085145,0.594457083940506,0.02585684626961167
0.267830674082805,0.6570192592914611,650.4,47.364094731254816,1461.6,0.08426035046577454,0.039184388337085145,0.594457083940506,0.02585684626961167
0.2913135522260116,0.6570192592914611,650.4,47.364094731254816,1461.6,0.08426035046577454,0.039184388337085145,0.594457083940506,0.02585684626961167
0.3147964303692182,0.6570192592914611,650.4,47.364094731254816,1461.6,0.08426035046577454,0.039184388337085145,0.594457083940506,0.02585684626961167
0.3382793085124248,0.6570192592914611,650.4,47.364094731254816,1461.6,0.08426035046577454,0.039184388337085145,0.594457083940506,0.02585684626961167
0.3617621866556315,0.6570192592914611,650.4,47.364094731254816,1461.6,0.08426035046577454,0.039184388337085145,0.594457083940506,0.02585684626961167
0.3852450647988381,0.6570192592914611,650.4,47.364094731254816,1461.6,0.08426035046577454,0.039184388337085145,0.594457083940506,0.02585684626961167
0.4087279429420447,0.6570192592914611,650.4,47.364094731254816,1461.6,0.08426035046577454,0.039184388337085145,0.594457083940506,0.02585684626961167
0.43221082108525133,0.6570192592914611,650.4,47.364094731254816,1461.6,0.08426035046577454,0.039184388337085145,0.594457083940506,0.02585684626961167
0.4556936992284579,0.6570192592914611,650.2,47.124111673120964,1461.8,0.08423877954483032,0.039191248998688755,0.5945606589317322,0.02584989997031202
0.4791765773716646,0.6570192592914611,650.2,47.124111673120964,1461.8,0.08423877954483032,0.039191248998688755,0.5945606589317322,0.02584989997031202
0.5026594555148711,0.6570192592914611,650.2,47.124111673120964,1461.8,0.08423877954483032,0.039191248998688755,0.5945606589317322,0.02584989997031202
0.5261423336580778,0.6570192592914611,650.2,47.124111673120964,1461.8,0.08423877954483032,0.039191248998688755,0.5945606589317322,0.02584989997031202
0.5496252118012844,0.6570192592914611,650.2,47.124111673120964,1461.8,0.08423877954483032,0.039191248998688755,0.5945606589317322,0.02584989997031202
0.573108089944491,0.6570192592914611,650.1,47.15866781779915,1461.9,0.08421659469604492,0.03921995114678339,0.594605278968811,0.02587371374290897
0.5965909680876976,0.6570192592914611,650.0,47.031354240873284,1462.0,0.08420582413673401,0.03920563200960739,0.5946596264839172,0.025886417168356744
0.6200738462309043,0.6570192592914611,650.0,47.031354240873284,1462.0,0.08420582413673401,0.03920563200960739,0.5946596264839172,0.025886417168356744
0.6435567243741109,0.6570192592914611,650.0,47.031354240873284,1462.0,0.08420582413673401,0.03920563200960739,0.5946596264839172,0.025886417168356744
0.6670396025173175,0.6570192592914611,646.7,47.9354963797673,1465.3,0.08372240662574768,0.03957669266173016,0.5961537957191467,0.026214616617522377
0.6905224806605241,0.6570192592914611,644.1,46.90599832870777,1467.9,0.08347298502922058,0.039347766823383756,0.5972109794616699,0.02592835251974693
0.7140053588037308,0.6570192592914611,629.5,38.131870818496296,1482.5,0.08191055059432983,0.03817976312796223,0.6037501871585846,0.02824640119415427
0.7374882369469374,0.6570192592914611,625.1,34.83109921510384,1486.9,0.08179880976676941,0.0377554646065465,0.6051097333431243,0.02879497166046813
0.760971115090144,0.6570192592914611,614.0,32.22548547309744,1498.0,0.08309637904167175,0.040451829075848746,0.6081724762916565,0.030100138199377083
0.7844539932333506,0.6570192592914611,584.6,44.00359267087352,1527.4,0.08331314325332642,0.039833613945016784,0.6148043751716614,0.03311074989820354
0.8079368713765572,0.6570192592914611,550.6,50.36731291622098,1561.4,0.07727656364440919,0.03701778232382847,0.623541796207428,0.036398946836706914
0.8314197495197639,0.6570192592914611,503.3,67.95016225531539,1608.7,0.06482060551643372,0.0358304933787718,0.6305960536003112,0.03567879237646228
0.8549026276629705,0.6570192592914611,394.2,99.47651609878781,1717.8,0.04380674362182617,0.052366333121408946,0.6469216287136078,0.03499802610175375
0.8783855058061771,0.6570192592914611,209.1,125.20333165203692,1902.9,0.03162664771080017,0.035374872347578704,0.665027117729187,0.028720134594859083
0.9018683839493837,0.6570192592914611,103.3,101.45076421193397,2008.7,0.025037509202957154,0.02682179697254743,0.6700856983661652,0.023027494127965724
0.9253512620925903,0.6570192592914611,0.2,0.4524314325708198,2111.8,-71.74195556640625,162.29157866170644,0.6729182302951813,0.02176184363524009
0.00951901450753212,0.6823503749763121,689.9,49.7965258107579,1422.1,0.09332221746444702,0.03600300714887296,0.5878598868846894,0.026251663417365432
0.033001892650738746,0.6823503749763121,689.8,49.91781243745645,1422.2,0.0946078360080719,0.03439081760285164,0.5878382086753845,0.02622197974701157
0.056484770793945364,0.6823503749763121,689.0,49.93056830588264,1423.0,0.09435160756111145,0.034286636478337115,0.5881235361099243,0.025908350414392437
0.07996764893715198,0.6823503749763121,689.0,49.93056830588264,1423.0,0.09435160756111145,0.034286636478337115,0.5881235361099243,0.025908350414392437
0.10345052708035861,0.6823503749763121,688.5,49.84080938394631,1423.5,0.0940960943698883,0.034470125020967114,0.5882612347602845,0.025956914102481285
0.12693340522356522,0.6823503749763121,688.5,49.84080938394631,1423.5,0.0940960943698883,0.034470125020967114,0.5882612347602845,0.025956914102481285
0.15041628336677185,0.6823503749763121,688.5,49.84080938394631,1423.5,0.0940960943698883,0.034470125020967114,0.5882612347602845,0.025956914102481285
0.17389916150997847,0.6823503749763121,688.5,49.84080938394631,1423.5,0.0940960943698883,0.034470125020967114,0.5882612347602845,0.025956914102481285
0.1973820396531851,0.6823503749763121,688.5,49.84080938394631,1423.5,0.0940960943698883,0.034470125020967114,0.5882612347602845,0.025956914102481285
0.22086491779639172,0.6823503749763121,688.5,49.84080938394631,1423.5,0.0940960943698883,0.034470125020967114,0.5882612347602845,0.025956914102481285
0.24434779593959835,0.6823503749763121,688.5,49.84080938394631,1423.5,0.0940960943698883,0.034470125020967114,0.5882612347602845,0.025956914102481285
0.267830674082805,0.6823503749763121,688.5,49.84080938394631,1423.5,0.0940960943698883,0.034470125020967114,0.5882612347602845,0.025956914102481285
0.2913135522260116,0.6823503749763121,688.5,49.84080938394631,1423.5,0.0940960943698883,0.034470125020967114,0.5882612347602845,0.025956914102481285
0.3147964303692182,0.6823503749763121,688.5,49.84080938394631,1423.5,0.0940960943698883,0.034470125020967114,0.5882612347602845,0.025956914102481285
0.3382793085124248,0.6823503749763121,688.5,49.84080938394631,1423.5,0.0940960943698883,0.034470125020967114,0.5882612347602845,0.025956914102481285
0.3617621866556315,0.6823503749763121,688.5,49.84080938394631,1423.5,0.0940960943698883,0.034470125020967114,0.5882612347602845,0.025956914102481285
0.3852450647988381,0.6823503749763121,688.5,49.84080938394631,1423.5,0.0940960943698883,0.034470125020967114,0.5882612347602845,0.025956914102481285
0.4087279429420447,0.6823503749763121,688.5,49.84080938394631,1423.5,0.0940960943698883,0.034470125020967114,0.5882612347602845,0.025956914102481285
0.43221082108525133,0.6823503749763121,688.5,49.84080938394631,1423.5,0.0940960943698883,0.034470125020967114,0.5882612347602845,0.025956914102481285
0.4556936992284579,0.6823503749763121,688.3,49.647407033360075,1423.7,0.09407402873039246,0.034475339211238076,0.5883713722229004,0.025951237800910625
0.4791765773716646,0.6823503749763121,688.3,49.647407033360075,1423.7,0.09407402873039246,0.034475339211238076,0.5883713722229004,0.025951237800910625
0.5026594555148711,0.6823503749763121,688.3,49.647407033360075,1423.7,0.09407402873039246,0.034475339211238076,0.5883713722229004,0.025951237800910625
0.5261423336580778,0.6823503749763121,688.3,49.647407033360075,1423.7,0.09407402873039246,0.034475339211238076,0.5883713722229004,0.025951237800910625
0.5496252118012844,0.6823503749763121,688.3,49.647407033360075,1423.7,0.09407402873039246,0.034475339211238076,0.5883713722229004,0.025951237800910625
0.573108089944491,0.6823503749763121,688.2,49.632229935571694,1423.8,0.09405078887939453,0.034492449314947916,0.5884250640869141,0.025971036383240716
0.5965909680876976,0.6823503749763121,688.1,49.4987579909972,1423.9,0.09403838515281678,0.0344731317273582,0.5884849548339843,0.025988622303351135
0.6200738462309043,0.6823503749763121,688.1,49.4987579909972,1423.9,0.09403838515281678,0.0344731317273582,0.5884849548339843,0.025988622303351135
0.6435567243741109,0.6823503749763121,688.1,49.4987579909972,1423.9,0.09403838515281678,0.0344731317273582,0.5884849548339843,0.025988622303351135
0.6670396025173175,0.6823503749763121,684.8,49.37033842529576,1427.2,0.09350005984306335,0.03472700932254773,0.5902217149734497,0.026182654154187215
0.6905224806605241,0.6823503749763121,682.2,48.53872177715045,1429.8,0.09339344501495361,0.0344409804881891,0.5913478255271911,0.025945666278186303
0.7140053588037308,0.6823503749763121,667.6,39.023504219437086,1444.4,0.09169116616249084,0.032594238498947256,0.5985337972640992,0.028554909846560297
0.7374882369469374,0.6823503749763121,663.2,36.46808150772598,1448.8,0.09165769815444946,0.03216393793089893,0.5999991774559021,0.029186166751544763
0.760971115090144,0.6823503749763121,652.1,32.90546730836239,1459.9,0.09280134439468384,0.03419806014478407,0.6034241616725922,0.030606316101870826
0.7844539932333506,0.6823503749763121,622.7,39.34397949952404,1489.3,0.09264674782752991,0.03234019922648177,0.6109412729740142,0.033929954567458356
0.8079368713765572,0.6823503749763121,585.4,48.86492198441009,1526.6,0.08679797053337097,0.029523669663345672,0.6202780246734619,0.03745887622027446
0.8314197495197639,0.6823503749763121,525.4,68.98009255709472,1586.6,0.06741611957550049,0.03548367034874217,0.6282057762145996,0.036710788303638414
0.8549026276629705,0.6823503749763121,407.7,107.3814285401041,1704.3,0.047012227773666385,0.052499608742199465,0.6456379055976867,0.035945240112917505
0.8783855058061771,0.6823503749763121,219.4,133.17222703277892,1892.6,0.03199844360351563,0.03510152700131589,0.664443027973175,0.028940756486838106
0.9018683839493837,0.6823503749763121,108.7,107.91121977333933,2003.3,0.0259188175201416,0.026174245521323584,0.6698670268058777,0.023029049228961325
0.9253512620925903,0.6823503749763121,0.2,0.4524314325708198,2111.8,-71.74195556640625,162.29157866170644,0.6729182302951813,0.02176184363524009
0.00951901450753212,0.707681490661163,724.6,53.51137430752663,1387.4,0.11514948606491089,0.029825681854012902,0.5858799576759338,0.031007614217494036
0.033001892650738746,0.707681490661163,724.5,53.61015513213071,1387.5,0.11605270504951477,0.02956374805913521,0.5858588218688965,0.030982202016123016
0.056484770793945364,0.707681490661163,723.7,53.03947892033667,1388.3,0.11583433747291565,0.02955698526354873,0.5862448930740356,0.030406505939182
0.07996764893715198,0.707681490661163,723.7,53.03947892033667,1388.3,0.11583433747291565,0.02955698526354873,0.5862448930740356,0.030406505939182
0.10345052708035861,0.707681490661163,723.2,52.98558241972952,1388.8,0.11564641594886779,0.029661996259804996,0.5863917946815491,0.03044885867187303
0.12693340522356522,0.707681490661163,723.2,52.98558241972952,1388.8,0.11564641594886779,0.029661996259804996,0.5863917946815491,0.03044885867187303
0.15041628336677185,0.707681490661163,723.2,52.98558241972952,1388.8,0.11564641594886779,0.029661996259804996,0.5863917946815491,0.03044885867187303
0.17389916150997847,0.707681490661163,723.2,52.98558241972952,1388.8,0.11564641594886779,0.029661996259804996,0.5863917946815491,0.03044885867187303
0.1973820396531851,0.707681490661163,723.2,52.98558241972952,1388.8,0.11564641594886779,0.029661996259804996,0.5863917946815491,0.03044885867187303
0.22086491779639172,0.707681490661163,723.2,52.98558241972952,1388.8,0.11564641594886779,0.029661996259804996,0.5863917946815491,0.03044885867187303
0.24434779593959835,0.707681490661163,723.2,52.98558241972952,1388.8,0.11564641594886779,0.029661996259804996,0.5863917946815491,0.03044885867187303
0.267830674082805,0.707681490661163,723.2,52.98558241972952,1388.8,0.11564641594886779,0.029661996259804996,0.5863917946815491,0.03044885867187303
0.2913135522260116,0.707681490661163,723.2,52.98558241972952,1388.8,0.11564641594886779,0.029661996259804996,0.5863917946815491,0.03044885867187303
0.3147964303692182,0.707681490661163,723.2,52.98558241972952,1388.8,0.11564641594886779,0.029661996259804996,0.5863917946815491,0.03044885867187303
0.3382793085124248,0.707681490661163,723.2,52.98558241972952,1388.8,0.11564641594886779,0.029661996259804996,0.5863917946815491,0.03044885867187303
0.3617621866556315,0.707681490661163,723.2,52.98558241972952,1388.8,0.11564641594886779,0.029661996259804996,0.5863917946815491,0.03044885867187303
0.3852450647988381,0.707681490661163,723.2,52.98558241972952,1388.8,0.11564641594886779,0.029661996259804996,0.5863917946815491,0.03044885867187303
0.4087279429420447,0.707681490661163,723.2,52.98558241972952,1388.8,0.11564641594886779,0.029661996259804996,0.5863917946815491,0.03044885867187303
0.43221082108525133,0.707681490661163,723.2,52.98558241972952,1388.8,0.11564641594886779,0.029661996259804996,0.5863917946815491,0.03044885867187303
0.4556936992284579,0.707681490661163,723.0,52.82673826824079,1389.0,0.11562383770942689,0.02967603517485031,0.5865107595920562,0.030427556774869333
0.4791765773716646,0.707681490661163,723.0,52.82673826824079,1389.0,0.11562383770942689,0.02967603517485031,0.5865107595920562,0.030427556774869333
0.5026594555148711,0.707681490661163,723.0,52.82673826824079,1389.0,0.11562383770942689,0.02967603517485031,0.5865107595920562,0.030427556774869333
0.5261423336580778,0.707681490661163,723.0,52.82673826824079,1389.0,0.11562383770942689,0.02967603517485031,0.5865107595920562,0.030427556774869333
0.5496252118012844,0.707681490661163,723.0,52.82673826824079,1389.0,0.11562383770942689,0.02967603517485031,0.5865107595920562,0.030427556774869333
0.573108089944491,0.707681490661163,722.9,52.81861128055409,1389.1,0.11559985876083374,0.02968982914136898,0.5865673720836639,0.030444716762903095
0.5965909680876976,0.707681490661163,722.8,52.69072914829153,1389.2,0.11558754444122314,0.029669191232243364,0.5866340041160584,0.030453792436556493
0.6200738462309043,0.707681490661163,722.8,52.69072914829153,1389.2,0.11558754444122314,0.029669191232243364,0.5866340041160584,0.030453792436556493
0.6435567243741109,0.707681490661163,722.8,52.69072914829153,1389.2,0.11558754444122314,0.029669191232243364,0.5866340041160584,0.030453792436556493
0.6670396025173175,0.707681490661163,719.5,53.073986810507385,1392.5,0.11503331661224366,0.030001268954507845,0.5884558081626892,0.030575496671667517
0.6905224806605241,0.707681490661163,716.9,52.679559095742675,1395.1,0.11498861312866211,0.0298479203144118,0.5896427810192109,0.030353864507907714
0.7140053588037308,0.707681490661163,702.3,45.05556088468278,1409.7,0.11303480863571166,0.029156512545203777,0.5973887503147125,0.03221525460767581
0.7374882369469374,0.707681490661163,697.9,43.34647047181349,1414.1,0.11300929188728333,0.028611846730362753,0.5989726781845093,0.03270550585557457
0.760971115090144,0.707681490661163,686.8,40.71575675019492,1425.2,0.11400603652000427,0.029708291538932424,0.6025886058807373,0.03434940202974715
0.7844539932333506,0.707681490661163,654.7,47.3014484326553,1457.3,0.11277856826782226,0.025130167634291805,0.6105002284049987,0.03835061209756543
0.8079368713765572,0.707681490661163,611.7,59.56064062253601,1500.3,0.10440449118614196,0.02132982762869164,0.6205326080322265,0.042095148402635674
0.8314197495197639,0.707681490661163,550.8,81.36068021039281,1561.2,0.0835489809513092,0.03925022790440737,0.6287706673145295,0.04043742410868483
0.8549026276629705,0.707681490661163,424.5,120.70221406254177,1687.5,0.05675181746482849,0.055942255058978006,0.6448304712772369,0.03833263762337926
0.8783855058061771,0.707681490661163,225.9,136.53448573103825,1886.1,0.040330469608306885,0.041659764064832155,0.6659441888332367,0.02798561093977822
0.9018683839493837,0.707681490661163,113.9,111.51231527108386,1998.1,0.03283870816230774,0.039507254205636666,0.6709819197654724,0.02262299196354804
0.9253512620925903,0.707681490661163,0.2,0.4524314325708198,2111.8,-71.74195556640625,162.29157866170644,0.6729182302951813,0.02176184363524009
0.00951901450753212,0.7330126063460141,767.8,54.37319040865023,1344.2,0.1314488172531128,0.027748370349958102,0.5823329448699951,0.03579206335822392
0.033001892650738746,0.7330126063460141,767.7,54.48940331879352,1344.3,0.1321491241455078,0.027792459439612595,0.5823112607002259,0.03576555697837444
0.056484770793945364,0.7330126063460141,766.9,53.92971922130606,1345.1,0.13196198940277098,0.02776854698678641,0.5827434539794922,0.03515340259178203
0.07996764893715198,0.7330126063460141,766.9,53.92971922130606,1345.1,0.13196198940277098,0.02776854698678641,0.5827434539794922,0.03515340259178203
0.10345052708035861,0.7330126063460141,766.4,53.7668434952058,1345.6,0.13184454441070556,0.027819704953772385,0.5829193472862244,0.0351846746059928
0.12693340522356522,0.7330126063460141,766.4,53.7668434952058,1345.6,0.13184454441070556,0.027819704953772385,0.5829193472862244,0.0351846746059928
0.15041628336677185,0.7330126063460141,766.4,53.7668434952058,1345.6,0.13184454441070556,0.027819704953772385,0.5829193472862244,0.0351846746059928
0.17389916150997847,0.7330126063460141,766.4,53.7668434952058,1345.6,0.13184454441070556,0.027819704953772385,0.5829193472862244,0.0351846746059928
0.1973820396531851,0.7330126063460141,766.4,53.7668434952058,1345.6,0.13184454441070556,0.027819704953772385,0.5829193472862244,0.0351846746059928
0.22086491779639172,0.7330126063460141,766.4,53.7668434952058,1345.6,0.13184454441070556,0.027819704953772385,0.5829193472862244,0.0351846746059928
0.24434779593959835,0.7330126063460141,766.4,53.7668434952058,1345.6,0.13184454441070556,0.027819704953772385,0.5829193472862244,0.0351846746059928
0.267830674082805,0.7330126063460141,766.4,53.7668434952058,1345.6,0.13184454441070556,0.027819704953772385,0.5829193472862244,0.0351846746059928
0.2913135522260116,0.7330126063460141,766.4,53.7668434952058,1345.6,0.13184454441070556,0.027819704953772385,0.5829193472862244,0.0351846746059928
0.3147964303692182,0.7330126063460141,766.4,53.7668434952058,1345.6,0.13184454441070556,0.027819704953772385,0.5829193472862244,0.0351846746059928
0.3382793085124248,0.7330126063460141,766.4,53.7668434952058,1345.6,0.13184454441070556,0.027819704953772385,0.5829193472862244,0.0351846746059928
0.3617621866556315,0.7330126063460141,766.4,53.7668434952058,1345.6,0.13184454441070556,0.027819704953772385,0.5829193472862244,0.0351846746059928
0.3852450647988381,0.7330126063460141,766.4,53.7668434952058,1345.6,0.13184454441070556,0.027819704953772385,0.5829193472862244,0.0351846746059928
0.4087279429420447,0.7330126063460141,766.4,53.7668434952058,1345.6,0.13184454441070556,0.027819704953772385,0.5829193472862244,0.0351846746059928
0.43221082108525133,0.7330126063460141,766.4,53.7668434952058,1345.6,0.13184454441070556,0.027819704953772385,0.5829193472862244,0.0351846746059928
0.4556936992284579,0.7330126063460141,766.2,53.617101681696745,1345.8,0.1318199872970581,0.027832716054034874,0.5830532133579254,0.035140303244308294
0.4791765773716646,0.7330126063460141,766.2,53.617101681696745,1345.8,0.1318199872970581,0.027832716054034874,0.5830532133579254,0.035140303244308294
0.5026594555148711,0.7330126063460141,766.2,53.617101681696745,1345.8,0.1318199872970581,0.027832716054034874,0.5830532133579254,0.035140303244308294
0.5261423336580778,0.7330126063460141,766.2,53.617101681696745,1345.8,0.1318199872970581,0.027832716054034874,0.5830532133579254,0.035140303244308294
0.5496252118012844,0.7330126063460141,766.2,53.617101681696745,1345.8,0.1318199872970581,0.027832716054034874,0.5830532133579254,0.035140303244308294
0.573108089944491,0.7330126063460141,766.1,53.58702883232895,1345.9,0.13179657459259034,0.027843189732276327,0.5831190407276153,0.03515302994307526
0.5965909680876976,0.7330126063460141,766.0,53.483527767557305,1346.0,0.13178393840789795,0.02782614234946787,0.5831896603107453,0.03516205792334017
0.6200738462309043,0.7330126063460141,766.0,53.483527767557305,1346.0,0.13178393840789795,0.02782614234946787,0.5831896603107453,0.03516205792334017
0.6435567243741109,0.7330126063460141,766.0,53.483527767557305,1346.0,0.13178393840789795,0.02782614234946787,0.5831896603107453,0.03516205792334017
0.6670396025173175,0.7330126063460141,762.7,53.30681076846054,1349.3,0.1312016010284424,0.02817740929682644,0.5852858543395996,0.03510327229449701
0.6905224806605241,0.7330126063460141,760.1,53.00130118890986,1351.9,0.13113505840301515,0.02810844972124315,0.5865948259830475,0.03476261444992155
0.7140053588037308,0.7330126063460141,745.5,46.157923556113936,1366.5,0.12896510362625122,0.02786833797646412,0.5950427412986755,0.03617147460518564
0.7374882369469374,0.7330126063460141,741.1,44.73946025680233,1370.9,0.12902541160583497,0.027292877266289806,0.5967926919460297,0.03654228546868904
0.760971115090144,0.7330126063460141,729.0,41.99469326176643,1383.0,0.12816373109817505,0.026365119394382082,0.5999950349330903,0.03775820018194975
0.7844539932333506,0.7330126063460141,691.3,44.03310853334238,1420.7,0.12590686678886415,0.02210949767455103,0.6091174602508544,0.04236438148487708
0.8079368713765572,0.7330126063460141,642.6,63.92941348332466,1469.4,0.11539865136146546,0.022500252563684018,0.6195991933345795,0.04584829898919407
0.8314197495197639,0.7330126063460141,568.5,92.41326560565753,1543.5,0.09236340522766114,0.04343198136419056,0.627000504732132,0.04295121462528109
0.8549026276629705,0.7330126063460141,437.9,130.72121789096607,1674.1,0.06246172189712525,0.059604630718638765,0.6442026376724244,0.040343651917109445
0.8783855058061771,0.7330126063460141,235.0,144.71088504851292,1877.0,0.04293939471244812,0.043759314441149506,0.6662656903266907,0.028937419732888714
0.9018683839493837,0.7330126063460141,119.6,117.99086388752697,1992.4,0.0324981689453125,0.03868799671153135,0.6712717592716217,0.023770422345751375
0.9253512620925903,0.7330126063460141,0.2,0.4524314325708198,2111.8,-71.74195556640625,162.29157866170644,0.6729182302951813,0.02176184363524009
0.00951901450753212,0.7583437220308651,803.8,46.34546084097018,1308.2,0.13827414512634278,0.03168954536579972,0.5838223218917846,0.03779212743664669
0.033001892650738746,0.7583437220308651,803.7,46.491533975444916,1308.3,0.1388441264629364,0.03163248276654748,0.5838000357151032,0.03776387746835373
0.056484770793945364,0.7583437220308651,802.9,46.05210979701041,1309.1,0.13866813778877257,0.03162697927867766,0.58424311876297,0.03715879135283745
0.07996764893715198,0.7583437220308651,802.9,46.05210979701041,1309.1,0.13866813778877257,0.03162697927867766,0.58424311876297,0.03715879135283745
0.10345052708035861,0.7583437220308651,802.4,45.96034356874746,1309.6,0.13858724236488343,0.03163062878630036,0.5844233989715576,0.037203464225894906
0.12693340522356522,0.7583437220308651,802.4,45.96034356874746,1309.6,0.13858724236488343,0.03163062878630036,0.5844233989715576,0.037203464225894906
0.15041628336677185,0.7583437220308651,802.4,45.96034356874746,1309.6,0.13858724236488343,0.03163062878630036,0.5844233989715576,0.037203464225894906
0.17389916150997847,0.7583437220308651,802.4,45.96034356874746,1309.6,0.13858724236488343,0.03163062878630036,0.5844233989715576,0.037203464225894906
0.1973820396531851,0.7583437220308651,802.4,45.96034356874746,1309.6,0.13858724236488343,0.03163062878630036,0.5844233989715576,0.037203464225894906
0.22086491779639172,0.7583437220308651,802.4,45.96034356874746,1309.6,0.13858724236488343,0.03163062878630036,0.5844233989715576,0.037203464225894906
0.24434779593959835,0.7583437220308651,802.4,45.96034356874746,1309.6,0.13858724236488343,0.03163062878630036,0.5844233989715576,0.037203464225894906
0.267830674082805,0.7583437220308651,802.4,45.96034356874746,1309.6,0.13858724236488343,0.03163062878630036,0.5844233989715576,0.037203464225894906
0.2913135522260116,0.7583437220308651,802.4,45.96034356874746,1309.6,0.13858724236488343,0.03163062878630036,0.5844233989715576,0.037203464225894906
0.3147964303692182,0.7583437220308651,802.4,45.96034356874746,1309.6,0.13858724236488343,0.03163062878630036,0.5844233989715576,0.037203464225894906
0.3382793085124248,0.7583437220308651,802.4,45.96034356874746,1309.6,0.13858724236488343,0.03163062878630036,0.5844233989715576,0.037203464225894906
0.3617621866556315,0.7583437220308651,802.4,45.96034356874746,1309.6,0.13858724236488343,0.03163062878630036,0.5844233989715576,0.037203464225894906
0.3852450647988381,0.7583437220308651,802.4,45.96034356874746,1309.6,0.13858724236488343,0.03163062878630036,0.5844233989715576,0.037203464225894906
0.4087279429420447,0.7583437220308651,802.4,45.96034356874746,1309.6,0.13858724236488343,0.03163062878630036,0.5844233989715576,0.037203464225894906
0.43221082108525133,0.7583437220308651,802.4,45.96034356874746,1309.6,0.13858724236488343,0.03163062878630036,0.5844233989715576,0.037203464225894906
0.4556936992284579,0.7583437220308651,802.2,45.80246041725186,1309.8,0.13855941891670226,0.03162754630942002,0.5845598101615905,0.03717039597494089
0.4791765773716646,0.7583437220308651,802.2,45.80246041725186,1309.8,0.13855941891670226,0.03162754630942002,0.5845598101615905,0.03717039597494089
0.5026594555148711,0.7583437220308651,802.2,45.80246041725186,1309.8,0.13855941891670226,0.03162754630942002,0.5845598101615905,0.03717039597494089
0.5261423336580778,0.7583437220308651,802.2,45.80246041725186,1309.8,0.13855941891670226,0.03162754630942002,0.5845598101615905,0.03717039597494089
0.5496252118012844,0.7583437220308651,802.2,45.80246041725186,1309.8,0.13855941891670226,0.03162754630942002,0.5845598101615905,0.03717039597494089
0.573108089944491,0.7583437220308651,802.1,45.78712647257788,1309.9,0.13853726983070375,0.03162871912194099,0.5846269845962524,0.03718804627624738
0.5965909680876976,0.7583437220308651,802.0,45.67591034678233,1310.0,0.13852408528327942,0.03161217532400773,0.5847023606300354,0.03719167910467969
0.6200738462309043,0.7583437220308651,802.0,45.67591034678233,1310.0,0.13852408528327942,0.03161217532400773,0.5847023606300354,0.03719167910467969
0.6435567243741109,0.7583437220308651,802.0,45.67591034678233,1310.0,0.13852408528327942,0.03161217532400773,0.5847023606300354,0.03719167910467969
0.6670396025173175,0.7583437220308651,798.7,45.96634331889453,1313.3,0.13794929385185242,0.03188968506395678,0.5868975400924683,0.037021220568224676
0.6905224806605241,0.7583437220308651,796.1,45.34664423510086,1315.9,0.13784393072128295,0.03194875745711476,0.5883001565933228,0.036659081029225146
0.7140053588037308,0.7583437220308651,781.5,38.81319403785534,1330.5,0.13543018102645873,0.031121566757690712,0.5970660150051117,0.038056911500242555
0.7374882369469374,0.7583437220308651,776.6,37.27216194152677,1335.4,0.13581597208976745,0.031198493644207244,0.5984664857387543,0.03824395913088661
0.760971115090144,0.7583437220308651,757.0,34.3933866434816,1355.0,0.13305938243865967,0.028370888538844334,0.6012399911880493,0.039093160053179796
0.7844539932333506,0.7583437220308651,717.3,46.64172132833919,1394.7,0.12834776639938356,0.02664943069923246,0.6098058640956878,0.04320514823527635
0.8079368713765572,0.7583437220308651,668.5,72.83088284703307,1443.5,0.11780771017074584,0.02768187869921247,0.6205391526222229,0.046430324652062566
0.8314197495197639,0.7583437220308651,590.0,104.97969228106957,1522.0,0.09141794443130494,0.04486229543717145,0.6279747426509857,0.0432933335536082
0.8549026276629705,0.7583437220308651,457.7,143.89289521069213,1654.3,0.05885847806930542,0.05911667151247426,0.6454622030258179,0.04044642921451519
0.8783855058061771,0.7583437220308651,245.7,153.66435078068452,1866.3,0.037248861789703366,0.04119813639081509,0.6666992843151093,0.03016075701418387
0.9018683839493837,0.7583437220308651,122.4,120.32899510979024,1989.6,0.02852126955986023,0.03139952175087294,0.6721061527729034,0.024718818387081114
0.9253512620925903,0.7583437220308651,0.2,0.4524314325708198,2111.8,-71.74195556640625,162.29157866170644,0.6729182302951813,0.02176184363524009
0.00951901450753212,0.783674837715716,855.6,47.06301859791462,1256.4,0.14911812543869019,0.02897387277013538,0.5777477562427521,0.038534974876128884
0.033001892650738746,0.783674837715716,855.5,47.18373984290711,1256.5,0.14967053532600402,0.028744009812642024,0.577728945016861,0.03851459515308325
0.056484770793945364,0.783674837715716,854.7,46.846077323297884,1257.3,0.1495220422744751,0.028723398183723273,0.5782141029834748,0.037874086053039324
0.07996764893715198,0.783674837715716,854.7,46.846077323297884,1257.3,0.1495220422744751,0.028723398183723273,0.5782141029834748,0.037874086053039324
0.10345052708035861,0.783674837715716,854.2,46.90036125510862,1257.8,0.14945855140686035,0.02873432819339077,0.5784064829349518,0.03794159642341581
0.12693340522356522,0.783674837715716,854.2,46.90036125510862,1257.8,0.14945855140686035,0.02873432819339077,0.5784064829349518,0.03794159642341581
0.15041628336677185,0.783674837715716,854.2,46.90036125510862,1257.8,0.14945855140686035,0.02873432819339077,0.5784064829349518,0.03794159642341581
0.17389916150997847,0.783674837715716,854.2,46.90036125510862,1257.8,0.14945855140686035,0.02873432819339077,0.5784064829349518,0.03794159642341581
0.1973820396531851,0.783674837715716,854.2,46.90036125510862,1257.8,0.14945855140686035,0.02873432819339077,0.5784064829349518,0.03794159642341581
0.22086491779639172,0.783674837715716,854.2,46.90036125510862,1257.8,0.14945855140686035,0.02873432819339077,0.5784064829349518,0.03794159642341581
0.24434779593959835,0.783674837715716,854.2,46.90036125510862,1257.8,0.14945855140686035,0.02873432819339077,0.5784064829349518,0.03794159642341581
0.267830674082805,0.783674837715716,854.2,46.90036125510862,1257.8,0.14945855140686035,0.02873432819339077,0.5784064829349518,0.03794159642341581
0.2913135522260116,0.783674837715716,854.2,46.90036125510862,1257.8,0.14945855140686035,0.02873432819339077,0.5784064829349518,0.03794159642341581
0.3147964303692182,0.783674837715716,854.2,46.90036125510862,1257.8,0.14945855140686035,0.02873432819339077,0.5784064829349518,0.03794159642341581
0.3382793085124248,0.783674837715716,854.2,46.90036125510862,1257.8,0.14945855140686035,0.02873432819339077,0.5784064829349518,0.03794159642341581
0.3617621866556315,0.783674837715716,854.2,46.90036125510862,1257.8,0.14945855140686035,0.02873432819339077,0.5784064829349518,0.03794159642341581
0.3852450647988381,0.783674837715716,854.2,46.90036125510862,1257.8,0.14945855140686035,0.02873432819339077,0.5784064829349518,0.03794159642341581
0.4087279429420447,0.783674837715716,854.2,46.90036125510862,1257.8,0.14945855140686035,0.02873432819339077,0.5784064829349518,0.03794159642341581
0.43221082108525133,0.783674837715716,854.2,46.90036125510862,1257.8,0.14945855140686035,0.02873432819339077,0.5784064829349518,0.03794159642341581
0.4556936992284579,0.783674837715716,854.0,46.706226453815624,1258.0,0.14943010210990906,0.028735009253882587,0.5785773456096649,0.03785607847387523
0.4791765773716646,0.783674837715716,854.0,46.706226453815624,1258.0,0.14943010210990906,0.028735009253882587,0.5785773456096649,0.03785607847387523
0.5026594555148711,0.783674837715716,854.0,46.706226453815624,1258.0,0.14943010210990906,0.028735009253882587,0.5785773456096649,0.03785607847387523
0.5261423336580778,0.783674837715716,854.0,46.706226453815624,1258.0,0.14943010210990906,0.028735009253882587,0.5785773456096649,0.03785607847387523
0.5496252118012844,0.783674837715716,854.0,46.706226453815624,1258.0,0.14943010210990906,0.028735009253882587,0.5785773456096649,0.03785607847387523
0.573108089944491,0.783674837715716,853.9,46.720163442699985,1258.1,0.14940791726112365,0.02873898406090786,0.5786482691764832,0.03788207240875222
0.5965909680876976,0.783674837715716,853.8,46.64507364901733,1258.2,0.14939370155334472,0.028717235077280613,0.5787251770496369,0.037897392284979035
0.6200738462309043,0.783674837715716,853.8,46.64507364901733,1258.2,0.14939370155334472,0.028717235077280613,0.5787251770496369,0.037897392284979035
0.6435567243741109,0.783674837715716,853.8,46.64507364901733,1258.2,0.14939370155334472,0.028717235077280613,0.5787251770496369,0.037897392284979035
0.6670396025173175,0.783674837715716,850.5,47.890638280878484,1261.5,0.14879124760627746,0.029038115880796113,0.5810404181480407,0.03786739281176039
0.6905224806605241,0.783674837715716,847.9,47.046403510668675,1264.1,0.14865790605545043,0.0290407916190261,0.5827223896980286,0.037251374086784
0.7140053588037308,0.783674837715716,833.2,41.692755967966704,1278.8,0.14612070322036744,0.027927504735446793,0.592407888174057,0.03892425353505188
0.7374882369469374,0.783674837715716,816.5,34.80954440557601,1295.5,0.14441261291503907,0.025379930515411202,0.5933800280094147,0.038547819299225856
0.760971115090144,0.783674837715716,794.1,40.02796739495302,1317.9,0.1410932719707489,0.022771246005104304,0.596163421869278,0.03944336883531059
0.7844539932333506,0.783674837715716,754.4,58.32311284025634,1357.6,0.13632640838623047,0.022079321171272873,0.6051306843757629,0.044284977146409846
0.8079368713765572,0.783674837715716,698.0,90.26545672566913,1414.0,0.12453725934028625,0.025024854978674495,0.6167090237140656,0.047891044296167654
0.8314197495197639,0.783674837715716,612.3,120.9125060905285,1499.7,0.09699681997299195,0.04445842060385373,0.6252249419689179,0.04451759918791376
0.8549026276629705,0.783674837715716,475.8,155.63750880688033,1636.2,0.0627484917640686,0.058577284633476855,0.6440420031547547,0.04083230146415006
0.8783855058061771,0.783674837715716,256.1,161.12088121022123,1855.9,0.040065538883209226,0.040220131604916075,0.6669384479522705,0.028822244074214
0.9018683839493837,0.783674837715716,129.5,127.48225183249693,1982.5,0.02829223871231079,0.031007104534437918,0.6715933859348298,0.024122919631731854
0.9253512620925903,0.783674837715716,0.2,0.4524314325708198,2111.8,-71.74195556640625,162.29157866170644,0.6729182302951813,0.02176184363524009
0.00951901450753212,0.809005953400567,887.5,53.576204841983525,1224.5,0.16153314113616943,0.030455376391727317,0.5729049801826477,0.03991631451556938
0.033001892650738746,0.809005953400567,887.4,53.70653104046702,1224.6,0.16208186745643616,0.030138228941580202,0.5728866040706635,0.039896267979752376
0.056484770793945364,0.809005953400567,886.6,53.349619419268,1225.4,0.16195830702781677,0.030090530630230622,0.5734171509742737,0.03921916165894179
0.07996764893715198,0.809005953400567,886.6,53.349619419268,1225.4,0.16195830702781677,0.030090530630230622,0.5734171509742737,0.03921916165894179
0.10345052708035861,0.809005953400567,886.1,53.4606125853321,1225.9,0.16190555095672607,0.030103622283312207,0.5736164450645447,0.03930015371377237
0.12693340522356522,0.809005953400567,886.1,53.4606125853321,1225.9,0.16190555095672607,0.030103622283312207,0.5736164450645447,0.03930015371377237
0.15041628336677185,0.809005953400567,886.1,53.4606125853321,1225.9,0.16190555095672607,0.030103622283312207,0.5736164450645447,0.03930015371377237
0.17389916150997847,0.809005953400567,886.1,53.4606125853321,1225.9,0.16190555095672607,0.030103622283312207,0.5736164450645447,0.03930015371377237
0.1973820396531851,0.809005953400567,886.1,53.4606125853321,1225.9,0.16190555095672607,0.030103622283312207,0.5736164450645447,0.03930015371377237
0.22086491779639172,0.809005953400567,886.1,53.4606125853321,1225.9,0.16190555095672607,0.030103622283312207,0.5736164450645447,0.03930015371377237
0.24434779593959835,0.809005953400567,886.1,53.4606125853321,1225.9,0.16190555095672607,0.030103622283312207,0.5736164450645447,0.03930015371377237
0.267830674082805,0.809005953400567,886.1,53.4606125853321,1225.9,0.16190555095672607,0.030103622283312207,0.5736164450645447,0.03930015371377237
0.2913135522260116,0.809005953400567,886.1,53.4606125853321,1225.9,0.16190555095672607,0.030103622283312207,0.5736164450645447,0.03930015371377237
0.3147964303692182,0.809005953400567,886.1,53.4606125853321,1225.9,0.16190555095672607,0.030103622283312207,0.5736164450645447,0.03930015371377237
0.3382793085124248,0.809005953400567,886.1,53.4606125853321,1225.9,0.16190555095672607,0.030103622283312207,0.5736164450645447,0.03930015371377237
0.3617621866556315,0.809005953400567,886.1,53.4606125853321,1225.9,0.16190555095672607,0.030103622283312207,0.5736164450645447,0.03930015371377237
0.3852450647988381,0.809005953400567,886.1,53.4606125853321,1225.9,0.16190555095672607,0.030103622283312207,0.5736164450645447,0.03930015371377237
0.4087279429420447,0.809005953400567,886.1,53.4606125853321,1225.9,0.16190555095672607,0.030103622283312207,0.5736164450645447,0.03930015371377237
0.43221082108525133,0.809005953400567,886.1,53.4606125853321,1225.9,0.16190555095672607,0.030103622283312207,0.5736164450645447,0.03930015371377237
0.4556936992284579,0.809005953400567,885.9,53.27095940456178,1226.1,0.1618763566017151,0.03011061189068364,0.5738175332546234,0.03915094214025687
0.4791765773716646,0.809005953400567,885.9,53.27095940456178,1226.1,0.1618763566017151,0.03011061189068364,0.5738175332546234,0.03915094214025687
0.5026594555148711,0.809005953400567,885.9,53.27095940456178,1226.1,0.1618763566017151,0.03011061189068364,0.5738175332546234,0.03915094214025687
0.5261423336580778,0.809005953400567,885.9,53.27095940456178,1226.1,0.1618763566017151,0.03011061189068364,0.5738175332546234,0.03915094214025687
0.5496252118012844,0.809005953400567,885.9,53.27095940456178,1226.1,0.1618763566017151,0.03011061189068364,0.5738175332546234,0.03915094214025687
0.573108089944491,0.809005953400567,885.8,53.29587652480961,1226.2,0.16185299754142762,0.03011654356279208,0.5738905251026154,0.0391817616015568
0.5965909680876976,0.809005953400567,885.7,53.2139316462101,1226.3,0.16183922290802003,0.030096422365095653,0.5739834249019623,0.03917486028245052
0.6200738462309043,0.809005953400567,885.7,53.2139316462101,1226.3,0.16183922290802003,0.030096422365095653,0.5739834249019623,0.03917486028245052
0.6435567243741109,0.809005953400567,885.7,53.2139316462101,1226.3,0.16183922290802003,0.030096422365095653,0.5739834249019623,0.03917486028245052
0.6670396025173175,0.809005953400567,882.4,54.785110459632364,1229.6,0.16120331287384032,0.030422471622157377,0.5763140618801117,0.03955814511176334
0.6905224806605241,0.809005953400567,879.8,54.02173608831985,1232.2,0.161071515083313,0.03046001027950295,0.5782249271869659,0.03859430798833716
0.7140053588037308,0.809005953400567,858.3,46.342086846732535,1253.7,0.15692622661590577,0.02757678715909525,0.5905210494995117,0.03997864616874821
0.7374882369469374,0.809005953400567,839.9,44.47432688567485,1272.1,0.15473288893699647,0.025502045996747737,0.5916316330432891,0.03929696029714388
0.760971115090144,0.809005953400567,817.2,52.270354560923685,1294.8,0.15105634927749634,0.024103093618888724,0.5946768939495086,0.04024569742053495
0.7844539932333506,0.809005953400567,770.2,69.60912407929789,1341.8,0.14359360337257385,0.024533634900390473,0.6039049685001373,0.04630561362889155
0.8079368713765572,0.809005953400567,707.8,99.37643800236481,1404.2,0.12957172989845275,0.02794291396550726,0.6158048272132873,0.048780041102820734
0.8314197495197639,0.809005953400567,618.3,126.34419467004263,1493.7,0.09939842820167541,0.04539079370653973,0.624820077419281,0.0447634704323155
0.8549026276629705,0.809005953400567,480.2,159.36386564201874,1631.8,0.06513692736625672,0.05982465915370918,0.6440769493579864,0.0406546722115593
0.8783855058061771,0.809005953400567,258.3,163.15960022065255,1853.7,0.0405276894569397,0.04037680077884716,0.6669087946414948,0.028758685368344805
0.9018683839493837,0.809005953400567,130.4,128.5039787237713,1981.6,0.028413861989974976,0.031215035103116344,0.6715517342090607,0.02407632166997614
0.9253512620925903,0.809005953400567,0.2,0.4524314325708198,2111.8,-71.74195556640625,162.29157866170644,0.6729182302951813,0.02176184363524009
0.00951901450753212,0.8343370690854179,946.7,54.20168215893451,1165.3,0.19083211421966553,0.03847441867687465,0.5782434105873108,0.03622012738283542
0.033001892650738746,0.8343370690854179,946.6,54.33594978273623,1165.4,0.19128687381744386,0.03822922526418205,0.5782270431518555,0.03620290801322313
0.056484770793945364,0.8343370690854179,945.8,53.849900398138125,1166.2,0.19121931195259095,0.038145032556007694,0.578708815574646,0.03606012619371506
0.07996764893715198,0.8343370690854179,945.8,53.849900398138125,1166.2,0.19121931195259095,0.038145032556007694,0.578708815574646,0.03606012619371506
0.10345052708035861,0.8343370690854179,945.3,53.8660002937788,1166.7,0.19117717146873475,0.038159239660154345,0.578987181186676,0.03599546240997357
0.12693340522356522,0.8343370690854179,945.3,53.8660002937788,1166.7,0.19117717146873475,0.038159239660154345,0.578987181186676,0.03599546240997357
0.15041628336677185,0.8343370690854179,945.3,53.8660002937788,1166.7,0.19117717146873475,0.038159239660154345,0.578987181186676,0.03599546240997357
0.17389916150997847,0.8343370690854179,945.3,53.8660002937788,1166.7,0.19117717146873475,0.038159239660154345,0.578987181186676,0.03599546240997357
0.1973820396531851,0.8343370690854179,945.3,53.8660002937788,1166.7,0.19117717146873475,0.038159239660154345,0.578987181186676,0.03599546240997357
0.22086491779639172,0.8343370690854179,945.3,53.8660002937788,1166.7,0.19117717146873475,0.038159239660154345,0.578987181186676,0.03599546240997357
0.24434779593959835,0.8343370690854179,945.3,53.8660002937788,1166.7,0.19117717146873475,0.038159239660154345,0.578987181186676,0.03599546240997357
0.267830674082805,0.8343370690854179,945.3,53.8660002937788,1166.7,0.19117717146873475,0.038159239660154345,0.578987181186676,0.03599546240997357
0.2913135522260116,0.8343370690854179,945.3,53.8660002937788,1166.7,0.19117717146873475,0.038159239660154345,0.578987181186676,0.03599546240997357
0.3147964303692182,0.8343370690854179,945.3,53.8660002937788,1166.7,0.19117717146873475,0.038159239660154345,0.578987181186676,0.03599546240997357
0.3382793085124248,0.8343370690854179,945.3,53.8660002937788,1166.7,0.19117717146873475,0.038159239660154345,0.578987181186676,0.03599546240997357
0.3617621866556315,0.8343370690854179,945.3,53.8660002937788,1166.7,0.19117717146873475,0.038159239660154345,0.578987181186676,0.03599546240997357
0.3852450647988381,0.8343370690854179,945.3,53.8660002937788,1166.7,0.19117717146873475,0.038159239660154345,0.578987181186676,0.03599546240997357
0.4087279429420447,0.8343370690854179,945.3,53.8660002937788,1166.7,0.19117717146873475,0.038159239660154345,0.578987181186676,0.03599546240997357
0.43221082108525133,0.8343370690854179,945.3,53.8660002937788,1166.7,0.19117717146873475,0.038159239660154345,0.578987181186676,0.03599546240997357
0.4556936992284579,0.8343370690854179,945.1,53.74383751811661,1166.9,0.19114750623703003,0.03815361303708114,0.579194712638855,0.03582103724461549
0.4791765773716646,0.8343370690854179,945.1,53.74383751811661,1166.9,0.19114750623703003,0.03815361303708114,0.579194712638855,0.03582103724461549
0.5026594555148711,0.8343370690854179,945.1,53.74383751811661,1166.9,0.19114750623703003,0.03815361303708114,0.579194712638855,0.03582103724461549
0.5261423336580778,0.8343370690854179,945.1,53.74383751811661,1166.9,0.19114750623703003,0.03815361303708114,0.579194712638855,0.03582103724461549
0.5496252118012844,0.8343370690854179,945.1,53.74383751811661,1166.9,0.19114750623703003,0.03815361303708114,0.579194712638855,0.03582103724461549
0.573108089944491,0.8343370690854179,945.0,53.74970894458268,1167.0,0.1911243736743927,0.038161501788857646,0.5792922973632812,0.035800530863620755
0.5965909680876976,0.8343370690854179,944.9,53.671847174558955,1167.1,0.1911093473434448,0.03814742762014682,0.5793901264667511,0.03581775056219838
0.6200738462309043,0.8343370690854179,944.9,53.671847174558955,1167.1,0.1911093473434448,0.03814742762014682,0.5793901264667511,0.03581775056219838
0.6435567243741109,0.8343370690854179,944.9,53.671847174558955,1167.1,0.1911093473434448,0.03814742762014682,0.5793901264667511,0.03581775056219838
0.6670396025173175,0.8343370690854179,941.1,55.349140302100764,1170.9,0.19069514274597169,0.03878022571959141,0.5819220244884491,0.035262393118347495
0.6905224806605241,0.8343370690854179,931.6,51.7262350379283,1180.4,0.18795135617256165,0.037552394597410416,0.5817104637622833,0.03373383890074478
0.7140053588037308,0.8343370690854179,901.5,55.28417758581808,1210.5,0.1819763958454132,0.03683709271475424,0.5972235202789307,0.03434219507249518
0.7374882369469374,0.8343370690854179,883.1,60.66767367991709,1228.9,0.17986171841621398,0.03655246859628845,0.5983834385871887,0.03352826577900669
0.760971115090144,0.8343370690854179,854.3,65.54190213652211,1257.7,0.17352057099342347,0.03633019958992036,0.601140433549881,0.03392110009533476
0.7844539932333506,0.8343370690854179,795.3,84.09563970654003,1316.7,0.15809224247932435,0.03715812980844385,0.608662897348404,0.03984711533888635
0.8079368713765572,0.8343370690854179,732.1,115.8865676247357,1379.9,0.14396841526031495,0.042081073360706205,0.6212327480316162,0.04094762521391012
0.8314197495197639,0.8343370690854179,635.2,136.6237221774805,1476.8,0.10466318726539611,0.047758407030215666,0.6232946753501892,0.0455026809671241
0.8549026276629705,0.8343370690854179,493.9,166.4005693677471,1618.1,0.06887297630310059,0.06152810157548654,0.6425342082977294,0.04189324008015689
0.8783855058061771,0.8343370690854179,272.0,176.89689733316123,1840.0,0.044590932130813596,0.04340484904650043,0.6658359408378601,0.030397002099617265
0.9018683839493837,0.8343370690854179,135.8,135.11718269440496,1976.2,0.030802589654922486,0.03548478363404315,0.6719044208526611,0.02447955378021859
0.9253512620925903,0.8343370690854179,0.2,0.4524314325708198,2111.8,-71.74195556640625,162.29157866170644,0.6729182302951813,0.02176184363524009
0.00951901450753212,0.859668184770269,999.9,50.562516029801294,1112.1,0.21436309218406677,0.03794801778555594,0.5817381620407105,0.03135563571176622
0.033001892650738746,0.859668184770269,999.8,50.67187160523704,1112.2,0.2147597849369049,0.03771949646621047,0.5817266643047333,0.031344725385941866
0.056484770793945364,0.859668184770269,999.0,50.03408918335548,1113.0,0.21469207406044005,0.03765172217473691,0.5823078155517578,0.030948573642432087
0.07996764893715198,0.859668184770269,999.0,50.03408918335548,1113.0,0.21469207406044005,0.03765172217473691,0.5823078155517578,0.030948573642432087
0.10345052708035861,0.859668184770269,998.5,49.933130475666005,1113.5,0.2146795392036438,0.037645137223061426,0.5826480627059937,0.030747991332058307
0.12693340522356522,0.859668184770269,998.5,49.933130475666005,1113.5,0.2146795392036438,0.037645137223061426,0.5826480627059937,0.030747991332058307
0.15041628336677185,0.859668184770269,998.5,49.933130475666005,1113.5,0.2146795392036438,0.037645137223061426,0.5826480627059937,0.030747991332058307
0.17389916150997847,0.859668184770269,998.5,49.933130475666005,1113.5,0.2146795392036438,0.037645137223061426,0.5826480627059937,0.030747991332058307
0.1973820396531851,0.859668184770269,998.5,49.933130475666005,1113.5,0.2146795392036438,0.037645137223061426,0.5826480627059937,0.030747991332058307
0.22086491779639172,0.859668184770269,998.5,49.933130475666005,1113.5,0.2146795392036438,0.037645137223061426,0.5826480627059937,0.030747991332058307
0.24434779593959835,0.859668184770269,998.5,49.933130475666005,1113.5,0.2146795392036438,0.037645137223061426,0.5826480627059937,0.030747991332058307
0.267830674082805,0.859668184770269,998.5,49.933130475666005,1113.5,0.2146795392036438,0.037645137223061426,0.5826480627059937,0.030747991332058307
0.2913135522260116,0.859668184770269,998.5,49.933130475666005,1113.5,0.2146795392036438,0.037645137223061426,0.5826480627059937,0.030747991332058307
0.3147964303692182,0.859668184770269,998.5,49.933130475666005,1113.5,0.2146795392036438,0.037645137223061426,0.5826480627059937,0.030747991332058307
0.3382793085124248,0.859668184770269,998.5,49.933130475666005,1113.5,0.2146795392036438,0.037645137223061426,0.5826480627059937,0.030747991332058307
0.3617621866556315,0.859668184770269,998.5,49.933130475666005,1113.5,0.2146795392036438,0.037645137223061426,0.5826480627059937,0.030747991332058307
0.3852450647988381,0.859668184770269,998.5,49.933130475666005,1113.5,0.2146795392036438,0.037645137223061426,0.5826480627059937,0.030747991332058307
0.4087279429420447,0.859668184770269,998.5,49.933130475666005,1113.5,0.2146795392036438,0.037645137223061426,0.5826480627059937,0.030747991332058307
0.43221082108525133,0.859668184770269,998.5,49.933130475666005,1113.5,0.2146795392036438,0.037645137223061426,0.5826480627059937,0.030747991332058307
0.4556936992284579,0.859668184770269,998.3,49.78350717068873,1113.7,0.21464924216270448,0.03761457275943055,0.5828401625156403,0.030751447854645637
0.4791765773716646,0.859668184770269,998.3,49.78350717068873,1113.7,0.21464924216270448,0.03761457275943055,0.5828401625156403,0.030751447854645637
0.5026594555148711,0.859668184770269,998.3,49.78350717068873,1113.7,0.21464924216270448,0.03761457275943055,0.5828401625156403,0.030751447854645637
0.5261423336580778,0.859668184770269,998.3,49.78350717068873,1113.7,0.21464924216270448,0.03761457275943055,0.5828401625156403,0.030751447854645637
0.5496252118012844,0.859668184770269,998.3,49.78350717068873,1113.7,0.21464924216270448,0.03761457275943055,0.5828401625156403,0.030751447854645637
0.573108089944491,0.859668184770269,998.2,49.76608655956418,1113.8,0.214626681804657,0.03760275210001355,0.5829563677310944,0.030686659277210475
0.5965909680876976,0.859668184770269,998.1,49.70395098750665,1113.9,0.21461146473884582,0.037593694283472465,0.5830699145793915,0.03065999268888493
0.6200738462309043,0.859668184770269,998.1,49.70395098750665,1113.9,0.21461146473884582,0.037593694283472465,0.5830699145793915,0.03065999268888493
0.6435567243741109,0.859668184770269,994.2,48.17303086329604,1117.8,0.21452584266662597,0.037606144355937655,0.5852178812026978,0.030681825316953112
0.6670396025173175,0.859668184770269,985.1,50.57825711976516,1126.9,0.21218476295471192,0.0371092416306548,0.5895868599414825,0.029856579550464224
0.6905224806605241,0.859668184770269,971.7,51.19793600367164,1140.3,0.20390636324882508,0.037601280391444974,0.5893677949905396,0.029587811549211952
0.7140053588037308,0.859668184770269,941.6,63.22017669069647,1170.4,0.19786763191223145,0.03749951993307988,0.6047078907489777,0.031432799802607075
0.7374882369469374,0.859668184770269,922.8,71.85197399454741,1189.2,0.1956492304801941,0.03811804913829562,0.6057708263397217,0.03185538699421843
0.760971115090144,0.859668184770269,882.8,76.46834815695846,1229.2,0.18115979433059692,0.03373108686900487,0.602466493844986,0.030977577200424544
0.7844539932333506,0.859668184770269,821.9,102.00155029424972,1290.1,0.16420036554336548,0.03647200450340186,0.6093559920787811,0.03706647697980999
0.8079368713765572,0.859668184770269,752.4,127.99901017622753,1359.6,0.14935559034347534,0.041105057771838815,0.6234713971614838,0.03695693279256774
0.8314197495197639,0.859668184770269,651.1,146.58570894264244,1460.9,0.11003301739692688,0.049509367663479784,0.6246483981609344,0.04364456142907029
0.8549026276629705,0.859668184770269,509.6,176.25196700062148,1602.4,0.0737979531288147,0.06336586040060357,0.6446438789367676,0.04052698461644161
0.8783855058061771,0.859668184770269,280.4,183.90754949554673,1831.6,0.04561462998390198,0.04469958679622148,0.6659392714500427,0.03049998733160012
0.9018683839493837,0.859668184770269,137.2,136.9575036978804,1974.8,0.030659621953964232,0.035220473958788676,0.6718234539031982,0.024385264302785894
0.9253512620925903,0.859668184770269,0.2,0.4524314325708198,2111.8,-71.74195556640625,162.29157866170644,0.6729182302951813,0.02176184363524009
0.00951901450753212,0.88499930045512,1035.9,42.690887529297996,1076.1,0.22590181231498718,0.03403597724399991,0.5753200888633728,0.02984347690322608
0.033001892650738746,0.88499930045512,1035.8,42.81769476223092,1076.2,0.22627391815185546,0.03387260854082749,0.5753116071224212,0.02983516144346082
0.056484770793945364,0.88499930045512,1035.0,42.42709112536402,1077.0,0.22620611190795897,0.033810139543690665,0.5758966863155365,0.029479024573190817
0.07996764893715198,0.88499930045512,1035.0,42.42709112536402,1077.0,0.22620611190795897,0.033810139543690665,0.5758966863155365,0.029479024573190817
0.10345052708035861,0.88499930045512,1034.5,42.50240881581605,1077.5,0.22619540691375734,0.03380512755809079,0.576241534948349,0.029315923630764986
0.12693340522356522,0.88499930045512,1034.5,42.50240881581605,1077.5,0.22619540691375734,0.03380512755809079,0.576241534948349,0.029315923630764986
0.15041628336677185,0.88499930045512,1034.5,42.50240881581605,1077.5,0.22619540691375734,0.03380512755809079,0.576241534948349,0.029315923630764986
0.17389916150997847,0.88499930045512,1034.5,42.50240881581605,1077.5,0.22619540691375734,0.03380512755809079,0.576241534948349,0.029315923630764986
0.1973820396531851,0.88499930045512,1034.5,42.50240881581605,1077.5,0.22619540691375734,0.03380512755809079,0.576241534948349,0.029315923630764986
0.22086491779639172,0.88499930045512,1034.5,42.50240881581605,1077.5,0.22619540691375734,0.03380512755809079,0.576241534948349,0.029315923630764986
0.24434779593959835,0.88499930045512,1034.5,42.50240881581605,1077.5,0.22619540691375734,0.03380512755809079,0.576241534948349,0.029315923630764986
0.267830674082805,0.88499930045512,1034.5,42.50240881581605,1077.5,0.22619540691375734,0.03380512755809079,0.576241534948349,0.029315923630764986
0.2913135522260116,0.88499930045512,1034.5,42.50240881581605,1077.5,0.22619540691375734,0.03380512755809079,0.576241534948349,0.029315923630764986
0.3147964303692182,0.88499930045512,1034.5,42.50240881581605,1077.5,0.22619540691375734,0.03380512755809079,0.576241534948349,0.029315923630764986
0.3382793085124248,0.88499930045512,1034.5,42.50240881581605,1077.5,0.22619540691375734,0.03380512755809079,0.576241534948349,0.029315923630764986
0.3617621866556315,0.88499930045512,1034.5,42.50240881581605,1077.5,0.22619540691375734,0.03380512755809079,0.576241534948349,0.029315923630764986
0.3852450647988381,0.88499930045512,1034.5,42.50240881581605,1077.5,0.22619540691375734,0.03380512755809079,0.576241534948349,0.029315923630764986
0.4087279429420447,0.88499930045512,1034.5,42.50240881581605,1077.5,0.22619540691375734,0.03380512755809079,0.576241534948349,0.029315923630764986
0.43221082108525133,0.88499930045512,1034.5,42.50240881581605,1077.5,0.22619540691375734,0.03380512755809079,0.576241534948349,0.029315923630764986
0.4556936992284579,0.88499930045512,1034.3,42.29696211604906,1077.7,0.2261652886867523,0.03377213887818588,0.5764733493328095,0.029253441631853533
0.4791765773716646,0.88499930045512,1034.3,42.29696211604906,1077.7,0.2261652886867523,0.03377213887818588,0.5764733493328095,0.029253441631853533
0.5026594555148711,0.88499930045512,1034.3,42.29696211604906,1077.7,0.2261652886867523,0.03377213887818588,0.5764733493328095,0.029253441631853533
0.5261423336580778,0.88499930045512,1034.3,42.29696211604906,1077.7,0.2261652886867523,0.03377213887818588,0.5764733493328095,0.029253441631853533
0.5496252118012844,0.88499930045512,1034.3,42.29696211604906,1077.7,0.2261652886867523,0.03377213887818588,0.5764733493328095,0.029253441631853533
0.573108089944491,0.88499930045512,1034.2,42.31544210457323,1077.8,0.22614285945892335,0.03376166998032774,0.5765909135341645,0.029201743770731356
0.5965909680876976,0.88499930045512,1032.6,41.45532874903784,1079.4,0.22567465305328369,0.03345677283512492,0.5769197523593903,0.029184574781888222
0.6200738462309043,0.88499930045512,1030.9,41.09059717584457,1081.1,0.22462626099586486,0.03305852637246564,0.576513123512268,0.029298414954810184
0.6435567243741109,0.88499930045512,1025.7,41.40434301877629,1086.3,0.2237219274044037,0.033025258966444336,0.5783628106117249,0.02992095115017436
0.6670396025173175,0.88499930045512,1016.1,45.94209209099704,1095.9,0.22130884528160094,0.03263642634672322,0.583355325460434,0.029003129962536567
0.6905224806605241,0.88499930045512,1002.7,50.172596947316286,1109.3,0.21303160190582277,0.03435963097739083,0.5834833800792694,0.02802524413930048
0.7140053588037308,0.88499930045512,971.1,65.8520905173709,1140.9,0.20671380162239075,0.034679022761411604,0.6001147329807281,0.03070385425921017
0.7374882369469374,0.88499930045512,945.1,77.15577372958944,1166.9,0.2031262993812561,0.036174064484968925,0.6033754944801331,0.03186867713038284
0.760971115090144,0.88499930045512,899.3,84.25977886756665,1212.7,0.1865331470966339,0.03256672360222324,0.6010629773139954,0.031302898065120474
0.7844539932333506,0.88499930045512,838.2,112.90901569215636,1273.8,0.1695730745792389,0.03683147645128994,0.6080320358276368,0.03740941336800089
0.8079368713765572,0.88499930045512,768.1,139.8560663186363,1343.9,0.15507866740226744,0.04218086354192215,0.6228141605854034,0.036836562010171395
0.8314197495197639,0.88499930045512,664.3,158.064579481754,1447.7,0.11614746451377869,0.05325105158785093,0.6247266530990601,0.04310596588851768
0.8549026276629705,0.88499930045512,522.6,187.69216723814304,1589.4,0.07959005236625671,0.06701884199978618,0.6450808048248291,0.04015283257723779
0.8783855058061771,0.88499930045512,284.2,187.62599343589926,1827.8,0.04786372184753418,0.04781569287045553,0.6658803403377533,0.030441075958707826
0.9018683839493837,0.88499930045512,137.2,136.9575036978804,1974.8,0.030659621953964232,0.035220473958788676,0.6718234539031982,0.024385264302785894
0.9253512620925903,0.88499930045512,0.2,0.4524314325708198,2111.8,-71.74195556640625,162.29157866170644,0.6729182302951813,0.02176184363524009
0.00951901450753212,0.9103304161399709,1068.3,37.64232237927136,1043.7,0.23469635248184204,0.03173106378177242,0.5712890028953552,0.027970183426846873
0.033001892650738746,0.9103304161399709,1068.2,37.76259424890177,1043.8,0.23504042029380798,0.031525655061232845,0.5712849617004394,0.0279662628096015
0.056484770793945364,0.9103304161399709,1067.4,37.566947466121974,1044.6,0.23497192263603212,0.031465400028160555,0.5718850493431091,0.02759707045609474
0.07996764893715198,0.9103304161399709,1067.4,37.566947466121974,1044.6,0.23497192263603212,0.031465400028160555,0.5718850493431091,0.02759707045609474
0.10345052708035861,0.9103304161399709,1066.9,37.82826137672413,1045.1,0.23496276140213013,0.03146149994652566,0.5722381055355072,0.027435727778573855
0.12693340522356522,0.9103304161399709,1066.9,37.82826137672413,1045.1,0.23496276140213013,0.03146149994652566,0.5722381055355072,0.027435727778573855
0.15041628336677185,0.9103304161399709,1066.9,37.82826137672413,1045.1,0.23496276140213013,0.03146149994652566,0.5722381055355072,0.027435727778573855
0.17389916150997847,0.9103304161399709,1066.9,37.82826137672413,1045.1,0.23496276140213013,0.03146149994652566,0.5722381055355072,0.027435727778573855
0.1973820396531851,0.9103304161399709,1066.9,37.82826137672413,1045.1,0.23496276140213013,0.03146149994652566,0.5722381055355072,0.027435727778573855
0.22086491779639172,0.9103304161399709,1066.9,37.82826137672413,1045.1,0.23496276140213013,0.03146149994652566,0.5722381055355072,0.027435727778573855
0.24434779593959835,0.9103304161399709,1066.9,37.82826137672413,1045.1,0.23496276140213013,0.03146149994652566,0.5722381055355072,0.027435727778573855
0.267830674082805,0.9103304161399709,1066.9,37.82826137672413,1045.1,0.23496276140213013,0.03146149994652566,0.5722381055355072,0.027435727778573855
0.2913135522260116,0.9103304161399709,1066.9,37.82826137672413,1045.1,0.23496276140213013,0.03146149994652566,0.5722381055355072,0.027435727778573855
0.3147964303692182,0.9103304161399709,1066.9,37.82826137672413,1045.1,0.23496276140213013,0.03146149994652566,0.5722381055355072,0.027435727778573855
0.3382793085124248,0.9103304161399709,1066.9,37.82826137672413,1045.1,0.23496276140213013,0.03146149994652566,0.5722381055355072,0.027435727778573855
0.3617621866556315,0.9103304161399709,1066.9,37.82826137672413,1045.1,0.23496276140213013,0.03146149994652566,0.5722381055355072,0.027435727778573855
0.3852450647988381,0.9103304161399709,1066.9,37.82826137672413,1045.1,0.23496276140213013,0.03146149994652566,0.5722381055355072,0.027435727778573855
0.4087279429420447,0.9103304161399709,1066.9,37.82826137672413,1045.1,0.23496276140213013,0.03146149994652566,0.5722381055355072,0.027435727778573855
0.43221082108525133,0.9103304161399709,1066.9,37.82826137672413,1045.1,0.23496276140213013,0.03146149994652566,0.5722381055355072,0.027435727778573855
0.4556936992284579,0.9103304161399709,1066.7,37.61663476567073,1045.3,0.23493196964263915,0.03142442390454385,0.5724830567836762,0.02738139335755481
0.4791765773716646,0.9103304161399709,1066.7,37.61663476567073,1045.3,0.23493196964263915,0.03142442390454385,0.5724830567836762,0.02738139335755481
0.5026594555148711,0.9103304161399709,1066.7,37.61663476567073,1045.3,0.23493196964263915,0.03142442390454385,0.5724830567836762,0.02738139335755481
0.5261423336580778,0.9103304161399709,1066.7,37.61663476567073,1045.3,0.23493196964263915,0.03142442390454385,0.5724830567836762,0.02738139335755481
0.5496252118012844,0.9103304161399709,1066.3,37.36487464163665,1045.7,0.2348376989364624,0.03135540670149424,0.5726579427719116,0.027338582912546424
0.573108089944491,0.9103304161399709,1065.4,36.9781017315618,1046.6,0.23425862789154053,0.030964804497017478,0.5725264370441436,0.027351698068194714
0.5965909680876976,0.9103304161399709,1059.9,36.30815100135446,1052.1,0.23255625367164612,0.03096562153627628,0.5739533722400665,0.026898029252147963
0.6200738462309043,0.9103304161399709,1055.0,38.013515245457384,1057.0,0.23208834528923034,0.030341685556108496,0.5745062351226806,0.02797332079964897
0.6435567243741109,0.9103304161399709,1049.1,40.42374913283873,1062.9,0.2308106541633606,0.03025947770096234,0.5764453649520874,0.02865872975350321
0.6670396025173175,0.9103304161399709,1039.5,46.78437811221986,1072.5,0.22837510704994202,0.030075367461915234,0.5815608918666839,0.028071084567263177
0.6905224806605241,0.9103304161399709,1025.7,53.244909355416326,1086.3,0.22006227374076842,0.032846334581147066,0.5818788051605225,0.027203474643095187
0.7140053588037308,0.9103304161399709,987.4,70.89873067079519,1124.6,0.21206645369529725,0.03375385068226344,0.6000138580799103,0.03104077027909803
0.7374882369469374,0.9103304161399709,959.1,83.11453294886533,1152.9,0.2072276532649994,0.03457789184345277,0.6025863528251648,0.03202827165668011
0.760971115090144,0.9103304161399709,912.3,92.59447079223872,1199.7,0.19039602875709533,0.031630160679027984,0.6004774034023285,0.031259162695631275
0.7844539932333506,0.9103304161399709,848.2,120.11976431146698,1263.8,0.17246221899986267,0.037037404184765914,0.6088649749755859,0.035745090903611186
0.8079368713765572,0.9103304161399709,775.8,145.63670287833006,1336.2,0.15678711533546447,0.04274364330803346,0.6244367241859436,0.03462084601254085
0.8314197495197639,0.9103304161399709,672.0,164.65679659533617,1440.0,0.11767256855964661,0.05413385347865352,0.6265845894813538,0.041787796793751955
0.8549026276629705,0.9103304161399709,527.4,190.73566966139222,1584.6,0.07933217287063599,0.06676303111154401,0.6451301634311676,0.0401906683843274
0.8783855058061771,0.9103304161399709,289.0,192.76888785503604,1823.0,0.04749161601066589,0.047276526941819136,0.6660552561283112,0.030617297527664032
0.9018683839493837,0.9103304161399709,137.2,136.9575036978804,1974.8,0.030659621953964232,0.035220473958788676,0.6718234539031982,0.024385264302785894
0.9253512620925903,0.9103304161399709,0.2,0.4524314325708198,2111.8,-71.74195556640625,162.29157866170644,0.6729182302951813,0.02176184363524009
0.00951901450753212,0.9356615318248219,1106.3,35.72656923489915,1005.7,0.24492806792259217,0.030228523751183574,0.5647354483604431,0.030523063607738144
0.033001892650738746,0.9356615318248219,1106.2,35.77229613213079,1005.8,0.24518139958381652,0.030162981603230294,0.5647359013557434,0.030523595327777063
0.056484770793945364,0.9356615318248219,1105.4,35.34760817921103,1006.5999999999999,0.2451135754585266,0.030104212040446564,0.5654500603675843,0.030019261329623657
0.07996764893715198,0.9356615318248219,1105.4,35.34760817921103,1006.5999999999999,0.2451135754585266,0.030104212040446564,0.5654500603675843,0.030019261329623657
0.10345052708035861,0.9356615318248219,1104.9,35.76061151476648,1007.0999999999999,0.2451080083847046,0.03010130323446537,0.5658252537250519,0.029876772747607597
0.12693340522356522,0.9356615318248219,1104.9,35.76061151476648,1007.0999999999999,0.2451080083847046,0.03010130323446537,0.5658252537250519,0.029876772747607597
0.15041628336677185,0.9356615318248219,1104.9,35.76061151476648,1007.0999999999999,0.2451080083847046,0.03010130323446537,0.5658252537250519,0.029876772747607597
0.17389916150997847,0.9356615318248219,1104.9,35.76061151476648,1007.0999999999999,0.2451080083847046,0.03010130323446537,0.5658252537250519,0.029876772747607597
0.1973820396531851,0.9356615318248219,1104.9,35.76061151476648,1007.0999999999999,0.2451080083847046,0.03010130323446537,0.5658252537250519,0.029876772747607597
0.22086491779639172,0.9356615318248219,1104.9,35.76061151476648,1007.0999999999999,0.2451080083847046,0.03010130323446537,0.5658252537250519,0.029876772747607597
0.24434779593959835,0.9356615318248219,1104.9,35.76061151476648,1007.0999999999999,0.2451080083847046,0.03010130323446537,0.5658252537250519,0.029876772747607597
0.267830674082805,0.9356615318248219,1104.9,35.76061151476648,1007.0999999999999,0.2451080083847046,0.03010130323446537,0.5658252537250519,0.029876772747607597
0.2913135522260116,0.9356615318248219,1104.9,35.76061151476648,1007.0999999999999,0.2451080083847046,0.03010130323446537,0.5658252537250519,0.029876772747607597
0.3147964303692182,0.9356615318248219,1104.9,35.76061151476648,1007.0999999999999,0.2451080083847046,0.03010130323446537,0.5658252537250519,0.029876772747607597
0.3382793085124248,0.9356615318248219,1104.9,35.76061151476648,1007.0999999999999,0.2451080083847046,0.03010130323446537,0.5658252537250519,0.029876772747607597
0.3617621866556315,0.9356615318248219,1104.9,35.76061151476648,1007.0999999999999,0.2451080083847046,0.03010130323446537,0.5658252537250519,0.029876772747607597
0.3852450647988381,0.9356615318248219,1104.9,35.76061151476648,1007.0999999999999,0.2451080083847046,0.03010130323446537,0.5658252537250519,0.029876772747607597
0.4087279429420447,0.9356615318248219,1104.9,35.76061151476648,1007.0999999999999,0.2451080083847046,0.03010130323446537,0.5658252537250519,0.029876772747607597
0.43221082108525133,0.9356615318248219,1104.9,35.76061151476648,1007.0999999999999,0.2451080083847046,0.03010130323446537,0.5658252537250519,0.029876772747607597
0.4556936992284579,0.9356615318248219,1104.7,35.511064250564026,1007.3,0.24507611989974976,0.03006081180898503,0.5661127388477325,0.02975248588255512
0.4791765773716646,0.9356615318248219,1104.7,35.511064250564026,1007.3,0.24507611989974976,0.03006081180898503,0.5661127388477325,0.02975248588255512
0.5026594555148711,0.9356615318248219,1104.7,35.511064250564026,1007.3,0.24507611989974976,0.03006081180898503,0.5661127388477325,0.02975248588255512
0.5261423336580778,0.9356615318248219,1104.3,35.424495171735956,1007.7,0.24492741227149964,0.029994489404247517,0.5661484360694885,0.029745692121674654
0.5496252118012844,0.9356615318248219,1103.3,35.3087395714605,1008.7,0.24562937617301941,0.030339056165190902,0.5666798651218414,0.02967037049754648
0.573108089944491,0.9356615318248219,1102.0,35.568579986853784,1010.0,0.24479722380638122,0.03011228713787798,0.5666307151317597,0.02967515773880549
0.5965909680876976,0.9356615318248219,1092.6,40.182149209476066,1019.4000000000001,0.2405620276927948,0.03029147566568526,0.5682710707187653,0.029120994007042402
0.6200738462309043,0.9356615318248219,1087.7,43.85843797971779,1024.3,0.24009411931037902,0.02972509952069577,0.5688239336013794,0.03017627398276361
0.6435567243741109,0.9356615318248219,1081.8,48.290918428018344,1030.2,0.23881642818450927,0.029836753510161552,0.5707630634307861,0.031015383355807644
0.6670396025173175,0.9356615318248219,1069.4,53.51562441271557,1042.6,0.2356284499168396,0.02972416254752886,0.5772256314754486,0.03155926075419069
0.6905224806605241,0.9356615318248219,1050.8,60.36734507309142,1061.2,0.22562260031700135,0.03287512482440867,0.5785497009754181,0.030303456516675722
0.7140053588037308,0.9356615318248219,1007.7,80.16612482799265,1104.3,0.2172621965408325,0.03397899721135739,0.5988435626029969,0.03394730138813516
0.7374882369469374,0.9356615318248219,974.6,90.81758873296006,1137.4,0.21175286769866944,0.034369873566087825,0.6025691270828247,0.033753949068983664
0.760971115090144,0.9356615318248219,927.2,102.9776081788261,1184.8,0.19473259449005126,0.032780788289141986,0.60074862241745,0.03259184933868621
0.7844539932333506,0.9356615318248219,861.2,130.68308741566392,1250.8,0.1759909510612488,0.039115169283849435,0.6095645189285278,0.0363015078310971
0.8079368713765572,0.9356615318248219,788.8,156.96712106362884,1323.2,0.16030749082565307,0.04509098947700964,0.6255106985569,0.035058782888079
0.8314197495197639,0.9356615318248219,681.5,173.1712952464778,1430.5,0.12014797925949097,0.056864497357536306,0.6279089391231537,0.04259482452908179
0.8549026276629705,0.9356615318248219,536.3,197.83726618918774,1575.7,0.08163955211639404,0.06919329102015297,0.6469524204730988,0.04177284656254295
0.8783855058061771,0.9356615318248219,291.0,195.05019341174565,1821.0,0.047366172075271606,0.04709676362985756,0.6659892082214356,0.030550273785796528
0.9018683839493837,0.9356615318248219,137.2,136.9575036978804,1974.8,0.030659621953964232,0.035220473958788676,0.6718234539031982,0.024385264302785894
0.9253512620925903,0.9356615318248219,0.2,0.4524314325708198,2111.8,-71.74195556640625,162.29157866170644,0.6729182302951813,0.02176184363524009
0.00951901450753212,0.9609926475096728,1141.7,41.65489404543313,970.3,0.2548119306564331,0.033146162490841985,0.5562838673591614,0.033321990399372385
0.033001892650738746,0.9609926475096728,1141.6,41.69057387232006,970.4000000000001,0.2550408661365509,0.03312645002042965,0.5562870800495148,0.0333259851700357
0.056484770793945364,0.9609926475096728,1140.8,41.495907799567135,971.2,0.25497246384620664,0.03307312013740352,0.557004326581955,0.03306020818884334
0.07996764893715198,0.9609926475096728,1140.8,41.495907799567135,971.2,0.25497246384620664,0.03307312013740352,0.557004326581955,0.03306020818884334
0.10345052708035861,0.9609926475096728,1140.3,41.83740603842407,971.7,0.2549727618694305,0.033073348718291484,0.5573940575122833,0.03304619864240896
0.12693340522356522,0.9609926475096728,1140.3,41.83740603842407,971.7,0.2549727618694305,0.033073348718291484,0.5573940575122833,0.03304619864240896
0.15041628336677185,0.9609926475096728,1140.3,41.83740603842407,971.7,0.2549727618694305,0.033073348718291484,0.5573940575122833,0.03304619864240896
0.17389916150997847,0.9609926475096728,1140.3,41.83740603842407,971.7,0.2549727618694305,0.033073348718291484,0.5573940575122833,0.03304619864240896
0.1973820396531851,0.9609926475096728,1140.3,41.83740603842407,971.7,0.2549727618694305,0.033073348718291484,0.5573940575122833,0.03304619864240896
0.22086491779639172,0.9609926475096728,1140.3,41.83740603842407,971.7,0.2549727618694305,0.033073348718291484,0.5573940575122833,0.03304619864240896
0.24434779593959835,0.9609926475096728,1140.3,41.83740603842407,971.7,0.2549727618694305,0.033073348718291484,0.5573940575122833,0.03304619864240896
0.267830674082805,0.9609926475096728,1140.3,41.83740603842407,971.7,0.2549727618694305,0.033073348718291484,0.5573940575122833,0.03304619864240896
0.2913135522260116,0.9609926475096728,1140.3,41.83740603842407,971.7,0.2549727618694305,0.033073348718291484,0.5573940575122833,0.03304619864240896
0.3147964303692182,0.9609926475096728,1140.3,41.83740603842407,971.7,0.2549727618694305,0.033073348718291484,0.5573940575122833,0.03304619864240896
0.3382793085124248,0.9609926475096728,1140.3,41.83740603842407,971.7,0.2549727618694305,0.033073348718291484,0.5573940575122833,0.03304619864240896
0.3617621866556315,0.9609926475096728,1140.3,41.83740603842407,971.7,0.2549727618694305,0.033073348718291484,0.5573940575122833,0.03304619864240896
0.3852450647988381,0.9609926475096728,1140.3,41.83740603842407,971.7,0.2549727618694305,0.033073348718291484,0.5573940575122833,0.03304619864240896
0.4087279429420447,0.9609926475096728,1140.3,41.83740603842407,971.7,0.2549727618694305,0.033073348718291484,0.5573940575122833,0.03304619864240896
0.43221082108525133,0.9609926475096728,1140.3,41.83740603842407,971.7,0.2549727618694305,0.033073348718291484,0.5573940575122833,0.03304619864240896
0.4556936992284579,0.9609926475096728,1140.1,41.55978050339905,971.9000000000001,0.2549392282962799,0.033034353935900825,0.5577355206012726,0.032894557943680604
0.4791765773716646,0.9609926475096728,1140.0,41.574211849987165,972.0,0.25485106110572814,0.03300591973074388,0.55774906873703,0.03289317389548105
0.5026594555148711,0.9609926475096728,1139.1,41.75905087027557,972.9000000000001,0.25446257591247556,0.03289474568658195,0.558158528804779,0.03286480440808745
0.5261423336580778,0.9609926475096728,1137.9,41.832513140159364,974.0999999999999,0.2541359007358551,0.03290884645652865,0.5580228805541992,0.03269414438324442
0.5496252118012844,0.9609926475096728,1129.0,45.71075276152891,983.0,0.25143330097198485,0.03178288452319222,0.5587262749671936,0.034314974077868446
0.573108089944491,0.9609926475096728,1126.8,47.07582331680027,985.2,0.2504486858844757,0.031739115617408345,0.5589200496673584,0.034253820640884364
0.5965909680876976,0.9609926475096728,1117.4,53.20447451194051,994.5999999999999,0.24621348977088928,0.03233285977813952,0.560560405254364,0.03398712959340757
0.6200738462309043,0.9609926475096728,1112.5,57.25264102742528,999.5,0.24574558138847352,0.03185010223024627,0.5611132681369781,0.034964953469533266
0.6435567243741109,0.9609926475096728,1102.1,57.92226800513855,1009.9000000000001,0.24308407306671143,0.031288636313900046,0.5646314680576324,0.03685358980475223
0.6670396025173175,0.9609926475096728,1083.8,58.546523158318685,1028.2,0.2389106810092926,0.030578915761657836,0.572395670413971,0.03712304836550604
0.6905224806605241,0.9609926475096728,1063.7,66.19965871643271,1048.3,0.22808506488800048,0.03361164654090263,0.5731168270111084,0.03610867409407012
0.7140053588037308,0.9609926475096728,1019.8,87.51413892782436,1092.2,0.21938157677650452,0.03463406870307071,0.593473207950592,0.0407992774900635
0.7374882369469374,0.9609926475096728,983.8,97.26738011610534,1128.2,0.21431803703308105,0.03500600006820644,0.5997604906558991,0.037123262914162417
0.760971115090144,0.9609926475096728,934.9,109.59961447780532,1177.1,0.19695439338684081,0.03422774644154517,0.5986417829990387,0.03491697113499468
0.7844539932333506,0.9609926475096728,868.9,138.0712750910482,1243.1,0.17821274995803832,0.04091830630170357,0.6074576795101165,0.038676704901792675
0.8079368713765572,0.9609926475096728,796.5,164.58296761405177,1315.5,0.162525737285614,0.046984187579000844,0.623840969800949,0.03704551782112682
0.8314197495197639,0.9609926475096728,685.3,177.11406498776842,1426.7,0.12188958525657653,0.05903140248481117,0.6283506929874421,0.042864270301332504
0.8549026276629705,0.9609926475096728,540.1,201.40694103484586,1571.9,0.08332719206809998,0.07116093076148475,0.6475524187088013,0.04236870158806498
0.8783855058061771,0.9609926475096728,291.0,195.05019341174565,1821.0,0.047366172075271606,0.04709676362985756,0.6659892082214356,0.030550273785796528
0.9018683839493837,0.9609926475096728,137.2,136.9575036978804,1974.8,0.030659621953964232,0.035220473958788676,0.6718234539031982,0.024385264302785894
0.9253512620925903,0.9609926475096728,0.2,0.4524314325708198,2111.8,-71.74195556640625,162.29157866170644,0.6729182302951813,0.02176184363524009
0.00951901450753212,0.9863237631945239,1172.1,40.12302763769545,939.9000000000001,0.2652006447315216,0.02842962780217609,0.5507280170917511,0.028252631124463926
0.033001892650738746,0.9863237631945239,1172.0,40.09403687896604,940.0,0.2654032826423645,0.028381343071807716,0.5507488131523133,0.028276748575644356
0.056484770793945364,0.9863237631945239,1171.2,39.87333199458395,940.8,0.2653335690498352,0.0283251242071529,0.5515307068824769,0.02790557599996698
0.07996764893715198,0.9863237631945239,1171.2,39.87333199458395,940.8,0.2653335690498352,0.0283251242071529,0.5515307068824769,0.02790557599996698
0.10345052708035861,0.9863237631945239,1170.7,40.40067452832868,941.3,0.26533454060554507,0.028325894673177168,0.5519262254238129,0.02792670962855128
0.12693340522356522,0.9863237631945239,1170.7,40.40067452832868,941.3,0.26533454060554507,0.028325894673177168,0.5519262254238129,0.02792670962855128
0.15041628336677185,0.9863237631945239,1170.7,40.40067452832868,941.3,0.26533454060554507,0.028325894673177168,0.5519262254238129,0.02792670962855128
0.17389916150997847,0.9863237631945239,1170.7,40.40067452832868,941.3,0.26533454060554507,0.028325894673177168,0.5519262254238129,0.02792670962855128
0.1973820396531851,0.9863237631945239,1170.7,40.40067452832868,941.3,0.26533454060554507,0.028325894673177168,0.5519262254238129,0.02792670962855128
0.22086491779639172,0.9863237631945239,1170.7,40.40067452832868,941.3,0.26533454060554507,0.028325894673177168,0.5519262254238129,0.02792670962855128
0.24434779593959835,0.9863237631945239,1170.7,40.40067452832868,941.3,0.26533454060554507,0.028325894673177168,0.5519262254238129,0.02792670962855128
0.267830674082805,0.9863237631945239,1170.7,40.40067452832868,941.3,0.26533454060554507,0.028325894673177168,0.5519262254238129,0.02792670962855128
0.2913135522260116,0.9863237631945239,1170.7,40.40067452832868,941.3,0.26533454060554507,0.028325894673177168,0.5519262254238129,0.02792670962855128
0.3147964303692182,0.9863237631945239,1170.7,40.40067452832868,941.3,0.26533454060554507,0.028325894673177168,0.5519262254238129,0.02792670962855128
0.3382793085124248,0.9863237631945239,1170.7,40.40067452832868,941.3,0.26533454060554507,0.028325894673177168,0.5519262254238129,0.02792670962855128
0.3617621866556315,0.9863237631945239,1170.7,40.40067452832868,941.3,0.26533454060554507,0.028325894673177168,0.5519262254238129,0.02792670962855128
0.3852450647988381,0.9863237631945239,1170.7,40.40067452832868,941.3,0.26533454060554507,0.028325894673177168,0.5519262254238129,0.02792670962855128
0.4087279429420447,0.9863237631945239,1170.7,40.40067452832868,941.3,0.26533454060554507,0.028325894673177168,0.5519262254238129,0.02792670962855128
0.43221082108525133,0.9863237631945239,1170.7,40.40067452832868,941.3,0.26533454060554507,0.028325894673177168,0.5519262254238129,0.02792670962855128
0.4556936992284579,0.9863237631945239,1168.7,40.89863648799243,943.3,0.2640315115451813,0.027974723053262446,0.5528379857540131,0.02772508274320308
0.4791765773716646,0.9863237631945239,1168.4,41.05702729742687,943.5999999999999,0.26431310176849365,0.028018203484145996,0.5529471337795258,0.02772163933123286
0.5026594555148711,0.9863237631945239,1167.0,41.71620628743318,945.0,0.2639864206314087,0.027930222265803877,0.5537711620330811,0.028234167083128474
0.5261423336580778,0.9863237631945239,1165.1,42.86500982298861,946.9000000000001,0.26310391426086427,0.02760770766431576,0.5537367999553681,0.02806349533005024
0.5496252118012844,0.9863237631945239,1156.2,49.51983225247556,955.8,0.260401314496994,0.026775121189775337,0.5544401943683624,0.029993308344308956
0.573108089944491,0.9863237631945239,1154.0,51.44826002144231,958.0,0.25941669940948486,0.026910374600698988,0.5546339690685272,0.029939101571612992
0.5965909680876976,0.9863237631945239,1143.8,58.73366275870987,968.2,0.25531370043754575,0.028427918662377677,0.5568480074405671,0.030125566466995355
0.6200738462309043,0.9863237631945239,1130.7,62.11858672054791,981.3,0.25139686465263367,0.028595608939085065,0.5593595206737518,0.03139368904346705
0.6435567243741109,0.9863237631945239,1117.4,64.73196089194403,994.5999999999999,0.2479655086994171,0.028557371847605706,0.5640231609344483,0.03322701003305
0.6670396025173175,0.9863237631945239,1096.6,66.17917055997721,1015.4000000000001,0.24339229464530945,0.027709194021660086,0.5722225189208985,0.03341983894619638
0.6905224806605241,0.9863237631945239,1076.5,74.91748598993816,1035.5,0.23256730437278747,0.03185370302884314,0.5729525804519653,0.03243262160735616
0.7140053588037308,0.9863237631945239,1030.7,95.69756656601841,1081.3,0.2222592055797577,0.033825294177359924,0.5932593941688538,0.03790718214708335
0.7374882369469374,0.9863237631945239,992.3,104.65967354713057,1119.7,0.21512781381607055,0.03512654951801225,0.5987366914749146,0.03548896161813055
0.760971115090144,0.9863237631945239,943.4,118.21473383732356,1168.6,0.19776329398155212,0.034578942084043905,0.5976139008998871,0.03320862419905591
0.7844539932333506,0.9863237631945239,877.3,147.09281583229753,1234.7,0.1790176510810852,0.04141962867425194,0.6065252959728241,0.03718251832403194
0.8079368713765572,0.9863237631945239,804.2,172.9911220595838,1307.8,0.1628554344177246,0.04732660587874719,0.6225185215473175,0.03659158584976884
0.8314197495197639,0.9863237631945239,693.0,186.0673733765701,1419.0,0.12205729484558106,0.059249712505173656,0.6278542220592499,0.04256296445980492
0.8549026276629705,0.9863237631945239,542.0,203.30460608132816,1570.0,0.08238865733146668,0.07004782503987446,0.6475172400474548,0.0423327963552921
0.8783855058061771,0.9863237631945239,291.0,195.05019341174565,1821.0,0.047366172075271606,0.04709676362985756,0.6659892082214356,0.030550273785796528
0.9018683839493837,0.9863237631945239,137.2,136.9575036978804,1974.8,0.030659621953964232,0.035220473958788676,0.6718234539031982,0.024385264302785894
0.9253512620925903,0.9863237631945239,0.2,0.4524314325708198,2111.8,-71.74195556640625,162.29157866170644,0.6729182302951813,0.02176184363524009
0.00951901450753212,1.0116548788793749,1210.7,47.66666884760009,901.3,0.27235074043273927,0.02815808220086546,0.5364959180355072,0.026672845131877447
0.033001892650738746,1.0116548788793749,1210.6,47.61910978641544,901.4000000000001,0.2725374400615692,0.02808158549149232,0.536535382270813,0.026719930374809575
0.056484770793945364,1.0116548788793749,1209.8,47.54454281208145,902.2,0.272467839717865,0.028031668888342163,0.5373857259750366,0.02648729450705204
0.07996764893715198,1.0116548788793749,1209.8,47.54454281208145,902.2,0.272467839717865,0.028031668888342163,0.5373857259750366,0.02648729450705204
0.10345052708035861,1.0116548788793749,1209.3,47.98528952921064,902.7,0.2724708080291748,0.028034796406975367,0.5378397643566132,0.026580576700439174
0.12693340522356522,1.0116548788793749,1209.3,47.98528952921064,902.7,0.2724708080291748,0.028034796406975367,0.5378397643566132,0.026580576700439174
0.15041628336677185,1.0116548788793749,1209.3,47.98528952921064,902.7,0.2724708080291748,0.028034796406975367,0.5378397643566132,0.026580576700439174
0.17389916150997847,1.0116548788793749,1209.3,47.98528952921064,902.7,0.2724708080291748,0.028034796406975367,0.5378397643566132,0.026580576700439174
0.1973820396531851,1.0116548788793749,1209.3,47.98528952921064,902.7,0.2724708080291748,0.028034796406975367,0.5378397643566132,0.026580576700439174
0.22086491779639172,1.0116548788793749,1209.3,47.98528952921064,902.7,0.2724708080291748,0.028034796406975367,0.5378397643566132,0.026580576700439174
0.24434779593959835,1.0116548788793749,1209.3,47.98528952921064,902.7,0.2724708080291748,0.028034796406975367,0.5378397643566132,0.026580576700439174
0.267830674082805,1.0116548788793749,1209.3,47.98528952921064,902.7,0.2724708080291748,0.028034796406975367,0.5378397643566132,0.026580576700439174
0.2913135522260116,1.0116548788793749,1209.3,47.98528952921064,902.7,0.2724708080291748,0.028034796406975367,0.5378397643566132,0.026580576700439174
0.3147964303692182,1.0116548788793749,1209.3,47.98528952921064,902.7,0.2724708080291748,0.028034796406975367,0.5378397643566132,0.026580576700439174
0.3382793085124248,1.0116548788793749,1209.3,47.98528952921064,902.7,0.2724708080291748,0.028034796406975367,0.5378397643566132,0.026580576700439174
0.3617621866556315,1.0116548788793749,1209.3,47.98528952921064,902.7,0.2724708080291748,0.028034796406975367,0.5378397643566132,0.026580576700439174
0.3852450647988381,1.0116548788793749,1209.3,47.98528952921064,902.7,0.2724708080291748,0.028034796406975367,0.5378397643566132,0.026580576700439174
0.4087279429420447,1.0116548788793749,1209.2,48.05485409915032,902.8,0.2727382957935333,0.028084221820321078,0.5378385543823242,0.026580386990015564
0.43221082108525133,1.0116548788793749,1209.2,48.05485409915032,902.8,0.2727382957935333,0.028084221820321078,0.5378385543823242,0.026580386990015564
0.4556936992284579,1.0116548788793749,1207.2,49.318484984828785,904.8,0.27143476009368894,0.027922799333358894,0.5387849330902099,0.026523417511283197
0.4791765773716646,1.0116548788793749,1196.8,51.802685583322365,915.2,0.2686474323272705,0.026622136147862543,0.5439557313919068,0.02939147650011362
0.5026594555148711,1.0116548788793749,1191.6,53.96529098931087,920.4000000000001,0.2680190443992615,0.02676676513077677,0.5468178212642669,0.031913038154210496
0.5261423336580778,1.0116548788793749,1189.7,55.34051041123615,922.3,0.26713653802871706,0.02650650811414823,0.5467834591865539,0.03175786317245158
0.5496252118012844,1.0116548788793749,1180.8,62.66061914629866,931.2,0.2644339382648468,0.025878761703724124,0.5474868535995483,0.033558345874909766
0.573108089944491,1.0116548788793749,1175.6,62.19282203808847,936.4000000000001,0.26307008862495423,0.025901229132830977,0.548881608247757,0.033399358382461365
0.5965909680876976,1.0116548788793749,1162.9,69.28215118034166,949.0999999999999,0.2578429996967316,0.0272249882990639,0.5514781415462494,0.03358660990103882
0.6200738462309043,1.0116548788793749,1147.3,73.55783939928313,964.7,0.25313335061073305,0.027649646791981165,0.5540921032428742,0.03491422142877499
0.6435567243741109,1.0116548788793749,1134.0,77.41661637848591,978.0,0.24970199465751647,0.027732535986577867,0.5587557435035706,0.036951438417360954
0.6670396025173175,1.0116548788793749,1112.7,80.47053336606344,999.3,0.244803386926651,0.027076333874340146,0.5669505834579468,0.037768742432404516
0.6905224806605241,1.0116548788793749,1083.7,81.41115698781766,1028.3,0.23275371193885802,0.03167069074959658,0.5708752810955048,0.03197978907771721
0.7140053588037308,1.0116548788793749,1037.9,102.47927050868658,1074.1,0.22243333458900452,0.03367946449113886,0.5913831770420075,0.038000837524170536
0.7374882369469374,1.0116548788793749,999.5,112.24456687635528,1112.5,0.2153010308742523,0.03500663926807948,0.5969147145748138,0.035710508939328534
0.760971115090144,1.0116548788793749,950.4,126.3847589495293,1161.6,0.1977657198905945,0.0344721576936508,0.5958141326904297,0.03335569002171318
0.7844539932333506,1.0116548788793749,883.1,154.35268188687067,1228.9,0.17887476682662964,0.041273781007984144,0.6052046179771423,0.037058766193456716
0.8079368713765572,1.0116548788793749,810.0,180.17939401009434,1302.0,0.1627025842666626,0.04716670082736518,0.6216540336608887,0.03642482814360026
0.8314197495197639,1.0116548788793749,698.4,193.03747014055025,1413.6,0.12161636948585511,0.058679267210909575,0.6277874410152435,0.0425245357635962
0.8549026276629705,1.0116548788793749,542.0,203.30460608132816,1570.0,0.08238865733146668,0.07004782503987446,0.6475172400474548,0.0423327963552921
0.8783855058061771,1.0116548788793749,291.0,195.05019341174565,1821.0,0.047366172075271606,0.04709676362985756,0.6659892082214356,0.030550273785796528
0.9018683839493837,1.0116548788793749,137.2,136.9575036978804,1974.8,0.030659621953964232,0.035220473958788676,0.6718234539031982,0.024385264302785894
0.9253512620925903,1.0116548788793749,0.2,0.4524314325708198,2111.8,-71.74195556640625,162.29157866170644,0.6729182302951813,0.02176184363524009
0.00951901450753212,1.036985994564226,1244.0,50.439285112323695,868.0,0.2770311176776886,0.026423767193904144,0.5281156718730926,0.030770876326848506
0.033001892650738746,1.036985994564226,1243.9,50.38114000455468,868.0999999999999,0.2772056460380554,0.02640703291546988,0.5281738817691803,0.030822076044119438
0.056484770793945364,1.036985994564226,1243.1,50.547894914184155,868.9000000000001,0.2771357834339142,0.02635763375060801,0.5290416777133942,0.030711284419814328
0.07996764893715198,1.036985994564226,1243.1,50.547894914184155,868.9000000000001,0.2771357834339142,0.02635763375060801,0.5290416777133942,0.030711284419814328
0.10345052708035861,1.036985994564226,1242.6,50.986656085311196,869.4000000000001,0.27713891863822937,0.026360941837372972,0.529565054178238,0.03072017823730244
0.12693340522356522,1.036985994564226,1242.6,50.986656085311196,869.4000000000001,0.27713891863822937,0.026360941837372972,0.529565054178238,0.03072017823730244
0.15041628336677185,1.036985994564226,1242.6,50.986656085311196,869.4000000000001,0.27713891863822937,0.026360941837372972,0.529565054178238,0.03072017823730244
0.17389916150997847,1.036985994564226,1242.6,50.986656085311196,869.4000000000001,0.27713891863822937,0.026360941837372972,0.529565054178238,0.03072017823730244
0.1973820396531851,1.036985994564226,1242.6,50.986656085311196,869.4000000000001,0.27713891863822937,0.026360941837372972,0.529565054178238,0.03072017823730244
0.22086491779639172,1.036985994564226,1242.6,50.986656085311196,869.4000000000001,0.27713891863822937,0.026360941837372972,0.529565054178238,0.03072017823730244
0.24434779593959835,1.036985994564226,1242.6,50.986656085311196,869.4000000000001,0.27713891863822937,0.026360941837372972,0.529565054178238,0.03072017823730244
0.267830674082805,1.036985994564226,1242.6,50.986656085311196,869.4000000000001,0.27713891863822937,0.026360941837372972,0.529565054178238,0.03072017823730244
0.2913135522260116,1.036985994564226,1242.6,50.986656085311196,869.4000000000001,0.27713891863822937,0.026360941837372972,0.529565054178238,0.03072017823730244
0.3147964303692182,1.036985994564226,1242.6,50.986656085311196,869.4000000000001,0.27713891863822937,0.026360941837372972,0.529565054178238,0.03072017823730244
0.3382793085124248,1.036985994564226,1242.6,50.986656085311196,869.4000000000001,0.27713891863822937,0.026360941837372972,0.529565054178238,0.03072017823730244
0.3617621866556315,1.036985994564226,1242.6,50.986656085311196,869.4000000000001,0.27713891863822937,0.026360941837372972,0.529565054178238,0.03072017823730244
0.3852450647988381,1.036985994564226,1241.7,51.84903915621008,870.3,0.27682638764381406,0.026327446505738573,0.5296900868415833,0.030754691456693628
0.4087279429420447,1.036985994564226,1241.6,51.948901319776375,870.4000000000001,0.2770938754081726,0.02635494727292739,0.5296888768672943,0.030754345183896466
0.43221082108525133,1.036985994564226,1241.6,51.948901319776375,870.4000000000001,0.2770938754081726,0.02635494727292739,0.5296888768672943,0.030754345183896466
0.4556936992284579,1.036985994564226,1234.9,56.050444116271464,877.0999999999999,0.2752371311187744,0.026306796523012866,0.5329311609268188,0.03125222759834092
0.4791765773716646,1.036985994564226,1224.5,60.99556750422526,887.5,0.27244980335235597,0.025162579560206712,0.5381019592285157,0.03422703871417761
0.5026594555148711,1.036985994564226,1219.3,64.13263211206657,892.7,0.2718214154243469,0.025369157525116974,0.5409640491008758,0.0366759566873482
0.5261423336580778,1.036985994564226,1216.6,64.99931581267445,895.4000000000001,0.2707166254520416,0.02525012763186722,0.5398507952690125,0.0356186914849145
0.5496252118012844,1.036985994564226,1201.6,70.87306260286068,910.4000000000001,0.2693674027919769,0.02482940955606485,0.5408223450183869,0.036714257777101446
0.573108089944491,1.036985994564226,1194.9,71.96160994831803,917.0999999999999,0.267601078748703,0.025121179091978377,0.54270339012146,0.0366454218674348
0.5965909680876976,1.036985994564226,1181.9,79.86155274133343,930.0999999999999,0.2622080326080322,0.026826035368884824,0.5453176259994507,0.037058480511782774
0.6200738462309043,1.036985994564226,1165.9,85.14814184864744,946.0999999999999,0.2573606312274933,0.027674019983676326,0.5480480074882508,0.03833042952892014
0.6435567243741109,1.036985994564226,1148.7,86.05323683958203,963.3,0.25268779397010804,0.028047400919316092,0.5540189385414124,0.038732484459625176
0.6670396025173175,1.036985994564226,1126.3,89.4625561450886,985.7,0.246887469291687,0.027786923865796953,0.562348461151123,0.0397061766750794
0.6905224806605241,1.036985994564226,1097.3,92.48018321334042,1014.7,0.23483123779296874,0.03272146308755306,0.5665235102176667,0.033928253151911655
0.7140053588037308,1.036985994564226,1051.5,114.45226129326154,1060.5,0.224502295255661,0.03500352703684892,0.5872144639492035,0.04068488110377593
0.7374882369469374,1.036985994564226,1006.3,119.68170224135264,1105.7,0.216829514503479,0.03657480334389674,0.5948388695716857,0.036354100313571634
0.760971115090144,1.036985994564226,954.9,132.52862749472592,1157.1,0.19979883432388307,0.03655039549035654,0.5943803310394287,0.033279523890182926
0.7844539932333506,1.036985994564226,887.6,160.49884177169878,1224.4,0.18090788125991822,0.043529338881295475,0.6037708163261414,0.037196613255385716
0.8079368713765572,1.036985994564226,814.1,185.65267475562734,1297.9,0.16470258235931395,0.049409633677533746,0.6204471588134766,0.036367050883444677
0.8314197495197639,1.036985994564226,698.4,193.03747014055025,1413.6,0.12161636948585511,0.058679267210909575,0.6277874410152435,0.0425245357635962
0.8549026276629705,1.036985994564226,542.0,203.30460608132816,1570.0,0.08238865733146668,0.07004782503987446,0.6475172400474548,0.0423327963552921
0.8783855058061771,1.036985994564226,291.0,195.05019341174565,1821.0,0.047366172075271606,0.04709676362985756,0.6659892082214356,0.030550273785796528
0.9018683839493837,1.036985994564226,137.2,136.9575036978804,1974.8,0.030659621953964232,0.035220473958788676,0.6718234539031982,0.024385264302785894
0.9253512620925903,1.036985994564226,0.2,0.4524314325708198,2111.8,-71.74195556640625,162.29157866170644,0.6729182302951813,0.02176184363524009
0.00951901450753212,1.0623171102490767,1264.4,51.25360142388902,847.5999999999999,0.279424661397934,0.025680454484803716,0.5257319450378418,0.03140234837225151
0.033001892650738746,1.0623171102490767,1264.3,51.1601622848658,847.7,0.27959124445915223,0.025677399748131456,0.52583247423172,0.03142521393929881
0.056484770793945364,1.0623171102490767,1263.5,51.22147492849002,848.5,0.27952157855033877,0.0256310387741701,0.5267539262771607,0.031581589408075
0.07996764893715198,1.0623171102490767,1263.5,51.22147492849002,848.5,0.27952157855033877,0.0256310387741701,0.5267539262771607,0.031581589408075
0.10345052708035861,1.0623171102490767,1263.0,51.62368429643513,849.0,0.27952454090118406,0.025633964627729273,0.5273539066314697,0.03145566911375023
0.12693340522356522,1.0623171102490767,1263.0,51.62368429643513,849.0,0.27952454090118406,0.025633964627729273,0.5273539066314697,0.03145566911375023
0.15041628336677185,1.0623171102490767,1263.0,51.62368429643513,849.0,0.27952454090118406,0.025633964627729273,0.5273539066314697,0.03145566911375023
0.17389916150997847,1.0623171102490767,1263.0,51.62368429643513,849.0,0.27952454090118406,0.025633964627729273,0.5273539066314697,0.03145566911375023
0.1973820396531851,1.0623171102490767,1263.0,51.62368429643513,849.0,0.27952454090118406,0.025633964627729273,0.5273539066314697,0.03145566911375023
0.22086491779639172,1.0623171102490767,1263.0,51.62368429643513,849.0,0.27952454090118406,0.025633964627729273,0.5273539066314697,0.03145566911375023
0.24434779593959835,1.0623171102490767,1263.0,51.62368429643513,849.0,0.27952454090118406,0.025633964627729273,0.5273539066314697,0.03145566911375023
0.267830674082805,1.0623171102490767,1263.0,51.62368429643513,849.0,0.27952454090118406,0.025633964627729273,0.5273539066314697,0.03145566911375023
0.2913135522260116,1.0623171102490767,1263.0,51.62368429643513,849.0,0.27952454090118406,0.025633964627729273,0.5273539066314697,0.03145566911375023
0.3147964303692182,1.0623171102490767,1263.0,51.62368429643513,849.0,0.27952454090118406,0.025633964627729273,0.5273539066314697,0.03145566911375023
0.3382793085124248,1.0623171102490767,1262.6,52.06151558876552,849.4000000000001,0.2786642134189606,0.025468314356105165,0.5265606999397278,0.031161324329276815
0.3617621866556315,1.0623171102490767,1262.5,52.17285145950974,849.5,0.27867079377174375,0.025469021060570692,0.5266107261180878,0.03117691917011804
0.3852450647988381,1.0623171102490767,1261.6,53.20768050849136,850.4000000000001,0.2783582627773285,0.0254450517405222,0.5267357587814331,0.03121765603604723
0.4087279429420447,1.0623171102490767,1260.4,53.6313101401987,851.5999999999999,0.278340095281601,0.025359882176675036,0.5259088575839996,0.03094036284971498
0.43221082108525133,1.0623171102490767,1258.0,55.490263837196345,854.0,0.2792595624923706,0.025431661960959542,0.5275178551673889,0.030969198422778718
0.4556936992284579,1.0623171102490767,1251.3,60.391123155147746,860.7,0.2774028182029724,0.025471680612474436,0.5307601392269135,0.03159063139757224
0.4791765773716646,1.0623171102490767,1239.3,65.04465686203383,872.7,0.27443012595176697,0.02448327583640722,0.5364431977272034,0.03534529308759485
0.5026594555148711,1.0623171102490767,1232.7,68.29820915512069,879.3,0.273070764541626,0.02496225400703689,0.538383424282074,0.0363155950909522
0.5261423336580778,1.0623171102490767,1224.6,70.69071218739023,887.4000000000001,0.27202802896499634,0.025041093139065235,0.5366980850696563,0.035191279544117875
0.5496252118012844,1.0623171102490767,1209.0,77.26958451656613,903.0,0.27088493704795835,0.024467132284528823,0.536442905664444,0.03643198835123168
0.573108089944491,1.0623171102490767,1202.1,78.41887434121051,909.9000000000001,0.26883302330970765,0.024843991115755387,0.5382565438747406,0.03659216133145159
0.5965909680876976,1.0623171102490767,1189.0,86.24131144530267,923.0,0.2633961498737335,0.026707572464158228,0.540916258096695,0.037115118287937204
0.6200738462309043,1.0623171102490767,1171.9,90.72002363820866,940.0999999999999,0.2582429349422455,0.0276512127928629,0.5440774023532867,0.03792521679629112
0.6435567243741109,1.0623171102490767,1154.7,92.20864497369206,957.3,0.2535700976848602,0.028108421554372664,0.5500483334064483,0.038681601989912134
0.6670396025173175,1.0623171102490767,1132.3,96.17940420999511,979.7,0.24776914715766907,0.027947725749505596,0.5583930790424347,0.04008525809134376
0.6905224806605241,1.0623171102490767,1102.9,99.66190911634631,1009.0999999999999,0.2354487121105194,0.03314022049037852,0.5626879394054413,0.03448617943287711
0.7140053588037308,1.0623171102490767,1056.8,121.11348988292775,1055.2,0.22509186267852782,0.03549171377011428,0.5838795840740204,0.04135364362979347
0.7374882369469374,1.0623171102490767,1011.6,127.0953901279167,1100.4,0.21741803884506225,0.03710714166441372,0.5916059136390686,0.037270231428194404
0.760971115090144,1.0623171102490767,960.2,140.3679405975536,1151.8,0.2003873586654663,0.03723644927348611,0.5911473751068115,0.03425332744919437
0.7844539932333506,1.0623171102490767,892.8,168.08969416002918,1219.2,0.18174889087677001,0.04456788350694173,0.6005402743816376,0.038519617833207585
0.8079368713765572,1.0623171102490767,814.1,185.65267475562734,1297.9,0.16470258235931395,0.049409633677533746,0.6204471588134766,0.036367050883444677
0.8314197495197639,1.0623171102490767,698.4,193.03747014055025,1413.6,0.12161636948585511,0.058679267210909575,0.6277874410152435,0.0425245357635962
0.8549026276629705,1.0623171102490767,542.0,203.30460608132816,1570.0,0.08238865733146668,0.07004782503987446,0.6475172400474548,0.0423327963552921
0.8783855058061771,1.0623171102490767,291.0,195.05019341174565,1821.0,0.047366172075271606,0.04709676362985756,0.6659892082214356,0.030550273785796528
0.9018683839493837,1.0623171102490767,137.2,136.9575036978804,1974.8,0.030659621953964232,0.035220473958788676,0.6718234539031982,0.024385264302785894
0.9253512620925903,1.0623171102490767,0.2,0.4524314325708198,2111.8,-71.74195556640625,162.29157866170644,0.6729182302951813,0.02176184363524009
0.00951901450753212,1.0876482259339277,1280.1,50.59624094024721,831.9000000000001,0.28830023407936095,0.02307627824661188,0.5181683778762818,0.03378825860578379
0.033001892650738746,1.0876482259339277,1280.0,50.49674397102904,832.0,0.28846352100372313,0.02303421436891789,0.5182857751846314,0.033807632572009715
0.056484770793945364,1.0876482259339277,1279.0,50.29478552055376,833.0,0.2892114520072937,0.022875364371451476,0.5192128539085388,0.03393624867818742
0.07996764893715198,1.0876482259339277,1279.0,50.29478552055376,833.0,0.2892114520072937,0.022875364371451476,0.5192128539085388,0.03393624867818742
0.10345052708035861,1.0876482259339277,1278.5,50.76878548462833,833.5,0.2892145335674286,0.0228781845853756,0.5198171138763428,0.03389459689966565
0.12693340522356522,1.0876482259339277,1277.9,50.84399174364844,834.0999999999999,0.282531213760376,0.02697128443284515,0.5209064245223999,0.03289916816946051
0.15041628336677185,1.0876482259339277,1277.9,50.84399174364844,834.0999999999999,0.282531213760376,0.02697128443284515,0.5209064245223999,0.03289916816946051
0.17389916150997847,1.0876482259339277,1277.9,50.84399174364844,834.0999999999999,0.282531213760376,0.02697128443284515,0.5209064245223999,0.03289916816946051
0.1973820396531851,1.0876482259339277,1277.9,50.84399174364844,834.0999999999999,0.282531213760376,0.02697128443284515,0.5209064245223999,0.03289916816946051
0.22086491779639172,1.0876482259339277,1277.9,50.84399174364844,834.0999999999999,0.282531213760376,0.02697128443284515,0.5209064245223999,0.03289916816946051
0.24434779593959835,1.0876482259339277,1277.9,50.84399174364844,834.0999999999999,0.282531213760376,0.02697128443284515,0.5209064245223999,0.03289916816946051
0.267830674082805,1.0876482259339277,1277.9,50.84399174364844,834.0999999999999,0.282531213760376,0.02697128443284515,0.5209064245223999,0.03289916816946051
0.2913135522260116,1.0876482259339277,1277.9,50.84399174364844,834.0999999999999,0.282531213760376,0.02697128443284515,0.5209064245223999,0.03289916816946051
0.3147964303692182,1.0876482259339277,1276.8,52.12983996561132,835.2,0.2820668756961823,0.02686507438606345,0.5208455145359039,0.03286720604150564
0.3382793085124248,1.0876482259339277,1276.3,52.742770878673014,835.7,0.2813307881355286,0.02678039702384075,0.5200960695743561,0.03251918474588601
0.3617621866556315,1.0876482259339277,1276.1,52.95837202644506,835.9000000000001,0.2812660336494446,0.026713378667464607,0.5201793432235717,0.03253886713557357
0.3852450647988381,1.0876482259339277,1274.8,54.371098914901694,837.2,0.28088828921318054,0.026549996175618082,0.520418393611908,0.032661564130681164
0.4087279429420447,1.0876482259339277,1273.6,54.949883067920936,838.4000000000001,0.280870121717453,0.026469369711834573,0.5195914924144744,0.03230481823688816
0.43221082108525133,1.0876482259339277,1271.2,57.08211437878775,840.8,0.28178958892822265,0.026488260056213846,0.5212004899978637,0.03251069961254559
0.4556936992284579,1.0876482259339277,1263.7,61.931576275957276,848.3,0.2793556094169617,0.026801381052464435,0.524618124961853,0.03353415211605802
0.4791765773716646,1.0876482259339277,1244.2,68.05363529492513,867.8,0.2768042266368866,0.023378613991567668,0.5337078809738159,0.037110353039249415
0.5026594555148711,1.0876482259339277,1237.3,71.51903674119498,874.7,0.27531829476356506,0.023875678681254536,0.5356849730014801,0.03808588867196154
0.5261423336580778,1.0876482259339277,1229.2,74.09369562787437,882.8,0.2742755591869354,0.024013649210758957,0.5339996337890625,0.03694545852764443
0.5496252118012844,1.0876482259339277,1212.5,79.79944429254951,899.5,0.27272133231163026,0.02349735179123735,0.53430095911026,0.03733427557300651
0.573108089944491,1.0876482259339277,1205.5,80.98203182493027,906.5,0.270533013343811,0.02398703439702369,0.5360259175300598,0.03767447915811858
0.5965909680876976,1.0876482259339277,1192.4,88.86385017682196,919.5999999999999,0.2650961399078369,0.026114344310183366,0.5386856317520141,0.038270861864676306
0.6200738462309043,1.0876482259339277,1175.3,93.57060961830177,936.7,0.25994292497634885,0.027261995085165133,0.541846776008606,0.039159515258461265
0.6435567243741109,1.0876482259339277,1157.9,95.23860763762337,954.0999999999999,0.25521774888038634,0.027919941424324548,0.5478605449199676,0.040035990608380215
0.6670396025173175,1.0876482259339277,1134.6,98.85520394012238,977.4000000000001,0.24863077998161315,0.02839301315901568,0.5569583833217621,0.040773588170770175
0.6905224806605241,1.0876482259339277,1104.7,102.22906556404484,1007.3,0.23619023561477662,0.03373788858651348,0.5615745961666108,0.03501169893873853
0.7140053588037308,1.0876482259339277,1058.6,123.55888710111297,1053.4,0.22582982182502748,0.036162852946912336,0.5828930377960205,0.04181113383331326
0.7374882369469374,1.0876482259339277,1012.3,128.1263708275222,1099.7,0.21792230606079102,0.037594788417877376,0.5913245916366577,0.037416555769905255
0.760971115090144,1.0876482259339277,960.4,140.67521799057343,1151.6,0.20069055557250975,0.037603405559961584,0.5911120414733887,0.0342724399699415
0.7844539932333506,1.0876482259339277,892.8,168.08969416002918,1219.2,0.18174889087677001,0.04456788350694173,0.6005402743816376,0.038519617833207585
0.8079368713765572,1.0876482259339277,814.1,185.65267475562734,1297.9,0.16470258235931395,0.049409633677533746,0.6204471588134766,0.036367050883444677
0.8314197495197639,1.0876482259339277,698.4,193.03747014055025,1413.6,0.12161636948585511,0.058679267210909575,0.6277874410152435,0.0425245357635962
0.8549026276629705,1.0876482259339277,542.0,203.30460608132816,1570.0,0.08238865733146668,0.07004782503987446,0.6475172400474548,0.0423327963552921
0.8783855058061771,1.0876482259339277,291.0,195.05019341174565,1821.0,0.047366172075271606,0.04709676362985756,0.6659892082214356,0.030550273785796528
0.9018683839493837,1.0876482259339277,137.2,136.9575036978804,1974.8,0.030659621953964232,0.035220473958788676,0.6718234539031982,0.024385264302785894
0.9253512620925903,1.0876482259339277,0.2,0.4524314325708198,2111.8,-71.74195556640625,162.29157866170644,0.6729182302951813,0.02176184363524009
0.00951901450753212,1.1129793416187788,1305.3,53.143363341101434,806.7,0.30931198596954346,0.026122174217309533,0.5102230191230774,0.03176995957752833
0.033001892650738746,1.1129793416187788,1305.2,53.03706681547693,806.8,0.3094590246677399,0.02616926539651218,0.5103833138942718,0.0317363958702959
0.056484770793945364,1.1129793416187788,1304.2,53.00382219584806,807.8,0.3101280629634857,0.026461783271832785,0.5113566219806671,0.032145222260512515
0.07996764893715198,1.1129793416187788,1304.2,53.00382219584806,807.8,0.3101280629634857,0.026461783271832785,0.5113566219806671,0.032145222260512515
0.10345052708035861,1.1129793416187788,1303.7,53.56644015112593,808.3,0.3101312339305878,0.026462967129155742,0.5119763076305389,0.032141657579510985
0.12693340522356522,1.1129793416187788,1302.9,53.35414883524541,809.0999999999999,0.3037934124469757,0.02052669196183782,0.5132786929607391,0.03070933447690435
0.15041628336677185,1.1129793416187788,1302.5,53.369918860189465,809.5,0.3007743895053864,0.019636688428702403,0.5138016283512116,0.030149873416379747
0.17389916150997847,1.1129793416187788,1302.0,53.41118656628561,810.0,0.2963473677635193,0.02240246870218631,0.5144733428955078,0.029485351983195095
0.1973820396531851,1.1129793416187788,1301.9,53.42231007711485,810.0999999999999,0.2952150285243988,0.02374498844075032,0.5146408319473267,0.029329575114319224
0.22086491779639172,1.1129793416187788,1301.9,53.42231007711485,810.0999999999999,0.2952150285243988,0.02374498844075032,0.5146408319473267,0.029329575114319224
0.24434779593959835,1.1129793416187788,1301.9,53.42231007711485,810.0999999999999,0.2952150285243988,0.02374498844075032,0.5146408319473267,0.029329575114319224
0.267830674082805,1.1129793416187788,1301.8,53.53007224627798,810.2,0.2951774954795837,0.023733891037747024,0.5146727979183197,0.029348864561881505
0.2913135522260116,1.1129793416187788,1299.9,55.71263391201299,812.0999999999999,0.2941699981689453,0.023548718251855713,0.5151175737380982,0.02963426904603962
0.3147964303692182,1.1129793416187788,1298.4,57.60407506329333,813.5999999999999,0.2935227811336517,0.023545659919097083,0.5151692867279053,0.029669488422149132
0.3382793085124248,1.1129793416187788,1297.7,58.465129843546336,814.3,0.29278519153594973,0.02365133478483112,0.5147691011428833,0.029211593095004155
0.3617621866556315,1.1129793416187788,1296.3,58.63992520237845,815.7,0.291589617729187,0.024234940301742645,0.514179939031601,0.029046122353172412
0.3852450647988381,1.1129793416187788,1291.1,59.929330483665815,820.9000000000001,0.2908830165863037,0.024438987157761587,0.5165373146533966,0.030032480940743178
0.4087279429420447,1.1129793416187788,1289.5,60.68248009057676,822.5,0.29050891995429995,0.024178042288173475,0.5151086330413819,0.029352527979496133
0.43221082108525133,1.1129793416187788,1281.0,61.075450546587234,831.0,0.2881766676902771,0.025242156609894824,0.5178370714187622,0.03231817188533156
0.4556936992284579,1.1129793416187788,1271.4,67.04641019973789,840.5999999999999,0.2850679039955139,0.026310443107662767,0.5221013605594635,0.03340140001644233
0.4791765773716646,1.1129793416187788,1251.9,73.90363547880578,860.0999999999999,0.28251652121543885,0.023174526399632914,0.5311911165714264,0.03734042992246238
0.5026594555148711,1.1129793416187788,1244.0,76.56361437221805,868.0,0.28028950095176697,0.023899416899734186,0.5330910980701447,0.03848485823842998
0.5261423336580778,1.1129793416187788,1235.3,78.81420340712901,876.7,0.27895987033843994,0.024191602006301154,0.5307520985603332,0.0381776133037466
0.5496252118012844,1.1129793416187788,1218.6,84.88580436251199,893.4000000000001,0.2774056434631348,0.023853366473334567,0.5310534238815308,0.03856843525725303
0.573108089944491,1.1129793416187788,1211.6,86.28033359140679,900.4000000000001,0.27521732449531555,0.02457422307626788,0.5327783823013306,0.03897964633443582
0.5965909680876976,1.1129793416187788,1197.5,93.66851385202037,914.5,0.2694267868995667,0.027408861580411427,0.5359650075435638,0.03918054825957058
0.6200738462309043,1.1129793416187788,1178.7,97.73406194835393,933.3,0.26298752427101135,0.029733516747996274,0.5390835404396057,0.040211181941309584
0.6435567243741109,1.1129793416187788,1161.3,99.6702384171144,950.7,0.25826234817504884,0.030606350506084627,0.5450973093509675,0.04129466395869363
0.6670396025173175,1.1129793416187788,1138.0,103.56738666072891,974.0,0.25167537927627565,0.03140373769272814,0.5541951477527618,0.04234905636027433
0.6905224806605241,1.1129793416187788,1108.1,107.33238474874615,1003.9000000000001,0.2392348349094391,0.03689646889921348,0.5588113605976105,0.03703082203646709
0.7140053588037308,1.1129793416187788,1061.2,127.23829134492699,1050.8,0.22711921334266663,0.0374853842522247,0.580027598142624,0.04376257230344191
0.7374882369469374,1.1129793416187788,1012.3,128.1263708275222,1099.7,0.21792230606079102,0.037594788417877376,0.5913245916366577,0.037416555769905255
0.760971115090144,1.1129793416187788,960.4,140.67521799057343,1151.6,0.20069055557250975,0.037603405559961584,0.5911120414733887,0.0342724399699415
0.7844539932333506,1.1129793416187788,892.8,168.08969416002918,1219.2,0.18174889087677001,0.04456788350694173,0.6005402743816376,0.038519617833207585
0.8079368713765572,1.1129793416187788,814.1,185.65267475562734,1297.9,0.16470258235931395,0.049409633677533746,0.6204471588134766,0.036367050883444677
0.8314197495197639,1.1129793416187788,698.4,193.03747014055025,1413.6,0.12161636948585511,0.058679267210909575,0.6277874410152435,0.0425245357635962
0.8549026276629705,1.1129793416187788,542.0,203.30460608132816,1570.0,0.08238865733146668,0.07004782503987446,0.6475172400474548,0.0423327963552921
0.8783855058061771,1.1129793416187788,291.0,195.05019341174565,1821.0,0.047366172075271606,0.04709676362985756,0.6659892082214356,0.030550273785796528
0.9018683839493837,1.1129793416187788,137.2,136.9575036978804,1974.8,0.030659621953964232,0.035220473958788676,0.6718234539031982,0.024385264302785894
0.9253512620925903,1.1129793416187788,0.2,0.4524314325708198,2111.8,-71.74195556640625,162.29157866170644,0.6729182302951813,0.02176184363524009
0.00951901450753212,1.1383104573036298,1330.3,63.31171314235258,781.7,0.3640544474124908,0.07080596013554609,0.5006541788578034,0.04137777582101983
0.033001892650738746,1.1383104573036298,1330.2,63.17753129216002,781.8,0.3641408920288086,0.07094832742451831,0.5008458197116852,0.04128186316094134
0.056484770793945364,1.1383104573036298,1329.2,63.196428373647834,782.8,0.3645101130008698,0.07169684087435137,0.5018195867538452,0.041798090630746326
0.07996764893715198,1.1383104573036298,1329.2,63.196428373647834,782.8,0.3645101130008698,0.07169684087435137,0.5018195867538452,0.041798090630746326
0.10345052708035861,1.1383104573036298,1328.7,63.71814064547615,783.3,0.36451424956321715,0.07169626990912675,0.5024483919143676,0.04190122930458237
0.12693340522356522,1.1383104573036298,1327.8,63.22161569593052,784.2,0.3609401762485504,0.06733685864926621,0.5041514813899994,0.03992738398292667
0.15041628336677185,1.1383104573036298,1325.7,61.7513661055076,786.3,0.3510474324226379,0.06033889023110992,0.5064384996891022,0.03874847426233318
0.17389916150997847,1.1383104573036298,1321.3,57.311999623589806,790.7,0.32811033725738525,0.037914699386168066,0.5100536108016968,0.036430189828111255
0.1973820396531851,1.1383104573036298,1319.5,56.840997152978545,792.5,0.32008198499679563,0.030127248971346585,0.5115050733089447,0.034690539525477494
0.22086491779639172,1.1383104573036298,1317.4,57.007756880131524,794.5999999999999,0.3067510902881622,0.029379792628471117,0.5135703086853027,0.03268991924190956
0.24434779593959835,1.1383104573036298,1317.4,57.007756880131524,794.5999999999999,0.3067510902881622,0.029379792628471117,0.5135703086853027,0.03268991924190956
0.267830674082805,1.1383104573036298,1316.7,57.795102666008006,795.3,0.3065009772777557,0.029370218147610094,0.5134564459323883,0.0326244787720539
0.2913135522260116,1.1383104573036298,1314.8,60.09073708968738,797.2,0.3054934799671173,0.029441938699562388,0.5139012217521668,0.032890817719493495
0.3147964303692182,1.1383104573036298,1311.6,63.13557756717965,800.4000000000001,0.3034286081790924,0.028845053954929038,0.5139586210250855,0.03296928414107617
0.3382793085124248,1.1383104573036298,1310.4,64.15315344148583,801.5999999999999,0.3023792624473572,0.028337895902761884,0.5134221076965332,0.03254134666530524
0.3617621866556315,1.1383104573036298,1309.0,64.46949476241458,803.0,0.30118368864059447,0.029052144247563035,0.5128329455852508,0.03237895650340837
0.3852450647988381,1.1383104573036298,1299.3,65.69614081352069,812.7,0.2962860405445099,0.02495815017739262,0.5149004459381104,0.033234891958477245
0.4087279429420447,1.1383104573036298,1296.4,66.37819991652677,815.5999999999999,0.29452515840530397,0.025001992422578896,0.513253676891327,0.032041618459383026
0.43221082108525133,1.1383104573036298,1287.8,67.27296875600673,824.2,0.2920929193496704,0.0262768590305534,0.5159906148910522,0.03486237609111244
0.4556936992284579,1.1383104573036298,1277.7,72.74088992721259,834.3,0.2887034833431244,0.027541607930887783,0.5205747306346893,0.03552819172967798
0.4791765773716646,1.1383104573036298,1255.3,77.17758419535413,856.7,0.28546139001846316,0.024763739479948064,0.5311127603054047,0.03747179850282848
0.5026594555148711,1.1383104573036298,1247.4,79.91973557614094,864.5999999999999,0.28323436975479127,0.025589534201462046,0.533012741804123,0.03861452562902729
0.5261423336580778,1.1383104573036298,1238.7,82.28301056668064,873.3,0.28190473914146424,0.02594857428354089,0.5306737422943115,0.03830560030452671
0.5496252118012844,1.1383104573036298,1221.6,88.28546340513235,890.4000000000001,0.2800065755844116,0.025978411289152854,0.5311531603336335,0.03852577012866982
0.573108089944491,1.1383104573036298,1214.3,89.60798292095971,897.7,0.27749005556106565,0.026992416548609614,0.5327929019927978,0.03901698707420085
0.5965909680876976,1.1383104573036298,1200.0,96.85802185154087,912.0,0.27160273790359496,0.02990182123644793,0.5360692203044891,0.03912695810518679
0.6200738462309043,1.1383104573036298,1181.2,101.05978777426623,930.8,0.2651634752750397,0.032293791954887005,0.539187753200531,0.04015436545796235
0.6435567243741109,1.1383104573036298,1163.8,103.17343665626427,948.2,0.2604382991790771,0.03327533586866717,0.5452015221118927,0.04123069843774854
0.6670396025173175,1.1383104573036298,1140.1,106.6510808994162,971.9000000000001,0.25333991050720217,0.03353704269882349,0.5540204465389251,0.042477625511819224
0.6905224806605241,1.1383104573036298,1108.1,107.33238474874615,1003.9000000000001,0.2392348349094391,0.03689646889921348,0.5588113605976105,0.03703082203646709
0.7140053588037308,1.1383104573036298,1061.2,127.23829134492699,1050.8,0.22711921334266663,0.0374853842522247,0.580027598142624,0.04376257230344191
0.7374882369469374,1.1383104573036298,1012.3,128.1263708275222,1099.7,0.21792230606079102,0.037594788417877376,0.5913245916366577,0.037416555769905255
0.760971115090144,1.1383104573036298,960.4,140.67521799057343,1151.6,0.20069055557250975,0.037603405559961584,0.5911120414733887,0.0342724399699415
0.7844539932333506,1.1383104573036298,892.8,168.08969416002918,1219.2,0.18174889087677001,0.04456788350694173,0.6005402743816376,0.038519617833207585
0.8079368713765572,1.1383104573036298,814.1,185.65267475562734,1297.9,0.16470258235931395,0.049409633677533746,0.6204471588134766,0.036367050883444677
0.8314197495197639,1.1383104573036298,698.4,193.03747014055025,1413.6,0.12161636948585511,0.058679267210909575,0.6277874410152435,0.0425245357635962
0.8549026276629705,1.1383104573036298,542.0,203.30460608132816,1570.0,0.08238865733146668,0.07004782503987446,0.6475172400474548,0.0423327963552921
0.8783855058061771,1.1383104573036298,291.0,195.05019341174565,1821.0,0.047366172075271606,0.04709676362985756,0.6659892082214356,0.030550273785796528
0.9018683839493837,1.1383104573036298,137.2,136.9575036978804,1974.8,0.030659621953964232,0.035220473958788676,0.6718234539031982,0.024385264302785894
0.9253512620925903,1.1383104573036298,0.2,0.4524314325708198,2111.8,-71.74195556640625,162.29157866170644,0.6729182302951813,0.02176184363524009
0.00951901450753212,1.1636415729884808,1361.1,70.40398607378424,750.9000000000001,0.4152540028095245,0.08313924454352839,0.484218966960907,0.05357774963161866
0.033001892650738746,1.1636415729884808,1361.0,70.26376515967588,751.0,0.41532697677612307,0.08323675241354501,0.48447967767715455,0.0534192236800884
0.056484770793945364,1.1636415729884808,1360.0,70.27913883526547,752.0,0.41564316153526304,0.08373641650429052,0.4855502724647522,0.05393349118011682
0.07996764893715198,1.1636415729884808,1360.0,70.27913883526547,752.0,0.41564316153526304,0.08373641650429052,0.4855502724647522,0.05393349118011682
0.10345052708035861,1.1636415729884808,1359.5,70.7438190201354,752.5,0.4156471848487854,0.08373480203911476,0.4862525224685669,0.05409722146928733
0.12693340522356522,1.1636415729884808,1358.6,70.19834897745959,753.4000000000001,0.4131189465522766,0.08092721452224388,0.48826962113380434,0.05203754101965635
0.15041628336677185,1.1636415729884808,1356.5,68.58582136143879,755.5,0.4066794395446777,0.07482072755651097,0.4909979522228241,0.05051878070601377
0.17389916150997847,1.1636415729884808,1349.8,62.44336914870197,762.2,0.3825701057910919,0.05632305461363927,0.4953751742839813,0.047703823781928015
0.1973820396531851,1.1636415729884808,1344.3,61.21684109391907,767.7,0.35532058477401735,0.04861555699047152,0.5011067390441895,0.04310968803154712
0.22086491779639172,1.1636415729884808,1338.4,60.41385660430915,773.5999999999999,0.32809956669807433,0.03240836479673714,0.506648963689804,0.03774668551538786
0.24434779593959835,1.1636415729884808,1335.7,60.80772148527534,776.3,0.31392806172370913,0.03090492679590748,0.5080712318420411,0.03664538093926954
0.267830674082805,1.1636415729884808,1333.2,63.320468896526044,778.8,0.31302484273910525,0.03044535847478823,0.5078161597251892,0.03657076673261649
0.2913135522260116,1.1636415729884808,1327.3,66.58333820457919,784.7,0.31044175624847414,0.03143873949079334,0.5088883757591247,0.0368725066156018
0.3147964303692182,1.1636415729884808,1324.1,69.67089060351245,787.9000000000001,0.3083768844604492,0.031068038668765473,0.5089457750320434,0.03694694518551162
0.3382793085124248,1.1636415729884808,1322.1,70.68447826294943,789.9000000000001,0.3069239318370819,0.030416086868782548,0.5082920789718628,0.036350814278684196
0.3617621866556315,1.1636415729884808,1314.9,69.60720447938955,797.0999999999999,0.3041230320930481,0.029783998443008403,0.5079610049724579,0.03603910803149994
0.3852450647988381,1.1636415729884808,1305.2,71.20331075433961,806.8,0.2992253839969635,0.026121630452436588,0.5100285053253174,0.036965296495561774
0.4087279429420447,1.1636415729884808,1301.9,71.5662457100222,810.0999999999999,0.29724488258361814,0.0262710525998171,0.5086367666721344,0.035385255463180554
0.43221082108525133,1.1636415729884808,1291.9,71.36017309296383,820.0999999999999,0.2946739196777344,0.02761844844069064,0.5127014279365539,0.036327640260262556
0.4556936992284579,1.1636415729884808,1281.5,76.5548878092054,830.5,0.2909897446632385,0.028977654686775267,0.5171250641345978,0.037416144088489915
0.4791765773716646,1.1636415729884808,1259.1,81.37930262459398,852.9000000000001,0.28774765133857727,0.026511059183744034,0.5276630938053131,0.039789333084808254
0.5026594555148711,1.1636415729884808,1251.0,84.11183143718762,861.0,0.2853326082229614,0.0275079498192152,0.5296068131923676,0.04091857892855947
0.5261423336580778,1.1636415729884808,1241.9,86.40364487402712,870.0999999999999,0.2837090253829956,0.028085133176715505,0.5273450672626495,0.04044753151564567
0.5496252118012844,1.1636415729884808,1224.6,92.38123503135112,887.4000000000001,0.28165616393089293,0.028279298364633023,0.5278684139251709,0.0406399595462197
0.573108089944491,1.1636415729884808,1217.3,93.77880678258342,894.7,0.279139643907547,0.0292942339430996,0.5295081555843353,0.04118035560498959
0.5965909680876976,1.1636415729884808,1203.0,100.97096536468518,909.0,0.2732523262500763,0.032167133792817604,0.5327844738960266,0.041432518080037596
0.6200738462309043,1.1636415729884808,1182.0,102.16728121602874,930.0,0.26606661081314087,0.03351168243295702,0.5386839151382447,0.04044105733813703
0.6435567243741109,1.1636415729884808,1163.9,103.31753291666146,948.0999999999999,0.260564386844635,0.03344567365440912,0.5451907515525818,0.041237251530041506
0.6670396025173175,1.1636415729884808,1140.1,106.6510808994162,971.9000000000001,0.25333991050720217,0.03353704269882349,0.5540204465389251,0.042477625511819224
0.6905224806605241,1.1636415729884808,1108.1,107.33238474874615,1003.9000000000001,0.2392348349094391,0.03689646889921348,0.5588113605976105,0.03703082203646709
0.7140053588037308,1.1636415729884808,1061.2,127.23829134492699,1050.8,0.22711921334266663,0.0374853842522247,0.580027598142624,0.04376257230344191
0.7374882369469374,1.1636415729884808,1012.3,128.1263708275222,1099.7,0.21792230606079102,0.037594788417877376,0.5913245916366577,0.037416555769905255
0.760971115090144,1.1636415729884808,960.4,140.67521799057343,1151.6,0.20069055557250975,0.037603405559961584,0.5911120414733887,0.0342724399699415
0.7844539932333506,1.1636415729884808,892.8,168.08969416002918,1219.2,0.18174889087677001,0.04456788350694173,0.6005402743816376,0.038519617833207585
0.8079368713765572,1.1636415729884808,814.1,185.65267475562734,1297.9,0.16470258235931395,0.049409633677533746,0.6204471588134766,0.036367050883444677
0.8314197495197639,1.1636415729884808,698.4,193.03747014055025,1413.6,0.12161636948585511,0.058679267210909575,0.6277874410152435,0.0425245357635962
0.8549026276629705,1.1636415729884808,542.0,203.30460608132816,1570.0,0.08238865733146668,0.07004782503987446,0.6475172400474548,0.0423327963552921
0.8783855058061771,1.1636415729884808,291.0,195.05019341174565,1821.0,0.047366172075271606,0.04709676362985756,0.6659892082214356,0.030550273785796528
0.9018683839493837,1.1636415729884808,137.2,136.9575036978804,1974.8,0.030659621953964232,0.035220473958788676,0.6718234539031982,0.024385264302785894
0.9253512620925903,1.1636415729884808,0.2,0.4524314325708198,2111.8,-71.74195556640625,162.29157866170644,0.6729182302951813,0.02176184363524009
0.00951901450753212,1.1889726886733316,1397.0,80.7484138576515,715.0,0.4643798589706421,0.10746746993787443,0.45873462557792666,0.06687089674454204
0.033001892650738746,1.1889726886733316,1396.9,80.59860648260275,715.0999999999999,0.4644348442554474,0.10753075188659053,0.4590972065925598,0.06654004158149808
0.056484770793945364,1.1889726886733316,1395.9,80.41497638355237,716.0999999999999,0.46467424035072324,0.10783753345894376,0.46039360761642456,0.06674842770090908
0.07996764893715198,1.1889726886733316,1395.9,80.41497638355237,716.0999999999999,0.46467424035072324,0.10783753345894376,0.46039360761642456,0.06674842770090908
0.10345052708035861,1.1889726886733316,1395.4,80.92299670976732,716.5999999999999,0.46467815041542054,0.10783526488516385,0.46113561987876894,0.06699468626298659
0.12693340522356522,1.1889726886733316,1394.5,80.22724068415737,717.5,0.4629630446434021,0.10633646772964377,0.46371269822120664,0.06463347447805333
0.15041628336677185,1.1889726886733316,1392.4,78.29823796921457,719.5999999999999,0.45931507349014283,0.10293850714958006,0.4676829814910889,0.06176807185224895
0.17389916150997847,1.1889726886733316,1385.7,71.13000593328391,726.3,0.4477296769618988,0.09252067282381561,0.47457456588745117,0.05675402932685906
0.1973820396531851,1.1889726886733316,1376.7,65.08835023514155,735.3,0.4235090672969818,0.07663383160013805,0.4832619607448578,0.0499290709178142
0.22086491779639172,1.1889726886733316,1363.4,63.6137829569206,748.5999999999999,0.38050116300582887,0.05728584839375874,0.4945184767246246,0.04191807857024968
0.24434779593959835,1.1889726886733316,1347.2,62.990054040584255,764.8,0.3265586316585541,0.03514577819190414,0.5033570468425751,0.03795103060765885
0.267830674082805,1.1889726886733316,1343.4,66.02261550323068,768.5999999999999,0.31843940615653993,0.028939623166820198,0.5042723119258881,0.038531755540615824
0.2913135522260116,1.1889726886733316,1337.2,69.68260087816752,774.8,0.315857994556427,0.030243138873014035,0.5053552329540253,0.03887464530830811
0.3147964303692182,1.1889726886733316,1329.5,71.05338460486104,782.5,0.3106539785861969,0.030659106268890988,0.5052494406700134,0.038746303631135716
0.3382793085124248,1.1889726886733316,1325.6,72.4959314585867,786.4000000000001,0.30802385210990907,0.030129123287302596,0.5060308575630188,0.03820458337167864
0.3617621866556315,1.1889726886733316,1318.4,71.64624703599772,793.5999999999999,0.30522295236587527,0.029550223513197593,0.5056997835636139,0.03789689252689063
0.3852450647988381,1.1889726886733316,1308.4,73.17277124460672,803.5999999999999,0.30009172558784486,0.02597089803992634,0.5078875124454498,0.038679105806612504
0.4087279429420447,1.1889726886733316,1305.1,73.60760314487136,806.9000000000001,0.29811122417449953,0.026158504397187653,0.5064957737922668,0.037126377378217806
0.43221082108525133,1.1889726886733316,1295.1,73.65470860557932,816.9000000000001,0.2955402612686157,0.027557408108618404,0.5105604350566864,0.038155541334631074
0.4556936992284579,1.1889726886733316,1283.4,78.61494306027174,828.5999999999999,0.2912675321102142,0.029356964515409704,0.5147597193717957,0.039492573732242284
0.4791765773716646,1.1889726886733316,1260.6,83.476153648241,851.4000000000001,0.2880367040634155,0.02693653767570957,0.5253125727176666,0.04207367906823884
0.5026594555148711,1.1889726886733316,1252.5,86.22235428551507,859.5,0.28562166094779967,0.027932453344559953,0.527256292104721,0.04320334576457872
0.5261423336580778,1.1889726886733316,1243.4,88.547200305404,868.5999999999999,0.28399807810783384,0.02851040225252142,0.5249945461750031,0.042686721204998744
0.5496252118012844,1.1889726886733316,1226.1,94.5453304029127,885.9000000000001,0.2819452166557312,0.028713443519684266,0.5255178928375244,0.042885412127695206
0.573108089944491,1.1889726886733316,1218.2,95.08884643973302,893.8,0.27916026711463926,0.029324873289347964,0.5283364117145538,0.04224256084153319
0.5965909680876976,1.1889726886733316,1203.0,100.97096536468518,909.0,0.2732523262500763,0.032167133792817604,0.5327844738960266,0.041432518080037596
0.6200738462309043,1.1889726886733316,1182.0,102.16728121602874,930.0,0.26606661081314087,0.03351168243295702,0.5386839151382447,0.04044105733813703
0.6435567243741109,1.1889726886733316,1163.9,103.31753291666146,948.0999999999999,0.260564386844635,0.03344567365440912,0.5451907515525818,0.041237251530041506
0.6670396025173175,1.1889726886733316,1140.1,106.6510808994162,971.9000000000001,0.25333991050720217,0.03353704269882349,0.5540204465389251,0.042477625511819224
0.6905224806605241,1.1889726886733316,1108.1,107.33238474874615,1003.9000000000001,0.2392348349094391,0.03689646889921348,0.5588113605976105,0.03703082203646709
0.7140053588037308,1.1889726886733316,1061.2,127.23829134492699,1050.8,0.22711921334266663,0.0374853842522247,0.580027598142624,0.04376257230344191
0.7374882369469374,1.1889726886733316,1012.3,128.1263708275222,1099.7,0.21792230606079102,0.037594788417877376,0.5913245916366577,0.037416555769905255
0.760971115090144,1.1889726886733316,960.4,140.67521799057343,1151.6,0.20069055557250975,0.037603405559961584,0.5911120414733887,0.0342724399699415
0.7844539932333506,1.1889726886733316,892.8,168.08969416002918,1219.2,0.18174889087677001,0.04456788350694173,0.6005402743816376,0.038519617833207585
0.8079368713765572,1.1889726886733316,814.1,185.65267475562734,1297.9,0.16470258235931395,0.049409633677533746,0.6204471588134766,0.036367050883444677
0.8314197495197639,1.1889726886733316,698.4,193.03747014055025,1413.6,0.12161636948585511,0.058679267210909575,0.6277874410152435,0.0425245357635962
0.8549026276629705,1.1889726886733316,542.0,203.30460608132816,1570.0,0.08238865733146668,0.07004782503987446,0.6475172400474548,0.0423327963552921
0.8783855058061771,1.1889726886733316,291.0,195.05019341174565,1821.0,0.047366172075271606,0.04709676362985756,0.6659892082214356,0.030550273785796528
0.9018683839493837,1.1889726886733316,137.2,136.9575036978804,1974.8,0.030659621953964232,0.035220473958788676,0.6718234539031982,0.024385264302785894
0.9253512620925903,1.1889726886733316,0.2,0.4524314325708198,2111.8,-71.74195556640625,162.29157866170644,0.6729182302951813,0.02176184363524009
0.00951901450753212,1.2143038043581826,1434.6,92.63139974751604,677.4000000000001,0.480010461807251,0.11707117278836587,0.4399193048477173,0.07511019770865682
0.033001892650738746,1.2143038043581826,1434.5,92.4938314104651,677.5,0.48005918860435487,0.11712368601640197,0.440337198972702,0.07473899262891777
0.056484770793945364,1.2143038043581826,1433.5,92.01679380678814,678.5,0.48026740550994873,0.11737656996084717,0.4421826899051666,0.0747316254319354
0.07996764893715198,1.2143038043581826,1433.5,92.01679380678814,678.5,0.48026740550994873,0.11737656996084717,0.4421826899051666,0.0747316254319354
0.10345052708035861,1.2143038043581826,1432.9,92.54127703807674,679.0999999999999,0.47995927929878235,0.1176329306315299,0.4426428139209747,0.07471713772827374
0.12693340522356522,1.2143038043581826,1432.0,91.9140063245105,680.0,0.478502357006073,0.11644706302119825,0.4457659900188446,0.07160523817314383
0.15041628336677185,1.2143038043581826,1429.9,90.05762922278133,682.0999999999999,0.4757170617580414,0.11385343828759929,0.45071184635162354,0.06785799047890109
0.17389916150997847,1.2143038043581826,1423.2,83.2569453024454,688.8,0.46725837588310243,0.10626720284474421,0.4593824028968811,0.06162595854612917
0.1973820396531851,1.2143038043581826,1413.2,78.27107370197037,698.8,0.45041428208351136,0.09426158090975084,0.4703833043575287,0.05347223605211548
0.22086491779639172,1.2143038043581826,1393.3,72.67128784014088,718.7,0.40617241263389586,0.07173971659011111,0.48498507142066954,0.042445785384415825
0.24434779593959835,1.2143038043581826,1376.5,69.78489029709867,735.5,0.36316701769828796,0.052566571811852376,0.49532138705253603,0.037245142027184944
0.267830674082805,1.2143038043581826,1355.5,71.48818307358917,756.5,0.32304256558418276,0.027538236436476835,0.5014840602874756,0.037632239954696625
0.2913135522260116,1.2143038043581826,1347.6,74.81567800277456,764.4000000000001,0.3197865545749664,0.0288970590238033,0.502236545085907,0.03842372786971688
0.3147964303692182,1.2143038043581826,1337.1,76.86043077910641,774.9000000000001,0.3135426342487335,0.029978551998004616,0.5038940131664276,0.039230039216994965
0.3382793085124248,1.2143038043581826,1331.6,76.76253305951576,780.4000000000001,0.31085405349731443,0.029577109984201856,0.504907763004303,0.038438523157929505
0.3617621866556315,1.2143038043581826,1321.3,73.29843021423768,790.7,0.3066737473011017,0.029106887523551964,0.5031174182891845,0.03992693104836926
0.3852450647988381,1.2143038043581826,1311.3,75.01138659785997,800.7,0.3015425205230713,0.025631004388206834,0.5053051471710205,0.040749026465091716
0.4087279429420447,1.2143038043581826,1306.3,75.16964407571979,805.7,0.2984681725502014,0.026635320957642778,0.5054417014122009,0.0381842553194697
0.43221082108525133,1.2143038043581826,1296.3,75.30643086475986,815.7,0.29589720964431765,0.02802904408516117,0.5095063626766205,0.039247764549337344
0.4556936992284579,1.2143038043581826,1284.6,80.26405079409908,827.4000000000001,0.29162448048591616,0.029829219138850924,0.5137056469917297,0.04061081959432729
0.4791765773716646,1.2143038043581826,1261.8,85.21379186488392,850.2,0.2883936524391174,0.027474341893750698,0.5242585003376007,0.043271460095528666
0.5026594555148711,1.2143038043581826,1253.7,87.9685737152053,858.3,0.2859786093235016,0.02846866101805245,0.5262022197246552,0.044396889219758366
0.5261423336580778,1.2143038043581826,1244.0,89.42628966375486,868.0,0.2841733694076538,0.028772476640419497,0.5246236085891723,0.043089431435095096
0.5496252118012844,1.2143038043581826,1226.5,95.13454963807398,885.5,0.2822020471096039,0.029106084621605688,0.5252614259719849,0.043162993588163646
0.573108089944491,1.2143038043581826,1218.2,95.08884643973302,893.8,0.27916026711463926,0.029324873289347964,0.5283364117145538,0.04224256084153319
0.5965909680876976,1.2143038043581826,1203.0,100.97096536468518,909.0,0.2732523262500763,0.032167133792817604,0.5327844738960266,0.041432518080037596
0.6200738462309043,1.2143038043581826,1182.0,102.16728121602874,930.0,0.26606661081314087,0.03351168243295702,0.5386839151382447,0.04044105733813703
0.6435567243741109,1.2143038043581826,1163.9,103.31753291666146,948.0999999999999,0.260564386844635,0.03344567365440912,0.5451907515525818,0.041237251530041506
0.6670396025173175,1.2143038043581826,1140.1,106.6510808994162,971.9000000000001,0.25333991050720217,0.03353704269882349,0.5540204465389251,0.042477625511819224
0.6905224806605241,1.2143038043581826,1108.1,107.33238474874615,1003.9000000000001,0.2392348349094391,0.03689646889921348,0.5588113605976105,0.03703082203646709
0.7140053588037308,1.2143038043581826,1061.2,127.23829134492699,1050.8,0.22711921334266663,0.0374853842522247,0.580027598142624,0.04376257230344191
0.7374882369469374,1.2143038043581826,1012.3,128.1263708275222,1099.7,0.21792230606079102,0.037594788417877376,0.5913245916366577,0.037416555769905255
0.760971115090144,1.2143038043581826,960.4,140.67521799057343,1151.6,0.20069055557250975,0.037603405559961584,0.5911120414733887,0.0342724399699415
0.7844539932333506,1.2143038043581826,892.8,168.08969416002918,1219.2,0.18174889087677001,0.04456788350694173,0.6005402743816376,0.038519617833207585
0.8079368713765572,1.2143038043581826,814.1,185.65267475562734,1297.9,0.16470258235931395,0.049409633677533746,0.6204471588134766,0.036367050883444677
0.8314197495197639,1.2143038043581826,698.4,193.03747014055025,1413.6,0.12161636948585511,0.058679267210909575,0.6277874410152435,0.0425245357635962
0.8549026276629705,1.2143038043581826,542.0,203.30460608132816,1570.0,0.08238865733146668,0.07004782503987446,0.6475172400474548,0.0423327963552921
0.8783855058061771,1.2143038043581826,291.0,195.05019341174565,1821.0,0.047366172075271606,0.04709676362985756,0.6659892082214356,0.030550273785796528
0.9018683839493837,1.2143038043581826,137.2,136.9575036978804,1974.8,0.030659621953964232,0.035220473958788676,0.6718234539031982,0.024385264302785894
0.9253512620925903,1.2143038043581826,0.2,0.4524314325708198,2111.8,-71.74195556640625,162.29157866170644,0.6729182302951813,0.02176184363524009
0.00951901450753212,1.2396349200430337,1487.5,111.99302732284707,624.5,0.5315479159355163,0.09281601602643591,0.4260280966758728,0.0705725600629068
0.033001892650738746,1.2396349200430337,1487.4,111.85787066099482,624.5999999999999,0.5315877795219421,0.09286132944189913,0.4265477299690247,0.07006400946220846
0.056484770793945364,1.2396349200430337,1483.7,109.05487706837343,628.3,0.5318014740943908,0.09311262314617458,0.42809420824050903,0.07054632800671903
0.07996764893715198,1.2396349200430337,1483.1,108.8055789823548,628.9000000000001,0.5314357459545136,0.09286273581382375,0.4286447763442993,0.06992033080232711
0.10345052708035861,1.2396349200430337,1482.5,109.35228623843163,629.5,0.5313185393810272,0.09291885377383616,0.42909457683563235,0.07000592748530135
0.12693340522356522,1.2396349200430337,1481.6,108.70715899062142,630.4000000000001,0.5300883293151856,0.09201465874211599,0.4331194579601288,0.06582629714415425
0.15041628336677185,1.2396349200430337,1479.5,106.73784010518658,632.5,0.5278836011886596,0.09002414986669277,0.4401040554046631,0.059989606716582766
0.17389916150997847,1.2396349200430337,1472.2,100.48030300167076,639.8,0.5212331652641297,0.08526042259398928,0.45176218152046205,0.05237829156633044
0.1973820396531851,1.2396349200430337,1458.3,95.14817564227957,653.7,0.5018613815307618,0.08009058300628855,0.465638667345047,0.04450586306549521
0.22086491779639172,1.2396349200430337,1423.7,81.90623109117179,688.3,0.4467369973659515,0.0644525219240725,0.48306491374969485,0.03430338454544877
0.24434779593959835,1.2396349200430337,1400.3,76.47225179506124,711.7,0.39418289065361023,0.059607951414460444,0.4973295569419861,0.03146993840556209
0.267830674082805,1.2396349200430337,1360.6,73.07246198487577,751.4000000000001,0.32687650322914125,0.02699607887576774,0.5016321063041687,0.037688669012074315
0.2913135522260116,1.2396349200430337,1352.6,76.53405143798194,759.4000000000001,0.3236609697341919,0.028623452053838965,0.5023997128009796,0.0384592128076224
0.3147964303692182,1.2396349200430337,1342.0,78.81272444693793,770.0,0.31744754910469053,0.030173440041926913,0.5043418049812317,0.03892366744418244
0.3382793085124248,1.2396349200430337,1336.2,78.82484388795173,775.8,0.3145601153373718,0.03004678643671808,0.5054009556770325,0.038085705455086584
0.3617621866556315,1.2396349200430337,1325.2,75.57004532265259,786.8,0.3104430913925171,0.029861477856211648,0.5038808107376098,0.03942133869479577
0.3852450647988381,1.2396349200430337,1312.6,76.73141653642114,799.4000000000001,0.3030795931816101,0.027836505390164874,0.5052180528640747,0.04083578149874563
0.4087279429420447,1.2396349200430337,1307.6,76.93418804319113,804.4000000000001,0.3000052452087402,0.02885717858650114,0.5053546071052551,0.03827700055874352
0.43221082108525133,1.2396349200430337,1297.6,77.16369547312154,814.4000000000001,0.29743428230285646,0.03022280007069081,0.5094192683696747,0.0393431190289339
0.4556936992284579,1.2396349200430337,1285.9,82.11450468313771,826.0999999999999,0.29316155314445497,0.032016263618515145,0.513618552684784,0.04070808973289288
0.4791765773716646,1.2396349200430337,1262.1,85.65613613616225,849.9000000000001,0.2889873325824738,0.02839713120280429,0.5247799158096313,0.04266650553886088
0.5026594555148711,1.2396349200430337,1253.7,87.9685737152053,858.3,0.2859786093235016,0.02846866101805245,0.5262022197246552,0.044396889219758366
0.5261423336580778,1.2396349200430337,1244.0,89.42628966375486,868.0,0.2841733694076538,0.028772476640419497,0.5246236085891723,0.043089431435095096
0.5496252118012844,1.2396349200430337,1226.5,95.13454963807398,885.5,0.2822020471096039,0.029106084621605688,0.5252614259719849,0.043162993588163646
0.573108089944491,1.2396349200430337,1218.2,95.08884643973302,893.8,0.27916026711463926,0.029324873289347964,0.5283364117145538,0.04224256084153319
0.5965909680876976,1.2396349200430337,1203.0,100.97096536468518,909.0,0.2732523262500763,0.032167133792817604,0.5327844738960266,0.041432518080037596
0.6200738462309043,1.2396349200430337,1182.0,102.16728121602874,930.0,0.26606661081314087,0.03351168243295702,0.5386839151382447,0.04044105733813703
0.6435567243741109,1.2396349200430337,1163.9,103.31753291666146,948.0999999999999,0.260564386844635,0.03344567365440912,0.5451907515525818,0.041237251530041506
0.6670396025173175,1.2396349200430337,1140.1,106.6510808994162,971.9000000000001,0.25333991050720217,0.03353704269882349,0.5540204465389251,0.042477625511819224
0.6905224806605241,1.2396349200430337,1108.1,107.33238474874615,1003.9000000000001,0.2392348349094391,0.03689646889921348,0.5588113605976105,0.03703082203646709
0.7140053588037308,1.2396349200430337,1061.2,127.23829134492699,1050.8,0.22711921334266663,0.0374853842522247,0.580027598142624,0.04376257230344191
0.7374882369469374,1.2396349200430337,1012.3,128.1263708275222,1099.7,0.21792230606079102,0.037594788417877376,0.5913245916366577,0.037416555769905255
0.760971115090144,1.2396349200430337,960.4,140.67521799057343,1151.6,0.20069055557250975,0.037603405559961584,0.5911120414733887,0.0342724399699415
0.7844539932333506,1.2396349200430337,892.8,168.08969416002918,1219.2,0.18174889087677001,0.04456788350694173,0.6005402743816376,0.038519617833207585
0.8079368713765572,1.2396349200430337,814.1,185.65267475562734,1297.9,0.16470258235931395,0.049409633677533746,0.6204471588134766,0.036367050883444677
0.8314197495197639,1.2396349200430337,698.4,193.03747014055025,1413.6,0.12161636948585511,0.058679267210909575,0.6277874410152435,0.0425245357635962
0.8549026276629705,1.2396349200430337,542.0,203.30460608132816,1570.0,0.08238865733146668,0.07004782503987446,0.6475172400474548,0.0423327963552921
0.8783855058061771,1.2396349200430337,291.0,195.05019341174565,1821.0,0.047366172075271606,0.04709676362985756,0.6659892082214356,0.030550273785796528
0.9018683839493837,1.2396349200430337,137.2,136.9575036978804,1974.8,0.030659621953964232,0.035220473958788676,0.6718234539031982,0.024385264302785894
0.9253512620925903,1.2396349200430337,0.2,0.4524314325708198,2111.8,-71.74195556640625,162.29157866170644,0.6729182302951813,0.02176184363524009
0.00951901450753212,1.2649660357278847,1559.8,117.9212573594363,552.2,0.5924165844917297,0.08076788089017393,0.3910113453865051,0.07611247314358663
0.033001892650738746,1.2649660357278847,1559.7,117.81718067768895,552.3,0.5924555063247681,0.08080306097008066,0.39159477353096006,0.07562726716416161
0.056484770793945364,1.2649660357278847,1550.3,113.39055100381503,561.7,0.5922274827957154,0.08075987856859967,0.39331693649291993,0.07407337261704441
0.07996764893715198,1.2649660357278847,1542.3,108.70446523928479,569.7,0.5908383131027222,0.0804572538928627,0.3948609471321106,0.07162552055133739
0.10345052708035861,1.2649660357278847,1539.7,107.88170877833409,572.3,0.5908453226089477,0.08045744700495248,0.3958682656288147,0.07135314773979418
0.12693340522356522,1.2649660357278847,1537.1,106.10696072523965,574.9000000000001,0.5898025274276734,0.07993956506084741,0.4010496914386749,0.06592932960201577
0.15041628336677185,1.2649660357278847,1531.3,108.53014482502513,580.7,0.5868507325649261,0.07936643586040375,0.4097690224647522,0.060187865199996575
0.17389916150997847,1.2649660357278847,1515.8,105.60276878180424,596.2,0.5783254384994507,0.0770718921186579,0.42857462763786314,0.05246168096958463
0.1973820396531851,1.2649660357278847,1498.7,100.78950349324944,613.3,0.5632060408592224,0.07252655318432567,0.44681299328804014,0.04319075535634202
0.22086491779639172,1.2649660357278847,1458.9,90.95225361781836,653.0999999999999,0.5100851953029633,0.07839507464284384,0.46726163029670714,0.03319526504356461
0.24434779593959835,1.2649660357278847,1433.9,85.76029116601411,678.0999999999999,0.46487514972686766,0.08341624261483781,0.48490841388702394,0.03240847072613717
0.267830674082805,1.2649660357278847,1382.6,82.25754240641012,729.4000000000001,0.38743268251419066,0.07521933155306205,0.49314858913421633,0.038257398157605794
0.2913135522260116,1.2649660357278847,1363.0,80.13345624617197,749.0,0.35269656777381897,0.049652110820518,0.5019176721572876,0.03830496822078812
0.3147964303692182,1.2649660357278847,1344.5,80.38513223811769,767.5,0.31895771622657776,0.030448724600636915,0.5037687242031097,0.039647628226277015
0.3382793085124248,1.2649660357278847,1337.2,79.99411942154715,774.8,0.3150688707828522,0.030667976401113666,0.5045732498168946,0.03901067898887574
0.3617621866556315,1.2649660357278847,1326.2,76.87030615399256,785.8,0.3109518468379974,0.03052548397564819,0.5030531048774719,0.04029793058955233
0.3852450647988381,1.2649660357278847,1313.6,78.10410421936228,798.4000000000001,0.30358834862709044,0.028622168126478546,0.5043903470039368,0.04169773383394604
0.4087279429420447,1.2649660357278847,1308.2,77.77259917227664,803.8,0.30017749667167665,0.02912148081852429,0.5047637224197388,0.03892672607967481
0.43221082108525133,1.2649660357278847,1297.7,77.3093474513149,814.3,0.2976053774356842,0.030481763027167444,0.5094948887825013,0.03926028334537903
0.4556936992284579,1.2649660357278847,1285.9,82.11450468313771,826.0999999999999,0.29316155314445497,0.032016263618515145,0.513618552684784,0.04070808973289288
0.4791765773716646,1.2649660357278847,1262.1,85.65613613616225,849.9000000000001,0.2889873325824738,0.02839713120280429,0.5247799158096313,0.04266650553886088
0.5026594555148711,1.2649660357278847,1253.7,87.9685737152053,858.3,0.2859786093235016,0.02846866101805245,0.5262022197246552,0.044396889219758366
0.5261423336580778,1.2649660357278847,1244.0,89.42628966375486,868.0,0.2841733694076538,0.028772476640419497,0.5246236085891723,0.043089431435095096
0.5496252118012844,1.2649660357278847,1226.5,95.13454963807398,885.5,0.2822020471096039,0.029106084621605688,0.5252614259719849,0.043162993588163646
0.573108089944491,1.2649660357278847,1218.2,95.08884643973302,893.8,0.27916026711463926,0.029324873289347964,0.5283364117145538,0.04224256084153319
0.5965909680876976,1.2649660357278847,1203.0,100.97096536468518,909.0,0.2732523262500763,0.032167133792817604,0.5327844738960266,0.041432518080037596
0.6200738462309043,1.2649660357278847,1182.0,102.16728121602874,930.0,0.26606661081314087,0.03351168243295702,0.5386839151382447,0.04044105733813703
0.6435567243741109,1.2649660357278847,1163.9,103.31753291666146,948.0999999999999,0.260564386844635,0.03344567365440912,0.5451907515525818,0.041237251530041506
0.6670396025173175,1.2649660357278847,1140.1,106.6510808994162,971.9000000000001,0.25333991050720217,0.03353704269882349,0.5540204465389251,0.042477625511819224
0.6905224806605241,1.2649660357278847,1108.1,107.33238474874615,1003.9000000000001,0.2392348349094391,0.03689646889921348,0.5588113605976105,0.03703082203646709
0.7140053588037308,1.2649660357278847,1061.2,127.23829134492699,1050.8,0.22711921334266663,0.0374853842522247,0.580027598142624,0.04376257230344191
0.7374882369469374,1.2649660357278847,1012.3,128.1263708275222,1099.7,0.21792230606079102,0.037594788417877376,0.5913245916366577,0.037416555769905255
0.760971115090144,1.2649660357278847,960.4,140.67521799057343,1151.6,0.20069055557250975,0.037603405559961584,0.5911120414733887,0.0342724399699415
0.7844539932333506,1.2649660357278847,892.8,168.08969416002918,1219.2,0.18174889087677001,0.04456788350694173,0.6005402743816376,0.038519617833207585
0.8079368713765572,1.2649660357278847,814.1,185.65267475562734,1297.9,0.16470258235931395,0.049409633677533746,0.6204471588134766,0.036367050883444677
0.8314197495197639,1.2649660357278847,698.4,193.03747014055025,1413.6,0.12161636948585511,0.058679267210909575,0.6277874410152435,0.0425245357635962
0.8549026276629705,1.2649660357278847,542.0,203.30460608132816,1570.0,0.08238865733146668,0.07004782503987446,0.6475172400474548,0.0423327963552921
0.8783855058061771,1.2649660357278847,291.0,195.05019341174565,1821.0,0.047366172075271606,0.04709676362985756,0.6659892082214356,0.030550273785796528
0.9018683839493837,1.2649660357278847,137.2,136.9575036978804,1974.8,0.030659621953964232,0.035220473958788676,0.6718234539031982,0.024385264302785894
0.9253512620925903,1.2649660357278847,0.2,0.4524314325708198,2111.8,-71.74195556640625,162.29157866170644,0.6729182302951813,0.02176184363524009
0.00951901450753212,1.2902971514127357,1670.2,131.3479609491245,441.79999999999995,0.6308236658573151,0.07848860040493984,0.3513525426387787,0.07619737839132644
0.033001892650738746,1.2902971514127357,1670.1,131.2560041129691,441.9000000000001,0.6308571219444274,0.07851342711778943,0.35214725136756897,0.07525600563527471
0.056484770793945364,1.2902971514127357,1654.0,124.21007648252285,458.0,0.6313466727733612,0.07910673885796618,0.35321539640426636,0.07730603531406485
0.07996764893715198,1.2902971514127357,1635.6,116.89524311298473,476.4000000000001,0.6298537194728852,0.07892269513240636,0.36109002828598025,0.07724632451232476
0.10345052708035861,1.2902971514127357,1620.5,111.11480698272521,491.5,0.6306733667850495,0.0786841897434346,0.3694162905216217,0.07650523962585003
0.12693340522356522,1.2902971514127357,1610.9,110.33435636107907,501.0999999999999,0.6294780552387238,0.0792853325614372,0.377817964553833,0.0703346181373512
0.15041628336677185,1.2902971514127357,1597.8,109.64699596611545,514.2,0.6277229070663453,0.07830128294681692,0.38951451778411866,0.06358478327378539
0.17389916150997847,1.2902971514127357,1573.7,107.21026050757496,538.3,0.619449782371521,0.07834957025702002,0.408908075094223,0.057541109194516854
0.1973820396531851,1.2902971514127357,1550.4,101.52368239539287,561.5999999999999,0.6068909704685211,0.07725050480330477,0.4380244791507721,0.046193531647697454
0.22086491779639172,1.2902971514127357,1510.4,96.42452093379222,601.5999999999999,0.5626862585544586,0.09023855110872044,0.45986037850379946,0.033533076743139795
0.24434779593959835,1.2902971514127357,1477.9,89.34197126484862,634.0999999999999,0.5239546597003937,0.09827322587222108,0.4809740960597992,0.032443128316320194
0.267830674082805,1.2902971514127357,1423.9,94.73638236287078,688.0999999999999,0.4505779266357422,0.11386409256218398,0.49274922609329225,0.037958434689920925
0.2913135522260116,1.2902971514127357,1397.7,90.42911756737344,714.3,0.4289556086063385,0.10054183375376989,0.5028063178062439,0.040173264786912424
0.3147964303692182,1.2902971514127357,1363.8,83.85645700046594,748.2,0.3760585606098175,0.0744250351178532,0.5073836803436279,0.040265533216148244
0.3382793085124248,1.2902971514127357,1337.7,80.59620786572549,774.3,0.31569408178329467,0.03147223191992927,0.5044147431850433,0.03919552753935792
0.3617621866556315,1.2902971514127357,1326.7,77.53701112082553,785.3,0.3115770578384399,0.03138007193035642,0.5028945982456208,0.04047351608534234
0.3852450647988381,1.2902971514127357,1314.1,78.8058342909503,797.9000000000001,0.30421355962753294,0.029620391251341298,0.5042318403720856,0.041870327705612415
0.4087279429420447,1.2902971514127357,1308.2,77.77259917227664,803.8,0.30017749667167665,0.02912148081852429,0.5047637224197388,0.03892672607967481
0.43221082108525133,1.2902971514127357,1297.7,77.3093474513149,814.3,0.2976053774356842,0.030481763027167444,0.5094948887825013,0.03926028334537903
0.4556936992284579,1.2902971514127357,1285.9,82.11450468313771,826.0999999999999,0.29316155314445497,0.032016263618515145,0.513618552684784,0.04070808973289288
0.4791765773716646,1.2902971514127357,1262.1,85.65613613616225,849.9000000000001,0.2889873325824738,0.02839713120280429,0.5247799158096313,0.04266650553886088
0.5026594555148711,1.2902971514127357,1253.7,87.9685737152053,858.3,0.2859786093235016,0.02846866101805245,0.5262022197246552,0.044396889219758366
0.5261423336580778,1.2902971514127357,1244.0,89.42628966375486,868.0,0.2841733694076538,0.028772476640419497,0.5246236085891723,0.043089431435095096
0.5496252118012844,1.2902971514127357,1226.5,95.13454963807398,885.5,0.2822020471096039,0.029106084621605688,0.5252614259719849,0.043162993588163646
0.573108089944491,1.2902971514127357,1218.2,95.08884643973302,893.8,0.27916026711463926,0.029324873289347964,0.5283364117145538,0.04224256084153319
0.5965909680876976,1.2902971514127357,1203.0,100.97096536468518,909.0,0.2732523262500763,0.032167133792817604,0.5327844738960266,0.041432518080037596
0.6200738462309043,1.2902971514127357,1182.0,102.16728121602874,930.0,0.26606661081314087,0.03351168243295702,0.5386839151382447,0.04044105733813703
0.6435567243741109,1.2902971514127357,1163.9,103.31753291666146,948.0999999999999,0.260564386844635,0.03344567365440912,0.5451907515525818,0.041237251530041506
0.6670396025173175,1.2902971514127357,1140.1,106.6510808994162,971.9000000000001,0.25333991050720217,0.03353704269882349,0.5540204465389251,0.042477625511819224
0.6905224806605241,1.2902971514127357,1108.1,107.33238474874615,1003.9000000000001,0.2392348349094391,0.03689646889921348,0.5588113605976105,0.03703082203646709
0.7140053588037308,1.2902971514127357,1061.2,127.23829134492699,1050.8,0.22711921334266663,0.0374853842522247,0.580027598142624,0.04376257230344191
0.7374882369469374,1.2902971514127357,1012.3,128.1263708275222,1099.7,0.21792230606079102,0.037594788417877376,0.5913245916366577,0.037416555769905255
0.760971115090144,1.2902971514127357,960.4,140.67521799057343,1151.6,0.20069055557250975,0.037603405559961584,0.5911120414733887,0.0342724399699415
0.7844539932333506,1.2902971514127357,892.8,168.08969416002918,1219.2,0.18174889087677001,0.04456788350694173,0.6005402743816376,0.038519617833207585
0.8079368713765572,1.2902971514127357,814.1,185.65267475562734,1297.9,0.16470258235931395,0.049409633677533746,0.6204471588134766,0.036367050883444677
0.8314197495197639,1.2902971514127357,698.4,193.03747014055025,1413.6,0.12161636948585511,0.058679267210909575,0.6277874410152435,0.0425245357635962
0.8549026276629705,1.2902971514127357,542.0,203.30460608132816,1570.0,0.08238865733146668,0.07004782503987446,0.6475172400474548,0.0423327963552921
0.8783855058061771,1.2902971514127357,291.0,195.05019341174565,1821.0,0.047366172075271606,0.04709676362985756,0.6659892082214356,0.030550273785796528
0.9018683839493837,1.2902971514127357,137.2,136.9575036978804,1974.8,0.030659621953964232,0.035220473958788676,0.6718234539031982,0.024385264302785894
0.9253512620925903,1.2902971514127357,0.2,0.4524314325708198,2111.8,-71.74195556640625,162.29157866170644,0.6729182302951813,0.02176184363524009
0.00951901450753212,1.3156282670975865,1800.5,111.18233330387825,311.5,0.6715087831020355,0.023870490890574705,0.305806964635849,0.05404679994560319
0.033001892650738746,1.3156282670975865,1800.4,111.12603863574299,311.5999999999999,0.671541714668274,0.023918883894729112,0.30674696564674375,0.052711153352782626
0.056484770793945364,1.3156282670975865,1765.6,113.26469284659981,346.4000000000001,0.6727983713150024,0.024392800983858178,0.31319950222969056,0.05852319799658818
0.07996764893715198,1.3156282670975865,1726.7,102.56723023215731,385.29999999999995,0.672168779373169,0.025354371066859456,0.3270154058933258,0.06443494402845597
0.10345052708035861,1.3156282670975865,1694.1,96.74727220661141,417.9000000000001,0.6748727321624756,0.025799638466958253,0.33642324805259705,0.061769806809137344
0.12693340522356522,1.3156282670975865,1672.2,97.73333472349063,439.79999999999995,0.6728795111179352,0.027419347939261225,0.352371084690094,0.05401336282799623
0.15041628336677185,1.3156282670975865,1652.7,95.21747072953579,459.29999999999995,0.6714716613292694,0.026901539346172336,0.36724805235862734,0.05143013948381871
0.17389916150997847,1.3156282670975865,1625.3,92.06053251924682,486.70000000000005,0.6649928748607635,0.02746040630234332,0.3881266415119171,0.045688257403412674
0.1973820396531851,1.3156282670975865,1600.3,86.08362587971827,511.70000000000005,0.65389564037323,0.031892261890673575,0.41770959496498106,0.037770303947244954
0.22086491779639172,1.3156282670975865,1548.9,82.29157881292954,563.0999999999999,0.6089264988899231,0.07043803361072717,0.4466897428035736,0.028230957679577753
0.24434779593959835,1.3156282670975865,1512.3,78.3721656540153,599.7,0.5700038492679596,0.09210193612470266,0.4669824540615082,0.03301368199240798
0.267830674082805,1.3156282670975865,1458.0,93.31988571639457,654.0,0.4981848359107971,0.12501189825473963,0.4807667374610901,0.03968654118486465
0.2913135522260116,1.3156282670975865,1431.8,86.44861214161696,680.2,0.48331537246704104,0.11890091072043135,0.4937387228012085,0.04236566628855423
0.3147964303692182,1.3156282670975865,1390.7,76.99244140217077,721.3,0.43468214869499205,0.11066240235085185,0.49933463931083677,0.04192739457429497
0.3382793085124248,1.3156282670975865,1350.4,68.27085545549514,761.5999999999999,0.36813233494758607,0.08099969186534058,0.5003870785236358,0.039029140264901466
0.3617621866556315,1.3156282670975865,1329.4,74.41408308693947,782.5999999999999,0.3285274624824524,0.04374939939570469,0.5017785787582397,0.039904976904885155
0.3852450647988381,1.3156282670975865,1314.1,78.8058342909503,797.9000000000001,0.30421355962753294,0.029620391251341298,0.5042318403720856,0.041870327705612415
0.4087279429420447,1.3156282670975865,1308.2,77.77259917227664,803.8,0.30017749667167665,0.02912148081852429,0.5047637224197388,0.03892672607967481
0.43221082108525133,1.3156282670975865,1297.7,77.3093474513149,814.3,0.2976053774356842,0.030481763027167444,0.5094948887825013,0.03926028334537903
0.4556936992284579,1.3156282670975865,1285.9,82.11450468313771,826.0999999999999,0.29316155314445497,0.032016263618515145,0.513618552684784,0.04070808973289288
0.4791765773716646,1.3156282670975865,1262.1,85.65613613616225,849.9000000000001,0.2889873325824738,0.02839713120280429,0.5247799158096313,0.04266650553886088
0.5026594555148711,1.3156282670975865,1253.7,87.9685737152053,858.3,0.2859786093235016,0.02846866101805245,0.5262022197246552,0.044396889219758366
0.5261423336580778,1.3156282670975865,1244.0,89.42628966375486,868.0,0.2841733694076538,0.028772476640419497,0.5246236085891723,0.043089431435095096
0.5496252118012844,1.3156282670975865,1226.5,95.13454963807398,885.5,0.2822020471096039,0.029106084621605688,0.5252614259719849,0.043162993588163646
0.573108089944491,1.3156282670975865,1218.2,95.08884643973302,893.8,0.27916026711463926,0.029324873289347964,0.5283364117145538,0.04224256084153319
0.5965909680876976,1.3156282670975865,1203.0,100.97096536468518,909.0,0.2732523262500763,0.032167133792817604,0.5327844738960266,0.041432518080037596
0.6200738462309043,1.3156282670975865,1182.0,102.16728121602874,930.0,0.26606661081314087,0.03351168243295702,0.5386839151382447,0.04044105733813703
0.6435567243741109,1.3156282670975865,1163.9,103.31753291666146,948.0999999999999,0.260564386844635,0.03344567365440912,0.5451907515525818,0.041237251530041506
0.6670396025173175,1.3156282670975865,1140.1,106.6510808994162,971.9000000000001,0.25333991050720217,0.03353704269882349,0.5540204465389251,0.042477625511819224
0.6905224806605241,1.3156282670975865,1108.1,107.33238474874615,1003.9000000000001,0.2392348349094391,0.03689646889921348,0.5588113605976105,0.03703082203646709
0.7140053588037308,1.3156282670975865,1061.2,127.23829134492699,1050.8,0.22711921334266663,0.0374853842522247,0.580027598142624,0.04376257230344191
0.7374882369469374,1.3156282670975865,1012.3,128.1263708275222,1099.7,0.21792230606079102,0.037594788417877376,0.5913245916366577,0.037416555769905255
0.760971115090144,1.3156282670975865,960.4,140.67521799057343,1151.6,0.20069055557250975,0.037603405559961584,0.5911120414733887,0.0342724399699415
0.7844539932333506,1.3156282670975865,892.8,168.08969416002918,1219.2,0.18174889087677001,0.04456788350694173,0.6005402743816376,0.038519617833207585
0.8079368713765572,1.3156282670975865,814.1,185.65267475562734,1297.9,0.16470258235931395,0.049409633677533746,0.6204471588134766,0.036367050883444677
0.8314197495197639,1.3156282670975865,698.4,193.03747014055025,1413.6,0.12161636948585511,0.058679267210909575,0.6277874410152435,0.0425245357635962
0.8549026276629705,1.3156282670975865,542.0,203.30460608132816,1570.0,0.08238865733146668,0.07004782503987446,0.6475172400474548,0.0423327963552921
0.8783855058061771,1.3156282670975865,291.0,195.05019341174565,1821.0,0.047366172075271606,0.04709676362985756,0.6659892082214356,0.030550273785796528
0.9018683839493837,1.3156282670975865,137.2,136.9575036978804,1974.8,0.030659621953964232,0.035220473958788676,0.6718234539031982,0.024385264302785894
0.9253512620925903,1.3156282670975865,0.2,0.4524314325708198,2111.8,-71.74195556640625,162.29157866170644,0.6729182302951813,0.02176184363524009
0.00951901450753212,1.3409593827824375,1981.1,54.197905498790306,130.9000000000001,0.6795406341552734,0.0249766214838954,0.25966637134552,0.05958052588306617
0.033001892650738746,1.3409593827824375,1981.0,54.2393818819102,131.0,0.6795723795890808,0.025015759781139436,0.26071651577949523,0.05839086088454412
0.056484770793945364,1.3409593827824375,1922.9,52.23297539153016,189.0999999999999,0.6828753709793091,0.025790472078598154,0.3001023828983307,0.04810290794944395
0.07996764893715198,1.3409593827824375,1867.5,45.990087224564455,244.5,0.6854843020439148,0.02652737920037837,0.29203214645385744,0.047907844190130014
0.10345052708035861,1.3409593827824375,1828.6,47.831178105574466,283.4000000000001,0.688861221075058,0.027736396793555492,0.3028976857662201,0.041652962053904036
0.12693340522356522,1.3409593827824375,1791.3,48.94032363741506,320.70000000000005,0.6870618522167206,0.03082992723782103,0.31861260533332825,0.038460140692113794
0.15041628336677185,1.3409593827824375,1755.5,51.18816195010616,356.5,0.6846138656139373,0.03104273401438776,0.3416641354560852,0.03923967478498484
0.17389916150997847,1.3409593827824375,1713.6,45.18680560242693,398.4000000000001,0.6802782535552978,0.03193460794454255,0.357230418920517,0.041273665494956605
0.1973820396531851,1.3409593827824375,1672.3,44.519817478929106,439.70000000000005,0.6668760359287262,0.0384138871959935,0.39303567409515383,0.03127532831183989
0.22086491779639172,1.3409593827824375,1619.0,61.32073446756332,493.0,0.6238123834133148,0.07700338167727412,0.4209089457988739,0.03489393822043956
0.24434779593959835,1.3409593827824375,1580.7,73.67987065131246,531.3,0.584917950630188,0.10015031572798254,0.44680480360984803,0.040195523009298455
0.267830674082805,1.3409593827824375,1520.6,101.86642152604459,591.4000000000001,0.5114756762981415,0.13499068387801588,0.4669857144355774,0.04450077328272112
0.2913135522260116,1.3409593827824375,1486.6,91.92959413289417,625.4000000000001,0.49505066871643066,0.1295263442748361,0.4824204921722412,0.04710968667161498
0.3147964303692182,1.3409593827824375,1439.7,85.3972568582967,672.3,0.4467597365379333,0.12446067234650224,0.4944539785385132,0.043467597585048326
0.3382793085124248,1.3409593827824375,1389.1,69.8559031910344,722.9000000000001,0.38745405673980715,0.1097220148712188,0.5000342428684235,0.03900649124159929
0.3617621866556315,1.3409593827824375,1360.6,73.9357498458055,751.4000000000001,0.35219937562942505,0.09018151233036445,0.5029357433319092,0.04049733253686459
0.3852450647988381,1.3409593827824375,1330.0,67.49084805524114,782.0,0.33921161890029905,0.07872161913247072,0.5027856767177582,0.041188512818739496
0.4087279429420447,1.3409593827824375,1308.2,77.77259917227664,803.8,0.30017749667167665,0.02912148081852429,0.5047637224197388,0.03892672607967481
0.43221082108525133,1.3409593827824375,1297.7,77.3093474513149,814.3,0.2976053774356842,0.030481763027167444,0.5094948887825013,0.03926028334537903
0.4556936992284579,1.3409593827824375,1285.9,82.11450468313771,826.0999999999999,0.29316155314445497,0.032016263618515145,0.513618552684784,0.04070808973289288
0.4791765773716646,1.3409593827824375,1262.1,85.65613613616225,849.9000000000001,0.2889873325824738,0.02839713120280429,0.5247799158096313,0.04266650553886088
0.5026594555148711,1.3409593827824375,1253.7,87.9685737152053,858.3,0.2859786093235016,0.02846866101805245,0.5262022197246552,0.044396889219758366
0.5261423336580778,1.3409593827824375,1244.0,89.42628966375486,868.0,0.2841733694076538,0.028772476640419497,0.5246236085891723,0.043089431435095096
0.5496252118012844,1.3409593827824375,1226.5,95.13454963807398,885.5,0.2822020471096039,0.029106084621605688,0.5252614259719849,0.043162993588163646
0.573108089944491,1.3409593827824375,1218.2,95.08884643973302,893.8,0.27916026711463926,0.029324873289347964,0.5283364117145538,0.04224256084153319
0.5965909680876976,1.3409593827824375,1203.0,100.97096536468518,909.0,0.2732523262500763,0.032167133792817604,0.5327844738960266,0.041432518080037596
0.6200738462309043,1.3409593827824375,1182.0,102.16728121602874,930.0,0.26606661081314087,0.03351168243295702,0.5386839151382447,0.04044105733813703
0.6435567243741109,1.3409593827824375,1163.9,103.31753291666146,948.0999999999999,0.260564386844635,0.03344567365440912,0.5451907515525818,0.041237251530041506
0.6670396025173175,1.3409593827824375,1140.1,106.6510808994162,971.9000000000001,0.25333991050720217,0.03353704269882349,0.5540204465389251,0.042477625511819224
0.6905224806605241,1.3409593827824375,1108.1,107.33238474874615,1003.9000000000001,0.2392348349094391,0.03689646889921348,0.5588113605976105,0.03703082203646709
0.7140053588037308,1.3409593827824375,1061.2,127.23829134492699,1050.8,0.22711921334266663,0.0374853842522247,0.580027598142624,0.04376257230344191
0.7374882369469374,1.3409593827824375,1012.3,128.1263708275222,1099.7,0.21792230606079102,0.037594788417877376,0.5913245916366577,0.037416555769905255
0.760971115090144,1.3409593827824375,960.4,140.67521799057343,1151.6,0.20069055557250975,0.037603405559961584,0.5911120414733887,0.0342724399699415
0.7844539932333506,1.3409593827824375,892.8,168.08969416002918,1219.2,0.18174889087677001,0.04456788350694173,0.6005402743816376,0.038519617833207585
0.8079368713765572,1.3409593827824375,814.1,185.65267475562734,1297.9,0.16470258235931395,0.049409633677533746,0.6204471588134766,0.036367050883444677
0.8314197495197639,1.3409593827824375,698.4,193.03747014055025,1413.6,0.12161636948585511,0.058679267210909575,0.6277874410152435,0.0425245357635962
0.8549026276629705,1.3409593827824375,542.0,203.30460608132816,1570.0,0.08238865733146668,0.07004782503987446,0.6475172400474548,0.0423327963552921
0.8783855058061771,1.3409593827824375,291.0,195.05019341174565,1821.0,0.047366172075271606,0.04709676362985756,0.6659892082214356,0.030550273785796528
0.9018683839493837,1.3409593827824375,137.2,136.9575036978804,1974.8,0.030659621953964232,0.035220473958788676,0.6718234539031982,0.024385264302785894
0.9253512620925903,1.3409593827824375,0.2,0.4524314325708198,2111.8,-71.74195556640625,162.29157866170644,0.6729182302951813,0.02176184363524009
0.00951901450753212,1.3662904984672886,2057.8,28.021544492035606,54.19999999999982,0.676073682308197,0.023249563898621567,0.21752409934997557,0.09517871619761667
0.033001892650738746,1.3662904984672886,2057.7,28.07880904681715,54.30000000000018,0.6761028349399567,0.023284881422318254,0.218787682056427,0.09496086960759696
0.056484770793945364,1.3662904984672886,1983.0,30.777902388757948,129.0,0.6809822857379914,0.02408493319750629,0.29230069518089297,0.07809768673055709
0.07996764893715198,1.3662904984672886,1910.9,30.31900156404474,201.0999999999999,0.6843187630176544,0.024728443243732617,0.2927456617355347,0.04698187590939953
0.10345052708035861,1.3662904984672886,1863.4,41.72874407194279,248.5999999999999,0.6877976536750794,0.026165868245725043,0.30795968770980836,0.03817590033193948
0.12693340522356522,1.3662904984672886,1818.1,41.92483807560993,293.9000000000001,0.6869442224502563,0.029579453828891194,0.3179643154144287,0.029628145634754584
0.15041628336677185,1.3662904984672886,1780.2,43.96041347988317,331.79999999999995,0.684348863363266,0.029752947692898952,0.34351975917816163,0.035557367063616965
0.17389916150997847,1.3662904984672886,1731.5,40.94060063551475,380.5,0.6796766877174377,0.03109399034112978,0.35823086500167844,0.042249665337801466
0.1973820396531851,1.3662904984672886,1684.6,46.82197815574876,427.4000000000001,0.6660467863082886,0.03758495642707257,0.396334046125412,0.032189700443869144
0.22086491779639172,1.3662904984672886,1627.0,66.45251111444325,485.0,0.6230081439018249,0.07641818232372113,0.42287400364875793,0.033690618711793574
0.24434779593959835,1.3662904984672886,1585.2,77.5184925600627,526.8,0.584012508392334,0.09941564092081133,0.4508403241634369,0.037338066167907615
0.267830674082805,1.3662904984672886,1522.9,103.89651656179775,589.0999999999999,0.5105497658252716,0.13413708446609832,0.4700972020626068,0.04256294724852339
0.2913135522260116,1.3662904984672886,1487.0,92.445715623745,625.0,0.49473682045936584,0.12921860187400147,0.48429136872291567,0.045439666454076044
0.3147964303692182,1.3662904984672886,1439.7,85.3972568582967,672.3,0.4467597365379333,0.12446067234650224,0.4944539785385132,0.043467597585048326
0.3382793085124248,1.3662904984672886,1389.1,69.8559031910344,722.9000000000001,0.38745405673980715,0.1097220148712188,0.5000342428684235,0.03900649124159929
0.3617621866556315,1.3662904984672886,1360.6,73.9357498458055,751.4000000000001,0.35219937562942505,0.09018151233036445,0.5029357433319092,0.04049733253686459
0.3852450647988381,1.3662904984672886,1330.0,67.49084805524114,782.0,0.33921161890029905,0.07872161913247072,0.5027856767177582,0.041188512818739496
0.4087279429420447,1.3662904984672886,1308.2,77.77259917227664,803.8,0.30017749667167665,0.02912148081852429,0.5047637224197388,0.03892672607967481
0.43221082108525133,1.3662904984672886,1297.7,77.3093474513149,814.3,0.2976053774356842,0.030481763027167444,0.5094948887825013,0.03926028334537903
0.4556936992284579,1.3662904984672886,1285.9,82.11450468313771,826.0999999999999,0.29316155314445497,0.032016263618515145,0.513618552684784,0.04070808973289288
0.4791765773716646,1.3662904984672886,1262.1,85.65613613616225,849.9000000000001,0.2889873325824738,0.02839713120280429,0.5247799158096313,0.04266650553886088
0.5026594555148711,1.3662904984672886,1253.7,87.9685737152053,858.3,0.2859786093235016,0.02846866101805245,0.5262022197246552,0.044396889219758366
0.5261423336580778,1.3662904984672886,1244.0,89.42628966375486,868.0,0.2841733694076538,0.028772476640419497,0.5246236085891723,0.043089431435095096
0.5496252118012844,1.3662904984672886,1226.5,95.13454963807398,885.5,0.2822020471096039,0.029106084621605688,0.5252614259719849,0.043162993588163646
0.573108089944491,1.3662904984672886,1218.2,95.08884643973302,893.8,0.27916026711463926,0.029324873289347964,0.5283364117145538,0.04224256084153319
0.5965909680876976,1.3662904984672886,1203.0,100.97096536468518,909.0,0.2732523262500763,0.032167133792817604,0.5327844738960266,0.041432518080037596
0.6200738462309043,1.3662904984672886,1182.0,102.16728121602874,930.0,0.26606661081314087,0.03351168243295702,0.5386839151382447,0.04044105733813703
0.6435567243741109,1.3662904984672886,1163.9,103.31753291666146,948.0999999999999,0.260564386844635,0.03344567365440912,0.5451907515525818,0.041237251530041506
0.6670396025173175,1.3662904984672886,1140.1,106.6510808994162,971.9000000000001,0.25333991050720217,0.03353704269882349,0.5540204465389251,0.042477625511819224
0.6905224806605241,1.3662904984672886,1108.1,107.33238474874615,1003.9000000000001,0.2392348349094391,0.03689646889921348,0.5588113605976105,0.03703082203646709
0.7140053588037308,1.3662904984672886,1061.2,127.23829134492699,1050.8,0.22711921334266663,0.0374853842522247,0.580027598142624,0.04376257230344191
0.7374882369469374,1.3662904984672886,1012.3,128.1263708275222,1099.7,0.21792230606079102,0.037594788417877376,0.5913245916366577,0.037416555769905255
0.760971115090144,1.3662904984672886,960.4,140.67521799057343,1151.6,0.20069055557250975,0.037603405559961584,0.5911120414733887,0.0342724399699415
0.7844539932333506,1.3662904984672886,892.8,168.08969416002918,1219.2,0.18174889087677001,0.04456788350694173,0.6005402743816376,0.038519617833207585
0.8079368713765572,1.3662904984672886,814.1,185.65267475562734,1297.9,0.16470258235931395,0.049409633677533746,0.6204471588134766,0.036367050883444677
0.8314197495197639,1.3662904984672886,698.4,193.03747014055025,1413.6,0.12161636948585511,0.058679267210909575,0.6277874410152435,0.0425245357635962
0.8549026276629705,1.3662904984672886,542.0,203.30460608132816,1570.0,0.08238865733146668,0.07004782503987446,0.6475172400474548,0.0423327963552921
0.8783855058061771,1.3662904984672886,291.0,195.05019341174565,1821.0,0.047366172075271606,0.04709676362985756,0.6659892082214356,0.030550273785796528
0.9018683839493837,1.3662904984672886,137.2,136.9575036978804,1974.8,0.030659621953964232,0.035220473958788676,0.6718234539031982,0.024385264302785894
0.9253512620925903,1.3662904984672886,0.2,0.4524314325708198,2111.8,-71.74195556640625,162.29157866170644,0.6729182302951813,0.02176184363524009
0.00951901450753212,1.3916216141521396,2092.5,16.490317168418937,19.5,0.6736594915390015,0.02257562620117973,0.16163082122802735,0.14062732366301683
0.033001892650738746,1.3916216141521396,2092.4,16.490144764829065,19.59999999999991,0.673687219619751,0.02260742321852285,0.16560717225074767,0.137771613484611
0.056484770793945364,1.3916216141521396,2007.3,32.94449617457364,104.70000000000005,0.6797247648239135,0.023766814570693365,0.27822155952453614,0.07415450481557744
0.07996764893715198,1.3916216141521396,1920.4,31.881705908717834,191.5999999999999,0.6838854610919952,0.024258394456385873,0.28913686871528627,0.044659769199736535
0.10345052708035861,1.3916216141521396,1870.1,41.869195939727305,241.9000000000001,0.6873282015323638,0.025812430985285854,0.3079702079296112,0.03713156717997951
0.12693340522356522,1.3916216141521396,1823.1,44.28342377048484,288.9000000000001,0.6863894939422608,0.029153157815784685,0.3184614539146423,0.028874575617474037
0.15041628336677185,1.3916216141521396,1783.1,45.53933321301045,328.9000000000001,0.68394455909729,0.029516942189824855,0.3448948860168457,0.03523937345575237
0.17389916150997847,1.3916216141521396,1732.4,41.0847157774609,379.5999999999999,0.6795148313045501,0.031098158643940974,0.3595809698104858,0.04322327508185249
0.1973820396531851,1.3916216141521396,1684.9,46.82835319729757,427.0999999999999,0.6661436259746552,0.03753505423374184,0.3962529063224792,0.03213421702031826
0.22086491779639172,1.3916216141521396,1627.0,66.45251111444325,485.0,0.6230081439018249,0.07641818232372113,0.42287400364875793,0.033690618711793574
0.24434779593959835,1.3916216141521396,1585.2,77.5184925600627,526.8,0.584012508392334,0.09941564092081133,0.4508403241634369,0.037338066167907615
0.267830674082805,1.3916216141521396,1522.9,103.89651656179775,589.0999999999999,0.5105497658252716,0.13413708446609832,0.4700972020626068,0.04256294724852339
0.2913135522260116,1.3916216141521396,1487.0,92.445715623745,625.0,0.49473682045936584,0.12921860187400147,0.48429136872291567,0.045439666454076044
0.3147964303692182,1.3916216141521396,1439.7,85.3972568582967,672.3,0.4467597365379333,0.12446067234650224,0.4944539785385132,0.043467597585048326
0.3382793085124248,1.3916216141521396,1389.1,69.8559031910344,722.9000000000001,0.38745405673980715,0.1097220148712188,0.5000342428684235,0.03900649124159929
0.3617621866556315,1.3916216141521396,1360.6,73.9357498458055,751.4000000000001,0.35219937562942505,0.09018151233036445,0.5029357433319092,0.04049733253686459
0.3852450647988381,1.3916216141521396,1330.0,67.49084805524114,782.0,0.33921161890029905,0.07872161913247072,0.5027856767177582,0.041188512818739496
0.4087279429420447,1.3916216141521396,1308.2,77.77259917227664,803.8,0.30017749667167665,0.02912148081852429,0.5047637224197388,0.03892672607967481
0.43221082108525133,1.3916216141521396,1297.7,77.3093474513149,814.3,0.2976053774356842,0.030481763027167444,0.5094948887825013,0.03926028334537903
0.4556936992284579,1.3916216141521396,1285.9,82.11450468313771,826.0999999999999,0.29316155314445497,0.032016263618515145,0.513618552684784,0.04070808973289288
0.4791765773716646,1.3916216141521396,1262.1,85.65613613616225,849.9000000000001,0.2889873325824738,0.02839713120280429,0.5247799158096313,0.04266650553886088
0.5026594555148711,1.3916216141521396,1253.7,87.9685737152053,858.3,0.2859786093235016,0.02846866101805245,0.5262022197246552,0.044396889219758366
0.5261423336580778,1.3916216141521396,1244.0,89.42628966375486,868.0,0.2841733694076538,0.028772476640419497,0.5246236085891723,0.043089431435095096
0.5496252118012844,1.3916216141521396,1226.5,95.13454963807398,885.5,0.2822020471096039,0.029106084621605688,0.5252614259719849,0.043162993588163646
0.573108089944491,1.3916216141521396,1218.2,95.08884643973302,893.8,0.27916026711463926,0.029324873289347964,0.5283364117145538,0.04224256084153319
0.5965909680876976,1.3916216141521396,1203.0,100.97096536468518,909.0,0.2732523262500763,0.032167133792817604,0.5327844738960266,0.041432518080037596
0.6200738462309043,1.3916216141521396,1182.0,102.16728121602874,930.0,0.26606661081314087,0.03351168243295702,0.5386839151382447,0.04044105733813703
0.6435567243741109,1.3916216141521396,1163.9,103.31753291666146,948.0999999999999,0.260564386844635,0.03344567365440912,0.5451907515525818,0.041237251530041506
0.6670396025173175,1.3916216141521396,1140.1,106.6510808994162,971.9000000000001,0.25333991050720217,0.03353704269882349,0.5540204465389251,0.042477625511819224
0.6905224806605241,1.3916216141521396,1108.1,107.33238474874615,1003.9000000000001,0.2392348349094391,0.03689646889921348,0.5588113605976105,0.03703082203646709
0.7140053588037308,1.3916216141521396,1061.2,127.23829134492699,1050.8,0.22711921334266663,0.0374853842522247,0.580027598142624,0.04376257230344191
0.7374882369469374,1.3916216141521396,1012.3,128.1263708275222,1099.7,0.21792230606079102,0.037594788417877376,0.5913245916366577,0.037416555769905255
0.760971115090144,1.3916216141521396,960.4,140.67521799057343,1151.6,0.20069055557250975,0.037603405559961584,0.5911120414733887,0.0342724399699415
0.7844539932333506,1.3916216141521396,892.8,168.08969416002918,1219.2,0.18174889087677001,0.04456788350694173,0.6005402743816376,0.038519617833207585
0.8079368713765572,1.3916216141521396,814.1,185.65267475562734,1297.9,0.16470258235931395,0.049409633677533746,0.6204471588134766,0.036367050883444677
0.8314197495197639,1.3916216141521396,698.4,193.03747014055025,1413.6,0.12161636948585511,0.058679267210909575,0.6277874410152435,0.0425245357635962
0.8549026276629705,1.3916216141521396,542.0,203.30460608132816,1570.0,0.08238865733146668,0.07004782503987446,0.6475172400474548,0.0423327963552921
0.8783855058061771,1.3916216141521396,291.0,195.05019341174565,1821.0,0.047366172075271606,0.04709676362985756,0.6659892082214356,0.030550273785796528
0.9018683839493837,1.3916216141521396,137.2,136.9575036978804,1974.8,0.030659621953964232,0.035220473958788676,0.6718234539031982,0.024385264302785894
0.9253512620925903,1.3916216141521396,0.2,0.4524314325708198,2111.8,-71.74195556640625,162.29157866170644,0.6729182302951813,0.02176184363524009
0.00951901450753212,1.4169527298369906,2107.5,7.728577171366767,4.5,0.6733260452747345,0.02158920203738451,0.043126392364501956,0.06506642103679738
0.033001892650738746,1.4169527298369906,2107.4,7.691334353703938,4.599999999999909,0.6733534753322601,0.02161996359355889,0.043126392364501956,0.06506642103679738
0.056484770793945364,1.4169527298369906,2020.0,35.71534726614637,92.0,0.6790243268013001,0.023226245067827455,0.2737652063369751,0.09324495821627644
0.07996764893715198,1.4169527298369906,1920.7,32.009590466717924,191.29999999999995,0.6838912069797516,0.024261051350046324,0.2876236021518707,0.044616003443869116
0.10345052708035861,1.4169527298369906,1870.1,41.869195939727305,241.9000000000001,0.6873282015323638,0.025812430985285854,0.3079702079296112,0.03713156717997951
0.12693340522356522,1.4169527298369906,1823.1,44.28342377048484,288.9000000000001,0.6863894939422608,0.029153157815784685,0.3184614539146423,0.028874575617474037
0.15041628336677185,1.4169527298369906,1783.1,45.53933321301045,328.9000000000001,0.68394455909729,0.029516942189824855,0.3448948860168457,0.03523937345575237
0.17389916150997847,1.4169527298369906,1732.4,41.0847157774609,379.5999999999999,0.6795148313045501,0.031098158643940974,0.3595809698104858,0.04322327508185249
0.1973820396531851,1.4169527298369906,1684.9,46.82835319729757,427.0999999999999,0.6661436259746552,0.03753505423374184,0.3962529063224792,0.03213421702031826
0.22086491779639172,1.4169527298369906,1627.0,66.45251111444325,485.0,0.6230081439018249,0.07641818232372113,0.42287400364875793,0.033690618711793574
0.24434779593959835,1.4169527298369906,1585.2,77.5184925600627,526.8,0.584012508392334,0.09941564092081133,0.4508403241634369,0.037338066167907615
0.267830674082805,1.4169527298369906,1522.9,103.89651656179775,589.0999999999999,0.5105497658252716,0.13413708446609832,0.4700972020626068,0.04256294724852339
0.2913135522260116,1.4169527298369906,1487.0,92.445715623745,625.0,0.49473682045936584,0.12921860187400147,0.48429136872291567,0.045439666454076044
0.3147964303692182,1.4169527298369906,1439.7,85.3972568582967,672.3,0.4467597365379333,0.12446067234650224,0.4944539785385132,0.043467597585048326
0.3382793085124248,1.4169527298369906,1389.1,69.8559031910344,722.9000000000001,0.38745405673980715,0.1097220148712188,0.5000342428684235,0.03900649124159929
0.3617621866556315,1.4169527298369906,1360.6,73.9357498458055,751.4000000000001,0.35219937562942505,0.09018151233036445,0.5029357433319092,0.04049733253686459
0.3852450647988381,1.4169527298369906,1330.0,67.49084805524114,782.0,0.33921161890029905,0.07872161913247072,0.5027856767177582,0.041188512818739496
0.4087279429420447,1.4169527298369906,1308.2,77.77259917227664,803.8,0.30017749667167665,0.02912148081852429,0.5047637224197388,0.03892672607967481
0.43221082108525133,1.4169527298369906,1297.7,77.3093474513149,814.3,0.2976053774356842,0.030481763027167444,0.5094948887825013,0.03926028334537903
0.4556936992284579,1.4169527298369906,1285.9,82.11450468313771,826.0999999999999,0.29316155314445497,0.032016263618515145,0.513618552684784,0.04070808973289288
0.4791765773716646,1.4169527298369906,1262.1,85.65613613616225,849.9000000000001,0.2889873325824738,0.02839713120280429,0.5247799158096313,0.04266650553886088
0.5026594555148711,1.4169527298369906,1253.7,87.9685737152053,858.3,0.2859786093235016,0.02846866101805245,0.5262022197246552,0.044396889219758366
0.5261423336580778,1.4169527298369906,1244.0,89.42628966375486,868.0,0.2841733694076538,0.028772476640419497,0.5246236085891723,0.043089431435095096
0.5496252118012844,1.4169527298369906,1226.5,95.13454963807398,885.5,0.2822020471096039,0.029106084621605688,0.5252614259719849,0.043162993588163646
0.573108089944491,1.4169527298369906,1218.2,95.08884643973302,893.8,0.27916026711463926,0.029324873289347964,0.5283364117145538,0.04224256084153319
0.5965909680876976,1.4169527298369906,1203.0,100.97096536468518,909.0,0.2732523262500763,0.032167133792817604,0.5327844738960266,0.041432518080037596
0.6200738462309043,1.4169527298369906,1182.0,102.16728121602874,930.0,0.26606661081314087,0.03351168243295702,0.5386839151382447,0.04044105733813703
0.6435567243741109,1.4169527298369906,1163.9,103.31753291666146,948.0999999999999,0.260564386844635,0.03344567365440912,0.5451907515525818,0.041237251530041506
0.6670396025173175,1.4169527298369906,1140.1,106.6510808994162,971.9000000000001,0.25333991050720217,0.03353704269882349,0.5540204465389251,0.042477625511819224
0.6905224806605241,1.4169527298369906,1108.1,107.33238474874615,1003.9000000000001,0.2392348349094391,0.03689646889921348,0.5588113605976105,0.03703082203646709
0.7140053588037308,1.4169527298369906,1061.2,127.23829134492699,1050.8,0.22711921334266663,0.0374853842522247,0.580027598142624,0.04376257230344191
0.7374882369469374,1.4169527298369906,1012.3,128.1263708275222,1099.7,0.21792230606079102,0.037594788417877376,0.5913245916366577,0.037416555769905255
0.760971115090144,1.4169527298369906,960.4,140.67521799057343,1151.6,0.20069055557250975,0.037603405559961584,0.5911120414733887,0.0342724399699415
0.7844539932333506,1.4169527298369906,892.8,168.08969416002918,1219.2,0.18174889087677001,0.04456788350694173,0.6005402743816376,0.038519617833207585
0.8079368713765572,1.4169527298369906,814.1,185.65267475562734,1297.9,0.16470258235931395,0.049409633677533746,0.6204471588134766,0.036367050883444677
0.8314197495197639,1.4169527298369906,698.4,193.03747014055025,1413.6,0.12161636948585511,0.058679267210909575,0.6277874410152435,0.0425245357635962
0.8549026276629705,1.4169527298369906,542.0,203.30460608132816,1570.0,0.08238865733146668,0.07004782503987446,0.6475172400474548,0.0423327963552921
0.8783855058061771,1.4169527298369906,291.0,195.05019341174565,1821.0,0.047366172075271606,0.04709676362985756,0.6659892082214356,0.030550273785796528
0.9018683839493837,1.4169527298369906,137.2,136.9575036978804,1974.8,0.030659621953964232,0.035220473958788676,0.6718234539031982,0.024385264302785894
0.9253512620925903,1.4169527298369906,0.2,0.4524314325708198,2111.8,-71.74195556640625,162.29157866170644,0.6729182302951813,0.02176184363524009
0.00951901450753212,1.4422838455218414,2112.4,0.3694087177983075,-0.40000000000009095,0.6729345262050629,0.02178006198520472,0.0,0.0
0.033001892650738746,1.4422838455218414,2112.3,0.34555021442218187,-0.3000000000001819,0.6729619562625885,0.021810834325693147,0.0,0.0
0.056484770793945364,1.4422838455218414,2020.0,35.71534726614637,92.0,0.6790243268013001,0.023226245067827455,0.2737652063369751,0.09324495821627644
0.07996764893715198,1.4422838455218414,1920.7,32.009590466717924,191.29999999999995,0.6838912069797516,0.024261051350046324,0.2876236021518707,0.044616003443869116
0.10345052708035861,1.4422838455218414,1870.1,41.869195939727305,241.9000000000001,0.6873282015323638,0.025812430985285854,0.3079702079296112,0.03713156717997951
0.12693340522356522,1.4422838455218414,1823.1,44.28342377048484,288.9000000000001,0.6863894939422608,0.029153157815784685,0.3184614539146423,0.028874575617474037
0.15041628336677185,1.4422838455218414,1783.1,45.53933321301045,328.9000000000001,0.68394455909729,0.029516942189824855,0.3448948860168457,0.03523937345575237
0.17389916150997847,1.4422838455218414,1732.4,41.0847157774609,379.5999999999999,0.6795148313045501,0.031098158643940974,0.3595809698104858,0.04322327508185249
0.1973820396531851,1.4422838455218414,1684.9,46.82835319729757,427.0999999999999,0.6661436259746552,0.03753505423374184,0.3962529063224792,0.03213421702031826
0.22086491779639172,1.4422838455218414,1627.0,66.45251111444325,485.0,0.6230081439018249,0.07641818232372113,0.42287400364875793,0.033690618711793574
0.24434779593959835,1.4422838455218414,1585.2,77.5184925600627,526.8,0.584012508392334,0.09941564092081133,0.4508403241634369,0.037338066167907615
0.267830674082805,1.4422838455218414,1522.9,103.89651656179775,589.0999999999999,0.5105497658252716,0.13413708446609832,0.4700972020626068,0.04256294724852339
0.2913135522260116,1.4422838455218414,1487.0,92.445715623745,625.0,0.49473682045936584,0.12921860187400147,0.48429136872291567,0.045439666454076044
0.3147964303692182,1.4422838455218414,1439.7,85.3972568582967,672.3,0.4467597365379333,0.12446067234650224,0.4944539785385132,0.043467597585048326
0.3382793085124248,1.4422838455218414,1389.1,69.8559031910344,722.9000000000001,0.38745405673980715,0.1097220148712188,0.5000342428684235,0.03900649124159929
0.3617621866556315,1.4422838455218414,1360.6,73.9357498458055,751.4000000000001,0.35219937562942505,0.09018151233036445,0.5029357433319092,0.04049733253686459
0.3852450647988381,1.4422838455218414,1330.0,67.49084805524114,782.0,0.33921161890029905,0.07872161913247072,0.5027856767177582,0.041188512818739496
0.4087279429420447,1.4422838455218414,1308.2,77.77259917227664,803.8,0.30017749667167665,0.02912148081852429,0.5047637224197388,0.03892672607967481
0.43221082108525133,1.4422838455218414,1297.7,77.3093474513149,814.3,0.2976053774356842,0.030481763027167444,0.5094948887825013,0.03926028334537903
0.4556936992284579,1.4422838455218414,1285.9,82.11450468313771,826.0999999999999,0.29316155314445497,0.032016263618515145,0.513618552684784,0.04070808973289288
0.4791765773716646,1.4422838455218414,1262.1,85.65613613616225,849.9000000000001,0.2889873325824738,0.02839713120280429,0.5247799158096313,0.04266650553886088
0.5026594555148711,1.4422838455218414,1253.7,87.9685737152053,858.3,0.2859786093235016,0.02846866101805245,0.5262022197246552,0.044396889219758366
0.5261423336580778,1.4422838455218414,1244.0,89.42628966375486,868.0,0.2841733694076538,0.028772476640419497,0.5246236085891723,0.043089431435095096
0.5496252118012844,1.4422838455218414,1226.5,95.13454963807398,885.5,0.2822020471096039,0.029106084621605688,0.5252614259719849,0.043162993588163646
0.573108089944491,1.4422838455218414,1218.2,95.08884643973302,893.8,0.27916026711463926,0.029324873289347964,0.5283364117145538,0.04224256084153319
0.5965909680876976,1.4422838455218414,1203.0,100.97096536468518,909.0,0.2732523262500763,0.032167133792817604,0.5327844738960266,0.041432518080037596
0.6200738462309043,1.4422838455218414,1182.0,102.16728121602874,930.0,0.26606661081314087,0.03351168243295702,0.5386839151382447,0.04044105733813703
0.6435567243741109,1.4422838455218414,1163.9,103.31753291666146,948.0999999999999,0.260564386844635,0.03344567365440912,0.5451907515525818,0.041237251530041506
0.6670396025173175,1.4422838455218414,1140.1,106.6510808994162,971.9000000000001,0.25333991050720217,0.03353704269882349,0.5540204465389251,0.042477625511819224
0.6905224806605241,1.4422838455218414,1108.1,107.33238474874615,1003.9000000000001,0.2392348349094391,0.03689646889921348,0.5588113605976105,0.03703082203646709
0.7140053588037308,1.4422838455218414,1061.2,127.23829134492699,1050.8,0.22711921334266663,0.0374853842522247,0.580027598142624,0.04376257230344191
0.7374882369469374,1.4422838455218414,1012.3,128.1263708275222,1099.7,0.21792230606079102,0.037594788417877376,0.5913245916366577,0.037416555769905255
0.760971115090144,1.4422838455218414,960.4,140.67521799057343,1151.6,0.20069055557250975,0.037603405559961584,0.5911120414733887,0.0342724399699415
0.7844539932333506,1.4422838455218414,892.8,168.08969416002918,1219.2,0.18174889087677001,0.04456788350694173,0.6005402743816376,0.038519617833207585
0.8079368713765572,1.4422838455218414,814.1,185.65267475562734,1297.9,0.16470258235931395,0.049409633677533746,0.6204471588134766,0.036367050883444677
0.8314197495197639,1.4422838455218414,698.4,193.03747014055025,1413.6,0.12161636948585511,0.058679267210909575,0.6277874410152435,0.0425245357635962
0.8549026276629705,1.4422838455218414,542.0,203.30460608132816,1570.0,0.08238865733146668,0.07004782503987446,0.6475172400474548,0.0423327963552921
0.8783855058061771,1.4422838455218414,291.0,195.05019341174565,1821.0,0.047366172075271606,0.04709676362985756,0.6659892082214356,0.030550273785796528
0.9018683839493837,1.4422838455218414,137.2,136.9575036978804,1974.8,0.030659621953964232,0.035220473958788676,0.6718234539031982,0.024385264302785894
0.9253512620925903,1.4422838455218414,0.2,0.4524314325708198,2111.8,-71.74195556640625,162.29157866170644,0.6729182302951813,0.02176184363524009
