rho_th,IA_th,count_in,count_in_CI,count_out,r2_in,r2in_CI,r2_out,r2out_CI
0.06736648082733154,0.09796494840909159,9.8,22.16914019597018,929.2,0.007911896705627442,0.01789795380439686,0.6403392374515533,0.05017966531927595
0.09127093431277153,0.09796494840909159,9.8,22.16914019597018,929.2,0.007911896705627442,0.01789795380439686,0.6403392374515533,0.05017966531927595
0.11517538779821151,0.09796494840909159,9.8,22.16914019597018,929.2,0.007911896705627442,0.01789795380439686,0.6403392374515533,0.05017966531927595
0.1390798412836515,0.09796494840909159,9.8,22.16914019597018,929.2,0.007911896705627442,0.01789795380439686,0.6403392374515533,0.05017966531927595
0.1629842947690915,0.09796494840909159,9.8,22.16914019597018,929.2,0.007911896705627442,0.01789795380439686,0.6403392374515533,0.05017966531927595
0.18688874825453147,0.09796494840909159,9.8,22.16914019597018,929.2,0.007911896705627442,0.01789795380439686,0.6403392374515533,0.05017966531927595
0.21079320173997146,0.09796494840909159,9.8,22.16914019597018,929.2,0.007911896705627442,0.01789795380439686,0.6403392374515533,0.05017966531927595
0.23469765522541144,0.09796494840909159,9.8,22.16914019597018,929.2,0.007911896705627442,0.01789795380439686,0.6403392374515533,0.05017966531927595
0.25860210871085143,0.09796494840909159,9.8,22.16914019597018,929.2,0.007911896705627442,0.01789795380439686,0.6403392374515533,0.05017966531927595
0.28250656219629144,0.09796494840909159,9.8,22.16914019597018,929.2,0.007911896705627442,0.01789795380439686,0.6403392374515533,0.05017966531927595
0.3064110156817314,0.09796494840909159,9.8,22.16914019597018,929.2,0.007911896705627442,0.01789795380439686,0.6403392374515533,0.05017966531927595
0.33031546916717136,0.09796494840909159,9.8,22.16914019597018,929.2,0.007911896705627442,0.01789795380439686,0.6403392374515533,0.05017966531927595
0.3542199226526114,0.09796494840909159,9.8,22.16914019597018,929.2,0.007911896705627442,0.01789795380439686,0.6403392374515533,0.05017966531927595
0.3781243761380514,0.09796494840909159,9.8,22.16914019597018,929.2,0.007911896705627442,0.01789795380439686,0.6403392374515533,0.05017966531927595
0.40202882962349135,0.09796494840909159,9.8,22.16914019597018,929.2,0.007911896705627442,0.01789795380439686,0.6403392374515533,0.05017966531927595
0.4259332831089313,0.09796494840909159,9.8,22.16914019597018,929.2,0.007911896705627442,0.01789795380439686,0.6403392374515533,0.05017966531927595
0.4498377365943713,0.09796494840909159,9.8,22.16914019597018,929.2,0.007911896705627442,0.01789795380439686,0.6403392374515533,0.05017966531927595
0.47374219007981133,0.09796494840909159,9.8,22.16914019597018,929.2,0.007911896705627442,0.01789795380439686,0.6403392374515533,0.05017966531927595
0.4976466435652513,0.09796494840909159,9.8,22.16914019597018,929.2,0.007911896705627442,0.01789795380439686,0.6403392374515533,0.05017966531927595
0.5215510970506912,0.09796494840909159,9.8,22.16914019597018,929.2,0.007911896705627442,0.01789795380439686,0.6403392374515533,0.05017966531927595
0.5454555505361313,0.09796494840909159,9.8,22.16914019597018,929.2,0.007911896705627442,0.01789795380439686,0.6403392374515533,0.05017966531927595
0.5693600040215713,0.09796494840909159,9.8,22.16914019597018,929.2,0.007911896705627442,0.01789795380439686,0.6403392374515533,0.05017966531927595
0.5932644575070112,0.09796494840909159,9.8,22.16914019597018,929.2,0.007911896705627442,0.01789795380439686,0.6403392374515533,0.05017966531927595
0.6171689109924512,0.09796494840909159,9.8,22.16914019597018,929.2,0.007911896705627442,0.01789795380439686,0.6403392374515533,0.05017966531927595
0.6410733644778912,0.09796494840909159,9.8,22.16914019597018,929.2,0.007911896705627442,0.01789795380439686,0.6403392374515533,0.05017966531927595
0.6649778179633312,0.09796494840909159,9.8,22.16914019597018,929.2,0.007911896705627442,0.01789795380439686,0.6403392374515533,0.05017966531927595
0.6888822714487712,0.09796494840909159,9.8,22.16914019597018,929.2,0.007911896705627442,0.01789795380439686,0.6403392374515533,0.05017966531927595
0.7127867249342111,0.09796494840909159,9.8,22.16914019597018,929.2,0.007911896705627442,0.01789795380439686,0.6403392374515533,0.05017966531927595
0.7366911784196511,0.09796494840909159,9.8,22.16914019597018,929.2,0.007911896705627442,0.01789795380439686,0.6403392374515533,0.05017966531927595
0.7605956319050912,0.09796494840909159,9.8,22.16914019597018,929.2,0.007911896705627442,0.01789795380439686,0.6403392374515533,0.05017966531927595
0.7845000853905311,0.09796494840909159,9.8,22.16914019597018,929.2,0.007911896705627442,0.01789795380439686,0.6403392374515533,0.05017966531927595
0.8084045388759711,0.09796494840909159,9.8,22.16914019597018,929.2,0.007911896705627442,0.01789795380439686,0.6403392374515533,0.05017966531927595
0.8323089923614111,0.09796494840909159,9.8,22.16914019597018,929.2,0.007911896705627442,0.01789795380439686,0.6403392374515533,0.05017966531927595
0.8562134458468511,0.09796494840909159,9.8,22.16914019597018,929.2,0.007911896705627442,0.01789795380439686,0.6403392374515533,0.05017966531927595
0.8801178993322911,0.09796494840909159,9.8,22.16914019597018,929.2,0.007911896705627442,0.01789795380439686,0.6403392374515533,0.05017966531927595
0.904022352817731,0.09796494840909159,9.8,22.16914019597018,929.2,0.007911896705627442,0.01789795380439686,0.6403392374515533,0.05017966531927595
0.927926806303171,0.09796494840909159,9.8,22.16914019597018,929.2,0.007911896705627442,0.01789795380439686,0.6403392374515533,0.05017966531927595
0.951831259788611,0.09796494840909159,9.8,22.16914019597018,929.2,0.007911896705627442,0.01789795380439686,0.6403392374515533,0.05017966531927595
0.975735713274051,0.09796494840909159,9.8,22.16914019597018,929.2,0.007911896705627442,0.01789795380439686,0.6403392374515533,0.05017966531927595
0.999640166759491,0.09796494840909159,0.0,0.0,939.0,0.0,0.0,0.6415782451629639,0.050858878708137205
0.06736648082733154,0.14164063373260305,15.3,23.42191591452968,923.7,-1295.9603773415088,2882.0442202690356,0.6398924350738525,0.050943303699847474
0.09127093431277153,0.14164063373260305,15.3,23.42191591452968,923.7,-1295.9603773415088,2882.0442202690356,0.6398924350738525,0.050943303699847474
0.11517538779821151,0.14164063373260305,15.3,23.42191591452968,923.7,-1295.9603773415088,2882.0442202690356,0.6398924350738525,0.050943303699847474
0.1390798412836515,0.14164063373260305,15.3,23.42191591452968,923.7,-1295.9603773415088,2882.0442202690356,0.6398924350738525,0.050943303699847474
0.1629842947690915,0.14164063373260305,15.3,23.42191591452968,923.7,-1295.9603773415088,2882.0442202690356,0.6398924350738525,0.050943303699847474
0.18688874825453147,0.14164063373260305,15.3,23.42191591452968,923.7,-1295.9603773415088,2882.0442202690356,0.6398924350738525,0.050943303699847474
0.21079320173997146,0.14164063373260305,15.3,23.42191591452968,923.7,-1295.9603773415088,2882.0442202690356,0.6398924350738525,0.050943303699847474
0.23469765522541144,0.14164063373260305,15.3,23.42191591452968,923.7,-1295.9603773415088,2882.0442202690356,0.6398924350738525,0.050943303699847474
0.25860210871085143,0.14164063373260305,15.3,23.42191591452968,923.7,-1295.9603773415088,2882.0442202690356,0.6398924350738525,0.050943303699847474
0.28250656219629144,0.14164063373260305,15.3,23.42191591452968,923.7,-1295.9603773415088,2882.0442202690356,0.6398924350738525,0.050943303699847474
0.3064110156817314,0.14164063373260305,15.3,23.42191591452968,923.7,-1295.9603773415088,2882.0442202690356,0.6398924350738525,0.050943303699847474
0.33031546916717136,0.14164063373260305,15.3,23.42191591452968,923.7,-1295.9603773415088,2882.0442202690356,0.6398924350738525,0.050943303699847474
0.3542199226526114,0.14164063373260305,15.3,23.42191591452968,923.7,-1295.9603773415088,2882.0442202690356,0.6398924350738525,0.050943303699847474
0.3781243761380514,0.14164063373260305,15.3,23.42191591452968,923.7,-1295.9603773415088,2882.0442202690356,0.6398924350738525,0.050943303699847474
0.40202882962349135,0.14164063373260305,15.3,23.42191591452968,923.7,-1295.9603773415088,2882.0442202690356,0.6398924350738525,0.050943303699847474
0.4259332831089313,0.14164063373260305,15.3,23.42191591452968,923.7,-1295.9603773415088,2882.0442202690356,0.6398924350738525,0.050943303699847474
0.4498377365943713,0.14164063373260305,15.3,23.42191591452968,923.7,-1295.9603773415088,2882.0442202690356,0.6398924350738525,0.050943303699847474
0.47374219007981133,0.14164063373260305,15.3,23.42191591452968,923.7,-1295.9603773415088,2882.0442202690356,0.6398924350738525,0.050943303699847474
0.4976466435652513,0.14164063373260305,15.3,23.42191591452968,923.7,-1295.9603773415088,2882.0442202690356,0.6398924350738525,0.050943303699847474
0.5215510970506912,0.14164063373260305,15.3,23.42191591452968,923.7,-1295.9603773415088,2882.0442202690356,0.6398924350738525,0.050943303699847474
0.5454555505361313,0.14164063373260305,15.3,23.42191591452968,923.7,-1295.9603773415088,2882.0442202690356,0.6398924350738525,0.050943303699847474
0.5693600040215713,0.14164063373260305,15.3,23.42191591452968,923.7,-1295.9603773415088,2882.0442202690356,0.6398924350738525,0.050943303699847474
0.5932644575070112,0.14164063373260305,15.3,23.42191591452968,923.7,-1295.9603773415088,2882.0442202690356,0.6398924350738525,0.050943303699847474
0.6171689109924512,0.14164063373260305,15.3,23.42191591452968,923.7,-1295.9603773415088,2882.0442202690356,0.6398924350738525,0.050943303699847474
0.6410733644778912,0.14164063373260305,15.3,23.42191591452968,923.7,-1295.9603773415088,2882.0442202690356,0.6398924350738525,0.050943303699847474
0.6649778179633312,0.14164063373260305,15.3,23.42191591452968,923.7,-1295.9603773415088,2882.0442202690356,0.6398924350738525,0.050943303699847474
0.6888822714487712,0.14164063373260305,15.3,23.42191591452968,923.7,-1295.9603773415088,2882.0442202690356,0.6398924350738525,0.050943303699847474
0.7127867249342111,0.14164063373260305,15.3,23.42191591452968,923.7,-1295.9603773415088,2882.0442202690356,0.6398924350738525,0.050943303699847474
0.7366911784196511,0.14164063373260305,15.3,23.42191591452968,923.7,-1295.9603773415088,2882.0442202690356,0.6398924350738525,0.050943303699847474
0.7605956319050912,0.14164063373260305,15.3,23.42191591452968,923.7,-1295.9603773415088,2882.0442202690356,0.6398924350738525,0.050943303699847474
0.7845000853905311,0.14164063373260305,15.3,23.42191591452968,923.7,-1295.9603773415088,2882.0442202690356,0.6398924350738525,0.050943303699847474
0.8084045388759711,0.14164063373260305,15.3,23.42191591452968,923.7,-1295.9603773415088,2882.0442202690356,0.6398924350738525,0.050943303699847474
0.8323089923614111,0.14164063373260305,15.3,23.42191591452968,923.7,-1295.9603773415088,2882.0442202690356,0.6398924350738525,0.050943303699847474
0.8562134458468511,0.14164063373260305,15.3,23.42191591452968,923.7,-1295.9603773415088,2882.0442202690356,0.6398924350738525,0.050943303699847474
0.8801178993322911,0.14164063373260305,15.3,23.42191591452968,923.7,-1295.9603773415088,2882.0442202690356,0.6398924350738525,0.050943303699847474
0.904022352817731,0.14164063373260305,15.3,23.42191591452968,923.7,-1295.9603773415088,2882.0442202690356,0.6398924350738525,0.050943303699847474
0.927926806303171,0.14164063373260305,15.3,23.42191591452968,923.7,-1295.9603773415088,2882.0442202690356,0.6398924350738525,0.050943303699847474
0.951831259788611,0.14164063373260305,15.3,23.42191591452968,923.7,-1295.9603773415088,2882.0442202690356,0.6398924350738525,0.050943303699847474
0.975735713274051,0.14164063373260305,15.3,23.42191591452968,923.7,-1295.9603773415088,2882.0442202690356,0.6398924350738525,0.050943303699847474
0.999640166759491,0.14164063373260305,0.4,0.9048628651416396,938.6,-19.871623229980468,44.95273482723821,0.6414967060089112,0.05086024907096874
0.06736648082733154,0.18531631905611454,63.8,38.39126493986269,875.2,-1.8980983674526215,3.05160704241725,0.6315830171108245,0.049858005310176756
0.09127093431277153,0.18531631905611454,63.8,38.39126493986269,875.2,-1.8980983674526215,3.05160704241725,0.6315830171108245,0.049858005310176756
0.11517538779821151,0.18531631905611454,63.8,38.39126493986269,875.2,-1.8980983674526215,3.05160704241725,0.6315830171108245,0.049858005310176756
0.1390798412836515,0.18531631905611454,63.8,38.39126493986269,875.2,-1.8980983674526215,3.05160704241725,0.6315830171108245,0.049858005310176756
0.1629842947690915,0.18531631905611454,63.8,38.39126493986269,875.2,-1.8980983674526215,3.05160704241725,0.6315830171108245,0.049858005310176756
0.18688874825453147,0.18531631905611454,63.8,38.39126493986269,875.2,-1.8980983674526215,3.05160704241725,0.6315830171108245,0.049858005310176756
0.21079320173997146,0.18531631905611454,63.8,38.39126493986269,875.2,-1.8980983674526215,3.05160704241725,0.6315830171108245,0.049858005310176756
0.23469765522541144,0.18531631905611454,63.8,38.39126493986269,875.2,-1.8980983674526215,3.05160704241725,0.6315830171108245,0.049858005310176756
0.25860210871085143,0.18531631905611454,63.8,38.39126493986269,875.2,-1.8980983674526215,3.05160704241725,0.6315830171108245,0.049858005310176756
0.28250656219629144,0.18531631905611454,63.8,38.39126493986269,875.2,-1.8980983674526215,3.05160704241725,0.6315830171108245,0.049858005310176756
0.3064110156817314,0.18531631905611454,63.8,38.39126493986269,875.2,-1.8980983674526215,3.05160704241725,0.6315830171108245,0.049858005310176756
0.33031546916717136,0.18531631905611454,63.8,38.39126493986269,875.2,-1.8980983674526215,3.05160704241725,0.6315830171108245,0.049858005310176756
0.3542199226526114,0.18531631905611454,63.8,38.39126493986269,875.2,-1.8980983674526215,3.05160704241725,0.6315830171108245,0.049858005310176756
0.3781243761380514,0.18531631905611454,63.8,38.39126493986269,875.2,-1.8980983674526215,3.05160704241725,0.6315830171108245,0.049858005310176756
0.40202882962349135,0.18531631905611454,63.8,38.39126493986269,875.2,-1.8980983674526215,3.05160704241725,0.6315830171108245,0.049858005310176756
0.4259332831089313,0.18531631905611454,63.8,38.39126493986269,875.2,-1.8980983674526215,3.05160704241725,0.6315830171108245,0.049858005310176756
0.4498377365943713,0.18531631905611454,63.8,38.39126493986269,875.2,-1.8980983674526215,3.05160704241725,0.6315830171108245,0.049858005310176756
0.47374219007981133,0.18531631905611454,63.8,38.39126493986269,875.2,-1.8980983674526215,3.05160704241725,0.6315830171108245,0.049858005310176756
0.4976466435652513,0.18531631905611454,63.8,38.39126493986269,875.2,-1.8980983674526215,3.05160704241725,0.6315830171108245,0.049858005310176756
0.5215510970506912,0.18531631905611454,63.8,38.39126493986269,875.2,-1.8980983674526215,3.05160704241725,0.6315830171108245,0.049858005310176756
0.5454555505361313,0.18531631905611454,63.8,38.39126493986269,875.2,-1.8980983674526215,3.05160704241725,0.6315830171108245,0.049858005310176756
0.5693600040215713,0.18531631905611454,63.8,38.39126493986269,875.2,-1.8980983674526215,3.05160704241725,0.6315830171108245,0.049858005310176756
0.5932644575070112,0.18531631905611454,63.8,38.39126493986269,875.2,-1.8980983674526215,3.05160704241725,0.6315830171108245,0.049858005310176756
0.6171689109924512,0.18531631905611454,63.8,38.39126493986269,875.2,-1.8980983674526215,3.05160704241725,0.6315830171108245,0.049858005310176756
0.6410733644778912,0.18531631905611454,63.8,38.39126493986269,875.2,-1.8980983674526215,3.05160704241725,0.6315830171108245,0.049858005310176756
0.6649778179633312,0.18531631905611454,63.8,38.39126493986269,875.2,-1.8980983674526215,3.05160704241725,0.6315830171108245,0.049858005310176756
0.6888822714487712,0.18531631905611454,63.8,38.39126493986269,875.2,-1.8980983674526215,3.05160704241725,0.6315830171108245,0.049858005310176756
0.7127867249342111,0.18531631905611454,63.8,38.39126493986269,875.2,-1.8980983674526215,3.05160704241725,0.6315830171108245,0.049858005310176756
0.7366911784196511,0.18531631905611454,63.8,38.39126493986269,875.2,-1.8980983674526215,3.05160704241725,0.6315830171108245,0.049858005310176756
0.7605956319050912,0.18531631905611454,63.8,38.39126493986269,875.2,-1.8980983674526215,3.05160704241725,0.6315830171108245,0.049858005310176756
0.7845000853905311,0.18531631905611454,63.8,38.39126493986269,875.2,-1.8980983674526215,3.05160704241725,0.6315830171108245,0.049858005310176756
0.8084045388759711,0.18531631905611454,63.8,38.39126493986269,875.2,-1.8980983674526215,3.05160704241725,0.6315830171108245,0.049858005310176756
0.8323089923614111,0.18531631905611454,63.8,38.39126493986269,875.2,-1.8980983674526215,3.05160704241725,0.6315830171108245,0.049858005310176756
0.8562134458468511,0.18531631905611454,63.8,38.39126493986269,875.2,-1.8980983674526215,3.05160704241725,0.6315830171108245,0.049858005310176756
0.8801178993322911,0.18531631905611454,63.8,38.39126493986269,875.2,-1.8980983674526215,3.05160704241725,0.6315830171108245,0.049858005310176756
0.904022352817731,0.18531631905611454,63.8,38.39126493986269,875.2,-1.8980983674526215,3.05160704241725,0.6315830171108245,0.049858005310176756
0.927926806303171,0.18531631905611454,63.8,38.39126493986269,875.2,-1.8980983674526215,3.05160704241725,0.6315830171108245,0.049858005310176756
0.951831259788611,0.18531631905611454,63.8,38.39126493986269,875.2,-1.8980983674526215,3.05160704241725,0.6315830171108245,0.049858005310176756
0.975735713274051,0.18531631905611454,63.8,38.39126493986269,875.2,-1.8980983674526215,3.05160704241725,0.6315830171108245,0.049858005310176756
0.999640166759491,0.18531631905611454,0.4,0.9048628651416396,938.6,-19.871623229980468,44.95273482723821,0.6414967060089112,0.05086024907096874
0.06736648082733154,0.22899200437962602,93.1,50.31224909620535,845.9,-2.01954465508461,3.158138153069307,0.6244351923465729,0.04611155153061216
0.09127093431277153,0.22899200437962602,93.1,50.31224909620535,845.9,-2.01954465508461,3.158138153069307,0.6244351923465729,0.04611155153061216
0.11517538779821151,0.22899200437962602,93.1,50.31224909620535,845.9,-2.01954465508461,3.158138153069307,0.6244351923465729,0.04611155153061216
0.1390798412836515,0.22899200437962602,93.1,50.31224909620535,845.9,-2.01954465508461,3.158138153069307,0.6244351923465729,0.04611155153061216
0.1629842947690915,0.22899200437962602,93.1,50.31224909620535,845.9,-2.01954465508461,3.158138153069307,0.6244351923465729,0.04611155153061216
0.18688874825453147,0.22899200437962602,93.1,50.31224909620535,845.9,-2.01954465508461,3.158138153069307,0.6244351923465729,0.04611155153061216
0.21079320173997146,0.22899200437962602,93.1,50.31224909620535,845.9,-2.01954465508461,3.158138153069307,0.6244351923465729,0.04611155153061216
0.23469765522541144,0.22899200437962602,93.1,50.31224909620535,845.9,-2.01954465508461,3.158138153069307,0.6244351923465729,0.04611155153061216
0.25860210871085143,0.22899200437962602,93.1,50.31224909620535,845.9,-2.01954465508461,3.158138153069307,0.6244351923465729,0.04611155153061216
0.28250656219629144,0.22899200437962602,93.1,50.31224909620535,845.9,-2.01954465508461,3.158138153069307,0.6244351923465729,0.04611155153061216
0.3064110156817314,0.22899200437962602,93.1,50.31224909620535,845.9,-2.01954465508461,3.158138153069307,0.6244351923465729,0.04611155153061216
0.33031546916717136,0.22899200437962602,93.1,50.31224909620535,845.9,-2.01954465508461,3.158138153069307,0.6244351923465729,0.04611155153061216
0.3542199226526114,0.22899200437962602,93.1,50.31224909620535,845.9,-2.01954465508461,3.158138153069307,0.6244351923465729,0.04611155153061216
0.3781243761380514,0.22899200437962602,93.1,50.31224909620535,845.9,-2.01954465508461,3.158138153069307,0.6244351923465729,0.04611155153061216
0.40202882962349135,0.22899200437962602,93.1,50.31224909620535,845.9,-2.01954465508461,3.158138153069307,0.6244351923465729,0.04611155153061216
0.4259332831089313,0.22899200437962602,93.1,50.31224909620535,845.9,-2.01954465508461,3.158138153069307,0.6244351923465729,0.04611155153061216
0.4498377365943713,0.22899200437962602,93.1,50.31224909620535,845.9,-2.01954465508461,3.158138153069307,0.6244351923465729,0.04611155153061216
0.47374219007981133,0.22899200437962602,93.1,50.31224909620535,845.9,-2.01954465508461,3.158138153069307,0.6244351923465729,0.04611155153061216
0.4976466435652513,0.22899200437962602,93.1,50.31224909620535,845.9,-2.01954465508461,3.158138153069307,0.6244351923465729,0.04611155153061216
0.5215510970506912,0.22899200437962602,93.1,50.31224909620535,845.9,-2.01954465508461,3.158138153069307,0.6244351923465729,0.04611155153061216
0.5454555505361313,0.22899200437962602,93.1,50.31224909620535,845.9,-2.01954465508461,3.158138153069307,0.6244351923465729,0.04611155153061216
0.5693600040215713,0.22899200437962602,93.1,50.31224909620535,845.9,-2.01954465508461,3.158138153069307,0.6244351923465729,0.04611155153061216
0.5932644575070112,0.22899200437962602,93.1,50.31224909620535,845.9,-2.01954465508461,3.158138153069307,0.6244351923465729,0.04611155153061216
0.6171689109924512,0.22899200437962602,93.1,50.31224909620535,845.9,-2.01954465508461,3.158138153069307,0.6244351923465729,0.04611155153061216
0.6410733644778912,0.22899200437962602,93.1,50.31224909620535,845.9,-2.01954465508461,3.158138153069307,0.6244351923465729,0.04611155153061216
0.6649778179633312,0.22899200437962602,93.1,50.31224909620535,845.9,-2.01954465508461,3.158138153069307,0.6244351923465729,0.04611155153061216
0.6888822714487712,0.22899200437962602,93.1,50.31224909620535,845.9,-2.01954465508461,3.158138153069307,0.6244351923465729,0.04611155153061216
0.7127867249342111,0.22899200437962602,93.1,50.31224909620535,845.9,-2.01954465508461,3.158138153069307,0.6244351923465729,0.04611155153061216
0.7366911784196511,0.22899200437962602,93.1,50.31224909620535,845.9,-2.01954465508461,3.158138153069307,0.6244351923465729,0.04611155153061216
0.7605956319050912,0.22899200437962602,93.1,50.31224909620535,845.9,-2.01954465508461,3.158138153069307,0.6244351923465729,0.04611155153061216
0.7845000853905311,0.22899200437962602,93.1,50.31224909620535,845.9,-2.01954465508461,3.158138153069307,0.6244351923465729,0.04611155153061216
0.8084045388759711,0.22899200437962602,93.1,50.31224909620535,845.9,-2.01954465508461,3.158138153069307,0.6244351923465729,0.04611155153061216
0.8323089923614111,0.22899200437962602,93.1,50.31224909620535,845.9,-2.01954465508461,3.158138153069307,0.6244351923465729,0.04611155153061216
0.8562134458468511,0.22899200437962602,93.1,50.31224909620535,845.9,-2.01954465508461,3.158138153069307,0.6244351923465729,0.04611155153061216
0.8801178993322911,0.22899200437962602,93.1,50.31224909620535,845.9,-2.01954465508461,3.158138153069307,0.6244351923465729,0.04611155153061216
0.904022352817731,0.22899200437962602,93.1,50.31224909620535,845.9,-2.01954465508461,3.158138153069307,0.6244351923465729,0.04611155153061216
0.927926806303171,0.22899200437962602,93.1,50.31224909620535,845.9,-2.01954465508461,3.158138153069307,0.6244351923465729,0.04611155153061216
0.951831259788611,0.22899200437962602,93.1,50.31224909620535,845.9,-2.01954465508461,3.158138153069307,0.6244351923465729,0.04611155153061216
0.975735713274051,0.22899200437962602,93.1,50.31224909620535,845.9,-2.01954465508461,3.158138153069307,0.6244351923465729,0.04611155153061216
0.999640166759491,0.22899200437962602,0.4,0.9048628651416396,938.6,-19.871623229980468,44.95273482723821,0.6414967060089112,0.05086024907096874
0.06736648082733154,0.2726676897031375,99.1,54.533629621233686,839.9,-2.0823356568813325,3.429811017134973,0.6227164268493652,0.04548061028581704
0.09127093431277153,0.2726676897031375,99.1,54.533629621233686,839.9,-2.0823356568813325,3.429811017134973,0.6227164268493652,0.04548061028581704
0.11517538779821151,0.2726676897031375,99.1,54.533629621233686,839.9,-2.0823356568813325,3.429811017134973,0.6227164268493652,0.04548061028581704
0.1390798412836515,0.2726676897031375,99.1,54.533629621233686,839.9,-2.0823356568813325,3.429811017134973,0.6227164268493652,0.04548061028581704
0.1629842947690915,0.2726676897031375,99.1,54.533629621233686,839.9,-2.0823356568813325,3.429811017134973,0.6227164268493652,0.04548061028581704
0.18688874825453147,0.2726676897031375,99.1,54.533629621233686,839.9,-2.0823356568813325,3.429811017134973,0.6227164268493652,0.04548061028581704
0.21079320173997146,0.2726676897031375,99.1,54.533629621233686,839.9,-2.0823356568813325,3.429811017134973,0.6227164268493652,0.04548061028581704
0.23469765522541144,0.2726676897031375,99.1,54.533629621233686,839.9,-2.0823356568813325,3.429811017134973,0.6227164268493652,0.04548061028581704
0.25860210871085143,0.2726676897031375,99.1,54.533629621233686,839.9,-2.0823356568813325,3.429811017134973,0.6227164268493652,0.04548061028581704
0.28250656219629144,0.2726676897031375,99.1,54.533629621233686,839.9,-2.0823356568813325,3.429811017134973,0.6227164268493652,0.04548061028581704
0.3064110156817314,0.2726676897031375,99.1,54.533629621233686,839.9,-2.0823356568813325,3.429811017134973,0.6227164268493652,0.04548061028581704
0.33031546916717136,0.2726676897031375,99.1,54.533629621233686,839.9,-2.0823356568813325,3.429811017134973,0.6227164268493652,0.04548061028581704
0.3542199226526114,0.2726676897031375,99.1,54.533629621233686,839.9,-2.0823356568813325,3.429811017134973,0.6227164268493652,0.04548061028581704
0.3781243761380514,0.2726676897031375,99.1,54.533629621233686,839.9,-2.0823356568813325,3.429811017134973,0.6227164268493652,0.04548061028581704
0.40202882962349135,0.2726676897031375,99.1,54.533629621233686,839.9,-2.0823356568813325,3.429811017134973,0.6227164268493652,0.04548061028581704
0.4259332831089313,0.2726676897031375,99.1,54.533629621233686,839.9,-2.0823356568813325,3.429811017134973,0.6227164268493652,0.04548061028581704
0.4498377365943713,0.2726676897031375,99.1,54.533629621233686,839.9,-2.0823356568813325,3.429811017134973,0.6227164268493652,0.04548061028581704
0.47374219007981133,0.2726676897031375,99.1,54.533629621233686,839.9,-2.0823356568813325,3.429811017134973,0.6227164268493652,0.04548061028581704
0.4976466435652513,0.2726676897031375,99.1,54.533629621233686,839.9,-2.0823356568813325,3.429811017134973,0.6227164268493652,0.04548061028581704
0.5215510970506912,0.2726676897031375,99.1,54.533629621233686,839.9,-2.0823356568813325,3.429811017134973,0.6227164268493652,0.04548061028581704
0.5454555505361313,0.2726676897031375,99.1,54.533629621233686,839.9,-2.0823356568813325,3.429811017134973,0.6227164268493652,0.04548061028581704
0.5693600040215713,0.2726676897031375,99.1,54.533629621233686,839.9,-2.0823356568813325,3.429811017134973,0.6227164268493652,0.04548061028581704
0.5932644575070112,0.2726676897031375,99.1,54.533629621233686,839.9,-2.0823356568813325,3.429811017134973,0.6227164268493652,0.04548061028581704
0.6171689109924512,0.2726676897031375,99.1,54.533629621233686,839.9,-2.0823356568813325,3.429811017134973,0.6227164268493652,0.04548061028581704
0.6410733644778912,0.2726676897031375,99.1,54.533629621233686,839.9,-2.0823356568813325,3.429811017134973,0.6227164268493652,0.04548061028581704
0.6649778179633312,0.2726676897031375,99.1,54.533629621233686,839.9,-2.0823356568813325,3.429811017134973,0.6227164268493652,0.04548061028581704
0.6888822714487712,0.2726676897031375,99.1,54.533629621233686,839.9,-2.0823356568813325,3.429811017134973,0.6227164268493652,0.04548061028581704
0.7127867249342111,0.2726676897031375,99.1,54.533629621233686,839.9,-2.0823356568813325,3.429811017134973,0.6227164268493652,0.04548061028581704
0.7366911784196511,0.2726676897031375,99.1,54.533629621233686,839.9,-2.0823356568813325,3.429811017134973,0.6227164268493652,0.04548061028581704
0.7605956319050912,0.2726676897031375,99.1,54.533629621233686,839.9,-2.0823356568813325,3.429811017134973,0.6227164268493652,0.04548061028581704
0.7845000853905311,0.2726676897031375,99.1,54.533629621233686,839.9,-2.0823356568813325,3.429811017134973,0.6227164268493652,0.04548061028581704
0.8084045388759711,0.2726676897031375,99.1,54.533629621233686,839.9,-2.0823356568813325,3.429811017134973,0.6227164268493652,0.04548061028581704
0.8323089923614111,0.2726676897031375,99.1,54.533629621233686,839.9,-2.0823356568813325,3.429811017134973,0.6227164268493652,0.04548061028581704
0.8562134458468511,0.2726676897031375,99.1,54.533629621233686,839.9,-2.0823356568813325,3.429811017134973,0.6227164268493652,0.04548061028581704
0.8801178993322911,0.2726676897031375,99.1,54.533629621233686,839.9,-2.0823356568813325,3.429811017134973,0.6227164268493652,0.04548061028581704
0.904022352817731,0.2726676897031375,99.1,54.533629621233686,839.9,-2.0823356568813325,3.429811017134973,0.6227164268493652,0.04548061028581704
0.927926806303171,0.2726676897031375,99.1,54.533629621233686,839.9,-2.0823356568813325,3.429811017134973,0.6227164268493652,0.04548061028581704
0.951831259788611,0.2726676897031375,99.1,54.533629621233686,839.9,-2.0823356568813325,3.429811017134973,0.6227164268493652,0.04548061028581704
0.975735713274051,0.2726676897031375,99.1,54.533629621233686,839.9,-2.0823356568813325,3.429811017134973,0.6227164268493652,0.04548061028581704
0.999640166759491,0.2726676897031375,0.4,0.9048628651416396,938.6,-19.871623229980468,44.95273482723821,0.6414967060089112,0.05086024907096874
0.06736648082733154,0.31634337502664894,102.7,55.18823860642113,836.3,-1.4985925376415252,2.233083895479042,0.6221467196941376,0.04459970756090579
0.09127093431277153,0.31634337502664894,102.7,55.18823860642113,836.3,-1.4985925376415252,2.233083895479042,0.6221467196941376,0.04459970756090579
0.11517538779821151,0.31634337502664894,102.7,55.18823860642113,836.3,-1.4985925376415252,2.233083895479042,0.6221467196941376,0.04459970756090579
0.1390798412836515,0.31634337502664894,102.7,55.18823860642113,836.3,-1.4985925376415252,2.233083895479042,0.6221467196941376,0.04459970756090579
0.1629842947690915,0.31634337502664894,102.7,55.18823860642113,836.3,-1.4985925376415252,2.233083895479042,0.6221467196941376,0.04459970756090579
0.18688874825453147,0.31634337502664894,102.7,55.18823860642113,836.3,-1.4985925376415252,2.233083895479042,0.6221467196941376,0.04459970756090579
0.21079320173997146,0.31634337502664894,102.7,55.18823860642113,836.3,-1.4985925376415252,2.233083895479042,0.6221467196941376,0.04459970756090579
0.23469765522541144,0.31634337502664894,102.7,55.18823860642113,836.3,-1.4985925376415252,2.233083895479042,0.6221467196941376,0.04459970756090579
0.25860210871085143,0.31634337502664894,102.7,55.18823860642113,836.3,-1.4985925376415252,2.233083895479042,0.6221467196941376,0.04459970756090579
0.28250656219629144,0.31634337502664894,102.7,55.18823860642113,836.3,-1.4985925376415252,2.233083895479042,0.6221467196941376,0.04459970756090579
0.3064110156817314,0.31634337502664894,102.7,55.18823860642113,836.3,-1.4985925376415252,2.233083895479042,0.6221467196941376,0.04459970756090579
0.33031546916717136,0.31634337502664894,102.7,55.18823860642113,836.3,-1.4985925376415252,2.233083895479042,0.6221467196941376,0.04459970756090579
0.3542199226526114,0.31634337502664894,102.7,55.18823860642113,836.3,-1.4985925376415252,2.233083895479042,0.6221467196941376,0.04459970756090579
0.3781243761380514,0.31634337502664894,102.7,55.18823860642113,836.3,-1.4985925376415252,2.233083895479042,0.6221467196941376,0.04459970756090579
0.40202882962349135,0.31634337502664894,102.7,55.18823860642113,836.3,-1.4985925376415252,2.233083895479042,0.6221467196941376,0.04459970756090579
0.4259332831089313,0.31634337502664894,102.7,55.18823860642113,836.3,-1.4985925376415252,2.233083895479042,0.6221467196941376,0.04459970756090579
0.4498377365943713,0.31634337502664894,102.7,55.18823860642113,836.3,-1.4985925376415252,2.233083895479042,0.6221467196941376,0.04459970756090579
0.47374219007981133,0.31634337502664894,102.7,55.18823860642113,836.3,-1.4985925376415252,2.233083895479042,0.6221467196941376,0.04459970756090579
0.4976466435652513,0.31634337502664894,102.7,55.18823860642113,836.3,-1.4985925376415252,2.233083895479042,0.6221467196941376,0.04459970756090579
0.5215510970506912,0.31634337502664894,102.7,55.18823860642113,836.3,-1.4985925376415252,2.233083895479042,0.6221467196941376,0.04459970756090579
0.5454555505361313,0.31634337502664894,102.7,55.18823860642113,836.3,-1.4985925376415252,2.233083895479042,0.6221467196941376,0.04459970756090579
0.5693600040215713,0.31634337502664894,102.7,55.18823860642113,836.3,-1.4985925376415252,2.233083895479042,0.6221467196941376,0.04459970756090579
0.5932644575070112,0.31634337502664894,102.7,55.18823860642113,836.3,-1.4985925376415252,2.233083895479042,0.6221467196941376,0.04459970756090579
0.6171689109924512,0.31634337502664894,102.7,55.18823860642113,836.3,-1.4985925376415252,2.233083895479042,0.6221467196941376,0.04459970756090579
0.6410733644778912,0.31634337502664894,102.7,55.18823860642113,836.3,-1.4985925376415252,2.233083895479042,0.6221467196941376,0.04459970756090579
0.6649778179633312,0.31634337502664894,102.7,55.18823860642113,836.3,-1.4985925376415252,2.233083895479042,0.6221467196941376,0.04459970756090579
0.6888822714487712,0.31634337502664894,102.7,55.18823860642113,836.3,-1.4985925376415252,2.233083895479042,0.6221467196941376,0.04459970756090579
0.7127867249342111,0.31634337502664894,102.7,55.18823860642113,836.3,-1.4985925376415252,2.233083895479042,0.6221467196941376,0.04459970756090579
0.7366911784196511,0.31634337502664894,102.7,55.18823860642113,836.3,-1.4985925376415252,2.233083895479042,0.6221467196941376,0.04459970756090579
0.7605956319050912,0.31634337502664894,102.7,55.18823860642113,836.3,-1.4985925376415252,2.233083895479042,0.6221467196941376,0.04459970756090579
0.7845000853905311,0.31634337502664894,102.7,55.18823860642113,836.3,-1.4985925376415252,2.233083895479042,0.6221467196941376,0.04459970756090579
0.8084045388759711,0.31634337502664894,102.7,55.18823860642113,836.3,-1.4985925376415252,2.233083895479042,0.6221467196941376,0.04459970756090579
0.8323089923614111,0.31634337502664894,102.7,55.18823860642113,836.3,-1.4985925376415252,2.233083895479042,0.6221467196941376,0.04459970756090579
0.8562134458468511,0.31634337502664894,102.7,55.18823860642113,836.3,-1.4985925376415252,2.233083895479042,0.6221467196941376,0.04459970756090579
0.8801178993322911,0.31634337502664894,102.7,55.18823860642113,836.3,-1.4985925376415252,2.233083895479042,0.6221467196941376,0.04459970756090579
0.904022352817731,0.31634337502664894,102.7,55.18823860642113,836.3,-1.4985925376415252,2.233083895479042,0.6221467196941376,0.04459970756090579
0.927926806303171,0.31634337502664894,102.7,55.18823860642113,836.3,-1.4985925376415252,2.233083895479042,0.6221467196941376,0.04459970756090579
0.951831259788611,0.31634337502664894,102.7,55.18823860642113,836.3,-1.4985925376415252,2.233083895479042,0.6221467196941376,0.04459970756090579
0.975735713274051,0.31634337502664894,102.7,55.18823860642113,836.3,-1.4985925376415252,2.233083895479042,0.6221467196941376,0.04459970756090579
0.999640166759491,0.31634337502664894,0.4,0.9048628651416396,938.6,-19.871623229980468,44.95273482723821,0.6414967060089112,0.05086024907096874
0.06736648082733154,0.36001906035016046,118.9,50.518639988012225,820.1,-1.7447132766246796,2.5856925934178587,0.6241544008255004,0.046154223942114866
0.09127093431277153,0.36001906035016046,118.9,50.518639988012225,820.1,-1.7447132766246796,2.5856925934178587,0.6241544008255004,0.046154223942114866
0.11517538779821151,0.36001906035016046,118.9,50.518639988012225,820.1,-1.7447132766246796,2.5856925934178587,0.6241544008255004,0.046154223942114866
0.1390798412836515,0.36001906035016046,118.9,50.518639988012225,820.1,-1.7447132766246796,2.5856925934178587,0.6241544008255004,0.046154223942114866
0.1629842947690915,0.36001906035016046,118.9,50.518639988012225,820.1,-1.7447132766246796,2.5856925934178587,0.6241544008255004,0.046154223942114866
0.18688874825453147,0.36001906035016046,118.9,50.518639988012225,820.1,-1.7447132766246796,2.5856925934178587,0.6241544008255004,0.046154223942114866
0.21079320173997146,0.36001906035016046,118.9,50.518639988012225,820.1,-1.7447132766246796,2.5856925934178587,0.6241544008255004,0.046154223942114866
0.23469765522541144,0.36001906035016046,118.9,50.518639988012225,820.1,-1.7447132766246796,2.5856925934178587,0.6241544008255004,0.046154223942114866
0.25860210871085143,0.36001906035016046,118.9,50.518639988012225,820.1,-1.7447132766246796,2.5856925934178587,0.6241544008255004,0.046154223942114866
0.28250656219629144,0.36001906035016046,118.9,50.518639988012225,820.1,-1.7447132766246796,2.5856925934178587,0.6241544008255004,0.046154223942114866
0.3064110156817314,0.36001906035016046,118.9,50.518639988012225,820.1,-1.7447132766246796,2.5856925934178587,0.6241544008255004,0.046154223942114866
0.33031546916717136,0.36001906035016046,118.9,50.518639988012225,820.1,-1.7447132766246796,2.5856925934178587,0.6241544008255004,0.046154223942114866
0.3542199226526114,0.36001906035016046,118.9,50.518639988012225,820.1,-1.7447132766246796,2.5856925934178587,0.6241544008255004,0.046154223942114866
0.3781243761380514,0.36001906035016046,118.9,50.518639988012225,820.1,-1.7447132766246796,2.5856925934178587,0.6241544008255004,0.046154223942114866
0.40202882962349135,0.36001906035016046,118.9,50.518639988012225,820.1,-1.7447132766246796,2.5856925934178587,0.6241544008255004,0.046154223942114866
0.4259332831089313,0.36001906035016046,118.9,50.518639988012225,820.1,-1.7447132766246796,2.5856925934178587,0.6241544008255004,0.046154223942114866
0.4498377365943713,0.36001906035016046,118.9,50.518639988012225,820.1,-1.7447132766246796,2.5856925934178587,0.6241544008255004,0.046154223942114866
0.47374219007981133,0.36001906035016046,118.9,50.518639988012225,820.1,-1.7447132766246796,2.5856925934178587,0.6241544008255004,0.046154223942114866
0.4976466435652513,0.36001906035016046,118.9,50.518639988012225,820.1,-1.7447132766246796,2.5856925934178587,0.6241544008255004,0.046154223942114866
0.5215510970506912,0.36001906035016046,118.9,50.518639988012225,820.1,-1.7447132766246796,2.5856925934178587,0.6241544008255004,0.046154223942114866
0.5454555505361313,0.36001906035016046,118.9,50.518639988012225,820.1,-1.7447132766246796,2.5856925934178587,0.6241544008255004,0.046154223942114866
0.5693600040215713,0.36001906035016046,118.9,50.518639988012225,820.1,-1.7447132766246796,2.5856925934178587,0.6241544008255004,0.046154223942114866
0.5932644575070112,0.36001906035016046,118.9,50.518639988012225,820.1,-1.7447132766246796,2.5856925934178587,0.6241544008255004,0.046154223942114866
0.6171689109924512,0.36001906035016046,118.9,50.518639988012225,820.1,-1.7447132766246796,2.5856925934178587,0.6241544008255004,0.046154223942114866
0.6410733644778912,0.36001906035016046,118.9,50.518639988012225,820.1,-1.7447132766246796,2.5856925934178587,0.6241544008255004,0.046154223942114866
0.6649778179633312,0.36001906035016046,118.9,50.518639988012225,820.1,-1.7447132766246796,2.5856925934178587,0.6241544008255004,0.046154223942114866
0.6888822714487712,0.36001906035016046,118.9,50.518639988012225,820.1,-1.7447132766246796,2.5856925934178587,0.6241544008255004,0.046154223942114866
0.7127867249342111,0.36001906035016046,118.9,50.518639988012225,820.1,-1.7447132766246796,2.5856925934178587,0.6241544008255004,0.046154223942114866
0.7366911784196511,0.36001906035016046,118.9,50.518639988012225,820.1,-1.7447132766246796,2.5856925934178587,0.6241544008255004,0.046154223942114866
0.7605956319050912,0.36001906035016046,118.9,50.518639988012225,820.1,-1.7447132766246796,2.5856925934178587,0.6241544008255004,0.046154223942114866
0.7845000853905311,0.36001906035016046,118.9,50.518639988012225,820.1,-1.7447132766246796,2.5856925934178587,0.6241544008255004,0.046154223942114866
0.8084045388759711,0.36001906035016046,118.9,50.518639988012225,820.1,-1.7447132766246796,2.5856925934178587,0.6241544008255004,0.046154223942114866
0.8323089923614111,0.36001906035016046,118.9,50.518639988012225,820.1,-1.7447132766246796,2.5856925934178587,0.6241544008255004,0.046154223942114866
0.8562134458468511,0.36001906035016046,118.9,50.518639988012225,820.1,-1.7447132766246796,2.5856925934178587,0.6241544008255004,0.046154223942114866
0.8801178993322911,0.36001906035016046,118.9,50.518639988012225,820.1,-1.7447132766246796,2.5856925934178587,0.6241544008255004,0.046154223942114866
0.904022352817731,0.36001906035016046,118.9,50.518639988012225,820.1,-1.7447132766246796,2.5856925934178587,0.6241544008255004,0.046154223942114866
0.927926806303171,0.36001906035016046,118.9,50.518639988012225,820.1,-1.7447132766246796,2.5856925934178587,0.6241544008255004,0.046154223942114866
0.951831259788611,0.36001906035016046,118.9,50.518639988012225,820.1,-1.7447132766246796,2.5856925934178587,0.6241544008255004,0.046154223942114866
0.975735713274051,0.36001906035016046,118.9,50.518639988012225,820.1,-1.7447132766246796,2.5856925934178587,0.6241544008255004,0.046154223942114866
0.999640166759491,0.36001906035016046,0.4,0.9048628651416396,938.6,-19.871623229980468,44.95273482723821,0.6414967060089112,0.05086024907096874
0.06736648082733154,0.4036947456736719,141.9,45.009348486835506,797.1,-0.2452535092830658,0.6042877948861588,0.6191070020198822,0.047236688803812536
0.09127093431277153,0.4036947456736719,141.9,45.009348486835506,797.1,-0.2452535092830658,0.6042877948861588,0.6191070020198822,0.047236688803812536
0.11517538779821151,0.4036947456736719,141.9,45.009348486835506,797.1,-0.2452535092830658,0.6042877948861588,0.6191070020198822,0.047236688803812536
0.1390798412836515,0.4036947456736719,141.9,45.009348486835506,797.1,-0.2452535092830658,0.6042877948861588,0.6191070020198822,0.047236688803812536
0.1629842947690915,0.4036947456736719,141.9,45.009348486835506,797.1,-0.2452535092830658,0.6042877948861588,0.6191070020198822,0.047236688803812536
0.18688874825453147,0.4036947456736719,141.9,45.009348486835506,797.1,-0.2452535092830658,0.6042877948861588,0.6191070020198822,0.047236688803812536
0.21079320173997146,0.4036947456736719,141.9,45.009348486835506,797.1,-0.2452535092830658,0.6042877948861588,0.6191070020198822,0.047236688803812536
0.23469765522541144,0.4036947456736719,141.9,45.009348486835506,797.1,-0.2452535092830658,0.6042877948861588,0.6191070020198822,0.047236688803812536
0.25860210871085143,0.4036947456736719,141.9,45.009348486835506,797.1,-0.2452535092830658,0.6042877948861588,0.6191070020198822,0.047236688803812536
0.28250656219629144,0.4036947456736719,141.9,45.009348486835506,797.1,-0.2452535092830658,0.6042877948861588,0.6191070020198822,0.047236688803812536
0.3064110156817314,0.4036947456736719,141.9,45.009348486835506,797.1,-0.2452535092830658,0.6042877948861588,0.6191070020198822,0.047236688803812536
0.33031546916717136,0.4036947456736719,141.9,45.009348486835506,797.1,-0.2452535092830658,0.6042877948861588,0.6191070020198822,0.047236688803812536
0.3542199226526114,0.4036947456736719,141.9,45.009348486835506,797.1,-0.2452535092830658,0.6042877948861588,0.6191070020198822,0.047236688803812536
0.3781243761380514,0.4036947456736719,141.9,45.009348486835506,797.1,-0.2452535092830658,0.6042877948861588,0.6191070020198822,0.047236688803812536
0.40202882962349135,0.4036947456736719,141.9,45.009348486835506,797.1,-0.2452535092830658,0.6042877948861588,0.6191070020198822,0.047236688803812536
0.4259332831089313,0.4036947456736719,141.9,45.009348486835506,797.1,-0.2452535092830658,0.6042877948861588,0.6191070020198822,0.047236688803812536
0.4498377365943713,0.4036947456736719,141.9,45.009348486835506,797.1,-0.2452535092830658,0.6042877948861588,0.6191070020198822,0.047236688803812536
0.47374219007981133,0.4036947456736719,141.9,45.009348486835506,797.1,-0.2452535092830658,0.6042877948861588,0.6191070020198822,0.047236688803812536
0.4976466435652513,0.4036947456736719,141.9,45.009348486835506,797.1,-0.2452535092830658,0.6042877948861588,0.6191070020198822,0.047236688803812536
0.5215510970506912,0.4036947456736719,141.9,45.009348486835506,797.1,-0.2452535092830658,0.6042877948861588,0.6191070020198822,0.047236688803812536
0.5454555505361313,0.4036947456736719,141.9,45.009348486835506,797.1,-0.2452535092830658,0.6042877948861588,0.6191070020198822,0.047236688803812536
0.5693600040215713,0.4036947456736719,141.9,45.009348486835506,797.1,-0.2452535092830658,0.6042877948861588,0.6191070020198822,0.047236688803812536
0.5932644575070112,0.4036947456736719,141.9,45.009348486835506,797.1,-0.2452535092830658,0.6042877948861588,0.6191070020198822,0.047236688803812536
0.6171689109924512,0.4036947456736719,141.9,45.009348486835506,797.1,-0.2452535092830658,0.6042877948861588,0.6191070020198822,0.047236688803812536
0.6410733644778912,0.4036947456736719,141.9,45.009348486835506,797.1,-0.2452535092830658,0.6042877948861588,0.6191070020198822,0.047236688803812536
0.6649778179633312,0.4036947456736719,141.9,45.009348486835506,797.1,-0.2452535092830658,0.6042877948861588,0.6191070020198822,0.047236688803812536
0.6888822714487712,0.4036947456736719,141.9,45.009348486835506,797.1,-0.2452535092830658,0.6042877948861588,0.6191070020198822,0.047236688803812536
0.7127867249342111,0.4036947456736719,141.9,45.009348486835506,797.1,-0.2452535092830658,0.6042877948861588,0.6191070020198822,0.047236688803812536
0.7366911784196511,0.4036947456736719,141.9,45.009348486835506,797.1,-0.2452535092830658,0.6042877948861588,0.6191070020198822,0.047236688803812536
0.7605956319050912,0.4036947456736719,141.9,45.009348486835506,797.1,-0.2452535092830658,0.6042877948861588,0.6191070020198822,0.047236688803812536
0.7845000853905311,0.4036947456736719,141.9,45.009348486835506,797.1,-0.2452535092830658,0.6042877948861588,0.6191070020198822,0.047236688803812536
0.8084045388759711,0.4036947456736719,141.9,45.009348486835506,797.1,-0.2452535092830658,0.6042877948861588,0.6191070020198822,0.047236688803812536
0.8323089923614111,0.4036947456736719,141.9,45.009348486835506,797.1,-0.2452535092830658,0.6042877948861588,0.6191070020198822,0.047236688803812536
0.8562134458468511,0.4036947456736719,141.9,45.009348486835506,797.1,-0.2452535092830658,0.6042877948861588,0.6191070020198822,0.047236688803812536
0.8801178993322911,0.4036947456736719,141.9,45.009348486835506,797.1,-0.2452535092830658,0.6042877948861588,0.6191070020198822,0.047236688803812536
0.904022352817731,0.4036947456736719,141.9,45.009348486835506,797.1,-0.2452535092830658,0.6042877948861588,0.6191070020198822,0.047236688803812536
0.927926806303171,0.4036947456736719,141.9,45.009348486835506,797.1,-0.2452535092830658,0.6042877948861588,0.6191070020198822,0.047236688803812536
0.951831259788611,0.4036947456736719,141.9,45.009348486835506,797.1,-0.2452535092830658,0.6042877948861588,0.6191070020198822,0.047236688803812536
0.975735713274051,0.4036947456736719,141.9,45.009348486835506,797.1,-0.2452535092830658,0.6042877948861588,0.6191070020198822,0.047236688803812536
0.999640166759491,0.4036947456736719,0.4,0.9048628651416396,938.6,-19.871623229980468,44.95273482723821,0.6414967060089112,0.05086024907096874
0.06736648082733154,0.4473704309971834,166.9,52.488167079885734,772.1,-0.19726198315620422,0.511332521260312,0.6125866293907165,0.05017490152951234
0.09127093431277153,0.4473704309971834,166.9,52.488167079885734,772.1,-0.19726198315620422,0.511332521260312,0.6125866293907165,0.05017490152951234
0.11517538779821151,0.4473704309971834,166.9,52.488167079885734,772.1,-0.19726198315620422,0.511332521260312,0.6125866293907165,0.05017490152951234
0.1390798412836515,0.4473704309971834,166.9,52.488167079885734,772.1,-0.19726198315620422,0.511332521260312,0.6125866293907165,0.05017490152951234
0.1629842947690915,0.4473704309971834,166.9,52.488167079885734,772.1,-0.19726198315620422,0.511332521260312,0.6125866293907165,0.05017490152951234
0.18688874825453147,0.4473704309971834,166.9,52.488167079885734,772.1,-0.19726198315620422,0.511332521260312,0.6125866293907165,0.05017490152951234
0.21079320173997146,0.4473704309971834,166.9,52.488167079885734,772.1,-0.19726198315620422,0.511332521260312,0.6125866293907165,0.05017490152951234
0.23469765522541144,0.4473704309971834,166.9,52.488167079885734,772.1,-0.19726198315620422,0.511332521260312,0.6125866293907165,0.05017490152951234
0.25860210871085143,0.4473704309971834,166.9,52.488167079885734,772.1,-0.19726198315620422,0.511332521260312,0.6125866293907165,0.05017490152951234
0.28250656219629144,0.4473704309971834,166.9,52.488167079885734,772.1,-0.19726198315620422,0.511332521260312,0.6125866293907165,0.05017490152951234
0.3064110156817314,0.4473704309971834,166.9,52.488167079885734,772.1,-0.19726198315620422,0.511332521260312,0.6125866293907165,0.05017490152951234
0.33031546916717136,0.4473704309971834,166.9,52.488167079885734,772.1,-0.19726198315620422,0.511332521260312,0.6125866293907165,0.05017490152951234
0.3542199226526114,0.4473704309971834,166.9,52.488167079885734,772.1,-0.19726198315620422,0.511332521260312,0.6125866293907165,0.05017490152951234
0.3781243761380514,0.4473704309971834,166.9,52.488167079885734,772.1,-0.19726198315620422,0.511332521260312,0.6125866293907165,0.05017490152951234
0.40202882962349135,0.4473704309971834,166.9,52.488167079885734,772.1,-0.19726198315620422,0.511332521260312,0.6125866293907165,0.05017490152951234
0.4259332831089313,0.4473704309971834,166.9,52.488167079885734,772.1,-0.19726198315620422,0.511332521260312,0.6125866293907165,0.05017490152951234
0.4498377365943713,0.4473704309971834,166.9,52.488167079885734,772.1,-0.19726198315620422,0.511332521260312,0.6125866293907165,0.05017490152951234
0.47374219007981133,0.4473704309971834,166.9,52.488167079885734,772.1,-0.19726198315620422,0.511332521260312,0.6125866293907165,0.05017490152951234
0.4976466435652513,0.4473704309971834,166.9,52.488167079885734,772.1,-0.19726198315620422,0.511332521260312,0.6125866293907165,0.05017490152951234
0.5215510970506912,0.4473704309971834,166.9,52.488167079885734,772.1,-0.19726198315620422,0.511332521260312,0.6125866293907165,0.05017490152951234
0.5454555505361313,0.4473704309971834,166.9,52.488167079885734,772.1,-0.19726198315620422,0.511332521260312,0.6125866293907165,0.05017490152951234
0.5693600040215713,0.4473704309971834,166.9,52.488167079885734,772.1,-0.19726198315620422,0.511332521260312,0.6125866293907165,0.05017490152951234
0.5932644575070112,0.4473704309971834,166.9,52.488167079885734,772.1,-0.19726198315620422,0.511332521260312,0.6125866293907165,0.05017490152951234
0.6171689109924512,0.4473704309971834,166.9,52.488167079885734,772.1,-0.19726198315620422,0.511332521260312,0.6125866293907165,0.05017490152951234
0.6410733644778912,0.4473704309971834,166.9,52.488167079885734,772.1,-0.19726198315620422,0.511332521260312,0.6125866293907165,0.05017490152951234
0.6649778179633312,0.4473704309971834,166.9,52.488167079885734,772.1,-0.19726198315620422,0.511332521260312,0.6125866293907165,0.05017490152951234
0.6888822714487712,0.4473704309971834,166.9,52.488167079885734,772.1,-0.19726198315620422,0.511332521260312,0.6125866293907165,0.05017490152951234
0.7127867249342111,0.4473704309971834,166.9,52.488167079885734,772.1,-0.19726198315620422,0.511332521260312,0.6125866293907165,0.05017490152951234
0.7366911784196511,0.4473704309971834,166.9,52.488167079885734,772.1,-0.19726198315620422,0.511332521260312,0.6125866293907165,0.05017490152951234
0.7605956319050912,0.4473704309971834,166.9,52.488167079885734,772.1,-0.19726198315620422,0.511332521260312,0.6125866293907165,0.05017490152951234
0.7845000853905311,0.4473704309971834,166.9,52.488167079885734,772.1,-0.19726198315620422,0.511332521260312,0.6125866293907165,0.05017490152951234
0.8084045388759711,0.4473704309971834,166.9,52.488167079885734,772.1,-0.19726198315620422,0.511332521260312,0.6125866293907165,0.05017490152951234
0.8323089923614111,0.4473704309971834,166.9,52.488167079885734,772.1,-0.19726198315620422,0.511332521260312,0.6125866293907165,0.05017490152951234
0.8562134458468511,0.4473704309971834,166.9,52.488167079885734,772.1,-0.19726198315620422,0.511332521260312,0.6125866293907165,0.05017490152951234
0.8801178993322911,0.4473704309971834,166.9,52.488167079885734,772.1,-0.19726198315620422,0.511332521260312,0.6125866293907165,0.05017490152951234
0.904022352817731,0.4473704309971834,166.9,52.488167079885734,772.1,-0.19726198315620422,0.511332521260312,0.6125866293907165,0.05017490152951234
0.927926806303171,0.4473704309971834,166.9,52.488167079885734,772.1,-0.19726198315620422,0.511332521260312,0.6125866293907165,0.05017490152951234
0.951831259788611,0.4473704309971834,166.9,52.488167079885734,772.1,-0.19726198315620422,0.511332521260312,0.6125866293907165,0.05017490152951234
0.975735713274051,0.4473704309971834,166.9,52.488167079885734,772.1,-0.19726198315620422,0.511332521260312,0.6125866293907165,0.05017490152951234
0.999640166759491,0.4473704309971834,0.4,0.9048628651416396,938.6,-19.871623229980468,44.95273482723821,0.6414967060089112,0.05086024907096874
0.06736648082733154,0.49104611632069484,187.8,51.13542761382995,751.2,-0.18145378828048705,0.5137053732477486,0.6143427073955536,0.04878144984868325
0.09127093431277153,0.49104611632069484,187.8,51.13542761382995,751.2,-0.18145378828048705,0.5137053732477486,0.6143427073955536,0.04878144984868325
0.11517538779821151,0.49104611632069484,187.8,51.13542761382995,751.2,-0.18145378828048705,0.5137053732477486,0.6143427073955536,0.04878144984868325
0.1390798412836515,0.49104611632069484,187.8,51.13542761382995,751.2,-0.18145378828048705,0.5137053732477486,0.6143427073955536,0.04878144984868325
0.1629842947690915,0.49104611632069484,187.8,51.13542761382995,751.2,-0.18145378828048705,0.5137053732477486,0.6143427073955536,0.04878144984868325
0.18688874825453147,0.49104611632069484,187.8,51.13542761382995,751.2,-0.18145378828048705,0.5137053732477486,0.6143427073955536,0.04878144984868325
0.21079320173997146,0.49104611632069484,187.8,51.13542761382995,751.2,-0.18145378828048705,0.5137053732477486,0.6143427073955536,0.04878144984868325
0.23469765522541144,0.49104611632069484,187.8,51.13542761382995,751.2,-0.18145378828048705,0.5137053732477486,0.6143427073955536,0.04878144984868325
0.25860210871085143,0.49104611632069484,187.8,51.13542761382995,751.2,-0.18145378828048705,0.5137053732477486,0.6143427073955536,0.04878144984868325
0.28250656219629144,0.49104611632069484,187.8,51.13542761382995,751.2,-0.18145378828048705,0.5137053732477486,0.6143427073955536,0.04878144984868325
0.3064110156817314,0.49104611632069484,187.8,51.13542761382995,751.2,-0.18145378828048705,0.5137053732477486,0.6143427073955536,0.04878144984868325
0.33031546916717136,0.49104611632069484,187.8,51.13542761382995,751.2,-0.18145378828048705,0.5137053732477486,0.6143427073955536,0.04878144984868325
0.3542199226526114,0.49104611632069484,187.8,51.13542761382995,751.2,-0.18145378828048705,0.5137053732477486,0.6143427073955536,0.04878144984868325
0.3781243761380514,0.49104611632069484,187.8,51.13542761382995,751.2,-0.18145378828048705,0.5137053732477486,0.6143427073955536,0.04878144984868325
0.40202882962349135,0.49104611632069484,187.8,51.13542761382995,751.2,-0.18145378828048705,0.5137053732477486,0.6143427073955536,0.04878144984868325
0.4259332831089313,0.49104611632069484,187.8,51.13542761382995,751.2,-0.18145378828048705,0.5137053732477486,0.6143427073955536,0.04878144984868325
0.4498377365943713,0.49104611632069484,187.8,51.13542761382995,751.2,-0.18145378828048705,0.5137053732477486,0.6143427073955536,0.04878144984868325
0.47374219007981133,0.49104611632069484,187.8,51.13542761382995,751.2,-0.18145378828048705,0.5137053732477486,0.6143427073955536,0.04878144984868325
0.4976466435652513,0.49104611632069484,187.8,51.13542761382995,751.2,-0.18145378828048705,0.5137053732477486,0.6143427073955536,0.04878144984868325
0.5215510970506912,0.49104611632069484,187.8,51.13542761382995,751.2,-0.18145378828048705,0.5137053732477486,0.6143427073955536,0.04878144984868325
0.5454555505361313,0.49104611632069484,187.8,51.13542761382995,751.2,-0.18145378828048705,0.5137053732477486,0.6143427073955536,0.04878144984868325
0.5693600040215713,0.49104611632069484,187.8,51.13542761382995,751.2,-0.18145378828048705,0.5137053732477486,0.6143427073955536,0.04878144984868325
0.5932644575070112,0.49104611632069484,187.8,51.13542761382995,751.2,-0.18145378828048705,0.5137053732477486,0.6143427073955536,0.04878144984868325
0.6171689109924512,0.49104611632069484,187.8,51.13542761382995,751.2,-0.18145378828048705,0.5137053732477486,0.6143427073955536,0.04878144984868325
0.6410733644778912,0.49104611632069484,187.8,51.13542761382995,751.2,-0.18145378828048705,0.5137053732477486,0.6143427073955536,0.04878144984868325
0.6649778179633312,0.49104611632069484,187.8,51.13542761382995,751.2,-0.18145378828048705,0.5137053732477486,0.6143427073955536,0.04878144984868325
0.6888822714487712,0.49104611632069484,187.8,51.13542761382995,751.2,-0.18145378828048705,0.5137053732477486,0.6143427073955536,0.04878144984868325
0.7127867249342111,0.49104611632069484,187.8,51.13542761382995,751.2,-0.18145378828048705,0.5137053732477486,0.6143427073955536,0.04878144984868325
0.7366911784196511,0.49104611632069484,187.8,51.13542761382995,751.2,-0.18145378828048705,0.5137053732477486,0.6143427073955536,0.04878144984868325
0.7605956319050912,0.49104611632069484,187.8,51.13542761382995,751.2,-0.18145378828048705,0.5137053732477486,0.6143427073955536,0.04878144984868325
0.7845000853905311,0.49104611632069484,187.8,51.13542761382995,751.2,-0.18145378828048705,0.5137053732477486,0.6143427073955536,0.04878144984868325
0.8084045388759711,0.49104611632069484,187.8,51.13542761382995,751.2,-0.18145378828048705,0.5137053732477486,0.6143427073955536,0.04878144984868325
0.8323089923614111,0.49104611632069484,187.8,51.13542761382995,751.2,-0.18145378828048705,0.5137053732477486,0.6143427073955536,0.04878144984868325
0.8562134458468511,0.49104611632069484,187.8,51.13542761382995,751.2,-0.18145378828048705,0.5137053732477486,0.6143427073955536,0.04878144984868325
0.8801178993322911,0.49104611632069484,187.8,51.13542761382995,751.2,-0.18145378828048705,0.5137053732477486,0.6143427073955536,0.04878144984868325
0.904022352817731,0.49104611632069484,187.8,51.13542761382995,751.2,-0.18145378828048705,0.5137053732477486,0.6143427073955536,0.04878144984868325
0.927926806303171,0.49104611632069484,187.8,51.13542761382995,751.2,-0.18145378828048705,0.5137053732477486,0.6143427073955536,0.04878144984868325
0.951831259788611,0.49104611632069484,187.8,51.13542761382995,751.2,-0.18145378828048705,0.5137053732477486,0.6143427073955536,0.04878144984868325
0.975735713274051,0.49104611632069484,187.8,51.13542761382995,751.2,-0.18145378828048705,0.5137053732477486,0.6143427073955536,0.04878144984868325
0.999640166759491,0.49104611632069484,0.4,0.9048628651416396,938.6,-19.871623229980468,44.95273482723821,0.6414967060089112,0.05086024907096874
0.06736648082733154,0.5347218016442064,206.8,48.31328454611585,732.2,-0.19168606400489807,0.5115345135332089,0.6155922055244446,0.05052843547358524
0.09127093431277153,0.5347218016442064,206.8,48.31328454611585,732.2,-0.19168606400489807,0.5115345135332089,0.6155922055244446,0.05052843547358524
0.11517538779821151,0.5347218016442064,206.8,48.31328454611585,732.2,-0.19168606400489807,0.5115345135332089,0.6155922055244446,0.05052843547358524
0.1390798412836515,0.5347218016442064,206.8,48.31328454611585,732.2,-0.19168606400489807,0.5115345135332089,0.6155922055244446,0.05052843547358524
0.1629842947690915,0.5347218016442064,206.8,48.31328454611585,732.2,-0.19168606400489807,0.5115345135332089,0.6155922055244446,0.05052843547358524
0.18688874825453147,0.5347218016442064,206.8,48.31328454611585,732.2,-0.19168606400489807,0.5115345135332089,0.6155922055244446,0.05052843547358524
0.21079320173997146,0.5347218016442064,206.8,48.31328454611585,732.2,-0.19168606400489807,0.5115345135332089,0.6155922055244446,0.05052843547358524
0.23469765522541144,0.5347218016442064,206.8,48.31328454611585,732.2,-0.19168606400489807,0.5115345135332089,0.6155922055244446,0.05052843547358524
0.25860210871085143,0.5347218016442064,206.8,48.31328454611585,732.2,-0.19168606400489807,0.5115345135332089,0.6155922055244446,0.05052843547358524
0.28250656219629144,0.5347218016442064,206.8,48.31328454611585,732.2,-0.19168606400489807,0.5115345135332089,0.6155922055244446,0.05052843547358524
0.3064110156817314,0.5347218016442064,206.8,48.31328454611585,732.2,-0.19168606400489807,0.5115345135332089,0.6155922055244446,0.05052843547358524
0.33031546916717136,0.5347218016442064,206.8,48.31328454611585,732.2,-0.19168606400489807,0.5115345135332089,0.6155922055244446,0.05052843547358524
0.3542199226526114,0.5347218016442064,206.8,48.31328454611585,732.2,-0.19168606400489807,0.5115345135332089,0.6155922055244446,0.05052843547358524
0.3781243761380514,0.5347218016442064,206.8,48.31328454611585,732.2,-0.19168606400489807,0.5115345135332089,0.6155922055244446,0.05052843547358524
0.40202882962349135,0.5347218016442064,206.8,48.31328454611585,732.2,-0.19168606400489807,0.5115345135332089,0.6155922055244446,0.05052843547358524
0.4259332831089313,0.5347218016442064,206.8,48.31328454611585,732.2,-0.19168606400489807,0.5115345135332089,0.6155922055244446,0.05052843547358524
0.4498377365943713,0.5347218016442064,206.8,48.31328454611585,732.2,-0.19168606400489807,0.5115345135332089,0.6155922055244446,0.05052843547358524
0.47374219007981133,0.5347218016442064,206.8,48.31328454611585,732.2,-0.19168606400489807,0.5115345135332089,0.6155922055244446,0.05052843547358524
0.4976466435652513,0.5347218016442064,206.8,48.31328454611585,732.2,-0.19168606400489807,0.5115345135332089,0.6155922055244446,0.05052843547358524
0.5215510970506912,0.5347218016442064,206.8,48.31328454611585,732.2,-0.19168606400489807,0.5115345135332089,0.6155922055244446,0.05052843547358524
0.5454555505361313,0.5347218016442064,206.8,48.31328454611585,732.2,-0.19168606400489807,0.5115345135332089,0.6155922055244446,0.05052843547358524
0.5693600040215713,0.5347218016442064,206.8,48.31328454611585,732.2,-0.19168606400489807,0.5115345135332089,0.6155922055244446,0.05052843547358524
0.5932644575070112,0.5347218016442064,206.8,48.31328454611585,732.2,-0.19168606400489807,0.5115345135332089,0.6155922055244446,0.05052843547358524
0.6171689109924512,0.5347218016442064,206.8,48.31328454611585,732.2,-0.19168606400489807,0.5115345135332089,0.6155922055244446,0.05052843547358524
0.6410733644778912,0.5347218016442064,206.8,48.31328454611585,732.2,-0.19168606400489807,0.5115345135332089,0.6155922055244446,0.05052843547358524
0.6649778179633312,0.5347218016442064,206.8,48.31328454611585,732.2,-0.19168606400489807,0.5115345135332089,0.6155922055244446,0.05052843547358524
0.6888822714487712,0.5347218016442064,206.8,48.31328454611585,732.2,-0.19168606400489807,0.5115345135332089,0.6155922055244446,0.05052843547358524
0.7127867249342111,0.5347218016442064,206.8,48.31328454611585,732.2,-0.19168606400489807,0.5115345135332089,0.6155922055244446,0.05052843547358524
0.7366911784196511,0.5347218016442064,206.8,48.31328454611585,732.2,-0.19168606400489807,0.5115345135332089,0.6155922055244446,0.05052843547358524
0.7605956319050912,0.5347218016442064,206.8,48.31328454611585,732.2,-0.19168606400489807,0.5115345135332089,0.6155922055244446,0.05052843547358524
0.7845000853905311,0.5347218016442064,206.8,48.31328454611585,732.2,-0.19168606400489807,0.5115345135332089,0.6155922055244446,0.05052843547358524
0.8084045388759711,0.5347218016442064,206.8,48.31328454611585,732.2,-0.19168606400489807,0.5115345135332089,0.6155922055244446,0.05052843547358524
0.8323089923614111,0.5347218016442064,206.8,48.31328454611585,732.2,-0.19168606400489807,0.5115345135332089,0.6155922055244446,0.05052843547358524
0.8562134458468511,0.5347218016442064,206.8,48.31328454611585,732.2,-0.19168606400489807,0.5115345135332089,0.6155922055244446,0.05052843547358524
0.8801178993322911,0.5347218016442064,206.8,48.31328454611585,732.2,-0.19168606400489807,0.5115345135332089,0.6155922055244446,0.05052843547358524
0.904022352817731,0.5347218016442064,206.8,48.31328454611585,732.2,-0.19168606400489807,0.5115345135332089,0.6155922055244446,0.05052843547358524
0.927926806303171,0.5347218016442064,206.8,48.31328454611585,732.2,-0.19168606400489807,0.5115345135332089,0.6155922055244446,0.05052843547358524
0.951831259788611,0.5347218016442064,206.8,48.31328454611585,732.2,-0.19168606400489807,0.5115345135332089,0.6155922055244446,0.05052843547358524
0.975735713274051,0.5347218016442064,206.8,48.31328454611585,732.2,-0.19168606400489807,0.5115345135332089,0.6155922055244446,0.05052843547358524
0.999640166759491,0.5347218016442064,0.4,0.9048628651416396,938.6,-19.871623229980468,44.95273482723821,0.6414967060089112,0.05086024907096874
0.06736648082733154,0.5783974869677178,250.6,51.58313601472789,688.4,0.060543996095657346,0.06242358383597991,0.6124085068702698,0.054144746982052544
0.09127093431277153,0.5783974869677178,250.6,51.58313601472789,688.4,0.060543996095657346,0.06242358383597991,0.6124085068702698,0.054144746982052544
0.11517538779821151,0.5783974869677178,250.6,51.58313601472789,688.4,0.060543996095657346,0.06242358383597991,0.6124085068702698,0.054144746982052544
0.1390798412836515,0.5783974869677178,250.6,51.58313601472789,688.4,0.060543996095657346,0.06242358383597991,0.6124085068702698,0.054144746982052544
0.1629842947690915,0.5783974869677178,250.6,51.58313601472789,688.4,0.060543996095657346,0.06242358383597991,0.6124085068702698,0.054144746982052544
0.18688874825453147,0.5783974869677178,250.6,51.58313601472789,688.4,0.060543996095657346,0.06242358383597991,0.6124085068702698,0.054144746982052544
0.21079320173997146,0.5783974869677178,250.6,51.58313601472789,688.4,0.060543996095657346,0.06242358383597991,0.6124085068702698,0.054144746982052544
0.23469765522541144,0.5783974869677178,250.6,51.58313601472789,688.4,0.060543996095657346,0.06242358383597991,0.6124085068702698,0.054144746982052544
0.25860210871085143,0.5783974869677178,250.6,51.58313601472789,688.4,0.060543996095657346,0.06242358383597991,0.6124085068702698,0.054144746982052544
0.28250656219629144,0.5783974869677178,250.6,51.58313601472789,688.4,0.060543996095657346,0.06242358383597991,0.6124085068702698,0.054144746982052544
0.3064110156817314,0.5783974869677178,250.6,51.58313601472789,688.4,0.060543996095657346,0.06242358383597991,0.6124085068702698,0.054144746982052544
0.33031546916717136,0.5783974869677178,250.6,51.58313601472789,688.4,0.060543996095657346,0.06242358383597991,0.6124085068702698,0.054144746982052544
0.3542199226526114,0.5783974869677178,250.6,51.58313601472789,688.4,0.060543996095657346,0.06242358383597991,0.6124085068702698,0.054144746982052544
0.3781243761380514,0.5783974869677178,250.6,51.58313601472789,688.4,0.060543996095657346,0.06242358383597991,0.6124085068702698,0.054144746982052544
0.40202882962349135,0.5783974869677178,250.6,51.58313601472789,688.4,0.060543996095657346,0.06242358383597991,0.6124085068702698,0.054144746982052544
0.4259332831089313,0.5783974869677178,250.6,51.58313601472789,688.4,0.060543996095657346,0.06242358383597991,0.6124085068702698,0.054144746982052544
0.4498377365943713,0.5783974869677178,250.6,51.58313601472789,688.4,0.060543996095657346,0.06242358383597991,0.6124085068702698,0.054144746982052544
0.47374219007981133,0.5783974869677178,250.6,51.58313601472789,688.4,0.060543996095657346,0.06242358383597991,0.6124085068702698,0.054144746982052544
0.4976466435652513,0.5783974869677178,250.6,51.58313601472789,688.4,0.060543996095657346,0.06242358383597991,0.6124085068702698,0.054144746982052544
0.5215510970506912,0.5783974869677178,250.6,51.58313601472789,688.4,0.060543996095657346,0.06242358383597991,0.6124085068702698,0.054144746982052544
0.5454555505361313,0.5783974869677178,250.6,51.58313601472789,688.4,0.060543996095657346,0.06242358383597991,0.6124085068702698,0.054144746982052544
0.5693600040215713,0.5783974869677178,250.6,51.58313601472789,688.4,0.060543996095657346,0.06242358383597991,0.6124085068702698,0.054144746982052544
0.5932644575070112,0.5783974869677178,250.6,51.58313601472789,688.4,0.060543996095657346,0.06242358383597991,0.6124085068702698,0.054144746982052544
0.6171689109924512,0.5783974869677178,250.6,51.58313601472789,688.4,0.060543996095657346,0.06242358383597991,0.6124085068702698,0.054144746982052544
0.6410733644778912,0.5783974869677178,250.6,51.58313601472789,688.4,0.060543996095657346,0.06242358383597991,0.6124085068702698,0.054144746982052544
0.6649778179633312,0.5783974869677178,250.6,51.58313601472789,688.4,0.060543996095657346,0.06242358383597991,0.6124085068702698,0.054144746982052544
0.6888822714487712,0.5783974869677178,250.6,51.58313601472789,688.4,0.060543996095657346,0.06242358383597991,0.6124085068702698,0.054144746982052544
0.7127867249342111,0.5783974869677178,250.6,51.58313601472789,688.4,0.060543996095657346,0.06242358383597991,0.6124085068702698,0.054144746982052544
0.7366911784196511,0.5783974869677178,250.6,51.58313601472789,688.4,0.060543996095657346,0.06242358383597991,0.6124085068702698,0.054144746982052544
0.7605956319050912,0.5783974869677178,250.6,51.58313601472789,688.4,0.060543996095657346,0.06242358383597991,0.6124085068702698,0.054144746982052544
0.7845000853905311,0.5783974869677178,250.6,51.58313601472789,688.4,0.060543996095657346,0.06242358383597991,0.6124085068702698,0.054144746982052544
0.8084045388759711,0.5783974869677178,250.6,51.58313601472789,688.4,0.060543996095657346,0.06242358383597991,0.6124085068702698,0.054144746982052544
0.8323089923614111,0.5783974869677178,250.6,51.58313601472789,688.4,0.060543996095657346,0.06242358383597991,0.6124085068702698,0.054144746982052544
0.8562134458468511,0.5783974869677178,250.6,51.58313601472789,688.4,0.060543996095657346,0.06242358383597991,0.6124085068702698,0.054144746982052544
0.8801178993322911,0.5783974869677178,250.6,51.58313601472789,688.4,0.060543996095657346,0.06242358383597991,0.6124085068702698,0.054144746982052544
0.904022352817731,0.5783974869677178,250.6,51.58313601472789,688.4,0.060543996095657346,0.06242358383597991,0.6124085068702698,0.054144746982052544
0.927926806303171,0.5783974869677178,250.6,51.58313601472789,688.4,0.060543996095657346,0.06242358383597991,0.6124085068702698,0.054144746982052544
0.951831259788611,0.5783974869677178,250.6,51.58313601472789,688.4,0.060543996095657346,0.06242358383597991,0.6124085068702698,0.054144746982052544
0.975735713274051,0.5783974869677178,250.6,51.58313601472789,688.4,0.060543996095657346,0.06242358383597991,0.6124085068702698,0.054144746982052544
0.999640166759491,0.5783974869677178,0.4,0.9048628651416396,938.6,-19.871623229980468,44.95273482723821,0.6414967060089112,0.05086024907096874
0.06736648082733154,0.6220731722912294,298.4,59.38678397672219,640.6,0.08204167485237121,0.048175499584125855,0.6014065086841583,0.0508898605295343
0.09127093431277153,0.6220731722912294,298.4,59.38678397672219,640.6,0.08204167485237121,0.048175499584125855,0.6014065086841583,0.0508898605295343
0.11517538779821151,0.6220731722912294,298.4,59.38678397672219,640.6,0.08204167485237121,0.048175499584125855,0.6014065086841583,0.0508898605295343
0.1390798412836515,0.6220731722912294,298.4,59.38678397672219,640.6,0.08204167485237121,0.048175499584125855,0.6014065086841583,0.0508898605295343
0.1629842947690915,0.6220731722912294,298.4,59.38678397672219,640.6,0.08204167485237121,0.048175499584125855,0.6014065086841583,0.0508898605295343
0.18688874825453147,0.6220731722912294,298.4,59.38678397672219,640.6,0.08204167485237121,0.048175499584125855,0.6014065086841583,0.0508898605295343
0.21079320173997146,0.6220731722912294,298.4,59.38678397672219,640.6,0.08204167485237121,0.048175499584125855,0.6014065086841583,0.0508898605295343
0.23469765522541144,0.6220731722912294,298.4,59.38678397672219,640.6,0.08204167485237121,0.048175499584125855,0.6014065086841583,0.0508898605295343
0.25860210871085143,0.6220731722912294,298.4,59.38678397672219,640.6,0.08204167485237121,0.048175499584125855,0.6014065086841583,0.0508898605295343
0.28250656219629144,0.6220731722912294,298.4,59.38678397672219,640.6,0.08204167485237121,0.048175499584125855,0.6014065086841583,0.0508898605295343
0.3064110156817314,0.6220731722912294,298.4,59.38678397672219,640.6,0.08204167485237121,0.048175499584125855,0.6014065086841583,0.0508898605295343
0.33031546916717136,0.6220731722912294,298.4,59.38678397672219,640.6,0.08204167485237121,0.048175499584125855,0.6014065086841583,0.0508898605295343
0.3542199226526114,0.6220731722912294,298.4,59.38678397672219,640.6,0.08204167485237121,0.048175499584125855,0.6014065086841583,0.0508898605295343
0.3781243761380514,0.6220731722912294,298.4,59.38678397672219,640.6,0.08204167485237121,0.048175499584125855,0.6014065086841583,0.0508898605295343
0.40202882962349135,0.6220731722912294,298.4,59.38678397672219,640.6,0.08204167485237121,0.048175499584125855,0.6014065086841583,0.0508898605295343
0.4259332831089313,0.6220731722912294,298.4,59.38678397672219,640.6,0.08204167485237121,0.048175499584125855,0.6014065086841583,0.0508898605295343
0.4498377365943713,0.6220731722912294,298.4,59.38678397672219,640.6,0.08204167485237121,0.048175499584125855,0.6014065086841583,0.0508898605295343
0.47374219007981133,0.6220731722912294,298.4,59.38678397672219,640.6,0.08204167485237121,0.048175499584125855,0.6014065086841583,0.0508898605295343
0.4976466435652513,0.6220731722912294,298.4,59.38678397672219,640.6,0.08204167485237121,0.048175499584125855,0.6014065086841583,0.0508898605295343
0.5215510970506912,0.6220731722912294,298.4,59.38678397672219,640.6,0.08204167485237121,0.048175499584125855,0.6014065086841583,0.0508898605295343
0.5454555505361313,0.6220731722912294,298.4,59.38678397672219,640.6,0.08204167485237121,0.048175499584125855,0.6014065086841583,0.0508898605295343
0.5693600040215713,0.6220731722912294,298.4,59.38678397672219,640.6,0.08204167485237121,0.048175499584125855,0.6014065086841583,0.0508898605295343
0.5932644575070112,0.6220731722912294,298.4,59.38678397672219,640.6,0.08204167485237121,0.048175499584125855,0.6014065086841583,0.0508898605295343
0.6171689109924512,0.6220731722912294,298.4,59.38678397672219,640.6,0.08204167485237121,0.048175499584125855,0.6014065086841583,0.0508898605295343
0.6410733644778912,0.6220731722912294,298.4,59.38678397672219,640.6,0.08204167485237121,0.048175499584125855,0.6014065086841583,0.0508898605295343
0.6649778179633312,0.6220731722912294,298.4,59.38678397672219,640.6,0.08204167485237121,0.048175499584125855,0.6014065086841583,0.0508898605295343
0.6888822714487712,0.6220731722912294,298.4,59.38678397672219,640.6,0.08204167485237121,0.048175499584125855,0.6014065086841583,0.0508898605295343
0.7127867249342111,0.6220731722912294,298.4,59.38678397672219,640.6,0.08204167485237121,0.048175499584125855,0.6014065086841583,0.0508898605295343
0.7366911784196511,0.6220731722912294,298.4,59.38678397672219,640.6,0.08204167485237121,0.048175499584125855,0.6014065086841583,0.0508898605295343
0.7605956319050912,0.6220731722912294,298.4,59.38678397672219,640.6,0.08204167485237121,0.048175499584125855,0.6014065086841583,0.0508898605295343
0.7845000853905311,0.6220731722912294,298.4,59.38678397672219,640.6,0.08204167485237121,0.048175499584125855,0.6014065086841583,0.0508898605295343
0.8084045388759711,0.6220731722912294,298.4,59.38678397672219,640.6,0.08204167485237121,0.048175499584125855,0.6014065086841583,0.0508898605295343
0.8323089923614111,0.6220731722912294,298.4,59.38678397672219,640.6,0.08204167485237121,0.048175499584125855,0.6014065086841583,0.0508898605295343
0.8562134458468511,0.6220731722912294,298.4,59.38678397672219,640.6,0.08204167485237121,0.048175499584125855,0.6014065086841583,0.0508898605295343
0.8801178993322911,0.6220731722912294,298.4,59.38678397672219,640.6,0.08204167485237121,0.048175499584125855,0.6014065086841583,0.0508898605295343
0.904022352817731,0.6220731722912294,298.4,59.38678397672219,640.6,0.08204167485237121,0.048175499584125855,0.6014065086841583,0.0508898605295343
0.927926806303171,0.6220731722912294,298.4,59.38678397672219,640.6,0.08204167485237121,0.048175499584125855,0.6014065086841583,0.0508898605295343
0.951831259788611,0.6220731722912294,298.4,59.38678397672219,640.6,0.08204167485237121,0.048175499584125855,0.6014065086841583,0.0508898605295343
0.975735713274051,0.6220731722912294,298.1,60.00044647558487,640.9,0.07914752364158631,0.05006624380041361,0.601117342710495,0.051205805271275086
0.999640166759491,0.6220731722912294,0.4,0.9048628651416396,938.6,-19.871623229980468,44.95273482723821,0.6414967060089112,0.05086024907096874
0.06736648082733154,0.6657488576147408,348.3,50.34794861301995,590.7,0.062180376052856444,0.07096763368758259,0.5948719263076783,0.05453974969845377
0.09127093431277153,0.6657488576147408,348.3,50.34794861301995,590.7,0.062180376052856444,0.07096763368758259,0.5948719263076783,0.05453974969845377
0.11517538779821151,0.6657488576147408,348.3,50.34794861301995,590.7,0.062180376052856444,0.07096763368758259,0.5948719263076783,0.05453974969845377
0.1390798412836515,0.6657488576147408,348.3,50.34794861301995,590.7,0.062180376052856444,0.07096763368758259,0.5948719263076783,0.05453974969845377
0.1629842947690915,0.6657488576147408,348.3,50.34794861301995,590.7,0.062180376052856444,0.07096763368758259,0.5948719263076783,0.05453974969845377
0.18688874825453147,0.6657488576147408,348.3,50.34794861301995,590.7,0.062180376052856444,0.07096763368758259,0.5948719263076783,0.05453974969845377
0.21079320173997146,0.6657488576147408,348.3,50.34794861301995,590.7,0.062180376052856444,0.07096763368758259,0.5948719263076783,0.05453974969845377
0.23469765522541144,0.6657488576147408,348.3,50.34794861301995,590.7,0.062180376052856444,0.07096763368758259,0.5948719263076783,0.05453974969845377
0.25860210871085143,0.6657488576147408,348.3,50.34794861301995,590.7,0.062180376052856444,0.07096763368758259,0.5948719263076783,0.05453974969845377
0.28250656219629144,0.6657488576147408,348.3,50.34794861301995,590.7,0.062180376052856444,0.07096763368758259,0.5948719263076783,0.05453974969845377
0.3064110156817314,0.6657488576147408,348.3,50.34794861301995,590.7,0.062180376052856444,0.07096763368758259,0.5948719263076783,0.05453974969845377
0.33031546916717136,0.6657488576147408,348.3,50.34794861301995,590.7,0.062180376052856444,0.07096763368758259,0.5948719263076783,0.05453974969845377
0.3542199226526114,0.6657488576147408,347.8,51.324109221305584,591.2,0.07099303007125854,0.05601252331702907,0.5948222935199737,0.05459840915397395
0.3781243761380514,0.6657488576147408,347.8,51.324109221305584,591.2,0.07099303007125854,0.05601252331702907,0.5948222935199737,0.05459840915397395
0.40202882962349135,0.6657488576147408,347.8,51.324109221305584,591.2,0.07099303007125854,0.05601252331702907,0.5948222935199737,0.05459840915397395
0.4259332831089313,0.6657488576147408,347.8,51.324109221305584,591.2,0.07099303007125854,0.05601252331702907,0.5948222935199737,0.05459840915397395
0.4498377365943713,0.6657488576147408,347.8,51.324109221305584,591.2,0.07099303007125854,0.05601252331702907,0.5948222935199737,0.05459840915397395
0.47374219007981133,0.6657488576147408,347.8,51.324109221305584,591.2,0.07099303007125854,0.05601252331702907,0.5948222935199737,0.05459840915397395
0.4976466435652513,0.6657488576147408,347.8,51.324109221305584,591.2,0.07099303007125854,0.05601252331702907,0.5948222935199737,0.05459840915397395
0.5215510970506912,0.6657488576147408,347.8,51.324109221305584,591.2,0.07099303007125854,0.05601252331702907,0.5948222935199737,0.05459840915397395
0.5454555505361313,0.6657488576147408,347.8,51.324109221305584,591.2,0.07099303007125854,0.05601252331702907,0.5948222935199737,0.05459840915397395
0.5693600040215713,0.6657488576147408,347.8,51.324109221305584,591.2,0.07099303007125854,0.05601252331702907,0.5948222935199737,0.05459840915397395
0.5932644575070112,0.6657488576147408,347.8,51.324109221305584,591.2,0.07099303007125854,0.05601252331702907,0.5948222935199737,0.05459840915397395
0.6171689109924512,0.6657488576147408,347.8,51.324109221305584,591.2,0.07099303007125854,0.05601252331702907,0.5948222935199737,0.05459840915397395
0.6410733644778912,0.6657488576147408,347.8,51.324109221305584,591.2,0.07099303007125854,0.05601252331702907,0.5948222935199737,0.05459840915397395
0.6649778179633312,0.6657488576147408,347.8,51.324109221305584,591.2,0.07099303007125854,0.05601252331702907,0.5948222935199737,0.05459840915397395
0.6888822714487712,0.6657488576147408,347.8,51.324109221305584,591.2,0.07099303007125854,0.05601252331702907,0.5948222935199737,0.05459840915397395
0.7127867249342111,0.6657488576147408,347.8,51.324109221305584,591.2,0.07099303007125854,0.05601252331702907,0.5948222935199737,0.05459840915397395
0.7366911784196511,0.6657488576147408,347.8,51.324109221305584,591.2,0.07099303007125854,0.05601252331702907,0.5948222935199737,0.05459840915397395
0.7605956319050912,0.6657488576147408,347.8,51.324109221305584,591.2,0.07099303007125854,0.05601252331702907,0.5948222935199737,0.05459840915397395
0.7845000853905311,0.6657488576147408,347.8,51.324109221305584,591.2,0.07099303007125854,0.05601252331702907,0.5948222935199737,0.05459840915397395
0.8084045388759711,0.6657488576147408,347.8,51.324109221305584,591.2,0.07099303007125854,0.05601252331702907,0.5948222935199737,0.05459840915397395
0.8323089923614111,0.6657488576147408,347.8,51.324109221305584,591.2,0.07099303007125854,0.05601252331702907,0.5948222935199737,0.05459840915397395
0.8562134458468511,0.6657488576147408,347.8,51.324109221305584,591.2,0.07099303007125854,0.05601252331702907,0.5948222935199737,0.05459840915397395
0.8801178993322911,0.6657488576147408,347.8,51.324109221305584,591.2,0.07099303007125854,0.05601252331702907,0.5948222935199737,0.05459840915397395
0.904022352817731,0.6657488576147408,347.8,51.324109221305584,591.2,0.07099303007125854,0.05601252331702907,0.5948222935199737,0.05459840915397395
0.927926806303171,0.6657488576147408,347.5,51.91282411177702,591.5,0.07108800411224366,0.05586829561487744,0.5949135243892669,0.05449071577286815
0.951831259788611,0.6657488576147408,346.9,53.09669404751851,592.1,0.07157026529312134,0.05514302950783636,0.5952870607376098,0.05405575542435141
0.975735713274051,0.6657488576147408,344.6,53.67264171232588,594.4,0.06280412077903748,0.0556973812892373,0.5952812254428863,0.05426292484141769
0.999640166759491,0.6657488576147408,0.4,0.9048628651416396,938.6,-19.871623229980468,44.95273482723821,0.6414967060089112,0.05086024907096874
0.06736648082733154,0.7094245429382522,382.8,35.593828713578375,556.2,0.08951937556266784,0.0454782789782117,0.5955050766468049,0.061905231865297616
0.09127093431277153,0.7094245429382522,382.8,35.593828713578375,556.2,0.08951937556266784,0.0454782789782117,0.5955050766468049,0.061905231865297616
0.11517538779821151,0.7094245429382522,382.8,35.593828713578375,556.2,0.08951937556266784,0.0454782789782117,0.5955050766468049,0.061905231865297616
0.1390798412836515,0.7094245429382522,382.8,35.593828713578375,556.2,0.08951937556266784,0.0454782789782117,0.5955050766468049,0.061905231865297616
0.1629842947690915,0.7094245429382522,382.8,35.593828713578375,556.2,0.08951937556266784,0.0454782789782117,0.5955050766468049,0.061905231865297616
0.18688874825453147,0.7094245429382522,382.8,35.593828713578375,556.2,0.08951937556266784,0.0454782789782117,0.5955050766468049,0.061905231865297616
0.21079320173997146,0.7094245429382522,382.8,35.593828713578375,556.2,0.08951937556266784,0.0454782789782117,0.5955050766468049,0.061905231865297616
0.23469765522541144,0.7094245429382522,382.8,35.593828713578375,556.2,0.08951937556266784,0.0454782789782117,0.5955050766468049,0.061905231865297616
0.25860210871085143,0.7094245429382522,382.8,35.593828713578375,556.2,0.08951937556266784,0.0454782789782117,0.5955050766468049,0.061905231865297616
0.28250656219629144,0.7094245429382522,382.8,35.593828713578375,556.2,0.08951937556266784,0.0454782789782117,0.5955050766468049,0.061905231865297616
0.3064110156817314,0.7094245429382522,382.8,35.593828713578375,556.2,0.08951937556266784,0.0454782789782117,0.5955050766468049,0.061905231865297616
0.33031546916717136,0.7094245429382522,382.8,35.593828713578375,556.2,0.08951937556266784,0.0454782789782117,0.5955050766468049,0.061905231865297616
0.3542199226526114,0.7094245429382522,382.3,36.454436322598895,556.7,0.09477964639663697,0.04127685772359839,0.5956097066402435,0.061747455709894594
0.3781243761380514,0.7094245429382522,382.3,36.454436322598895,556.7,0.09477964639663697,0.04127685772359839,0.5956097066402435,0.061747455709894594
0.40202882962349135,0.7094245429382522,382.0,36.97779419962207,557.0,0.09517303705215455,0.041084080142551466,0.5957618415355682,0.06151894759729282
0.4259332831089313,0.7094245429382522,381.4,38.03923380048391,557.6,0.08915567398071289,0.04586875585597001,0.5956990957260132,0.06161306218535413
0.4498377365943713,0.7094245429382522,381.4,38.03923380048391,557.6,0.08915567398071289,0.04586875585597001,0.5956990957260132,0.06161306218535413
0.47374219007981133,0.7094245429382522,381.4,38.03923380048391,557.6,0.08915567398071289,0.04586875585597001,0.5956990957260132,0.06161306218535413
0.4976466435652513,0.7094245429382522,381.4,38.03923380048391,557.6,0.08915567398071289,0.04586875585597001,0.5956990957260132,0.06161306218535413
0.5215510970506912,0.7094245429382522,381.4,38.03923380048391,557.6,0.08915567398071289,0.04586875585597001,0.5956990957260132,0.06161306218535413
0.5454555505361313,0.7094245429382522,381.4,38.03923380048391,557.6,0.08915567398071289,0.04586875585597001,0.5956990957260132,0.06161306218535413
0.5693600040215713,0.7094245429382522,381.4,38.03923380048391,557.6,0.08915567398071289,0.04586875585597001,0.5956990957260132,0.06161306218535413
0.5932644575070112,0.7094245429382522,381.4,38.03923380048391,557.6,0.08915567398071289,0.04586875585597001,0.5956990957260132,0.06161306218535413
0.6171689109924512,0.7094245429382522,381.4,38.03923380048391,557.6,0.08915567398071289,0.04586875585597001,0.5956990957260132,0.06161306218535413
0.6410733644778912,0.7094245429382522,381.4,38.03923380048391,557.6,0.08915567398071289,0.04586875585597001,0.5956990957260132,0.06161306218535413
0.6649778179633312,0.7094245429382522,381.4,38.03923380048391,557.6,0.08915567398071289,0.04586875585597001,0.5956990957260132,0.06161306218535413
0.6888822714487712,0.7094245429382522,381.4,38.03923380048391,557.6,0.08915567398071289,0.04586875585597001,0.5956990957260132,0.06161306218535413
0.7127867249342111,0.7094245429382522,381.4,38.03923380048391,557.6,0.08915567398071289,0.04586875585597001,0.5956990957260132,0.06161306218535413
0.7366911784196511,0.7094245429382522,381.4,38.03923380048391,557.6,0.08915567398071289,0.04586875585597001,0.5956990957260132,0.06161306218535413
0.7605956319050912,0.7094245429382522,381.4,38.03923380048391,557.6,0.08915567398071289,0.04586875585597001,0.5956990957260132,0.06161306218535413
0.7845000853905311,0.7094245429382522,381.4,38.03923380048391,557.6,0.08915567398071289,0.04586875585597001,0.5956990957260132,0.06161306218535413
0.8084045388759711,0.7094245429382522,381.4,38.03923380048391,557.6,0.08915567398071289,0.04586875585597001,0.5956990957260132,0.06161306218535413
0.8323089923614111,0.7094245429382522,381.4,38.03923380048391,557.6,0.08915567398071289,0.04586875585597001,0.5956990957260132,0.06161306218535413
0.8562134458468511,0.7094245429382522,381.4,38.03923380048391,557.6,0.08915567398071289,0.04586875585597001,0.5956990957260132,0.06161306218535413
0.8801178993322911,0.7094245429382522,381.4,38.03923380048391,557.6,0.08915567398071289,0.04586875585597001,0.5956990957260132,0.06161306218535413
0.904022352817731,0.7094245429382522,381.4,38.03923380048391,557.6,0.08915567398071289,0.04586875585597001,0.5956990957260132,0.06161306218535413
0.927926806303171,0.7094245429382522,378.8,42.83229965526923,560.2,0.08625423312187194,0.04936570109801316,0.5971530914306641,0.059480945153822955
0.951831259788611,0.7094245429382522,378.0,43.8441100612559,561.0,0.08631697893142701,0.04862236648248886,0.5977930068969727,0.058706326876782684
0.975735713274051,0.7094245429382522,366.8,57.480162675617564,572.2,0.0727021872997284,0.057627784908162075,0.6025332927703857,0.05414794226684123
0.999640166759491,0.7094245429382522,0.4,0.9048628651416396,938.6,-19.871623229980468,44.95273482723821,0.6414967060089112,0.05086024907096874
0.06736648082733154,0.7531002282617636,394.7,36.61007822531751,544.3,0.11044509410858154,0.06301905544639871,0.5939787030220032,0.06231829931327411
0.09127093431277153,0.7531002282617636,394.7,36.61007822531751,544.3,0.11044509410858154,0.06301905544639871,0.5939787030220032,0.06231829931327411
0.11517538779821151,0.7531002282617636,394.7,36.61007822531751,544.3,0.11044509410858154,0.06301905544639871,0.5939787030220032,0.06231829931327411
0.1390798412836515,0.7531002282617636,394.7,36.61007822531751,544.3,0.11044509410858154,0.06301905544639871,0.5939787030220032,0.06231829931327411
0.1629842947690915,0.7531002282617636,394.7,36.61007822531751,544.3,0.11044509410858154,0.06301905544639871,0.5939787030220032,0.06231829931327411
0.18688874825453147,0.7531002282617636,394.7,36.61007822531751,544.3,0.11044509410858154,0.06301905544639871,0.5939787030220032,0.06231829931327411
0.21079320173997146,0.7531002282617636,394.7,36.61007822531751,544.3,0.11044509410858154,0.06301905544639871,0.5939787030220032,0.06231829931327411
0.23469765522541144,0.7531002282617636,394.7,36.61007822531751,544.3,0.11044509410858154,0.06301905544639871,0.5939787030220032,0.06231829931327411
0.25860210871085143,0.7531002282617636,394.7,36.61007822531751,544.3,0.11044509410858154,0.06301905544639871,0.5939787030220032,0.06231829931327411
0.28250656219629144,0.7531002282617636,394.7,36.61007822531751,544.3,0.11044509410858154,0.06301905544639871,0.5939787030220032,0.06231829931327411
0.3064110156817314,0.7531002282617636,393.3,38.9284611649598,545.7,0.105584055185318,0.06632933963786536,0.5945168614387513,0.06149742887214624
0.33031546916717136,0.7531002282617636,393.3,38.9284611649598,545.7,0.105584055185318,0.06632933963786536,0.5945168614387513,0.06149742887214624
0.3542199226526114,0.7531002282617636,392.8,39.78482155684166,546.2,0.11082720756530762,0.06283307859764978,0.594622665643692,0.061337592282788005
0.3781243761380514,0.7531002282617636,392.8,39.78482155684166,546.2,0.11082720756530762,0.06283307859764978,0.594622665643692,0.061337592282788005
0.40202882962349135,0.7531002282617636,392.5,40.30514054186602,546.5,0.11122076511383057,0.06265342272516176,0.5947753071784974,0.06110791451346158
0.4259332831089313,0.7531002282617636,391.8,41.53699476526691,547.2,0.10508672595024109,0.0667609554083293,0.5947313904762268,0.061173884061064804
0.4498377365943713,0.7531002282617636,391.8,41.53699476526691,547.2,0.10508672595024109,0.0667609554083293,0.5947313904762268,0.061173884061064804
0.47374219007981133,0.7531002282617636,391.8,41.53699476526691,547.2,0.10508672595024109,0.0667609554083293,0.5947313904762268,0.061173884061064804
0.4976466435652513,0.7531002282617636,391.8,41.53699476526691,547.2,0.10508672595024109,0.0667609554083293,0.5947313904762268,0.061173884061064804
0.5215510970506912,0.7531002282617636,391.8,41.53699476526691,547.2,0.10508672595024109,0.0667609554083293,0.5947313904762268,0.061173884061064804
0.5454555505361313,0.7531002282617636,391.8,41.53699476526691,547.2,0.10508672595024109,0.0667609554083293,0.5947313904762268,0.061173884061064804
0.5693600040215713,0.7531002282617636,391.8,41.53699476526691,547.2,0.10508672595024109,0.0667609554083293,0.5947313904762268,0.061173884061064804
0.5932644575070112,0.7531002282617636,391.8,41.53699476526691,547.2,0.10508672595024109,0.0667609554083293,0.5947313904762268,0.061173884061064804
0.6171689109924512,0.7531002282617636,391.8,41.53699476526691,547.2,0.10508672595024109,0.0667609554083293,0.5947313904762268,0.061173884061064804
0.6410733644778912,0.7531002282617636,391.8,41.53699476526691,547.2,0.10508672595024109,0.0667609554083293,0.5947313904762268,0.061173884061064804
0.6649778179633312,0.7531002282617636,391.8,41.53699476526691,547.2,0.10508672595024109,0.0667609554083293,0.5947313904762268,0.061173884061064804
0.6888822714487712,0.7531002282617636,391.8,41.53699476526691,547.2,0.10508672595024109,0.0667609554083293,0.5947313904762268,0.061173884061064804
0.7127867249342111,0.7531002282617636,391.8,41.53699476526691,547.2,0.10508672595024109,0.0667609554083293,0.5947313904762268,0.061173884061064804
0.7366911784196511,0.7531002282617636,391.8,41.53699476526691,547.2,0.10508672595024109,0.0667609554083293,0.5947313904762268,0.061173884061064804
0.7605956319050912,0.7531002282617636,391.8,41.53699476526691,547.2,0.10508672595024109,0.0667609554083293,0.5947313904762268,0.061173884061064804
0.7845000853905311,0.7531002282617636,391.8,41.53699476526691,547.2,0.10508672595024109,0.0667609554083293,0.5947313904762268,0.061173884061064804
0.8084045388759711,0.7531002282617636,391.8,41.53699476526691,547.2,0.10508672595024109,0.0667609554083293,0.5947313904762268,0.061173884061064804
0.8323089923614111,0.7531002282617636,391.8,41.53699476526691,547.2,0.10508672595024109,0.0667609554083293,0.5947313904762268,0.061173884061064804
0.8562134458468511,0.7531002282617636,391.8,41.53699476526691,547.2,0.10508672595024109,0.0667609554083293,0.5947313904762268,0.061173884061064804
0.8801178993322911,0.7531002282617636,391.8,41.53699476526691,547.2,0.10508672595024109,0.0667609554083293,0.5947313904762268,0.061173884061064804
0.904022352817731,0.7531002282617636,391.8,41.53699476526691,547.2,0.10508672595024109,0.0667609554083293,0.5947313904762268,0.061173884061064804
0.927926806303171,0.7531002282617636,389.2,46.30004468181088,549.8,0.10218528509140015,0.06958893006534031,0.5961853861808777,0.05903945770970881
0.951831259788611,0.7531002282617636,388.1,47.1273090291872,550.9,0.10073384642601013,0.06848093075871717,0.5964079439640045,0.05840035884155155
0.975735713274051,0.7531002282617636,373.3,58.90114564180609,565.7,0.0915125548839569,0.07506075080097085,0.6031723320484161,0.054150115477647136
0.999640166759491,0.7531002282617636,0.4,0.9048628651416396,938.6,-19.871623229980468,44.95273482723821,0.6414967060089112,0.05086024907096874
0.06736648082733154,0.7967759135852752,418.7,30.26945117149085,520.3,0.12552096247673034,0.058167371080063965,0.5919014930725097,0.06712726311857704
0.09127093431277153,0.7967759135852752,418.7,30.26945117149085,520.3,0.12552096247673034,0.058167371080063965,0.5919014930725097,0.06712726311857704
0.11517538779821151,0.7967759135852752,418.7,30.26945117149085,520.3,0.12552096247673034,0.058167371080063965,0.5919014930725097,0.06712726311857704
0.1390798412836515,0.7967759135852752,418.7,30.26945117149085,520.3,0.12552096247673034,0.058167371080063965,0.5919014930725097,0.06712726311857704
0.1629842947690915,0.7967759135852752,418.7,30.26945117149085,520.3,0.12552096247673034,0.058167371080063965,0.5919014930725097,0.06712726311857704
0.18688874825453147,0.7967759135852752,418.7,30.26945117149085,520.3,0.12552096247673034,0.058167371080063965,0.5919014930725097,0.06712726311857704
0.21079320173997146,0.7967759135852752,418.7,30.26945117149085,520.3,0.12552096247673034,0.058167371080063965,0.5919014930725097,0.06712726311857704
0.23469765522541144,0.7967759135852752,418.7,30.26945117149085,520.3,0.12552096247673034,0.058167371080063965,0.5919014930725097,0.06712726311857704
0.25860210871085143,0.7967759135852752,418.7,30.26945117149085,520.3,0.12552096247673034,0.058167371080063965,0.5919014930725097,0.06712726311857704
0.28250656219629144,0.7967759135852752,418.7,30.26945117149085,520.3,0.12552096247673034,0.058167371080063965,0.5919014930725097,0.06712726311857704
0.3064110156817314,0.7967759135852752,417.1,33.02620336683464,521.9,0.11934864521026611,0.058624910753716224,0.5921253442764283,0.06679241979992076
0.33031546916717136,0.7967759135852752,416.9,33.38238548941124,522.1,0.1162850558757782,0.06006828618943058,0.5917323350906372,0.06738171536499678
0.3542199226526114,0.7967759135852752,416.2,34.64671740740642,522.8,0.11899597048759461,0.05875125116576877,0.5916773676872253,0.06746465953795125
0.3781243761380514,0.7967759135852752,416.2,34.64671740740642,522.8,0.11899597048759461,0.05875125116576877,0.5916773676872253,0.06746465953795125
0.40202882962349135,0.7967759135852752,415.9,35.19648061496587,523.1,0.11937143206596375,0.05861711179857464,0.5918635129928589,0.06718428798905317
0.4259332831089313,0.7967759135852752,413.5,39.73827465855091,525.5,0.11210871934890747,0.06321767127473243,0.5927175283432007,0.06591717020302976
0.4498377365943713,0.7967759135852752,413.5,39.73827465855091,525.5,0.11210871934890747,0.06321767127473243,0.5927175283432007,0.06591717020302976
0.47374219007981133,0.7967759135852752,413.5,39.73827465855091,525.5,0.11210871934890747,0.06321767127473243,0.5927175283432007,0.06591717020302976
0.4976466435652513,0.7967759135852752,413.5,39.73827465855091,525.5,0.11210871934890747,0.06321767127473243,0.5927175283432007,0.06591717020302976
0.5215510970506912,0.7967759135852752,413.5,39.73827465855091,525.5,0.11210871934890747,0.06321767127473243,0.5927175283432007,0.06591717020302976
0.5454555505361313,0.7967759135852752,413.5,39.73827465855091,525.5,0.11210871934890747,0.06321767127473243,0.5927175283432007,0.06591717020302976
0.5693600040215713,0.7967759135852752,413.5,39.73827465855091,525.5,0.11210871934890747,0.06321767127473243,0.5927175283432007,0.06591717020302976
0.5932644575070112,0.7967759135852752,413.5,39.73827465855091,525.5,0.11210871934890747,0.06321767127473243,0.5927175283432007,0.06591717020302976
0.6171689109924512,0.7967759135852752,413.5,39.73827465855091,525.5,0.11210871934890747,0.06321767127473243,0.5927175283432007,0.06591717020302976
0.6410733644778912,0.7967759135852752,413.5,39.73827465855091,525.5,0.11210871934890747,0.06321767127473243,0.5927175283432007,0.06591717020302976
0.6649778179633312,0.7967759135852752,413.5,39.73827465855091,525.5,0.11210871934890747,0.06321767127473243,0.5927175283432007,0.06591717020302976
0.6888822714487712,0.7967759135852752,413.5,39.73827465855091,525.5,0.11210871934890747,0.06321767127473243,0.5927175283432007,0.06591717020302976
0.7127867249342111,0.7967759135852752,413.5,39.73827465855091,525.5,0.11210871934890747,0.06321767127473243,0.5927175283432007,0.06591717020302976
0.7366911784196511,0.7967759135852752,413.5,39.73827465855091,525.5,0.11210871934890747,0.06321767127473243,0.5927175283432007,0.06591717020302976
0.7605956319050912,0.7967759135852752,413.5,39.73827465855091,525.5,0.11210871934890747,0.06321767127473243,0.5927175283432007,0.06591717020302976
0.7845000853905311,0.7967759135852752,413.5,39.73827465855091,525.5,0.11210871934890747,0.06321767127473243,0.5927175283432007,0.06591717020302976
0.8084045388759711,0.7967759135852752,413.5,39.73827465855091,525.5,0.11210871934890747,0.06321767127473243,0.5927175283432007,0.06591717020302976
0.8323089923614111,0.7967759135852752,413.5,39.73827465855091,525.5,0.11210871934890747,0.06321767127473243,0.5927175283432007,0.06591717020302976
0.8562134458468511,0.7967759135852752,413.5,39.73827465855091,525.5,0.11210871934890747,0.06321767127473243,0.5927175283432007,0.06591717020302976
0.8801178993322911,0.7967759135852752,413.5,39.73827465855091,525.5,0.11210871934890747,0.06321767127473243,0.5927175283432007,0.06591717020302976
0.904022352817731,0.7967759135852752,413.5,39.73827465855091,525.5,0.11210871934890747,0.06321767127473243,0.5927175283432007,0.06591717020302976
0.927926806303171,0.7967759135852752,408.9,48.25870478943277,530.1,0.10525790452957154,0.06876607394255733,0.5946050405502319,0.06208966871623411
0.951831259788611,0.7967759135852752,406.8,48.78526643257897,532.2,0.10266389846801757,0.06696077946669873,0.5946008503437042,0.06105689172357383
0.975735713274051,0.7967759135852752,390.0,61.350399213553224,549.0,0.09080978631973266,0.0719923442090671,0.6013058602809906,0.05748420370191088
0.999640166759491,0.7967759135852752,0.4,0.9048628651416396,938.6,-19.871623229980468,44.95273482723821,0.6414967060089112,0.05086024907096874
0.06736648082733154,0.8404515989087866,444.0,35.97232976118528,495.0,0.1471220850944519,0.07169020756151263,0.5917696416378021,0.07264295655647716
0.09127093431277153,0.8404515989087866,444.0,35.97232976118528,495.0,0.1471220850944519,0.07169020756151263,0.5917696416378021,0.07264295655647716
0.11517538779821151,0.8404515989087866,444.0,35.97232976118528,495.0,0.1471220850944519,0.07169020756151263,0.5917696416378021,0.07264295655647716
0.1390798412836515,0.8404515989087866,444.0,35.97232976118528,495.0,0.1471220850944519,0.07169020756151263,0.5917696416378021,0.07264295655647716
0.1629842947690915,0.8404515989087866,444.0,35.97232976118528,495.0,0.1471220850944519,0.07169020756151263,0.5917696416378021,0.07264295655647716
0.18688874825453147,0.8404515989087866,444.0,35.97232976118528,495.0,0.1471220850944519,0.07169020756151263,0.5917696416378021,0.07264295655647716
0.21079320173997146,0.8404515989087866,444.0,35.97232976118528,495.0,0.1471220850944519,0.07169020756151263,0.5917696416378021,0.07264295655647716
0.23469765522541144,0.8404515989087866,444.0,35.97232976118528,495.0,0.1471220850944519,0.07169020756151263,0.5917696416378021,0.07264295655647716
0.25860210871085143,0.8404515989087866,444.0,35.97232976118528,495.0,0.1471220850944519,0.07169020756151263,0.5917696416378021,0.07264295655647716
0.28250656219629144,0.8404515989087866,444.0,35.97232976118528,495.0,0.1471220850944519,0.07169020756151263,0.5917696416378021,0.07264295655647716
0.3064110156817314,0.8404515989087866,442.4,37.75416133360036,496.6,0.14193639159202576,0.07329790063038925,0.5922123908996582,0.07192396052767767
0.33031546916717136,0.8404515989087866,442.2,37.99526246137321,496.8,0.13947444558143615,0.07469669603094715,0.591782957315445,0.07262123511624448
0.3542199226526114,0.8404515989087866,441.4,38.99726836013829,497.6,0.1418486475944519,0.07334094480126997,0.5920186638832092,0.07223773244816974
0.3781243761380514,0.8404515989087866,440.9,39.652617525193605,498.1,0.14209044575691224,0.07322356742331046,0.5928007900714874,0.07097903960041906
0.40202882962349135,0.8404515989087866,440.5,40.192124030053606,498.5,0.1414765477180481,0.07352915857520204,0.5930177450180054,0.0706337673534683
0.4259332831089313,0.8404515989087866,438.1,43.683589647974884,500.9,0.13597016930580139,0.07733851263767376,0.5941437244415283,0.06887021124610779
0.4498377365943713,0.8404515989087866,438.1,43.683589647974884,500.9,0.13597016930580139,0.07733851263767376,0.5941437244415283,0.06887021124610779
0.47374219007981133,0.8404515989087866,438.1,43.683589647974884,500.9,0.13597016930580139,0.07733851263767376,0.5941437244415283,0.06887021124610779
0.4976466435652513,0.8404515989087866,438.1,43.683589647974884,500.9,0.13597016930580139,0.07733851263767376,0.5941437244415283,0.06887021124610779
0.5215510970506912,0.8404515989087866,438.1,43.683589647974884,500.9,0.13597016930580139,0.07733851263767376,0.5941437244415283,0.06887021124610779
0.5454555505361313,0.8404515989087866,438.1,43.683589647974884,500.9,0.13597016930580139,0.07733851263767376,0.5941437244415283,0.06887021124610779
0.5693600040215713,0.8404515989087866,438.1,43.683589647974884,500.9,0.13597016930580139,0.07733851263767376,0.5941437244415283,0.06887021124610779
0.5932644575070112,0.8404515989087866,437.8,43.28523432977194,501.2,0.13481785655021666,0.07697185470197467,0.5939956486225129,0.06874308512911126
0.6171689109924512,0.8404515989087866,437.5,42.89391729999928,501.5,0.13437631130218505,0.07685432792147295,0.5940810382366181,0.06881622350128593
0.6410733644778912,0.8404515989087866,437.5,42.89391729999928,501.5,0.13437631130218505,0.07685432792147295,0.5940810382366181,0.06881622350128593
0.6649778179633312,0.8404515989087866,437.5,42.89391729999928,501.5,0.13437631130218505,0.07685432792147295,0.5940810382366181,0.06881622350128593
0.6888822714487712,0.8404515989087866,435.2,40.14902353080686,503.8,0.13289079070091248,0.07655333937845492,0.5945997893810272,0.06927046431369334
0.7127867249342111,0.8404515989087866,434.8,39.72188805030465,504.2,0.13300197720527648,0.07657080235932806,0.5943553149700165,0.06905427975796492
0.7366911784196511,0.8404515989087866,434.7,39.68787678895649,504.3,0.13309843540191652,0.07662238123486788,0.5944125652313232,0.06904545894150063
0.7605956319050912,0.8404515989087866,434.1,39.280918706547986,504.9,0.13186194896697997,0.07653898428085756,0.5944394409656525,0.06882544312969041
0.7845000853905311,0.8404515989087866,431.2,36.81413187894149,507.8,0.12792911529541015,0.07435352972413145,0.5937117218971253,0.06886568552619186
0.8084045388759711,0.8404515989087866,431.1,36.75021122827776,507.9,0.1267129361629486,0.07224973876065834,0.5935601234436035,0.06884433447452414
0.8323089923614111,0.8404515989087866,430.3,36.28559322276173,508.7,0.1215812087059021,0.06391652289617716,0.5931690216064454,0.06879711570072582
0.8562134458468511,0.8404515989087866,430.0,36.03392220495822,509.0,0.1212609887123108,0.06394123616784479,0.5933264017105102,0.06893841047745784
0.8801178993322911,0.8404515989087866,429.8,35.872293871539526,509.2,0.12105243802070617,0.06396173765438151,0.5933659076690674,0.06897412174889826
0.904022352817731,0.8404515989087866,428.6,35.009800525770466,510.4,0.12133417725563049,0.0639348650634643,0.5936384737491608,0.0692231489719789
0.927926806303171,0.8404515989087866,420.8,42.52855466165707,518.2,0.11508705615997314,0.06750385848034035,0.5967946469783783,0.0648071127622056
0.951831259788611,0.8404515989087866,413.2,51.40934302644706,525.8,0.10833258032798768,0.06606315307544032,0.5970565736293793,0.06290440003719396
0.975735713274051,0.8404515989087866,395.3,64.23362412083165,543.7,0.0952695906162262,0.07117395321271004,0.6035894453525543,0.05903900917442891
0.999640166759491,0.8404515989087866,0.4,0.9048628651416396,938.6,-19.871623229980468,44.95273482723821,0.6414967060089112,0.05086024907096874
0.06736648082733154,0.884127284232298,491.7,44.7491180748288,447.3,0.17078612446784974,0.0777432855160001,0.5810743987560272,0.07452873668093618
0.09127093431277153,0.884127284232298,491.7,44.7491180748288,447.3,0.17078612446784974,0.0777432855160001,0.5810743987560272,0.07452873668093618
0.11517538779821151,0.884127284232298,491.7,44.7491180748288,447.3,0.17078612446784974,0.0777432855160001,0.5810743987560272,0.07452873668093618
0.1390798412836515,0.884127284232298,491.7,44.7491180748288,447.3,0.17078612446784974,0.0777432855160001,0.5810743987560272,0.07452873668093618
0.1629842947690915,0.884127284232298,491.7,44.7491180748288,447.3,0.17078612446784974,0.0777432855160001,0.5810743987560272,0.07452873668093618
0.18688874825453147,0.884127284232298,491.7,44.7491180748288,447.3,0.17078612446784974,0.0777432855160001,0.5810743987560272,0.07452873668093618
0.21079320173997146,0.884127284232298,491.7,44.7491180748288,447.3,0.17078612446784974,0.0777432855160001,0.5810743987560272,0.07452873668093618
0.23469765522541144,0.884127284232298,491.7,44.7491180748288,447.3,0.17078612446784974,0.0777432855160001,0.5810743987560272,0.07452873668093618
0.25860210871085143,0.884127284232298,491.7,44.7491180748288,447.3,0.17078612446784974,0.0777432855160001,0.5810743987560272,0.07452873668093618
0.28250656219629144,0.884127284232298,491.7,44.7491180748288,447.3,0.17078612446784974,0.0777432855160001,0.5810743987560272,0.07452873668093618
0.3064110156817314,0.884127284232298,490.1,45.970548862426114,448.9,0.16753952503204345,0.07840288492508884,0.5818948805332184,0.07306321962414195
0.33031546916717136,0.884127284232298,489.8,46.227532018258,449.2,0.1643066644668579,0.07972932115138634,0.5809706568717956,0.07471527338698822
0.3542199226526114,0.884127284232298,489.0,46.953916404157624,450.0,0.1663014829158783,0.07883336861257616,0.5815083801746368,0.07375138238271317
0.3781243761380514,0.884127284232298,488.4,47.53664908053077,450.6,0.1671486794948578,0.07852825377502569,0.5826402127742767,0.07174760593190446
0.40202882962349135,0.884127284232298,487.9,48.046156639587856,451.1,0.16623854637145996,0.0788578464665941,0.5829561889171601,0.07119457901217806
0.4259332831089313,0.884127284232298,485.5,50.772145282489014,453.5,0.1629539430141449,0.08047530084683602,0.5846012651920318,0.06836382144316636
0.4498377365943713,0.884127284232298,485.5,50.772145282489014,453.5,0.1629539430141449,0.08047530084683602,0.5846012651920318,0.06836382144316636
0.47374219007981133,0.884127284232298,485.0,50.67882822029022,454.0,0.1626143753528595,0.0803886925146482,0.5845978498458863,0.06852156007525403
0.4976466435652513,0.884127284232298,484.9,50.567013984083836,454.1,0.16221100687980652,0.08026529067990547,0.5845792055130005,0.06850812983950207
0.5215510970506912,0.884127284232298,484.9,50.567013984083836,454.1,0.16221100687980652,0.08026529067990547,0.5845792055130005,0.06850812983950207
0.5454555505361313,0.884127284232298,484.9,50.567013984083836,454.1,0.16221100687980652,0.08026529067990547,0.5845792055130005,0.06850812983950207
0.5693600040215713,0.884127284232298,484.8,50.455966186883835,454.2,0.16108880043029786,0.07997576491392325,0.5836867749691009,0.0678928182773807
0.5932644575070112,0.884127284232298,484.1,50.51188644501867,454.9,0.15900734663009644,0.08016235122308049,0.583674281835556,0.0676165653995211
0.6171689109924512,0.884127284232298,483.6,50.44852801071251,455.4,0.15868350863456726,0.08004636307739552,0.5839930653572083,0.06747128543971528
0.6410733644778912,0.884127284232298,483.6,50.44852801071251,455.4,0.15868350863456726,0.08004636307739552,0.5839930653572083,0.06747128543971528
0.6649778179633312,0.884127284232298,483.3,50.839070928030445,455.7,0.15861477851867675,0.08008732549157853,0.5844621777534484,0.06667964303631845
0.6888822714487712,0.884127284232298,480.9,48.782527417572155,458.1,0.15739938020706176,0.07987774783740997,0.5856898427009583,0.06732943962256757
0.7127867249342111,0.884127284232298,479.9,49.27425126294345,459.1,0.15763025283813475,0.07982742448258069,0.5859447419643402,0.06648527314401208
0.7366911784196511,0.884127284232298,479.5,49.39388494329656,459.5,0.1571678638458252,0.08001732786319825,0.5858836114406586,0.06626481993489451
0.7605956319050912,0.884127284232298,473.7,46.35067471261537,465.3,0.15419009923934937,0.07931615305001267,0.5848343074321747,0.06668250277101127
0.7845000853905311,0.884127284232298,466.8,42.64337927118159,472.2,0.1470366060733795,0.07707771747461732,0.5841748237609863,0.06725454413682971
0.8084045388759711,0.884127284232298,465.8,43.2826070492751,473.2,0.14602286219596863,0.07561298561404238,0.5844783067703248,0.06672230852673178
0.8323089923614111,0.884127284232298,460.2,40.810608177109394,478.8,0.13849437832832337,0.06736112876779521,0.5862012922763824,0.06764144277138003
0.8562134458468511,0.884127284232298,457.5,40.95865143538321,481.5,0.13335625529289247,0.06489930298468324,0.5855311393737793,0.06784086862832445
0.8801178993322911,0.884127284232298,455.6,42.11529409856034,483.4,0.1331426441669464,0.0663314138098736,0.5863206088542938,0.0672451967660964
0.904022352817731,0.884127284232298,453.3,41.92972020021679,485.7,0.1305448293685913,0.06711921255597779,0.5864474594593048,0.06816172757383501
0.927926806303171,0.884127284232298,444.4,49.42029664881262,494.6,0.12454427480697632,0.07063059325008149,0.5901937425136566,0.06342290123850593
0.951831259788611,0.884127284232298,431.0,59.471744201393555,508.0,0.11541829109191895,0.06989739248527525,0.591186136007309,0.06151634446453536
0.975735713274051,0.884127284232298,405.9,68.01239037243421,533.1,0.09849520921707153,0.07338640210763749,0.5985479056835175,0.058782511275242914
0.999640166759491,0.884127284232298,0.4,0.9048628651416396,938.6,-19.871623229980468,44.95273482723821,0.6414967060089112,0.05086024907096874
0.06736648082733154,0.9278029695558097,574.6,40.59323913268945,364.4,0.19911314845085143,0.06312105871232361,0.5337898194789886,0.09369493619497812
0.09127093431277153,0.9278029695558097,574.6,40.59323913268945,364.4,0.19911314845085143,0.06312105871232361,0.5337898194789886,0.09369493619497812
0.11517538779821151,0.9278029695558097,574.6,40.59323913268945,364.4,0.19911314845085143,0.06312105871232361,0.5337898194789886,0.09369493619497812
0.1390798412836515,0.9278029695558097,574.6,40.59323913268945,364.4,0.19911314845085143,0.06312105871232361,0.5337898194789886,0.09369493619497812
0.1629842947690915,0.9278029695558097,574.6,40.59323913268945,364.4,0.19911314845085143,0.06312105871232361,0.5337898194789886,0.09369493619497812
0.18688874825453147,0.9278029695558097,574.6,40.59323913268945,364.4,0.19911314845085143,0.06312105871232361,0.5337898194789886,0.09369493619497812
0.21079320173997146,0.9278029695558097,574.6,40.59323913268945,364.4,0.19911314845085143,0.06312105871232361,0.5337898194789886,0.09369493619497812
0.23469765522541144,0.9278029695558097,574.6,40.59323913268945,364.4,0.19911314845085143,0.06312105871232361,0.5337898194789886,0.09369493619497812
0.25860210871085143,0.9278029695558097,574.5,40.705211819693325,364.5,0.19815222024917603,0.0634684124648275,0.5333338797092437,0.09435587224883671
0.28250656219629144,0.9278029695558097,574.5,40.705211819693325,364.5,0.19815222024917603,0.0634684124648275,0.5333338797092437,0.09435587224883671
0.3064110156817314,0.9278029695558097,572.9,42.62023898342762,366.1,0.19556884765625,0.06475575868529988,0.534809535741806,0.0922413460015907
0.33031546916717136,0.9278029695558097,572.6,43.00373393606034,366.4,0.19310699105262757,0.0664392466520838,0.5337478816509247,0.09375545054029129
0.3542199226526114,0.9278029695558097,571.8,44.061185133554275,367.20000000000005,0.19480366110801697,0.0652327617973259,0.5347648918628692,0.09230425765189837
0.3781243761380514,0.9278029695558097,571.2,44.88581948450413,367.79999999999995,0.19541982412338257,0.06484530925789214,0.5363705098628998,0.09008521191691751
0.40202882962349135,0.9278029695558097,570.7,45.59249169450468,368.29999999999995,0.19474937319755553,0.06526821547943695,0.5368459284305572,0.08944589899833508
0.4259332831089313,0.9278029695558097,568.2,49.16490958103895,370.79999999999995,0.192242431640625,0.06692294235268587,0.5392868340015411,0.08634363298130038
0.4498377365943713,0.9278029695558097,568.2,49.16490958103895,370.79999999999995,0.192242431640625,0.06692294235268587,0.5392868340015411,0.08634363298130038
0.47374219007981133,0.9278029695558097,567.7,49.36486757781414,371.29999999999995,0.19200510978698732,0.06681725143857534,0.5393215715885162,0.08647140840251706
0.4976466435652513,0.9278029695558097,567.4,49.646433547492364,371.6,0.19069159626960755,0.06752364192129702,0.5392556071281434,0.0865171386868329
0.5215510970506912,0.9278029695558097,567.4,49.646433547492364,371.6,0.19069159626960755,0.06752364192129702,0.5392556071281434,0.0865171386868329
0.5454555505361313,0.9278029695558097,566.6,49.783678490687215,372.4,0.18931572437286376,0.06725935811672314,0.5392426311969757,0.08651477335706644
0.5693600040215713,0.9278029695558097,566.2,50.22441765434213,372.79999999999995,0.18715785145759584,0.0680917644523123,0.5378678500652313,0.08634615204558183
0.5932644575070112,0.9278029695558097,562.5,55.66239846235318,376.5,0.1839756190776825,0.06971911886422023,0.5388911962509155,0.08484833593175747
0.6171689109924512,0.9278029695558097,559.9,59.66498780724328,379.1,0.18523292541503905,0.06810291129152207,0.5416891694068908,0.08198317149819488
0.6410733644778912,0.9278029695558097,559.9,59.66498780724328,379.1,0.18523292541503905,0.06810291129152207,0.5416891694068908,0.08198317149819488
0.6649778179633312,0.9278029695558097,559.6,60.21211010806685,379.4,0.18516419529914857,0.0681662751663732,0.5421582818031311,0.08147152080225767
0.6888822714487712,0.9278029695558097,557.2,59.913531283505066,381.79999999999995,0.18406518697738647,0.06807747796509898,0.5436194181442261,0.08248323086813092
0.7127867249342111,0.9278029695558097,555.5,60.93681119094818,383.5,0.18343520760536194,0.06807202705285742,0.5441163718700409,0.0820842586636812
0.7366911784196511,0.9278029695558097,554.8,61.11993478154168,384.20000000000005,0.1829862892627716,0.06815571305721721,0.5443049073219299,0.08199146167216229
0.7605956319050912,0.9278029695558097,548.5,60.302743832091345,390.5,0.1801331639289856,0.06831408145935208,0.5447706818580628,0.08365120572570932
0.7845000853905311,0.9278029695558097,541.6,60.75173174520744,397.4,0.1742479085922241,0.06858992222160798,0.5451148688793183,0.08381264445160996
0.8084045388759711,0.9278029695558097,538.2,61.90379746231176,400.79999999999995,0.16782729029655458,0.06755195883055229,0.5463666081428528,0.08317410206963531
0.8323089923614111,0.9278029695558097,532.1,63.07994139543048,406.9,0.16207926273345946,0.06092636991421968,0.5490468382835388,0.0842870523375696
0.8562134458468511,0.9278029695558097,520.7,64.13617838337649,418.29999999999995,0.15323587656021118,0.05907285528103163,0.5560601830482483,0.07937589259497412
0.8801178993322911,0.9278029695558097,518.2,65.74091477971545,420.79999999999995,0.1514124095439911,0.05832236621851999,0.5571429252624511,0.07878890549534381
0.904022352817731,0.9278029695558097,512.7,67.71209902475194,426.29999999999995,0.14815224409103395,0.05767762650355022,0.5602240800857544,0.07973574360645636
0.927926806303171,0.9278029695558097,496.9,70.19693149212473,442.1,0.14384673833847045,0.06354114713922869,0.5698966205120086,0.07177785349172106
0.951831259788611,0.9278029695558097,479.7,78.45193075617968,459.3,0.13276050686836244,0.06561298182058072,0.5717754781246185,0.06972685451906592
0.975735713274051,0.9278029695558097,417.7,71.98341441451585,521.3,0.10760771632194518,0.07374850156856301,0.5969166994094849,0.059944913664982176
0.999640166759491,0.9278029695558097,0.4,0.9048628651416396,938.6,-19.871623229980468,44.95273482723821,0.6414967060089112,0.05086024907096874
0.06736648082733154,0.9714786548793211,628.3,37.54098108815409,310.70000000000005,0.22045891880989074,0.056582306943371366,0.4812562704086304,0.09603238894884127
0.09127093431277153,0.9714786548793211,628.3,37.54098108815409,310.70000000000005,0.22045891880989074,0.056582306943371366,0.4812562704086304,0.09603238894884127
0.11517538779821151,0.9714786548793211,628.3,37.54098108815409,310.70000000000005,0.22045891880989074,0.056582306943371366,0.4812562704086304,0.09603238894884127
0.1390798412836515,0.9714786548793211,628.3,37.54098108815409,310.70000000000005,0.22045891880989074,0.056582306943371366,0.4812562704086304,0.09603238894884127
0.1629842947690915,0.9714786548793211,628.3,37.54098108815409,310.70000000000005,0.22045891880989074,0.056582306943371366,0.4812562704086304,0.09603238894884127
0.18688874825453147,0.9714786548793211,628.3,37.54098108815409,310.70000000000005,0.22045891880989074,0.056582306943371366,0.4812562704086304,0.09603238894884127
0.21079320173997146,0.9714786548793211,628.2,37.511813743120236,310.79999999999995,0.2197507441043854,0.05594189720223599,0.4795888900756836,0.09714034997512601
0.23469765522541144,0.9714786548793211,626.1,41.173539030629804,312.9,0.21941765546798705,0.056126921015645384,0.48394450545310974,0.09163812560694364
0.25860210871085143,0.9714786548793211,626.0,41.35343192338745,313.0,0.2184565246105194,0.056713570110717704,0.48348675966262816,0.09218229782305615
0.28250656219629144,0.9714786548793211,625.8,41.298121361823824,313.20000000000005,0.21807140707969666,0.056381100918547214,0.4838829576969147,0.09188245674704167
0.3064110156817314,0.9714786548793211,624.2,44.23376969534753,314.79999999999995,0.21548752188682557,0.058331262967440366,0.4853819251060486,0.0901228721914626
0.33031546916717136,0.9714786548793211,622.1,44.497333559952125,316.9,0.215009206533432,0.06245483676194101,0.4909091770648956,0.08752950851762256
0.3542199226526114,0.9714786548793211,621.3,46.00220178566957,317.70000000000005,0.21670573949813843,0.06082302040609399,0.4919431686401367,0.08622581286881742
0.3781243761380514,0.9714786548793211,620.7,47.14492076292063,318.29999999999995,0.21732190251350403,0.060279933193873605,0.4935644447803497,0.0842717975461645
0.40202882962349135,0.9714786548793211,620.2,48.105705685695604,318.79999999999995,0.21665138006210327,0.060872232429914255,0.4940451443195343,0.08371456210362663
0.4259332831089313,0.9714786548793211,617.7,52.820333660507316,321.29999999999995,0.21414474844932557,0.06314614808377354,0.49651509523391724,0.08107416479151996
0.4498377365943713,0.9714786548793211,617.6,52.82480082177345,321.4,0.21345784068107604,0.0630530881430664,0.4963481903076172,0.08101003451383151
0.47374219007981133,0.9714786548793211,617.1,53.25387884344198,321.9,0.21322109699249267,0.06299475952057337,0.4963968336582184,0.08116806291867752
0.4976466435652513,0.9714786548793211,616.5,53.6631594608801,322.5,0.2115873634815216,0.06420463775096946,0.4965745389461517,0.08109003390524436
0.5215510970506912,0.9714786548793211,616.4,53.653569558491846,322.6,0.2111443519592285,0.06376746325417325,0.49659824967384336,0.08107922507848159
0.5454555505361313,0.9714786548793211,615.6,53.72981755426911,323.4,0.21004546880722047,0.06373312954670353,0.4967153251171112,0.08112382960415197
0.5693600040215713,0.9714786548793211,615.2,54.33448474211491,323.79999999999995,0.2078808605670929,0.06503354838910506,0.4953129470348358,0.08054100845732928
0.5932644575070112,0.9714786548793211,611.4,61.213265027815815,327.6,0.2047687888145447,0.067311969269873,0.49649459719657896,0.07910327081150006
0.6171689109924512,0.9714786548793211,608.7,65.95010465482491,330.29999999999995,0.20560650229454042,0.06500924936742437,0.49931936860084536,0.07691551132081907
0.6410733644778912,0.9714786548793211,608.7,65.95010465482491,330.29999999999995,0.20560650229454042,0.06500924936742437,0.49931936860084536,0.07691551132081907
0.6649778179633312,0.9714786548793211,608.4,66.5706556923218,330.6,0.2055377721786499,0.06508785930941288,0.49978848099708556,0.07651775734624594
0.6888822714487712,0.9714786548793211,606.0,67.1809474328507,333.0,0.20443508625030518,0.06522669835625193,0.5013959586620331,0.07816463293913915
0.7127867249342111,0.9714786548793211,604.0,68.78181347731496,335.0,0.20391511917114258,0.0650512592413559,0.5021807134151459,0.07801922757513649
0.7366911784196511,0.9714786548793211,603.1,69.15400428083406,335.9,0.2037283480167389,0.06518270205220224,0.5027365744113922,0.07810433046806625
0.7605956319050912,0.9714786548793211,596.6,68.03976441349438,342.4,0.2033589780330658,0.06770070065270217,0.5087661206722259,0.08031154280958666
0.7845000853905311,0.9714786548793211,589.6,69.46062758547632,349.4,0.19890636801719666,0.06724982660088244,0.5097051620483398,0.08053843128486035
0.8084045388759711,0.9714786548793211,580.8,72.09529540209058,358.20000000000005,0.18128657341003418,0.05995672187865119,0.5171419262886048,0.07864436897061636
0.8323089923614111,0.9714786548793211,574.7,73.10113026284364,364.29999999999995,0.17667183876037598,0.056403068126767424,0.5215987265110016,0.08049916867787373
0.8562134458468511,0.9714786548793211,559.0,75.1105826263471,380.0,0.16849241256713868,0.058120825273224326,0.5311538398265838,0.07532909696631082
0.8801178993322911,0.9714786548793211,556.2,76.50626078228625,382.79999999999995,0.1668262779712677,0.05843164910444495,0.5323030114173889,0.07470233715753087
0.904022352817731,0.9714786548793211,547.9,77.29419507268737,391.1,0.16005815267562867,0.05797482783520279,0.5367923319339752,0.07593653719204883
0.927926806303171,0.9714786548793211,529.6,81.50619193677375,409.4,0.1588591754436493,0.0663127497731823,0.5506836533546448,0.0689037645405333
0.951831259788611,0.9714786548793211,501.9,88.18251775893228,437.1,0.14026111960411072,0.0687723605494243,0.5593621969223023,0.06649453749355787
0.975735713274051,0.9714786548793211,430.4,79.4595203807457,508.6,0.11361052989959716,0.07814439829234322,0.5926717817783356,0.0602126963633969
0.999640166759491,0.9714786548793211,0.4,0.9048628651416396,938.6,-19.871623229980468,44.95273482723821,0.6414967060089112,0.05086024907096874
0.06736648082733154,1.0151543402028325,655.0,35.83454974449261,284.0,0.36530905961990356,0.13863508241089698,0.45753024220466615,0.12357684592943657
0.09127093431277153,1.0151543402028325,654.5,36.411049687975535,284.5,0.36051176190376283,0.1403000110950644,0.45765565037727357,0.1236273260027265
0.11517538779821151,1.0151543402028325,654.5,36.411049687975535,284.5,0.36051176190376283,0.1403000110950644,0.45765565037727357,0.1236273260027265
0.1390798412836515,1.0151543402028325,654.5,36.411049687975535,284.5,0.36051176190376283,0.1403000110950644,0.45765565037727357,0.1236273260027265
0.1629842947690915,1.0151543402028325,654.5,36.411049687975535,284.5,0.36051176190376283,0.1403000110950644,0.45765565037727357,0.1236273260027265
0.18688874825453147,1.0151543402028325,654.5,36.411049687975535,284.5,0.36051176190376283,0.1403000110950644,0.45765565037727357,0.1236273260027265
0.21079320173997146,1.0151543402028325,654.1,36.66191542030676,284.9,0.36029891967773436,0.1404969476594793,0.4557335197925568,0.12502541356594013
0.23469765522541144,1.0151543402028325,651.7,39.24703236953231,287.29999999999995,0.3603859722614288,0.1405945450210796,0.4613422453403473,0.11683724941019394
0.25860210871085143,1.0151543402028325,651.6,39.367312388827585,287.4,0.3606963515281677,0.140944210212511,0.4608894646167755,0.11746859490245264
0.28250656219629144,1.0151543402028325,651.4,39.31094305271768,287.6,0.36040892004966735,0.14096209346269048,0.4615474343299866,0.11689904905192475
0.3064110156817314,1.0151543402028325,649.8,41.354531880348524,289.20000000000005,0.3610099911689758,0.14164729454626537,0.46324379444122316,0.11454560721171302
0.33031546916717136,1.0151543402028325,647.6,41.48138067498764,291.4,0.36359732151031493,0.14265176308592722,0.47186459302902223,0.10921386322436175
0.3542199226526114,1.0151543402028325,646.7,42.61169991211679,292.29999999999995,0.3646064281463623,0.14390291859166654,0.4730952441692352,0.10742808611402774
0.3781243761380514,1.0151543402028325,645.9,43.457825732765684,293.1,0.36435099840164187,0.14409159388644768,0.4754650413990021,0.10440723313202482
0.40202882962349135,1.0151543402028325,645.1,44.220463473422264,293.9,0.36338416337966917,0.14461071350176508,0.47506691217422486,0.10306653698401678
0.4259332831089313,1.0151543402028325,640.8,48.02408050627941,298.20000000000005,0.3608516037464142,0.14530750784261046,0.48142890334129335,0.09796153358907238
0.4498377365943713,1.0151543402028325,640.6,48.08726341879476,298.4,0.3600277006626129,0.1457289753738874,0.48128546476364137,0.09790346896403991
0.47374219007981133,1.0151543402028325,640.1,48.45858869245868,298.9,0.3601029753684998,0.14588816221558357,0.48128010630607604,0.09812765115432702
0.4976466435652513,1.0151543402028325,639.5,48.87428811243958,299.5,0.35980488657951354,0.14633414368466582,0.48146405816078186,0.09810372163012139
0.5215510970506912,1.0151543402028325,639.4,48.887025493017255,299.6,0.3593869686126709,0.1463838022455693,0.4814891815185547,0.0980966234927402
0.5454555505361313,1.0151543402028325,638.6,49.183872618191316,300.4,0.3582880854606628,0.14700030523090016,0.4816062569618225,0.0981437420692929
0.5693600040215713,1.0151543402028325,638.2,49.67803345950441,300.79999999999995,0.3592320144176483,0.14809435607945556,0.48012993931770326,0.09790600837166712
0.5932644575070112,1.0151543402028325,634.4,55.44126272453014,304.6,0.36044018864631655,0.15035521630360552,0.48107501268386843,0.0963252845406544
0.6171689109924512,1.0151543402028325,631.7,59.575913046946745,307.29999999999995,0.36027019619941714,0.1508007746254394,0.4841616630554199,0.09268827810638816
0.6410733644778912,1.0151543402028325,631.7,59.575913046946745,307.29999999999995,0.36027019619941714,0.1508007746254394,0.4841616630554199,0.09268827810638816
0.6649778179633312,1.0151543402028325,631.2,59.99983049908639,307.79999999999995,0.3603712558746338,0.15075165199125845,0.4848934054374695,0.09199638905516043
0.6888822714487712,1.0151543402028325,628.8,60.73263572765712,310.20000000000005,0.3605155050754547,0.15082593211268425,0.48658729195594785,0.09334815674231164
0.7127867249342111,1.0151543402028325,624.6,60.23099354716853,314.4,0.35789079070091245,0.14715054016651552,0.488563472032547,0.09220511659512817
0.7366911784196511,1.0151543402028325,623.1,60.59171057727196,315.9,0.35656601190567017,0.14832972721263485,0.4869552433490753,0.09009901491672699
0.7605956319050912,1.0151543402028325,615.5,59.457640409760074,323.5,0.3568838000297546,0.14816494827964913,0.4940278768539429,0.09237405887023349
0.7845000853905311,1.0151543402028325,607.4,61.67779789919685,331.6,0.354081130027771,0.14897541711836115,0.49519739747047425,0.09285211161794771
0.8084045388759711,1.0151543402028325,598.4,65.4760669975969,340.6,0.3355156362056732,0.1567219060920379,0.5020654022693634,0.09141135252975957
0.8323089923614111,1.0151543402028325,592.3,66.8926073920202,346.70000000000005,0.33302908539772036,0.15603870683265622,0.5066448628902436,0.09330625778541346
0.8562134458468511,1.0151543402028325,575.2,69.74866381658508,363.79999999999995,0.32451794743537904,0.16071659767624547,0.5162648677825927,0.08914698093567303
0.8801178993322911,1.0151543402028325,569.2,67.70097176244326,369.79999999999995,0.31293734908103943,0.14830837995182142,0.5190395832061767,0.08704273376701677
0.904022352817731,1.0151543402028325,557.6,66.10868065506136,381.4,0.2697044491767883,0.13825954714921634,0.5241544365882873,0.08805366314435241
0.927926806303171,1.0151543402028325,539.0,69.47847046950947,400.0,0.26933014392852783,0.14324135649255051,0.5378899335861206,0.07978952933770497
0.951831259788611,1.0151543402028325,502.6,88.3594971337786,436.4,0.14985450506210327,0.0691890413050074,0.5585972428321838,0.06609439279045498
0.975735713274051,1.0151543402028325,430.4,79.4595203807457,508.6,0.11361052989959716,0.07814439829234322,0.5926717817783356,0.0602126963633969
0.999640166759491,1.0151543402028325,0.4,0.9048628651416396,938.6,-19.871623229980468,44.95273482723821,0.6414967060089112,0.05086024907096874
0.06736648082733154,1.058830025526344,690.2,29.692434529255767,248.79999999999995,0.4966583788394928,0.1010337812014153,0.4196201145648956,0.09702892045705827
0.09127093431277153,1.058830025526344,689.7,30.359482641420033,249.29999999999995,0.4949869751930237,0.10063474992504322,0.4198349714279175,0.09708345336208977
0.11517538779821151,1.058830025526344,689.5,30.633929280309854,249.5,0.49454679489135744,0.10055305200385324,0.41982210278511045,0.09708011952079693
0.1390798412836515,1.058830025526344,689.5,30.633929280309854,249.5,0.49454679489135744,0.10055305200385324,0.41982210278511045,0.09708011952079693
0.1629842947690915,1.058830025526344,689.5,30.633929280309854,249.5,0.49454679489135744,0.10055305200385324,0.41982210278511045,0.09708011952079693
0.18688874825453147,1.058830025526344,689.0,31.110487212037924,250.0,0.49452831149101256,0.10054538140818896,0.42031711935997007,0.09647465756130157
0.21079320173997146,1.058830025526344,688.4,31.649007908067034,250.60000000000002,0.4942608058452606,0.10089672354425333,0.4183938682079315,0.09789538276105969
0.23469765522541144,1.058830025526344,686.0,34.50397394289343,253.0,0.4942578375339508,0.10089547543379908,0.4238247096538544,0.09208653905956808
0.25860210871085143,1.058830025526344,685.9,34.636294713126034,253.10000000000002,0.49448971152305604,0.100994271667135,0.42326797246932985,0.09262384220273683
0.28250656219629144,1.058830025526344,685.6,34.561931755544386,253.39999999999998,0.49416678547859194,0.10118826652088092,0.42372638583183286,0.0921638410746508
0.3064110156817314,1.058830025526344,683.9,36.77495791069658,255.10000000000002,0.4944016695022583,0.10160616022331859,0.4251555800437927,0.09084354343031142
0.33031546916717136,1.058830025526344,681.7,37.8216471770186,257.29999999999995,0.49694945812225344,0.10052249872139397,0.4334409832954407,0.08589557890788471
0.3542199226526114,1.058830025526344,680.8,39.00834787526404,258.20000000000005,0.4977340757846832,0.1009143646513017,0.4343923509120941,0.08494208406602824
0.3781243761380514,1.058830025526344,680.0,40.00317208934813,259.0,0.4973772704601288,0.10125543450935412,0.43665345311164855,0.08293665068325481
0.40202882962349135,1.058830025526344,670.5,42.726567229964914,268.5,0.49611185789108275,0.10420080194194851,0.4449893176555634,0.08621052470487979
0.4259332831089313,1.058830025526344,666.1,46.79312783039694,272.9,0.49336116909980776,0.10663289017036144,0.45114547610282896,0.0831183672457066
0.4498377365943713,1.058830025526344,665.9,46.91933064548061,273.1,0.49253726601600645,0.1077839898041093,0.451002037525177,0.08302018071753886
0.47374219007981133,1.058830025526344,665.4,47.20054751400952,273.6,0.4926685571670532,0.10785452155619028,0.45099804997444154,0.08325143981374858
0.4976466435652513,1.058830025526344,664.8,47.666370632518316,274.20000000000005,0.4924239695072174,0.10850566548759188,0.4511294960975647,0.08327761939041593
0.5215510970506912,1.058830025526344,664.7,47.709592358878204,274.29999999999995,0.49200605154037474,0.10886249536554536,0.4511546194553375,0.08327446123345027
0.5454555505361313,1.058830025526344,663.9,48.25281331643108,275.1,0.4909071683883667,0.11044293116980763,0.45127169489860536,0.08335419073885383
0.5693600040215713,1.058830025526344,663.5,48.692462192783516,275.5,0.4919441282749176,0.11106887079842968,0.4493896245956421,0.08285323764451992
0.5932644575070112,1.058830025526344,659.7,54.10823743017241,279.29999999999995,0.4930365562438965,0.11228272166413697,0.44989259243011476,0.08220426843755348
0.6171689109924512,1.058830025526344,656.8,57.94125985445744,282.20000000000005,0.4928036630153656,0.1127047297021271,0.45420426726341245,0.0802051257257118
0.6410733644778912,1.058830025526344,656.0,58.29658939045639,283.0,0.48284339904785156,0.11331726284876333,0.4570444405078888,0.080658361556645
0.6649778179633312,1.058830025526344,655.5,58.71860702191158,283.5,0.48292218446731566,0.11332898031016124,0.4577468574047089,0.08024548061968537
0.6888822714487712,1.058830025526344,651.4,58.41760209423834,287.6,0.48345674872398375,0.1136494324574837,0.46296546459197996,0.08483095102837146
0.7127867249342111,1.058830025526344,646.2,57.03228762657416,292.79999999999995,0.48184272050857546,0.11127335422350708,0.4661882758140564,0.08401112961933767
0.7366911784196511,1.058830025526344,643.9,57.15045574050953,295.1,0.47996020317077637,0.11250183160358235,0.4656949996948242,0.08112594758087484
0.7605956319050912,1.058830025526344,635.8,56.548700733121734,303.20000000000005,0.4764070093631744,0.11212599452794875,0.47429494857788085,0.08309059706995203
0.7845000853905311,1.058830025526344,625.3,59.93179725005867,313.70000000000005,0.46533557772636414,0.12397424236058029,0.47871334552764894,0.08390940405834534
0.8084045388759711,1.058830025526344,615.9,64.62844844640094,323.1,0.4453659176826477,0.1400952684198231,0.486005699634552,0.08387487515621268
0.8323089923614111,1.058830025526344,609.3,65.93803331896697,329.70000000000005,0.4439807295799255,0.13759931248528418,0.4922478020191193,0.08448210333691472
0.8562134458468511,1.058830025526344,590.4,69.46635745145137,348.6,0.4173964262008667,0.14013051762679035,0.506201446056366,0.07982675742645595
0.8801178993322911,1.058830025526344,580.8,65.55643163667776,358.20000000000005,0.3637619435787201,0.14281664806162922,0.5135063230991364,0.07899786149169971
0.904022352817731,1.058830025526344,567.6,63.01117307788389,371.4,0.31054686307907103,0.13993260989571876,0.520541501045227,0.07535290410989769
0.927926806303171,1.058830025526344,545.1,65.84950013861948,393.9,0.2732198715209961,0.14013651424835166,0.5408522844314575,0.06659279710044937
0.951831259788611,1.058830025526344,505.6,88.83249201286988,433.4,0.18097780346870423,0.10666952398299916,0.5545639872550965,0.06442620537786672
0.975735713274051,1.058830025526344,430.4,79.4595203807457,508.6,0.11361052989959716,0.07814439829234322,0.5926717817783356,0.0602126963633969
0.999640166759491,1.058830025526344,0.4,0.9048628651416396,938.6,-19.871623229980468,44.95273482723821,0.6414967060089112,0.05086024907096874
0.06736648082733154,1.1025057108498555,716.7,30.87943500839907,222.29999999999995,0.6073372900485993,0.045065331428926436,0.3723324179649353,0.09374809245733234
0.09127093431277153,1.1025057108498555,716.2,31.525883364627912,222.79999999999995,0.6064894795417786,0.044646128551348044,0.372750449180603,0.09378957805316807
0.11517538779821151,1.1025057108498555,716.0,31.792050544391103,223.0,0.6062829911708831,0.044555935674927674,0.37276147603988646,0.09379080118444369
0.1390798412836515,1.1025057108498555,716.0,31.792050544391103,223.0,0.6062829911708831,0.044555935674927674,0.37276147603988646,0.09379080118444369
0.1629842947690915,1.1025057108498555,716.0,31.792050544391103,223.0,0.6062829911708831,0.044555935674927674,0.37276147603988646,0.09379080118444369
0.18688874825453147,1.1025057108498555,714.4,32.34735335111831,224.60000000000002,0.6057007789611817,0.0449388870270707,0.37462168335914614,0.09283826806741645
0.21079320173997146,1.1025057108498555,712.7,33.02034924444766,226.29999999999995,0.608296149969101,0.043913792471077684,0.3723245620727539,0.0929470157586892
0.23469765522541144,1.1025057108498555,709.7,36.502756287966896,229.29999999999995,0.6080175817012787,0.043986166902759374,0.377396947145462,0.08755201900366456
0.25860210871085143,1.1025057108498555,709.1,36.70066780457938,229.89999999999998,0.6078926503658295,0.04385780672157688,0.376960414648056,0.08855730076920777
0.28250656219629144,1.1025057108498555,708.5,36.56065594929957,230.5,0.6075839340686798,0.04369383409948989,0.37696848511695863,0.08787693788926892
0.3064110156817314,1.1025057108498555,706.6,39.049722451974034,232.39999999999998,0.607866644859314,0.043542298728254526,0.37848365902900694,0.08665759636236087
0.33031546916717136,1.1025057108498555,704.4,40.13542559972424,234.60000000000002,0.6098843455314636,0.04336683880077592,0.3876007080078125,0.07984684154336638
0.3542199226526114,1.1025057108498555,703.5,41.462254673909236,235.5,0.6106539964675903,0.04325985750858881,0.38860744833946226,0.07895156971083803
0.3781243761380514,1.1025057108498555,702.7,42.55161118419422,236.29999999999995,0.61061030626297,0.04325350323582631,0.39095529317855837,0.07703983404617386
0.40202882962349135,1.1025057108498555,693.2,45.35962009366459,245.79999999999995,0.6139321684837341,0.042540450757980845,0.3999131083488464,0.07905531452658834
0.4259332831089313,1.1025057108498555,688.8,49.75351708620039,250.20000000000005,0.6141602396965027,0.042483780744543585,0.40643942952156065,0.07585258649065907
0.4498377365943713,1.1025057108498555,688.6,49.87382525048404,250.39999999999998,0.6141060948371887,0.042499602419686665,0.4062850058078766,0.07577006667786815
0.47374219007981133,1.1025057108498555,688.1,50.183248629836676,250.89999999999998,0.614240962266922,0.04249164427951984,0.40629349946975707,0.07606095937189059
0.4976466435652513,1.1025057108498555,687.5,50.666765739729726,251.5,0.6143954038619995,0.04249846928352642,0.4064370930194855,0.07604927306965092
0.5215510970506912,1.1025057108498555,687.4,50.70821499125002,251.60000000000002,0.6142891645431519,0.04249732511726942,0.4064537823200226,0.07604661421905148
0.5454555505361313,1.1025057108498555,686.6,51.22585952331612,252.39999999999998,0.6144232034683228,0.042456938298505234,0.4065748989582062,0.07611083001934231
0.5693600040215713,1.1025057108498555,685.9,51.85605714886541,253.10000000000002,0.6140907347202301,0.042258029609649986,0.40615804195404054,0.0749302949178916
0.5932644575070112,1.1025057108498555,682.1,57.594450285085195,256.9,0.6153900146484375,0.042438296949163144,0.406661593914032,0.07429663364627495
0.6171689109924512,1.1025057108498555,678.7,61.65829706398265,260.29999999999995,0.614342474937439,0.04240504388454775,0.4119295299053192,0.07231351463953686
0.6410733644778912,1.1025057108498555,677.6,61.78096213047734,261.4,0.6092171430587768,0.04390466968353278,0.4165413796901703,0.07343886447625397
0.6649778179633312,1.1025057108498555,677.0,62.205437344900766,262.0,0.6087241232395172,0.043938706973265594,0.41844242811203003,0.07378118304623862
0.6888822714487712,1.1025057108498555,671.3,60.79743484081888,267.70000000000005,0.6099514067173004,0.04330021861425274,0.42442309856414795,0.08454041517470723
0.7127867249342111,1.1025057108498555,666.1,59.68785492924165,272.9,0.6085314273834228,0.039869849225831845,0.4272492349147797,0.08470213856670719
0.7366911784196511,1.1025057108498555,663.5,59.5493746999846,275.5,0.6066861629486084,0.04310056857101087,0.4294333040714264,0.07748412981681783
0.7605956319050912,1.1025057108498555,654.5,59.41937599024543,284.5,0.6085690975189209,0.045735934224324246,0.4405669867992401,0.08021186292827302
0.7845000853905311,1.1025057108498555,642.9,62.549497776300434,296.1,0.6007468521595001,0.0640964812284729,0.4528244972229004,0.07970917120545927
0.8084045388759711,1.1025057108498555,630.4,66.10696045010371,308.6,0.5779980599880219,0.09841323053056526,0.46343532800674436,0.07501915811703473
0.8323089923614111,1.1025057108498555,621.7,65.96648364885608,317.29999999999995,0.5740836918354034,0.09693750857120245,0.4684961199760437,0.08621376379696796
0.8562134458468511,1.1025057108498555,600.6,67.42189820052614,338.4,0.5539249241352081,0.10551540174631845,0.4918817698955536,0.07593216158271021
0.8801178993322911,1.1025057108498555,588.2,62.056999712878614,350.79999999999995,0.4927929162979126,0.14179440920881603,0.4968051970005035,0.08002540710534059
0.904022352817731,1.1025057108498555,572.4,59.86359170167718,366.6,0.42537025213241575,0.15883068750289733,0.5093052983283997,0.07467312311238539
0.927926806303171,1.1025057108498555,546.6,65.53335641882686,392.4,0.3131181955337524,0.14308976256845962,0.5372037172317505,0.06636271287120489
0.951831259788611,1.1025057108498555,505.9,89.00658197653011,433.1,0.18070465922355652,0.1065596225549649,0.5544342160224914,0.06446293351717222
0.975735713274051,1.1025057108498555,430.4,79.4595203807457,508.6,0.11361052989959716,0.07814439829234322,0.5926717817783356,0.0602126963633969
0.999640166759491,1.1025057108498555,0.4,0.9048628651416396,938.6,-19.871623229980468,44.95273482723821,0.6414967060089112,0.05086024907096874
0.06736648082733154,1.1461813961733671,740.3,37.83216922392185,198.70000000000005,0.6342635810375213,0.04161316413917201,0.35714303851127627,0.08783798091974622
0.09127093431277153,1.1461813961733671,739.7,38.53355261970696,199.29999999999995,0.6334983348846436,0.04132740994007527,0.3576391339302063,0.0878772598375268
0.11517538779821151,1.1461813961733671,739.5,38.808798930374614,199.5,0.6333168387413025,0.04126972624573729,0.3576595902442932,0.08787875942644033
0.1390798412836515,1.1461813961733671,738.6,38.560325171834386,200.39999999999998,0.6333316326141357,0.041345134872346694,0.3556976914405823,0.08738827419883285
0.1629842947690915,1.1461813961733671,738.3,38.40940355486854,200.70000000000005,0.6336034178733826,0.04127904331583034,0.35545275211334226,0.08744474212230388
0.18688874825453147,1.1461813961733671,736.3,38.63964862085121,202.70000000000005,0.6333532691001892,0.04135091845691829,0.3563056230545044,0.08585230485603913
0.21079320173997146,1.1461813961733671,732.5,38.372673222288235,206.5,0.6372907400131226,0.04164745263820076,0.3539339005947113,0.086336444302342
0.23469765522541144,1.1461813961733671,727.2,41.33252717935707,211.79999999999995,0.6371634721755981,0.04165468716450886,0.3631097197532654,0.08185213608224803
0.25860210871085143,1.1461813961733671,721.8,39.16400307715807,217.20000000000005,0.6370784938335419,0.04191401222987414,0.36318517923355104,0.08556519137825758
0.28250656219629144,1.1461813961733671,720.4,38.371117331579356,218.60000000000002,0.6368532121181488,0.04172319457440824,0.3631431102752686,0.08541957214244424
0.3064110156817314,1.1461813961733671,718.3,40.79005251928336,220.70000000000005,0.6372003555297852,0.04145197573423295,0.3641447603702545,0.08418984525790263
0.33031546916717136,1.1461813961733671,716.0,40.709053004680676,223.0,0.6386485278606415,0.041597648546999315,0.3722659289836884,0.08287031236834323
0.3542199226526114,1.1461813961733671,715.1,42.11968166736732,223.89999999999998,0.6394098579883576,0.041262340064738924,0.3732899248600006,0.08201958451054407
0.3781243761380514,1.1461813961733671,714.3,43.13818972395722,224.70000000000005,0.6394416630268097,0.04123671528213261,0.37558200359344485,0.08045034575155494
0.40202882962349135,1.1461813961733671,704.8,45.61960858203097,234.20000000000005,0.6428640902042388,0.04224923767934328,0.3848077118396759,0.07970077605770703
0.4259332831089313,1.1461813961733671,700.3,49.34989163074847,238.70000000000005,0.6431452453136444,0.04240615987703143,0.39077388048171996,0.07819772811340958
0.4498377365943713,1.1461813961733671,700.1,49.46543431157084,238.89999999999998,0.643166720867157,0.042414334023982425,0.3906200110912323,0.078167396416724
0.47374219007981133,1.1461813961733671,699.4,49.94787463104271,239.60000000000002,0.6426253139972686,0.04231175369884984,0.39145700335502626,0.07836091184018906
0.4976466435652513,1.1461813961733671,698.8,50.40071718557084,240.20000000000005,0.6427711188793183,0.04231040363991297,0.3915078938007355,0.07842099729222786
0.5215510970506912,1.1461813961733671,698.6,50.45416309335552,240.39999999999998,0.6421269297599792,0.042286882306914325,0.39249879121780396,0.07837443252610755
0.5454555505361313,1.1461813961733671,697.6,50.78776542283882,241.39999999999998,0.6422934591770172,0.04242526834856455,0.3928649604320526,0.07851947141609927
0.5693600040215713,1.1461813961733671,696.7,51.37532181058115,242.29999999999995,0.6418859362602234,0.04255797272970314,0.3924795985221863,0.07747450897107565
0.5932644575070112,1.1461813961733671,692.8,57.36530046238351,246.20000000000005,0.643198561668396,0.04234960741581604,0.393095862865448,0.0769465160544596
0.6171689109924512,1.1461813961733671,689.4,61.628918915225874,249.60000000000002,0.6422149658203125,0.042694629623407435,0.3983826458454132,0.07507795534808077
0.6410733644778912,1.1461813961733671,688.3,61.84337568375357,250.70000000000005,0.6370592296123505,0.0461734050260738,0.4030152320861816,0.07650247925134238
0.6649778179633312,1.1461813961733671,687.6,62.25404634323133,251.39999999999998,0.6366367399692535,0.04629597836007982,0.4052003026008606,0.07666608235099867
0.6888822714487712,1.1461813961733671,681.7,60.9515522224956,257.29999999999995,0.6375617921352387,0.04506767529898993,0.4121402442455292,0.08722466578930038
0.7127867249342111,1.1461813961733671,676.2,59.927764983097425,262.79999999999995,0.6354847431182862,0.04387320316843928,0.41567366719245913,0.08468856657179326
0.7366911784196511,1.1461813961733671,673.6,59.86644108703204,265.4,0.6336684346199035,0.04763846858798474,0.41786944270133974,0.07703915649239651
0.7605956319050912,1.1461813961733671,664.4,58.8723232576031,274.6,0.6341935455799103,0.05205968433650957,0.4276141881942749,0.07964613616459026
0.7845000853905311,1.1461813961733671,651.9,60.98083711258939,287.1,0.6236059427261352,0.07305800674355944,0.4415439009666443,0.07808078469597142
0.8084045388759711,1.1461813961733671,637.6,62.24673914431147,301.4,0.5976757824420929,0.10663215373294682,0.4550581336021423,0.07496757629745741
0.8323089923614111,1.1461813961733671,628.9,62.21316067220749,310.1,0.5937344193458557,0.10572206283218276,0.4601019501686096,0.08605388344741034
0.8562134458468511,1.1461813961733671,607.6,63.201286709917035,331.4,0.5745031177997589,0.1169862787747841,0.48459080457687376,0.07648953025252672
0.8801178993322911,1.1461813961733671,591.0,60.42684330672139,348.0,0.5128391265869141,0.15339803017318052,0.48849067091941833,0.08088941256192046
0.904022352817731,1.1461813961733671,574.0,58.81898636419697,365.0,0.4389854669570923,0.16732906903821354,0.5041644811630249,0.07584314605386185
0.927926806303171,1.1461813961733671,547.5,65.26300544920896,391.5,0.32363393902778625,0.1530361400455249,0.5344531655311584,0.06682294289242123
0.951831259788611,1.1461813961733671,505.9,89.00658197653011,433.1,0.18070465922355652,0.1065596225549649,0.5544342160224914,0.06446293351717222
0.975735713274051,1.1461813961733671,430.4,79.4595203807457,508.6,0.11361052989959716,0.07814439829234322,0.5926717817783356,0.0602126963633969
0.999640166759491,1.1461813961733671,0.4,0.9048628651416396,938.6,-19.871623229980468,44.95273482723821,0.6414967060089112,0.05086024907096874
0.06736648082733154,1.1898570814968785,758.9,42.46386284746017,180.10000000000002,0.6336729168891907,0.04326218939941624,0.36307053565979003,0.07857310776846019
0.09127093431277153,1.1898570814968785,758.3,43.094671197707605,180.70000000000005,0.6329325914382935,0.04300183097312643,0.36355099081993103,0.07852307375077473
0.11517538779821151,1.1898570814968785,758.1,43.33991125233792,180.89999999999998,0.6327576398849487,0.042949605075787226,0.36356324553489683,0.07852158826647562
0.1390798412836515,1.1898570814968785,755.7,42.88437203148094,183.29999999999995,0.6326310098171234,0.04298183516294968,0.36249740719795226,0.07788138975627656
0.1629842947690915,1.1898570814968785,755.0,42.460582148344415,184.0,0.6330417990684509,0.04309303466397992,0.3613862574100494,0.07799260195233475
0.18688874825453147,1.1898570814968785,752.3,42.61837120777338,186.70000000000005,0.6326203882694245,0.04329172336129746,0.36618031859397887,0.07525024438977429
0.21079320173997146,1.1898570814968785,746.9,42.85572346980423,192.10000000000002,0.6367500364780426,0.04446602185409392,0.36451979279518126,0.07558384794075272
0.23469765522541144,1.1898570814968785,740.9,45.423066854019545,198.10000000000002,0.6374151825904846,0.04398987821348266,0.3651838541030884,0.06705385532661723
0.25860210871085143,1.1898570814968785,734.8,43.648887650949554,204.20000000000005,0.6371394693851471,0.04413645997445752,0.36578195691108706,0.07136445568586688
0.28250656219629144,1.1898570814968785,730.4,41.18838180317153,208.60000000000002,0.6364502012729645,0.04474497482538773,0.36358140110969545,0.07467374745228753
0.3064110156817314,1.1898570814968785,727.8,43.27209633212519,211.20000000000005,0.6366131782531739,0.04463948034703542,0.36399622559547423,0.07364732565904315
0.33031546916717136,1.1898570814968785,724.0,42.16764511131284,215.0,0.6389252483844757,0.04569910683392072,0.37179654836654663,0.07207033715726756
0.3542199226526114,1.1898570814968785,722.5,43.500719541645495,216.5,0.6422177851200104,0.04674625810539103,0.3652022361755371,0.07075399042223833
0.3781243761380514,1.1898570814968785,721.6,44.637353800012306,217.39999999999998,0.6425469756126404,0.04675406630424066,0.36670708656311035,0.0691970786126964
0.40202882962349135,1.1898570814968785,710.7,46.41564556643987,228.29999999999995,0.6459677815437317,0.04793892623864371,0.38145824074745177,0.07030846725432353
0.4259332831089313,1.1898570814968785,706.2,50.33750121711688,232.79999999999995,0.6462619602680206,0.048080207776597564,0.38742634654045105,0.06862505097937266
0.4498377365943713,1.1898570814968785,706.0,50.45957218064834,233.0,0.6462894260883332,0.04809110622765334,0.38727364540100095,0.06859849570452099
0.47374219007981133,1.1898570814968785,705.3,50.92958248285887,233.70000000000005,0.6457503736019135,0.04804684477144717,0.3881263077259064,0.06864611613542142
0.4976466435652513,1.1898570814968785,704.6,51.3234445059966,234.39999999999998,0.6458996534347534,0.04803956101845661,0.3882917702198029,0.06877449792034378
0.5215510970506912,1.1898570814968785,704.4,51.36995380558173,234.60000000000002,0.64525505900383,0.048064834357862865,0.3893371284008026,0.0685335833932914
0.5454555505361313,1.1898570814968785,703.4,51.732830052133515,235.60000000000002,0.6454353630542755,0.048187438340584796,0.3896943926811218,0.06867000953618789
0.5693600040215713,1.1898570814968785,702.5,52.303467471044456,236.5,0.6450445055961609,0.048404425219792185,0.3893453359603882,0.06724778223468368
0.5932644575070112,1.1898570814968785,698.6,58.4000795584131,240.39999999999998,0.6463693976402283,0.04817905044395137,0.38995425701141356,0.06664713912028897
0.6171689109924512,1.1898570814968785,695.2,62.70416017959977,243.79999999999995,0.6453881800174713,0.0485756573767676,0.3953714847564697,0.06395011538340732
0.6410733644778912,1.1898570814968785,693.7,62.60001955673658,245.29999999999995,0.6402677178382874,0.05203113816502621,0.40054161548614503,0.06430067418594097
0.6649778179633312,1.1898570814968785,693.0,63.01279732603701,246.0,0.6398464500904083,0.052152056541067006,0.4028093218803406,0.06448051496342147
0.6888822714487712,1.1898570814968785,685.2,60.70922555437462,253.79999999999995,0.6440283834934235,0.04638229619535401,0.4032801389694214,0.08516535215571643
0.7127867249342111,1.1898570814968785,679.7,59.76934308247181,259.29999999999995,0.6419373273849487,0.045583485832966134,0.4067800581455231,0.08265977230066689
0.7366911784196511,1.1898570814968785,676.9,59.61922725100582,262.1,0.639382255077362,0.04977908025155127,0.4099455296993256,0.07557220074158684
0.7605956319050912,1.1898570814968785,667.5,58.393312505580894,271.5,0.6395559549331665,0.05446188968431294,0.4208102822303772,0.07700393554051355
0.7845000853905311,1.1898570814968785,654.8,60.27213893755217,284.20000000000005,0.6282582104206085,0.07617877085302331,0.4353270947933197,0.07608564694544308
0.8084045388759711,1.1898570814968785,640.5,61.6151243413474,298.5,0.6028568744659424,0.10890021939243481,0.4489130675792694,0.07313736631238775
0.8323089923614111,1.1898570814968785,631.4,61.540284550826165,307.6,0.596974378824234,0.10689803954053435,0.4557400166988373,0.08444548385606913
0.8562134458468511,1.1898570814968785,609.6,63.049963121949425,329.4,0.5766690135002136,0.11779687085641204,0.4814223229885101,0.0762883658113151
0.8801178993322911,1.1898570814968785,592.8,60.59016219097628,346.20000000000005,0.5141443014144897,0.15386598305732954,0.48565916419029237,0.08080081270815495
0.904022352817731,1.1898570814968785,575.6,59.34559961841927,363.4,0.4392264366149902,0.16718051940193782,0.5021281778812409,0.07577483225597562
0.927926806303171,1.1898570814968785,549.1,66.1037349451536,389.9,0.3238749086856842,0.15297705208273257,0.5324168622493743,0.0672687632194324
0.951831259788611,1.1898570814968785,505.9,89.00658197653011,433.1,0.18070465922355652,0.1065596225549649,0.5544342160224914,0.06446293351717222
0.975735713274051,1.1898570814968785,430.4,79.4595203807457,508.6,0.11361052989959716,0.07814439829234322,0.5926717817783356,0.0602126963633969
0.999640166759491,1.1898570814968785,0.4,0.9048628651416396,938.6,-19.871623229980468,44.95273482723821,0.6414967060089112,0.05086024907096874
0.06736648082733154,1.23353276682039,772.3,41.822453718269124,166.70000000000005,0.6358560442924499,0.046195026372906275,0.3626053869724274,0.08719019978252078
0.09127093431277153,1.23353276682039,770.5,42.497057299819474,168.5,0.6352426111698151,0.04589987168658997,0.3616866946220398,0.08557437773759947
0.11517538779821151,1.23353276682039,770.3,42.75955774412246,168.70000000000005,0.6350771188735962,0.04585013819731433,0.3617004156112671,0.08557168580679873
0.1390798412836515,1.23353276682039,767.8,42.50448234713336,171.20000000000005,0.6350075840950012,0.04587415058465036,0.36057252287864683,0.08473823848422887
0.1629842947690915,1.23353276682039,767.0,42.06639239564689,172.0,0.6354168117046356,0.04597696155558987,0.359330540895462,0.08483316386989885
0.18688874825453147,1.23353276682039,764.2,42.29931456297649,174.79999999999995,0.6349922299385071,0.04614832249861463,0.3640039563179016,0.08186622174629596
0.21079320173997146,1.23353276682039,757.6,44.43051739695864,181.39999999999998,0.6395883917808532,0.04695930833917013,0.3649077355861664,0.07872063410812499
0.23469765522541144,1.23353276682039,751.4,47.07389075223704,187.60000000000002,0.6408031404018402,0.04677440054336668,0.3641627669334412,0.06833197178020281
0.25860210871085143,1.23353276682039,744.9,44.856230917568276,194.10000000000002,0.6403775870800018,0.04746656287963261,0.364544153213501,0.07351214297050909
0.28250656219629144,1.23353276682039,739.7,41.846918369559106,199.29999999999995,0.6395261943340301,0.04794756607733635,0.3606223940849304,0.07691051589287465
0.3064110156817314,1.23353276682039,736.6,43.6337742208673,202.39999999999998,0.6397012174129486,0.04783463578634003,0.36096703410148623,0.07600496346923752
0.33031546916717136,1.23353276682039,732.6,42.70520293004364,206.39999999999998,0.6419061779975891,0.04873666047006591,0.3687587797641754,0.07331680968039513
0.3542199226526114,1.23353276682039,729.4,44.204709387646176,209.60000000000002,0.6447069585323334,0.04967381306052909,0.36062535643577576,0.07025014080939541
0.3781243761380514,1.23353276682039,727.8,45.967271045396764,211.20000000000005,0.6450291752815247,0.049641096453058815,0.3621248245239258,0.06865945874555014
0.40202882962349135,1.23353276682039,716.8,48.397946564715745,222.20000000000005,0.6484393954277039,0.05085140759759376,0.37685243487358094,0.06990174051463652
0.4259332831089313,1.23353276682039,712.2,52.457121861928805,226.79999999999995,0.6487086653709412,0.05102853575153559,0.38291342854499816,0.06813347349197672
0.4498377365943713,1.23353276682039,711.5,52.206625235082534,227.5,0.6481608152389526,0.05132565210193971,0.38205228447914125,0.06773937876118262
0.47374219007981133,1.23353276682039,710.7,52.60243729975936,228.29999999999995,0.6478396117687225,0.05148640143634398,0.3817364931106567,0.06807239995899848
0.4976466435652513,1.23353276682039,710.0,53.00940016801246,229.0,0.647988373041153,0.051472871874947014,0.38189639449119567,0.0681773247186816
0.5215510970506912,1.23353276682039,709.8,53.05528889187667,229.20000000000005,0.6473504841327667,0.05151480066118775,0.38295960426330566,0.06793123669952394
0.5454555505361313,1.23353276682039,707.7,53.0844847593751,231.29999999999995,0.6478905498981475,0.051538254548914676,0.38346736431121825,0.0681902770912003
0.5693600040215713,1.23353276682039,706.8,53.65526513557611,232.20000000000005,0.6475100338459014,0.05173162753741323,0.3831258535385132,0.0666604629226343
0.5932644575070112,1.23353276682039,702.7,59.54631916715818,236.29999999999995,0.6488757491111755,0.05146030289888707,0.3839120984077454,0.06605167292983505
0.6171689109924512,1.23353276682039,697.7,62.72705244625662,241.29999999999995,0.6492412030696869,0.048835253389628255,0.3894794225692749,0.06399288019981453
0.6410733644778912,1.23353276682039,696.1,62.52313028830556,242.89999999999998,0.6439674675464631,0.05230791013197653,0.3953061461448669,0.06416451559384627
0.6649778179633312,1.23353276682039,695.0,62.701621116419894,244.0,0.6428798973560333,0.05346103864352489,0.39800105690956117,0.06380991297707142
0.6888822714487712,1.23353276682039,687.1,60.40750339611471,251.89999999999998,0.6465925633907318,0.04796779577632314,0.39905688166618347,0.08479552217460658
0.7127867249342111,1.23353276682039,681.4,59.42506938257665,257.6,0.644053190946579,0.04752541880829415,0.4029012620449066,0.08256426956913906
0.7366911784196511,1.23353276682039,678.6,59.29479814482075,260.4,0.6415156662464142,0.05161176221438325,0.40608054399490356,0.07550166315988606
0.7605956319050912,1.23353276682039,669.2,57.95794006460967,269.79999999999995,0.6417754828929901,0.056340465987951185,0.4172635734081268,0.07626802883082702
0.7845000853905311,1.23353276682039,656.5,59.80852443704983,282.5,0.6306164145469666,0.07782708580809318,0.43194069266319274,0.07573488558238275
0.8084045388759711,1.23353276682039,641.9,60.857633759995686,297.1,0.6045814454555511,0.1087248429843049,0.4472340762615204,0.07200827372056771
0.8323089923614111,1.23353276682039,632.5,60.98810952273619,306.5,0.5979921698570252,0.10619441651395974,0.45501355528831483,0.08370065234966914
0.8562134458468511,1.23353276682039,610.4,62.76162432944513,328.6,0.5771894991397858,0.11694975917542914,0.4811128795146942,0.07582491214407402
0.8801178993322911,1.23353276682039,593.5,60.443072760874344,345.5,0.5142659902572632,0.15304227195041725,0.4857048749923706,0.08026235263836569
0.904022352817731,1.23353276682039,576.3,59.30711910212338,362.70000000000005,0.43934237360954287,0.16643807824320056,0.5021675050258636,0.07518163176888042
0.927926806303171,1.23353276682039,549.6,66.40474917638561,389.4,0.3245087504386902,0.15283080273853447,0.5319378197193145,0.06741896024302665
0.951831259788611,1.23353276682039,505.9,89.00658197653011,433.1,0.18070465922355652,0.1065596225549649,0.5544342160224914,0.06446293351717222
0.975735713274051,1.23353276682039,430.4,79.4595203807457,508.6,0.11361052989959716,0.07814439829234322,0.5926717817783356,0.0602126963633969
0.999640166759491,1.23353276682039,0.4,0.9048628651416396,938.6,-19.871623229980468,44.95273482723821,0.6414967060089112,0.05086024907096874
0.06736648082733154,1.2772084521439013,790.0,46.847230373107735,149.0,0.6404763281345367,0.044862463923873545,0.3390698730945587,0.08599513178719406
0.09127093431277153,1.2772084521439013,788.2,47.573236249235286,150.79999999999995,0.6399093687534332,0.0446971612985517,0.3378698229789734,0.08408433750546482
0.11517538779821151,1.2772084521439013,788.0,47.84282647559193,151.0,0.6397448003292083,0.04466232901031438,0.3378824472427368,0.08408491623889586
0.1390798412836515,1.2772084521439013,785.2,47.909096896206684,153.79999999999995,0.6397657811641693,0.04471040716861544,0.3389544367790222,0.08373770233156155
0.1629842947690915,1.2772084521439013,784.4,47.49356926765943,154.60000000000002,0.640157300233841,0.04480933604727616,0.33691648244857786,0.08289132122284339
0.18688874825453147,1.2772084521439013,780.8,47.06857579054913,158.20000000000005,0.6396346807479858,0.045284933783139567,0.3499709129333496,0.07397131142413128
0.21079320173997146,1.2772084521439013,774.1,49.43438862385837,164.89999999999998,0.6440627992153167,0.04650775773716954,0.3515975773334503,0.07075152255146941
0.23469765522541144,1.2772084521439013,767.7,51.83258701253864,171.29999999999995,0.6452263772487641,0.046353697747942034,0.3493958830833435,0.06725417645644678
0.25860210871085143,1.2772084521439013,758.7,48.95194038790979,180.29999999999995,0.645275217294693,0.046886094163920124,0.35772398114204407,0.07461186990765147
0.28250656219629144,1.2772084521439013,752.9,45.641601938793364,186.10000000000002,0.6447814226150512,0.047168774122227586,0.3518313467502594,0.0782346863369438
0.3064110156817314,1.2772084521439013,749.8,47.05891068592038,189.20000000000005,0.6450085639953613,0.046976125335232884,0.35174861550331116,0.07699380552406457
0.33031546916717136,1.2772084521439013,745.7,46.26103716159965,193.29999999999995,0.6475766122341156,0.0476456842059048,0.3581607222557068,0.07309654995151019
0.3542199226526114,1.2772084521439013,742.5,47.759859137961755,196.5,0.6503492653369903,0.04869060318599935,0.3496558427810669,0.06960156639533595
0.3781243761380514,1.2772084521439013,740.8,49.593263679205535,198.20000000000005,0.6506877481937409,0.04863065224364249,0.3512136697769165,0.06795466192791756
0.40202882962349135,1.2772084521439013,729.0,52.009940093874214,210.0,0.654202914237976,0.04999279083803913,0.3679891347885132,0.06489367861843842
0.4259332831089313,1.2772084521439013,724.4,55.95576814610124,214.60000000000002,0.6544789910316468,0.05020353251945456,0.3741950273513794,0.06284566214796174
0.4498377365943713,1.2772084521439013,722.5,55.10492886508782,216.5,0.6545561850070953,0.05018768943326321,0.3747343420982361,0.06323857234107536
0.47374219007981133,1.2772084521439013,720.6,56.53502433178271,218.39999999999998,0.6542184591293335,0.0503626654693751,0.3739225745201111,0.06298273646425763
0.4976466435652513,1.2772084521439013,717.7,55.07788800788609,221.29999999999995,0.6554949641227722,0.05115935668466496,0.37145071625709536,0.0630867395757579
0.5215510970506912,1.2772084521439013,715.0,53.26407446232637,224.0,0.6558490514755249,0.050420881589310004,0.36827604174613954,0.0668167971443549
0.5454555505361313,1.2772084521439013,712.3,52.8612236902646,226.70000000000005,0.656651622056961,0.050352694460854,0.36909509897232057,0.06686226544253435
0.5693600040215713,1.2772084521439013,711.4,53.44545445816363,227.60000000000002,0.6562777280807495,0.05064639034261198,0.36865836977958677,0.06536878176490976
0.5932644575070112,1.2772084521439013,707.3,59.39429943397772,231.70000000000005,0.6576435089111328,0.050293852612612544,0.36942988634109497,0.06479876945680144
0.6171689109924512,1.2772084521439013,702.2,62.55708773370829,236.79999999999995,0.6576578617095947,0.0479760540783339,0.37569053173065187,0.06338496389489125
0.6410733644778912,1.2772084521439013,700.0,62.00034983065634,239.0,0.6505184888839721,0.05378679672651416,0.3847429692745209,0.06134081997228765
0.6649778179633312,1.2772084521439013,698.7,62.071886930597266,240.29999999999995,0.648710960149765,0.05549669837502683,0.3885279595851898,0.061050067042484994
0.6888822714487712,1.2772084521439013,690.6,59.65617209713036,248.39999999999998,0.6517640650272369,0.05031467900916636,0.39082669615745547,0.08310020796430555
0.7127867249342111,1.2772084521439013,684.5,58.48963264065885,254.5,0.6486657321453094,0.05011746200753912,0.39496384263038636,0.08199821043622472
0.7366911784196511,1.2772084521439013,681.4,58.1942830808223,257.6,0.6453002691268921,0.05349097015434176,0.3994078040122986,0.07445628070787458
0.7605956319050912,1.2772084521439013,672.0,56.76166599513308,267.0,0.6455107927322388,0.058232798318308465,0.41064382195472715,0.07612915926239994
0.7845000853905311,1.2772084521439013,659.3,58.309316301239654,279.70000000000005,0.6343223035335541,0.07947757072656743,0.4254953145980835,0.07600845342267122
0.8084045388759711,1.2772084521439013,644.7,59.28698235852203,294.29999999999995,0.608828192949295,0.11004842944368705,0.44150096774101255,0.07155568471658763
0.8323089923614111,1.2772084521439013,633.8,60.40312635285169,305.20000000000005,0.6002166986465454,0.10625839476160563,0.45185043215751647,0.08502655708594964
0.8562134458468511,1.2772084521439013,610.8,62.363186886042556,328.20000000000005,0.577890944480896,0.11642976121357794,0.48066548705101014,0.07636023375565672
0.8801178993322911,1.2772084521439013,593.9,60.06769203420416,345.1,0.5149625539779663,0.1528111763710862,0.4852641224861145,0.08075833687876716
0.904022352817731,1.2772084521439013,576.4,59.351347988682214,362.6,0.43973966836929324,0.16620413707635745,0.5022373378276825,0.07517676952165989
0.927926806303171,1.2772084521439013,549.7,66.46709819434247,389.29999999999995,0.3249060451984406,0.15274592415584276,0.5320076525211335,0.06739600111014252
0.951831259788611,1.2772084521439013,505.9,89.00658197653011,433.1,0.18070465922355652,0.1065596225549649,0.5544342160224914,0.06446293351717222
0.975735713274051,1.2772084521439013,430.4,79.4595203807457,508.6,0.11361052989959716,0.07814439829234322,0.5926717817783356,0.0602126963633969
0.999640166759491,1.2772084521439013,0.4,0.9048628651416396,938.6,-19.871623229980468,44.95273482723821,0.6414967060089112,0.05086024907096874
0.06736648082733154,1.320884137467413,813.8,36.92978785545868,125.20000000000005,0.6374759435653686,0.0448990939089179,0.31903871297836306,0.0863702830632188
0.09127093431277153,1.320884137467413,812.0,37.47723811973905,127.0,0.6370739161968231,0.044984917370321786,0.3175386250019073,0.08482742272475853
0.11517538779821151,1.320884137467413,811.8,37.61021012093772,127.20000000000005,0.6369445204734803,0.04499186103004265,0.31750327348709106,0.08483385658566805
0.1390798412836515,1.320884137467413,808.0,38.3471041600696,131.0,0.6376723349094391,0.045149752294446475,0.3168264806270599,0.08583988588697022
0.1629842947690915,1.320884137467413,805.5,37.398641937906675,133.5,0.6380789101123809,0.04528117090907654,0.31213820576667783,0.08379710030456
0.18688874825453147,1.320884137467413,799.3,38.11964160787877,139.70000000000005,0.6388121128082276,0.045695755789635514,0.3267013728618622,0.0750239123232829
0.21079320173997146,1.320884137467413,792.2,41.69821070749967,146.79999999999995,0.6430207133293152,0.04710988949064241,0.327862012386322,0.07215587772679297
0.23469765522541144,1.320884137467413,784.2,47.272289325367744,154.79999999999995,0.6445684909820557,0.046716254474289426,0.3268455624580383,0.06836537786873442
0.25860210871085143,1.320884137467413,775.0,45.21674372140368,164.0,0.6448045372962952,0.04733298507851404,0.33602792024612427,0.07427403582301186
0.28250656219629144,1.320884137467413,768.5,42.28378599463482,170.5,0.6443388819694519,0.04764759641086033,0.33252658843994143,0.07625783779923562
0.3064110156817314,1.320884137467413,765.1,44.25516696185817,173.89999999999998,0.6444333314895629,0.04735528398196763,0.33247595429420473,0.07557740704068688
0.33031546916717136,1.320884137467413,760.8,43.75037685799136,178.20000000000005,0.6470496177673339,0.04802031641660591,0.34046841263771055,0.07377017984936227
0.3542199226526114,1.320884137467413,757.6,45.40898219149343,181.39999999999998,0.6497412204742432,0.04886846960538016,0.33064270615577696,0.06813960677494704
0.3781243761380514,1.320884137467413,755.9,47.495065749325825,183.10000000000002,0.6500484466552734,0.04874888178111777,0.33181771636009216,0.0675602706454816
0.40202882962349135,1.320884137467413,744.1,51.42222648591293,194.89999999999998,0.6534810960292816,0.05009223114081659,0.3501589477062225,0.067118755774438
0.4259332831089313,1.320884137467413,739.5,55.9354922634742,199.5,0.6538071632385254,0.050353051702475095,0.35649130344390867,0.06569324792942183
0.4498377365943713,1.320884137467413,736.6,54.60526477328805,202.39999999999998,0.6542527675628662,0.050207475018301015,0.356885039806366,0.06611137338441847
0.47374219007981133,1.320884137467413,734.7,56.07539365040044,204.29999999999995,0.6540245234966278,0.050467257922634505,0.3560304224491119,0.06577315330381517
0.4976466435652513,1.320884137467413,731.8,54.63815938866877,207.20000000000005,0.6552959978580475,0.05124785285337716,0.35498644709587096,0.06627064089730839
0.5215510970506912,1.320884137467413,728.7,52.74708291425049,210.29999999999995,0.6558361530303956,0.05064876774561575,0.35316417217254636,0.06859072588408069
0.5454555505361313,1.320884137467413,724.8,51.762057828300634,214.20000000000005,0.6566211700439453,0.05060528848623194,0.35788844227790834,0.0675560372489351
0.5693600040215713,1.320884137467413,723.9,52.181787294241204,215.10000000000002,0.6564813435077668,0.05103571632899071,0.35794541239738464,0.06477065366319482
0.5932644575070112,1.320884137467413,719.6,58.53039926838599,219.39999999999998,0.6576894223690033,0.05074658528040918,0.35848331451416016,0.06414803568155862
0.6171689109924512,1.320884137467413,714.5,61.96755542096501,224.5,0.6579294204711914,0.048460836498779934,0.3653522253036499,0.062191705424405705
0.6410733644778912,1.320884137467413,712.3,61.040109955616764,226.70000000000005,0.6519893884658814,0.053523130969923005,0.3755940794944763,0.05802009512076373
0.6649778179633312,1.320884137467413,710.7,61.15271884775834,228.29999999999995,0.6495426416397094,0.05533344440311398,0.3809292197227478,0.05930070792102299
0.6888822714487712,1.320884137467413,701.2,58.776243305290095,237.79999999999995,0.6541969478130341,0.05146498269255707,0.38164218664169314,0.08183614099193262
0.7127867249342111,1.320884137467413,694.7,57.84132333552861,244.29999999999995,0.6502990126609802,0.05074802323679456,0.3873185098171234,0.08021011047388772
0.7366911784196511,1.320884137467413,691.6,57.59222895399759,247.39999999999998,0.6473196089267731,0.05368691826043781,0.39196792244911194,0.07226721122742405
0.7605956319050912,1.320884137467413,679.6,55.763384919645446,259.4,0.646694815158844,0.059289994021403364,0.4015240490436554,0.07447289205242852
0.7845000853905311,1.320884137467413,666.8,57.09207451091222,272.20000000000005,0.636616313457489,0.07887858718217847,0.41695963144302367,0.0731315011699775
0.8084045388759711,1.320884137467413,651.4,58.06125041025099,287.6,0.6147914946079254,0.1028929635662051,0.43383400440216063,0.0687528166954634
0.8323089923614111,1.320884137467413,636.7,60.12124517799875,302.29999999999995,0.6038093864917755,0.09979758534548078,0.45062971115112305,0.08477206225129731
0.8562134458468511,1.320884137467413,613.7,62.68715556289529,325.29999999999995,0.5814772486686707,0.11097135810452469,0.4794433653354645,0.07634103724670031
0.8801178993322911,1.320884137467413,596.3,60.60822423641375,342.70000000000005,0.5181230902671814,0.1498922518899905,0.48405981063842773,0.08077500418337884
0.904022352817731,1.320884137467413,578.1,60.22839742536121,360.9,0.44229322075843813,0.1648096087185229,0.5011710286140442,0.07528709932228571
0.927926806303171,1.320884137467413,549.7,66.46709819434247,389.29999999999995,0.3249060451984406,0.15274592415584276,0.5320076525211335,0.06739600111014252
0.951831259788611,1.320884137467413,505.9,89.00658197653011,433.1,0.18070465922355652,0.1065596225549649,0.5544342160224914,0.06446293351717222
0.975735713274051,1.320884137467413,430.4,79.4595203807457,508.6,0.11361052989959716,0.07814439829234322,0.5926717817783356,0.0602126963633969
0.999640166759491,1.320884137467413,0.4,0.9048628651416396,938.6,-19.871623229980468,44.95273482723821,0.6414967060089112,0.05086024907096874
0.06736648082733154,1.3645598227909244,831.9,31.462062158208678,107.10000000000002,0.6381973445415496,0.043874267318928836,0.30520071983337405,0.0887548529959098
0.09127093431277153,1.3645598227909244,829.8,32.5446774188315,109.20000000000005,0.6378024995326996,0.04396983345171174,0.3036718726158142,0.08723188081370971
0.11517538779821151,1.3645598227909244,829.6,32.655257049015795,109.39999999999998,0.6376880049705506,0.043979502290932296,0.3036215424537659,0.08724441718137432
0.1390798412836515,1.3645598227909244,825.5,33.25747179380516,113.5,0.6380409359931946,0.044220975519703665,0.3058566987514496,0.08824333821082989
0.1629842947690915,1.3645598227909244,822.6,31.577063535717034,116.39999999999998,0.6381127774715424,0.04443989727972365,0.30016809701919556,0.08653912600953205
0.18688874825453147,1.3645598227909244,815.8,31.800634097770125,123.20000000000005,0.6385812759399414,0.04493928616309351,0.3158047258853912,0.077996244320278
0.21079320173997146,1.3645598227909244,806.8,34.965271802694524,132.20000000000005,0.6426349222660065,0.04642844555198774,0.3134748160839081,0.0707341206475155
0.23469765522541144,1.3645598227909244,797.9,41.11688019876948,141.10000000000002,0.644527816772461,0.046184338262497925,0.3117328643798828,0.06329333203832806
0.25860210871085143,1.3645598227909244,788.6,38.86874924016784,150.39999999999998,0.6448610544204711,0.04679111376845248,0.32402724027633667,0.07047436011430898
0.28250656219629144,1.3645598227909244,780.6,36.111473582577354,158.39999999999998,0.6451040863990783,0.04767288736318947,0.3236472010612488,0.07399798903345946
0.3064110156817314,1.3645598227909244,776.8,38.84182330791134,162.20000000000005,0.6454647541046142,0.04722099197097504,0.32390005588531495,0.07270097590212356
0.33031546916717136,1.3645598227909244,771.1,38.632878978142934,167.89999999999998,0.6490729093551636,0.04864149342096182,0.32798838019371035,0.07357210182541389
0.3542199226526114,1.3645598227909244,767.7,40.35138581661153,171.29999999999995,0.6515493750572204,0.04945241092034385,0.31869839429855346,0.06651940450523838
0.3781243761380514,1.3645598227909244,765.8,42.75523583984558,173.20000000000005,0.6518563628196716,0.049313910801600004,0.3199174165725708,0.06571182872953926
0.40202882962349135,1.3645598227909244,753.4,47.1016637452288,185.60000000000002,0.6558638215065002,0.050891513361044326,0.337116938829422,0.06566223576575773
0.4259332831089313,1.3645598227909244,748.8,51.58489964626243,190.20000000000005,0.6561855554580689,0.05117516752579547,0.3438349306583405,0.06395763134063619
0.4498377365943713,1.3645598227909244,745.9,50.305467845102974,193.10000000000002,0.6566859543323517,0.05102980931866581,0.3442825675010681,0.06447589932621386
0.47374219007981133,1.3645598227909244,744.0,51.71612104936894,195.0,0.6565139770507813,0.051300589816171145,0.34358641505241394,0.06381073386804838
0.4976466435652513,1.3645598227909244,740.8,50.207433151954476,198.20000000000005,0.6576635062694549,0.05192653547115088,0.34375661611557007,0.06456814241862084
0.5215510970506912,1.3645598227909244,736.7,48.108365044659735,202.29999999999995,0.6584854245185852,0.05125941866285472,0.34336475729942323,0.06737720181117743
0.5454555505361313,1.3645598227909244,732.8,47.27469488069263,206.20000000000005,0.6592687845230103,0.051213273726317815,0.34808005690574645,0.06668812976434431
0.5693600040215713,1.3645598227909244,731.5,47.37615798761924,207.5,0.6583230793476105,0.05200746420136915,0.3491571545600891,0.06431600805124156
0.5932644575070112,1.3645598227909244,727.1,53.58278439083057,211.89999999999998,0.6592388033866883,0.05206612280122409,0.3499805212020874,0.06329704359207208
0.6171689109924512,1.3645598227909244,722.0,56.97662952196946,217.0,0.6595036864280701,0.04984866777469268,0.35718863606452944,0.06093916445325958
0.6410733644778912,1.3645598227909244,718.2,57.49499879315832,220.79999999999995,0.6540527164936065,0.05457685315502237,0.3667862772941589,0.05654766246686149
0.6649778179633312,1.3645598227909244,716.4,57.60802322506952,222.60000000000002,0.6514189541339874,0.05642701066507891,0.37264193296432496,0.05864587257671248
0.6888822714487712,1.3645598227909244,706.4,55.54577347158948,232.60000000000002,0.6556746065616608,0.052687725363797365,0.37386080622673035,0.08100754209409877
0.7127867249342111,1.3645598227909244,698.2,53.992257203952434,240.79999999999995,0.6518646836280823,0.051988880123386254,0.3821719825267792,0.07915764743705767
0.7366911784196511,1.3645598227909244,695.1,53.768165378677104,243.89999999999998,0.6488732933998108,0.054923937060311845,0.3868237197399139,0.071275312490025
0.7605956319050912,1.3645598227909244,683.1,52.007152249635006,255.89999999999998,0.6481983244419098,0.0604838478390137,0.39631810784339905,0.0739260507784653
0.7845000853905311,1.3645598227909244,670.3,53.5260888580446,268.70000000000005,0.6380820393562316,0.07996221380691507,0.411912214756012,0.07287223000954676
0.8084045388759711,1.3645598227909244,654.4,54.563597580572996,284.6,0.6157654643058776,0.10368495381588148,0.430610328912735,0.06767664580678576
0.8323089923614111,1.3645598227909244,638.4,57.50726042712686,300.6,0.6036472320556641,0.09977729243109579,0.44994841814041137,0.08527986713458705
0.8562134458468511,1.3645598227909244,615.4,60.45713476369961,323.6,0.5812818169593811,0.11092149596175918,0.4787526845932007,0.07706583659109183
0.8801178993322911,1.3645598227909244,597.9,58.56074928898309,341.1,0.5176665782928467,0.14969260839088297,0.48379154205322267,0.08103756858711596
0.904022352817731,1.3645598227909244,578.1,60.22839742536121,360.9,0.44229322075843813,0.1648096087185229,0.5011710286140442,0.07528709932228571
0.927926806303171,1.3645598227909244,549.7,66.46709819434247,389.29999999999995,0.3249060451984406,0.15274592415584276,0.5320076525211335,0.06739600111014252
0.951831259788611,1.3645598227909244,505.9,89.00658197653011,433.1,0.18070465922355652,0.1065596225549649,0.5544342160224914,0.06446293351717222
0.975735713274051,1.3645598227909244,430.4,79.4595203807457,508.6,0.11361052989959716,0.07814439829234322,0.5926717817783356,0.0602126963633969
0.999640166759491,1.3645598227909244,0.4,0.9048628651416396,938.6,-19.871623229980468,44.95273482723821,0.6414967060089112,0.05086024907096874
0.06736648082733154,1.4082355081144358,848.6,32.839306128581214,90.39999999999998,0.639795458316803,0.04367380925097534,0.2868756949901581,0.10670461813460023
0.09127093431277153,1.4082355081144358,846.5,33.895891983579496,92.5,0.639449292421341,0.04383168412434855,0.28443103432655337,0.10428522051354527
0.11517538779821151,1.4082355081144358,845.4,33.626340379347525,93.60000000000002,0.6390154778957366,0.0438876941267954,0.29436824321746824,0.10763180466194677
0.1390798412836515,1.4082355081144358,841.1,34.008431457602846,97.89999999999998,0.6397892355918884,0.04442935664737288,0.30058003664016725,0.09982850195263437
0.1629842947690915,1.4082355081144358,837.4,31.951184839931976,101.60000000000002,0.6396292448043823,0.045021098122172004,0.2920943260192871,0.096056919640479
0.18688874825453147,1.4082355081144358,829.8,32.08543858395859,109.20000000000005,0.6400856792926788,0.045609609967749425,0.3118613600730896,0.08378618250955938
0.21079320173997146,1.4082355081144358,820.2,34.554692345208736,118.79999999999995,0.6444631040096283,0.04754244395984087,0.31274200081825254,0.07697539021103539
0.23469765522541144,1.4082355081144358,810.4,40.706538815486674,128.60000000000002,0.6472230195999146,0.04669727908905742,0.3048151910305023,0.06844500267120994
0.25860210871085143,1.4082355081144358,800.9,38.427755555703015,138.10000000000002,0.6477494776248932,0.04735847188207382,0.3199464976787567,0.0765693413655905
0.28250656219629144,1.4082355081144358,792.6,36.106749608670384,146.39999999999998,0.6479021370410919,0.04814150513816204,0.3206586539745331,0.07874628913690748
0.3064110156817314,1.4082355081144358,788.6,38.9053035267868,150.39999999999998,0.6484408378601074,0.04768398732766249,0.3185563385486603,0.07666305586939476
0.33031546916717136,1.4082355081144358,781.9,39.31419732673536,157.10000000000002,0.6521329283714294,0.04875163039283551,0.3226399779319763,0.07806869723483822
0.3542199226526114,1.4082355081144358,777.7,41.30810199913177,161.29999999999995,0.6555328488349914,0.05043247581677084,0.30948630571365354,0.07130823503548853
0.3781243761380514,1.4082355081144358,773.8,44.2838731649183,165.20000000000005,0.6558086454868317,0.050177953148617796,0.31566442251205445,0.06586349032184076
0.40202882962349135,1.4082355081144358,761.4,48.15461438061635,177.60000000000002,0.6597452461719513,0.05207793360169434,0.33354564309120177,0.06195383321304677
0.4259332831089313,1.4082355081144358,756.6,52.66633544080913,182.39999999999998,0.6601476013660431,0.05241943338833507,0.34119969606399536,0.06022418233802262
0.4498377365943713,1.4082355081144358,752.9,50.90211080556703,186.10000000000002,0.6613355219364166,0.05269054088663262,0.3337553560733795,0.06162429258047781
0.47374219007981133,1.4082355081144358,750.4,51.78336392349415,188.60000000000002,0.6603718340396881,0.05248980433903595,0.33667367696762085,0.06080243057911854
0.4976466435652513,1.4082355081144358,746.9,50.314509310137616,192.10000000000002,0.6614409804344177,0.053020066949257795,0.338028746843338,0.06121237314125868
0.5215510970506912,1.4082355081144358,742.8,48.2485120868816,196.20000000000005,0.6623189985752106,0.05237792250585827,0.33775452375411985,0.06506190527789159
0.5454555505361313,1.4082355081144358,738.5,47.395356836702156,200.5,0.6628337681293488,0.05273710364969294,0.34304612278938296,0.06480340635112758
0.5693600040215713,1.4082355081144358,735.0,46.40823368105502,204.0,0.6625776171684266,0.053376910765200944,0.33913416266441343,0.06430741231385927
0.5932644575070112,1.4082355081144358,729.7,52.50939511952911,209.29999999999995,0.6630503237247467,0.05352969976565825,0.34040744304656984,0.0637577433210598
0.6171689109924512,1.4082355081144358,724.2,55.84958124419475,214.79999999999995,0.6625362813472748,0.050872592572493006,0.34933372735977175,0.06086351653831455
0.6410733644778912,1.4082355081144358,719.7,56.260646549494446,219.29999999999995,0.6565929472446441,0.05574441509929008,0.3599300980567932,0.05790384057079259
0.6649778179633312,1.4082355081144358,717.9,56.39127227552003,221.10000000000002,0.6539588153362275,0.05761904525739789,0.36579124331474305,0.060277813351350094
0.6888822714487712,1.4082355081144358,707.9,54.407322674311985,231.10000000000002,0.6582109212875367,0.05385596898183564,0.36703208088874817,0.08217856085296137
0.7127867249342111,1.4082355081144358,699.7,52.90745587401019,239.29999999999995,0.6543948113918304,0.05328889752963636,0.37533854842185976,0.08071534489870957
0.7366911784196511,1.4082355081144358,696.6,52.697635049239246,242.39999999999998,0.6513964772224426,0.056261746292677356,0.37997467517852784,0.07339331446357765
0.7605956319050912,1.4082355081144358,684.4,51.042384826676404,254.60000000000002,0.6503733217716217,0.061568996486412945,0.3904379665851593,0.07598907718585751
0.7845000853905311,1.4082355081144358,671.2,52.699361383074226,267.79999999999995,0.6396175265312195,0.08061130983167275,0.4078796863555908,0.0743352822589434
0.8084045388759711,1.4082355081144358,654.9,54.05714212172247,284.1,0.6166804015636445,0.1041300065205763,0.4287522315979004,0.06779357565053319
0.8323089923614111,1.4082355081144358,638.6,57.208876781810616,300.4,0.6040515780448914,0.09983039685170977,0.44917752742767336,0.08588419009059708
0.8562134458468511,1.4082355081144358,615.5,60.33102422218992,323.5,0.5814953327178956,0.11097605993331909,0.47835712432861327,0.0774920719194017
0.8801178993322911,1.4082355081144358,597.9,58.56074928898309,341.1,0.5176665782928467,0.14969260839088297,0.48379154205322267,0.08103756858711596
0.904022352817731,1.4082355081144358,578.1,60.22839742536121,360.9,0.44229322075843813,0.1648096087185229,0.5011710286140442,0.07528709932228571
0.927926806303171,1.4082355081144358,549.7,66.46709819434247,389.29999999999995,0.3249060451984406,0.15274592415584276,0.5320076525211335,0.06739600111014252
0.951831259788611,1.4082355081144358,505.9,89.00658197653011,433.1,0.18070465922355652,0.1065596225549649,0.5544342160224914,0.06446293351717222
0.975735713274051,1.4082355081144358,430.4,79.4595203807457,508.6,0.11361052989959716,0.07814439829234322,0.5926717817783356,0.0602126963633969
0.999640166759491,1.4082355081144358,0.4,0.9048628651416396,938.6,-19.871623229980468,44.95273482723821,0.6414967060089112,0.05086024907096874
0.06736648082733154,1.4519111934379474,875.7,21.603436408036224,63.299999999999955,0.6356966257095337,0.05029995591807377,0.31210469603538515,0.08681960124995838
0.09127093431277153,1.4519111934379474,873.6,23.322536824508663,65.39999999999998,0.6353921055793762,0.05037816482368213,0.3105771541595459,0.08582256311645764
0.11517538779821151,1.4519111934379474,872.4,23.507091865654157,66.60000000000002,0.6348288059234619,0.050390072626895106,0.32066417336463926,0.08842721668717855
0.1390798412836515,1.4519111934379474,866.5,27.227974493465208,72.5,0.6358224451541901,0.050986241673022625,0.33628223538398744,0.08535551359819456
0.1629842947690915,1.4519111934379474,862.3,25.964050566694272,76.70000000000005,0.6359160304069519,0.05098719062908029,0.32214260697364805,0.08436261969948328
0.18688874825453147,1.4519111934379474,853.7,24.068449789797665,85.29999999999995,0.6367679893970489,0.051299692890883375,0.3354309439659119,0.06505685664667327
0.21079320173997146,1.4519111934379474,843.6,24.877329948406285,95.39999999999998,0.6403470575809479,0.05324749039503174,0.3244252920150757,0.06612175634908943
0.23469765522541144,1.4519111934379474,833.7,22.136414790345697,105.29999999999995,0.6428393244743347,0.05263509096383978,0.30817819833755494,0.06352263241747436
0.25860210871085143,1.4519111934379474,823.9,21.331687583707815,115.10000000000002,0.6434830248355865,0.05321845524813044,0.32238149642944336,0.0695213240763671
0.28250656219629144,1.4519111934379474,814.6,21.33635168954757,124.39999999999998,0.6441799104213715,0.05410825001277201,0.321492999792099,0.07014677363370254
0.3064110156817314,1.4519111934379474,810.6,19.39014595004068,128.39999999999998,0.6444672226905823,0.05361810294915608,0.31809531450271605,0.07005806490056653
0.33031546916717136,1.4519111934379474,803.6,20.837511566858907,135.39999999999998,0.6477729976177216,0.05455664867623718,0.32035828232765196,0.07242954884767373
0.3542199226526114,1.4519111934379474,799.3,22.71200283812075,139.70000000000005,0.6508806049823761,0.056169285118525814,0.30430436730384824,0.06524294235064611
0.3781243761380514,1.4519111934379474,794.6,22.9762125868969,144.39999999999998,0.6504624664783478,0.056421908967659,0.3102423191070557,0.0630597900774748
0.40202882962349135,1.4519111934379474,782.2,32.341376350116576,156.79999999999995,0.654384297132492,0.05841298975831902,0.32855395078659055,0.05970939133040626
0.4259332831089313,1.4519111934379474,777.4,33.50606987190931,161.60000000000002,0.6545760750770568,0.05889444116828919,0.3352272748947144,0.05944705974380701
0.4498377365943713,1.4519111934379474,773.7,31.69541509006955,165.29999999999995,0.655722689628601,0.05914748367879216,0.327139675617218,0.060452087711497494
0.47374219007981133,1.4519111934379474,770.4,31.354800341545918,168.60000000000002,0.6552644670009613,0.059076877087406006,0.3304144382476807,0.05697532191151167
0.4976466435652513,1.4519111934379474,766.9,29.526615663967053,172.10000000000002,0.6562936544418335,0.059560478954623186,0.33162412643432615,0.05738136483415521
0.5215510970506912,1.4519111934379474,762.4,27.12115853044225,176.60000000000002,0.6570766627788543,0.05894142542120927,0.3325807750225067,0.05963316781132036
0.5454555505361313,1.4519111934379474,757.6,27.167242371057455,181.39999999999998,0.6570630431175232,0.05934907707746154,0.339314866065979,0.06084067198286097
0.5693600040215713,1.4519111934379474,753.2,24.846684099756697,185.79999999999995,0.6563560247421265,0.059827947678937565,0.3404618978500366,0.05791578124969905
0.5932644575070112,1.4519111934379474,747.9,26.048008205139016,191.10000000000002,0.6563178837299347,0.0596602088564417,0.3382726490497589,0.05938853273595911
0.6171689109924512,1.4519111934379474,742.1,26.701228223684776,196.89999999999998,0.6554694056510926,0.057627912436717096,0.346071594953537,0.05781163545640371
0.6410733644778912,1.4519111934379474,737.6,26.051827953257618,201.39999999999998,0.6494321763515473,0.061616322336813995,0.35853383541107176,0.05411112331107747
0.6649778179633312,1.4519111934379474,735.8,25.937210028679637,203.20000000000005,0.6467538118362427,0.06325158656203568,0.3644326388835907,0.05683986147542248
0.6888822714487712,1.4519111934379474,725.8,24.600605230015614,213.20000000000005,0.6509680271148681,0.0601707066268014,0.36566162109375,0.07937277358594459
0.7127867249342111,1.4519111934379474,717.6,22.064763438614243,221.39999999999998,0.6470432817935944,0.059482338673089816,0.37364227771759034,0.07809023277247729
0.7366911784196511,1.4519111934379474,714.4,22.56419087249282,224.60000000000002,0.6438547551631928,0.061874559060683273,0.37888423204421995,0.07011342108959302
0.7605956319050912,1.4519111934379474,702.0,23.429076297609974,237.0,0.6427336156368255,0.0667679133220021,0.3898722767829895,0.07272303631402463
0.7845000853905311,1.4519111934379474,688.7,30.41187791427899,250.29999999999995,0.6319204151630402,0.08442056145098951,0.410020512342453,0.06980676816741145
0.8084045388759711,1.4519111934379474,670.7,35.50145588850913,268.29999999999995,0.6086412608623505,0.10642861847122889,0.4354186236858368,0.06026457965397413
0.8323089923614111,1.4519111934379474,647.1,46.867191842394334,291.9,0.596237963438034,0.10028724645044826,0.4600724637508392,0.08049010182671408
0.8562134458468511,1.4519111934379474,615.5,60.33102422218992,323.5,0.5814953327178956,0.11097605993331909,0.47835712432861327,0.0774920719194017
0.8801178993322911,1.4519111934379474,597.9,58.56074928898309,341.1,0.5176665782928467,0.14969260839088297,0.48379154205322267,0.08103756858711596
0.904022352817731,1.4519111934379474,578.1,60.22839742536121,360.9,0.44229322075843813,0.1648096087185229,0.5011710286140442,0.07528709932228571
0.927926806303171,1.4519111934379474,549.7,66.46709819434247,389.29999999999995,0.3249060451984406,0.15274592415584276,0.5320076525211335,0.06739600111014252
0.951831259788611,1.4519111934379474,505.9,89.00658197653011,433.1,0.18070465922355652,0.1065596225549649,0.5544342160224914,0.06446293351717222
0.975735713274051,1.4519111934379474,430.4,79.4595203807457,508.6,0.11361052989959716,0.07814439829234322,0.5926717817783356,0.0602126963633969
0.999640166759491,1.4519111934379474,0.4,0.9048628651416396,938.6,-19.871623229980468,44.95273482723821,0.6414967060089112,0.05086024907096874
0.06736648082733154,1.4955868787614588,899.3,16.038642879947542,39.700000000000045,0.6372483849525452,0.05008030600752074,0.2143409550189972,0.1614771100021133
0.09127093431277153,1.4955868787614588,897.2,17.979999306467946,41.799999999999955,0.6369844198226928,0.05021561245251186,0.21697016954421997,0.16191620222793357
0.11517538779821151,1.4955868787614588,896.0,18.842258889085507,43.0,0.6364470243453979,0.050231556043413485,0.2267724573612213,0.16665420115113244
0.1390798412836515,1.4955868787614588,890.0,22.724391784425052,49.0,0.6379079043865203,0.05070450522108394,0.24321098923683165,0.16644197248435913
0.1629842947690915,1.4955868787614588,885.2,22.728895181535396,53.799999999999955,0.6377400517463684,0.05088678050376389,0.2266526997089386,0.1598668997746617
0.18688874825453147,1.4955868787614588,874.4,22.549066404761895,64.60000000000002,0.6387773931026459,0.05112591554282622,0.2767242193222046,0.1303723091970858
0.21079320173997146,1.4955868787614588,864.2,23.004901330931013,74.79999999999995,0.6422408998012543,0.052742953223359375,0.2724036931991577,0.11575310044907966
0.23469765522541144,1.4955868787614588,854.1,21.459249921661517,84.89999999999998,0.6445900917053222,0.052211353128526136,0.265657377243042,0.11913049716191704
0.25860210871085143,1.4955868787614588,843.7,20.49039375820813,95.29999999999995,0.6453570246696472,0.05287298325114187,0.2965918779373169,0.09407954834272725
0.28250656219629144,1.4955868787614588,831.8,16.813170189673762,107.20000000000005,0.6464836537837982,0.05398613309066574,0.32306613922119143,0.07341342906787135
0.3064110156817314,1.4955868787614588,825.8,15.489491521055353,113.20000000000005,0.6461430013179779,0.05316201135638862,0.32468588948249816,0.07034854229499836
0.33031546916717136,1.4955868787614588,818.4,15.925329361104165,120.60000000000002,0.6489048302173615,0.05368445054878639,0.3241708517074585,0.07295577630287449
0.3542199226526114,1.4955868787614588,813.8,17.34582750783753,125.20000000000005,0.6522034525871276,0.05568365882077256,0.30086153745651245,0.0677894443380063
0.3781243761380514,1.4955868787614588,808.8,17.174526016680037,130.20000000000005,0.6513446211814881,0.0563578373611551,0.309727942943573,0.06165618683378097
0.40202882962349135,1.4955868787614588,796.0,28.27243985934746,143.0,0.6553554713726044,0.05840756030069477,0.3292535305023193,0.059743158337371455
0.4259332831089313,1.4955868787614588,790.5,28.717914661349184,148.5,0.6552136301994324,0.059674130543533495,0.3347688913345337,0.05676011839747962
0.4498377365943713,1.4955868787614588,786.6,27.44833552578618,152.39999999999998,0.6562531232833863,0.05982436055449004,0.32659090757369996,0.05806779795724252
0.47374219007981133,1.4955868787614588,782.6,27.089692782007756,156.39999999999998,0.6553171753883362,0.05970398556389945,0.33199195861816405,0.055276037714411586
0.4976466435652513,1.4955868787614588,778.9,25.57883078476385,160.10000000000002,0.6560021698474884,0.060090817280410484,0.33484970927238467,0.055932546326236704
0.5215510970506912,1.4955868787614588,774.4,23.683007727653216,164.60000000000002,0.6568404078483582,0.05950329840419183,0.33594691157341006,0.05950280461999444
0.5454555505361313,1.4955868787614588,769.0,24.730159431751627,170.0,0.6565984427928925,0.05971443011693534,0.3428964138031006,0.06064967804455808
0.5693600040215713,1.4955868787614588,760.4,21.40552726370169,178.60000000000002,0.6558517754077912,0.059751969085968984,0.3366536974906921,0.06100467442160042
0.5932644575070112,1.4955868787614588,754.8,22.5354457049961,184.20000000000005,0.65577911734581,0.059586643180631,0.33460291028022765,0.0636714318420524
0.6171689109924512,1.4955868787614588,747.1,22.17080725591664,191.89999999999998,0.6540838122367859,0.05693567422591782,0.34578059911727904,0.059470234963059275
0.6410733644778912,1.4955868787614588,740.7,24.106218685112832,198.29999999999995,0.6490374982357026,0.06154443143257719,0.35722891688346864,0.054646205746407245
0.6649778179633312,1.4955868787614588,738.9,24.015000018097435,200.10000000000002,0.6463589608669281,0.06317393044441805,0.3631643772125244,0.05724739455649563
0.6888822714487712,1.4955868787614588,728.9,22.579934753767088,210.10000000000002,0.6505508363246918,0.06010332890645139,0.3644495904445648,0.0793981992324852
0.7127867249342111,1.4955868787614588,720.7,19.712521685122617,218.29999999999995,0.6465956568717957,0.059398367496436136,0.3722998440265656,0.07810782824019753
0.7366911784196511,1.4955868787614588,717.4,20.39066968475903,221.60000000000002,0.6433841407299041,0.06176472159004643,0.3776334524154663,0.07008439149204644
0.7605956319050912,1.4955868787614588,703.6,22.435307902877316,235.39999999999998,0.6423076510429382,0.06631166120635883,0.3903909385204315,0.07042948547732705
0.7845000853905311,1.4955868787614588,690.3,28.62430934827323,248.70000000000005,0.6313281059265137,0.08384408002122017,0.4100760638713837,0.06731241563694787
0.8084045388759711,1.4955868787614588,672.3,33.9424937442829,266.70000000000005,0.6079533517360687,0.10579139689351602,0.43513683676719667,0.05896322521631108
0.8323089923614111,1.4955868787614588,647.1,46.867191842394334,291.9,0.596237963438034,0.10028724645044826,0.4600724637508392,0.08049010182671408
0.8562134458468511,1.4955868787614588,615.5,60.33102422218992,323.5,0.5814953327178956,0.11097605993331909,0.47835712432861327,0.0774920719194017
0.8801178993322911,1.4955868787614588,597.9,58.56074928898309,341.1,0.5176665782928467,0.14969260839088297,0.48379154205322267,0.08103756858711596
0.904022352817731,1.4955868787614588,578.1,60.22839742536121,360.9,0.44229322075843813,0.1648096087185229,0.5011710286140442,0.07528709932228571
0.927926806303171,1.4955868787614588,549.7,66.46709819434247,389.29999999999995,0.3249060451984406,0.15274592415584276,0.5320076525211335,0.06739600111014252
0.951831259788611,1.4955868787614588,505.9,89.00658197653011,433.1,0.18070465922355652,0.1065596225549649,0.5544342160224914,0.06446293351717222
0.975735713274051,1.4955868787614588,430.4,79.4595203807457,508.6,0.11361052989959716,0.07814439829234322,0.5926717817783356,0.0602126963633969
0.999640166759491,1.4955868787614588,0.4,0.9048628651416396,938.6,-19.871623229980468,44.95273482723821,0.6414967060089112,0.05086024907096874
0.06736648082733154,1.5392625640849702,914.2,13.755205316131875,24.799999999999955,0.6383393585681916,0.05027242139586625,0.1290927767753601,0.19330977769555008
0.09127093431277153,1.5392625640849702,912.1,14.808828677925668,26.899999999999977,0.6381160318851471,0.05039169661050031,0.17073742747306825,0.1720287651103974
0.11517538779821151,1.5392625640849702,910.9,16.00457319094167,28.100000000000023,0.6375982522964477,0.050412115379500626,0.18429638743400573,0.17941477841609932
0.1390798412836515,1.5392625640849702,904.9,19.516559808075442,34.10000000000002,0.639048594236374,0.05085718120259315,0.2271812915802002,0.17998364231772387
0.1629842947690915,1.5392625640849702,899.8,19.403630262579465,39.200000000000045,0.6387983381748199,0.05120208419054849,0.22224318981170654,0.1526606825414376
0.18688874825453147,1.5392625640849702,888.4,18.779386700041837,50.60000000000002,0.6398178815841675,0.051447808921359736,0.2882382035255432,0.12445254582676048
0.21079320173997146,1.5392625640849702,877.6,20.01636288404823,61.39999999999998,0.6432798206806183,0.052804461570915444,0.28081560134887695,0.10918970169846219
0.23469765522541144,1.5392625640849702,866.6,18.827768557112133,72.39999999999998,0.6454464495182037,0.05226531297305812,0.268924355506897,0.11158324153799831
0.25860210871085143,1.5392625640849702,855.9,17.397052459882268,83.10000000000002,0.6462232351303101,0.05290174141258295,0.2979472815990448,0.0945053597052449
0.28250656219629144,1.5392625640849702,843.1,14.5023310457474,95.89999999999998,0.646933114528656,0.05401485231427777,0.32815381288528445,0.07862754170946426
0.3064110156817314,1.5392625640849702,836.7,13.71484280014034,102.29999999999995,0.6463848352432251,0.0530332341803858,0.33037273287773133,0.07560618404406912
0.33031546916717136,1.5392625640849702,828.2,10.081767840264142,110.79999999999995,0.649241840839386,0.05342682320372398,0.3257506191730499,0.07385840161620684
0.3542199226526114,1.5392625640849702,822.4,11.144680009530797,116.60000000000002,0.6525316715240479,0.05547058068544587,0.2972781538963318,0.06865513244102764
0.3781243761380514,1.5392625640849702,817.4,11.721573980944553,121.60000000000002,0.6516828835010529,0.056119341217696725,0.3068925142288208,0.062120708023564813
0.40202882962349135,1.5392625640849702,804.6,26.420256808316577,134.39999999999998,0.6555905520915986,0.058008796874127945,0.3262154221534729,0.06259293847737596
0.4259332831089313,1.5392625640849702,799.0,26.82349934555457,140.0,0.6554521381855011,0.0592705888397688,0.33223848342895507,0.05931084229415236
0.4498377365943713,1.5392625640849702,794.2,25.794323581542073,144.79999999999995,0.6565742194652557,0.05955150679214091,0.3252370297908783,0.0608045675033007
0.47374219007981133,1.5392625640849702,789.9,24.996467013281485,149.10000000000002,0.6553311884403229,0.059614442672181356,0.33094245195388794,0.05694406712298651
0.4976466435652513,1.5392625640849702,786.1,23.784227605825972,152.89999999999998,0.6559507250785828,0.060002682149310246,0.33397622108459474,0.057573219055687554
0.5215510970506912,1.5392625640849702,781.5,22.47594782556264,157.5,0.6567156672477722,0.05942305579899226,0.33528047800064087,0.06111206242082148
0.5454555505361313,1.5392625640849702,775.2,23.732413835123566,163.79999999999995,0.6563669443130493,0.05964441961562387,0.3412640929222107,0.06157808175373752
0.5693600040215713,1.5392625640849702,766.2,20.96157138023825,172.79999999999995,0.6559259951114654,0.05991430043140321,0.3350489377975464,0.06148225716493945
0.5932644575070112,1.5392625640849702,760.4,22.604473312615806,178.60000000000002,0.6557464182376862,0.05967119901769918,0.33328428864479065,0.0641414845753535
0.6171689109924512,1.5392625640849702,752.6,22.70486674188906,186.39999999999998,0.6538678944110871,0.05687555041248397,0.3453104794025421,0.059451127701633584
0.6410733644778912,1.5392625640849702,746.2,24.96995267893884,192.79999999999995,0.6487899363040924,0.061410342450998454,0.35662872195243833,0.05458005078759766
0.6649778179633312,1.5392625640849702,744.3,25.262555643145802,194.70000000000005,0.645997554063797,0.06296405131216033,0.3629241645336151,0.05700676626875828
0.6888822714487712,1.5392625640849702,734.1,22.753023195380848,204.89999999999998,0.6501104950904846,0.0598364633597824,0.3641292929649353,0.07921151250713172
0.7127867249342111,1.5392625640849702,722.5,19.478064994591907,216.5,0.6462415099143982,0.05918076743465663,0.3721515119075775,0.07784195844946203
0.7366911784196511,1.5392625640849702,718.9,20.480401557685784,220.10000000000002,0.644152569770813,0.06237785778182118,0.37565089464187623,0.06896413919382717
0.7605956319050912,1.5392625640849702,705.1,22.227157092021564,233.89999999999998,0.6430226981639862,0.06694742735700064,0.3881557881832123,0.06980148700024776
0.7845000853905311,1.5392625640849702,691.8,27.791306350101173,247.20000000000005,0.631984931230545,0.08441949233115213,0.40776631236076355,0.06677084895583023
0.8084045388759711,1.5392625640849702,672.9,33.430043269220874,266.1,0.6082124650478363,0.10599168058798548,0.43395195007324217,0.05805447773367336
0.8323089923614111,1.5392625640849702,647.1,46.867191842394334,291.9,0.596237963438034,0.10028724645044826,0.4600724637508392,0.08049010182671408
0.8562134458468511,1.5392625640849702,615.5,60.33102422218992,323.5,0.5814953327178956,0.11097605993331909,0.47835712432861327,0.0774920719194017
0.8801178993322911,1.5392625640849702,597.9,58.56074928898309,341.1,0.5176665782928467,0.14969260839088297,0.48379154205322267,0.08103756858711596
0.904022352817731,1.5392625640849702,578.1,60.22839742536121,360.9,0.44229322075843813,0.1648096087185229,0.5011710286140442,0.07528709932228571
0.927926806303171,1.5392625640849702,549.7,66.46709819434247,389.29999999999995,0.3249060451984406,0.15274592415584276,0.5320076525211335,0.06739600111014252
0.951831259788611,1.5392625640849702,505.9,89.00658197653011,433.1,0.18070465922355652,0.1065596225549649,0.5544342160224914,0.06446293351717222
0.975735713274051,1.5392625640849702,430.4,79.4595203807457,508.6,0.11361052989959716,0.07814439829234322,0.5926717817783356,0.0602126963633969
0.999640166759491,1.5392625640849702,0.4,0.9048628651416396,938.6,-19.871623229980468,44.95273482723821,0.6414967060089112,0.05086024907096874
0.06736648082733154,1.5829382494084818,919.6,14.807868754888057,19.399999999999977,0.6394202589988709,0.05076523477269324,0.12886908650398254,0.23098624260609016
0.09127093431277153,1.5829382494084818,917.5,14.899930168552151,21.5,0.6392223715782166,0.050883187565339986,0.16626482605934143,0.23357475119473836
0.11517538779821151,1.5829382494084818,916.3,16.26744603412084,22.700000000000045,0.638690459728241,0.05093304173639757,0.17837284207344056,0.24045555619044187
0.1390798412836515,1.5829382494084818,910.3,18.857491906312116,28.700000000000045,0.6401495099067688,0.051403089461292045,0.21915751695632935,0.21130467323339333
0.1629842947690915,1.5829382494084818,905.2,19.030824293351664,33.799999999999955,0.6399230360984802,0.0517714428743233,0.262632691860199,0.14754146560800124
0.18688874825453147,1.5829382494084818,893.7,17.713170488531244,45.299999999999955,0.6409237563610077,0.05198817582760306,0.31424391865730283,0.12266695060224968
0.21079320173997146,1.5829382494084818,882.8,19.572852868318666,56.200000000000045,0.6441681742668152,0.0533685098556196,0.29743430614471433,0.10076931205418395
0.23469765522541144,1.5829382494084818,871.4,18.43099017294232,67.60000000000002,0.645859831571579,0.053092480884286856,0.27528505921363833,0.0997837831648657
0.25860210871085143,1.5829382494084818,860.6,17.481009655015608,78.39999999999998,0.6467299461364746,0.05361020448001732,0.29532291889190676,0.09108856931348704
0.28250656219629144,1.5829382494084818,847.8,13.817071263432055,91.20000000000005,0.6474535226821899,0.054757578029236385,0.32127835750579836,0.07812449575691553
0.3064110156817314,1.5829382494084818,841.4,13.255889250115208,97.60000000000002,0.646983289718628,0.053837163078638686,0.3248550474643707,0.0747150998643036
0.33031546916717136,1.5829382494084818,832.8,8.766487360528457,106.20000000000005,0.6497698783874511,0.05424945445846641,0.32204143404960633,0.07354198098224912
0.3542199226526114,1.5829382494084818,826.9,8.803057025602133,112.10000000000002,0.6529652297496795,0.05627470175998549,0.29242242574691774,0.0702138230713441
0.3781243761380514,1.5829382494084818,821.8,10.343444098352608,117.20000000000005,0.652739655971527,0.056786918564327396,0.2997750103473663,0.06210373433234064
0.40202882962349135,1.5829382494084818,808.9,26.513172510955854,130.10000000000002,0.6565343916416169,0.05862044024560014,0.3189743459224701,0.06306278420030763
0.4259332831089313,1.5829382494084818,803.0,27.206561253860876,136.0,0.656306928396225,0.059801557062252174,0.3262293815612793,0.058317830501606785
0.4498377365943713,1.5829382494084818,797.8,26.513923101757957,141.20000000000005,0.6574105203151703,0.060057014678348286,0.319198751449585,0.059312395531662
0.47374219007981133,1.5829382494084818,793.4,25.426664400210143,145.60000000000002,0.6560377061367035,0.06004280079948516,0.3245544731616974,0.054067810648199814
0.4976466435652513,1.5829382494084818,789.6,24.455489531843366,149.39999999999998,0.6566631615161895,0.060428480299538276,0.3276424527168274,0.05489375154409117
0.5215510970506912,1.5829382494084818,785.0,23.530784393783346,154.0,0.657433420419693,0.05985122223533807,0.3289786458015442,0.05863454167077065
0.5454555505361313,1.5829382494084818,778.7,25.149766750216855,160.29999999999995,0.6570947170257568,0.060084790657548404,0.33519154191017153,0.05934181439524681
0.5693600040215713,1.5829382494084818,769.7,23.09678588072919,169.29999999999995,0.6566777169704437,0.06038113235411985,0.32979968190193176,0.05931930878663754
0.5932644575070112,1.5829382494084818,763.9,24.845883141938685,175.10000000000002,0.6565072059631347,0.0601476815987052,0.3281728446483612,0.06194351626005185
0.6171689109924512,1.5829382494084818,756.0,25.034085016371208,183.0,0.6545826613903045,0.05733639478997738,0.3410573363304138,0.057413179907290696
0.6410733644778912,1.5829382494084818,749.4,27.352880087954706,189.60000000000002,0.6494261682033539,0.06183255198460032,0.3532495677471161,0.053414820551689425
0.6649778179633312,1.5829382494084818,747.5,27.724630839271246,191.5,0.6466351270675659,0.0633915122437087,0.35955865383148194,0.05605147150895708
0.6888822714487712,1.5829382494084818,736.9,24.560471351782237,202.10000000000002,0.6506158173084259,0.06018115900979084,0.3601894676685333,0.07769335995382717
0.7127867249342111,1.5829382494084818,725.3,18.887620046029408,213.70000000000005,0.6467942297458649,0.05960453644984738,0.36918836236000063,0.07715044819815169
0.7366911784196511,1.5829382494084818,721.3,19.70963703840776,217.70000000000005,0.6444008052349091,0.06258394938357398,0.3742512404918671,0.06789847788385583
0.7605956319050912,1.5829382494084818,707.4,21.341680848081495,231.60000000000002,0.6432140886783599,0.06710561007427082,0.38652987480163575,0.06857419364763563
0.7845000853905311,1.5829382494084818,694.0,25.1496537081583,245.0,0.6319927155971528,0.08442585349791287,0.4061063051223755,0.0654565449767505
0.8084045388759711,1.5829382494084818,674.1,32.55105378706179,264.9,0.6084718704223633,0.10619505251771588,0.43245816230773926,0.05706782333452987
0.8323089923614111,1.5829382494084818,647.1,46.867191842394334,291.9,0.596237963438034,0.10028724645044826,0.4600724637508392,0.08049010182671408
0.8562134458468511,1.5829382494084818,615.5,60.33102422218992,323.5,0.5814953327178956,0.11097605993331909,0.47835712432861327,0.0774920719194017
0.8801178993322911,1.5829382494084818,597.9,58.56074928898309,341.1,0.5176665782928467,0.14969260839088297,0.48379154205322267,0.08103756858711596
0.904022352817731,1.5829382494084818,578.1,60.22839742536121,360.9,0.44229322075843813,0.1648096087185229,0.5011710286140442,0.07528709932228571
0.927926806303171,1.5829382494084818,549.7,66.46709819434247,389.29999999999995,0.3249060451984406,0.15274592415584276,0.5320076525211335,0.06739600111014252
0.951831259788611,1.5829382494084818,505.9,89.00658197653011,433.1,0.18070465922355652,0.1065596225549649,0.5544342160224914,0.06446293351717222
0.975735713274051,1.5829382494084818,430.4,79.4595203807457,508.6,0.11361052989959716,0.07814439829234322,0.5926717817783356,0.0602126963633969
0.999640166759491,1.5829382494084818,0.4,0.9048628651416396,938.6,-19.871623229980468,44.95273482723821,0.6414967060089112,0.05086024907096874
0.06736648082733154,1.6266139347319932,925.7,13.306621282995756,13.299999999999955,0.6392251551151276,0.05087513427876891,-0.14681970477104186,0.4727049732699528
0.09127093431277153,1.6266139347319932,923.6,13.77750905978569,15.399999999999977,0.6390552461147309,0.050964602021814916,-0.1076629102230072,0.48679825230498563
0.11517538779821151,1.6266139347319932,922.4,15.009999470242434,16.600000000000023,0.6385777294635773,0.05097549151041117,-0.09226356744766236,0.49589978545419816
0.1390798412836515,1.6266139347319932,916.1,18.054634569164406,22.899999999999977,0.6394004046916961,0.051360536181932794,0.022949039936065674,0.46877106096680815
0.1629842947690915,1.6266139347319932,911.0,18.238094114089524,28.0,0.6392306029796601,0.051574309731206525,0.10139670372009277,0.42654379927239894
0.18688874825453147,1.6266139347319932,899.5,16.807927515786112,39.5,0.6401244580745697,0.051491664355127656,0.26458300948143004,0.17684137848593856
0.21079320173997146,1.6266139347319932,888.2,18.735736207053183,50.799999999999955,0.6430174529552459,0.05212358663569287,0.25995023250579835,0.14946538514220814
0.23469765522541144,1.6266139347319932,876.7,18.541257371833225,62.299999999999955,0.6447485983371735,0.051964876619956905,0.2423337936401367,0.16429163923492518
0.25860210871085143,1.6266139347319932,865.9,17.22956079702895,73.10000000000002,0.6456953227519989,0.052455948539356846,0.2755596101284027,0.13113971804567912
0.28250656219629144,1.6266139347319932,853.0,12.261179342348658,86.0,0.6466293573379517,0.05357700826864442,0.3175382673740387,0.07677897907441256
0.3064110156817314,1.6266139347319932,846.5,11.784707444366088,92.5,0.6460695207118988,0.052851659893125985,0.3244647979736328,0.06930271378202948
0.33031546916717136,1.6266139347319932,837.5,8.17894871820361,101.5,0.6488602340221405,0.05353688693953976,0.3224706411361694,0.06358792701574399
0.3542199226526114,1.6266139347319932,831.6,8.749607490659425,107.39999999999998,0.6520147860050202,0.055802739910358036,0.29190361499786377,0.07221940601979883
0.3781243761380514,1.6266139347319932,826.4,9.890454204079475,112.60000000000002,0.6514375805854797,0.056600575962896096,0.29822538495063783,0.06732005733040793
0.40202882962349135,1.6266139347319932,812.8,23.280077605523026,126.20000000000005,0.6549560070037842,0.05745620113825708,0.3156921207904816,0.07394641143740578
0.4259332831089313,1.6266139347319932,806.9,24.269360888575225,132.10000000000002,0.6547717571258544,0.05864160358197016,0.32439634799957273,0.06686759708600608
0.4498377365943713,1.6266139347319932,801.6,23.232157043769018,137.39999999999998,0.6557368397712707,0.05928744923687808,0.3186024487018585,0.0657853516130477
0.47374219007981133,1.6266139347319932,797.2,22.330138245649383,141.79999999999995,0.6543950438499451,0.059246651772264285,0.324443107843399,0.060192247498187294
0.4976466435652513,1.6266139347319932,793.3,21.36258494603371,145.70000000000005,0.6548080325126648,0.05996664914603847,0.32812456488609315,0.059885373665021537
0.5215510970506912,1.6266139347319932,788.7,20.656218831278967,150.29999999999995,0.6555967330932617,0.05940698260855064,0.3296289503574371,0.06287133362529346
0.5454555505361313,1.6266139347319932,781.8,22.248507052134297,157.20000000000005,0.6544550776481628,0.05962059722770633,0.3363653779029846,0.06381621456755208
0.5693600040215713,1.6266139347319932,772.8,20.314120940247893,166.20000000000005,0.6540541112422943,0.05997049101650963,0.3321617007255554,0.06403907331046484
0.5932644575070112,1.6266139347319932,767.0,22.631623427139044,172.0,0.6538945496082306,0.0597402443776206,0.33074820041656494,0.06633724814945632
0.6171689109924512,1.6266139347319932,759.1,22.81790434169088,179.89999999999998,0.6522110998630524,0.056903743657886634,0.3452585995197296,0.05792846734145542
0.6410733644778912,1.6266139347319932,752.5,25.166039505552426,186.5,0.6469566822052002,0.0609756108460799,0.3571638882160187,0.051969287372295135
0.6649778179633312,1.6266139347319932,750.1,25.50759840311587,188.89999999999998,0.6435018479824066,0.06204297606969722,0.3648978710174561,0.053677055089061024
0.6888822714487712,1.6266139347319932,739.4,22.501105188721862,199.60000000000002,0.6472528517246247,0.05873027656772524,0.3665764629840851,0.07559349545166599
0.7127867249342111,1.6266139347319932,727.8,16.947904054871035,211.20000000000005,0.643452376127243,0.058047913300016976,0.37554691433906556,0.07473069976060392
0.7366911784196511,1.6266139347319932,723.7,17.716380210314654,215.29999999999995,0.6408350944519043,0.06070636133071936,0.37990816235542296,0.06532089078454266
0.7605956319050912,1.6266139347319932,709.4,19.69564050831048,229.60000000000002,0.6392911553382874,0.0652540432328444,0.3921464741230011,0.06710102426230946
0.7845000853905311,1.6266139347319932,694.3,25.165587626655864,244.70000000000005,0.6322377622127533,0.08465402665445564,0.40451574325561523,0.06631902607311627
0.8084045388759711,1.6266139347319932,674.4,32.22583835646399,264.6,0.6087869703769684,0.1064694767753301,0.43152874112129214,0.056873901353474934
0.8323089923614111,1.6266139347319932,647.1,46.867191842394334,291.9,0.596237963438034,0.10028724645044826,0.4600724637508392,0.08049010182671408
0.8562134458468511,1.6266139347319932,615.5,60.33102422218992,323.5,0.5814953327178956,0.11097605993331909,0.47835712432861327,0.0774920719194017
0.8801178993322911,1.6266139347319932,597.9,58.56074928898309,341.1,0.5176665782928467,0.14969260839088297,0.48379154205322267,0.08103756858711596
0.904022352817731,1.6266139347319932,578.1,60.22839742536121,360.9,0.44229322075843813,0.1648096087185229,0.5011710286140442,0.07528709932228571
0.927926806303171,1.6266139347319932,549.7,66.46709819434247,389.29999999999995,0.3249060451984406,0.15274592415584276,0.5320076525211335,0.06739600111014252
0.951831259788611,1.6266139347319932,505.9,89.00658197653011,433.1,0.18070465922355652,0.1065596225549649,0.5544342160224914,0.06446293351717222
0.975735713274051,1.6266139347319932,430.4,79.4595203807457,508.6,0.11361052989959716,0.07814439829234322,0.5926717817783356,0.0602126963633969
0.999640166759491,1.6266139347319932,0.4,0.9048628651416396,938.6,-19.871623229980468,44.95273482723821,0.6414967060089112,0.05086024907096874
0.06736648082733154,1.6702896200555046,933.2,10.816381459311641,5.7999999999999545,0.6412370204925537,0.05084888453351805,-0.21569144129753112,0.7152006135871568
0.09127093431277153,1.6702896200555046,931.1,11.910447823925224,7.899999999999977,0.641089779138565,0.05093442834174851,-0.17346805930137635,0.7280510110265026
0.11517538779821151,1.6702896200555046,929.9,12.304924356590837,9.100000000000023,0.6407062351703644,0.05090974736114231,0.18984701633453369,0.1833105181401721
0.1390798412836515,1.6702896200555046,923.6,16.624076377066626,15.399999999999977,0.6416072309017181,0.05127000476887289,0.2145033895969391,0.1767870447528254
0.1629842947690915,1.6702896200555046,918.5,16.855221546603378,20.5,0.6415736734867096,0.05139858678830425,0.23404303193092346,0.15099204642287525
0.18688874825453147,1.6702896200555046,907.0,16.54109777417164,32.0,0.6425199568271637,0.051280607254236235,0.31272933483123777,0.1291834516917264
0.21079320173997146,1.6702896200555046,895.7,19.272050801292558,43.299999999999955,0.6454838454723358,0.05184623591596016,0.27666488885879514,0.13254194388370202
0.23469765522541144,1.6702896200555046,883.4,21.116698259112177,55.60000000000002,0.646956717967987,0.05178705159283437,0.22673532962799073,0.14934470542789857
0.25860210871085143,1.6702896200555046,872.6,19.50708896760505,66.39999999999998,0.6480158030986786,0.05223485008044795,0.2640173673629761,0.1300812186268772
0.28250656219629144,1.6702896200555046,859.7,15.197663513820292,79.29999999999995,0.6490310549736023,0.05322974778209393,0.30328065156936646,0.08480484479344767
0.3064110156817314,1.6702896200555046,853.2,15.386364598647724,85.79999999999995,0.6485380828380585,0.05247709955985785,0.3104479372501373,0.07862059591616509
0.33031546916717136,1.6702896200555046,843.7,12.761320264269846,95.29999999999995,0.6509199619293213,0.05355767822447236,0.31119468808174133,0.06606418584955895
0.3542199226526114,1.6702896200555046,836.9,13.889513982148967,102.10000000000002,0.6539592146873474,0.05574005049930993,0.27613194584846495,0.07898255230365481
0.3781243761380514,1.6702896200555046,831.7,14.730293248907236,107.29999999999995,0.6533935368061066,0.05660880532048444,0.28303661942481995,0.07349372817572873
0.40202882962349135,1.6702896200555046,818.1,25.321905521510747,120.89999999999998,0.6569530606269837,0.05745659317366605,0.30283779501914976,0.08013901979372548
0.4259332831089313,1.6702896200555046,811.5,25.48038862511038,127.5,0.6562534213066101,0.05867809397902576,0.3143006324768066,0.06960975258534527
0.4498377365943713,1.6702896200555046,805.3,22.980790347363822,133.70000000000005,0.6569078445434571,0.05937654293202064,0.3078225076198578,0.06755805071272732
0.47374219007981133,1.6702896200555046,800.7,22.218457817570943,138.29999999999995,0.6552669107913971,0.05928908784097986,0.3156842052936554,0.06174996644198833
0.4976466435652513,1.6702896200555046,796.6,21.35766034530223,142.39999999999998,0.6554338932037354,0.05997789912154753,0.31959487199783326,0.06213567453793827
0.5215510970506912,1.6702896200555046,791.0,20.45970775473546,148.0,0.6560538232326507,0.059427899550865144,0.32062392830848696,0.06487500909766086
0.5454555505361313,1.6702896200555046,784.1,22.134873579260464,154.89999999999998,0.6549294829368592,0.05966400452068553,0.32821905612945557,0.06518170148781746
0.5693600040215713,1.6702896200555046,775.0,19.51524873507615,164.0,0.6544778287410736,0.060115830429459234,0.3272272408008575,0.0623409656019558
0.5932644575070112,1.6702896200555046,769.2,22.019879086648498,169.79999999999995,0.6543360888957978,0.059897548659694884,0.32629422545433046,0.0641694185571552
0.6171689109924512,1.6702896200555046,761.3,22.42985833315721,177.70000000000005,0.6526548266410828,0.05710162069472133,0.34084934592247007,0.05686778552431269
0.6410733644778912,1.6702896200555046,754.7,24.959134030156896,184.29999999999995,0.6474132478237152,0.06121568542907004,0.35329006910324096,0.051314540231071556
0.6649778179633312,1.6702896200555046,752.3,25.3501826156847,186.70000000000005,0.6439633011817932,0.06230172187894037,0.3610199451446533,0.05352869309733277
0.6888822714487712,1.6702896200555046,741.6,22.824755985516152,197.39999999999998,0.6476949691772461,0.05895041850798474,0.36255348920822145,0.07559192661437866
0.7127867249342111,1.6702896200555046,730.0,18.084685396277063,209.0,0.6438944101333618,0.05830151006696549,0.37151293754577636,0.0750255999457062
0.7366911784196511,1.6702896200555046,725.8,18.913942800455402,213.20000000000005,0.6416358709335327,0.06123579443526688,0.3755188286304474,0.065946320992265
0.7605956319050912,1.6702896200555046,711.4,20.37114079251257,227.60000000000002,0.639913022518158,0.06565731962665675,0.38759648203849795,0.0691680898372408
0.7845000853905311,1.6702896200555046,696.1,25.39141957946829,242.89999999999998,0.6325895309448242,0.08492189813325333,0.40070749521255494,0.06888283845815765
0.8084045388759711,1.6702896200555046,676.0,30.687245631040955,263.0,0.6090773940086365,0.10672600136760432,0.4301694929599762,0.05672958386508803
0.8323089923614111,1.6702896200555046,647.1,46.867191842394334,291.9,0.596237963438034,0.10028724645044826,0.4600724637508392,0.08049010182671408
0.8562134458468511,1.6702896200555046,615.5,60.33102422218992,323.5,0.5814953327178956,0.11097605993331909,0.47835712432861327,0.0774920719194017
0.8801178993322911,1.6702896200555046,597.9,58.56074928898309,341.1,0.5176665782928467,0.14969260839088297,0.48379154205322267,0.08103756858711596
0.904022352817731,1.6702896200555046,578.1,60.22839742536121,360.9,0.44229322075843813,0.1648096087185229,0.5011710286140442,0.07528709932228571
0.927926806303171,1.6702896200555046,549.7,66.46709819434247,389.29999999999995,0.3249060451984406,0.15274592415584276,0.5320076525211335,0.06739600111014252
0.951831259788611,1.6702896200555046,505.9,89.00658197653011,433.1,0.18070465922355652,0.1065596225549649,0.5544342160224914,0.06446293351717222
0.975735713274051,1.6702896200555046,430.4,79.4595203807457,508.6,0.11361052989959716,0.07814439829234322,0.5926717817783356,0.0602126963633969
0.999640166759491,1.6702896200555046,0.4,0.9048628651416396,938.6,-19.871623229980468,44.95273482723821,0.6414967060089112,0.05086024907096874
0.06736648082733154,1.7139653053790163,938.8,1.7780293074622975,0.20000000000004547,0.641418969631195,0.0508911984566085,0.051813441514968875,0.11721014785520878
0.09127093431277153,1.7139653053790163,936.7,3.7710159150876215,2.2999999999999545,0.6412988066673279,0.05098442601196504,-0.015563285350799561,0.3011292590593083
0.11517538779821151,1.7139653053790163,935.5,4.348078179932966,3.5,0.6409358620643616,0.0509538101065034,0.04872087240219116,0.3362814207654015
0.1390798412836515,1.7139653053790163,928.4,9.651870561510824,10.600000000000023,0.6419027030467988,0.05132311140851048,0.22657645344734192,0.19135645597323755
0.1629842947690915,1.7139653053790163,923.3,10.07189329440294,15.700000000000045,0.6419101536273957,0.05144295581358115,0.23997976183891295,0.1606457419291125
0.18688874825453147,1.7139653053790163,911.8,11.869081599297555,27.200000000000045,0.6428628861904144,0.051323298495926796,0.32014363408088686,0.1362939523888353
0.21079320173997146,1.7139653053790163,900.5,15.749589524099004,38.5,0.6459036469459534,0.05186728531223526,0.28116554021835327,0.13864802944460294
0.23469765522541144,1.7139653053790163,888.2,18.068328840236266,50.799999999999955,0.6474721729755402,0.0518016978888917,0.22148600816726685,0.15235495206717553
0.25860210871085143,1.7139653053790163,877.4,17.69759507963158,61.60000000000002,0.6485457122325897,0.0522478995950307,0.2577674865722656,0.13424618985892753
0.28250656219629144,1.7139653053790163,864.5,14.540703283089952,74.5,0.6496281206607819,0.05320448448012341,0.29647817015647887,0.08879581076695772
0.3064110156817314,1.7139653053790163,858.0,15.712541182790916,81.0,0.6491525113582611,0.05246252540613267,0.304059362411499,0.08354500184247063
0.33031546916717136,1.7139653053790163,848.5,14.442613231354656,90.5,0.6515307903289795,0.05354494362952048,0.30189440250396726,0.07280286273418064
0.3542199226526114,1.7139653053790163,841.7,16.169281630756146,97.29999999999995,0.6546075105667114,0.055688457220412754,0.2668882548809052,0.08026648964225647
0.3781243761380514,1.7139653053790163,836.4,17.35696910563242,102.60000000000002,0.6539456725120545,0.05658777635339184,0.27338327169418336,0.0781319217433388
0.40202882962349135,1.7139653053790163,822.8,28.17130032085072,116.20000000000005,0.6575155258178711,0.05741917652933748,0.2931161642074585,0.08534576241848985
0.4259332831089313,1.7139653053790163,816.1,28.73612425680533,122.89999999999998,0.6567337334156036,0.05862985066107874,0.3045328319072723,0.07611552826988807
0.4498377365943713,1.7139653053790163,809.6,26.83240087923023,129.39999999999998,0.6570565581321717,0.059209246597211905,0.2989246785640717,0.07283602397609008
0.47374219007981133,1.7139653053790163,804.9,26.319453006033413,134.10000000000002,0.6553499519824981,0.05904791367318868,0.3071311354637146,0.06717576895123985
0.4976466435652513,1.7139653053790163,800.8,25.86256789357133,138.20000000000005,0.655501788854599,0.05971426429831185,0.3102794885635376,0.06781976537807206
0.5215510970506912,1.7139653053790163,795.0,25.50659527934578,144.0,0.6563804566860199,0.059282822751218524,0.3097599744796753,0.0677330278793572
0.5454555505361313,1.7139653053790163,788.1,27.44678184934702,150.89999999999998,0.6552561163902283,0.05952301146247591,0.3173551023006439,0.06871305234303408
0.5693600040215713,1.7139653053790163,775.0,19.51524873507615,164.0,0.6544778287410736,0.060115830429459234,0.3272272408008575,0.0623409656019558
0.5932644575070112,1.7139653053790163,769.2,22.019879086648498,169.79999999999995,0.6543360888957978,0.059897548659694884,0.32629422545433046,0.0641694185571552
0.6171689109924512,1.7139653053790163,761.3,22.42985833315721,177.70000000000005,0.6526548266410828,0.05710162069472133,0.34084934592247007,0.05686778552431269
0.6410733644778912,1.7139653053790163,754.7,24.959134030156896,184.29999999999995,0.6474132478237152,0.06121568542907004,0.35329006910324096,0.051314540231071556
0.6649778179633312,1.7139653053790163,752.3,25.3501826156847,186.70000000000005,0.6439633011817932,0.06230172187894037,0.3610199451446533,0.05352869309733277
0.6888822714487712,1.7139653053790163,741.6,22.824755985516152,197.39999999999998,0.6476949691772461,0.05895041850798474,0.36255348920822145,0.07559192661437866
0.7127867249342111,1.7139653053790163,730.0,18.084685396277063,209.0,0.6438944101333618,0.05830151006696549,0.37151293754577636,0.0750255999457062
0.7366911784196511,1.7139653053790163,725.8,18.913942800455402,213.20000000000005,0.6416358709335327,0.06123579443526688,0.3755188286304474,0.065946320992265
0.7605956319050912,1.7139653053790163,711.4,20.37114079251257,227.60000000000002,0.639913022518158,0.06565731962665675,0.38759648203849795,0.0691680898372408
0.7845000853905311,1.7139653053790163,696.1,25.39141957946829,242.89999999999998,0.6325895309448242,0.08492189813325333,0.40070749521255494,0.06888283845815765
0.8084045388759711,1.7139653053790163,676.0,30.687245631040955,263.0,0.6090773940086365,0.10672600136760432,0.4301694929599762,0.05672958386508803
0.8323089923614111,1.7139653053790163,647.1,46.867191842394334,291.9,0.596237963438034,0.10028724645044826,0.4600724637508392,0.08049010182671408
0.8562134458468511,1.7139653053790163,615.5,60.33102422218992,323.5,0.5814953327178956,0.11097605993331909,0.47835712432861327,0.0774920719194017
0.8801178993322911,1.7139653053790163,597.9,58.56074928898309,341.1,0.5176665782928467,0.14969260839088297,0.48379154205322267,0.08103756858711596
0.904022352817731,1.7139653053790163,578.1,60.22839742536121,360.9,0.44229322075843813,0.1648096087185229,0.5011710286140442,0.07528709932228571
0.927926806303171,1.7139653053790163,549.7,66.46709819434247,389.29999999999995,0.3249060451984406,0.15274592415584276,0.5320076525211335,0.06739600111014252
0.951831259788611,1.7139653053790163,505.9,89.00658197653011,433.1,0.18070465922355652,0.1065596225549649,0.5544342160224914,0.06446293351717222
0.975735713274051,1.7139653053790163,430.4,79.4595203807457,508.6,0.11361052989959716,0.07814439829234322,0.5926717817783356,0.0602126963633969
0.999640166759491,1.7139653053790163,0.4,0.9048628651416396,938.6,-19.871623229980468,44.95273482723821,0.6414967060089112,0.05086024907096874
0.06736648082733154,1.7576409907025277,939.5,0.6952019510772304,-0.5,0.641514265537262,0.050855452555803066,-1.3970953941345214,3.1604493530318787
0.09127093431277153,1.7576409907025277,937.4,3.167020027995738,1.6000000000000227,0.6414004325866699,0.05094884373124936,-0.6491516828536987,1.371967063941309
0.11517538779821151,1.7576409907025277,936.1,3.9101815351715254,2.8999999999999773,0.6408615291118622,0.05091738057985364,0.05887882113456726,0.2823719667946891
0.1390798412836515,1.7576409907025277,929.0,9.198202894421362,10.0,0.641823661327362,0.05128791285032334,0.2163609504699707,0.19025280924659752
0.1629842947690915,1.7576409907025277,923.9,9.594261049178199,15.100000000000023,0.6418341338634491,0.05140979349169492,0.2285600185394287,0.16214027230342576
0.18688874825453147,1.7576409907025277,912.4,11.663218620213826,26.600000000000023,0.642790162563324,0.051286105116333795,0.3123143672943115,0.13808698849097212
0.21079320173997146,1.7576409907025277,901.0,15.603601520202501,38.0,0.6457944929599762,0.051813767573076305,0.27491629123687744,0.13867498174405726
0.23469765522541144,1.7576409907025277,888.3,18.072262056248842,50.700000000000045,0.6475310325622559,0.051723120014728556,0.22138132452964782,0.1523338592448777
0.25860210871085143,1.7576409907025277,877.5,17.713812479415747,61.5,0.6486068069934845,0.052164890479216505,0.25771655440330504,0.13425037084245117
0.28250656219629144,1.7576409907025277,864.6,14.477805842266234,74.39999999999998,0.6496964991092682,0.0531135633296865,0.2964317977428436,0.08882720510134262
0.3064110156817314,1.7576409907025277,858.1,15.64526966717927,80.89999999999998,0.649223244190216,0.05236616085801353,0.3040157496929169,0.08358018771686931
0.33031546916717136,1.7576409907025277,848.6,14.387193089386997,90.39999999999998,0.6516051530838013,0.05344018479677637,0.3018754720687866,0.07282041629145551
0.3542199226526114,1.7576409907025277,841.8,16.115565571667883,97.20000000000005,0.6546839654445649,0.05558232484690297,0.2668687701225281,0.08028210488985985
0.3781243761380514,1.7576409907025277,836.5,17.30792527930756,102.5,0.6540270328521729,0.056470328664306325,0.273380321264267,0.07813352475024168
0.40202882962349135,1.7576409907025277,822.8,28.17130032085072,116.20000000000005,0.6575155258178711,0.05741917652933748,0.2931161642074585,0.08534576241848985
0.4259332831089313,1.7576409907025277,816.1,28.73612425680533,122.89999999999998,0.6567337334156036,0.05862985066107874,0.3045328319072723,0.07611552826988807
0.4498377365943713,1.7576409907025277,809.6,26.83240087923023,129.39999999999998,0.6570565581321717,0.059209246597211905,0.2989246785640717,0.07283602397609008
0.47374219007981133,1.7576409907025277,804.9,26.319453006033413,134.10000000000002,0.6553499519824981,0.05904791367318868,0.3071311354637146,0.06717576895123985
0.4976466435652513,1.7576409907025277,800.8,25.86256789357133,138.20000000000005,0.655501788854599,0.05971426429831185,0.3102794885635376,0.06781976537807206
0.5215510970506912,1.7576409907025277,795.0,25.50659527934578,144.0,0.6563804566860199,0.059282822751218524,0.3097599744796753,0.0677330278793572
0.5454555505361313,1.7576409907025277,788.1,27.44678184934702,150.89999999999998,0.6552561163902283,0.05952301146247591,0.3173551023006439,0.06871305234303408
0.5693600040215713,1.7576409907025277,775.0,19.51524873507615,164.0,0.6544778287410736,0.060115830429459234,0.3272272408008575,0.0623409656019558
0.5932644575070112,1.7576409907025277,769.2,22.019879086648498,169.79999999999995,0.6543360888957978,0.059897548659694884,0.32629422545433046,0.0641694185571552
0.6171689109924512,1.7576409907025277,761.3,22.42985833315721,177.70000000000005,0.6526548266410828,0.05710162069472133,0.34084934592247007,0.05686778552431269
0.6410733644778912,1.7576409907025277,754.7,24.959134030156896,184.29999999999995,0.6474132478237152,0.06121568542907004,0.35329006910324096,0.051314540231071556
0.6649778179633312,1.7576409907025277,752.3,25.3501826156847,186.70000000000005,0.6439633011817932,0.06230172187894037,0.3610199451446533,0.05352869309733277
0.6888822714487712,1.7576409907025277,741.6,22.824755985516152,197.39999999999998,0.6476949691772461,0.05895041850798474,0.36255348920822145,0.07559192661437866
0.7127867249342111,1.7576409907025277,730.0,18.084685396277063,209.0,0.6438944101333618,0.05830151006696549,0.37151293754577636,0.0750255999457062
0.7366911784196511,1.7576409907025277,725.8,18.913942800455402,213.20000000000005,0.6416358709335327,0.06123579443526688,0.3755188286304474,0.065946320992265
0.7605956319050912,1.7576409907025277,711.4,20.37114079251257,227.60000000000002,0.639913022518158,0.06565731962665675,0.38759648203849795,0.0691680898372408
0.7845000853905311,1.7576409907025277,696.1,25.39141957946829,242.89999999999998,0.6325895309448242,0.08492189813325333,0.40070749521255494,0.06888283845815765
0.8084045388759711,1.7576409907025277,676.0,30.687245631040955,263.0,0.6090773940086365,0.10672600136760432,0.4301694929599762,0.05672958386508803
0.8323089923614111,1.7576409907025277,647.1,46.867191842394334,291.9,0.596237963438034,0.10028724645044826,0.4600724637508392,0.08049010182671408
0.8562134458468511,1.7576409907025277,615.5,60.33102422218992,323.5,0.5814953327178956,0.11097605993331909,0.47835712432861327,0.0774920719194017
0.8801178993322911,1.7576409907025277,597.9,58.56074928898309,341.1,0.5176665782928467,0.14969260839088297,0.48379154205322267,0.08103756858711596
0.904022352817731,1.7576409907025277,578.1,60.22839742536121,360.9,0.44229322075843813,0.1648096087185229,0.5011710286140442,0.07528709932228571
0.927926806303171,1.7576409907025277,549.7,66.46709819434247,389.29999999999995,0.3249060451984406,0.15274592415584276,0.5320076525211335,0.06739600111014252
0.951831259788611,1.7576409907025277,505.9,89.00658197653011,433.1,0.18070465922355652,0.1065596225549649,0.5544342160224914,0.06446293351717222
0.975735713274051,1.7576409907025277,430.4,79.4595203807457,508.6,0.11361052989959716,0.07814439829234322,0.5926717817783356,0.0602126963633969
0.999640166759491,1.7576409907025277,0.4,0.9048628651416396,938.6,-19.871623229980468,44.95273482723821,0.6414967060089112,0.05086024907096874
0.06736648082733154,1.801316676026039,939.7,0.34555021442218187,-0.7000000000000455,0.6415782451629639,0.050858878708137205,0.0,0.0
0.09127093431277153,1.801316676026039,937.6,3.001090610400776,1.3999999999999773,0.6414669394493103,0.05095026366112468,-106133572812.84534,240090821957.7612
0.11517538779821151,1.801316676026039,936.3,3.7255072178001027,2.7000000000000455,0.6409300982952117,0.05091745453949329,0.071325021982193,0.291921221011587
0.1390798412836515,1.801316676026039,929.2,8.971639129125117,9.799999999999955,0.6418995022773742,0.051287529846360216,0.21769976019859313,0.19014856690120208
0.1629842947690915,1.801316676026039,924.0,9.484288561494878,15.0,0.6418526768684387,0.051409187148217565,0.22958410978317262,0.16180366336921553
0.18688874825453147,1.801316676026039,912.5,11.619504444125178,26.5,0.6428088307380676,0.051285314180041036,0.3132549822330475,0.13771931664296808
0.21079320173997146,1.801316676026039,901.1,15.572414165622167,37.89999999999998,0.6458164989948273,0.05181036297280914,0.27558897733688353,0.1386027804125576
0.23469765522541144,1.801316676026039,888.3,18.072262056248842,50.700000000000045,0.6475310325622559,0.051723120014728556,0.22138132452964782,0.1523338592448777
0.25860210871085143,1.801316676026039,877.5,17.713812479415747,61.5,0.6486068069934845,0.052164890479216505,0.25771655440330504,0.13425037084245117
0.28250656219629144,1.801316676026039,864.6,14.477805842266234,74.39999999999998,0.6496964991092682,0.0531135633296865,0.2964317977428436,0.08882720510134262
0.3064110156817314,1.801316676026039,858.1,15.64526966717927,80.89999999999998,0.649223244190216,0.05236616085801353,0.3040157496929169,0.08358018771686931
0.33031546916717136,1.801316676026039,848.6,14.387193089386997,90.39999999999998,0.6516051530838013,0.05344018479677637,0.3018754720687866,0.07282041629145551
0.3542199226526114,1.801316676026039,841.8,16.115565571667883,97.20000000000005,0.6546839654445649,0.05558232484690297,0.2668687701225281,0.08028210488985985
0.3781243761380514,1.801316676026039,836.5,17.30792527930756,102.5,0.6540270328521729,0.056470328664306325,0.273380321264267,0.07813352475024168
0.40202882962349135,1.801316676026039,822.8,28.17130032085072,116.20000000000005,0.6575155258178711,0.05741917652933748,0.2931161642074585,0.08534576241848985
0.4259332831089313,1.801316676026039,816.1,28.73612425680533,122.89999999999998,0.6567337334156036,0.05862985066107874,0.3045328319072723,0.07611552826988807
0.4498377365943713,1.801316676026039,809.6,26.83240087923023,129.39999999999998,0.6570565581321717,0.059209246597211905,0.2989246785640717,0.07283602397609008
0.47374219007981133,1.801316676026039,804.9,26.319453006033413,134.10000000000002,0.6553499519824981,0.05904791367318868,0.3071311354637146,0.06717576895123985
0.4976466435652513,1.801316676026039,800.8,25.86256789357133,138.20000000000005,0.655501788854599,0.05971426429831185,0.3102794885635376,0.06781976537807206
0.5215510970506912,1.801316676026039,795.0,25.50659527934578,144.0,0.6563804566860199,0.059282822751218524,0.3097599744796753,0.0677330278793572
0.5454555505361313,1.801316676026039,788.1,27.44678184934702,150.89999999999998,0.6552561163902283,0.05952301146247591,0.3173551023006439,0.06871305234303408
0.5693600040215713,1.801316676026039,775.0,19.51524873507615,164.0,0.6544778287410736,0.060115830429459234,0.3272272408008575,0.0623409656019558
0.5932644575070112,1.801316676026039,769.2,22.019879086648498,169.79999999999995,0.6543360888957978,0.059897548659694884,0.32629422545433046,0.0641694185571552
0.6171689109924512,1.801316676026039,761.3,22.42985833315721,177.70000000000005,0.6526548266410828,0.05710162069472133,0.34084934592247007,0.05686778552431269
0.6410733644778912,1.801316676026039,754.7,24.959134030156896,184.29999999999995,0.6474132478237152,0.06121568542907004,0.35329006910324096,0.051314540231071556
0.6649778179633312,1.801316676026039,752.3,25.3501826156847,186.70000000000005,0.6439633011817932,0.06230172187894037,0.3610199451446533,0.05352869309733277
0.6888822714487712,1.801316676026039,741.6,22.824755985516152,197.39999999999998,0.6476949691772461,0.05895041850798474,0.36255348920822145,0.07559192661437866
0.7127867249342111,1.801316676026039,730.0,18.084685396277063,209.0,0.6438944101333618,0.05830151006696549,0.37151293754577636,0.0750255999457062
0.7366911784196511,1.801316676026039,725.8,18.913942800455402,213.20000000000005,0.6416358709335327,0.06123579443526688,0.3755188286304474,0.065946320992265
0.7605956319050912,1.801316676026039,711.4,20.37114079251257,227.60000000000002,0.639913022518158,0.06565731962665675,0.38759648203849795,0.0691680898372408
0.7845000853905311,1.801316676026039,696.1,25.39141957946829,242.89999999999998,0.6325895309448242,0.08492189813325333,0.40070749521255494,0.06888283845815765
0.8084045388759711,1.801316676026039,676.0,30.687245631040955,263.0,0.6090773940086365,0.10672600136760432,0.4301694929599762,0.05672958386508803
0.8323089923614111,1.801316676026039,647.1,46.867191842394334,291.9,0.596237963438034,0.10028724645044826,0.4600724637508392,0.08049010182671408
0.8562134458468511,1.801316676026039,615.5,60.33102422218992,323.5,0.5814953327178956,0.11097605993331909,0.47835712432861327,0.0774920719194017
0.8801178993322911,1.801316676026039,597.9,58.56074928898309,341.1,0.5176665782928467,0.14969260839088297,0.48379154205322267,0.08103756858711596
0.904022352817731,1.801316676026039,578.1,60.22839742536121,360.9,0.44229322075843813,0.1648096087185229,0.5011710286140442,0.07528709932228571
0.927926806303171,1.801316676026039,549.7,66.46709819434247,389.29999999999995,0.3249060451984406,0.15274592415584276,0.5320076525211335,0.06739600111014252
0.951831259788611,1.801316676026039,505.9,89.00658197653011,433.1,0.18070465922355652,0.1065596225549649,0.5544342160224914,0.06446293351717222
0.975735713274051,1.801316676026039,430.4,79.4595203807457,508.6,0.11361052989959716,0.07814439829234322,0.5926717817783356,0.0602126963633969
0.999640166759491,1.801316676026039,0.4,0.9048628651416396,938.6,-19.871623229980468,44.95273482723821,0.6414967060089112,0.05086024907096874
