rho_th,IA_th,count_in,count_in_CI,count_out,r2_in,r2in_CI,r2_out,r2out_CI
0.0019289521733298898,0.25975721474189745,1.8,4.071882893137379,937.2,-8.107518005371094,18.340479928818795,0.641276741027832,0.05065141750361572
0.0104737816653095,0.25975721474189745,1.8,4.071882893137379,937.2,-8.107518005371094,18.340479928818795,0.641276741027832,0.05065141750361572
0.01901861115728911,0.25975721474189745,1.8,4.071882893137379,937.2,-8.107518005371094,18.340479928818795,0.641276741027832,0.05065141750361572
0.02756344064926872,0.25975721474189745,1.8,4.071882893137379,937.2,-8.107518005371094,18.340479928818795,0.641276741027832,0.05065141750361572
0.03610827014124833,0.25975721474189745,1.8,4.071882893137379,937.2,-8.107518005371094,18.340479928818795,0.641276741027832,0.05065141750361572
0.044653099633227944,0.25975721474189745,1.8,4.071882893137379,937.2,-8.107518005371094,18.340479928818795,0.641276741027832,0.05065141750361572
0.05319792912520755,0.25975721474189745,1.8,4.071882893137379,937.2,-8.107518005371094,18.340479928818795,0.641276741027832,0.05065141750361572
0.06174275861718716,0.25975721474189745,1.8,4.071882893137379,937.2,-8.107518005371094,18.340479928818795,0.641276741027832,0.05065141750361572
0.07028758810916677,0.25975721474189745,1.8,4.071882893137379,937.2,-8.107518005371094,18.340479928818795,0.641276741027832,0.05065141750361572
0.07883241760114638,0.25975721474189745,1.8,4.071882893137379,937.2,-8.107518005371094,18.340479928818795,0.641276741027832,0.05065141750361572
0.087377247093126,0.25975721474189745,1.8,4.071882893137379,937.2,-8.107518005371094,18.340479928818795,0.641276741027832,0.05065141750361572
0.0959220765851056,0.25975721474189745,1.8,4.071882893137379,937.2,-8.107518005371094,18.340479928818795,0.641276741027832,0.05065141750361572
0.10446690607708521,0.25975721474189745,1.8,4.071882893137379,937.2,-8.107518005371094,18.340479928818795,0.641276741027832,0.05065141750361572
0.11301173556906483,0.25975721474189745,1.8,4.071882893137379,937.2,-8.107518005371094,18.340479928818795,0.641276741027832,0.05065141750361572
0.12155656506104442,0.25975721474189745,1.8,4.071882893137379,937.2,-8.107518005371094,18.340479928818795,0.641276741027832,0.05065141750361572
0.13010139455302405,0.25975721474189745,1.8,4.071882893137379,937.2,-8.107518005371094,18.340479928818795,0.641276741027832,0.05065141750361572
0.13864622404500365,0.25975721474189745,1.8,4.071882893137379,937.2,-8.107518005371094,18.340479928818795,0.641276741027832,0.05065141750361572
0.14719105353698325,0.25975721474189745,1.8,4.071882893137379,937.2,-8.107518005371094,18.340479928818795,0.641276741027832,0.05065141750361572
0.15573588302896288,0.25975721474189745,0.0,0.0,939.0,0.0,0.0,0.6415782451629639,0.050858878708137205
0.16428071252094248,0.25975721474189745,0.0,0.0,939.0,0.0,0.0,0.6415782451629639,0.050858878708137205
0.1728255420129221,0.25975721474189745,0.0,0.0,939.0,0.0,0.0,0.6415782451629639,0.050858878708137205
0.1813703715049017,0.25975721474189745,0.0,0.0,939.0,0.0,0.0,0.6415782451629639,0.050858878708137205
0.1899152009968813,0.25975721474189745,0.0,0.0,939.0,0.0,0.0,0.6415782451629639,0.050858878708137205
0.19846003048886093,0.25975721474189745,0.0,0.0,939.0,0.0,0.0,0.6415782451629639,0.050858878708137205
0.20700485998084053,0.25975721474189745,0.0,0.0,939.0,0.0,0.0,0.6415782451629639,0.050858878708137205
0.21554968947282013,0.25975721474189745,0.0,0.0,939.0,0.0,0.0,0.6415782451629639,0.050858878708137205
0.22409451896479976,0.25975721474189745,0.0,0.0,939.0,0.0,0.0,0.6415782451629639,0.050858878708137205
0.23263934845677936,0.25975721474189745,0.0,0.0,939.0,0.0,0.0,0.6415782451629639,0.050858878708137205
0.24118417794875896,0.25975721474189745,0.0,0.0,939.0,0.0,0.0,0.6415782451629639,0.050858878708137205
0.2497290074407386,0.25975721474189745,0.0,0.0,939.0,0.0,0.0,0.6415782451629639,0.050858878708137205
0.2582738369327182,0.25975721474189745,0.0,0.0,939.0,0.0,0.0,0.6415782451629639,0.050858878708137205
0.2668186664246978,0.25975721474189745,0.0,0.0,939.0,0.0,0.0,0.6415782451629639,0.050858878708137205
0.2753634959166774,0.25975721474189745,0.0,0.0,939.0,0.0,0.0,0.6415782451629639,0.050858878708137205
0.283908325408657,0.25975721474189745,0.0,0.0,939.0,0.0,0.0,0.6415782451629639,0.050858878708137205
0.2924531549006366,0.25975721474189745,0.0,0.0,939.0,0.0,0.0,0.6415782451629639,0.050858878708137205
0.30099798439261627,0.25975721474189745,0.0,0.0,939.0,0.0,0.0,0.6415782451629639,0.050858878708137205
0.30954281388459587,0.25975721474189745,0.0,0.0,939.0,0.0,0.0,0.6415782451629639,0.050858878708137205
0.31808764337657547,0.25975721474189745,0.0,0.0,939.0,0.0,0.0,0.6415782451629639,0.050858878708137205
0.32663247286855507,0.25975721474189745,0.0,0.0,939.0,0.0,0.0,0.6415782451629639,0.050858878708137205
0.33517730236053467,0.25975721474189745,0.0,0.0,939.0,0.0,0.0,0.6415782451629639,0.050858878708137205
0.0019289521733298898,0.3003415913212924,25.9,27.26386916466644,913.1,-1296.5576293349266,2881.891830563138,0.6380229830741883,0.05017819120710873
0.0104737816653095,0.3003415913212924,25.9,27.26386916466644,913.1,-1296.5576293349266,2881.891830563138,0.6380229830741883,0.05017819120710873
0.01901861115728911,0.3003415913212924,25.9,27.26386916466644,913.1,-1296.5576293349266,2881.891830563138,0.6380229830741883,0.05017819120710873
0.02756344064926872,0.3003415913212924,25.9,27.26386916466644,913.1,-1296.5576293349266,2881.891830563138,0.6380229830741883,0.05017819120710873
0.03610827014124833,0.3003415913212924,25.9,27.26386916466644,913.1,-1296.5576293349266,2881.891830563138,0.6380229830741883,0.05017819120710873
0.044653099633227944,0.3003415913212924,25.9,27.26386916466644,913.1,-1296.5576293349266,2881.891830563138,0.6380229830741883,0.05017819120710873
0.05319792912520755,0.3003415913212924,25.9,27.26386916466644,913.1,-1296.5576293349266,2881.891830563138,0.6380229830741883,0.05017819120710873
0.06174275861718716,0.3003415913212924,25.9,27.26386916466644,913.1,-1296.5576293349266,2881.891830563138,0.6380229830741883,0.05017819120710873
0.07028758810916677,0.3003415913212924,25.9,27.26386916466644,913.1,-1296.5576293349266,2881.891830563138,0.6380229830741883,0.05017819120710873
0.07883241760114638,0.3003415913212924,25.9,27.26386916466644,913.1,-1296.5576293349266,2881.891830563138,0.6380229830741883,0.05017819120710873
0.087377247093126,0.3003415913212924,25.9,27.26386916466644,913.1,-1296.5576293349266,2881.891830563138,0.6380229830741883,0.05017819120710873
0.0959220765851056,0.3003415913212924,25.9,27.26386916466644,913.1,-1296.5576293349266,2881.891830563138,0.6380229830741883,0.05017819120710873
0.10446690607708521,0.3003415913212924,25.9,27.26386916466644,913.1,-1296.5576293349266,2881.891830563138,0.6380229830741883,0.05017819120710873
0.11301173556906483,0.3003415913212924,25.9,27.26386916466644,913.1,-1296.5576293349266,2881.891830563138,0.6380229830741883,0.05017819120710873
0.12155656506104442,0.3003415913212924,25.9,27.26386916466644,913.1,-1296.5576293349266,2881.891830563138,0.6380229830741883,0.05017819120710873
0.13010139455302405,0.3003415913212924,25.9,27.26386916466644,913.1,-1296.5576293349266,2881.891830563138,0.6380229830741883,0.05017819120710873
0.13864622404500365,0.3003415913212924,25.9,27.26386916466644,913.1,-1296.5576293349266,2881.891830563138,0.6380229830741883,0.05017819120710873
0.14719105353698325,0.3003415913212924,25.9,27.26386916466644,913.1,-1296.5576293349266,2881.891830563138,0.6380229830741883,0.05017819120710873
0.15573588302896288,0.3003415913212924,24.1,25.27695628882612,914.9,-1296.5465346336364,2881.8946686087033,0.6383991360664367,0.05040934690524241
0.16428071252094248,0.3003415913212924,21.1,24.28575530932662,917.9,-1296.5782540798186,2881.886555750615,0.638115668296814,0.05021096279385083
0.1728255420129221,0.3003415913212924,21.1,24.28575530932662,917.9,-1296.5782540798186,2881.886555750615,0.638115668296814,0.05021096279385083
0.1813703715049017,0.3003415913212924,19.5,24.52061961310234,919.5,-1296.650292432308,2881.8681371086727,0.638436782360077,0.050436248136481635
0.1899152009968813,0.3003415913212924,15.2,21.6369679459579,923.8,-1296.5861687779427,2881.8845314986534,0.6391566872596741,0.050915131490006864
0.19846003048886093,0.3003415913212924,12.3,21.776453308086268,926.7,-1296.543447804451,2881.89545820962,0.6395026028156281,0.05115943537459085
0.20700485998084053,0.3003415913212924,0.6,1.3572942977124596,938.4,-0.5991700649261474,1.35541685414044,0.6413230776786805,0.05121761464113934
0.21554968947282013,0.3003415913212924,0.2,0.4524314325708198,938.8,-0.3477158069610596,0.7865878033545539,0.6415035724639893,0.05096344455575655
0.22409451896479976,0.3003415913212924,0.0,0.0,939.0,0.0,0.0,0.6415782451629639,0.050858878708137205
0.23263934845677936,0.3003415913212924,0.0,0.0,939.0,0.0,0.0,0.6415782451629639,0.050858878708137205
0.24118417794875896,0.3003415913212924,0.0,0.0,939.0,0.0,0.0,0.6415782451629639,0.050858878708137205
0.2497290074407386,0.3003415913212924,0.0,0.0,939.0,0.0,0.0,0.6415782451629639,0.050858878708137205
0.2582738369327182,0.3003415913212924,0.0,0.0,939.0,0.0,0.0,0.6415782451629639,0.050858878708137205
0.2668186664246978,0.3003415913212924,0.0,0.0,939.0,0.0,0.0,0.6415782451629639,0.050858878708137205
0.2753634959166774,0.3003415913212924,0.0,0.0,939.0,0.0,0.0,0.6415782451629639,0.050858878708137205
0.283908325408657,0.3003415913212924,0.0,0.0,939.0,0.0,0.0,0.6415782451629639,0.050858878708137205
0.2924531549006366,0.3003415913212924,0.0,0.0,939.0,0.0,0.0,0.6415782451629639,0.050858878708137205
0.30099798439261627,0.3003415913212924,0.0,0.0,939.0,0.0,0.0,0.6415782451629639,0.050858878708137205
0.30954281388459587,0.3003415913212924,0.0,0.0,939.0,0.0,0.0,0.6415782451629639,0.050858878708137205
0.31808764337657547,0.3003415913212924,0.0,0.0,939.0,0.0,0.0,0.6415782451629639,0.050858878708137205
0.32663247286855507,0.3003415913212924,0.0,0.0,939.0,0.0,0.0,0.6415782451629639,0.050858878708137205
0.33517730236053467,0.3003415913212924,0.0,0.0,939.0,0.0,0.0,0.6415782451629639,0.050858878708137205
0.0019289521733298898,0.3409259679006874,78.2,59.24164965966747,860.8,-2302.160225057602,5185.500111071619,0.6266293406486512,0.04828630311253197
0.0104737816653095,0.3409259679006874,78.2,59.24164965966747,860.8,-2302.160225057602,5185.500111071619,0.6266293406486512,0.04828630311253197
0.01901861115728911,0.3409259679006874,78.2,59.24164965966747,860.8,-2302.160225057602,5185.500111071619,0.6266293406486512,0.04828630311253197
0.02756344064926872,0.3409259679006874,78.2,59.24164965966747,860.8,-2302.160225057602,5185.500111071619,0.6266293406486512,0.04828630311253197
0.03610827014124833,0.3409259679006874,78.2,59.24164965966747,860.8,-2302.160225057602,5185.500111071619,0.6266293406486512,0.04828630311253197
0.044653099633227944,0.3409259679006874,78.2,59.24164965966747,860.8,-2302.160225057602,5185.500111071619,0.6266293406486512,0.04828630311253197
0.05319792912520755,0.3409259679006874,78.2,59.24164965966747,860.8,-2302.160225057602,5185.500111071619,0.6266293406486512,0.04828630311253197
0.06174275861718716,0.3409259679006874,78.2,59.24164965966747,860.8,-2302.160225057602,5185.500111071619,0.6266293406486512,0.04828630311253197
0.07028758810916677,0.3409259679006874,78.2,59.24164965966747,860.8,-2302.160225057602,5185.500111071619,0.6266293406486512,0.04828630311253197
0.07883241760114638,0.3409259679006874,78.2,59.24164965966747,860.8,-2302.160225057602,5185.500111071619,0.6266293406486512,0.04828630311253197
0.087377247093126,0.3409259679006874,78.2,59.24164965966747,860.8,-2302.160225057602,5185.500111071619,0.6266293406486512,0.04828630311253197
0.0959220765851056,0.3409259679006874,78.2,59.24164965966747,860.8,-2302.160225057602,5185.500111071619,0.6266293406486512,0.04828630311253197
0.10446690607708521,0.3409259679006874,78.2,59.24164965966747,860.8,-2302.160225057602,5185.500111071619,0.6266293406486512,0.04828630311253197
0.11301173556906483,0.3409259679006874,78.2,59.24164965966747,860.8,-2302.160225057602,5185.500111071619,0.6266293406486512,0.04828630311253197
0.12155656506104442,0.3409259679006874,78.2,59.24164965966747,860.8,-2302.160225057602,5185.500111071619,0.6266293406486512,0.04828630311253197
0.13010139455302405,0.3409259679006874,78.2,59.24164965966747,860.8,-2302.160225057602,5185.500111071619,0.6266293406486512,0.04828630311253197
0.13864622404500365,0.3409259679006874,78.2,59.24164965966747,860.8,-2302.160225057602,5185.500111071619,0.6266293406486512,0.04828630311253197
0.14719105353698325,0.3409259679006874,78.2,59.24164965966747,860.8,-2302.160225057602,5185.500111071619,0.6266293406486512,0.04828630311253197
0.15573588302896288,0.3409259679006874,76.4,57.064580323888194,862.6,-2302.1597241401673,5185.5002375221575,0.6272156596183777,0.048637675136346085
0.16428071252094248,0.3409259679006874,73.4,52.64581871099919,865.6,-2302.193385112286,5185.491740773007,0.6273425936698913,0.048664601949314074
0.1728255420129221,0.3409259679006874,73.4,52.64581871099919,865.6,-2302.193385112286,5185.491740773007,0.6273425936698913,0.048664601949314074
0.1813703715049017,0.3409259679006874,71.8,50.50440021305182,867.2,-2302.190442740917,5185.492483446415,0.6280220985412598,0.04883721242320207
0.1899152009968813,0.3409259679006874,67.5,45.272353357717776,871.5,-2302.1891495883465,5185.492809806488,0.6291542708873749,0.04956144143560574
0.19846003048886093,0.3409259679006874,64.6,42.318666875352534,874.4,-2302.193783086538,5185.49164031272,0.6297347187995911,0.049933506290540115
0.20700485998084053,0.3409259679006874,38.4,25.673684417970907,900.6,-2304.46300970912,5184.921381032435,0.6360161483287812,0.052050969220555486
0.21554968947282013,0.3409259679006874,25.3,11.416114080547711,913.7,-2304.560534346104,5184.896739587167,0.6372001349925995,0.05203333965612193
0.22409451896479976,0.3409259679006874,13.7,11.17957368012388,925.3,-79.7538290143013,157.52458957348748,0.6392291784286499,0.05230252031292103
0.23263934845677936,0.3409259679006874,9.8,11.188470669419658,929.2,-34.22496196627617,58.65865439837361,0.6395006000995636,0.05257800165412703
0.24118417794875896,0.3409259679006874,6.7,8.47126763613432,932.3,-8.565840238332749,17.936376016970392,0.6399894416332245,0.05226452198523006
0.2497290074407386,0.3409259679006874,4.5,6.293063004445974,934.5,-1.0675138711929322,1.606031156978633,0.640412700176239,0.05181180403891132
0.2582738369327182,0.3409259679006874,0.2,0.4524314325708198,938.8,-106.42314453125,240.74587869482426,0.6415398716926575,0.05085944029242742
0.2668186664246978,0.3409259679006874,0.0,0.0,939.0,0.0,0.0,0.6415782451629639,0.050858878708137205
0.2753634959166774,0.3409259679006874,0.0,0.0,939.0,0.0,0.0,0.6415782451629639,0.050858878708137205
0.283908325408657,0.3409259679006874,0.0,0.0,939.0,0.0,0.0,0.6415782451629639,0.050858878708137205
0.2924531549006366,0.3409259679006874,0.0,0.0,939.0,0.0,0.0,0.6415782451629639,0.050858878708137205
0.30099798439261627,0.3409259679006874,0.0,0.0,939.0,0.0,0.0,0.6415782451629639,0.050858878708137205
0.30954281388459587,0.3409259679006874,0.0,0.0,939.0,0.0,0.0,0.6415782451629639,0.050858878708137205
0.31808764337657547,0.3409259679006874,0.0,0.0,939.0,0.0,0.0,0.6415782451629639,0.050858878708137205
0.32663247286855507,0.3409259679006874,0.0,0.0,939.0,0.0,0.0,0.6415782451629639,0.050858878708137205
0.33517730236053467,0.3409259679006874,0.0,0.0,939.0,0.0,0.0,0.6415782451629639,0.050858878708137205
0.0019289521733298898,0.38151034448008236,115.8,54.97843480489643,823.2,-1.5209199368953705,3.2985458127047385,0.6200522601604461,0.04437399897791292
0.0104737816653095,0.38151034448008236,115.8,54.97843480489643,823.2,-1.5209199368953705,3.2985458127047385,0.6200522601604461,0.04437399897791292
0.01901861115728911,0.38151034448008236,115.8,54.97843480489643,823.2,-1.5209199368953705,3.2985458127047385,0.6200522601604461,0.04437399897791292
0.02756344064926872,0.38151034448008236,115.8,54.97843480489643,823.2,-1.5209199368953705,3.2985458127047385,0.6200522601604461,0.04437399897791292
0.03610827014124833,0.38151034448008236,115.8,54.97843480489643,823.2,-1.5209199368953705,3.2985458127047385,0.6200522601604461,0.04437399897791292
0.044653099633227944,0.38151034448008236,115.8,54.97843480489643,823.2,-1.5209199368953705,3.2985458127047385,0.6200522601604461,0.04437399897791292
0.05319792912520755,0.38151034448008236,115.8,54.97843480489643,823.2,-1.5209199368953705,3.2985458127047385,0.6200522601604461,0.04437399897791292
0.06174275861718716,0.38151034448008236,115.8,54.97843480489643,823.2,-1.5209199368953705,3.2985458127047385,0.6200522601604461,0.04437399897791292
0.07028758810916677,0.38151034448008236,115.8,54.97843480489643,823.2,-1.5209199368953705,3.2985458127047385,0.6200522601604461,0.04437399897791292
0.07883241760114638,0.38151034448008236,115.8,54.97843480489643,823.2,-1.5209199368953705,3.2985458127047385,0.6200522601604461,0.04437399897791292
0.087377247093126,0.38151034448008236,115.8,54.97843480489643,823.2,-1.5209199368953705,3.2985458127047385,0.6200522601604461,0.04437399897791292
0.0959220765851056,0.38151034448008236,115.8,54.97843480489643,823.2,-1.5209199368953705,3.2985458127047385,0.6200522601604461,0.04437399897791292
0.10446690607708521,0.38151034448008236,115.8,54.97843480489643,823.2,-1.5209199368953705,3.2985458127047385,0.6200522601604461,0.04437399897791292
0.11301173556906483,0.38151034448008236,115.8,54.97843480489643,823.2,-1.5209199368953705,3.2985458127047385,0.6200522601604461,0.04437399897791292
0.12155656506104442,0.38151034448008236,115.8,54.97843480489643,823.2,-1.5209199368953705,3.2985458127047385,0.6200522601604461,0.04437399897791292
0.13010139455302405,0.38151034448008236,115.8,54.97843480489643,823.2,-1.5209199368953705,3.2985458127047385,0.6200522601604461,0.04437399897791292
0.13864622404500365,0.38151034448008236,115.8,54.97843480489643,823.2,-1.5209199368953705,3.2985458127047385,0.6200522601604461,0.04437399897791292
0.14719105353698325,0.38151034448008236,115.8,54.97843480489643,823.2,-1.5209199368953705,3.2985458127047385,0.6200522601604461,0.04437399897791292
0.15573588302896288,0.38151034448008236,114.0,52.94715104832854,825.0,-1.5203979790210724,3.29868544169237,0.6206978738307953,0.04479760332024332
0.16428071252094248,0.38151034448008236,111.0,49.01572530145236,828.0,-1.518696665763855,3.2991516138805923,0.6208693325519562,0.04484332872212176
0.1728255420129221,0.38151034448008236,111.0,49.01572530145236,828.0,-1.518696665763855,3.2991516138805923,0.6208693325519562,0.04484332872212176
0.1813703715049017,0.38151034448008236,109.4,47.184884641310305,829.6,-1.5176015079021454,3.2994540352273494,0.6215832233428955,0.04506911014936329
0.1899152009968813,0.38151034448008236,105.1,42.524075568521894,833.9,-1.5177164554595948,3.2994372484817296,0.6228224337100983,0.04594572090270963
0.19846003048886093,0.38151034448008236,102.2,40.09942550030331,836.8,-1.5177425146102905,3.299417091815634,0.6234553277492523,0.046400695743902105
0.20700485998084053,0.38151034448008236,76.0,30.088485575223036,863.0,-2.7956104934215547,4.130835518627877,0.6302785396575927,0.049214271361336714
0.21554968947282013,0.38151034448008236,62.9,22.63024156957828,876.1,-2.8308892250061035,4.117863716652733,0.6317291498184204,0.04921545082731665
0.22409451896479976,0.38151034448008236,50.3,19.45119022393039,888.7,-2.7455143570899962,4.031025698513798,0.6345074892044067,0.048979968854163135
0.23263934845677936,0.38151034448008236,44.3,23.95003810542452,894.7,-28.404947197437288,57.49078928779975,0.6350791454315186,0.04944690854952596
0.24118417794875896,0.38151034448008236,40.3,22.948602963600674,898.7,-3.0534249603748322,3.9684211656979196,0.6356862783432007,0.04915115755532189
0.2497290074407386,0.38151034448008236,35.5,20.518678567907102,903.5,-2.7305664300918577,4.035754760057171,0.6366585850715637,0.048627725339629314
0.2582738369327182,0.38151034448008236,28.5,18.939328335884277,910.5,-2.750987285375595,4.058220751612392,0.638312691450119,0.047651062002172055
0.2668186664246978,0.38151034448008236,13.9,11.181607901799294,925.1,-5.231632578372955,7.91849058969351,0.6402152180671692,0.04905710935194514
0.2753634959166774,0.38151034448008236,8.2,7.270253881688557,930.8,-4.273648321628571,6.509053460891356,0.6402390837669373,0.05029372935246296
0.283908325408657,0.38151034448008236,2.3,4.239491485242345,936.7,-1630.8280041337014,3685.823437528323,0.6410923302173615,0.05081355290115705
0.2924531549006366,0.38151034448008236,0.2,0.30162095504721326,938.8,0.0,0.0,0.6415457487106323,0.05085596505259641
0.30099798439261627,0.38151034448008236,0.0,0.0,939.0,0.0,0.0,0.6415782451629639,0.050858878708137205
0.30954281388459587,0.38151034448008236,0.0,0.0,939.0,0.0,0.0,0.6415782451629639,0.050858878708137205
0.31808764337657547,0.38151034448008236,0.0,0.0,939.0,0.0,0.0,0.6415782451629639,0.050858878708137205
0.32663247286855507,0.38151034448008236,0.0,0.0,939.0,0.0,0.0,0.6415782451629639,0.050858878708137205
0.33517730236053467,0.38151034448008236,0.0,0.0,939.0,0.0,0.0,0.6415782451629639,0.050858878708137205
0.0019289521733298898,0.4220947210594773,161.2,44.5092795560854,777.8,-0.6355777144432068,1.4825222323524647,0.6159035682678222,0.0467754817726
0.0104737816653095,0.4220947210594773,161.2,44.5092795560854,777.8,-0.6355777144432068,1.4825222323524647,0.6159035682678222,0.0467754817726
0.01901861115728911,0.4220947210594773,161.2,44.5092795560854,777.8,-0.6355777144432068,1.4825222323524647,0.6159035682678222,0.0467754817726
0.02756344064926872,0.4220947210594773,161.2,44.5092795560854,777.8,-0.6355777144432068,1.4825222323524647,0.6159035682678222,0.0467754817726
0.03610827014124833,0.4220947210594773,161.2,44.5092795560854,777.8,-0.6355777144432068,1.4825222323524647,0.6159035682678222,0.0467754817726
0.044653099633227944,0.4220947210594773,161.2,44.5092795560854,777.8,-0.6355777144432068,1.4825222323524647,0.6159035682678222,0.0467754817726
0.05319792912520755,0.4220947210594773,161.2,44.5092795560854,777.8,-0.6355777144432068,1.4825222323524647,0.6159035682678222,0.0467754817726
0.06174275861718716,0.4220947210594773,161.2,44.5092795560854,777.8,-0.6355777144432068,1.4825222323524647,0.6159035682678222,0.0467754817726
0.07028758810916677,0.4220947210594773,161.2,44.5092795560854,777.8,-0.6355777144432068,1.4825222323524647,0.6159035682678222,0.0467754817726
0.07883241760114638,0.4220947210594773,161.2,44.5092795560854,777.8,-0.6355777144432068,1.4825222323524647,0.6159035682678222,0.0467754817726
0.087377247093126,0.4220947210594773,161.2,44.5092795560854,777.8,-0.6355777144432068,1.4825222323524647,0.6159035682678222,0.0467754817726
0.0959220765851056,0.4220947210594773,161.2,44.5092795560854,777.8,-0.6355777144432068,1.4825222323524647,0.6159035682678222,0.0467754817726
0.10446690607708521,0.4220947210594773,161.2,44.5092795560854,777.8,-0.6355777144432068,1.4825222323524647,0.6159035682678222,0.0467754817726
0.11301173556906483,0.4220947210594773,161.2,44.5092795560854,777.8,-0.6355777144432068,1.4825222323524647,0.6159035682678222,0.0467754817726
0.12155656506104442,0.4220947210594773,161.2,44.5092795560854,777.8,-0.6355777144432068,1.4825222323524647,0.6159035682678222,0.0467754817726
0.13010139455302405,0.4220947210594773,161.2,44.5092795560854,777.8,-0.6355777144432068,1.4825222323524647,0.6159035682678222,0.0467754817726
0.13864622404500365,0.4220947210594773,161.2,44.5092795560854,777.8,-0.6355777144432068,1.4825222323524647,0.6159035682678222,0.0467754817726
0.14719105353698325,0.4220947210594773,161.2,44.5092795560854,777.8,-0.6355777144432068,1.4825222323524647,0.6159035682678222,0.0467754817726
0.15573588302896288,0.4220947210594773,159.4,42.9481656699792,779.6,-0.6350873172283172,1.4826479744915397,0.6165622293949127,0.04720895626020961
0.16428071252094248,0.4220947210594773,156.4,38.988519150497574,782.6,-0.6282912254333496,1.4846222874110155,0.6168197512626648,0.047270322694312916
0.1728255420129221,0.4220947210594773,156.4,38.988519150497574,782.6,-0.6282912254333496,1.4846222874110155,0.6168197512626648,0.047270322694312916
0.1813703715049017,0.4220947210594773,154.8,37.21200783577271,784.2,-0.6281506597995759,1.4846647754285194,0.6176013469696044,0.047499857288507676
0.1899152009968813,0.4220947210594773,150.5,34.05988777765759,788.5,-0.6291163802146912,1.484439076779602,0.6188707470893859,0.048391054869277805
0.19846003048886093,0.4220947210594773,147.6,32.9361244083654,791.4,-0.6281720638275147,1.4846698276264585,0.6195263028144836,0.04885331508383496
0.20700485998084053,0.4220947210594773,121.3,30.54433445533687,817.7,-0.6185549199581146,1.487584961583881,0.6271346747875214,0.0514619101951642
0.21554968947282013,0.4220947210594773,106.4,34.01971507024844,832.6,-0.6352473318576812,1.483793805268019,0.6279842138290406,0.05238139623799542
0.22409451896479976,0.4220947210594773,93.8,33.932022306761986,845.2,-0.6228820025920868,1.5078517034456818,0.6311355769634247,0.05199534541309949
0.23263934845677936,0.4220947210594773,87.3,40.20457139745395,851.7,-26.29573853611946,57.90298274722817,0.6317568838596344,0.05264947773346641
0.24118417794875896,0.4220947210594773,83.3,40.125294979804444,855.7,-0.6354319512844085,1.5043389624056192,0.6324631750583649,0.05234910496762065
0.2497290074407386,0.4220947210594773,76.2,40.249448934410914,862.8,-0.6352051854133606,1.5040113321534667,0.6336817800998688,0.051634378972879216
0.2582738369327182,0.4220947210594773,69.2,37.873852859929926,869.8,-0.6298600912094117,1.5049735529432207,0.6357003688812256,0.05018997467155987
0.2668186664246978,0.4220947210594773,50.2,36.46964063237804,888.8,-0.6456586241722106,1.515841695889614,0.6388073146343232,0.05158069109047736
0.2753634959166774,0.4220947210594773,37.7,35.37148754506581,901.3,-0.6253796994686127,1.4810292711488477,0.6408876955509186,0.05028967580564224
0.283908325408657,0.4220947210594773,24.3,32.58876237389703,914.7,-5.9723617255687715,10.665638644519552,0.6428433656692505,0.05091879600020858
0.2924531549006366,0.4220947210594773,21.4,31.972532597267808,917.6,-0.6102986872196198,1.384296201779374,0.6434514284133911,0.050974436141993255
0.30099798439261627,0.4220947210594773,19.8,31.419291858371153,919.2,-0.6186874747276306,1.4020149106703639,0.6437648057937622,0.05111949619258709
0.30954281388459587,0.4220947210594773,17.3,31.392587431141358,921.7,-0.01170889139175415,0.03508368761859674,0.6441711843013763,0.05139064106990287
0.31808764337657547,0.4220947210594773,2.7,4.62437650641436,936.3,-0.006361377239227295,0.03473187475232244,0.6417753994464874,0.05087030157912165
0.32663247286855507,0.4220947210594773,0.0,0.0,939.0,0.0,0.0,0.6415782451629639,0.050858878708137205
0.33517730236053467,0.4220947210594773,0.0,0.0,939.0,0.0,0.0,0.6415782451629639,0.050858878708137205
0.0019289521733298898,0.4626790976388723,181.1,45.6864280893443,757.9,-0.18239376544952393,0.4931469136048988,0.6136334359645843,0.045385135071280065
0.0104737816653095,0.4626790976388723,181.1,45.6864280893443,757.9,-0.18239376544952393,0.4931469136048988,0.6136334359645843,0.045385135071280065
0.01901861115728911,0.4626790976388723,181.1,45.6864280893443,757.9,-0.18239376544952393,0.4931469136048988,0.6136334359645843,0.045385135071280065
0.02756344064926872,0.4626790976388723,181.1,45.6864280893443,757.9,-0.18239376544952393,0.4931469136048988,0.6136334359645843,0.045385135071280065
0.03610827014124833,0.4626790976388723,181.1,45.6864280893443,757.9,-0.18239376544952393,0.4931469136048988,0.6136334359645843,0.045385135071280065
0.044653099633227944,0.4626790976388723,181.1,45.6864280893443,757.9,-0.18239376544952393,0.4931469136048988,0.6136334359645843,0.045385135071280065
0.05319792912520755,0.4626790976388723,181.1,45.6864280893443,757.9,-0.18239376544952393,0.4931469136048988,0.6136334359645843,0.045385135071280065
0.06174275861718716,0.4626790976388723,181.1,45.6864280893443,757.9,-0.18239376544952393,0.4931469136048988,0.6136334359645843,0.045385135071280065
0.07028758810916677,0.4626790976388723,181.1,45.6864280893443,757.9,-0.18239376544952393,0.4931469136048988,0.6136334359645843,0.045385135071280065
0.07883241760114638,0.4626790976388723,181.1,45.6864280893443,757.9,-0.18239376544952393,0.4931469136048988,0.6136334359645843,0.045385135071280065
0.087377247093126,0.4626790976388723,181.1,45.6864280893443,757.9,-0.18239376544952393,0.4931469136048988,0.6136334359645843,0.045385135071280065
0.0959220765851056,0.4626790976388723,181.1,45.6864280893443,757.9,-0.18239376544952393,0.4931469136048988,0.6136334359645843,0.045385135071280065
0.10446690607708521,0.4626790976388723,181.1,45.6864280893443,757.9,-0.18239376544952393,0.4931469136048988,0.6136334359645843,0.045385135071280065
0.11301173556906483,0.4626790976388723,181.1,45.6864280893443,757.9,-0.18239376544952393,0.4931469136048988,0.6136334359645843,0.045385135071280065
0.12155656506104442,0.4626790976388723,181.1,45.6864280893443,757.9,-0.18239376544952393,0.4931469136048988,0.6136334359645843,0.045385135071280065
0.13010139455302405,0.4626790976388723,181.1,45.6864280893443,757.9,-0.18239376544952393,0.4931469136048988,0.6136334359645843,0.045385135071280065
0.13864622404500365,0.4626790976388723,181.1,45.6864280893443,757.9,-0.18239376544952393,0.4931469136048988,0.6136334359645843,0.045385135071280065
0.14719105353698325,0.4626790976388723,181.1,45.6864280893443,757.9,-0.18239376544952393,0.4931469136048988,0.6136334359645843,0.045385135071280065
0.15573588302896288,0.4626790976388723,179.3,44.28034208579211,759.7,-0.18190795183181763,0.49326349284328536,0.6143401801586151,0.04584265635857884
0.16428071252094248,0.4626790976388723,176.3,40.741234879455824,762.7,-0.1776853919029236,0.49469996734930827,0.6146346509456635,0.04592748465070186
0.1728255420129221,0.4626790976388723,176.3,40.741234879455824,762.7,-0.1776853919029236,0.49469996734930827,0.6146346509456635,0.04592748465070186
0.1813703715049017,0.4626790976388723,174.7,39.20499583976686,764.3,-0.17773842215538024,0.4946808091587006,0.6154492437839508,0.04621138201887873
0.1899152009968813,0.4626790976388723,170.4,36.562133369015484,768.6,-0.17891061305999756,0.494430490999984,0.6168051064014435,0.04716447761791444
0.19846003048886093,0.4626790976388723,167.1,36.42697452694773,771.9,-0.17869090437889099,0.4945065842274357,0.6177137970924378,0.047398044103757746
0.20700485998084053,0.4626790976388723,140.8,38.484458171110624,798.2,-0.17063149213790893,0.49788080352100184,0.6255393087863922,0.050403650648768186
0.21554968947282013,0.4626790976388723,125.9,42.41160934110356,813.1,-0.2030081868171692,0.49505812708604174,0.626533591747284,0.05144686060165959
0.22409451896479976,0.4626790976388723,113.3,42.6143685557067,825.7,-0.18266915678977966,0.5042149746164789,0.6298465132713318,0.05118640178855189
0.23263934845677936,0.4626790976388723,105.3,50.198655574157605,833.7,-25.8340932905674,58.00185244825914,0.6306757628917694,0.05204414853030758
0.24118417794875896,0.4626790976388723,100.2,49.88704827431074,838.8,-0.17666658759117126,0.5006751859447532,0.6317069351673126,0.05183706752960645
0.2497290074407386,0.4626790976388723,92.9,50.31224909620535,846.1,-0.1789595067501068,0.5002324565257407,0.6324636816978455,0.05072393052292945
0.2582738369327182,0.4626790976388723,81.4,45.17296195230419,857.6,-0.17767691612243652,0.5005214278474335,0.6348001956939697,0.04922308322929424
0.2668186664246978,0.4626790976388723,59.8,42.807069892090745,879.2,-0.1784132421016693,0.4788436808863808,0.6383599281311035,0.05087854548199839
0.2753634959166774,0.4626790976388723,46.9,42.580197286823946,892.1,-0.16562092900276185,0.47606858789412443,0.6405618727207184,0.049443312934448466
0.283908325408657,0.4626790976388723,33.2,38.966053853817904,905.8,-4.975921106338501,10.775375545021864,0.6426572382450104,0.050126302954977685
0.2924531549006366,0.4626790976388723,28.0,39.00572406399398,911.0,-0.19396860599517823,0.44029729548574553,0.6423640608787536,0.0503912350030118
0.30099798439261627,0.4626790976388723,26.4,38.08106406268348,912.6,-0.19038086533546447,0.4310460292341221,0.6427077889442444,0.05054476063125929
0.30954281388459587,0.4626790976388723,23.9,37.02458652624674,915.1,-0.10370126962661744,0.2348233569789178,0.6431706130504609,0.050836448249815154
0.31808764337657547,0.4626790976388723,9.2,10.821636977555436,929.8,-0.0999811053276062,0.24900426397822015,0.6409087598323822,0.05040827445288376
0.32663247286855507,0.4626790976388723,0.4,0.9048628651416396,938.6,-2.5596950531005858,5.790432499093695,0.6415144920349121,0.050855463958800355
0.33517730236053467,0.4626790976388723,0.0,0.0,939.0,0.0,0.0,0.6415782451629639,0.050858878708137205
0.0019289521733298898,0.5032634742182673,222.4,48.612933427238424,716.6,0.05045537948608399,0.051410335076353154,0.6077344655990601,0.04974453479846608
0.0104737816653095,0.5032634742182673,222.4,48.612933427238424,716.6,0.05045537948608399,0.051410335076353154,0.6077344655990601,0.04974453479846608
0.01901861115728911,0.5032634742182673,222.4,48.612933427238424,716.6,0.05045537948608399,0.051410335076353154,0.6077344655990601,0.04974453479846608
0.02756344064926872,0.5032634742182673,222.4,48.612933427238424,716.6,0.05045537948608399,0.051410335076353154,0.6077344655990601,0.04974453479846608
0.03610827014124833,0.5032634742182673,222.4,48.612933427238424,716.6,0.05045537948608399,0.051410335076353154,0.6077344655990601,0.04974453479846608
0.044653099633227944,0.5032634742182673,222.4,48.612933427238424,716.6,0.05045537948608399,0.051410335076353154,0.6077344655990601,0.04974453479846608
0.05319792912520755,0.5032634742182673,222.4,48.612933427238424,716.6,0.05045537948608399,0.051410335076353154,0.6077344655990601,0.04974453479846608
0.06174275861718716,0.5032634742182673,222.4,48.612933427238424,716.6,0.05045537948608399,0.051410335076353154,0.6077344655990601,0.04974453479846608
0.07028758810916677,0.5032634742182673,222.4,48.612933427238424,716.6,0.05045537948608399,0.051410335076353154,0.6077344655990601,0.04974453479846608
0.07883241760114638,0.5032634742182673,222.4,48.612933427238424,716.6,0.05045537948608399,0.051410335076353154,0.6077344655990601,0.04974453479846608
0.087377247093126,0.5032634742182673,222.4,48.612933427238424,716.6,0.05045537948608399,0.051410335076353154,0.6077344655990601,0.04974453479846608
0.0959220765851056,0.5032634742182673,222.4,48.612933427238424,716.6,0.05045537948608399,0.051410335076353154,0.6077344655990601,0.04974453479846608
0.10446690607708521,0.5032634742182673,222.4,48.612933427238424,716.6,0.05045537948608399,0.051410335076353154,0.6077344655990601,0.04974453479846608
0.11301173556906483,0.5032634742182673,222.4,48.612933427238424,716.6,0.05045537948608399,0.051410335076353154,0.6077344655990601,0.04974453479846608
0.12155656506104442,0.5032634742182673,222.4,48.612933427238424,716.6,0.05045537948608399,0.051410335076353154,0.6077344655990601,0.04974453479846608
0.13010139455302405,0.5032634742182673,222.4,48.612933427238424,716.6,0.05045537948608399,0.051410335076353154,0.6077344655990601,0.04974453479846608
0.13864622404500365,0.5032634742182673,222.4,48.612933427238424,716.6,0.05045537948608399,0.051410335076353154,0.6077344655990601,0.04974453479846608
0.14719105353698325,0.5032634742182673,222.4,48.612933427238424,716.6,0.05045537948608399,0.051410335076353154,0.6077344655990601,0.04974453479846608
0.15573588302896288,0.5032634742182673,220.6,48.13689957959533,718.4,0.05094984173774719,0.05125751308457151,0.6084488153457641,0.05020858763004198
0.16428071252094248,0.5032634742182673,217.6,45.74208824312809,721.4,0.05483411550521851,0.053210656611338655,0.6088375449180603,0.05030794815197167
0.1728255420129221,0.5032634742182673,217.6,45.74208824312809,721.4,0.05483411550521851,0.053210656611338655,0.6088375449180603,0.05030794815197167
0.1813703715049017,0.5032634742182673,216.0,44.83410594144583,723.0,0.05466163158416748,0.05309460541114973,0.6097204208374023,0.0505897015501588
0.1899152009968813,0.5032634742182673,211.5,45.07473899473301,727.5,0.05352449417114258,0.05363946492488682,0.6111547172069549,0.05148021658696325
0.19846003048886093,0.5032634742182673,208.2,46.49489712475712,730.8,0.05376681089401245,0.05379381552928154,0.6120819687843323,0.051748163182862676
0.20700485998084053,0.5032634742182673,181.9,53.39782464633137,757.1,0.06746797561645508,0.0846869753358923,0.6206982493400574,0.054450145170325294
0.21554968947282013,0.5032634742182673,167.0,61.20843468479009,772.0,0.026866549253463747,0.1283848411369963,0.6218693673610687,0.05528703665745039
0.22409451896479976,0.5032634742182673,153.9,61.78303286112578,785.1,0.05244675874710083,0.11202422348224517,0.6258868515491486,0.05500961170752195
0.23263934845677936,0.5032634742182673,144.4,70.58848685499159,794.6,-25.59461290836334,58.059960345467985,0.6268076717853546,0.05608536954623369
0.24118417794875896,0.5032634742182673,139.2,71.93580736311017,799.8,0.06278395652770996,0.08586282614893258,0.6278674960136413,0.05593224264366193
0.2497290074407386,0.5032634742182673,129.3,71.85454581072268,809.7,0.06264377236366273,0.08528131623786069,0.6299644231796264,0.05310466318502826
0.2582738369327182,0.5032634742182673,115.1,69.85753108031,823.9,0.0618196964263916,0.07694489320695518,0.6332652390003204,0.05068254662916819
0.2668186664246978,0.5032634742182673,90.5,66.31911111484584,848.5,0.031712740659713745,0.05021535550961492,0.6383589446544647,0.051867071496101085
0.2753634959166774,0.5032634742182673,72.3,66.33179886203114,866.7,0.05529499650001526,0.07427444151255612,0.6417283177375793,0.05029045582914021
0.283908325408657,0.5032634742182673,58.5,64.98711161497071,880.5,-4.7583457887172695,10.820534269433672,0.6440004646778107,0.05104525480445942
0.2924531549006366,0.5032634742182673,53.3,64.79065423431007,885.7,0.01638529300689697,0.032436146885478946,0.6438206315040589,0.05133787018295942
0.30099798439261627,0.5032634742182673,51.7,62.992987663611025,887.3,0.015480756759643555,0.031136105622295344,0.6442598164081573,0.05157424345807874
0.30954281388459587,0.5032634742182673,49.2,59.869860170451666,889.8,0.014083313941955566,0.028729442848721462,0.6448688268661499,0.052033898931741596
0.31808764337657547,0.5032634742182673,28.0,33.95580874660309,911.0,0.02787674069404602,0.03302703572505223,0.6421315670013428,0.051091904094096655
0.32663247286855507,0.5032634742182673,7.3,16.513747288834924,931.7,0.007841277122497558,0.01773820120858183,0.6418088674545288,0.05087464393553998
0.33517730236053467,0.5032634742182673,0.1,0.2262157162854099,938.9,0.0,0.0,0.6415634632110596,0.050858050557652135
0.0019289521733298898,0.5438478507976623,263.9,44.32577520876471,675.1,0.05458278656005859,0.057024521607397405,0.6096889019012451,0.05426600032217453
0.0104737816653095,0.5438478507976623,263.9,44.32577520876471,675.1,0.05458278656005859,0.057024521607397405,0.6096889019012451,0.05426600032217453
0.01901861115728911,0.5438478507976623,263.9,44.32577520876471,675.1,0.05458278656005859,0.057024521607397405,0.6096889019012451,0.05426600032217453
0.02756344064926872,0.5438478507976623,263.9,44.32577520876471,675.1,0.05458278656005859,0.057024521607397405,0.6096889019012451,0.05426600032217453
0.03610827014124833,0.5438478507976623,263.9,44.32577520876471,675.1,0.05458278656005859,0.057024521607397405,0.6096889019012451,0.05426600032217453
0.044653099633227944,0.5438478507976623,263.9,44.32577520876471,675.1,0.05458278656005859,0.057024521607397405,0.6096889019012451,0.05426600032217453
0.05319792912520755,0.5438478507976623,263.9,44.32577520876471,675.1,0.05458278656005859,0.057024521607397405,0.6096889019012451,0.05426600032217453
0.06174275861718716,0.5438478507976623,263.9,44.32577520876471,675.1,0.05458278656005859,0.057024521607397405,0.6096889019012451,0.05426600032217453
0.07028758810916677,0.5438478507976623,263.9,44.32577520876471,675.1,0.05458278656005859,0.057024521607397405,0.6096889019012451,0.05426600032217453
0.07883241760114638,0.5438478507976623,263.9,44.32577520876471,675.1,0.05458278656005859,0.057024521607397405,0.6096889019012451,0.05426600032217453
0.087377247093126,0.5438478507976623,263.9,44.32577520876471,675.1,0.05458278656005859,0.057024521607397405,0.6096889019012451,0.05426600032217453
0.0959220765851056,0.5438478507976623,263.9,44.32577520876471,675.1,0.05458278656005859,0.057024521607397405,0.6096889019012451,0.05426600032217453
0.10446690607708521,0.5438478507976623,263.9,44.32577520876471,675.1,0.05458278656005859,0.057024521607397405,0.6096889019012451,0.05426600032217453
0.11301173556906483,0.5438478507976623,263.9,44.32577520876471,675.1,0.05458278656005859,0.057024521607397405,0.6096889019012451,0.05426600032217453
0.12155656506104442,0.5438478507976623,263.9,44.32577520876471,675.1,0.05458278656005859,0.057024521607397405,0.6096889019012451,0.05426600032217453
0.13010139455302405,0.5438478507976623,263.9,44.32577520876471,675.1,0.05458278656005859,0.057024521607397405,0.6096889019012451,0.05426600032217453
0.13864622404500365,0.5438478507976623,263.9,44.32577520876471,675.1,0.05458278656005859,0.057024521607397405,0.6096889019012451,0.05426600032217453
0.14719105353698325,0.5438478507976623,263.9,44.32577520876471,675.1,0.05458278656005859,0.057024521607397405,0.6096889019012451,0.05426600032217453
0.15573588302896288,0.5438478507976623,262.1,44.3257752087647,676.9,0.05472676157951355,0.0570563049587898,0.6104401826858521,0.05469891344607225
0.16428071252094248,0.5438478507976623,259.1,42.382104583042874,679.9,0.05582022070884705,0.05680790474825198,0.6110121667385101,0.05474433539011119
0.1728255420129221,0.5438478507976623,256.1,48.592167930022406,682.9,0.054952490329742434,0.05716647621622442,0.6122577011585235,0.053242068648495254
0.1813703715049017,0.5438478507976623,253.3,50.528318492148706,685.7,0.05321295857429505,0.0579926800164634,0.6137934446334838,0.05278729214461851
0.1899152009968813,0.5438478507976623,248.8,51.68510714484903,690.2,0.05216192603111267,0.057717641591824465,0.6153035342693329,0.05361760912630798
0.19846003048886093,0.5438478507976623,245.5,53.62818248180939,693.5,0.05221907496452331,0.058350369761770854,0.6162811636924743,0.05384614658158899
0.20700485998084053,0.5438478507976623,219.2,58.71526615831207,719.8,0.04547641277313232,0.060424496620008,0.6259183585643768,0.056363473953067636
0.21554968947282013,0.5438478507976623,200.2,71.98637646822058,738.8,0.006353062391281128,0.10839354379325634,0.627461564540863,0.057123348365938305
0.22409451896479976,0.5438478507976623,183.1,71.6377151721506,755.9,0.04013938307762146,0.09290497387468911,0.6284237682819367,0.05578084735806719
0.23263934845677936,0.5438478507976623,170.0,79.96511368591959,769.0,-25.612867748737337,58.05533827212576,0.6268109440803528,0.05682543895095234
0.24118417794875896,0.5438478507976623,162.0,81.3538311211672,777.0,0.044962328672409055,0.05757896355967116,0.6284153699874878,0.05662628852307984
0.2497290074407386,0.5438478507976623,144.2,81.97336765604886,794.8,0.06586633324623108,0.08989953566790544,0.6290127038955688,0.05257617271081996
0.2582738369327182,0.5438478507976623,130.0,81.16770653355495,809.0,0.06497666239738464,0.0816311265466604,0.6324035346508026,0.05008911773303041
0.2668186664246978,0.5438478507976623,103.0,77.91225997836763,836.0,0.03946719169616699,0.056130617811519436,0.638280713558197,0.05133323249355146
0.2753634959166774,0.5438478507976623,84.3,78.61772758431961,854.7,0.061237484216690063,0.07699792567746978,0.641702264547348,0.04986072286903854
0.283908325408657,0.5438478507976623,70.5,77.90514421192198,868.5,-4.752209287881851,10.822104066585903,0.644109845161438,0.050628812146840306
0.2924531549006366,0.5438478507976623,65.1,77.21323398137558,873.9,0.022090768814086913,0.04027835490092654,0.6440212607383728,0.05102461039664104
0.30099798439261627,0.5438478507976623,59.0,69.36380323115847,880.0,0.02182675004005432,0.03875051355848845,0.6453911066055298,0.05151637566847172
0.30954281388459587,0.5438478507976623,55.8,65.27568070669966,883.2,0.020104610919952394,0.037725451464873716,0.6460896313190461,0.0520285057883956
0.31808764337657547,0.5438478507976623,32.8,40.32002095183578,906.2,0.03347679376602173,0.03940032467829548,0.6435907006263732,0.05134747213332416
0.32663247286855507,0.5438478507976623,12.0,27.14588595424919,927.0,0.013830876350402832,0.03128761600461313,0.6432584941387176,0.05109574612459228
0.33517730236053467,0.5438478507976623,0.1,0.2262157162854099,938.9,0.0,0.0,0.6415634632110596,0.050858050557652135
0.0019289521733298898,0.5844322273770572,310.9,53.00451947447029,628.1,0.0671832025051117,0.04620834886210123,0.6017623364925384,0.05837468852025491
0.0104737816653095,0.5844322273770572,310.9,53.00451947447029,628.1,0.0671832025051117,0.04620834886210123,0.6017623364925384,0.05837468852025491
0.01901861115728911,0.5844322273770572,310.9,53.00451947447029,628.1,0.0671832025051117,0.04620834886210123,0.6017623364925384,0.05837468852025491
0.02756344064926872,0.5844322273770572,310.9,53.00451947447029,628.1,0.0671832025051117,0.04620834886210123,0.6017623364925384,0.05837468852025491
0.03610827014124833,0.5844322273770572,310.9,53.00451947447029,628.1,0.0671832025051117,0.04620834886210123,0.6017623364925384,0.05837468852025491
0.044653099633227944,0.5844322273770572,310.9,53.00451947447029,628.1,0.0671832025051117,0.04620834886210123,0.6017623364925384,0.05837468852025491
0.05319792912520755,0.5844322273770572,310.9,53.00451947447029,628.1,0.0671832025051117,0.04620834886210123,0.6017623364925384,0.05837468852025491
0.06174275861718716,0.5844322273770572,310.9,53.00451947447029,628.1,0.0671832025051117,0.04620834886210123,0.6017623364925384,0.05837468852025491
0.07028758810916677,0.5844322273770572,310.9,53.00451947447029,628.1,0.0671832025051117,0.04620834886210123,0.6017623364925384,0.05837468852025491
0.07883241760114638,0.5844322273770572,310.9,53.00451947447029,628.1,0.0671832025051117,0.04620834886210123,0.6017623364925384,0.05837468852025491
0.087377247093126,0.5844322273770572,310.9,53.00451947447029,628.1,0.0671832025051117,0.04620834886210123,0.6017623364925384,0.05837468852025491
0.0959220765851056,0.5844322273770572,310.9,53.00451947447029,628.1,0.0671832025051117,0.04620834886210123,0.6017623364925384,0.05837468852025491
0.10446690607708521,0.5844322273770572,310.9,53.00451947447029,628.1,0.0671832025051117,0.04620834886210123,0.6017623364925384,0.05837468852025491
0.11301173556906483,0.5844322273770572,310.9,53.00451947447029,628.1,0.0671832025051117,0.04620834886210123,0.6017623364925384,0.05837468852025491
0.12155656506104442,0.5844322273770572,310.9,53.00451947447029,628.1,0.0671832025051117,0.04620834886210123,0.6017623364925384,0.05837468852025491
0.13010139455302405,0.5844322273770572,310.9,53.00451947447029,628.1,0.0671832025051117,0.04620834886210123,0.6017623364925384,0.05837468852025491
0.13864622404500365,0.5844322273770572,310.9,53.00451947447029,628.1,0.0671832025051117,0.04620834886210123,0.6017623364925384,0.05837468852025491
0.14719105353698325,0.5844322273770572,310.9,53.00451947447029,628.1,0.0671832025051117,0.04620834886210123,0.6017623364925384,0.05837468852025491
0.15573588302896288,0.5844322273770572,309.1,52.42204521349846,629.9,0.06703555583953857,0.04614620023165551,0.6028241455554962,0.058811700590373904
0.16428071252094248,0.5844322273770572,303.3,56.040907621353874,635.7,0.06322506070137024,0.047317445073518725,0.6041982531547546,0.058356354963417546
0.1728255420129221,0.5844322273770572,300.3,62.099361648446006,638.7,0.062357330322265626,0.047823796119652644,0.605443787574768,0.05703412199569243
0.1813703715049017,0.5844322273770572,297.5,63.95880174998218,641.5,0.06050411462783813,0.04885337172219183,0.6073082983493805,0.05649336612110977
0.1899152009968813,0.5844322273770572,290.5,63.14913004706565,648.5,0.06009489297866821,0.04846048665808727,0.6107824087142945,0.05752918904757187
0.19846003048886093,0.5844322273770572,280.2,65.79451690007602,658.8,0.05594772696495056,0.05043935300526521,0.6117962300777435,0.05750237939764262
0.20700485998084053,0.5844322273770572,247.2,74.38244278754787,691.8,0.05398380756378174,0.05588865620816651,0.6203993022441864,0.058993839084803226
0.21554968947282013,0.5844322273770572,222.9,86.29697195968677,716.1,0.015198880434036255,0.10723925147731812,0.6234163582324982,0.059974427907801754
0.22409451896479976,0.5844322273770572,204.5,85.33078180033618,734.5,0.05129197835922241,0.08820148704163437,0.6242308259010315,0.05741722764514639
0.23263934845677936,0.5844322273770572,188.1,92.91287139161447,750.9,-25.60150083899498,58.05818683501215,0.624348109960556,0.055890850503718996
0.24118417794875896,0.5844322273770572,175.8,91.96335865372895,763.2,0.05595367550849915,0.04907434469320162,0.6269053399562836,0.0553832723231696
0.2497290074407386,0.5844322273770572,155.1,92.05830901838762,783.9,0.0716261625289917,0.08501088663681236,0.6274871110916138,0.05132026947676733
0.2582738369327182,0.5844322273770572,140.2,91.9763417074637,798.8,0.06321059465408325,0.08005375248862175,0.6303029179573059,0.049032396085546236
0.2668186664246978,0.5844322273770572,113.2,88.76884570924382,825.8,0.037847667932510376,0.054035492317068376,0.6368468344211579,0.050442134114474825
0.2753634959166774,0.5844322273770572,92.4,87.65332775211029,846.6,0.05901089310646057,0.07624826244260194,0.6409770846366882,0.0491465039647104
0.283908325408657,0.5844322273770572,78.5,87.13286608074654,860.5,-4.75400013923645,10.821645200946916,0.6434981405735016,0.04996542285964009
0.2924531549006366,0.5844322273770572,72.1,85.0699767085945,866.9,0.022448647022247314,0.04072694247785232,0.6434627056121827,0.050402982181801226
0.30099798439261627,0.5844322273770572,64.1,75.08669514633509,874.9,0.022400110960006714,0.03947905726761971,0.6452933311462402,0.05118398854141677
0.30954281388459587,0.5844322273770572,57.3,66.54318998541184,881.7,0.019688397645950317,0.03701707230459822,0.6468814432621002,0.05221606736849412
0.31808764337657547,0.5844322273770572,32.9,40.472949719258,906.1,0.034044915437698366,0.040213769556477034,0.6440204501152038,0.05146287583423256
0.32663247286855507,0.5844322273770572,12.0,27.14588595424919,927.0,0.013830876350402832,0.03128761600461313,0.6432584941387176,0.05109574612459228
0.33517730236053467,0.5844322273770572,0.1,0.2262157162854099,938.9,0.0,0.0,0.6415634632110596,0.050858050557652135
0.0019289521733298898,0.6250166039564522,332.0,50.084066492615875,607.0,0.037711960077285764,0.07061707340763175,0.5957338273525238,0.05708208372960869
0.0104737816653095,0.6250166039564522,332.0,50.084066492615875,607.0,0.037711960077285764,0.07061707340763175,0.5957338273525238,0.05708208372960869
0.01901861115728911,0.6250166039564522,331.2,51.601430760442895,607.8,0.047933393716812135,0.05486165778463413,0.5957497239112854,0.057064507612128564
0.02756344064926872,0.6250166039564522,331.2,51.601430760442895,607.8,0.047933393716812135,0.05486165778463413,0.5957497239112854,0.057064507612128564
0.03610827014124833,0.6250166039564522,331.2,51.601430760442895,607.8,0.047933393716812135,0.05486165778463413,0.5957497239112854,0.057064507612128564
0.044653099633227944,0.6250166039564522,331.2,51.601430760442895,607.8,0.047933393716812135,0.05486165778463413,0.5957497239112854,0.057064507612128564
0.05319792912520755,0.6250166039564522,331.2,51.601430760442895,607.8,0.047933393716812135,0.05486165778463413,0.5957497239112854,0.057064507612128564
0.06174275861718716,0.6250166039564522,331.2,51.601430760442895,607.8,0.047933393716812135,0.05486165778463413,0.5957497239112854,0.057064507612128564
0.07028758810916677,0.6250166039564522,331.2,51.601430760442895,607.8,0.047933393716812135,0.05486165778463413,0.5957497239112854,0.057064507612128564
0.07883241760114638,0.6250166039564522,331.2,51.601430760442895,607.8,0.047933393716812135,0.05486165778463413,0.5957497239112854,0.057064507612128564
0.087377247093126,0.6250166039564522,331.2,51.601430760442895,607.8,0.047933393716812135,0.05486165778463413,0.5957497239112854,0.057064507612128564
0.0959220765851056,0.6250166039564522,331.2,51.601430760442895,607.8,0.047933393716812135,0.05486165778463413,0.5957497239112854,0.057064507612128564
0.10446690607708521,0.6250166039564522,331.2,51.601430760442895,607.8,0.047933393716812135,0.05486165778463413,0.5957497239112854,0.057064507612128564
0.11301173556906483,0.6250166039564522,331.2,51.601430760442895,607.8,0.047933393716812135,0.05486165778463413,0.5957497239112854,0.057064507612128564
0.12155656506104442,0.6250166039564522,331.2,51.601430760442895,607.8,0.047933393716812135,0.05486165778463413,0.5957497239112854,0.057064507612128564
0.13010139455302405,0.6250166039564522,330.9,52.17524902880203,608.1,0.04578883051872253,0.05775768994722795,0.59566330909729,0.057160260241579684
0.13864622404500365,0.6250166039564522,330.7,52.55918235521682,608.3,0.04589319825172424,0.05761066449189904,0.5957485556602478,0.05706579870811477
0.14719105353698325,0.6250166039564522,330.3,53.330271819285336,608.7,0.04485916495323181,0.05909282089312321,0.5959364593029022,0.056859338591802124
0.15573588302896288,0.6250166039564522,327.1,55.214401591395486,611.9,0.0633770227432251,0.045248621554425675,0.5973376989364624,0.05715859060143742
0.16428071252094248,0.6250166039564522,320.5,58.877200397955576,618.5,0.06037489771842956,0.04672806787987308,0.5992270827293396,0.05666441440585268
0.1728255420129221,0.6250166039564522,317.0,64.96501574917177,622.0,0.0585305392742157,0.046882139389984194,0.6006821811199188,0.05537773414217206
0.1813703715049017,0.6250166039564522,313.4,66.82980454486322,625.6,0.055987817049026486,0.047660705821437485,0.6029140293598175,0.05490528198601924
0.1899152009968813,0.6250166039564522,304.4,65.28648104570439,634.6,0.05601175427436829,0.04757970035537521,0.6070275723934173,0.05609974095864886
0.19846003048886093,0.6250166039564522,287.6,67.49438636670753,651.4,0.04976757764816284,0.05192430718522473,0.6102168798446655,0.056962473783079545
0.20700485998084053,0.6250166039564522,254.4,77.5415209123799,684.6,0.04745100140571594,0.05799312474690137,0.6188686311244964,0.058580496830940354
0.21554968947282013,0.6250166039564522,229.8,89.94666107623448,709.2,0.012458884716033935,0.10554585885085041,0.6218286097049713,0.05973951796453583
0.22409451896479976,0.6250166039564522,211.1,89.26620451442501,727.9,0.04836928248405457,0.0867773050502586,0.6229056894779206,0.05709115154222422
0.23263934845677936,0.6250166039564522,194.0,96.62821672647003,745.0,-25.603837019205095,58.057597902531334,0.6227993130683899,0.05563605057268199
0.24118417794875896,0.6250166039564522,181.4,95.89352728272958,757.6,0.05355671048164368,0.04682690585327196,0.6255006313323974,0.055199437446150024
0.2497290074407386,0.6250166039564522,160.6,96.46284244388549,778.4,0.06944869756698609,0.08390469760670173,0.626157808303833,0.05110375623656246
0.2582738369327182,0.6250166039564522,144.6,95.76714691158027,794.4,0.0592806339263916,0.07985944072295749,0.6289465844631195,0.04884312375129418
0.2668186664246978,0.6250166039564522,116.4,91.37870542340518,822.6,0.03594696521759033,0.051853777799336476,0.6359553337097168,0.05027917664062751
0.2753634959166774,0.6250166039564522,95.6,90.37700860733122,843.4,0.05722854137420654,0.0752272244518518,0.6401900887489319,0.048962169761779716
0.283908325408657,0.6250166039564522,80.9,89.13489302330667,858.1,-4.755194538831711,10.821338262249723,0.6428872406482696,0.0498595042973716
0.2924531549006366,0.6250166039564522,74.1,86.60543620765338,864.9,0.02134581208229065,0.03905502528014626,0.6430074214935303,0.05028926638462153
0.30099798439261627,0.6250166039564522,64.3,75.25431494966716,874.7,0.02214488387107849,0.03907896474852097,0.6452620804309845,0.0511757835059103
0.30954281388459587,0.6250166039564522,57.3,66.54318998541184,881.7,0.019688397645950317,0.03701707230459822,0.6468814432621002,0.05221606736849412
0.31808764337657547,0.6250166039564522,32.9,40.472949719258,906.1,0.034044915437698366,0.040213769556477034,0.6440204501152038,0.05146287583423256
0.32663247286855507,0.6250166039564522,12.0,27.14588595424919,927.0,0.013830876350402832,0.03128761600461313,0.6432584941387176,0.05109574612459228
0.33517730236053467,0.6250166039564522,0.1,0.2262157162854099,938.9,0.0,0.0,0.6415634632110596,0.050858050557652135
0.0019289521733298898,0.6656009805358472,364.2,40.17733777255996,574.8,0.08296045064926147,0.06526614141748424,0.591153371334076,0.05832455141912506
0.0104737816653095,0.6656009805358472,364.2,40.17733777255996,574.8,0.08296045064926147,0.06526614141748424,0.591153371334076,0.05832455141912506
0.01901861115728911,0.6656009805358472,362.7,42.76753549687976,576.3,0.08210806846618653,0.0660181047523244,0.591244250535965,0.058201344903529344
0.02756344064926872,0.6656009805358472,362.7,42.76753549687976,576.3,0.08210806846618653,0.0660181047523244,0.591244250535965,0.058201344903529344
0.03610827014124833,0.6656009805358472,362.7,42.76753549687976,576.3,0.08210806846618653,0.0660181047523244,0.591244250535965,0.058201344903529344
0.044653099633227944,0.6656009805358472,362.7,42.76753549687976,576.3,0.08210806846618653,0.0660181047523244,0.591244250535965,0.058201344903529344
0.05319792912520755,0.6656009805358472,362.7,42.76753549687976,576.3,0.08210806846618653,0.0660181047523244,0.591244250535965,0.058201344903529344
0.06174275861718716,0.6656009805358472,362.7,42.76753549687976,576.3,0.08210806846618653,0.0660181047523244,0.591244250535965,0.058201344903529344
0.07028758810916677,0.6656009805358472,362.7,42.76753549687976,576.3,0.08210806846618653,0.0660181047523244,0.591244250535965,0.058201344903529344
0.07883241760114638,0.6656009805358472,362.7,42.76753549687976,576.3,0.08210806846618653,0.0660181047523244,0.591244250535965,0.058201344903529344
0.087377247093126,0.6656009805358472,362.6,42.94419375671193,576.4,0.08066279888153076,0.06740008369283612,0.5910313308238984,0.058490732309723056
0.0959220765851056,0.6656009805358472,362.4,43.298893618544966,576.6,0.08029707670211791,0.06777033150400041,0.5909074425697327,0.05866027668532005
0.10446690607708521,0.6656009805358472,361.8,44.37366057169935,577.2,0.08069381713867188,0.0673690553819747,0.5912343323230743,0.058214768580175824
0.11301173556906483,0.6656009805358472,358.6,50.33682347330681,580.4,0.07749025821685791,0.07086945936899981,0.5926615834236145,0.056342086941455795
0.12155656506104442,0.6656009805358472,357.5,52.46086126427498,581.5,0.0777937889099121,0.07051331843709552,0.5933231770992279,0.05551629821184207
0.13010139455302405,0.6656009805358472,355.1,56.942140109159496,583.9,0.07473520040512086,0.07435494143454453,0.5944382429122925,0.05425434205322708
0.13864622404500365,0.6656009805358472,354.6,57.182035374921014,584.4,0.07108272314071655,0.07448505983371752,0.594109696149826,0.05425754672058239
0.14719105353698325,0.6656009805358472,353.1,57.59741192660582,585.9,0.07037773132324218,0.07579031356493546,0.5943372011184692,0.05349022481459448
0.15573588302896288,0.6656009805358472,345.7,59.144871840953705,593.3,0.09078707098960877,0.06046518064213734,0.5971673011779786,0.054957843122935904
0.16428071252094248,0.6656009805358472,337.2,63.138819621083464,601.8,0.08979331851005554,0.06577067790663385,0.5997850835323334,0.054903535091978546
0.1728255420129221,0.6656009805358472,332.7,69.03764510309625,606.3,0.0683868944644928,0.04274216794626663,0.5994174599647522,0.05271300590038558
0.1813703715049017,0.6656009805358472,328.3,71.08442699376354,610.7,0.06269248723983764,0.047000603250478036,0.6009854078292847,0.05361185823880582
0.1899152009968813,0.6656009805358472,318.6,70.71483832676192,620.4,0.06048653125762939,0.04909787592678639,0.605114358663559,0.054810789186109356
0.19846003048886093,0.6656009805358472,300.7,74.02248506018549,638.3,0.0526297926902771,0.05309653105332572,0.6075240790843963,0.05602772622795866
0.20700485998084053,0.6656009805358472,267.5,86.20388765315953,671.5,0.0503132164478302,0.059108803356584735,0.6161758303642273,0.05790121686501495
0.21554968947282013,0.6656009805358472,242.9,99.374521238523,696.1,0.015321099758148193,0.10669803962416761,0.6191358089447021,0.0591502361434962
0.22409451896479976,0.6656009805358472,223.4,99.10623870034216,715.6,0.05072205662727356,0.08764934800935885,0.620687472820282,0.05650678106221347
0.23263934845677936,0.6656009805358472,203.7,104.94342430249853,735.3,-25.601975744962694,58.05806712774713,0.6216731786727905,0.0552290514114548
0.24118417794875896,0.6656009805358472,188.8,102.42174529646877,750.2,0.05431064367294312,0.04759381062904047,0.6239398837089538,0.05467500433348649
0.2497290074407386,0.6656009805358472,167.5,103.05292205401621,771.5,0.07019941806793213,0.08425388853323501,0.6248837411403656,0.050621171154580986
0.2582738369327182,0.6656009805358472,150.9,102.26321035806555,788.1,0.059724241495132446,0.08010877633609328,0.6276331424713135,0.04836169012088807
0.2668186664246978,0.6656009805358472,119.4,94.0664562143493,819.6,0.03607672452926636,0.051998130155933964,0.6363835275173187,0.05032566391625117
0.2753634959166774,0.6656009805358472,95.7,90.46180791940807,843.3,0.05704213976860047,0.07512897467464828,0.6401721477508545,0.04895957280978316
0.283908325408657,0.6656009805358472,80.9,89.13489302330667,858.1,-4.755194538831711,10.821338262249723,0.6428872406482696,0.0498595042973716
0.2924531549006366,0.6656009805358472,74.1,86.60543620765338,864.9,0.02134581208229065,0.03905502528014626,0.6430074214935303,0.05028926638462153
0.30099798439261627,0.6656009805358472,64.3,75.25431494966716,874.7,0.02214488387107849,0.03907896474852097,0.6452620804309845,0.0511757835059103
0.30954281388459587,0.6656009805358472,57.3,66.54318998541184,881.7,0.019688397645950317,0.03701707230459822,0.6468814432621002,0.05221606736849412
0.31808764337657547,0.6656009805358472,32.9,40.472949719258,906.1,0.034044915437698366,0.040213769556477034,0.6440204501152038,0.05146287583423256
0.32663247286855507,0.6656009805358472,12.0,27.14588595424919,927.0,0.013830876350402832,0.03128761600461313,0.6432584941387176,0.05109574612459228
0.33517730236053467,0.6656009805358472,0.1,0.2262157162854099,938.9,0.0,0.0,0.6415634632110596,0.050858050557652135
0.0019289521733298898,0.7061853571152421,390.3,39.733695675538854,548.7,0.09967160224914551,0.061257721640819635,0.5964290559291839,0.061239196922137945
0.0104737816653095,0.7061853571152421,390.3,39.733695675538854,548.7,0.09967160224914551,0.061257721640819635,0.5964290559291839,0.061239196922137945
0.01901861115728911,0.7061853571152421,388.8,42.29259293888662,550.2,0.09922114610671998,0.061649533891375445,0.5966266751289367,0.060942112580422016
0.02756344064926872,0.7061853571152421,388.8,42.29259293888662,550.2,0.09922114610671998,0.061649533891375445,0.5966266751289367,0.060942112580422016
0.03610827014124833,0.7061853571152421,388.8,42.29259293888662,550.2,0.09922114610671998,0.061649533891375445,0.5966266751289367,0.060942112580422016
0.044653099633227944,0.7061853571152421,388.8,42.29259293888662,550.2,0.09922114610671998,0.061649533891375445,0.5966266751289367,0.060942112580422016
0.05319792912520755,0.7061853571152421,388.8,42.29259293888662,550.2,0.09922114610671998,0.061649533891375445,0.5966266751289367,0.060942112580422016
0.06174275861718716,0.7061853571152421,388.8,42.29259293888662,550.2,0.09922114610671998,0.061649533891375445,0.5966266751289367,0.060942112580422016
0.07028758810916677,0.7061853571152421,388.8,42.29259293888662,550.2,0.09922114610671998,0.061649533891375445,0.5966266751289367,0.060942112580422016
0.07883241760114638,0.7061853571152421,386.3,46.79385689972843,552.7,0.09646485447883606,0.06434718881355234,0.5979320526123046,0.05902722303648162
0.087377247093126,0.7061853571152421,385.8,47.723593759355765,553.2,0.09510006308555603,0.065860791652467,0.5980875313282012,0.0588048749131409
0.0959220765851056,0.7061853571152421,385.6,48.09790405115849,553.4,0.09473434090614319,0.06628495170262011,0.5979636430740356,0.05898194399468206
0.10446690607708521,0.7061853571152421,385.0,49.22870730526918,554.0,0.09513108134269714,0.06582516967934049,0.5982905328273773,0.058516475418248816
0.11301173556906483,0.7061853571152421,381.2,55.15087820430013,557.8,0.08862788081169129,0.06892457239077997,0.5996385335922241,0.056579036846117974
0.12155656506104442,0.7061853571152421,379.2,56.940492479957264,559.8,0.08803726434707641,0.0684302849019806,0.6007074475288391,0.055686612026837855
0.13010139455302405,0.7061853571152421,374.3,60.48426189518243,564.7,0.08252532482147217,0.07123989470165776,0.6027073264122009,0.0548772153267011
0.13864622404500365,0.7061853571152421,368.9,59.29599679393083,570.1,0.07444058060646057,0.07042930570541367,0.5997355282306671,0.05217936692437453
0.14719105353698325,0.7061853571152421,367.0,59.74931453620572,572.0,0.07480024695396423,0.07344849610222184,0.6001692771911621,0.0514339280473059
0.15573588302896288,0.7061853571152421,359.6,62.19007924146246,579.4,0.09520958662033081,0.05660304355996714,0.6029993772506714,0.05278105337388678
0.16428071252094248,0.7061853571152421,349.9,66.6963066605043,589.1,0.09428325891494752,0.06257997645241632,0.6052460312843323,0.05196246388394073
0.1728255420129221,0.7061853571152421,339.9,71.66072903693596,599.1,0.06326730251312256,0.04063401424676752,0.6011591255664825,0.0535044673046803
0.1813703715049017,0.7061853571152421,335.4,73.82723566658339,603.6,0.057745361328125,0.0448046187201138,0.6027645647525788,0.054343866278817626
0.1899152009968813,0.7061853571152421,325.7,74.00251077138105,613.3,0.05553940534591675,0.0468677741870253,0.606893515586853,0.05545171965958612
0.19846003048886093,0.7061853571152421,307.0,77.68789173182535,632.0,0.04823395013809204,0.050170354406323635,0.6095914363861084,0.05665911676905024
0.20700485998084053,0.7061853571152421,272.8,90.0900441331425,666.2,0.04685800671577454,0.055809852111934094,0.6186511099338532,0.05838131921712164
0.21554968947282013,0.7061853571152421,247.6,102.8142618980381,691.4,0.01364227533340454,0.10545692363062832,0.6218504130840301,0.059603604921386145
0.22409451896479976,0.7061853571152421,227.7,102.47294514839076,711.3,0.04988628625869751,0.0871117732534208,0.6228588342666626,0.05679872819344507
0.23263934845677936,0.7061853571152421,206.6,106.95653011218779,732.4,-25.602277725934982,58.05799098216566,0.6240846633911132,0.0556151960491821
0.24118417794875896,0.7061853571152421,190.5,103.72387345577496,748.5,0.05492151379585266,0.04827989288741781,0.6253570318222046,0.054805523549667175
0.2497290074407386,0.7061853571152421,167.5,103.05292205401621,771.5,0.07019941806793213,0.08425388853323501,0.6248837411403656,0.050621171154580986
0.2582738369327182,0.7061853571152421,150.9,102.26321035806555,788.1,0.059724241495132446,0.08010877633609328,0.6276331424713135,0.04836169012088807
0.2668186664246978,0.7061853571152421,119.4,94.0664562143493,819.6,0.03607672452926636,0.051998130155933964,0.6363835275173187,0.05032566391625117
0.2753634959166774,0.7061853571152421,95.7,90.46180791940807,843.3,0.05704213976860047,0.07512897467464828,0.6401721477508545,0.04895957280978316
0.283908325408657,0.7061853571152421,80.9,89.13489302330667,858.1,-4.755194538831711,10.821338262249723,0.6428872406482696,0.0498595042973716
0.2924531549006366,0.7061853571152421,74.1,86.60543620765338,864.9,0.02134581208229065,0.03905502528014626,0.6430074214935303,0.05028926638462153
0.30099798439261627,0.7061853571152421,64.3,75.25431494966716,874.7,0.02214488387107849,0.03907896474852097,0.6452620804309845,0.0511757835059103
0.30954281388459587,0.7061853571152421,57.3,66.54318998541184,881.7,0.019688397645950317,0.03701707230459822,0.6468814432621002,0.05221606736849412
0.31808764337657547,0.7061853571152421,32.9,40.472949719258,906.1,0.034044915437698366,0.040213769556477034,0.6440204501152038,0.05146287583423256
0.32663247286855507,0.7061853571152421,12.0,27.14588595424919,927.0,0.013830876350402832,0.03128761600461313,0.6432584941387176,0.05109574612459228
0.33517730236053467,0.7061853571152421,0.1,0.2262157162854099,938.9,0.0,0.0,0.6415634632110596,0.050858050557652135
0.0019289521733298898,0.7467697336946371,420.0,29.67557819265499,519.0,0.10979897379875184,0.05762135294938947,0.5868116676807403,0.06720117167345377
0.0104737816653095,0.7467697336946371,418.7,32.135462201335585,520.3,0.10599750876426697,0.059712081250071596,0.5874644994735718,0.0662010480896405
0.01901861115728911,0.7467697336946371,415.5,38.47921280732806,523.5,0.1039391040802002,0.061319564626541825,0.5886857032775878,0.06437945174182089
0.02756344064926872,0.7467697336946371,415.5,38.47921280732806,523.5,0.1039391040802002,0.061319564626541825,0.5886857032775878,0.06437945174182089
0.03610827014124833,0.7467697336946371,415.5,38.47921280732806,523.5,0.1039391040802002,0.061319564626541825,0.5886857032775878,0.06437945174182089
0.044653099633227944,0.7467697336946371,415.5,38.47921280732806,523.5,0.1039391040802002,0.061319564626541825,0.5886857032775878,0.06437945174182089
0.05319792912520755,0.7467697336946371,415.5,38.47921280732806,523.5,0.1039391040802002,0.061319564626541825,0.5886857032775878,0.06437945174182089
0.06174275861718716,0.7467697336946371,415.5,38.47921280732806,523.5,0.1039391040802002,0.061319564626541825,0.5886857032775878,0.06437945174182089
0.07028758810916677,0.7467697336946371,413.7,42.174454059144985,525.3,0.10281439423561096,0.06232748116334931,0.5899089395999908,0.06262391315799054
0.07883241760114638,0.7467697336946371,411.1,47.62060232296002,527.9,0.10034522414207458,0.06483615913713377,0.5913008153438568,0.06071806978560483
0.087377247093126,0.7467697336946371,410.6,48.67955709985887,528.4,0.09898043274879456,0.06638398255259798,0.5914562940597534,0.06051162461893828
0.0959220765851056,0.7467697336946371,409.5,48.728648282257346,529.5,0.09792361855506897,0.0667341976840585,0.5914543807506562,0.06044499620607033
0.10446690607708521,0.7467697336946371,408.5,49.84651316842677,530.5,0.09844391345977783,0.06619279038625164,0.5919858157634735,0.06015094538291897
0.11301173556906483,0.7467697336946371,402.4,55.92120834529584,536.6,0.09074365496635436,0.06839374239570517,0.5941125988960266,0.0588045400217461
0.12155656506104442,0.7467697336946371,400.0,58.021869113081486,539.0,0.08997911214828491,0.06762987676629988,0.5953142702579498,0.058047277679404104
0.13010139455302405,0.7467697336946371,394.9,62.36560297099038,544.1,0.08412280082702636,0.07048082665361172,0.5973424136638641,0.057372566276074975
0.13864622404500365,0.7467697336946371,389.4,62.21567397431057,549.6,0.07582665681838989,0.06975595179219443,0.5943791985511779,0.05461900790794174
0.14719105353698325,0.7467697336946371,379.8,62.84365067315629,559.2,0.07602817416191102,0.07309541831092588,0.5977263152599335,0.04975887904645752
0.15573588302896288,0.7467697336946371,371.6,66.15510928105424,567.4,0.09582415223121643,0.0560117808236122,0.6001258015632629,0.05181523200966873
0.16428071252094248,0.7467697336946371,361.9,71.34184443118012,577.1,0.09489782452583313,0.06205091372010943,0.6023724555969239,0.05105308947941144
0.1728255420129221,0.7467697336946371,351.9,76.89593182725093,587.1,0.06388186812400817,0.040085682233200796,0.5982855498790741,0.052494696086381486
0.1813703715049017,0.7467697336946371,346.1,78.73870491208152,592.9,0.0576381504535675,0.04509146752023706,0.598259162902832,0.0527131765650936
0.1899152009968813,0.7467697336946371,332.4,76.85876626513291,606.6,0.055952876806259155,0.047340167407352814,0.6036447525024414,0.05447978940589849
0.19846003048886093,0.7467697336946371,313.7,81.29443651927107,625.3,0.04864742159843445,0.0506458551823716,0.6063426733016968,0.055797644363309966
0.20700485998084053,0.7467697336946371,279.3,94.39522224261508,659.7,0.04736071825027466,0.05631691889861637,0.6155717074871063,0.05788150647695659
0.21554968947282013,0.7467697336946371,254.1,107.47690962728484,684.9,0.014144986867904663,0.10581591195897558,0.6187710106372833,0.05920881360122104
0.22409451896479976,0.7467697336946371,230.4,104.48249580972248,708.6,0.05014694333076477,0.08727382412873588,0.6220349073410034,0.05661254565000484
0.23263934845677936,0.7467697336946371,206.6,106.95653011218779,732.4,-25.602277725934982,58.05799098216566,0.6240846633911132,0.0556151960491821
0.24118417794875896,0.7467697336946371,190.5,103.72387345577496,748.5,0.05492151379585266,0.04827989288741781,0.6253570318222046,0.054805523549667175
0.2497290074407386,0.7467697336946371,167.5,103.05292205401621,771.5,0.07019941806793213,0.08425388853323501,0.6248837411403656,0.050621171154580986
0.2582738369327182,0.7467697336946371,150.9,102.26321035806555,788.1,0.059724241495132446,0.08010877633609328,0.6276331424713135,0.04836169012088807
0.2668186664246978,0.7467697336946371,119.4,94.0664562143493,819.6,0.03607672452926636,0.051998130155933964,0.6363835275173187,0.05032566391625117
0.2753634959166774,0.7467697336946371,95.7,90.46180791940807,843.3,0.05704213976860047,0.07512897467464828,0.6401721477508545,0.04895957280978316
0.283908325408657,0.7467697336946371,80.9,89.13489302330667,858.1,-4.755194538831711,10.821338262249723,0.6428872406482696,0.0498595042973716
0.2924531549006366,0.7467697336946371,74.1,86.60543620765338,864.9,0.02134581208229065,0.03905502528014626,0.6430074214935303,0.05028926638462153
0.30099798439261627,0.7467697336946371,64.3,75.25431494966716,874.7,0.02214488387107849,0.03907896474852097,0.6452620804309845,0.0511757835059103
0.30954281388459587,0.7467697336946371,57.3,66.54318998541184,881.7,0.019688397645950317,0.03701707230459822,0.6468814432621002,0.05221606736849412
0.31808764337657547,0.7467697336946371,32.9,40.472949719258,906.1,0.034044915437698366,0.040213769556477034,0.6440204501152038,0.05146287583423256
0.32663247286855507,0.7467697336946371,12.0,27.14588595424919,927.0,0.013830876350402832,0.03128761600461313,0.6432584941387176,0.05109574612459228
0.33517730236053467,0.7467697336946371,0.1,0.2262157162854099,938.9,0.0,0.0,0.6415634632110596,0.050858050557652135
0.0019289521733298898,0.787354110274032,444.4,24.359977200631086,494.6,0.12866756319999695,0.059697587570168936,0.5873915076255798,0.06600210454430375
0.0104737816653095,0.787354110274032,442.6,27.60944050840556,496.4,0.12005347609519959,0.06362761778412468,0.5873611211776734,0.06605358388473488
0.01901861115728911,0.787354110274032,439.4,33.828642411221246,499.6,0.11881332993507385,0.06465901484311279,0.5890192806720733,0.0632923394229209
0.02756344064926872,0.787354110274032,439.4,33.828642411221246,499.6,0.11881332993507385,0.06465901484311279,0.5890192806720733,0.0632923394229209
0.03610827014124833,0.787354110274032,439.4,33.828642411221246,499.6,0.11881332993507385,0.06465901484311279,0.5890192806720733,0.0632923394229209
0.044653099633227944,0.787354110274032,439.4,33.828642411221246,499.6,0.11881332993507385,0.06465901484311279,0.5890192806720733,0.0632923394229209
0.05319792912520755,0.787354110274032,439.4,33.828642411221246,499.6,0.11881332993507385,0.06465901484311279,0.5890192806720733,0.0632923394229209
0.06174275861718716,0.787354110274032,439.4,33.828642411221246,499.6,0.11881332993507385,0.06465901484311279,0.5890192806720733,0.0632923394229209
0.07028758810916677,0.787354110274032,433.4,46.295623433920056,505.6,0.11690356731414794,0.06644794689126479,0.5918252229690552,0.05886968953893512
0.07883241760114638,0.787354110274032,430.7,51.840265329345776,508.3,0.11445056200027466,0.06909254457081901,0.5932518362998962,0.05685169499657567
0.087377247093126,0.787354110274032,429.3,52.7287543277071,509.7,0.11154345870018005,0.07023028284653092,0.5931987941265107,0.05608264062103312
0.0959220765851056,0.787354110274032,427.9,52.924003624729814,511.1,0.10888403654098511,0.06995763860186288,0.5926207423210144,0.05624799824198199
0.10446690607708521,0.787354110274032,422.9,53.1908468708046,516.1,0.10971994996070862,0.06862627427487078,0.5951889991760254,0.056088782621534355
0.11301173556906483,0.787354110274032,416.4,59.67808983452377,522.6,0.10279914140701293,0.07148937768738318,0.5968313753604889,0.05466221844670914
0.12155656506104442,0.787354110274032,410.3,60.77498520944212,528.7,0.09705117344856262,0.07040885235266997,0.593950617313385,0.059468806057919474
0.13010139455302405,0.787354110274032,403.5,65.20635049763894,535.5,0.09198446869850159,0.0733063482208994,0.5969027161598206,0.058132122750148243
0.13864622404500365,0.787354110274032,395.5,65.26561910581592,543.5,0.08230526447296142,0.0733775796360096,0.5942158043384552,0.054626175701440904
0.14719105353698325,0.787354110274032,385.9,66.36813411495538,553.1,0.08250678181648255,0.07654953886463577,0.5975629210472106,0.049772994881987116
0.15573588302896288,0.787354110274032,377.2,69.68341685183532,561.8,0.10096606612205505,0.06082097279573228,0.5998522222042084,0.051775759712467014
0.16428071252094248,0.787354110274032,365.0,72.94458198265069,574.0,0.09937483072280884,0.06562163422514025,0.6018310427665711,0.050827498006565996
0.1728255420129221,0.787354110274032,353.3,77.62129719752363,585.7,0.06741313934326172,0.04486418430147844,0.5979702055454255,0.05243111393604911
0.1813703715049017,0.787354110274032,347.5,79.50533995355319,591.5,0.061169421672821044,0.04964117864816484,0.5979438185691833,0.052649768398511765
0.1899152009968813,0.787354110274032,333.8,77.78429588305133,605.2,0.0594841480255127,0.05175775519073246,0.6033294081687928,0.0544361818056451
0.19846003048886093,0.787354110274032,314.7,82.03802351156926,624.3,0.0493219792842865,0.05142344544671655,0.6059249222278595,0.05575469267421446
0.20700485998084053,0.787354110274032,279.4,94.47779920792219,659.6,0.04734251499176025,0.05629823678929076,0.6154918968677521,0.05787964249216673
0.21554968947282013,0.787354110274032,254.1,107.47690962728484,684.9,0.014144986867904663,0.10581591195897558,0.6187710106372833,0.05920881360122104
0.22409451896479976,0.787354110274032,230.4,104.48249580972248,708.6,0.05014694333076477,0.08727382412873588,0.6220349073410034,0.05661254565000484
0.23263934845677936,0.787354110274032,206.6,106.95653011218779,732.4,-25.602277725934982,58.05799098216566,0.6240846633911132,0.0556151960491821
0.24118417794875896,0.787354110274032,190.5,103.72387345577496,748.5,0.05492151379585266,0.04827989288741781,0.6253570318222046,0.054805523549667175
0.2497290074407386,0.787354110274032,167.5,103.05292205401621,771.5,0.07019941806793213,0.08425388853323501,0.6248837411403656,0.050621171154580986
0.2582738369327182,0.787354110274032,150.9,102.26321035806555,788.1,0.059724241495132446,0.08010877633609328,0.6276331424713135,0.04836169012088807
0.2668186664246978,0.787354110274032,119.4,94.0664562143493,819.6,0.03607672452926636,0.051998130155933964,0.6363835275173187,0.05032566391625117
0.2753634959166774,0.787354110274032,95.7,90.46180791940807,843.3,0.05704213976860047,0.07512897467464828,0.6401721477508545,0.04895957280978316
0.283908325408657,0.787354110274032,80.9,89.13489302330667,858.1,-4.755194538831711,10.821338262249723,0.6428872406482696,0.0498595042973716
0.2924531549006366,0.787354110274032,74.1,86.60543620765338,864.9,0.02134581208229065,0.03905502528014626,0.6430074214935303,0.05028926638462153
0.30099798439261627,0.787354110274032,64.3,75.25431494966716,874.7,0.02214488387107849,0.03907896474852097,0.6452620804309845,0.0511757835059103
0.30954281388459587,0.787354110274032,57.3,66.54318998541184,881.7,0.019688397645950317,0.03701707230459822,0.6468814432621002,0.05221606736849412
0.31808764337657547,0.787354110274032,32.9,40.472949719258,906.1,0.034044915437698366,0.040213769556477034,0.6440204501152038,0.05146287583423256
0.32663247286855507,0.787354110274032,12.0,27.14588595424919,927.0,0.013830876350402832,0.03128761600461313,0.6432584941387176,0.05109574612459228
0.33517730236053467,0.787354110274032,0.1,0.2262157162854099,938.9,0.0,0.0,0.6415634632110596,0.050858050557652135
0.0019289521733298898,0.8279384868534272,480.8,32.2374813405338,458.2,0.15239299535751344,0.05765279734695728,0.5819952189922333,0.07271230550791996
0.0104737816653095,0.8279384868534272,478.8,35.32765614052128,460.2,0.14423981308937073,0.062077721722025435,0.5818657755851746,0.07292949885718236
0.01901861115728911,0.8279384868534272,474.9,42.106179994791894,464.1,0.14283614754676818,0.0633522051273825,0.58488929271698,0.06800459645915244
0.02756344064926872,0.8279384868534272,472.3,40.40771086497252,466.7,0.14083371758461,0.0630919503332569,0.5854590237140656,0.0685594751494286
0.03610827014124833,0.8279384868534272,469.7,39.51989930324742,469.3,0.13732059597969054,0.06341938152691262,0.5852383553981781,0.06834221018101377
0.044653099633227944,0.8279384868534272,469.7,39.51989930324742,469.3,0.13732059597969054,0.06341938152691262,0.5852383553981781,0.06834221018101377
0.05319792912520755,0.8279384868534272,468.7,41.0027729748371,470.3,0.13563202023506166,0.06487842490604177,0.5855195462703705,0.06800291036713774
0.06174275861718716,0.8279384868534272,465.5,43.04212668319818,473.5,0.13527309894561768,0.0651295838420821,0.5869018495082855,0.06735077348838152
0.07028758810916677,0.8279384868534272,459.2,55.06007713986561,479.8,0.1325029969215393,0.06666336448168639,0.5897476375102997,0.06326213333804702
0.07883241760114638,0.8279384868534272,456.2,60.4727449289926,482.8,0.1283043682575226,0.06874670660841742,0.5901815116405487,0.06157106202425042
0.087377247093126,0.8279384868534272,454.6,61.545827938216746,484.4,0.1256969153881073,0.0706357477323845,0.5891642212867737,0.06066531967929518
0.0959220765851056,0.8279384868534272,452.0,61.93153037084327,487.0,0.12237833738327027,0.06896265046423349,0.5890567064285278,0.0607531020820808
0.10446690607708521,0.8279384868534272,444.8,62.268292914736335,494.2,0.1217193365097046,0.06763695267796463,0.5921829462051391,0.05992386906886933
0.11301173556906483,0.8279384868534272,437.2,68.60534217018824,501.8,0.11523629426956176,0.07126835436008148,0.5948576211929322,0.057519470038888174
0.12155656506104442,0.8279384868534272,428.5,69.90537408436465,510.5,0.10683919191360473,0.0713172957088733,0.5883624792098999,0.06080941061179133
0.13010139455302405,0.8279384868534272,421.0,74.73187968426006,518.0,0.0988301932811737,0.0755795950259626,0.5906198859214783,0.05919721107377082
0.13864622404500365,0.8279384868534272,411.7,74.91961105247687,527.3,0.08707813024520875,0.0742029073691279,0.5878726005554199,0.05555713380837632
0.14719105353698325,0.8279384868534272,397.4,74.58351949201128,541.6,0.08470645546913147,0.07963839404691196,0.5910047352313995,0.05093985780974832
0.15573588302896288,0.8279384868534272,387.6,77.67705890754443,551.4,0.10315055847167968,0.06269649410476995,0.5929363071918488,0.05296358139624532
0.16428071252094248,0.8279384868534272,375.4,81.50549432420827,563.6,0.10155932307243347,0.06739296283224445,0.5949151277542114,0.052186291905770704
0.1728255420129221,0.8279384868534272,363.7,86.51978168622813,575.3,0.06959763169288635,0.04824734479915213,0.5910542905330658,0.053466174867007485
0.1813703715049017,0.8279384868534272,352.6,83.26268180103186,586.4,0.06208736300468445,0.05096258435509971,0.5949469923973083,0.052529061930799786
0.1899152009968813,0.8279384868534272,333.8,77.78429588305133,605.2,0.0594841480255127,0.05175775519073246,0.6033294081687928,0.0544361818056451
0.19846003048886093,0.8279384868534272,314.7,82.03802351156926,624.3,0.0493219792842865,0.05142344544671655,0.6059249222278595,0.05575469267421446
0.20700485998084053,0.8279384868534272,279.4,94.47779920792219,659.6,0.04734251499176025,0.05629823678929076,0.6154918968677521,0.05787964249216673
0.21554968947282013,0.8279384868534272,254.1,107.47690962728484,684.9,0.014144986867904663,0.10581591195897558,0.6187710106372833,0.05920881360122104
0.22409451896479976,0.8279384868534272,230.4,104.48249580972248,708.6,0.05014694333076477,0.08727382412873588,0.6220349073410034,0.05661254565000484
0.23263934845677936,0.8279384868534272,206.6,106.95653011218779,732.4,-25.602277725934982,58.05799098216566,0.6240846633911132,0.0556151960491821
0.24118417794875896,0.8279384868534272,190.5,103.72387345577496,748.5,0.05492151379585266,0.04827989288741781,0.6253570318222046,0.054805523549667175
0.2497290074407386,0.8279384868534272,167.5,103.05292205401621,771.5,0.07019941806793213,0.08425388853323501,0.6248837411403656,0.050621171154580986
0.2582738369327182,0.8279384868534272,150.9,102.26321035806555,788.1,0.059724241495132446,0.08010877633609328,0.6276331424713135,0.04836169012088807
0.2668186664246978,0.8279384868534272,119.4,94.0664562143493,819.6,0.03607672452926636,0.051998130155933964,0.6363835275173187,0.05032566391625117
0.2753634959166774,0.8279384868534272,95.7,90.46180791940807,843.3,0.05704213976860047,0.07512897467464828,0.6401721477508545,0.04895957280978316
0.283908325408657,0.8279384868534272,80.9,89.13489302330667,858.1,-4.755194538831711,10.821338262249723,0.6428872406482696,0.0498595042973716
0.2924531549006366,0.8279384868534272,74.1,86.60543620765338,864.9,0.02134581208229065,0.03905502528014626,0.6430074214935303,0.05028926638462153
0.30099798439261627,0.8279384868534272,64.3,75.25431494966716,874.7,0.02214488387107849,0.03907896474852097,0.6452620804309845,0.0511757835059103
0.30954281388459587,0.8279384868534272,57.3,66.54318998541184,881.7,0.019688397645950317,0.03701707230459822,0.6468814432621002,0.05221606736849412
0.31808764337657547,0.8279384868534272,32.9,40.472949719258,906.1,0.034044915437698366,0.040213769556477034,0.6440204501152038,0.05146287583423256
0.32663247286855507,0.8279384868534272,12.0,27.14588595424919,927.0,0.013830876350402832,0.03128761600461313,0.6432584941387176,0.05109574612459228
0.33517730236053467,0.8279384868534272,0.1,0.2262157162854099,938.9,0.0,0.0,0.6415634632110596,0.050858050557652135
0.0019289521733298898,0.8685228634328221,538.4,37.33465594889326,400.6,0.17186225056648255,0.07314120090211398,0.5619497001171112,0.07141963629617899
0.0104737816653095,0.8685228634328221,536.3,40.842988462534976,402.70000000000005,0.16414288878440858,0.07610017903425427,0.5615733802318573,0.07206591280597843
0.01901861115728911,0.8685228634328221,532.1,48.26695164352316,406.9,0.16251797676086427,0.07612505716427023,0.5645512819290162,0.06487405066320119
0.02756344064926872,0.8685228634328221,528.6,48.50520743529401,410.4,0.1591050446033478,0.07593892452855681,0.5659841656684875,0.0647352387666047
0.03610827014124833,0.8685228634328221,516.3,49.81775944614179,422.70000000000005,0.14844043850898742,0.07262810425640322,0.5633097767829895,0.06299104850628953
0.044653099633227944,0.8685228634328221,508.5,52.220781930615175,430.5,0.13874704241752625,0.06310825100524003,0.5647106230258941,0.0636653597239998
0.05319792912520755,0.8685228634328221,506.5,54.42801114132006,432.5,0.13536701798439027,0.06659206285875371,0.5651885390281677,0.06389390545871562
0.06174275861718716,0.8685228634328221,503.0,57.30202810457742,436.0,0.13515062332153321,0.06690797665581537,0.5670178592205047,0.06347406618931645
0.07028758810916677,0.8685228634328221,492.8,68.13713508007311,446.2,0.13097636699676513,0.06917292788641434,0.5702128946781159,0.0597112572816681
0.07883241760114638,0.8685228634328221,483.9,71.81924453958044,455.1,0.1256881058216095,0.07011604052310084,0.5736208319664001,0.05919295540325929
0.087377247093126,0.8685228634328221,479.6,72.23113438696318,459.4,0.12314264178276062,0.07131885782298399,0.5729151010513306,0.0585534923649605
0.0959220765851056,0.8685228634328221,474.2,71.45202439807603,464.8,0.11798343658447266,0.06942242469259789,0.5720182299613953,0.05903160531851626
0.10446690607708521,0.8685228634328221,452.8,67.98090705336124,486.2,0.12059873342514038,0.06743469484435685,0.5841209292411804,0.06016894216820367
0.11301173556906483,0.8685228634328221,444.5,74.34073192777383,494.5,0.11356875896453858,0.07108430853162927,0.586477643251419,0.05765564733490651
0.12155656506104442,0.8685228634328221,432.9,73.43281791259929,506.1,0.10762639045715332,0.07231577573169172,0.5842223405838013,0.0604562074918966
0.13010139455302405,0.8685228634328221,423.7,76.88676229347355,515.3,0.0989292562007904,0.07611937677375566,0.5881343424320221,0.05929603364597179
0.13864622404500365,0.8685228634328221,413.0,76.17347497255697,526.0,0.08751364946365356,0.07460600861894172,0.5866960644721985,0.056122256961413944
0.14719105353698325,0.8685228634328221,398.7,75.98218153736602,540.3,0.0851419746875763,0.0800214563805011,0.5898281991481781,0.051596243538519146
0.15573588302896288,0.8685228634328221,388.9,79.11260210972415,550.1,0.10358607769012451,0.06311002513080935,0.5917597711086273,0.053619292471267024
0.16428071252094248,0.8685228634328221,376.7,82.98349095201257,562.3,0.1019948422908783,0.06778365899261878,0.59373859167099,0.05287668850169168
0.1728255420129221,0.8685228634328221,364.5,87.4292771143803,574.5,0.06983893513679504,0.048637418910312105,0.5902589976787567,0.05387596376395238
0.1813703715049017,0.8685228634328221,352.6,83.26268180103186,586.4,0.06208736300468445,0.05096258435509971,0.5949469923973083,0.052529061930799786
0.1899152009968813,0.8685228634328221,333.8,77.78429588305133,605.2,0.0594841480255127,0.05175775519073246,0.6033294081687928,0.0544361818056451
0.19846003048886093,0.8685228634328221,314.7,82.03802351156926,624.3,0.0493219792842865,0.05142344544671655,0.6059249222278595,0.05575469267421446
0.20700485998084053,0.8685228634328221,279.4,94.47779920792219,659.6,0.04734251499176025,0.05629823678929076,0.6154918968677521,0.05787964249216673
0.21554968947282013,0.8685228634328221,254.1,107.47690962728484,684.9,0.014144986867904663,0.10581591195897558,0.6187710106372833,0.05920881360122104
0.22409451896479976,0.8685228634328221,230.4,104.48249580972248,708.6,0.05014694333076477,0.08727382412873588,0.6220349073410034,0.05661254565000484
0.23263934845677936,0.8685228634328221,206.6,106.95653011218779,732.4,-25.602277725934982,58.05799098216566,0.6240846633911132,0.0556151960491821
0.24118417794875896,0.8685228634328221,190.5,103.72387345577496,748.5,0.05492151379585266,0.04827989288741781,0.6253570318222046,0.054805523549667175
0.2497290074407386,0.8685228634328221,167.5,103.05292205401621,771.5,0.07019941806793213,0.08425388853323501,0.6248837411403656,0.050621171154580986
0.2582738369327182,0.8685228634328221,150.9,102.26321035806555,788.1,0.059724241495132446,0.08010877633609328,0.6276331424713135,0.04836169012088807
0.2668186664246978,0.8685228634328221,119.4,94.0664562143493,819.6,0.03607672452926636,0.051998130155933964,0.6363835275173187,0.05032566391625117
0.2753634959166774,0.8685228634328221,95.7,90.46180791940807,843.3,0.05704213976860047,0.07512897467464828,0.6401721477508545,0.04895957280978316
0.283908325408657,0.8685228634328221,80.9,89.13489302330667,858.1,-4.755194538831711,10.821338262249723,0.6428872406482696,0.0498595042973716
0.2924531549006366,0.8685228634328221,74.1,86.60543620765338,864.9,0.02134581208229065,0.03905502528014626,0.6430074214935303,0.05028926638462153
0.30099798439261627,0.8685228634328221,64.3,75.25431494966716,874.7,0.02214488387107849,0.03907896474852097,0.6452620804309845,0.0511757835059103
0.30954281388459587,0.8685228634328221,57.3,66.54318998541184,881.7,0.019688397645950317,0.03701707230459822,0.6468814432621002,0.05221606736849412
0.31808764337657547,0.8685228634328221,32.9,40.472949719258,906.1,0.034044915437698366,0.040213769556477034,0.6440204501152038,0.05146287583423256
0.32663247286855507,0.8685228634328221,12.0,27.14588595424919,927.0,0.013830876350402832,0.03128761600461313,0.6432584941387176,0.05109574612459228
0.33517730236053467,0.8685228634328221,0.1,0.2262157162854099,938.9,0.0,0.0,0.6415634632110596,0.050858050557652135
0.0019289521733298898,0.9091072400122171,575.7,38.50402962655513,363.29999999999995,0.20147699117660522,0.0652695471073339,0.5389617681503296,0.06930469857303159
0.0104737816653095,0.9091072400122171,573.0,42.60496084315758,366.0,0.18754278421401976,0.06700179728017006,0.5384543418884278,0.07037286760465503
0.01901861115728911,0.9091072400122171,567.3,50.89496127180012,371.70000000000005,0.18425096869468688,0.06659279767403375,0.542073768377304,0.062339250082210605
0.02756344064926872,0.9091072400122171,561.9,55.34503099808525,377.1,0.1794654369354248,0.06799362996464396,0.5447308957576752,0.06185622392126649
0.03610827014124833,0.9091072400122171,545.5,55.01611901225044,393.5,0.1663515269756317,0.06648377896390821,0.5479273676872254,0.06353711583017732
0.044653099633227944,0.9091072400122171,532.6,57.38848945350324,406.4,0.15511902570724487,0.05825467809433384,0.5547786295413971,0.06413242286965282
0.05319792912520755,0.9091072400122171,524.9,60.1102735091552,414.1,0.15035396814346313,0.06395130422262758,0.5580615103244781,0.0644959417493961
0.06174275861718716,0.9091072400122171,516.9,63.28512414936205,422.1,0.14644063115119935,0.060502472822125286,0.5616122901439666,0.06441420421508012
0.07028758810916677,0.9091072400122171,503.0,73.36042329467435,436.0,0.1413379728794098,0.06653399531658741,0.565339881181717,0.060868979207334355
0.07883241760114638,0.9091072400122171,493.8,77.34078284208216,445.2,0.13484115600585939,0.06822300993084943,0.5683977544307709,0.06054474629918999
0.087377247093126,0.9091072400122171,489.0,77.72667256978458,450.0,0.13261478543281555,0.06970623254645718,0.5668811500072479,0.06075024539827853
0.0959220765851056,0.9091072400122171,483.6,77.37709227709738,455.4,0.12745558023452758,0.06817349528497445,0.5659842789173126,0.06116091211017898
0.10446690607708521,0.9091072400122171,457.8,71.12500966829398,481.2,0.12220357656478882,0.06301693507661682,0.5818445801734924,0.061127705448288924
0.11301173556906483,0.9091072400122171,447.4,75.9830421082757,491.6,0.11788209080696106,0.06745910011133562,0.5858637392520905,0.058287545254225116
0.12155656506104442,0.9091072400122171,433.8,74.25161173961757,505.2,0.1075760543346405,0.07227510345823997,0.5833524346351624,0.06089564849605793
0.13010139455302405,0.9091072400122171,424.6,77.72974494087352,514.4,0.09887892007827759,0.07607746605657492,0.5872644364833832,0.05977638772103525
0.13864622404500365,0.9091072400122171,413.9,77.09532062166896,525.1,0.08746331334114074,0.07455886529496436,0.5858261585235596,0.05661697479708399
0.14719105353698325,0.9091072400122171,399.6,77.00141374627256,539.4,0.08509163856506348,0.07997665655989421,0.5889582931995392,0.0521636359457573
0.15573588302896288,0.9091072400122171,389.7,80.03693342337762,549.3,0.10355345010757447,0.06307860555093976,0.5911060869693756,0.05403684328389222
0.16428071252094248,0.9091072400122171,376.7,82.98349095201257,562.3,0.1019948422908783,0.06778365899261878,0.59373859167099,0.05287668850169168
0.1728255420129221,0.9091072400122171,364.5,87.4292771143803,574.5,0.06983893513679504,0.048637418910312105,0.5902589976787567,0.05387596376395238
0.1813703715049017,0.9091072400122171,352.6,83.26268180103186,586.4,0.06208736300468445,0.05096258435509971,0.5949469923973083,0.052529061930799786
0.1899152009968813,0.9091072400122171,333.8,77.78429588305133,605.2,0.0594841480255127,0.05175775519073246,0.6033294081687928,0.0544361818056451
0.19846003048886093,0.9091072400122171,314.7,82.03802351156926,624.3,0.0493219792842865,0.05142344544671655,0.6059249222278595,0.05575469267421446
0.20700485998084053,0.9091072400122171,279.4,94.47779920792219,659.6,0.04734251499176025,0.05629823678929076,0.6154918968677521,0.05787964249216673
0.21554968947282013,0.9091072400122171,254.1,107.47690962728484,684.9,0.014144986867904663,0.10581591195897558,0.6187710106372833,0.05920881360122104
0.22409451896479976,0.9091072400122171,230.4,104.48249580972248,708.6,0.05014694333076477,0.08727382412873588,0.6220349073410034,0.05661254565000484
0.23263934845677936,0.9091072400122171,206.6,106.95653011218779,732.4,-25.602277725934982,58.05799098216566,0.6240846633911132,0.0556151960491821
0.24118417794875896,0.9091072400122171,190.5,103.72387345577496,748.5,0.05492151379585266,0.04827989288741781,0.6253570318222046,0.054805523549667175
0.2497290074407386,0.9091072400122171,167.5,103.05292205401621,771.5,0.07019941806793213,0.08425388853323501,0.6248837411403656,0.050621171154580986
0.2582738369327182,0.9091072400122171,150.9,102.26321035806555,788.1,0.059724241495132446,0.08010877633609328,0.6276331424713135,0.04836169012088807
0.2668186664246978,0.9091072400122171,119.4,94.0664562143493,819.6,0.03607672452926636,0.051998130155933964,0.6363835275173187,0.05032566391625117
0.2753634959166774,0.9091072400122171,95.7,90.46180791940807,843.3,0.05704213976860047,0.07512897467464828,0.6401721477508545,0.04895957280978316
0.283908325408657,0.9091072400122171,80.9,89.13489302330667,858.1,-4.755194538831711,10.821338262249723,0.6428872406482696,0.0498595042973716
0.2924531549006366,0.9091072400122171,74.1,86.60543620765338,864.9,0.02134581208229065,0.03905502528014626,0.6430074214935303,0.05028926638462153
0.30099798439261627,0.9091072400122171,64.3,75.25431494966716,874.7,0.02214488387107849,0.03907896474852097,0.6452620804309845,0.0511757835059103
0.30954281388459587,0.9091072400122171,57.3,66.54318998541184,881.7,0.019688397645950317,0.03701707230459822,0.6468814432621002,0.05221606736849412
0.31808764337657547,0.9091072400122171,32.9,40.472949719258,906.1,0.034044915437698366,0.040213769556477034,0.6440204501152038,0.05146287583423256
0.32663247286855507,0.9091072400122171,12.0,27.14588595424919,927.0,0.013830876350402832,0.03128761600461313,0.6432584941387176,0.05109574612459228
0.33517730236053467,0.9091072400122171,0.1,0.2262157162854099,938.9,0.0,0.0,0.6415634632110596,0.050858050557652135
0.0019289521733298898,0.949691616591612,615.0,36.72320286632979,324.0,0.21960617303848268,0.06216719950734505,0.49509096145629883,0.090912022268806
0.0104737816653095,0.949691616591612,611.4,41.98548526509369,327.6,0.2048895239830017,0.06359630299032813,0.49446043372154236,0.09089573013723884
0.01901861115728911,0.949691616591612,605.4,50.74856600557689,333.6,0.20035614371299743,0.06413341163263464,0.4993818163871765,0.08357174220266499
0.02756344064926872,0.949691616591612,596.2,63.738438595415644,342.79999999999995,0.1960490584373474,0.06581291366521957,0.504664808511734,0.08175091127985222
0.03610827014124833,0.949691616591612,574.3,65.97251699002682,364.70000000000005,0.18208782076835633,0.06229594877782532,0.5202972173690796,0.08127194021715377
0.044653099633227944,0.949691616591612,554.8,69.40789062438134,384.20000000000005,0.16392236948013306,0.053794325694239385,0.5307991147041321,0.08361469027295698
0.05319792912520755,0.949691616591612,544.4,70.80563965288381,394.6,0.15998740196228028,0.06000821823004663,0.5387026906013489,0.07703406959917915
0.06174275861718716,0.949691616591612,532.7,71.96445438378741,406.29999999999995,0.15551397800445557,0.05694397881987508,0.5477488398551941,0.07145857712231708
0.07028758810916677,0.949691616591612,515.8,80.72432812172661,423.20000000000005,0.14917026162147523,0.06355704055399479,0.5540999293327331,0.06618265333908856
0.07883241760114638,0.949691616591612,505.7,84.68787173632059,433.3,0.14213064312934875,0.06569852144733193,0.5578203797340393,0.06559444710225858
0.087377247093126,0.949691616591612,500.1,84.7773892846129,438.9,0.13882418870925903,0.06719415701362415,0.5566259682178497,0.06579367078803385
0.0959220765851056,0.949691616591612,490.0,80.80331937846128,449.0,0.1328684449195862,0.06743815139727181,0.5654425263404846,0.06057365074337151
0.10446690607708521,0.949691616591612,458.3,71.52539666715334,480.7,0.12409543395042419,0.06464148140186728,0.5820261240005493,0.061033918139330116
0.11301173556906483,0.949691616591612,447.9,76.3966716823498,491.1,0.11977394819259643,0.06904646587147709,0.5860452830791474,0.05818205021428055
0.12155656506104442,0.949691616591612,434.3,74.72659161294708,504.7,0.10946791172027588,0.07390904722566084,0.5835339784622192,0.06079894324353063
0.13010139455302405,0.949691616591612,425.1,78.21704399145123,513.9,0.10077077746391297,0.07775183952519264,0.58744598031044,0.05967110180522685
0.13864622404500365,0.949691616591612,414.4,77.62580209234758,524.6,0.08935517072677612,0.07642742736318413,0.5860077023506165,0.05650842971700973
0.14719105353698325,0.949691616591612,399.7,77.11714818493554,539.3,0.08569210767745972,0.0805199548284098,0.5890777289867402,0.05208169720059333
0.15573588302896288,0.949691616591612,389.7,80.03693342337762,549.3,0.10355345010757447,0.06307860555093976,0.5911060869693756,0.05403684328389222
0.16428071252094248,0.949691616591612,376.7,82.98349095201257,562.3,0.1019948422908783,0.06778365899261878,0.59373859167099,0.05287668850169168
0.1728255420129221,0.949691616591612,364.5,87.4292771143803,574.5,0.06983893513679504,0.048637418910312105,0.5902589976787567,0.05387596376395238
0.1813703715049017,0.949691616591612,352.6,83.26268180103186,586.4,0.06208736300468445,0.05096258435509971,0.5949469923973083,0.052529061930799786
0.1899152009968813,0.949691616591612,333.8,77.78429588305133,605.2,0.0594841480255127,0.05175775519073246,0.6033294081687928,0.0544361818056451
0.19846003048886093,0.949691616591612,314.7,82.03802351156926,624.3,0.0493219792842865,0.05142344544671655,0.6059249222278595,0.05575469267421446
0.20700485998084053,0.949691616591612,279.4,94.47779920792219,659.6,0.04734251499176025,0.05629823678929076,0.6154918968677521,0.05787964249216673
0.21554968947282013,0.949691616591612,254.1,107.47690962728484,684.9,0.014144986867904663,0.10581591195897558,0.6187710106372833,0.05920881360122104
0.22409451896479976,0.949691616591612,230.4,104.48249580972248,708.6,0.05014694333076477,0.08727382412873588,0.6220349073410034,0.05661254565000484
0.23263934845677936,0.949691616591612,206.6,106.95653011218779,732.4,-25.602277725934982,58.05799098216566,0.6240846633911132,0.0556151960491821
0.24118417794875896,0.949691616591612,190.5,103.72387345577496,748.5,0.05492151379585266,0.04827989288741781,0.6253570318222046,0.054805523549667175
0.2497290074407386,0.949691616591612,167.5,103.05292205401621,771.5,0.07019941806793213,0.08425388853323501,0.6248837411403656,0.050621171154580986
0.2582738369327182,0.949691616591612,150.9,102.26321035806555,788.1,0.059724241495132446,0.08010877633609328,0.6276331424713135,0.04836169012088807
0.2668186664246978,0.949691616591612,119.4,94.0664562143493,819.6,0.03607672452926636,0.051998130155933964,0.6363835275173187,0.05032566391625117
0.2753634959166774,0.949691616591612,95.7,90.46180791940807,843.3,0.05704213976860047,0.07512897467464828,0.6401721477508545,0.04895957280978316
0.283908325408657,0.949691616591612,80.9,89.13489302330667,858.1,-4.755194538831711,10.821338262249723,0.6428872406482696,0.0498595042973716
0.2924531549006366,0.949691616591612,74.1,86.60543620765338,864.9,0.02134581208229065,0.03905502528014626,0.6430074214935303,0.05028926638462153
0.30099798439261627,0.949691616591612,64.3,75.25431494966716,874.7,0.02214488387107849,0.03907896474852097,0.6452620804309845,0.0511757835059103
0.30954281388459587,0.949691616591612,57.3,66.54318998541184,881.7,0.019688397645950317,0.03701707230459822,0.6468814432621002,0.05221606736849412
0.31808764337657547,0.949691616591612,32.9,40.472949719258,906.1,0.034044915437698366,0.040213769556477034,0.6440204501152038,0.05146287583423256
0.32663247286855507,0.949691616591612,12.0,27.14588595424919,927.0,0.013830876350402832,0.03128761600461313,0.6432584941387176,0.05109574612459228
0.33517730236053467,0.949691616591612,0.1,0.2262157162854099,938.9,0.0,0.0,0.6415634632110596,0.050858050557652135
0.0019289521733298898,0.990275993171007,635.0,39.11780761759067,304.0,0.23976900577545165,0.06615364336096427,0.4732766509056091,0.10080112020256966
0.0104737816653095,0.990275993171007,627.8,47.393617261477104,311.20000000000005,0.2182929813861847,0.06793021148821406,0.476541805267334,0.09665647888011425
0.01901861115728911,0.990275993171007,617.7,55.14082522459349,321.29999999999995,0.21091234683990479,0.06730003351693649,0.49475168585777285,0.07941636527426753
0.02756344064926872,0.990275993171007,608.3,68.20240236766843,330.70000000000005,0.2062511682510376,0.06895658522673127,0.5003491699695587,0.07767894380295931
0.03610827014124833,0.990275993171007,584.0,71.19149121327187,355.0,0.18991864919662477,0.06289253886928216,0.5161133885383606,0.07824335457716312
0.044653099633227944,0.990275993171007,563.9,75.47642540778135,375.1,0.17095449566841125,0.05433283344597077,0.5259648501873017,0.08094553361304649
0.05319792912520755,0.990275993171007,553.2,77.29371691531092,385.79999999999995,0.16676848530769348,0.060863575473226225,0.533648282289505,0.07425891936346814
0.06174275861718716,0.990275993171007,539.6,77.16516919614669,399.4,0.16098212599754333,0.05864110664458435,0.5453919470310211,0.0693104221209145
0.07028758810916677,0.990275993171007,520.4,84.03825057940377,418.6,0.151055908203125,0.06532162293567538,0.5531083643436432,0.06630871149224728
0.07883241760114638,0.990275993171007,506.7,85.08842213614538,432.3,0.14287436604499817,0.06627669757845073,0.5590870261192322,0.06532187197375873
0.087377247093126,0.990275993171007,501.1,85.21489283184503,437.9,0.13956791162490845,0.06778020438333697,0.5578926146030426,0.06553505195429456
0.0959220765851056,0.990275993171007,491.0,81.33286093622772,448.0,0.1336121678352356,0.06805911202096206,0.5667091727256774,0.060187237498318676
0.10446690607708521,0.990275993171007,459.3,72.37257171812568,479.7,0.12483915686607361,0.06534584450822278,0.5832927703857422,0.06045319057430384
0.11301173556906483,0.990275993171007,448.9,77.2669721738236,490.1,0.12051767110824585,0.06973254362940413,0.5873119294643402,0.057522263401166826
0.12155656506104442,0.990275993171007,435.3,75.71831233556956,503.7,0.11021163463592529,0.07460882540166569,0.5848006248474121,0.060197912310836744
0.13010139455302405,0.990275993171007,426.0,79.12737034702329,513.0,0.10144181251525879,0.07839328845087044,0.5887876570224762,0.0589758951787012
0.13864622404500365,0.990275993171007,414.4,77.62580209234758,524.6,0.08935517072677612,0.07642742736318413,0.5860077023506165,0.05650842971700973
0.14719105353698325,0.990275993171007,399.7,77.11714818493554,539.3,0.08569210767745972,0.0805199548284098,0.5890777289867402,0.05208169720059333
0.15573588302896288,0.990275993171007,389.7,80.03693342337762,549.3,0.10355345010757447,0.06307860555093976,0.5911060869693756,0.05403684328389222
0.16428071252094248,0.990275993171007,376.7,82.98349095201257,562.3,0.1019948422908783,0.06778365899261878,0.59373859167099,0.05287668850169168
0.1728255420129221,0.990275993171007,364.5,87.4292771143803,574.5,0.06983893513679504,0.048637418910312105,0.5902589976787567,0.05387596376395238
0.1813703715049017,0.990275993171007,352.6,83.26268180103186,586.4,0.06208736300468445,0.05096258435509971,0.5949469923973083,0.052529061930799786
0.1899152009968813,0.990275993171007,333.8,77.78429588305133,605.2,0.0594841480255127,0.05175775519073246,0.6033294081687928,0.0544361818056451
0.19846003048886093,0.990275993171007,314.7,82.03802351156926,624.3,0.0493219792842865,0.05142344544671655,0.6059249222278595,0.05575469267421446
0.20700485998084053,0.990275993171007,279.4,94.47779920792219,659.6,0.04734251499176025,0.05629823678929076,0.6154918968677521,0.05787964249216673
0.21554968947282013,0.990275993171007,254.1,107.47690962728484,684.9,0.014144986867904663,0.10581591195897558,0.6187710106372833,0.05920881360122104
0.22409451896479976,0.990275993171007,230.4,104.48249580972248,708.6,0.05014694333076477,0.08727382412873588,0.6220349073410034,0.05661254565000484
0.23263934845677936,0.990275993171007,206.6,106.95653011218779,732.4,-25.602277725934982,58.05799098216566,0.6240846633911132,0.0556151960491821
0.24118417794875896,0.990275993171007,190.5,103.72387345577496,748.5,0.05492151379585266,0.04827989288741781,0.6253570318222046,0.054805523549667175
0.2497290074407386,0.990275993171007,167.5,103.05292205401621,771.5,0.07019941806793213,0.08425388853323501,0.6248837411403656,0.050621171154580986
0.2582738369327182,0.990275993171007,150.9,102.26321035806555,788.1,0.059724241495132446,0.08010877633609328,0.6276331424713135,0.04836169012088807
0.2668186664246978,0.990275993171007,119.4,94.0664562143493,819.6,0.03607672452926636,0.051998130155933964,0.6363835275173187,0.05032566391625117
0.2753634959166774,0.990275993171007,95.7,90.46180791940807,843.3,0.05704213976860047,0.07512897467464828,0.6401721477508545,0.04895957280978316
0.283908325408657,0.990275993171007,80.9,89.13489302330667,858.1,-4.755194538831711,10.821338262249723,0.6428872406482696,0.0498595042973716
0.2924531549006366,0.990275993171007,74.1,86.60543620765338,864.9,0.02134581208229065,0.03905502528014626,0.6430074214935303,0.05028926638462153
0.30099798439261627,0.990275993171007,64.3,75.25431494966716,874.7,0.02214488387107849,0.03907896474852097,0.6452620804309845,0.0511757835059103
0.30954281388459587,0.990275993171007,57.3,66.54318998541184,881.7,0.019688397645950317,0.03701707230459822,0.6468814432621002,0.05221606736849412
0.31808764337657547,0.990275993171007,32.9,40.472949719258,906.1,0.034044915437698366,0.040213769556477034,0.6440204501152038,0.05146287583423256
0.32663247286855507,0.990275993171007,12.0,27.14588595424919,927.0,0.013830876350402832,0.03128761600461313,0.6432584941387176,0.05109574612459228
0.33517730236053467,0.990275993171007,0.1,0.2262157162854099,938.9,0.0,0.0,0.6415634632110596,0.050858050557652135
0.0019289521733298898,1.030860369750402,649.5,48.22546746414352,289.5,0.2898964464664459,0.12358865412016684,0.46727573275566103,0.10902622547035677
0.0104737816653095,1.030860369750402,642.0,56.019546071539544,297.0,0.27343549728393557,0.12931256683807166,0.4707931399345398,0.10526257577398047
0.01901861115728911,1.030860369750402,631.2,63.790157991805685,307.79999999999995,0.265548437833786,0.1307799531069811,0.4898693263530731,0.08842982265808867
0.02756344064926872,1.030860369750402,621.4,75.9882801557752,317.6,0.2611518919467926,0.13293191408690583,0.49693254828453065,0.08706662400183267
0.03610827014124833,1.030860369750402,593.0,78.12361208448152,346.0,0.24018858075141908,0.1285221878105488,0.511256343126297,0.0845373338959379
0.044653099633227944,1.030860369750402,570.8,81.26488036789412,368.20000000000005,0.21395975351333618,0.12243136013258836,0.5226904153823853,0.08441834499862085
0.05319792912520755,1.030860369750402,554.6,78.19214215628192,384.4,0.16845369935035706,0.062080898880921734,0.5302898764610291,0.078299400930766
0.06174275861718716,1.030860369750402,540.7,77.93345746151493,398.29999999999995,0.1625828266143799,0.059934541281400786,0.5423469305038452,0.073558921768032
0.07028758810916677,1.030860369750402,520.7,84.14363117134096,418.29999999999995,0.15284630060195922,0.06676201130621913,0.5540904581546784,0.06623560906119877
0.07883241760114638,1.030860369750402,507.0,85.21993040831337,432.0,0.1446647584438324,0.06781968833721963,0.5600691199302673,0.06519647623613155
0.087377247093126,1.030860369750402,501.4,85.35739801992989,437.6,0.14135830402374266,0.06933828369478352,0.5588747084140777,0.06542026093997333
0.0959220765851056,1.030860369750402,491.3,81.50329680559852,447.7,0.13540256023406982,0.06969799279942114,0.5676912665367126,0.05998020083298461
0.10446690607708521,1.030860369750402,459.6,72.63853616481555,479.4,0.12662954926490783,0.06718414142784164,0.5842748641967773,0.060093162430021246
0.11301173556906483,1.030860369750402,449.2,77.53902772670563,489.8,0.12230806350708008,0.07151961773920748,0.5882940232753754,0.05710448319151523
0.12155656506104442,1.030860369750402,435.4,75.82048314859233,503.6,0.11040928363800048,0.07480005948743067,0.5847675442695618,0.060211951476628285
0.13010139455302405,1.030860369750402,426.0,79.12737034702329,513.0,0.10144181251525879,0.07839328845087044,0.5887876570224762,0.0589758951787012
0.13864622404500365,1.030860369750402,414.4,77.62580209234758,524.6,0.08935517072677612,0.07642742736318413,0.5860077023506165,0.05650842971700973
0.14719105353698325,1.030860369750402,399.7,77.11714818493554,539.3,0.08569210767745972,0.0805199548284098,0.5890777289867402,0.05208169720059333
0.15573588302896288,1.030860369750402,389.7,80.03693342337762,549.3,0.10355345010757447,0.06307860555093976,0.5911060869693756,0.05403684328389222
0.16428071252094248,1.030860369750402,376.7,82.98349095201257,562.3,0.1019948422908783,0.06778365899261878,0.59373859167099,0.05287668850169168
0.1728255420129221,1.030860369750402,364.5,87.4292771143803,574.5,0.06983893513679504,0.048637418910312105,0.5902589976787567,0.05387596376395238
0.1813703715049017,1.030860369750402,352.6,83.26268180103186,586.4,0.06208736300468445,0.05096258435509971,0.5949469923973083,0.052529061930799786
0.1899152009968813,1.030860369750402,333.8,77.78429588305133,605.2,0.0594841480255127,0.05175775519073246,0.6033294081687928,0.0544361818056451
0.19846003048886093,1.030860369750402,314.7,82.03802351156926,624.3,0.0493219792842865,0.05142344544671655,0.6059249222278595,0.05575469267421446
0.20700485998084053,1.030860369750402,279.4,94.47779920792219,659.6,0.04734251499176025,0.05629823678929076,0.6154918968677521,0.05787964249216673
0.21554968947282013,1.030860369750402,254.1,107.47690962728484,684.9,0.014144986867904663,0.10581591195897558,0.6187710106372833,0.05920881360122104
0.22409451896479976,1.030860369750402,230.4,104.48249580972248,708.6,0.05014694333076477,0.08727382412873588,0.6220349073410034,0.05661254565000484
0.23263934845677936,1.030860369750402,206.6,106.95653011218779,732.4,-25.602277725934982,58.05799098216566,0.6240846633911132,0.0556151960491821
0.24118417794875896,1.030860369750402,190.5,103.72387345577496,748.5,0.05492151379585266,0.04827989288741781,0.6253570318222046,0.054805523549667175
0.2497290074407386,1.030860369750402,167.5,103.05292205401621,771.5,0.07019941806793213,0.08425388853323501,0.6248837411403656,0.050621171154580986
0.2582738369327182,1.030860369750402,150.9,102.26321035806555,788.1,0.059724241495132446,0.08010877633609328,0.6276331424713135,0.04836169012088807
0.2668186664246978,1.030860369750402,119.4,94.0664562143493,819.6,0.03607672452926636,0.051998130155933964,0.6363835275173187,0.05032566391625117
0.2753634959166774,1.030860369750402,95.7,90.46180791940807,843.3,0.05704213976860047,0.07512897467464828,0.6401721477508545,0.04895957280978316
0.283908325408657,1.030860369750402,80.9,89.13489302330667,858.1,-4.755194538831711,10.821338262249723,0.6428872406482696,0.0498595042973716
0.2924531549006366,1.030860369750402,74.1,86.60543620765338,864.9,0.02134581208229065,0.03905502528014626,0.6430074214935303,0.05028926638462153
0.30099798439261627,1.030860369750402,64.3,75.25431494966716,874.7,0.02214488387107849,0.03907896474852097,0.6452620804309845,0.0511757835059103
0.30954281388459587,1.030860369750402,57.3,66.54318998541184,881.7,0.019688397645950317,0.03701707230459822,0.6468814432621002,0.05221606736849412
0.31808764337657547,1.030860369750402,32.9,40.472949719258,906.1,0.034044915437698366,0.040213769556477034,0.6440204501152038,0.05146287583423256
0.32663247286855507,1.030860369750402,12.0,27.14588595424919,927.0,0.013830876350402832,0.03128761600461313,0.6432584941387176,0.05109574612459228
0.33517730236053467,1.030860369750402,0.1,0.2262157162854099,938.9,0.0,0.0,0.6415634632110596,0.050858050557652135
0.0019289521733298898,1.071444746329797,699.9,41.30039302920747,239.10000000000002,0.5392353177070618,0.09661228455720695,0.38991001844406126,0.11110438394884492
0.0104737816653095,1.071444746329797,685.5,47.38695829733903,253.5,0.5340784609317779,0.1061672120916892,0.3984552264213562,0.1005560327794333
0.01901861115728911,1.071444746329797,665.9,58.76429483474277,273.1,0.529789537191391,0.11606135198947813,0.4261195302009583,0.08984212549960979
0.02756344064926872,1.071444746329797,652.6,69.34593084296009,286.4,0.526111763715744,0.11771619141405597,0.44509989619255064,0.09054489839504652
0.03610827014124833,1.071444746329797,617.7,73.93871058798663,321.29999999999995,0.48418304324150085,0.1406056807781787,0.4721763849258423,0.09302315983276292
0.044653099633227944,1.071444746329797,588.7,75.43995488270592,350.29999999999995,0.419629168510437,0.14423983735051335,0.5006877064704895,0.09127935489963418
0.05319792912520755,1.071444746329797,566.0,68.93457681272314,373.0,0.30581464767456057,0.14964935514151262,0.5108294725418091,0.08738341822218264
0.06174275861718716,1.071444746329797,547.3,72.87755410630486,391.70000000000005,0.2587666153907776,0.1201460947815804,0.5336482465267182,0.07640126693284124
0.07028758810916677,1.071444746329797,522.8,85.02942949244759,416.20000000000005,0.15317677855491638,0.06705125170402311,0.5514140665531159,0.06660905567797695
0.07883241760114638,1.071444746329797,509.1,86.28445229818944,429.9,0.14499523639678955,0.06812700700804832,0.5573927283287048,0.06571443794646685
0.087377247093126,1.071444746329797,503.5,86.49756598200005,435.5,0.14168878197669982,0.06964782238286593,0.5561983168125153,0.06590889251416993
0.0959220765851056,1.071444746329797,493.4,82.84232441390104,445.6,0.13573303818702698,0.07002192544022279,0.5650148749351501,0.06073409123038187
0.10446690607708521,1.071444746329797,460.1,73.09366281216826,478.9,0.12657458782196046,0.06712482270159327,0.583863627910614,0.0602342089912955
0.11301173556906483,1.071444746329797,449.2,77.53902772670563,489.8,0.12230806350708008,0.07151961773920748,0.5882940232753754,0.05710448319151523
0.12155656506104442,1.071444746329797,435.4,75.82048314859233,503.6,0.11040928363800048,0.07480005948743067,0.5847675442695618,0.060211951476628285
0.13010139455302405,1.071444746329797,426.0,79.12737034702329,513.0,0.10144181251525879,0.07839328845087044,0.5887876570224762,0.0589758951787012
0.13864622404500365,1.071444746329797,414.4,77.62580209234758,524.6,0.08935517072677612,0.07642742736318413,0.5860077023506165,0.05650842971700973
0.14719105353698325,1.071444746329797,399.7,77.11714818493554,539.3,0.08569210767745972,0.0805199548284098,0.5890777289867402,0.05208169720059333
0.15573588302896288,1.071444746329797,389.7,80.03693342337762,549.3,0.10355345010757447,0.06307860555093976,0.5911060869693756,0.05403684328389222
0.16428071252094248,1.071444746329797,376.7,82.98349095201257,562.3,0.1019948422908783,0.06778365899261878,0.59373859167099,0.05287668850169168
0.1728255420129221,1.071444746329797,364.5,87.4292771143803,574.5,0.06983893513679504,0.048637418910312105,0.5902589976787567,0.05387596376395238
0.1813703715049017,1.071444746329797,352.6,83.26268180103186,586.4,0.06208736300468445,0.05096258435509971,0.5949469923973083,0.052529061930799786
0.1899152009968813,1.071444746329797,333.8,77.78429588305133,605.2,0.0594841480255127,0.05175775519073246,0.6033294081687928,0.0544361818056451
0.19846003048886093,1.071444746329797,314.7,82.03802351156926,624.3,0.0493219792842865,0.05142344544671655,0.6059249222278595,0.05575469267421446
0.20700485998084053,1.071444746329797,279.4,94.47779920792219,659.6,0.04734251499176025,0.05629823678929076,0.6154918968677521,0.05787964249216673
0.21554968947282013,1.071444746329797,254.1,107.47690962728484,684.9,0.014144986867904663,0.10581591195897558,0.6187710106372833,0.05920881360122104
0.22409451896479976,1.071444746329797,230.4,104.48249580972248,708.6,0.05014694333076477,0.08727382412873588,0.6220349073410034,0.05661254565000484
0.23263934845677936,1.071444746329797,206.6,106.95653011218779,732.4,-25.602277725934982,58.05799098216566,0.6240846633911132,0.0556151960491821
0.24118417794875896,1.071444746329797,190.5,103.72387345577496,748.5,0.05492151379585266,0.04827989288741781,0.6253570318222046,0.054805523549667175
0.2497290074407386,1.071444746329797,167.5,103.05292205401621,771.5,0.07019941806793213,0.08425388853323501,0.6248837411403656,0.050621171154580986
0.2582738369327182,1.071444746329797,150.9,102.26321035806555,788.1,0.059724241495132446,0.08010877633609328,0.6276331424713135,0.04836169012088807
0.2668186664246978,1.071444746329797,119.4,94.0664562143493,819.6,0.03607672452926636,0.051998130155933964,0.6363835275173187,0.05032566391625117
0.2753634959166774,1.071444746329797,95.7,90.46180791940807,843.3,0.05704213976860047,0.07512897467464828,0.6401721477508545,0.04895957280978316
0.283908325408657,1.071444746329797,80.9,89.13489302330667,858.1,-4.755194538831711,10.821338262249723,0.6428872406482696,0.0498595042973716
0.2924531549006366,1.071444746329797,74.1,86.60543620765338,864.9,0.02134581208229065,0.03905502528014626,0.6430074214935303,0.05028926638462153
0.30099798439261627,1.071444746329797,64.3,75.25431494966716,874.7,0.02214488387107849,0.03907896474852097,0.6452620804309845,0.0511757835059103
0.30954281388459587,1.071444746329797,57.3,66.54318998541184,881.7,0.019688397645950317,0.03701707230459822,0.6468814432621002,0.05221606736849412
0.31808764337657547,1.071444746329797,32.9,40.472949719258,906.1,0.034044915437698366,0.040213769556477034,0.6440204501152038,0.05146287583423256
0.32663247286855507,1.071444746329797,12.0,27.14588595424919,927.0,0.013830876350402832,0.03128761600461313,0.6432584941387176,0.05109574612459228
0.33517730236053467,1.071444746329797,0.1,0.2262157162854099,938.9,0.0,0.0,0.6415634632110596,0.050858050557652135
0.0019289521733298898,1.1120291229091919,726.3,33.313501967478786,212.70000000000005,0.5949292123317719,0.059556026717332185,0.37170093655586245,0.09579524192284702
0.0104737816653095,1.1120291229091919,706.4,39.520115116088846,232.60000000000002,0.5934213757514953,0.059187267167020954,0.3799767255783081,0.09167575259024928
0.01901861115728911,1.1120291229091919,686.3,52.14974196103172,252.70000000000005,0.5971767604351044,0.058979714887841254,0.4079559862613678,0.08051340827999853
0.02756344064926872,1.1120291229091919,671.5,61.586510362086685,267.5,0.5921902358531952,0.05879845286273968,0.4272932767868042,0.08954733609895472
0.03610827014124833,1.1120291229091919,633.9,65.8840301479215,305.1,0.559613049030304,0.10468929317918088,0.467616993188858,0.07745141004043421
0.044653099633227944,1.1120291229091919,600.9,65.77952135317673,338.1,0.4915713548660278,0.12889667752861708,0.49904285073280336,0.07817514896035926
0.05319792912520755,1.1120291229091919,576.0,60.96083351126459,363.0,0.3368016958236694,0.14898678404716978,0.5145896792411804,0.07531201225344959
0.06174275861718716,1.1120291229091919,554.6,66.61164095964811,384.4,0.24675995111465454,0.09998729949993704,0.5395708560943604,0.06826380710642078
0.07028758810916677,1.1120291229091919,525.0,86.22878370238824,414.0,0.15330913066864013,0.06716907290446895,0.5488508105278015,0.06747598468753616
0.07883241760114638,1.1120291229091919,511.3,87.66231159499466,427.7,0.1451275885105133,0.0682519925238266,0.5548294723033905,0.06672373507000907
0.087377247093126,1.1120291229091919,505.6,87.88007462586694,433.4,0.1417725682258606,0.0697273552292358,0.5537043809890747,0.06685629748867565
0.0959220765851056,1.1120291229091919,494.0,83.2707395482207,445.0,0.1356244206428528,0.06991474279908869,0.5644879221916199,0.060952325338388735
0.10446690607708521,1.1120291229091919,460.1,73.09366281216826,478.9,0.12657458782196046,0.06712482270159327,0.583863627910614,0.0602342089912955
0.11301173556906483,1.1120291229091919,449.2,77.53902772670563,489.8,0.12230806350708008,0.07151961773920748,0.5882940232753754,0.05710448319151523
0.12155656506104442,1.1120291229091919,435.4,75.82048314859233,503.6,0.11040928363800048,0.07480005948743067,0.5847675442695618,0.060211951476628285
0.13010139455302405,1.1120291229091919,426.0,79.12737034702329,513.0,0.10144181251525879,0.07839328845087044,0.5887876570224762,0.0589758951787012
0.13864622404500365,1.1120291229091919,414.4,77.62580209234758,524.6,0.08935517072677612,0.07642742736318413,0.5860077023506165,0.05650842971700973
0.14719105353698325,1.1120291229091919,399.7,77.11714818493554,539.3,0.08569210767745972,0.0805199548284098,0.5890777289867402,0.05208169720059333
0.15573588302896288,1.1120291229091919,389.7,80.03693342337762,549.3,0.10355345010757447,0.06307860555093976,0.5911060869693756,0.05403684328389222
0.16428071252094248,1.1120291229091919,376.7,82.98349095201257,562.3,0.1019948422908783,0.06778365899261878,0.59373859167099,0.05287668850169168
0.1728255420129221,1.1120291229091919,364.5,87.4292771143803,574.5,0.06983893513679504,0.048637418910312105,0.5902589976787567,0.05387596376395238
0.1813703715049017,1.1120291229091919,352.6,83.26268180103186,586.4,0.06208736300468445,0.05096258435509971,0.5949469923973083,0.052529061930799786
0.1899152009968813,1.1120291229091919,333.8,77.78429588305133,605.2,0.0594841480255127,0.05175775519073246,0.6033294081687928,0.0544361818056451
0.19846003048886093,1.1120291229091919,314.7,82.03802351156926,624.3,0.0493219792842865,0.05142344544671655,0.6059249222278595,0.05575469267421446
0.20700485998084053,1.1120291229091919,279.4,94.47779920792219,659.6,0.04734251499176025,0.05629823678929076,0.6154918968677521,0.05787964249216673
0.21554968947282013,1.1120291229091919,254.1,107.47690962728484,684.9,0.014144986867904663,0.10581591195897558,0.6187710106372833,0.05920881360122104
0.22409451896479976,1.1120291229091919,230.4,104.48249580972248,708.6,0.05014694333076477,0.08727382412873588,0.6220349073410034,0.05661254565000484
0.23263934845677936,1.1120291229091919,206.6,106.95653011218779,732.4,-25.602277725934982,58.05799098216566,0.6240846633911132,0.0556151960491821
0.24118417794875896,1.1120291229091919,190.5,103.72387345577496,748.5,0.05492151379585266,0.04827989288741781,0.6253570318222046,0.054805523549667175
0.2497290074407386,1.1120291229091919,167.5,103.05292205401621,771.5,0.07019941806793213,0.08425388853323501,0.6248837411403656,0.050621171154580986
0.2582738369327182,1.1120291229091919,150.9,102.26321035806555,788.1,0.059724241495132446,0.08010877633609328,0.6276331424713135,0.04836169012088807
0.2668186664246978,1.1120291229091919,119.4,94.0664562143493,819.6,0.03607672452926636,0.051998130155933964,0.6363835275173187,0.05032566391625117
0.2753634959166774,1.1120291229091919,95.7,90.46180791940807,843.3,0.05704213976860047,0.07512897467464828,0.6401721477508545,0.04895957280978316
0.283908325408657,1.1120291229091919,80.9,89.13489302330667,858.1,-4.755194538831711,10.821338262249723,0.6428872406482696,0.0498595042973716
0.2924531549006366,1.1120291229091919,74.1,86.60543620765338,864.9,0.02134581208229065,0.03905502528014626,0.6430074214935303,0.05028926638462153
0.30099798439261627,1.1120291229091919,64.3,75.25431494966716,874.7,0.02214488387107849,0.03907896474852097,0.6452620804309845,0.0511757835059103
0.30954281388459587,1.1120291229091919,57.3,66.54318998541184,881.7,0.019688397645950317,0.03701707230459822,0.6468814432621002,0.05221606736849412
0.31808764337657547,1.1120291229091919,32.9,40.472949719258,906.1,0.034044915437698366,0.040213769556477034,0.6440204501152038,0.05146287583423256
0.32663247286855507,1.1120291229091919,12.0,27.14588595424919,927.0,0.013830876350402832,0.03128761600461313,0.6432584941387176,0.05109574612459228
0.33517730236053467,1.1120291229091919,0.1,0.2262157162854099,938.9,0.0,0.0,0.6415634632110596,0.050858050557652135
0.0019289521733298898,1.1526134994885868,753.3,37.98515981609421,185.70000000000005,0.6282199442386627,0.04105055974365768,0.36018001437187197,0.0892677585276954
0.0104737816653095,1.1526134994885868,722.4,43.24633427891773,216.60000000000002,0.6326520204544067,0.039471031723228536,0.3625871539115906,0.08174698452834055
0.01901861115728911,1.1526134994885868,698.5,50.75198315902927,240.5,0.6379725635051727,0.041294101488100005,0.39464281797409057,0.07835619575445811
0.02756344064926872,1.1526134994885868,682.6,60.59616783207498,256.4,0.6329635441303253,0.04369119028613932,0.41481860876083376,0.08742627305710068
0.03610827014124833,1.1526134994885868,642.4,62.4273409351187,296.6,0.597886461019516,0.09998307251587166,0.4554133236408234,0.07601463879508619
0.044653099633227944,1.1526134994885868,608.8,61.72166376666565,330.20000000000005,0.5460848331451416,0.12801494194160432,0.48536887764930725,0.077256338603848
0.05319792912520755,1.1526134994885868,579.3,59.41439980565949,359.70000000000005,0.3910039246082306,0.1512066908384258,0.505618292093277,0.07628676979579958
0.06174275861718716,1.1526134994885868,557.4,65.64518683499517,381.6,0.29788762927055357,0.12173760103878731,0.5328352332115174,0.06917531801442986
0.07028758810916677,1.1526134994885868,525.6,86.60264588894002,413.4,0.15434026718139648,0.06812509340031547,0.5484416007995605,0.06765937108062381
0.07883241760114638,1.1526134994885868,511.8,88.01170777107552,427.2,0.1457614302635193,0.06886545641184208,0.5543504297733307,0.06696638009941513
0.087377247093126,1.1526134994885868,505.6,87.88007462586694,433.4,0.1417725682258606,0.0697273552292358,0.5537043809890747,0.06685629748867565
0.0959220765851056,1.1526134994885868,494.0,83.2707395482207,445.0,0.1356244206428528,0.06991474279908869,0.5644879221916199,0.060952325338388735
0.10446690607708521,1.1526134994885868,460.1,73.09366281216826,478.9,0.12657458782196046,0.06712482270159327,0.583863627910614,0.0602342089912955
0.11301173556906483,1.1526134994885868,449.2,77.53902772670563,489.8,0.12230806350708008,0.07151961773920748,0.5882940232753754,0.05710448319151523
0.12155656506104442,1.1526134994885868,435.4,75.82048314859233,503.6,0.11040928363800048,0.07480005948743067,0.5847675442695618,0.060211951476628285
0.13010139455302405,1.1526134994885868,426.0,79.12737034702329,513.0,0.10144181251525879,0.07839328845087044,0.5887876570224762,0.0589758951787012
0.13864622404500365,1.1526134994885868,414.4,77.62580209234758,524.6,0.08935517072677612,0.07642742736318413,0.5860077023506165,0.05650842971700973
0.14719105353698325,1.1526134994885868,399.7,77.11714818493554,539.3,0.08569210767745972,0.0805199548284098,0.5890777289867402,0.05208169720059333
0.15573588302896288,1.1526134994885868,389.7,80.03693342337762,549.3,0.10355345010757447,0.06307860555093976,0.5911060869693756,0.05403684328389222
0.16428071252094248,1.1526134994885868,376.7,82.98349095201257,562.3,0.1019948422908783,0.06778365899261878,0.59373859167099,0.05287668850169168
0.1728255420129221,1.1526134994885868,364.5,87.4292771143803,574.5,0.06983893513679504,0.048637418910312105,0.5902589976787567,0.05387596376395238
0.1813703715049017,1.1526134994885868,352.6,83.26268180103186,586.4,0.06208736300468445,0.05096258435509971,0.5949469923973083,0.052529061930799786
0.1899152009968813,1.1526134994885868,333.8,77.78429588305133,605.2,0.0594841480255127,0.05175775519073246,0.6033294081687928,0.0544361818056451
0.19846003048886093,1.1526134994885868,314.7,82.03802351156926,624.3,0.0493219792842865,0.05142344544671655,0.6059249222278595,0.05575469267421446
0.20700485998084053,1.1526134994885868,279.4,94.47779920792219,659.6,0.04734251499176025,0.05629823678929076,0.6154918968677521,0.05787964249216673
0.21554968947282013,1.1526134994885868,254.1,107.47690962728484,684.9,0.014144986867904663,0.10581591195897558,0.6187710106372833,0.05920881360122104
0.22409451896479976,1.1526134994885868,230.4,104.48249580972248,708.6,0.05014694333076477,0.08727382412873588,0.6220349073410034,0.05661254565000484
0.23263934845677936,1.1526134994885868,206.6,106.95653011218779,732.4,-25.602277725934982,58.05799098216566,0.6240846633911132,0.0556151960491821
0.24118417794875896,1.1526134994885868,190.5,103.72387345577496,748.5,0.05492151379585266,0.04827989288741781,0.6253570318222046,0.054805523549667175
0.2497290074407386,1.1526134994885868,167.5,103.05292205401621,771.5,0.07019941806793213,0.08425388853323501,0.6248837411403656,0.050621171154580986
0.2582738369327182,1.1526134994885868,150.9,102.26321035806555,788.1,0.059724241495132446,0.08010877633609328,0.6276331424713135,0.04836169012088807
0.2668186664246978,1.1526134994885868,119.4,94.0664562143493,819.6,0.03607672452926636,0.051998130155933964,0.6363835275173187,0.05032566391625117
0.2753634959166774,1.1526134994885868,95.7,90.46180791940807,843.3,0.05704213976860047,0.07512897467464828,0.6401721477508545,0.04895957280978316
0.283908325408657,1.1526134994885868,80.9,89.13489302330667,858.1,-4.755194538831711,10.821338262249723,0.6428872406482696,0.0498595042973716
0.2924531549006366,1.1526134994885868,74.1,86.60543620765338,864.9,0.02134581208229065,0.03905502528014626,0.6430074214935303,0.05028926638462153
0.30099798439261627,1.1526134994885868,64.3,75.25431494966716,874.7,0.02214488387107849,0.03907896474852097,0.6452620804309845,0.0511757835059103
0.30954281388459587,1.1526134994885868,57.3,66.54318998541184,881.7,0.019688397645950317,0.03701707230459822,0.6468814432621002,0.05221606736849412
0.31808764337657547,1.1526134994885868,32.9,40.472949719258,906.1,0.034044915437698366,0.040213769556477034,0.6440204501152038,0.05146287583423256
0.32663247286855507,1.1526134994885868,12.0,27.14588595424919,927.0,0.013830876350402832,0.03128761600461313,0.6432584941387176,0.05109574612459228
0.33517730236053467,1.1526134994885868,0.1,0.2262157162854099,938.9,0.0,0.0,0.6415634632110596,0.050858050557652135
0.0019289521733298898,1.1931978760679818,765.4,39.10501432810216,173.60000000000002,0.6335321128368377,0.04263305597325439,0.36509235501289367,0.08728989575655946
0.0104737816653095,1.1931978760679818,731.6,43.12915994435371,207.39999999999998,0.638295704126358,0.043134432679365786,0.3651458084583282,0.0788366854316424
0.01901861115728911,1.1931978760679818,704.2,51.641083843664084,234.79999999999995,0.645864999294281,0.04713267120262078,0.387953120470047,0.06758144598419817
0.02756344064926872,1.1931978760679818,686.0,60.286476600623644,253.0,0.6436841428279877,0.04588563590143867,0.403044605255127,0.0855310873109947
0.03610827014124833,1.1931978760679818,645.1,61.2051368278014,293.9,0.6071569561958313,0.10320891758130862,0.44721919298171997,0.07573917153636103
0.044653099633227944,1.1931978760679818,611.1,60.42350279123792,327.9,0.553936767578125,0.13164838524080916,0.47934672236442566,0.07773238132559034
0.05319792912520755,1.1931978760679818,580.3,58.87893868695494,358.70000000000005,0.396168851852417,0.15516274434138752,0.5028282284736634,0.0776542474366667
0.06174275861718716,1.1931978760679818,557.6,65.76028574822702,381.4,0.29848753809928896,0.12166500224294027,0.5328210651874542,0.06917992408788708
0.07028758810916677,1.1931978760679818,525.8,86.73162877805196,413.20000000000005,0.15494017601013182,0.06871162279719015,0.5484274327754974,0.06766593836708866
0.07883241760114638,1.1931978760679818,511.8,88.01170777107552,427.2,0.1457614302635193,0.06886545641184208,0.5543504297733307,0.06696638009941513
0.087377247093126,1.1931978760679818,505.6,87.88007462586694,433.4,0.1417725682258606,0.0697273552292358,0.5537043809890747,0.06685629748867565
0.0959220765851056,1.1931978760679818,494.0,83.2707395482207,445.0,0.1356244206428528,0.06991474279908869,0.5644879221916199,0.060952325338388735
0.10446690607708521,1.1931978760679818,460.1,73.09366281216826,478.9,0.12657458782196046,0.06712482270159327,0.583863627910614,0.0602342089912955
0.11301173556906483,1.1931978760679818,449.2,77.53902772670563,489.8,0.12230806350708008,0.07151961773920748,0.5882940232753754,0.05710448319151523
0.12155656506104442,1.1931978760679818,435.4,75.82048314859233,503.6,0.11040928363800048,0.07480005948743067,0.5847675442695618,0.060211951476628285
0.13010139455302405,1.1931978760679818,426.0,79.12737034702329,513.0,0.10144181251525879,0.07839328845087044,0.5887876570224762,0.0589758951787012
0.13864622404500365,1.1931978760679818,414.4,77.62580209234758,524.6,0.08935517072677612,0.07642742736318413,0.5860077023506165,0.05650842971700973
0.14719105353698325,1.1931978760679818,399.7,77.11714818493554,539.3,0.08569210767745972,0.0805199548284098,0.5890777289867402,0.05208169720059333
0.15573588302896288,1.1931978760679818,389.7,80.03693342337762,549.3,0.10355345010757447,0.06307860555093976,0.5911060869693756,0.05403684328389222
0.16428071252094248,1.1931978760679818,376.7,82.98349095201257,562.3,0.1019948422908783,0.06778365899261878,0.59373859167099,0.05287668850169168
0.1728255420129221,1.1931978760679818,364.5,87.4292771143803,574.5,0.06983893513679504,0.048637418910312105,0.5902589976787567,0.05387596376395238
0.1813703715049017,1.1931978760679818,352.6,83.26268180103186,586.4,0.06208736300468445,0.05096258435509971,0.5949469923973083,0.052529061930799786
0.1899152009968813,1.1931978760679818,333.8,77.78429588305133,605.2,0.0594841480255127,0.05175775519073246,0.6033294081687928,0.0544361818056451
0.19846003048886093,1.1931978760679818,314.7,82.03802351156926,624.3,0.0493219792842865,0.05142344544671655,0.6059249222278595,0.05575469267421446
0.20700485998084053,1.1931978760679818,279.4,94.47779920792219,659.6,0.04734251499176025,0.05629823678929076,0.6154918968677521,0.05787964249216673
0.21554968947282013,1.1931978760679818,254.1,107.47690962728484,684.9,0.014144986867904663,0.10581591195897558,0.6187710106372833,0.05920881360122104
0.22409451896479976,1.1931978760679818,230.4,104.48249580972248,708.6,0.05014694333076477,0.08727382412873588,0.6220349073410034,0.05661254565000484
0.23263934845677936,1.1931978760679818,206.6,106.95653011218779,732.4,-25.602277725934982,58.05799098216566,0.6240846633911132,0.0556151960491821
0.24118417794875896,1.1931978760679818,190.5,103.72387345577496,748.5,0.05492151379585266,0.04827989288741781,0.6253570318222046,0.054805523549667175
0.2497290074407386,1.1931978760679818,167.5,103.05292205401621,771.5,0.07019941806793213,0.08425388853323501,0.6248837411403656,0.050621171154580986
0.2582738369327182,1.1931978760679818,150.9,102.26321035806555,788.1,0.059724241495132446,0.08010877633609328,0.6276331424713135,0.04836169012088807
0.2668186664246978,1.1931978760679818,119.4,94.0664562143493,819.6,0.03607672452926636,0.051998130155933964,0.6363835275173187,0.05032566391625117
0.2753634959166774,1.1931978760679818,95.7,90.46180791940807,843.3,0.05704213976860047,0.07512897467464828,0.6401721477508545,0.04895957280978316
0.283908325408657,1.1931978760679818,80.9,89.13489302330667,858.1,-4.755194538831711,10.821338262249723,0.6428872406482696,0.0498595042973716
0.2924531549006366,1.1931978760679818,74.1,86.60543620765338,864.9,0.02134581208229065,0.03905502528014626,0.6430074214935303,0.05028926638462153
0.30099798439261627,1.1931978760679818,64.3,75.25431494966716,874.7,0.02214488387107849,0.03907896474852097,0.6452620804309845,0.0511757835059103
0.30954281388459587,1.1931978760679818,57.3,66.54318998541184,881.7,0.019688397645950317,0.03701707230459822,0.6468814432621002,0.05221606736849412
0.31808764337657547,1.1931978760679818,32.9,40.472949719258,906.1,0.034044915437698366,0.040213769556477034,0.6440204501152038,0.05146287583423256
0.32663247286855507,1.1931978760679818,12.0,27.14588595424919,927.0,0.013830876350402832,0.03128761600461313,0.6432584941387176,0.05109574612459228
0.33517730236053467,1.1931978760679818,0.1,0.2262157162854099,938.9,0.0,0.0,0.6415634632110596,0.050858050557652135
0.0019289521733298898,1.2337822526473767,777.4,40.73167372387863,161.60000000000002,0.6349047958850861,0.040901307864230727,0.36360267996788026,0.09109848297081932
0.0104737816653095,1.2337822526473767,740.2,44.781824803616736,198.79999999999995,0.6407261610031127,0.041227430472316036,0.3617659270763397,0.08132866315232276
0.01901861115728911,1.2337822526473767,708.0,51.09337901357183,231.0,0.649749630689621,0.04666389186112139,0.3804215848445892,0.07090954146464712
0.02756344064926872,1.2337822526473767,688.9,59.256668458149264,250.10000000000002,0.6464158892631531,0.04706643649182254,0.39871407151222227,0.08484903045581459
0.03610827014124833,1.2337822526473767,647.8,60.1143881196365,291.20000000000005,0.6107762277126312,0.1024942897119466,0.4437321126461029,0.07450077826444186
0.044653099633227944,1.2337822526473767,613.3,59.83589810937943,325.70000000000005,0.5561606526374817,0.1308138471708727,0.47739081978797915,0.07682697186164188
0.05319792912520755,1.2337822526473767,582.0,58.99273325613415,357.0,0.3971210479736328,0.15435480669148802,0.5017838656902314,0.0776501322652119
0.06174275861718716,1.2337822526473767,558.8,66.51135317117097,380.20000000000005,0.29936798214912413,0.1215858070215829,0.5316521108150483,0.06960975919677873
0.07028758810916677,1.2337822526473767,525.8,86.73162877805196,413.20000000000005,0.15494017601013182,0.06871162279719015,0.5484274327754974,0.06766593836708866
0.07883241760114638,1.2337822526473767,511.8,88.01170777107552,427.2,0.1457614302635193,0.06886545641184208,0.5543504297733307,0.06696638009941513
0.087377247093126,1.2337822526473767,505.6,87.88007462586694,433.4,0.1417725682258606,0.0697273552292358,0.5537043809890747,0.06685629748867565
0.0959220765851056,1.2337822526473767,494.0,83.2707395482207,445.0,0.1356244206428528,0.06991474279908869,0.5644879221916199,0.060952325338388735
0.10446690607708521,1.2337822526473767,460.1,73.09366281216826,478.9,0.12657458782196046,0.06712482270159327,0.583863627910614,0.0602342089912955
0.11301173556906483,1.2337822526473767,449.2,77.53902772670563,489.8,0.12230806350708008,0.07151961773920748,0.5882940232753754,0.05710448319151523
0.12155656506104442,1.2337822526473767,435.4,75.82048314859233,503.6,0.11040928363800048,0.07480005948743067,0.5847675442695618,0.060211951476628285
0.13010139455302405,1.2337822526473767,426.0,79.12737034702329,513.0,0.10144181251525879,0.07839328845087044,0.5887876570224762,0.0589758951787012
0.13864622404500365,1.2337822526473767,414.4,77.62580209234758,524.6,0.08935517072677612,0.07642742736318413,0.5860077023506165,0.05650842971700973
0.14719105353698325,1.2337822526473767,399.7,77.11714818493554,539.3,0.08569210767745972,0.0805199548284098,0.5890777289867402,0.05208169720059333
0.15573588302896288,1.2337822526473767,389.7,80.03693342337762,549.3,0.10355345010757447,0.06307860555093976,0.5911060869693756,0.05403684328389222
0.16428071252094248,1.2337822526473767,376.7,82.98349095201257,562.3,0.1019948422908783,0.06778365899261878,0.59373859167099,0.05287668850169168
0.1728255420129221,1.2337822526473767,364.5,87.4292771143803,574.5,0.06983893513679504,0.048637418910312105,0.5902589976787567,0.05387596376395238
0.1813703715049017,1.2337822526473767,352.6,83.26268180103186,586.4,0.06208736300468445,0.05096258435509971,0.5949469923973083,0.052529061930799786
0.1899152009968813,1.2337822526473767,333.8,77.78429588305133,605.2,0.0594841480255127,0.05175775519073246,0.6033294081687928,0.0544361818056451
0.19846003048886093,1.2337822526473767,314.7,82.03802351156926,624.3,0.0493219792842865,0.05142344544671655,0.6059249222278595,0.05575469267421446
0.20700485998084053,1.2337822526473767,279.4,94.47779920792219,659.6,0.04734251499176025,0.05629823678929076,0.6154918968677521,0.05787964249216673
0.21554968947282013,1.2337822526473767,254.1,107.47690962728484,684.9,0.014144986867904663,0.10581591195897558,0.6187710106372833,0.05920881360122104
0.22409451896479976,1.2337822526473767,230.4,104.48249580972248,708.6,0.05014694333076477,0.08727382412873588,0.6220349073410034,0.05661254565000484
0.23263934845677936,1.2337822526473767,206.6,106.95653011218779,732.4,-25.602277725934982,58.05799098216566,0.6240846633911132,0.0556151960491821
0.24118417794875896,1.2337822526473767,190.5,103.72387345577496,748.5,0.05492151379585266,0.04827989288741781,0.6253570318222046,0.054805523549667175
0.2497290074407386,1.2337822526473767,167.5,103.05292205401621,771.5,0.07019941806793213,0.08425388853323501,0.6248837411403656,0.050621171154580986
0.2582738369327182,1.2337822526473767,150.9,102.26321035806555,788.1,0.059724241495132446,0.08010877633609328,0.6276331424713135,0.04836169012088807
0.2668186664246978,1.2337822526473767,119.4,94.0664562143493,819.6,0.03607672452926636,0.051998130155933964,0.6363835275173187,0.05032566391625117
0.2753634959166774,1.2337822526473767,95.7,90.46180791940807,843.3,0.05704213976860047,0.07512897467464828,0.6401721477508545,0.04895957280978316
0.283908325408657,1.2337822526473767,80.9,89.13489302330667,858.1,-4.755194538831711,10.821338262249723,0.6428872406482696,0.0498595042973716
0.2924531549006366,1.2337822526473767,74.1,86.60543620765338,864.9,0.02134581208229065,0.03905502528014626,0.6430074214935303,0.05028926638462153
0.30099798439261627,1.2337822526473767,64.3,75.25431494966716,874.7,0.02214488387107849,0.03907896474852097,0.6452620804309845,0.0511757835059103
0.30954281388459587,1.2337822526473767,57.3,66.54318998541184,881.7,0.019688397645950317,0.03701707230459822,0.6468814432621002,0.05221606736849412
0.31808764337657547,1.2337822526473767,32.9,40.472949719258,906.1,0.034044915437698366,0.040213769556477034,0.6440204501152038,0.05146287583423256
0.32663247286855507,1.2337822526473767,12.0,27.14588595424919,927.0,0.013830876350402832,0.03128761600461313,0.6432584941387176,0.05109574612459228
0.33517730236053467,1.2337822526473767,0.1,0.2262157162854099,938.9,0.0,0.0,0.6415634632110596,0.050858050557652135
0.0019289521733298898,1.2743666292267717,793.0,37.79450181205019,146.0,0.6392894566059113,0.043628772128349785,0.3396143436431885,0.08797759168586972
0.0104737816653095,1.2743666292267717,748.8,44.15657642324387,190.20000000000005,0.6455276787281037,0.04517915664829348,0.3469113945960999,0.0809499803814416
0.01901861115728911,1.2743666292267717,714.4,51.62941137705723,224.60000000000002,0.6552412748336792,0.05077958501878809,0.36691628098487855,0.06639808755668364
0.02756344064926872,1.2743666292267717,693.1,58.6073363097023,245.89999999999998,0.6513212561607361,0.0500593235409532,0.38910884857177735,0.08335026621946702
0.03610827014124833,1.2743666292267717,651.6,58.71662189399474,287.4,0.616676288843155,0.1015759777638347,0.4374800086021423,0.07390133915388934
0.044653099633227944,1.2743666292267717,615.2,59.8461125037631,323.79999999999995,0.5608261585235595,0.13036724470099292,0.4741297006607056,0.07810965472073599
0.05319792912520755,1.2743666292267717,582.7,59.203485743009786,356.29999999999995,0.39861547350883486,0.15389700105134055,0.5018853366374969,0.07773664277139651
0.06174275861718716,1.2743666292267717,558.8,66.51135317117097,380.20000000000005,0.29936798214912413,0.1215858070215829,0.5316521108150483,0.06960975919677873
0.07028758810916677,1.2743666292267717,525.8,86.73162877805196,413.20000000000005,0.15494017601013182,0.06871162279719015,0.5484274327754974,0.06766593836708866
0.07883241760114638,1.2743666292267717,511.8,88.01170777107552,427.2,0.1457614302635193,0.06886545641184208,0.5543504297733307,0.06696638009941513
0.087377247093126,1.2743666292267717,505.6,87.88007462586694,433.4,0.1417725682258606,0.0697273552292358,0.5537043809890747,0.06685629748867565
0.0959220765851056,1.2743666292267717,494.0,83.2707395482207,445.0,0.1356244206428528,0.06991474279908869,0.5644879221916199,0.060952325338388735
0.10446690607708521,1.2743666292267717,460.1,73.09366281216826,478.9,0.12657458782196046,0.06712482270159327,0.583863627910614,0.0602342089912955
0.11301173556906483,1.2743666292267717,449.2,77.53902772670563,489.8,0.12230806350708008,0.07151961773920748,0.5882940232753754,0.05710448319151523
0.12155656506104442,1.2743666292267717,435.4,75.82048314859233,503.6,0.11040928363800048,0.07480005948743067,0.5847675442695618,0.060211951476628285
0.13010139455302405,1.2743666292267717,426.0,79.12737034702329,513.0,0.10144181251525879,0.07839328845087044,0.5887876570224762,0.0589758951787012
0.13864622404500365,1.2743666292267717,414.4,77.62580209234758,524.6,0.08935517072677612,0.07642742736318413,0.5860077023506165,0.05650842971700973
0.14719105353698325,1.2743666292267717,399.7,77.11714818493554,539.3,0.08569210767745972,0.0805199548284098,0.5890777289867402,0.05208169720059333
0.15573588302896288,1.2743666292267717,389.7,80.03693342337762,549.3,0.10355345010757447,0.06307860555093976,0.5911060869693756,0.05403684328389222
0.16428071252094248,1.2743666292267717,376.7,82.98349095201257,562.3,0.1019948422908783,0.06778365899261878,0.59373859167099,0.05287668850169168
0.1728255420129221,1.2743666292267717,364.5,87.4292771143803,574.5,0.06983893513679504,0.048637418910312105,0.5902589976787567,0.05387596376395238
0.1813703715049017,1.2743666292267717,352.6,83.26268180103186,586.4,0.06208736300468445,0.05096258435509971,0.5949469923973083,0.052529061930799786
0.1899152009968813,1.2743666292267717,333.8,77.78429588305133,605.2,0.0594841480255127,0.05175775519073246,0.6033294081687928,0.0544361818056451
0.19846003048886093,1.2743666292267717,314.7,82.03802351156926,624.3,0.0493219792842865,0.05142344544671655,0.6059249222278595,0.05575469267421446
0.20700485998084053,1.2743666292267717,279.4,94.47779920792219,659.6,0.04734251499176025,0.05629823678929076,0.6154918968677521,0.05787964249216673
0.21554968947282013,1.2743666292267717,254.1,107.47690962728484,684.9,0.014144986867904663,0.10581591195897558,0.6187710106372833,0.05920881360122104
0.22409451896479976,1.2743666292267717,230.4,104.48249580972248,708.6,0.05014694333076477,0.08727382412873588,0.6220349073410034,0.05661254565000484
0.23263934845677936,1.2743666292267717,206.6,106.95653011218779,732.4,-25.602277725934982,58.05799098216566,0.6240846633911132,0.0556151960491821
0.24118417794875896,1.2743666292267717,190.5,103.72387345577496,748.5,0.05492151379585266,0.04827989288741781,0.6253570318222046,0.054805523549667175
0.2497290074407386,1.2743666292267717,167.5,103.05292205401621,771.5,0.07019941806793213,0.08425388853323501,0.6248837411403656,0.050621171154580986
0.2582738369327182,1.2743666292267717,150.9,102.26321035806555,788.1,0.059724241495132446,0.08010877633609328,0.6276331424713135,0.04836169012088807
0.2668186664246978,1.2743666292267717,119.4,94.0664562143493,819.6,0.03607672452926636,0.051998130155933964,0.6363835275173187,0.05032566391625117
0.2753634959166774,1.2743666292267717,95.7,90.46180791940807,843.3,0.05704213976860047,0.07512897467464828,0.6401721477508545,0.04895957280978316
0.283908325408657,1.2743666292267717,80.9,89.13489302330667,858.1,-4.755194538831711,10.821338262249723,0.6428872406482696,0.0498595042973716
0.2924531549006366,1.2743666292267717,74.1,86.60543620765338,864.9,0.02134581208229065,0.03905502528014626,0.6430074214935303,0.05028926638462153
0.30099798439261627,1.2743666292267717,64.3,75.25431494966716,874.7,0.02214488387107849,0.03907896474852097,0.6452620804309845,0.0511757835059103
0.30954281388459587,1.2743666292267717,57.3,66.54318998541184,881.7,0.019688397645950317,0.03701707230459822,0.6468814432621002,0.05221606736849412
0.31808764337657547,1.2743666292267717,32.9,40.472949719258,906.1,0.034044915437698366,0.040213769556477034,0.6440204501152038,0.05146287583423256
0.32663247286855507,1.2743666292267717,12.0,27.14588595424919,927.0,0.013830876350402832,0.03128761600461313,0.6432584941387176,0.05109574612459228
0.33517730236053467,1.2743666292267717,0.1,0.2262157162854099,938.9,0.0,0.0,0.6415634632110596,0.050858050557652135
0.0019289521733298898,1.3149510058061666,812.6,36.21367503233722,126.39999999999998,0.6369247317314148,0.04355495700744908,0.33861652612686155,0.08890280621771623
0.0104737816653095,1.3149510058061666,762.5,42.74785434693985,176.5,0.6444840252399444,0.046005599243172934,0.34389868974685667,0.07941210202149147
0.01901861115728911,1.3149510058061666,723.0,50.17480679075035,216.0,0.656536591053009,0.05115401855847142,0.35495752692222593,0.06821235993073871
0.02756344064926872,1.3149510058061666,698.2,58.00501123665353,240.79999999999995,0.6528348922729492,0.051883442586018375,0.38070018887519835,0.08126270323000773
0.03610827014124833,1.3149510058061666,656.2,57.87350846869923,282.79999999999995,0.6192128419876098,0.10091385422233991,0.42956403493881223,0.07093582680144392
0.044653099633227944,1.3149510058061666,615.4,59.55601039537247,323.6,0.5606957912445069,0.13032628170819244,0.47408547401428225,0.07815242918650625
0.05319792912520755,1.3149510058061666,582.8,59.076335247594756,356.20000000000005,0.3982128620147705,0.15353803948183534,0.5022196829319,0.0773530417346201
0.06174275861718716,1.3149510058061666,558.8,66.51135317117097,380.20000000000005,0.29936798214912413,0.1215858070215829,0.5316521108150483,0.06960975919677873
0.07028758810916677,1.3149510058061666,525.8,86.73162877805196,413.20000000000005,0.15494017601013182,0.06871162279719015,0.5484274327754974,0.06766593836708866
0.07883241760114638,1.3149510058061666,511.8,88.01170777107552,427.2,0.1457614302635193,0.06886545641184208,0.5543504297733307,0.06696638009941513
0.087377247093126,1.3149510058061666,505.6,87.88007462586694,433.4,0.1417725682258606,0.0697273552292358,0.5537043809890747,0.06685629748867565
0.0959220765851056,1.3149510058061666,494.0,83.2707395482207,445.0,0.1356244206428528,0.06991474279908869,0.5644879221916199,0.060952325338388735
0.10446690607708521,1.3149510058061666,460.1,73.09366281216826,478.9,0.12657458782196046,0.06712482270159327,0.583863627910614,0.0602342089912955
0.11301173556906483,1.3149510058061666,449.2,77.53902772670563,489.8,0.12230806350708008,0.07151961773920748,0.5882940232753754,0.05710448319151523
0.12155656506104442,1.3149510058061666,435.4,75.82048314859233,503.6,0.11040928363800048,0.07480005948743067,0.5847675442695618,0.060211951476628285
0.13010139455302405,1.3149510058061666,426.0,79.12737034702329,513.0,0.10144181251525879,0.07839328845087044,0.5887876570224762,0.0589758951787012
0.13864622404500365,1.3149510058061666,414.4,77.62580209234758,524.6,0.08935517072677612,0.07642742736318413,0.5860077023506165,0.05650842971700973
0.14719105353698325,1.3149510058061666,399.7,77.11714818493554,539.3,0.08569210767745972,0.0805199548284098,0.5890777289867402,0.05208169720059333
0.15573588302896288,1.3149510058061666,389.7,80.03693342337762,549.3,0.10355345010757447,0.06307860555093976,0.5911060869693756,0.05403684328389222
0.16428071252094248,1.3149510058061666,376.7,82.98349095201257,562.3,0.1019948422908783,0.06778365899261878,0.59373859167099,0.05287668850169168
0.1728255420129221,1.3149510058061666,364.5,87.4292771143803,574.5,0.06983893513679504,0.048637418910312105,0.5902589976787567,0.05387596376395238
0.1813703715049017,1.3149510058061666,352.6,83.26268180103186,586.4,0.06208736300468445,0.05096258435509971,0.5949469923973083,0.052529061930799786
0.1899152009968813,1.3149510058061666,333.8,77.78429588305133,605.2,0.0594841480255127,0.05175775519073246,0.6033294081687928,0.0544361818056451
0.19846003048886093,1.3149510058061666,314.7,82.03802351156926,624.3,0.0493219792842865,0.05142344544671655,0.6059249222278595,0.05575469267421446
0.20700485998084053,1.3149510058061666,279.4,94.47779920792219,659.6,0.04734251499176025,0.05629823678929076,0.6154918968677521,0.05787964249216673
0.21554968947282013,1.3149510058061666,254.1,107.47690962728484,684.9,0.014144986867904663,0.10581591195897558,0.6187710106372833,0.05920881360122104
0.22409451896479976,1.3149510058061666,230.4,104.48249580972248,708.6,0.05014694333076477,0.08727382412873588,0.6220349073410034,0.05661254565000484
0.23263934845677936,1.3149510058061666,206.6,106.95653011218779,732.4,-25.602277725934982,58.05799098216566,0.6240846633911132,0.0556151960491821
0.24118417794875896,1.3149510058061666,190.5,103.72387345577496,748.5,0.05492151379585266,0.04827989288741781,0.6253570318222046,0.054805523549667175
0.2497290074407386,1.3149510058061666,167.5,103.05292205401621,771.5,0.07019941806793213,0.08425388853323501,0.6248837411403656,0.050621171154580986
0.2582738369327182,1.3149510058061666,150.9,102.26321035806555,788.1,0.059724241495132446,0.08010877633609328,0.6276331424713135,0.04836169012088807
0.2668186664246978,1.3149510058061666,119.4,94.0664562143493,819.6,0.03607672452926636,0.051998130155933964,0.6363835275173187,0.05032566391625117
0.2753634959166774,1.3149510058061666,95.7,90.46180791940807,843.3,0.05704213976860047,0.07512897467464828,0.6401721477508545,0.04895957280978316
0.283908325408657,1.3149510058061666,80.9,89.13489302330667,858.1,-4.755194538831711,10.821338262249723,0.6428872406482696,0.0498595042973716
0.2924531549006366,1.3149510058061666,74.1,86.60543620765338,864.9,0.02134581208229065,0.03905502528014626,0.6430074214935303,0.05028926638462153
0.30099798439261627,1.3149510058061666,64.3,75.25431494966716,874.7,0.02214488387107849,0.03907896474852097,0.6452620804309845,0.0511757835059103
0.30954281388459587,1.3149510058061666,57.3,66.54318998541184,881.7,0.019688397645950317,0.03701707230459822,0.6468814432621002,0.05221606736849412
0.31808764337657547,1.3149510058061666,32.9,40.472949719258,906.1,0.034044915437698366,0.040213769556477034,0.6440204501152038,0.05146287583423256
0.32663247286855507,1.3149510058061666,12.0,27.14588595424919,927.0,0.013830876350402832,0.03128761600461313,0.6432584941387176,0.05109574612459228
0.33517730236053467,1.3149510058061666,0.1,0.2262157162854099,938.9,0.0,0.0,0.6415634632110596,0.050858050557652135
0.0019289521733298898,1.3555353823855618,828.1,31.962305242732253,110.89999999999998,0.6386582791805268,0.04377406022912626,0.3139588415622711,0.09150424991154806
0.0104737816653095,1.3555353823855618,776.3,40.77192707632773,162.70000000000005,0.6463184595108032,0.046236230334315835,0.3236486494541168,0.07952569897330095
0.01901861115728911,1.3555353823855618,734.2,48.41791460494975,204.79999999999995,0.6585592985153198,0.051181022111722076,0.34439228773117064,0.06760573211701004
0.02756344064926872,1.3555353823855618,705.7,55.20678058437255,233.29999999999995,0.6543690621852875,0.051726078304117594,0.37661731243133545,0.08124690148731471
0.03610827014124833,1.3555353823855618,659.2,54.45678429055184,279.79999999999995,0.6200271427631379,0.10140653678316326,0.42669654488563535,0.07146334378785615
0.044653099633227944,1.3555353823855618,617.1,57.1753230543064,321.9,0.5605003595352173,0.13026610118349186,0.47339479327201844,0.07883389570921012
0.05319792912520755,1.3555353823855618,582.8,59.076335247594756,356.20000000000005,0.3982128620147705,0.15353803948183534,0.5022196829319,0.0773530417346201
0.06174275861718716,1.3555353823855618,558.8,66.51135317117097,380.20000000000005,0.29936798214912413,0.1215858070215829,0.5316521108150483,0.06960975919677873
0.07028758810916677,1.3555353823855618,525.8,86.73162877805196,413.20000000000005,0.15494017601013182,0.06871162279719015,0.5484274327754974,0.06766593836708866
0.07883241760114638,1.3555353823855618,511.8,88.01170777107552,427.2,0.1457614302635193,0.06886545641184208,0.5543504297733307,0.06696638009941513
0.087377247093126,1.3555353823855618,505.6,87.88007462586694,433.4,0.1417725682258606,0.0697273552292358,0.5537043809890747,0.06685629748867565
0.0959220765851056,1.3555353823855618,494.0,83.2707395482207,445.0,0.1356244206428528,0.06991474279908869,0.5644879221916199,0.060952325338388735
0.10446690607708521,1.3555353823855618,460.1,73.09366281216826,478.9,0.12657458782196046,0.06712482270159327,0.583863627910614,0.0602342089912955
0.11301173556906483,1.3555353823855618,449.2,77.53902772670563,489.8,0.12230806350708008,0.07151961773920748,0.5882940232753754,0.05710448319151523
0.12155656506104442,1.3555353823855618,435.4,75.82048314859233,503.6,0.11040928363800048,0.07480005948743067,0.5847675442695618,0.060211951476628285
0.13010139455302405,1.3555353823855618,426.0,79.12737034702329,513.0,0.10144181251525879,0.07839328845087044,0.5887876570224762,0.0589758951787012
0.13864622404500365,1.3555353823855618,414.4,77.62580209234758,524.6,0.08935517072677612,0.07642742736318413,0.5860077023506165,0.05650842971700973
0.14719105353698325,1.3555353823855618,399.7,77.11714818493554,539.3,0.08569210767745972,0.0805199548284098,0.5890777289867402,0.05208169720059333
0.15573588302896288,1.3555353823855618,389.7,80.03693342337762,549.3,0.10355345010757447,0.06307860555093976,0.5911060869693756,0.05403684328389222
0.16428071252094248,1.3555353823855618,376.7,82.98349095201257,562.3,0.1019948422908783,0.06778365899261878,0.59373859167099,0.05287668850169168
0.1728255420129221,1.3555353823855618,364.5,87.4292771143803,574.5,0.06983893513679504,0.048637418910312105,0.5902589976787567,0.05387596376395238
0.1813703715049017,1.3555353823855618,352.6,83.26268180103186,586.4,0.06208736300468445,0.05096258435509971,0.5949469923973083,0.052529061930799786
0.1899152009968813,1.3555353823855618,333.8,77.78429588305133,605.2,0.0594841480255127,0.05175775519073246,0.6033294081687928,0.0544361818056451
0.19846003048886093,1.3555353823855618,314.7,82.03802351156926,624.3,0.0493219792842865,0.05142344544671655,0.6059249222278595,0.05575469267421446
0.20700485998084053,1.3555353823855618,279.4,94.47779920792219,659.6,0.04734251499176025,0.05629823678929076,0.6154918968677521,0.05787964249216673
0.21554968947282013,1.3555353823855618,254.1,107.47690962728484,684.9,0.014144986867904663,0.10581591195897558,0.6187710106372833,0.05920881360122104
0.22409451896479976,1.3555353823855618,230.4,104.48249580972248,708.6,0.05014694333076477,0.08727382412873588,0.6220349073410034,0.05661254565000484
0.23263934845677936,1.3555353823855618,206.6,106.95653011218779,732.4,-25.602277725934982,58.05799098216566,0.6240846633911132,0.0556151960491821
0.24118417794875896,1.3555353823855618,190.5,103.72387345577496,748.5,0.05492151379585266,0.04827989288741781,0.6253570318222046,0.054805523549667175
0.2497290074407386,1.3555353823855618,167.5,103.05292205401621,771.5,0.07019941806793213,0.08425388853323501,0.6248837411403656,0.050621171154580986
0.2582738369327182,1.3555353823855618,150.9,102.26321035806555,788.1,0.059724241495132446,0.08010877633609328,0.6276331424713135,0.04836169012088807
0.2668186664246978,1.3555353823855618,119.4,94.0664562143493,819.6,0.03607672452926636,0.051998130155933964,0.6363835275173187,0.05032566391625117
0.2753634959166774,1.3555353823855618,95.7,90.46180791940807,843.3,0.05704213976860047,0.07512897467464828,0.6401721477508545,0.04895957280978316
0.283908325408657,1.3555353823855618,80.9,89.13489302330667,858.1,-4.755194538831711,10.821338262249723,0.6428872406482696,0.0498595042973716
0.2924531549006366,1.3555353823855618,74.1,86.60543620765338,864.9,0.02134581208229065,0.03905502528014626,0.6430074214935303,0.05028926638462153
0.30099798439261627,1.3555353823855618,64.3,75.25431494966716,874.7,0.02214488387107849,0.03907896474852097,0.6452620804309845,0.0511757835059103
0.30954281388459587,1.3555353823855618,57.3,66.54318998541184,881.7,0.019688397645950317,0.03701707230459822,0.6468814432621002,0.05221606736849412
0.31808764337657547,1.3555353823855618,32.9,40.472949719258,906.1,0.034044915437698366,0.040213769556477034,0.6440204501152038,0.05146287583423256
0.32663247286855507,1.3555353823855618,12.0,27.14588595424919,927.0,0.013830876350402832,0.03128761600461313,0.6432584941387176,0.05109574612459228
0.33517730236053467,1.3555353823855618,0.1,0.2262157162854099,938.9,0.0,0.0,0.6415634632110596,0.050858050557652135
0.0019289521733298898,1.3961197589649568,842.9,32.47235358914931,96.10000000000002,0.6396025598049164,0.04566925744919418,0.29280057549476624,0.09280328986997254
0.0104737816653095,1.3961197589649568,785.5,41.24638989707285,153.5,0.6494517266750336,0.047114847607678645,0.30793062448501585,0.07561150765537503
0.01901861115728911,1.3961197589649568,740.2,49.557708919348926,198.79999999999995,0.6624999463558197,0.05343382629237102,0.3324014723300934,0.06347566992859074
0.02756344064926872,1.3961197589649568,707.5,54.7965776580194,231.5,0.6574502348899841,0.053546155111760765,0.3683967709541321,0.07994037681293048
0.03610827014124833,1.3961197589649568,660.4,53.683234425528504,278.6,0.6218704402446746,0.10261268815863835,0.4228246331214905,0.06924698944884106
0.044653099633227944,1.3961197589649568,617.2,57.04026283184114,321.79999999999995,0.5607138752937317,0.13033192484313735,0.472999233007431,0.0792354152410675
0.05319792912520755,1.3961197589649568,582.8,59.076335247594756,356.20000000000005,0.3982128620147705,0.15353803948183534,0.5022196829319,0.0773530417346201
0.06174275861718716,1.3961197589649568,558.8,66.51135317117097,380.20000000000005,0.29936798214912413,0.1215858070215829,0.5316521108150483,0.06960975919677873
0.07028758810916677,1.3961197589649568,525.8,86.73162877805196,413.20000000000005,0.15494017601013182,0.06871162279719015,0.5484274327754974,0.06766593836708866
0.07883241760114638,1.3961197589649568,511.8,88.01170777107552,427.2,0.1457614302635193,0.06886545641184208,0.5543504297733307,0.06696638009941513
0.087377247093126,1.3961197589649568,505.6,87.88007462586694,433.4,0.1417725682258606,0.0697273552292358,0.5537043809890747,0.06685629748867565
0.0959220765851056,1.3961197589649568,494.0,83.2707395482207,445.0,0.1356244206428528,0.06991474279908869,0.5644879221916199,0.060952325338388735
0.10446690607708521,1.3961197589649568,460.1,73.09366281216826,478.9,0.12657458782196046,0.06712482270159327,0.583863627910614,0.0602342089912955
0.11301173556906483,1.3961197589649568,449.2,77.53902772670563,489.8,0.12230806350708008,0.07151961773920748,0.5882940232753754,0.05710448319151523
0.12155656506104442,1.3961197589649568,435.4,75.82048314859233,503.6,0.11040928363800048,0.07480005948743067,0.5847675442695618,0.060211951476628285
0.13010139455302405,1.3961197589649568,426.0,79.12737034702329,513.0,0.10144181251525879,0.07839328845087044,0.5887876570224762,0.0589758951787012
0.13864622404500365,1.3961197589649568,414.4,77.62580209234758,524.6,0.08935517072677612,0.07642742736318413,0.5860077023506165,0.05650842971700973
0.14719105353698325,1.3961197589649568,399.7,77.11714818493554,539.3,0.08569210767745972,0.0805199548284098,0.5890777289867402,0.05208169720059333
0.15573588302896288,1.3961197589649568,389.7,80.03693342337762,549.3,0.10355345010757447,0.06307860555093976,0.5911060869693756,0.05403684328389222
0.16428071252094248,1.3961197589649568,376.7,82.98349095201257,562.3,0.1019948422908783,0.06778365899261878,0.59373859167099,0.05287668850169168
0.1728255420129221,1.3961197589649568,364.5,87.4292771143803,574.5,0.06983893513679504,0.048637418910312105,0.5902589976787567,0.05387596376395238
0.1813703715049017,1.3961197589649568,352.6,83.26268180103186,586.4,0.06208736300468445,0.05096258435509971,0.5949469923973083,0.052529061930799786
0.1899152009968813,1.3961197589649568,333.8,77.78429588305133,605.2,0.0594841480255127,0.05175775519073246,0.6033294081687928,0.0544361818056451
0.19846003048886093,1.3961197589649568,314.7,82.03802351156926,624.3,0.0493219792842865,0.05142344544671655,0.6059249222278595,0.05575469267421446
0.20700485998084053,1.3961197589649568,279.4,94.47779920792219,659.6,0.04734251499176025,0.05629823678929076,0.6154918968677521,0.05787964249216673
0.21554968947282013,1.3961197589649568,254.1,107.47690962728484,684.9,0.014144986867904663,0.10581591195897558,0.6187710106372833,0.05920881360122104
0.22409451896479976,1.3961197589649568,230.4,104.48249580972248,708.6,0.05014694333076477,0.08727382412873588,0.6220349073410034,0.05661254565000484
0.23263934845677936,1.3961197589649568,206.6,106.95653011218779,732.4,-25.602277725934982,58.05799098216566,0.6240846633911132,0.0556151960491821
0.24118417794875896,1.3961197589649568,190.5,103.72387345577496,748.5,0.05492151379585266,0.04827989288741781,0.6253570318222046,0.054805523549667175
0.2497290074407386,1.3961197589649568,167.5,103.05292205401621,771.5,0.07019941806793213,0.08425388853323501,0.6248837411403656,0.050621171154580986
0.2582738369327182,1.3961197589649568,150.9,102.26321035806555,788.1,0.059724241495132446,0.08010877633609328,0.6276331424713135,0.04836169012088807
0.2668186664246978,1.3961197589649568,119.4,94.0664562143493,819.6,0.03607672452926636,0.051998130155933964,0.6363835275173187,0.05032566391625117
0.2753634959166774,1.3961197589649568,95.7,90.46180791940807,843.3,0.05704213976860047,0.07512897467464828,0.6401721477508545,0.04895957280978316
0.283908325408657,1.3961197589649568,80.9,89.13489302330667,858.1,-4.755194538831711,10.821338262249723,0.6428872406482696,0.0498595042973716
0.2924531549006366,1.3961197589649568,74.1,86.60543620765338,864.9,0.02134581208229065,0.03905502528014626,0.6430074214935303,0.05028926638462153
0.30099798439261627,1.3961197589649568,64.3,75.25431494966716,874.7,0.02214488387107849,0.03907896474852097,0.6452620804309845,0.0511757835059103
0.30954281388459587,1.3961197589649568,57.3,66.54318998541184,881.7,0.019688397645950317,0.03701707230459822,0.6468814432621002,0.05221606736849412
0.31808764337657547,1.3961197589649568,32.9,40.472949719258,906.1,0.034044915437698366,0.040213769556477034,0.6440204501152038,0.05146287583423256
0.32663247286855507,1.3961197589649568,12.0,27.14588595424919,927.0,0.013830876350402832,0.03128761600461313,0.6432584941387176,0.05109574612459228
0.33517730236053467,1.3961197589649568,0.1,0.2262157162854099,938.9,0.0,0.0,0.6415634632110596,0.050858050557652135
0.0019289521733298898,1.4367041355443517,877.2,20.918125411191888,61.799999999999955,0.6354877352714539,0.0501772247864424,0.3483123779296875,0.11367183022595347
0.0104737816653095,1.4367041355443517,815.5,21.511649016597694,123.5,0.6441235780715943,0.05248897529237467,0.3257716476917267,0.07105804295763775
0.01901861115728911,1.4367041355443517,765.8,26.935190371993357,173.20000000000005,0.6556637227535248,0.05956001929783909,0.34551301002502444,0.05591592308421634
0.02756344064926872,1.4367041355443517,725.7,23.78805232058273,213.29999999999995,0.6493191003799439,0.05990852144006366,0.37036195397377014,0.07850052416870718
0.03610827014124833,1.4367041355443517,676.5,34.97413331006033,262.5,0.6135073602199554,0.10431060788495317,0.42840869426727296,0.064604144987578
0.044653099633227944,1.4367041355443517,617.2,57.04026283184114,321.79999999999995,0.5607138752937317,0.13033192484313735,0.472999233007431,0.0792354152410675
0.05319792912520755,1.4367041355443517,582.8,59.076335247594756,356.20000000000005,0.3982128620147705,0.15353803948183534,0.5022196829319,0.0773530417346201
0.06174275861718716,1.4367041355443517,558.8,66.51135317117097,380.20000000000005,0.29936798214912413,0.1215858070215829,0.5316521108150483,0.06960975919677873
0.07028758810916677,1.4367041355443517,525.8,86.73162877805196,413.20000000000005,0.15494017601013182,0.06871162279719015,0.5484274327754974,0.06766593836708866
0.07883241760114638,1.4367041355443517,511.8,88.01170777107552,427.2,0.1457614302635193,0.06886545641184208,0.5543504297733307,0.06696638009941513
0.087377247093126,1.4367041355443517,505.6,87.88007462586694,433.4,0.1417725682258606,0.0697273552292358,0.5537043809890747,0.06685629748867565
0.0959220765851056,1.4367041355443517,494.0,83.2707395482207,445.0,0.1356244206428528,0.06991474279908869,0.5644879221916199,0.060952325338388735
0.10446690607708521,1.4367041355443517,460.1,73.09366281216826,478.9,0.12657458782196046,0.06712482270159327,0.583863627910614,0.0602342089912955
0.11301173556906483,1.4367041355443517,449.2,77.53902772670563,489.8,0.12230806350708008,0.07151961773920748,0.5882940232753754,0.05710448319151523
0.12155656506104442,1.4367041355443517,435.4,75.82048314859233,503.6,0.11040928363800048,0.07480005948743067,0.5847675442695618,0.060211951476628285
0.13010139455302405,1.4367041355443517,426.0,79.12737034702329,513.0,0.10144181251525879,0.07839328845087044,0.5887876570224762,0.0589758951787012
0.13864622404500365,1.4367041355443517,414.4,77.62580209234758,524.6,0.08935517072677612,0.07642742736318413,0.5860077023506165,0.05650842971700973
0.14719105353698325,1.4367041355443517,399.7,77.11714818493554,539.3,0.08569210767745972,0.0805199548284098,0.5890777289867402,0.05208169720059333
0.15573588302896288,1.4367041355443517,389.7,80.03693342337762,549.3,0.10355345010757447,0.06307860555093976,0.5911060869693756,0.05403684328389222
0.16428071252094248,1.4367041355443517,376.7,82.98349095201257,562.3,0.1019948422908783,0.06778365899261878,0.59373859167099,0.05287668850169168
0.1728255420129221,1.4367041355443517,364.5,87.4292771143803,574.5,0.06983893513679504,0.048637418910312105,0.5902589976787567,0.05387596376395238
0.1813703715049017,1.4367041355443517,352.6,83.26268180103186,586.4,0.06208736300468445,0.05096258435509971,0.5949469923973083,0.052529061930799786
0.1899152009968813,1.4367041355443517,333.8,77.78429588305133,605.2,0.0594841480255127,0.05175775519073246,0.6033294081687928,0.0544361818056451
0.19846003048886093,1.4367041355443517,314.7,82.03802351156926,624.3,0.0493219792842865,0.05142344544671655,0.6059249222278595,0.05575469267421446
0.20700485998084053,1.4367041355443517,279.4,94.47779920792219,659.6,0.04734251499176025,0.05629823678929076,0.6154918968677521,0.05787964249216673
0.21554968947282013,1.4367041355443517,254.1,107.47690962728484,684.9,0.014144986867904663,0.10581591195897558,0.6187710106372833,0.05920881360122104
0.22409451896479976,1.4367041355443517,230.4,104.48249580972248,708.6,0.05014694333076477,0.08727382412873588,0.6220349073410034,0.05661254565000484
0.23263934845677936,1.4367041355443517,206.6,106.95653011218779,732.4,-25.602277725934982,58.05799098216566,0.6240846633911132,0.0556151960491821
0.24118417794875896,1.4367041355443517,190.5,103.72387345577496,748.5,0.05492151379585266,0.04827989288741781,0.6253570318222046,0.054805523549667175
0.2497290074407386,1.4367041355443517,167.5,103.05292205401621,771.5,0.07019941806793213,0.08425388853323501,0.6248837411403656,0.050621171154580986
0.2582738369327182,1.4367041355443517,150.9,102.26321035806555,788.1,0.059724241495132446,0.08010877633609328,0.6276331424713135,0.04836169012088807
0.2668186664246978,1.4367041355443517,119.4,94.0664562143493,819.6,0.03607672452926636,0.051998130155933964,0.6363835275173187,0.05032566391625117
0.2753634959166774,1.4367041355443517,95.7,90.46180791940807,843.3,0.05704213976860047,0.07512897467464828,0.6401721477508545,0.04895957280978316
0.283908325408657,1.4367041355443517,80.9,89.13489302330667,858.1,-4.755194538831711,10.821338262249723,0.6428872406482696,0.0498595042973716
0.2924531549006366,1.4367041355443517,74.1,86.60543620765338,864.9,0.02134581208229065,0.03905502528014626,0.6430074214935303,0.05028926638462153
0.30099798439261627,1.4367041355443517,64.3,75.25431494966716,874.7,0.02214488387107849,0.03907896474852097,0.6452620804309845,0.0511757835059103
0.30954281388459587,1.4367041355443517,57.3,66.54318998541184,881.7,0.019688397645950317,0.03701707230459822,0.6468814432621002,0.05221606736849412
0.31808764337657547,1.4367041355443517,32.9,40.472949719258,906.1,0.034044915437698366,0.040213769556477034,0.6440204501152038,0.05146287583423256
0.32663247286855507,1.4367041355443517,12.0,27.14588595424919,927.0,0.013830876350402832,0.03128761600461313,0.6432584941387176,0.05109574612459228
0.33517730236053467,1.4367041355443517,0.1,0.2262157162854099,938.9,0.0,0.0,0.6415634632110596,0.050858050557652135
0.0019289521733298898,1.4772885121237467,890.0,17.834574422469746,49.0,0.6366420745849609,0.05131523288737342,0.2949376404285431,0.12377674990203175
0.0104737816653095,1.4772885121237467,822.8,18.714480442045467,116.20000000000005,0.6462041676044464,0.05332459348585823,0.3157779276371002,0.0722217300927627
0.01901861115728911,1.4772885121237467,770.4,25.04589290503145,168.60000000000002,0.6576416492462158,0.06010912194276613,0.33501917719841,0.05482882163180345
0.02756344064926872,1.4772885121237467,728.5,22.349100219576837,210.5,0.6507271111011506,0.06020605592919816,0.3624104082584381,0.07841484654960788
0.03610827014124833,1.4772885121237467,678.4,32.98615076152874,260.6,0.6143202126026154,0.10497350119912291,0.425618451833725,0.06257915165532109
0.044653099633227944,1.4772885121237467,617.2,57.04026283184114,321.79999999999995,0.5607138752937317,0.13033192484313735,0.472999233007431,0.0792354152410675
0.05319792912520755,1.4772885121237467,582.8,59.076335247594756,356.20000000000005,0.3982128620147705,0.15353803948183534,0.5022196829319,0.0773530417346201
0.06174275861718716,1.4772885121237467,558.8,66.51135317117097,380.20000000000005,0.29936798214912413,0.1215858070215829,0.5316521108150483,0.06960975919677873
0.07028758810916677,1.4772885121237467,525.8,86.73162877805196,413.20000000000005,0.15494017601013182,0.06871162279719015,0.5484274327754974,0.06766593836708866
0.07883241760114638,1.4772885121237467,511.8,88.01170777107552,427.2,0.1457614302635193,0.06886545641184208,0.5543504297733307,0.06696638009941513
0.087377247093126,1.4772885121237467,505.6,87.88007462586694,433.4,0.1417725682258606,0.0697273552292358,0.5537043809890747,0.06685629748867565
0.0959220765851056,1.4772885121237467,494.0,83.2707395482207,445.0,0.1356244206428528,0.06991474279908869,0.5644879221916199,0.060952325338388735
0.10446690607708521,1.4772885121237467,460.1,73.09366281216826,478.9,0.12657458782196046,0.06712482270159327,0.583863627910614,0.0602342089912955
0.11301173556906483,1.4772885121237467,449.2,77.53902772670563,489.8,0.12230806350708008,0.07151961773920748,0.5882940232753754,0.05710448319151523
0.12155656506104442,1.4772885121237467,435.4,75.82048314859233,503.6,0.11040928363800048,0.07480005948743067,0.5847675442695618,0.060211951476628285
0.13010139455302405,1.4772885121237467,426.0,79.12737034702329,513.0,0.10144181251525879,0.07839328845087044,0.5887876570224762,0.0589758951787012
0.13864622404500365,1.4772885121237467,414.4,77.62580209234758,524.6,0.08935517072677612,0.07642742736318413,0.5860077023506165,0.05650842971700973
0.14719105353698325,1.4772885121237467,399.7,77.11714818493554,539.3,0.08569210767745972,0.0805199548284098,0.5890777289867402,0.05208169720059333
0.15573588302896288,1.4772885121237467,389.7,80.03693342337762,549.3,0.10355345010757447,0.06307860555093976,0.5911060869693756,0.05403684328389222
0.16428071252094248,1.4772885121237467,376.7,82.98349095201257,562.3,0.1019948422908783,0.06778365899261878,0.59373859167099,0.05287668850169168
0.1728255420129221,1.4772885121237467,364.5,87.4292771143803,574.5,0.06983893513679504,0.048637418910312105,0.5902589976787567,0.05387596376395238
0.1813703715049017,1.4772885121237467,352.6,83.26268180103186,586.4,0.06208736300468445,0.05096258435509971,0.5949469923973083,0.052529061930799786
0.1899152009968813,1.4772885121237467,333.8,77.78429588305133,605.2,0.0594841480255127,0.05175775519073246,0.6033294081687928,0.0544361818056451
0.19846003048886093,1.4772885121237467,314.7,82.03802351156926,624.3,0.0493219792842865,0.05142344544671655,0.6059249222278595,0.05575469267421446
0.20700485998084053,1.4772885121237467,279.4,94.47779920792219,659.6,0.04734251499176025,0.05629823678929076,0.6154918968677521,0.05787964249216673
0.21554968947282013,1.4772885121237467,254.1,107.47690962728484,684.9,0.014144986867904663,0.10581591195897558,0.6187710106372833,0.05920881360122104
0.22409451896479976,1.4772885121237467,230.4,104.48249580972248,708.6,0.05014694333076477,0.08727382412873588,0.6220349073410034,0.05661254565000484
0.23263934845677936,1.4772885121237467,206.6,106.95653011218779,732.4,-25.602277725934982,58.05799098216566,0.6240846633911132,0.0556151960491821
0.24118417794875896,1.4772885121237467,190.5,103.72387345577496,748.5,0.05492151379585266,0.04827989288741781,0.6253570318222046,0.054805523549667175
0.2497290074407386,1.4772885121237467,167.5,103.05292205401621,771.5,0.07019941806793213,0.08425388853323501,0.6248837411403656,0.050621171154580986
0.2582738369327182,1.4772885121237467,150.9,102.26321035806555,788.1,0.059724241495132446,0.08010877633609328,0.6276331424713135,0.04836169012088807
0.2668186664246978,1.4772885121237467,119.4,94.0664562143493,819.6,0.03607672452926636,0.051998130155933964,0.6363835275173187,0.05032566391625117
0.2753634959166774,1.4772885121237467,95.7,90.46180791940807,843.3,0.05704213976860047,0.07512897467464828,0.6401721477508545,0.04895957280978316
0.283908325408657,1.4772885121237467,80.9,89.13489302330667,858.1,-4.755194538831711,10.821338262249723,0.6428872406482696,0.0498595042973716
0.2924531549006366,1.4772885121237467,74.1,86.60543620765338,864.9,0.02134581208229065,0.03905502528014626,0.6430074214935303,0.05028926638462153
0.30099798439261627,1.4772885121237467,64.3,75.25431494966716,874.7,0.02214488387107849,0.03907896474852097,0.6452620804309845,0.0511757835059103
0.30954281388459587,1.4772885121237467,57.3,66.54318998541184,881.7,0.019688397645950317,0.03701707230459822,0.6468814432621002,0.05221606736849412
0.31808764337657547,1.4772885121237467,32.9,40.472949719258,906.1,0.034044915437698366,0.040213769556477034,0.6440204501152038,0.05146287583423256
0.32663247286855507,1.4772885121237467,12.0,27.14588595424919,927.0,0.013830876350402832,0.03128761600461313,0.6432584941387176,0.05109574612459228
0.33517730236053467,1.4772885121237467,0.1,0.2262157162854099,938.9,0.0,0.0,0.6415634632110596,0.050858050557652135
0.0019289521733298898,1.5178728887031416,903.6,15.250511471375823,35.39999999999998,0.6364368081092835,0.05002202924939111,0.23923300504684447,0.1358055339079833
0.0104737816653095,1.5178728887031416,828.8,17.257094741409453,110.20000000000005,0.646114033460617,0.052311313634844335,0.32422425746917727,0.07444504460281763
0.01901861115728911,1.5178728887031416,773.9,24.36289469595279,165.10000000000002,0.6574481785297394,0.06000803713142771,0.3322788834571838,0.05876462015347877
0.02756344064926872,1.5178728887031416,729.3,22.002442403883304,209.70000000000005,0.6495108127593994,0.059353795488359985,0.36476544141769407,0.07762537970132301
0.03610827014124833,1.5178728887031416,679.0,32.3944275769714,260.0,0.6136127233505249,0.10435111509688123,0.4260783135890961,0.0620228961268861
0.044653099633227944,1.5178728887031416,617.2,57.04026283184114,321.79999999999995,0.5607138752937317,0.13033192484313735,0.472999233007431,0.0792354152410675
0.05319792912520755,1.5178728887031416,582.8,59.076335247594756,356.20000000000005,0.3982128620147705,0.15353803948183534,0.5022196829319,0.0773530417346201
0.06174275861718716,1.5178728887031416,558.8,66.51135317117097,380.20000000000005,0.29936798214912413,0.1215858070215829,0.5316521108150483,0.06960975919677873
0.07028758810916677,1.5178728887031416,525.8,86.73162877805196,413.20000000000005,0.15494017601013182,0.06871162279719015,0.5484274327754974,0.06766593836708866
0.07883241760114638,1.5178728887031416,511.8,88.01170777107552,427.2,0.1457614302635193,0.06886545641184208,0.5543504297733307,0.06696638009941513
0.087377247093126,1.5178728887031416,505.6,87.88007462586694,433.4,0.1417725682258606,0.0697273552292358,0.5537043809890747,0.06685629748867565
0.0959220765851056,1.5178728887031416,494.0,83.2707395482207,445.0,0.1356244206428528,0.06991474279908869,0.5644879221916199,0.060952325338388735
0.10446690607708521,1.5178728887031416,460.1,73.09366281216826,478.9,0.12657458782196046,0.06712482270159327,0.583863627910614,0.0602342089912955
0.11301173556906483,1.5178728887031416,449.2,77.53902772670563,489.8,0.12230806350708008,0.07151961773920748,0.5882940232753754,0.05710448319151523
0.12155656506104442,1.5178728887031416,435.4,75.82048314859233,503.6,0.11040928363800048,0.07480005948743067,0.5847675442695618,0.060211951476628285
0.13010139455302405,1.5178728887031416,426.0,79.12737034702329,513.0,0.10144181251525879,0.07839328845087044,0.5887876570224762,0.0589758951787012
0.13864622404500365,1.5178728887031416,414.4,77.62580209234758,524.6,0.08935517072677612,0.07642742736318413,0.5860077023506165,0.05650842971700973
0.14719105353698325,1.5178728887031416,399.7,77.11714818493554,539.3,0.08569210767745972,0.0805199548284098,0.5890777289867402,0.05208169720059333
0.15573588302896288,1.5178728887031416,389.7,80.03693342337762,549.3,0.10355345010757447,0.06307860555093976,0.5911060869693756,0.05403684328389222
0.16428071252094248,1.5178728887031416,376.7,82.98349095201257,562.3,0.1019948422908783,0.06778365899261878,0.59373859167099,0.05287668850169168
0.1728255420129221,1.5178728887031416,364.5,87.4292771143803,574.5,0.06983893513679504,0.048637418910312105,0.5902589976787567,0.05387596376395238
0.1813703715049017,1.5178728887031416,352.6,83.26268180103186,586.4,0.06208736300468445,0.05096258435509971,0.5949469923973083,0.052529061930799786
0.1899152009968813,1.5178728887031416,333.8,77.78429588305133,605.2,0.0594841480255127,0.05175775519073246,0.6033294081687928,0.0544361818056451
0.19846003048886093,1.5178728887031416,314.7,82.03802351156926,624.3,0.0493219792842865,0.05142344544671655,0.6059249222278595,0.05575469267421446
0.20700485998084053,1.5178728887031416,279.4,94.47779920792219,659.6,0.04734251499176025,0.05629823678929076,0.6154918968677521,0.05787964249216673
0.21554968947282013,1.5178728887031416,254.1,107.47690962728484,684.9,0.014144986867904663,0.10581591195897558,0.6187710106372833,0.05920881360122104
0.22409451896479976,1.5178728887031416,230.4,104.48249580972248,708.6,0.05014694333076477,0.08727382412873588,0.6220349073410034,0.05661254565000484
0.23263934845677936,1.5178728887031416,206.6,106.95653011218779,732.4,-25.602277725934982,58.05799098216566,0.6240846633911132,0.0556151960491821
0.24118417794875896,1.5178728887031416,190.5,103.72387345577496,748.5,0.05492151379585266,0.04827989288741781,0.6253570318222046,0.054805523549667175
0.2497290074407386,1.5178728887031416,167.5,103.05292205401621,771.5,0.07019941806793213,0.08425388853323501,0.6248837411403656,0.050621171154580986
0.2582738369327182,1.5178728887031416,150.9,102.26321035806555,788.1,0.059724241495132446,0.08010877633609328,0.6276331424713135,0.04836169012088807
0.2668186664246978,1.5178728887031416,119.4,94.0664562143493,819.6,0.03607672452926636,0.051998130155933964,0.6363835275173187,0.05032566391625117
0.2753634959166774,1.5178728887031416,95.7,90.46180791940807,843.3,0.05704213976860047,0.07512897467464828,0.6401721477508545,0.04895957280978316
0.283908325408657,1.5178728887031416,80.9,89.13489302330667,858.1,-4.755194538831711,10.821338262249723,0.6428872406482696,0.0498595042973716
0.2924531549006366,1.5178728887031416,74.1,86.60543620765338,864.9,0.02134581208229065,0.03905502528014626,0.6430074214935303,0.05028926638462153
0.30099798439261627,1.5178728887031416,64.3,75.25431494966716,874.7,0.02214488387107849,0.03907896474852097,0.6452620804309845,0.0511757835059103
0.30954281388459587,1.5178728887031416,57.3,66.54318998541184,881.7,0.019688397645950317,0.03701707230459822,0.6468814432621002,0.05221606736849412
0.31808764337657547,1.5178728887031416,32.9,40.472949719258,906.1,0.034044915437698366,0.040213769556477034,0.6440204501152038,0.05146287583423256
0.32663247286855507,1.5178728887031416,12.0,27.14588595424919,927.0,0.013830876350402832,0.03128761600461313,0.6432584941387176,0.05109574612459228
0.33517730236053467,1.5178728887031416,0.1,0.2262157162854099,938.9,0.0,0.0,0.6415634632110596,0.050858050557652135
0.0019289521733298898,1.5584572652825366,917.5,13.744660411857165,21.5,0.6388905823230744,0.050207611307435944,0.09495431184768677,0.2662205585171911
0.0104737816653095,1.5584572652825366,840.7,14.087062933490431,98.29999999999995,0.6480358421802521,0.052793621178161707,0.3126835286617279,0.08392565378641693
0.01901861115728911,1.5584572652825366,781.5,24.868300209489334,157.5,0.6582175433635712,0.06030438814392176,0.32704296708106995,0.05817212211160246
0.02756344064926872,1.5584572652825366,736.1,24.17311314069975,202.89999999999998,0.64983771443367,0.05957984434691965,0.3630060970783234,0.07817188487209373
0.03610827014124833,1.5584572652825366,682.3,29.52006754676214,256.70000000000005,0.6141344487667084,0.10478464327062341,0.4235966861248016,0.06064435190194366
0.044653099633227944,1.5584572652825366,617.2,57.04026283184114,321.79999999999995,0.5607138752937317,0.13033192484313735,0.472999233007431,0.0792354152410675
0.05319792912520755,1.5584572652825366,582.8,59.076335247594756,356.20000000000005,0.3982128620147705,0.15353803948183534,0.5022196829319,0.0773530417346201
0.06174275861718716,1.5584572652825366,558.8,66.51135317117097,380.20000000000005,0.29936798214912413,0.1215858070215829,0.5316521108150483,0.06960975919677873
0.07028758810916677,1.5584572652825366,525.8,86.73162877805196,413.20000000000005,0.15494017601013182,0.06871162279719015,0.5484274327754974,0.06766593836708866
0.07883241760114638,1.5584572652825366,511.8,88.01170777107552,427.2,0.1457614302635193,0.06886545641184208,0.5543504297733307,0.06696638009941513
0.087377247093126,1.5584572652825366,505.6,87.88007462586694,433.4,0.1417725682258606,0.0697273552292358,0.5537043809890747,0.06685629748867565
0.0959220765851056,1.5584572652825366,494.0,83.2707395482207,445.0,0.1356244206428528,0.06991474279908869,0.5644879221916199,0.060952325338388735
0.10446690607708521,1.5584572652825366,460.1,73.09366281216826,478.9,0.12657458782196046,0.06712482270159327,0.583863627910614,0.0602342089912955
0.11301173556906483,1.5584572652825366,449.2,77.53902772670563,489.8,0.12230806350708008,0.07151961773920748,0.5882940232753754,0.05710448319151523
0.12155656506104442,1.5584572652825366,435.4,75.82048314859233,503.6,0.11040928363800048,0.07480005948743067,0.5847675442695618,0.060211951476628285
0.13010139455302405,1.5584572652825366,426.0,79.12737034702329,513.0,0.10144181251525879,0.07839328845087044,0.5887876570224762,0.0589758951787012
0.13864622404500365,1.5584572652825366,414.4,77.62580209234758,524.6,0.08935517072677612,0.07642742736318413,0.5860077023506165,0.05650842971700973
0.14719105353698325,1.5584572652825366,399.7,77.11714818493554,539.3,0.08569210767745972,0.0805199548284098,0.5890777289867402,0.05208169720059333
0.15573588302896288,1.5584572652825366,389.7,80.03693342337762,549.3,0.10355345010757447,0.06307860555093976,0.5911060869693756,0.05403684328389222
0.16428071252094248,1.5584572652825366,376.7,82.98349095201257,562.3,0.1019948422908783,0.06778365899261878,0.59373859167099,0.05287668850169168
0.1728255420129221,1.5584572652825366,364.5,87.4292771143803,574.5,0.06983893513679504,0.048637418910312105,0.5902589976787567,0.05387596376395238
0.1813703715049017,1.5584572652825366,352.6,83.26268180103186,586.4,0.06208736300468445,0.05096258435509971,0.5949469923973083,0.052529061930799786
0.1899152009968813,1.5584572652825366,333.8,77.78429588305133,605.2,0.0594841480255127,0.05175775519073246,0.6033294081687928,0.0544361818056451
0.19846003048886093,1.5584572652825366,314.7,82.03802351156926,624.3,0.0493219792842865,0.05142344544671655,0.6059249222278595,0.05575469267421446
0.20700485998084053,1.5584572652825366,279.4,94.47779920792219,659.6,0.04734251499176025,0.05629823678929076,0.6154918968677521,0.05787964249216673
0.21554968947282013,1.5584572652825366,254.1,107.47690962728484,684.9,0.014144986867904663,0.10581591195897558,0.6187710106372833,0.05920881360122104
0.22409451896479976,1.5584572652825366,230.4,104.48249580972248,708.6,0.05014694333076477,0.08727382412873588,0.6220349073410034,0.05661254565000484
0.23263934845677936,1.5584572652825366,206.6,106.95653011218779,732.4,-25.602277725934982,58.05799098216566,0.6240846633911132,0.0556151960491821
0.24118417794875896,1.5584572652825366,190.5,103.72387345577496,748.5,0.05492151379585266,0.04827989288741781,0.6253570318222046,0.054805523549667175
0.2497290074407386,1.5584572652825366,167.5,103.05292205401621,771.5,0.07019941806793213,0.08425388853323501,0.6248837411403656,0.050621171154580986
0.2582738369327182,1.5584572652825366,150.9,102.26321035806555,788.1,0.059724241495132446,0.08010877633609328,0.6276331424713135,0.04836169012088807
0.2668186664246978,1.5584572652825366,119.4,94.0664562143493,819.6,0.03607672452926636,0.051998130155933964,0.6363835275173187,0.05032566391625117
0.2753634959166774,1.5584572652825366,95.7,90.46180791940807,843.3,0.05704213976860047,0.07512897467464828,0.6401721477508545,0.04895957280978316
0.283908325408657,1.5584572652825366,80.9,89.13489302330667,858.1,-4.755194538831711,10.821338262249723,0.6428872406482696,0.0498595042973716
0.2924531549006366,1.5584572652825366,74.1,86.60543620765338,864.9,0.02134581208229065,0.03905502528014626,0.6430074214935303,0.05028926638462153
0.30099798439261627,1.5584572652825366,64.3,75.25431494966716,874.7,0.02214488387107849,0.03907896474852097,0.6452620804309845,0.0511757835059103
0.30954281388459587,1.5584572652825366,57.3,66.54318998541184,881.7,0.019688397645950317,0.03701707230459822,0.6468814432621002,0.05221606736849412
0.31808764337657547,1.5584572652825366,32.9,40.472949719258,906.1,0.034044915437698366,0.040213769556477034,0.6440204501152038,0.05146287583423256
0.32663247286855507,1.5584572652825366,12.0,27.14588595424919,927.0,0.013830876350402832,0.03128761600461313,0.6432584941387176,0.05109574612459228
0.33517730236053467,1.5584572652825366,0.1,0.2262157162854099,938.9,0.0,0.0,0.6415634632110596,0.050858050557652135
0.0019289521733298898,1.5990416418619315,921.3,13.64001360046171,17.700000000000045,0.640214067697525,0.050074243470934796,0.13839278221130372,0.2122933476468538
0.0104737816653095,1.5990416418619315,843.1,14.934996947898982,95.89999999999998,0.6489888608455658,0.052919899867087714,0.30800719261169435,0.08458438101092478
0.01901861115728911,1.5990416418619315,782.9,25.13936475305815,156.10000000000002,0.6587683975696563,0.06068663091470806,0.32165286540985105,0.05838133220450567
0.02756344064926872,1.5990416418619315,736.9,24.567415615478968,202.10000000000002,0.6502365827560425,0.059879564840098445,0.36046379804611206,0.07685285822372405
0.03610827014124833,1.5990416418619315,682.5,29.333025563382385,256.5,0.6143615365028381,0.10497820624664922,0.42299993634223937,0.06051501335153114
0.044653099633227944,1.5990416418619315,617.2,57.04026283184114,321.79999999999995,0.5607138752937317,0.13033192484313735,0.472999233007431,0.0792354152410675
0.05319792912520755,1.5990416418619315,582.8,59.076335247594756,356.20000000000005,0.3982128620147705,0.15353803948183534,0.5022196829319,0.0773530417346201
0.06174275861718716,1.5990416418619315,558.8,66.51135317117097,380.20000000000005,0.29936798214912413,0.1215858070215829,0.5316521108150483,0.06960975919677873
0.07028758810916677,1.5990416418619315,525.8,86.73162877805196,413.20000000000005,0.15494017601013182,0.06871162279719015,0.5484274327754974,0.06766593836708866
0.07883241760114638,1.5990416418619315,511.8,88.01170777107552,427.2,0.1457614302635193,0.06886545641184208,0.5543504297733307,0.06696638009941513
0.087377247093126,1.5990416418619315,505.6,87.88007462586694,433.4,0.1417725682258606,0.0697273552292358,0.5537043809890747,0.06685629748867565
0.0959220765851056,1.5990416418619315,494.0,83.2707395482207,445.0,0.1356244206428528,0.06991474279908869,0.5644879221916199,0.060952325338388735
0.10446690607708521,1.5990416418619315,460.1,73.09366281216826,478.9,0.12657458782196046,0.06712482270159327,0.583863627910614,0.0602342089912955
0.11301173556906483,1.5990416418619315,449.2,77.53902772670563,489.8,0.12230806350708008,0.07151961773920748,0.5882940232753754,0.05710448319151523
0.12155656506104442,1.5990416418619315,435.4,75.82048314859233,503.6,0.11040928363800048,0.07480005948743067,0.5847675442695618,0.060211951476628285
0.13010139455302405,1.5990416418619315,426.0,79.12737034702329,513.0,0.10144181251525879,0.07839328845087044,0.5887876570224762,0.0589758951787012
0.13864622404500365,1.5990416418619315,414.4,77.62580209234758,524.6,0.08935517072677612,0.07642742736318413,0.5860077023506165,0.05650842971700973
0.14719105353698325,1.5990416418619315,399.7,77.11714818493554,539.3,0.08569210767745972,0.0805199548284098,0.5890777289867402,0.05208169720059333
0.15573588302896288,1.5990416418619315,389.7,80.03693342337762,549.3,0.10355345010757447,0.06307860555093976,0.5911060869693756,0.05403684328389222
0.16428071252094248,1.5990416418619315,376.7,82.98349095201257,562.3,0.1019948422908783,0.06778365899261878,0.59373859167099,0.05287668850169168
0.1728255420129221,1.5990416418619315,364.5,87.4292771143803,574.5,0.06983893513679504,0.048637418910312105,0.5902589976787567,0.05387596376395238
0.1813703715049017,1.5990416418619315,352.6,83.26268180103186,586.4,0.06208736300468445,0.05096258435509971,0.5949469923973083,0.052529061930799786
0.1899152009968813,1.5990416418619315,333.8,77.78429588305133,605.2,0.0594841480255127,0.05175775519073246,0.6033294081687928,0.0544361818056451
0.19846003048886093,1.5990416418619315,314.7,82.03802351156926,624.3,0.0493219792842865,0.05142344544671655,0.6059249222278595,0.05575469267421446
0.20700485998084053,1.5990416418619315,279.4,94.47779920792219,659.6,0.04734251499176025,0.05629823678929076,0.6154918968677521,0.05787964249216673
0.21554968947282013,1.5990416418619315,254.1,107.47690962728484,684.9,0.014144986867904663,0.10581591195897558,0.6187710106372833,0.05920881360122104
0.22409451896479976,1.5990416418619315,230.4,104.48249580972248,708.6,0.05014694333076477,0.08727382412873588,0.6220349073410034,0.05661254565000484
0.23263934845677936,1.5990416418619315,206.6,106.95653011218779,732.4,-25.602277725934982,58.05799098216566,0.6240846633911132,0.0556151960491821
0.24118417794875896,1.5990416418619315,190.5,103.72387345577496,748.5,0.05492151379585266,0.04827989288741781,0.6253570318222046,0.054805523549667175
0.2497290074407386,1.5990416418619315,167.5,103.05292205401621,771.5,0.07019941806793213,0.08425388853323501,0.6248837411403656,0.050621171154580986
0.2582738369327182,1.5990416418619315,150.9,102.26321035806555,788.1,0.059724241495132446,0.08010877633609328,0.6276331424713135,0.04836169012088807
0.2668186664246978,1.5990416418619315,119.4,94.0664562143493,819.6,0.03607672452926636,0.051998130155933964,0.6363835275173187,0.05032566391625117
0.2753634959166774,1.5990416418619315,95.7,90.46180791940807,843.3,0.05704213976860047,0.07512897467464828,0.6401721477508545,0.04895957280978316
0.283908325408657,1.5990416418619315,80.9,89.13489302330667,858.1,-4.755194538831711,10.821338262249723,0.6428872406482696,0.0498595042973716
0.2924531549006366,1.5990416418619315,74.1,86.60543620765338,864.9,0.02134581208229065,0.03905502528014626,0.6430074214935303,0.05028926638462153
0.30099798439261627,1.5990416418619315,64.3,75.25431494966716,874.7,0.02214488387107849,0.03907896474852097,0.6452620804309845,0.0511757835059103
0.30954281388459587,1.5990416418619315,57.3,66.54318998541184,881.7,0.019688397645950317,0.03701707230459822,0.6468814432621002,0.05221606736849412
0.31808764337657547,1.5990416418619315,32.9,40.472949719258,906.1,0.034044915437698366,0.040213769556477034,0.6440204501152038,0.05146287583423256
0.32663247286855507,1.5990416418619315,12.0,27.14588595424919,927.0,0.013830876350402832,0.03128761600461313,0.6432584941387176,0.05109574612459228
0.33517730236053467,1.5990416418619315,0.1,0.2262157162854099,938.9,0.0,0.0,0.6415634632110596,0.050858050557652135
0.0019289521733298898,1.6396260184413265,928.5,11.407145414120993,10.5,0.6398029506206513,0.0506771703475409,0.08014671206474304,0.2157234393255245
0.0104737816653095,1.6396260184413265,848.6,16.709365350213243,90.39999999999998,0.6474565207958222,0.05233550059275896,0.30109562873840334,0.09216175663081996
0.01901861115728911,1.6396260184413265,787.6,22.331156747246105,151.39999999999998,0.6563837647438049,0.0593782613842472,0.31926692724227906,0.06320578609960113
0.02756344064926872,1.6396260184413265,741.0,22.95095664741676,198.0,0.647134679555893,0.058597327060562976,0.3642413318157196,0.07518598915839278
0.03610827014124833,1.6396260184413265,684.2,27.989059500252228,254.79999999999995,0.6146614015102386,0.10523709893386769,0.42098236083984375,0.060299896746973586
0.044653099633227944,1.6396260184413265,617.2,57.04026283184114,321.79999999999995,0.5607138752937317,0.13033192484313735,0.472999233007431,0.0792354152410675
0.05319792912520755,1.6396260184413265,582.8,59.076335247594756,356.20000000000005,0.3982128620147705,0.15353803948183534,0.5022196829319,0.0773530417346201
0.06174275861718716,1.6396260184413265,558.8,66.51135317117097,380.20000000000005,0.29936798214912413,0.1215858070215829,0.5316521108150483,0.06960975919677873
0.07028758810916677,1.6396260184413265,525.8,86.73162877805196,413.20000000000005,0.15494017601013182,0.06871162279719015,0.5484274327754974,0.06766593836708866
0.07883241760114638,1.6396260184413265,511.8,88.01170777107552,427.2,0.1457614302635193,0.06886545641184208,0.5543504297733307,0.06696638009941513
0.087377247093126,1.6396260184413265,505.6,87.88007462586694,433.4,0.1417725682258606,0.0697273552292358,0.5537043809890747,0.06685629748867565
0.0959220765851056,1.6396260184413265,494.0,83.2707395482207,445.0,0.1356244206428528,0.06991474279908869,0.5644879221916199,0.060952325338388735
0.10446690607708521,1.6396260184413265,460.1,73.09366281216826,478.9,0.12657458782196046,0.06712482270159327,0.583863627910614,0.0602342089912955
0.11301173556906483,1.6396260184413265,449.2,77.53902772670563,489.8,0.12230806350708008,0.07151961773920748,0.5882940232753754,0.05710448319151523
0.12155656506104442,1.6396260184413265,435.4,75.82048314859233,503.6,0.11040928363800048,0.07480005948743067,0.5847675442695618,0.060211951476628285
0.13010139455302405,1.6396260184413265,426.0,79.12737034702329,513.0,0.10144181251525879,0.07839328845087044,0.5887876570224762,0.0589758951787012
0.13864622404500365,1.6396260184413265,414.4,77.62580209234758,524.6,0.08935517072677612,0.07642742736318413,0.5860077023506165,0.05650842971700973
0.14719105353698325,1.6396260184413265,399.7,77.11714818493554,539.3,0.08569210767745972,0.0805199548284098,0.5890777289867402,0.05208169720059333
0.15573588302896288,1.6396260184413265,389.7,80.03693342337762,549.3,0.10355345010757447,0.06307860555093976,0.5911060869693756,0.05403684328389222
0.16428071252094248,1.6396260184413265,376.7,82.98349095201257,562.3,0.1019948422908783,0.06778365899261878,0.59373859167099,0.05287668850169168
0.1728255420129221,1.6396260184413265,364.5,87.4292771143803,574.5,0.06983893513679504,0.048637418910312105,0.5902589976787567,0.05387596376395238
0.1813703715049017,1.6396260184413265,352.6,83.26268180103186,586.4,0.06208736300468445,0.05096258435509971,0.5949469923973083,0.052529061930799786
0.1899152009968813,1.6396260184413265,333.8,77.78429588305133,605.2,0.0594841480255127,0.05175775519073246,0.6033294081687928,0.0544361818056451
0.19846003048886093,1.6396260184413265,314.7,82.03802351156926,624.3,0.0493219792842865,0.05142344544671655,0.6059249222278595,0.05575469267421446
0.20700485998084053,1.6396260184413265,279.4,94.47779920792219,659.6,0.04734251499176025,0.05629823678929076,0.6154918968677521,0.05787964249216673
0.21554968947282013,1.6396260184413265,254.1,107.47690962728484,684.9,0.014144986867904663,0.10581591195897558,0.6187710106372833,0.05920881360122104
0.22409451896479976,1.6396260184413265,230.4,104.48249580972248,708.6,0.05014694333076477,0.08727382412873588,0.6220349073410034,0.05661254565000484
0.23263934845677936,1.6396260184413265,206.6,106.95653011218779,732.4,-25.602277725934982,58.05799098216566,0.6240846633911132,0.0556151960491821
0.24118417794875896,1.6396260184413265,190.5,103.72387345577496,748.5,0.05492151379585266,0.04827989288741781,0.6253570318222046,0.054805523549667175
0.2497290074407386,1.6396260184413265,167.5,103.05292205401621,771.5,0.07019941806793213,0.08425388853323501,0.6248837411403656,0.050621171154580986
0.2582738369327182,1.6396260184413265,150.9,102.26321035806555,788.1,0.059724241495132446,0.08010877633609328,0.6276331424713135,0.04836169012088807
0.2668186664246978,1.6396260184413265,119.4,94.0664562143493,819.6,0.03607672452926636,0.051998130155933964,0.6363835275173187,0.05032566391625117
0.2753634959166774,1.6396260184413265,95.7,90.46180791940807,843.3,0.05704213976860047,0.07512897467464828,0.6401721477508545,0.04895957280978316
0.283908325408657,1.6396260184413265,80.9,89.13489302330667,858.1,-4.755194538831711,10.821338262249723,0.6428872406482696,0.0498595042973716
0.2924531549006366,1.6396260184413265,74.1,86.60543620765338,864.9,0.02134581208229065,0.03905502528014626,0.6430074214935303,0.05028926638462153
0.30099798439261627,1.6396260184413265,64.3,75.25431494966716,874.7,0.02214488387107849,0.03907896474852097,0.6452620804309845,0.0511757835059103
0.30954281388459587,1.6396260184413265,57.3,66.54318998541184,881.7,0.019688397645950317,0.03701707230459822,0.6468814432621002,0.05221606736849412
0.31808764337657547,1.6396260184413265,32.9,40.472949719258,906.1,0.034044915437698366,0.040213769556477034,0.6440204501152038,0.05146287583423256
0.32663247286855507,1.6396260184413265,12.0,27.14588595424919,927.0,0.013830876350402832,0.03128761600461313,0.6432584941387176,0.05109574612459228
0.33517730236053467,1.6396260184413265,0.1,0.2262157162854099,938.9,0.0,0.0,0.6415634632110596,0.050858050557652135
0.0019289521733298898,1.6802103950207214,930.5,11.64394600340955,8.5,0.6409373223781586,0.05034428888139357,-0.48157216906547545,1.3924808182229005
0.0104737816653095,1.6802103950207214,850.6,16.253983583125525,88.39999999999998,0.6488963723182678,0.05175524987533988,0.29356303811073303,0.09349097666673523
0.01901861115728911,1.6802103950207214,788.5,22.154900960621514,150.5,0.657160896062851,0.059643294360862756,0.31560640335083007,0.0640566561775545
0.02756344064926872,1.6802103950207214,741.4,22.724892205952834,197.60000000000002,0.6471050262451172,0.058488084843935306,0.3636882543563843,0.07503558751349859
0.03610827014124833,1.6802103950207214,684.2,27.989059500252228,254.79999999999995,0.6146614015102386,0.10523709893386769,0.42098236083984375,0.060299896746973586
0.044653099633227944,1.6802103950207214,617.2,57.04026283184114,321.79999999999995,0.5607138752937317,0.13033192484313735,0.472999233007431,0.0792354152410675
0.05319792912520755,1.6802103950207214,582.8,59.076335247594756,356.20000000000005,0.3982128620147705,0.15353803948183534,0.5022196829319,0.0773530417346201
0.06174275861718716,1.6802103950207214,558.8,66.51135317117097,380.20000000000005,0.29936798214912413,0.1215858070215829,0.5316521108150483,0.06960975919677873
0.07028758810916677,1.6802103950207214,525.8,86.73162877805196,413.20000000000005,0.15494017601013182,0.06871162279719015,0.5484274327754974,0.06766593836708866
0.07883241760114638,1.6802103950207214,511.8,88.01170777107552,427.2,0.1457614302635193,0.06886545641184208,0.5543504297733307,0.06696638009941513
0.087377247093126,1.6802103950207214,505.6,87.88007462586694,433.4,0.1417725682258606,0.0697273552292358,0.5537043809890747,0.06685629748867565
0.0959220765851056,1.6802103950207214,494.0,83.2707395482207,445.0,0.1356244206428528,0.06991474279908869,0.5644879221916199,0.060952325338388735
0.10446690607708521,1.6802103950207214,460.1,73.09366281216826,478.9,0.12657458782196046,0.06712482270159327,0.583863627910614,0.0602342089912955
0.11301173556906483,1.6802103950207214,449.2,77.53902772670563,489.8,0.12230806350708008,0.07151961773920748,0.5882940232753754,0.05710448319151523
0.12155656506104442,1.6802103950207214,435.4,75.82048314859233,503.6,0.11040928363800048,0.07480005948743067,0.5847675442695618,0.060211951476628285
0.13010139455302405,1.6802103950207214,426.0,79.12737034702329,513.0,0.10144181251525879,0.07839328845087044,0.5887876570224762,0.0589758951787012
0.13864622404500365,1.6802103950207214,414.4,77.62580209234758,524.6,0.08935517072677612,0.07642742736318413,0.5860077023506165,0.05650842971700973
0.14719105353698325,1.6802103950207214,399.7,77.11714818493554,539.3,0.08569210767745972,0.0805199548284098,0.5890777289867402,0.05208169720059333
0.15573588302896288,1.6802103950207214,389.7,80.03693342337762,549.3,0.10355345010757447,0.06307860555093976,0.5911060869693756,0.05403684328389222
0.16428071252094248,1.6802103950207214,376.7,82.98349095201257,562.3,0.1019948422908783,0.06778365899261878,0.59373859167099,0.05287668850169168
0.1728255420129221,1.6802103950207214,364.5,87.4292771143803,574.5,0.06983893513679504,0.048637418910312105,0.5902589976787567,0.05387596376395238
0.1813703715049017,1.6802103950207214,352.6,83.26268180103186,586.4,0.06208736300468445,0.05096258435509971,0.5949469923973083,0.052529061930799786
0.1899152009968813,1.6802103950207214,333.8,77.78429588305133,605.2,0.0594841480255127,0.05175775519073246,0.6033294081687928,0.0544361818056451
0.19846003048886093,1.6802103950207214,314.7,82.03802351156926,624.3,0.0493219792842865,0.05142344544671655,0.6059249222278595,0.05575469267421446
0.20700485998084053,1.6802103950207214,279.4,94.47779920792219,659.6,0.04734251499176025,0.05629823678929076,0.6154918968677521,0.05787964249216673
0.21554968947282013,1.6802103950207214,254.1,107.47690962728484,684.9,0.014144986867904663,0.10581591195897558,0.6187710106372833,0.05920881360122104
0.22409451896479976,1.6802103950207214,230.4,104.48249580972248,708.6,0.05014694333076477,0.08727382412873588,0.6220349073410034,0.05661254565000484
0.23263934845677936,1.6802103950207214,206.6,106.95653011218779,732.4,-25.602277725934982,58.05799098216566,0.6240846633911132,0.0556151960491821
0.24118417794875896,1.6802103950207214,190.5,103.72387345577496,748.5,0.05492151379585266,0.04827989288741781,0.6253570318222046,0.054805523549667175
0.2497290074407386,1.6802103950207214,167.5,103.05292205401621,771.5,0.07019941806793213,0.08425388853323501,0.6248837411403656,0.050621171154580986
0.2582738369327182,1.6802103950207214,150.9,102.26321035806555,788.1,0.059724241495132446,0.08010877633609328,0.6276331424713135,0.04836169012088807
0.2668186664246978,1.6802103950207214,119.4,94.0664562143493,819.6,0.03607672452926636,0.051998130155933964,0.6363835275173187,0.05032566391625117
0.2753634959166774,1.6802103950207214,95.7,90.46180791940807,843.3,0.05704213976860047,0.07512897467464828,0.6401721477508545,0.04895957280978316
0.283908325408657,1.6802103950207214,80.9,89.13489302330667,858.1,-4.755194538831711,10.821338262249723,0.6428872406482696,0.0498595042973716
0.2924531549006366,1.6802103950207214,74.1,86.60543620765338,864.9,0.02134581208229065,0.03905502528014626,0.6430074214935303,0.05028926638462153
0.30099798439261627,1.6802103950207214,64.3,75.25431494966716,874.7,0.02214488387107849,0.03907896474852097,0.6452620804309845,0.0511757835059103
0.30954281388459587,1.6802103950207214,57.3,66.54318998541184,881.7,0.019688397645950317,0.03701707230459822,0.6468814432621002,0.05221606736849412
0.31808764337657547,1.6802103950207214,32.9,40.472949719258,906.1,0.034044915437698366,0.040213769556477034,0.6440204501152038,0.05146287583423256
0.32663247286855507,1.6802103950207214,12.0,27.14588595424919,927.0,0.013830876350402832,0.03128761600461313,0.6432584941387176,0.05109574612459228
0.33517730236053467,1.6802103950207214,0.1,0.2262157162854099,938.9,0.0,0.0,0.6415634632110596,0.050858050557652135
0.0019289521733298898,1.7207947716001164,938.6,1.8222499332174897,0.39999999999997726,0.6412524521350861,0.05087399411536507,-0.570643299818039,1.4258842543702495
0.0104737816653095,1.7207947716001164,857.9,18.00733307339677,81.10000000000002,0.6497808575630188,0.052254710501043244,0.2906434118747711,0.09715483094881085
0.01901861115728911,1.7207947716001164,793.9,27.367946796586224,145.10000000000002,0.6576557219028473,0.0593010989822156,0.30720524191856385,0.06702932500869023
0.02756344064926872,1.7207947716001164,741.4,22.724892205952834,197.60000000000002,0.6471050262451172,0.058488084843935306,0.3636882543563843,0.07503558751349859
0.03610827014124833,1.7207947716001164,684.2,27.989059500252228,254.79999999999995,0.6146614015102386,0.10523709893386769,0.42098236083984375,0.060299896746973586
0.044653099633227944,1.7207947716001164,617.2,57.04026283184114,321.79999999999995,0.5607138752937317,0.13033192484313735,0.472999233007431,0.0792354152410675
0.05319792912520755,1.7207947716001164,582.8,59.076335247594756,356.20000000000005,0.3982128620147705,0.15353803948183534,0.5022196829319,0.0773530417346201
0.06174275861718716,1.7207947716001164,558.8,66.51135317117097,380.20000000000005,0.29936798214912413,0.1215858070215829,0.5316521108150483,0.06960975919677873
0.07028758810916677,1.7207947716001164,525.8,86.73162877805196,413.20000000000005,0.15494017601013182,0.06871162279719015,0.5484274327754974,0.06766593836708866
0.07883241760114638,1.7207947716001164,511.8,88.01170777107552,427.2,0.1457614302635193,0.06886545641184208,0.5543504297733307,0.06696638009941513
0.087377247093126,1.7207947716001164,505.6,87.88007462586694,433.4,0.1417725682258606,0.0697273552292358,0.5537043809890747,0.06685629748867565
0.0959220765851056,1.7207947716001164,494.0,83.2707395482207,445.0,0.1356244206428528,0.06991474279908869,0.5644879221916199,0.060952325338388735
0.10446690607708521,1.7207947716001164,460.1,73.09366281216826,478.9,0.12657458782196046,0.06712482270159327,0.583863627910614,0.0602342089912955
0.11301173556906483,1.7207947716001164,449.2,77.53902772670563,489.8,0.12230806350708008,0.07151961773920748,0.5882940232753754,0.05710448319151523
0.12155656506104442,1.7207947716001164,435.4,75.82048314859233,503.6,0.11040928363800048,0.07480005948743067,0.5847675442695618,0.060211951476628285
0.13010139455302405,1.7207947716001164,426.0,79.12737034702329,513.0,0.10144181251525879,0.07839328845087044,0.5887876570224762,0.0589758951787012
0.13864622404500365,1.7207947716001164,414.4,77.62580209234758,524.6,0.08935517072677612,0.07642742736318413,0.5860077023506165,0.05650842971700973
0.14719105353698325,1.7207947716001164,399.7,77.11714818493554,539.3,0.08569210767745972,0.0805199548284098,0.5890777289867402,0.05208169720059333
0.15573588302896288,1.7207947716001164,389.7,80.03693342337762,549.3,0.10355345010757447,0.06307860555093976,0.5911060869693756,0.05403684328389222
0.16428071252094248,1.7207947716001164,376.7,82.98349095201257,562.3,0.1019948422908783,0.06778365899261878,0.59373859167099,0.05287668850169168
0.1728255420129221,1.7207947716001164,364.5,87.4292771143803,574.5,0.06983893513679504,0.048637418910312105,0.5902589976787567,0.05387596376395238
0.1813703715049017,1.7207947716001164,352.6,83.26268180103186,586.4,0.06208736300468445,0.05096258435509971,0.5949469923973083,0.052529061930799786
0.1899152009968813,1.7207947716001164,333.8,77.78429588305133,605.2,0.0594841480255127,0.05175775519073246,0.6033294081687928,0.0544361818056451
0.19846003048886093,1.7207947716001164,314.7,82.03802351156926,624.3,0.0493219792842865,0.05142344544671655,0.6059249222278595,0.05575469267421446
0.20700485998084053,1.7207947716001164,279.4,94.47779920792219,659.6,0.04734251499176025,0.05629823678929076,0.6154918968677521,0.05787964249216673
0.21554968947282013,1.7207947716001164,254.1,107.47690962728484,684.9,0.014144986867904663,0.10581591195897558,0.6187710106372833,0.05920881360122104
0.22409451896479976,1.7207947716001164,230.4,104.48249580972248,708.6,0.05014694333076477,0.08727382412873588,0.6220349073410034,0.05661254565000484
0.23263934845677936,1.7207947716001164,206.6,106.95653011218779,732.4,-25.602277725934982,58.05799098216566,0.6240846633911132,0.0556151960491821
0.24118417794875896,1.7207947716001164,190.5,103.72387345577496,748.5,0.05492151379585266,0.04827989288741781,0.6253570318222046,0.054805523549667175
0.2497290074407386,1.7207947716001164,167.5,103.05292205401621,771.5,0.07019941806793213,0.08425388853323501,0.6248837411403656,0.050621171154580986
0.2582738369327182,1.7207947716001164,150.9,102.26321035806555,788.1,0.059724241495132446,0.08010877633609328,0.6276331424713135,0.04836169012088807
0.2668186664246978,1.7207947716001164,119.4,94.0664562143493,819.6,0.03607672452926636,0.051998130155933964,0.6363835275173187,0.05032566391625117
0.2753634959166774,1.7207947716001164,95.7,90.46180791940807,843.3,0.05704213976860047,0.07512897467464828,0.6401721477508545,0.04895957280978316
0.283908325408657,1.7207947716001164,80.9,89.13489302330667,858.1,-4.755194538831711,10.821338262249723,0.6428872406482696,0.0498595042973716
0.2924531549006366,1.7207947716001164,74.1,86.60543620765338,864.9,0.02134581208229065,0.03905502528014626,0.6430074214935303,0.05028926638462153
0.30099798439261627,1.7207947716001164,64.3,75.25431494966716,874.7,0.02214488387107849,0.03907896474852097,0.6452620804309845,0.0511757835059103
0.30954281388459587,1.7207947716001164,57.3,66.54318998541184,881.7,0.019688397645950317,0.03701707230459822,0.6468814432621002,0.05221606736849412
0.31808764337657547,1.7207947716001164,32.9,40.472949719258,906.1,0.034044915437698366,0.040213769556477034,0.6440204501152038,0.05146287583423256
0.32663247286855507,1.7207947716001164,12.0,27.14588595424919,927.0,0.013830876350402832,0.03128761600461313,0.6432584941387176,0.05109574612459228
0.33517730236053467,1.7207947716001164,0.1,0.2262157162854099,938.9,0.0,0.0,0.6415634632110596,0.050858050557652135
0.0019289521733298898,1.7613791481795114,938.9,1.7986955185968183,0.10000000000002274,0.6414551496505737,0.050920186363124224,0.051813441514968875,0.11721014785520878
0.0104737816653095,1.7613791481795114,858.1,18.214540852281882,80.89999999999998,0.6499808669090271,0.052257687289876516,0.2901415765285492,0.09698314360098265
0.01901861115728911,1.7613791481795114,793.9,27.367946796586224,145.10000000000002,0.6576557219028473,0.0593010989822156,0.30720524191856385,0.06702932500869023
0.02756344064926872,1.7613791481795114,741.4,22.724892205952834,197.60000000000002,0.6471050262451172,0.058488084843935306,0.3636882543563843,0.07503558751349859
0.03610827014124833,1.7613791481795114,684.2,27.989059500252228,254.79999999999995,0.6146614015102386,0.10523709893386769,0.42098236083984375,0.060299896746973586
0.044653099633227944,1.7613791481795114,617.2,57.04026283184114,321.79999999999995,0.5607138752937317,0.13033192484313735,0.472999233007431,0.0792354152410675
0.05319792912520755,1.7613791481795114,582.8,59.076335247594756,356.20000000000005,0.3982128620147705,0.15353803948183534,0.5022196829319,0.0773530417346201
0.06174275861718716,1.7613791481795114,558.8,66.51135317117097,380.20000000000005,0.29936798214912413,0.1215858070215829,0.5316521108150483,0.06960975919677873
0.07028758810916677,1.7613791481795114,525.8,86.73162877805196,413.20000000000005,0.15494017601013182,0.06871162279719015,0.5484274327754974,0.06766593836708866
0.07883241760114638,1.7613791481795114,511.8,88.01170777107552,427.2,0.1457614302635193,0.06886545641184208,0.5543504297733307,0.06696638009941513
0.087377247093126,1.7613791481795114,505.6,87.88007462586694,433.4,0.1417725682258606,0.0697273552292358,0.5537043809890747,0.06685629748867565
0.0959220765851056,1.7613791481795114,494.0,83.2707395482207,445.0,0.1356244206428528,0.06991474279908869,0.5644879221916199,0.060952325338388735
0.10446690607708521,1.7613791481795114,460.1,73.09366281216826,478.9,0.12657458782196046,0.06712482270159327,0.583863627910614,0.0602342089912955
0.11301173556906483,1.7613791481795114,449.2,77.53902772670563,489.8,0.12230806350708008,0.07151961773920748,0.5882940232753754,0.05710448319151523
0.12155656506104442,1.7613791481795114,435.4,75.82048314859233,503.6,0.11040928363800048,0.07480005948743067,0.5847675442695618,0.060211951476628285
0.13010139455302405,1.7613791481795114,426.0,79.12737034702329,513.0,0.10144181251525879,0.07839328845087044,0.5887876570224762,0.0589758951787012
0.13864622404500365,1.7613791481795114,414.4,77.62580209234758,524.6,0.08935517072677612,0.07642742736318413,0.5860077023506165,0.05650842971700973
0.14719105353698325,1.7613791481795114,399.7,77.11714818493554,539.3,0.08569210767745972,0.0805199548284098,0.5890777289867402,0.05208169720059333
0.15573588302896288,1.7613791481795114,389.7,80.03693342337762,549.3,0.10355345010757447,0.06307860555093976,0.5911060869693756,0.05403684328389222
0.16428071252094248,1.7613791481795114,376.7,82.98349095201257,562.3,0.1019948422908783,0.06778365899261878,0.59373859167099,0.05287668850169168
0.1728255420129221,1.7613791481795114,364.5,87.4292771143803,574.5,0.06983893513679504,0.048637418910312105,0.5902589976787567,0.05387596376395238
0.1813703715049017,1.7613791481795114,352.6,83.26268180103186,586.4,0.06208736300468445,0.05096258435509971,0.5949469923973083,0.052529061930799786
0.1899152009968813,1.7613791481795114,333.8,77.78429588305133,605.2,0.0594841480255127,0.05175775519073246,0.6033294081687928,0.0544361818056451
0.19846003048886093,1.7613791481795114,314.7,82.03802351156926,624.3,0.0493219792842865,0.05142344544671655,0.6059249222278595,0.05575469267421446
0.20700485998084053,1.7613791481795114,279.4,94.47779920792219,659.6,0.04734251499176025,0.05629823678929076,0.6154918968677521,0.05787964249216673
0.21554968947282013,1.7613791481795114,254.1,107.47690962728484,684.9,0.014144986867904663,0.10581591195897558,0.6187710106372833,0.05920881360122104
0.22409451896479976,1.7613791481795114,230.4,104.48249580972248,708.6,0.05014694333076477,0.08727382412873588,0.6220349073410034,0.05661254565000484
0.23263934845677936,1.7613791481795114,206.6,106.95653011218779,732.4,-25.602277725934982,58.05799098216566,0.6240846633911132,0.0556151960491821
0.24118417794875896,1.7613791481795114,190.5,103.72387345577496,748.5,0.05492151379585266,0.04827989288741781,0.6253570318222046,0.054805523549667175
0.2497290074407386,1.7613791481795114,167.5,103.05292205401621,771.5,0.07019941806793213,0.08425388853323501,0.6248837411403656,0.050621171154580986
0.2582738369327182,1.7613791481795114,150.9,102.26321035806555,788.1,0.059724241495132446,0.08010877633609328,0.6276331424713135,0.04836169012088807
0.2668186664246978,1.7613791481795114,119.4,94.0664562143493,819.6,0.03607672452926636,0.051998130155933964,0.6363835275173187,0.05032566391625117
0.2753634959166774,1.7613791481795114,95.7,90.46180791940807,843.3,0.05704213976860047,0.07512897467464828,0.6401721477508545,0.04895957280978316
0.283908325408657,1.7613791481795114,80.9,89.13489302330667,858.1,-4.755194538831711,10.821338262249723,0.6428872406482696,0.0498595042973716
0.2924531549006366,1.7613791481795114,74.1,86.60543620765338,864.9,0.02134581208229065,0.03905502528014626,0.6430074214935303,0.05028926638462153
0.30099798439261627,1.7613791481795114,64.3,75.25431494966716,874.7,0.02214488387107849,0.03907896474852097,0.6452620804309845,0.0511757835059103
0.30954281388459587,1.7613791481795114,57.3,66.54318998541184,881.7,0.019688397645950317,0.03701707230459822,0.6468814432621002,0.05221606736849412
0.31808764337657547,1.7613791481795114,32.9,40.472949719258,906.1,0.034044915437698366,0.040213769556477034,0.6440204501152038,0.05146287583423256
0.32663247286855507,1.7613791481795114,12.0,27.14588595424919,927.0,0.013830876350402832,0.03128761600461313,0.6432584941387176,0.05109574612459228
0.33517730236053467,1.7613791481795114,0.1,0.2262157162854099,938.9,0.0,0.0,0.6415634632110596,0.050858050557652135
0.0019289521733298898,1.8019635247589065,939.5,0.6952019510772304,-0.5,0.6413949847221374,0.050850164306378856,0.02239105701446533,0.05065209000914726
0.0104737816653095,1.8019635247589065,858.2,18.159360068512708,80.79999999999995,0.6500550031661987,0.05215113165009591,0.2901398539543152,0.09698455543119572
0.01901861115728911,1.8019635247589065,793.9,27.367946796586224,145.10000000000002,0.6576557219028473,0.0593010989822156,0.30720524191856385,0.06702932500869023
0.02756344064926872,1.8019635247589065,741.4,22.724892205952834,197.60000000000002,0.6471050262451172,0.058488084843935306,0.3636882543563843,0.07503558751349859
0.03610827014124833,1.8019635247589065,684.2,27.989059500252228,254.79999999999995,0.6146614015102386,0.10523709893386769,0.42098236083984375,0.060299896746973586
0.044653099633227944,1.8019635247589065,617.2,57.04026283184114,321.79999999999995,0.5607138752937317,0.13033192484313735,0.472999233007431,0.0792354152410675
0.05319792912520755,1.8019635247589065,582.8,59.076335247594756,356.20000000000005,0.3982128620147705,0.15353803948183534,0.5022196829319,0.0773530417346201
0.06174275861718716,1.8019635247589065,558.8,66.51135317117097,380.20000000000005,0.29936798214912413,0.1215858070215829,0.5316521108150483,0.06960975919677873
0.07028758810916677,1.8019635247589065,525.8,86.73162877805196,413.20000000000005,0.15494017601013182,0.06871162279719015,0.5484274327754974,0.06766593836708866
0.07883241760114638,1.8019635247589065,511.8,88.01170777107552,427.2,0.1457614302635193,0.06886545641184208,0.5543504297733307,0.06696638009941513
0.087377247093126,1.8019635247589065,505.6,87.88007462586694,433.4,0.1417725682258606,0.0697273552292358,0.5537043809890747,0.06685629748867565
0.0959220765851056,1.8019635247589065,494.0,83.2707395482207,445.0,0.1356244206428528,0.06991474279908869,0.5644879221916199,0.060952325338388735
0.10446690607708521,1.8019635247589065,460.1,73.09366281216826,478.9,0.12657458782196046,0.06712482270159327,0.583863627910614,0.0602342089912955
0.11301173556906483,1.8019635247589065,449.2,77.53902772670563,489.8,0.12230806350708008,0.07151961773920748,0.5882940232753754,0.05710448319151523
0.12155656506104442,1.8019635247589065,435.4,75.82048314859233,503.6,0.11040928363800048,0.07480005948743067,0.5847675442695618,0.060211951476628285
0.13010139455302405,1.8019635247589065,426.0,79.12737034702329,513.0,0.10144181251525879,0.07839328845087044,0.5887876570224762,0.0589758951787012
0.13864622404500365,1.8019635247589065,414.4,77.62580209234758,524.6,0.08935517072677612,0.07642742736318413,0.5860077023506165,0.05650842971700973
0.14719105353698325,1.8019635247589065,399.7,77.11714818493554,539.3,0.08569210767745972,0.0805199548284098,0.5890777289867402,0.05208169720059333
0.15573588302896288,1.8019635247589065,389.7,80.03693342337762,549.3,0.10355345010757447,0.06307860555093976,0.5911060869693756,0.05403684328389222
0.16428071252094248,1.8019635247589065,376.7,82.98349095201257,562.3,0.1019948422908783,0.06778365899261878,0.59373859167099,0.05287668850169168
0.1728255420129221,1.8019635247589065,364.5,87.4292771143803,574.5,0.06983893513679504,0.048637418910312105,0.5902589976787567,0.05387596376395238
0.1813703715049017,1.8019635247589065,352.6,83.26268180103186,586.4,0.06208736300468445,0.05096258435509971,0.5949469923973083,0.052529061930799786
0.1899152009968813,1.8019635247589065,333.8,77.78429588305133,605.2,0.0594841480255127,0.05175775519073246,0.6033294081687928,0.0544361818056451
0.19846003048886093,1.8019635247589065,314.7,82.03802351156926,624.3,0.0493219792842865,0.05142344544671655,0.6059249222278595,0.05575469267421446
0.20700485998084053,1.8019635247589065,279.4,94.47779920792219,659.6,0.04734251499176025,0.05629823678929076,0.6154918968677521,0.05787964249216673
0.21554968947282013,1.8019635247589065,254.1,107.47690962728484,684.9,0.014144986867904663,0.10581591195897558,0.6187710106372833,0.05920881360122104
0.22409451896479976,1.8019635247589065,230.4,104.48249580972248,708.6,0.05014694333076477,0.08727382412873588,0.6220349073410034,0.05661254565000484
0.23263934845677936,1.8019635247589065,206.6,106.95653011218779,732.4,-25.602277725934982,58.05799098216566,0.6240846633911132,0.0556151960491821
0.24118417794875896,1.8019635247589065,190.5,103.72387345577496,748.5,0.05492151379585266,0.04827989288741781,0.6253570318222046,0.054805523549667175
0.2497290074407386,1.8019635247589065,167.5,103.05292205401621,771.5,0.07019941806793213,0.08425388853323501,0.6248837411403656,0.050621171154580986
0.2582738369327182,1.8019635247589065,150.9,102.26321035806555,788.1,0.059724241495132446,0.08010877633609328,0.6276331424713135,0.04836169012088807
0.2668186664246978,1.8019635247589065,119.4,94.0664562143493,819.6,0.03607672452926636,0.051998130155933964,0.6363835275173187,0.05032566391625117
0.2753634959166774,1.8019635247589065,95.7,90.46180791940807,843.3,0.05704213976860047,0.07512897467464828,0.6401721477508545,0.04895957280978316
0.283908325408657,1.8019635247589065,80.9,89.13489302330667,858.1,-4.755194538831711,10.821338262249723,0.6428872406482696,0.0498595042973716
0.2924531549006366,1.8019635247589065,74.1,86.60543620765338,864.9,0.02134581208229065,0.03905502528014626,0.6430074214935303,0.05028926638462153
0.30099798439261627,1.8019635247589065,64.3,75.25431494966716,874.7,0.02214488387107849,0.03907896474852097,0.6452620804309845,0.0511757835059103
0.30954281388459587,1.8019635247589065,57.3,66.54318998541184,881.7,0.019688397645950317,0.03701707230459822,0.6468814432621002,0.05221606736849412
0.31808764337657547,1.8019635247589065,32.9,40.472949719258,906.1,0.034044915437698366,0.040213769556477034,0.6440204501152038,0.05146287583423256
0.32663247286855507,1.8019635247589065,12.0,27.14588595424919,927.0,0.013830876350402832,0.03128761600461313,0.6432584941387176,0.05109574612459228
0.33517730236053467,1.8019635247589065,0.1,0.2262157162854099,938.9,0.0,0.0,0.6415634632110596,0.050858050557652135
0.0019289521733298898,1.8425479013383015,939.7,0.34555021442218187,-0.7000000000000455,0.6415782451629639,0.050858878708137205,0.0,0.0
0.0104737816653095,1.8425479013383015,858.2,18.159360068512708,80.79999999999995,0.6500550031661987,0.05215113165009591,0.2901398539543152,0.09698455543119572
0.01901861115728911,1.8425479013383015,793.9,27.367946796586224,145.10000000000002,0.6576557219028473,0.0593010989822156,0.30720524191856385,0.06702932500869023
0.02756344064926872,1.8425479013383015,741.4,22.724892205952834,197.60000000000002,0.6471050262451172,0.058488084843935306,0.3636882543563843,0.07503558751349859
0.03610827014124833,1.8425479013383015,684.2,27.989059500252228,254.79999999999995,0.6146614015102386,0.10523709893386769,0.42098236083984375,0.060299896746973586
0.044653099633227944,1.8425479013383015,617.2,57.04026283184114,321.79999999999995,0.5607138752937317,0.13033192484313735,0.472999233007431,0.0792354152410675
0.05319792912520755,1.8425479013383015,582.8,59.076335247594756,356.20000000000005,0.3982128620147705,0.15353803948183534,0.5022196829319,0.0773530417346201
0.06174275861718716,1.8425479013383015,558.8,66.51135317117097,380.20000000000005,0.29936798214912413,0.1215858070215829,0.5316521108150483,0.06960975919677873
0.07028758810916677,1.8425479013383015,525.8,86.73162877805196,413.20000000000005,0.15494017601013182,0.06871162279719015,0.5484274327754974,0.06766593836708866
0.07883241760114638,1.8425479013383015,511.8,88.01170777107552,427.2,0.1457614302635193,0.06886545641184208,0.5543504297733307,0.06696638009941513
0.087377247093126,1.8425479013383015,505.6,87.88007462586694,433.4,0.1417725682258606,0.0697273552292358,0.5537043809890747,0.06685629748867565
0.0959220765851056,1.8425479013383015,494.0,83.2707395482207,445.0,0.1356244206428528,0.06991474279908869,0.5644879221916199,0.060952325338388735
0.10446690607708521,1.8425479013383015,460.1,73.09366281216826,478.9,0.12657458782196046,0.06712482270159327,0.583863627910614,0.0602342089912955
0.11301173556906483,1.8425479013383015,449.2,77.53902772670563,489.8,0.12230806350708008,0.07151961773920748,0.5882940232753754,0.05710448319151523
0.12155656506104442,1.8425479013383015,435.4,75.82048314859233,503.6,0.11040928363800048,0.07480005948743067,0.5847675442695618,0.060211951476628285
0.13010139455302405,1.8425479013383015,426.0,79.12737034702329,513.0,0.10144181251525879,0.07839328845087044,0.5887876570224762,0.0589758951787012
0.13864622404500365,1.8425479013383015,414.4,77.62580209234758,524.6,0.08935517072677612,0.07642742736318413,0.5860077023506165,0.05650842971700973
0.14719105353698325,1.8425479013383015,399.7,77.11714818493554,539.3,0.08569210767745972,0.0805199548284098,0.5890777289867402,0.05208169720059333
0.15573588302896288,1.8425479013383015,389.7,80.03693342337762,549.3,0.10355345010757447,0.06307860555093976,0.5911060869693756,0.05403684328389222
0.16428071252094248,1.8425479013383015,376.7,82.98349095201257,562.3,0.1019948422908783,0.06778365899261878,0.59373859167099,0.05287668850169168
0.1728255420129221,1.8425479013383015,364.5,87.4292771143803,574.5,0.06983893513679504,0.048637418910312105,0.5902589976787567,0.05387596376395238
0.1813703715049017,1.8425479013383015,352.6,83.26268180103186,586.4,0.06208736300468445,0.05096258435509971,0.5949469923973083,0.052529061930799786
0.1899152009968813,1.8425479013383015,333.8,77.78429588305133,605.2,0.0594841480255127,0.05175775519073246,0.6033294081687928,0.0544361818056451
0.19846003048886093,1.8425479013383015,314.7,82.03802351156926,624.3,0.0493219792842865,0.05142344544671655,0.6059249222278595,0.05575469267421446
0.20700485998084053,1.8425479013383015,279.4,94.47779920792219,659.6,0.04734251499176025,0.05629823678929076,0.6154918968677521,0.05787964249216673
0.21554968947282013,1.8425479013383015,254.1,107.47690962728484,684.9,0.014144986867904663,0.10581591195897558,0.6187710106372833,0.05920881360122104
0.22409451896479976,1.8425479013383015,230.4,104.48249580972248,708.6,0.05014694333076477,0.08727382412873588,0.6220349073410034,0.05661254565000484
0.23263934845677936,1.8425479013383015,206.6,106.95653011218779,732.4,-25.602277725934982,58.05799098216566,0.6240846633911132,0.0556151960491821
0.24118417794875896,1.8425479013383015,190.5,103.72387345577496,748.5,0.05492151379585266,0.04827989288741781,0.6253570318222046,0.054805523549667175
0.2497290074407386,1.8425479013383015,167.5,103.05292205401621,771.5,0.07019941806793213,0.08425388853323501,0.6248837411403656,0.050621171154580986
0.2582738369327182,1.8425479013383015,150.9,102.26321035806555,788.1,0.059724241495132446,0.08010877633609328,0.6276331424713135,0.04836169012088807
0.2668186664246978,1.8425479013383015,119.4,94.0664562143493,819.6,0.03607672452926636,0.051998130155933964,0.6363835275173187,0.05032566391625117
0.2753634959166774,1.8425479013383015,95.7,90.46180791940807,843.3,0.05704213976860047,0.07512897467464828,0.6401721477508545,0.04895957280978316
0.283908325408657,1.8425479013383015,80.9,89.13489302330667,858.1,-4.755194538831711,10.821338262249723,0.6428872406482696,0.0498595042973716
0.2924531549006366,1.8425479013383015,74.1,86.60543620765338,864.9,0.02134581208229065,0.03905502528014626,0.6430074214935303,0.05028926638462153
0.30099798439261627,1.8425479013383015,64.3,75.25431494966716,874.7,0.02214488387107849,0.03907896474852097,0.6452620804309845,0.0511757835059103
0.30954281388459587,1.8425479013383015,57.3,66.54318998541184,881.7,0.019688397645950317,0.03701707230459822,0.6468814432621002,0.05221606736849412
0.31808764337657547,1.8425479013383015,32.9,40.472949719258,906.1,0.034044915437698366,0.040213769556477034,0.6440204501152038,0.05146287583423256
0.32663247286855507,1.8425479013383015,12.0,27.14588595424919,927.0,0.013830876350402832,0.03128761600461313,0.6432584941387176,0.05109574612459228
0.33517730236053467,1.8425479013383015,0.1,0.2262157162854099,938.9,0.0,0.0,0.6415634632110596,0.050858050557652135
